C:\Users\mohamedosama\AppData\Local\anaconda3\envs\deep_rl\lib\site-packages\gymnasium\core.py:311: UserWarning: [33mWARN: env.seed to get variables from other wrappers is deprecated and will be removed in v1.0, to get this variable you can do `env.unwrapped.seed` for environment variables or `env.get_wrapper_attr('seed')` that will search the reminding wrappers.[0m
  logger.warn(
--------------------------------------------------
Env:        Walker2d-v4
  ob_dim    = 17
  ac_dim    = 6
  max_action= 1.0
Logdir:     C:\Users\mohamedosama\Downloads\CS515-Deep-RL\TD3_algorithm\runs\td3_sweep_walker2d-v4_seed0_Walker2d-v4_11-05-2026_13-56-27
Rendering:  off
--------------------------------------------------
C:\Users\mohamedosama\AppData\Local\anaconda3\envs\deep_rl\lib\site-packages\gymnasium\core.py:311: UserWarning: [33mWARN: env.seed to get variables from other wrappers is deprecated and will be removed in v1.0, to get this variable you can do `env.unwrapped.seed` for environment variables or `env.get_wrapper_attr('seed')` that will search the reminding wrappers.[0m
  logger.warn(
---------------------------------------
Evaluation over 10 episodes: 8.791
---------------------------------------
Total T:      24 | Ep:    1 | Steps:   24 | Reward:     6.98
Total T:      38 | Ep:    2 | Steps:   14 | Reward:    -2.69
Total T:      61 | Ep:    3 | Steps:   23 | Reward:     7.95
Total T:      78 | Ep:    4 | Steps:   17 | Reward:    -0.12
Total T:      93 | Ep:    5 | Steps:   15 | Reward:    -0.15
Total T:     107 | Ep:    6 | Steps:   14 | Reward:     0.24
Total T:     128 | Ep:    7 | Steps:   21 | Reward:     1.30
Total T:     146 | Ep:    8 | Steps:   18 | Reward:    -1.11
Total T:     174 | Ep:    9 | Steps:   28 | Reward:     6.81
Total T:     203 | Ep:   10 | Steps:   29 | Reward:    12.88
Total T:     223 | Ep:   11 | Steps:   20 | Reward:     5.04
Total T:     247 | Ep:   12 | Steps:   24 | Reward:    -1.44
Total T:     264 | Ep:   13 | Steps:   17 | Reward:     3.87
Total T:     288 | Ep:   14 | Steps:   24 | Reward:     7.33
Total T:     304 | Ep:   15 | Steps:   16 | Reward:     5.73
Total T:     331 | Ep:   16 | Steps:   27 | Reward:     5.78
Total T:     360 | Ep:   17 | Steps:   29 | Reward:     3.42
Total T:     373 | Ep:   18 | Steps:   13 | Reward:    -0.99
Total T:     398 | Ep:   19 | Steps:   25 | Reward:     1.58
Total T:     416 | Ep:   20 | Steps:   18 | Reward:     4.02
Total T:     428 | Ep:   21 | Steps:   12 | Reward:    -1.78
Total T:     467 | Ep:   22 | Steps:   39 | Reward:    11.52
Total T:     493 | Ep:   23 | Steps:   26 | Reward:     5.25
Total T:     523 | Ep:   24 | Steps:   30 | Reward:    10.92
Total T:     545 | Ep:   25 | Steps:   22 | Reward:    -3.25
Total T:     558 | Ep:   26 | Steps:   13 | Reward:    -2.77
Total T:     582 | Ep:   27 | Steps:   24 | Reward:     8.60
Total T:     595 | Ep:   28 | Steps:   13 | Reward:    -3.18
Total T:     616 | Ep:   29 | Steps:   21 | Reward:     7.88
Total T:     641 | Ep:   30 | Steps:   25 | Reward:    -1.15
Total T:     666 | Ep:   31 | Steps:   25 | Reward:    -0.11
Total T:     696 | Ep:   32 | Steps:   30 | Reward:     6.49
Total T:     721 | Ep:   33 | Steps:   25 | Reward:    -0.58
Total T:     734 | Ep:   34 | Steps:   13 | Reward:     0.50
Total T:     746 | Ep:   35 | Steps:   12 | Reward:    -2.09
Total T:     775 | Ep:   36 | Steps:   29 | Reward:     6.54
Total T:     787 | Ep:   37 | Steps:   12 | Reward:     3.86
Total T:     797 | Ep:   38 | Steps:   10 | Reward:    -1.27
Total T:     815 | Ep:   39 | Steps:   18 | Reward:     3.87
Total T:     843 | Ep:   40 | Steps:   28 | Reward:    -0.30
Total T:     856 | Ep:   41 | Steps:   13 | Reward:    -1.35
Total T:     884 | Ep:   42 | Steps:   28 | Reward:     0.39
Total T:     902 | Ep:   43 | Steps:   18 | Reward:     4.51
Total T:     925 | Ep:   44 | Steps:   23 | Reward:    10.41
Total T:     953 | Ep:   45 | Steps:   28 | Reward:     4.14
Total T:     974 | Ep:   46 | Steps:   21 | Reward:     3.09
Total T:     995 | Ep:   47 | Steps:   21 | Reward:     9.64
Total T:    1009 | Ep:   48 | Steps:   14 | Reward:     1.36
Total T:    1028 | Ep:   49 | Steps:   19 | Reward:    -1.13
Total T:    1038 | Ep:   50 | Steps:   10 | Reward:    -3.88
Total T:    1060 | Ep:   51 | Steps:   22 | Reward:     5.46
Total T:    1087 | Ep:   52 | Steps:   27 | Reward:    14.92
Total T:    1104 | Ep:   53 | Steps:   17 | Reward:    -3.10
Total T:    1116 | Ep:   54 | Steps:   12 | Reward:    -0.75
Total T:    1135 | Ep:   55 | Steps:   19 | Reward:    -2.78
Total T:    1144 | Ep:   56 | Steps:    9 | Reward:    -2.15
Total T:    1165 | Ep:   57 | Steps:   21 | Reward:    -5.98
Total T:    1177 | Ep:   58 | Steps:   12 | Reward:    -1.49
Total T:    1198 | Ep:   59 | Steps:   21 | Reward:    -1.27
Total T:    1218 | Ep:   60 | Steps:   20 | Reward:     3.78
Total T:    1250 | Ep:   61 | Steps:   32 | Reward:     8.88
Total T:    1264 | Ep:   62 | Steps:   14 | Reward:     3.25
Total T:    1282 | Ep:   63 | Steps:   18 | Reward:     3.94
Total T:    1291 | Ep:   64 | Steps:    9 | Reward:    -4.85
Total T:    1308 | Ep:   65 | Steps:   17 | Reward:     5.40
Total T:    1319 | Ep:   66 | Steps:   11 | Reward:    -2.69
Total T:    1335 | Ep:   67 | Steps:   16 | Reward:     2.65
Total T:    1367 | Ep:   68 | Steps:   32 | Reward:    -5.52
Total T:    1384 | Ep:   69 | Steps:   17 | Reward:     3.91
Total T:    1420 | Ep:   70 | Steps:   36 | Reward:    21.78
Total T:    1447 | Ep:   71 | Steps:   27 | Reward:    -3.25
Total T:    1473 | Ep:   72 | Steps:   26 | Reward:     8.47
Total T:    1513 | Ep:   73 | Steps:   40 | Reward:    11.96
Total T:    1534 | Ep:   74 | Steps:   21 | Reward:    -0.63
Total T:    1555 | Ep:   75 | Steps:   21 | Reward:   -10.04
Total T:    1580 | Ep:   76 | Steps:   25 | Reward:     7.22
Total T:    1596 | Ep:   77 | Steps:   16 | Reward:     0.38
Total T:    1618 | Ep:   78 | Steps:   22 | Reward:     3.25
Total T:    1642 | Ep:   79 | Steps:   24 | Reward:    -7.44
Total T:    1661 | Ep:   80 | Steps:   19 | Reward:    -4.73
Total T:    1694 | Ep:   81 | Steps:   33 | Reward:    -8.46
Total T:    1718 | Ep:   82 | Steps:   24 | Reward:     8.42
Total T:    1747 | Ep:   83 | Steps:   29 | Reward:     5.47
Total T:    1774 | Ep:   84 | Steps:   27 | Reward:     9.91
Total T:    1792 | Ep:   85 | Steps:   18 | Reward:    -0.99
Total T:    1834 | Ep:   86 | Steps:   42 | Reward:    18.82
Total T:    1852 | Ep:   87 | Steps:   18 | Reward:     2.80
Total T:    1867 | Ep:   88 | Steps:   15 | Reward:    -1.62
Total T:    1887 | Ep:   89 | Steps:   20 | Reward:     5.38
Total T:    1911 | Ep:   90 | Steps:   24 | Reward:     9.25
Total T:    1940 | Ep:   91 | Steps:   29 | Reward:     7.68
Total T:    1977 | Ep:   92 | Steps:   37 | Reward:     5.64
Total T:    2006 | Ep:   93 | Steps:   29 | Reward:     7.54
Total T:    2036 | Ep:   94 | Steps:   30 | Reward:     3.27
Total T:    2053 | Ep:   95 | Steps:   17 | Reward:     1.60
Total T:    2076 | Ep:   96 | Steps:   23 | Reward:    -1.54
Total T:    2094 | Ep:   97 | Steps:   18 | Reward:     0.31
Total T:    2117 | Ep:   98 | Steps:   23 | Reward:     2.46
Total T:    2131 | Ep:   99 | Steps:   14 | Reward:     4.49
Total T:    2160 | Ep:  100 | Steps:   29 | Reward:     9.65
Total T:    2185 | Ep:  101 | Steps:   25 | Reward:     7.97
Total T:    2205 | Ep:  102 | Steps:   20 | Reward:     8.81
Total T:    2223 | Ep:  103 | Steps:   18 | Reward:     2.91
Total T:    2261 | Ep:  104 | Steps:   38 | Reward:    22.36
Total T:    2284 | Ep:  105 | Steps:   23 | Reward:    -1.07
Total T:    2298 | Ep:  106 | Steps:   14 | Reward:     0.52
Total T:    2309 | Ep:  107 | Steps:   11 | Reward:    -1.81
Total T:    2337 | Ep:  108 | Steps:   28 | Reward:    12.31
Total T:    2363 | Ep:  109 | Steps:   26 | Reward:    -1.90
Total T:    2378 | Ep:  110 | Steps:   15 | Reward:     0.62
Total T:    2397 | Ep:  111 | Steps:   19 | Reward:     6.14
Total T:    2408 | Ep:  112 | Steps:   11 | Reward:    -2.44
Total T:    2426 | Ep:  113 | Steps:   18 | Reward:     5.97
Total T:    2438 | Ep:  114 | Steps:   12 | Reward:     2.76
Total T:    2465 | Ep:  115 | Steps:   27 | Reward:     4.47
Total T:    2476 | Ep:  116 | Steps:   11 | Reward:    -1.98
Total T:    2489 | Ep:  117 | Steps:   13 | Reward:    -0.85
Total T:    2505 | Ep:  118 | Steps:   16 | Reward:    -2.31
Total T:    2521 | Ep:  119 | Steps:   16 | Reward:    -6.27
Total T:    2548 | Ep:  120 | Steps:   27 | Reward:     0.42
Total T:    2575 | Ep:  121 | Steps:   27 | Reward:     8.98
Total T:    2596 | Ep:  122 | Steps:   21 | Reward:    13.59
Total T:    2611 | Ep:  123 | Steps:   15 | Reward:    -3.48
Total T:    2627 | Ep:  124 | Steps:   16 | Reward:     6.14
Total T:    2637 | Ep:  125 | Steps:   10 | Reward:    -0.36
Total T:    2666 | Ep:  126 | Steps:   29 | Reward:     8.88
Total T:    2682 | Ep:  127 | Steps:   16 | Reward:     7.15
Total T:    2694 | Ep:  128 | Steps:   12 | Reward:    -0.19
Total T:    2719 | Ep:  129 | Steps:   25 | Reward:     4.65
Total T:    2731 | Ep:  130 | Steps:   12 | Reward:     1.03
Total T:    2791 | Ep:  131 | Steps:   60 | Reward:    11.36
Total T:    2800 | Ep:  132 | Steps:    9 | Reward:    -2.23
Total T:    2814 | Ep:  133 | Steps:   14 | Reward:    -4.91
Total T:    2825 | Ep:  134 | Steps:   11 | Reward:    -2.24
Total T:    2841 | Ep:  135 | Steps:   16 | Reward:     4.00
Total T:    2863 | Ep:  136 | Steps:   22 | Reward:    -1.91
Total T:    2879 | Ep:  137 | Steps:   16 | Reward:     4.30
Total T:    2902 | Ep:  138 | Steps:   23 | Reward:     0.67
Total T:    2921 | Ep:  139 | Steps:   19 | Reward:     1.81
Total T:    2941 | Ep:  140 | Steps:   20 | Reward:    -5.58
Total T:    2971 | Ep:  141 | Steps:   30 | Reward:     4.46
Total T:    2997 | Ep:  142 | Steps:   26 | Reward:     2.42
Total T:    3025 | Ep:  143 | Steps:   28 | Reward:     6.59
Total T:    3048 | Ep:  144 | Steps:   23 | Reward:     0.75
Total T:    3058 | Ep:  145 | Steps:   10 | Reward:    -2.66
Total T:    3076 | Ep:  146 | Steps:   18 | Reward:     7.43
Total T:    3105 | Ep:  147 | Steps:   29 | Reward:     9.51
Total T:    3122 | Ep:  148 | Steps:   17 | Reward:     4.00
Total T:    3145 | Ep:  149 | Steps:   23 | Reward:    -0.84
Total T:    3170 | Ep:  150 | Steps:   25 | Reward:     7.49
Total T:    3195 | Ep:  151 | Steps:   25 | Reward:    -4.15
Total T:    3209 | Ep:  152 | Steps:   14 | Reward:     1.43
Total T:    3227 | Ep:  153 | Steps:   18 | Reward:     4.43
Total T:    3240 | Ep:  154 | Steps:   13 | Reward:    -1.95
Total T:    3250 | Ep:  155 | Steps:   10 | Reward:    -1.33
Total T:    3282 | Ep:  156 | Steps:   32 | Reward:    -2.10
Total T:    3300 | Ep:  157 | Steps:   18 | Reward:     2.52
Total T:    3316 | Ep:  158 | Steps:   16 | Reward:     1.94
Total T:    3334 | Ep:  159 | Steps:   18 | Reward:    -6.49
Total T:    3352 | Ep:  160 | Steps:   18 | Reward:    -6.26
Total T:    3365 | Ep:  161 | Steps:   13 | Reward:    -1.21
Total T:    3383 | Ep:  162 | Steps:   18 | Reward:     4.67
Total T:    3399 | Ep:  163 | Steps:   16 | Reward:    -1.61
Total T:    3430 | Ep:  164 | Steps:   31 | Reward:    -0.49
Total T:    3459 | Ep:  165 | Steps:   29 | Reward:    -1.65
Total T:    3479 | Ep:  166 | Steps:   20 | Reward:    -8.91
Total T:    3495 | Ep:  167 | Steps:   16 | Reward:     4.95
Total T:    3516 | Ep:  168 | Steps:   21 | Reward:     0.66
Total T:    3531 | Ep:  169 | Steps:   15 | Reward:    -0.09
Total T:    3547 | Ep:  170 | Steps:   16 | Reward:     3.76
Total T:    3566 | Ep:  171 | Steps:   19 | Reward:     2.65
Total T:    3590 | Ep:  172 | Steps:   24 | Reward:    10.86
Total T:    3616 | Ep:  173 | Steps:   26 | Reward:     4.51
Total T:    3628 | Ep:  174 | Steps:   12 | Reward:    -1.14
Total T:    3642 | Ep:  175 | Steps:   14 | Reward:     0.34
Total T:    3661 | Ep:  176 | Steps:   19 | Reward:     4.90
Total T:    3685 | Ep:  177 | Steps:   24 | Reward:    -0.29
Total T:    3695 | Ep:  178 | Steps:   10 | Reward:    -1.49
Total T:    3716 | Ep:  179 | Steps:   21 | Reward:     3.17
Total T:    3731 | Ep:  180 | Steps:   15 | Reward:    -2.74
Total T:    3767 | Ep:  181 | Steps:   36 | Reward:    10.52
Total T:    3788 | Ep:  182 | Steps:   21 | Reward:     8.23
Total T:    3809 | Ep:  183 | Steps:   21 | Reward:     6.79
Total T:    3831 | Ep:  184 | Steps:   22 | Reward:     4.45
Total T:    3847 | Ep:  185 | Steps:   16 | Reward:     0.83
Total T:    3857 | Ep:  186 | Steps:   10 | Reward:    -2.18
Total T:    3878 | Ep:  187 | Steps:   21 | Reward:    -1.60
Total T:    3901 | Ep:  188 | Steps:   23 | Reward:    -3.24
Total T:    3923 | Ep:  189 | Steps:   22 | Reward:     3.37
Total T:    3957 | Ep:  190 | Steps:   34 | Reward:     8.04
Total T:    3980 | Ep:  191 | Steps:   23 | Reward:     6.23
Total T:    3991 | Ep:  192 | Steps:   11 | Reward:    -0.54
Total T:    4004 | Ep:  193 | Steps:   13 | Reward:    -1.72
Total T:    4018 | Ep:  194 | Steps:   14 | Reward:     4.83
Total T:    4031 | Ep:  195 | Steps:   13 | Reward:     2.64
Total T:    4047 | Ep:  196 | Steps:   16 | Reward:     4.25
Total T:    4067 | Ep:  197 | Steps:   20 | Reward:    -4.13
Total T:    4088 | Ep:  198 | Steps:   21 | Reward:    -1.80
Total T:    4104 | Ep:  199 | Steps:   16 | Reward:    -5.09
Total T:    4134 | Ep:  200 | Steps:   30 | Reward:     7.94
Total T:    4158 | Ep:  201 | Steps:   24 | Reward:    12.10
Total T:    4173 | Ep:  202 | Steps:   15 | Reward:    -2.15
Total T:    4183 | Ep:  203 | Steps:   10 | Reward:     0.80
Total T:    4193 | Ep:  204 | Steps:   10 | Reward:    -0.61
Total T:    4219 | Ep:  205 | Steps:   26 | Reward:    -3.65
Total T:    4235 | Ep:  206 | Steps:   16 | Reward:     1.41
Total T:    4272 | Ep:  207 | Steps:   37 | Reward:     0.27
Total T:    4288 | Ep:  208 | Steps:   16 | Reward:     5.28
Total T:    4305 | Ep:  209 | Steps:   17 | Reward:     2.39
Total T:    4333 | Ep:  210 | Steps:   28 | Reward:    12.49
Total T:    4348 | Ep:  211 | Steps:   15 | Reward:    -3.03
Total T:    4375 | Ep:  212 | Steps:   27 | Reward:    -1.40
Total T:    4406 | Ep:  213 | Steps:   31 | Reward:     8.89
Total T:    4426 | Ep:  214 | Steps:   20 | Reward:     1.87
Total T:    4448 | Ep:  215 | Steps:   22 | Reward:     0.81
Total T:    4474 | Ep:  216 | Steps:   26 | Reward:    -1.57
Total T:    4490 | Ep:  217 | Steps:   16 | Reward:     3.57
Total T:    4503 | Ep:  218 | Steps:   13 | Reward:    -3.83
Total T:    4522 | Ep:  219 | Steps:   19 | Reward:     5.32
Total T:    4535 | Ep:  220 | Steps:   13 | Reward:    -2.45
Total T:    4553 | Ep:  221 | Steps:   18 | Reward:     3.11
Total T:    4576 | Ep:  222 | Steps:   23 | Reward:    -4.34
Total T:    4598 | Ep:  223 | Steps:   22 | Reward:     9.88
Total T:    4609 | Ep:  224 | Steps:   11 | Reward:    -1.34
Total T:    4625 | Ep:  225 | Steps:   16 | Reward:     5.38
Total T:    4642 | Ep:  226 | Steps:   17 | Reward:     1.55
Total T:    4670 | Ep:  227 | Steps:   28 | Reward:     1.81
Total T:    4704 | Ep:  228 | Steps:   34 | Reward:     7.79
Total T:    4727 | Ep:  229 | Steps:   23 | Reward:    -0.16
Total T:    4748 | Ep:  230 | Steps:   21 | Reward:    -6.17
Total T:    4763 | Ep:  231 | Steps:   15 | Reward:    -2.92
Total T:    4795 | Ep:  232 | Steps:   32 | Reward:    13.52
Total T:    4807 | Ep:  233 | Steps:   12 | Reward:    -2.95
Total T:    4820 | Ep:  234 | Steps:   13 | Reward:    -5.71
Total T:    4838 | Ep:  235 | Steps:   18 | Reward:     5.91
Total T:    4852 | Ep:  236 | Steps:   14 | Reward:     1.99
Total T:    4868 | Ep:  237 | Steps:   16 | Reward:     2.03
Total T:    4886 | Ep:  238 | Steps:   18 | Reward:    -5.50
Total T:    4909 | Ep:  239 | Steps:   23 | Reward:    -2.46
Total T:    4923 | Ep:  240 | Steps:   14 | Reward:    -3.88
Total T:    4937 | Ep:  241 | Steps:   14 | Reward:    -2.08
Total T:    4950 | Ep:  242 | Steps:   13 | Reward:     1.72
Total T:    4967 | Ep:  243 | Steps:   17 | Reward:     2.99
Total T:    4986 | Ep:  244 | Steps:   19 | Reward:    -2.05
Total T:    5001 | Ep:  245 | Steps:   15 | Reward:     3.62
Total T:    5013 | Ep:  246 | Steps:   12 | Reward:    -0.64
Total T:    5034 | Ep:  247 | Steps:   21 | Reward:    -6.66
Total T:    5053 | Ep:  248 | Steps:   19 | Reward:     4.70
Total T:    5079 | Ep:  249 | Steps:   26 | Reward:     4.81
Total T:    5102 | Ep:  250 | Steps:   23 | Reward:    -0.52
Total T:    5120 | Ep:  251 | Steps:   18 | Reward:    -9.96
Total T:    5138 | Ep:  252 | Steps:   18 | Reward:     5.81
Total T:    5195 | Ep:  253 | Steps:   57 | Reward:    -6.06
Total T:    5211 | Ep:  254 | Steps:   16 | Reward:     0.04
Total T:    5224 | Ep:  255 | Steps:   13 | Reward:    -0.37
Total T:    5244 | Ep:  256 | Steps:   20 | Reward:    -4.00
Total T:    5263 | Ep:  257 | Steps:   19 | Reward:     6.61
Total T:    5275 | Ep:  258 | Steps:   12 | Reward:     2.51
Total T:    5286 | Ep:  259 | Steps:   11 | Reward:     1.02
Total T:    5312 | Ep:  260 | Steps:   26 | Reward:     7.77
Total T:    5325 | Ep:  261 | Steps:   13 | Reward:    -6.18
Total T:    5359 | Ep:  262 | Steps:   34 | Reward:    11.70
Total T:    5369 | Ep:  263 | Steps:   10 | Reward:     1.17
Total T:    5386 | Ep:  264 | Steps:   17 | Reward:     6.59
Total T:    5416 | Ep:  265 | Steps:   30 | Reward:     5.53
Total T:    5431 | Ep:  266 | Steps:   15 | Reward:     5.94
Total T:    5448 | Ep:  267 | Steps:   17 | Reward:     3.36
Total T:    5462 | Ep:  268 | Steps:   14 | Reward:     2.10
Total T:    5482 | Ep:  269 | Steps:   20 | Reward:     2.18
Total T:    5495 | Ep:  270 | Steps:   13 | Reward:    -2.37
Total T:    5512 | Ep:  271 | Steps:   17 | Reward:    -5.91
Total T:    5527 | Ep:  272 | Steps:   15 | Reward:     0.26
Total T:    5544 | Ep:  273 | Steps:   17 | Reward:     3.58
Total T:    5558 | Ep:  274 | Steps:   14 | Reward:     3.43
Total T:    5579 | Ep:  275 | Steps:   21 | Reward:     6.18
Total T:    5608 | Ep:  276 | Steps:   29 | Reward:     8.74
Total T:    5621 | Ep:  277 | Steps:   13 | Reward:    -0.60
Total T:    5648 | Ep:  278 | Steps:   27 | Reward:     9.13
Total T:    5668 | Ep:  279 | Steps:   20 | Reward:     4.37
Total T:    5690 | Ep:  280 | Steps:   22 | Reward:     2.60
Total T:    5733 | Ep:  281 | Steps:   43 | Reward:    21.76
Total T:    5762 | Ep:  282 | Steps:   29 | Reward:     0.82
Total T:    5783 | Ep:  283 | Steps:   21 | Reward:     8.65
Total T:    5818 | Ep:  284 | Steps:   35 | Reward:     5.66
Total T:    5844 | Ep:  285 | Steps:   26 | Reward:    -5.55
Total T:    5863 | Ep:  286 | Steps:   19 | Reward:    -8.47
Total T:    5875 | Ep:  287 | Steps:   12 | Reward:    -1.06
Total T:    5906 | Ep:  288 | Steps:   31 | Reward:     9.26
Total T:    5936 | Ep:  289 | Steps:   30 | Reward:    23.01
Total T:    5948 | Ep:  290 | Steps:   12 | Reward:    -1.14
Total T:    5958 | Ep:  291 | Steps:   10 | Reward:     0.29
Total T:    5976 | Ep:  292 | Steps:   18 | Reward:     7.54
Total T:    5990 | Ep:  293 | Steps:   14 | Reward:    -0.25
Total T:    6005 | Ep:  294 | Steps:   15 | Reward:     5.32
Total T:    6025 | Ep:  295 | Steps:   20 | Reward:     5.53
Total T:    6047 | Ep:  296 | Steps:   22 | Reward:     9.08
Total T:    6062 | Ep:  297 | Steps:   15 | Reward:     2.10
Total T:    6075 | Ep:  298 | Steps:   13 | Reward:     0.03
Total T:    6085 | Ep:  299 | Steps:   10 | Reward:    -5.71
Total T:    6103 | Ep:  300 | Steps:   18 | Reward:     3.44
Total T:    6118 | Ep:  301 | Steps:   15 | Reward:     1.68
Total T:    6132 | Ep:  302 | Steps:   14 | Reward:     3.82
Total T:    6169 | Ep:  303 | Steps:   37 | Reward:     2.73
Total T:    6180 | Ep:  304 | Steps:   11 | Reward:    -4.13
Total T:    6191 | Ep:  305 | Steps:   11 | Reward:    -0.30
Total T:    6209 | Ep:  306 | Steps:   18 | Reward:     7.66
Total T:    6225 | Ep:  307 | Steps:   16 | Reward:    -1.52
Total T:    6250 | Ep:  308 | Steps:   25 | Reward:     3.57
Total T:    6274 | Ep:  309 | Steps:   24 | Reward:    -3.69
Total T:    6294 | Ep:  310 | Steps:   20 | Reward:    -2.91
Total T:    6324 | Ep:  311 | Steps:   30 | Reward:     1.87
Total T:    6338 | Ep:  312 | Steps:   14 | Reward:    -6.25
Total T:    6349 | Ep:  313 | Steps:   11 | Reward:     0.78
Total T:    6363 | Ep:  314 | Steps:   14 | Reward:     3.26
Total T:    6385 | Ep:  315 | Steps:   22 | Reward:    -6.09
Total T:    6406 | Ep:  316 | Steps:   21 | Reward:     7.74
Total T:    6421 | Ep:  317 | Steps:   15 | Reward:    -1.72
Total T:    6432 | Ep:  318 | Steps:   11 | Reward:    -1.49
Total T:    6459 | Ep:  319 | Steps:   27 | Reward:     9.91
Total T:    6470 | Ep:  320 | Steps:   11 | Reward:     1.93
Total T:    6494 | Ep:  321 | Steps:   24 | Reward:     8.25
Total T:    6559 | Ep:  322 | Steps:   65 | Reward:     8.90
Total T:    6581 | Ep:  323 | Steps:   22 | Reward:     3.03
Total T:    6597 | Ep:  324 | Steps:   16 | Reward:    -2.11
Total T:    6613 | Ep:  325 | Steps:   16 | Reward:    -3.13
Total T:    6638 | Ep:  326 | Steps:   25 | Reward:     0.23
Total T:    6653 | Ep:  327 | Steps:   15 | Reward:     1.03
Total T:    6677 | Ep:  328 | Steps:   24 | Reward:     2.53
Total T:    6704 | Ep:  329 | Steps:   27 | Reward:     7.95
Total T:    6717 | Ep:  330 | Steps:   13 | Reward:    -3.42
Total T:    6737 | Ep:  331 | Steps:   20 | Reward:    -4.39
Total T:    6752 | Ep:  332 | Steps:   15 | Reward:    -2.28
Total T:    6765 | Ep:  333 | Steps:   13 | Reward:    -1.79
Total T:    6778 | Ep:  334 | Steps:   13 | Reward:    -0.94
Total T:    6800 | Ep:  335 | Steps:   22 | Reward:    -7.01
Total T:    6817 | Ep:  336 | Steps:   17 | Reward:     5.36
Total T:    6843 | Ep:  337 | Steps:   26 | Reward:    -0.28
Total T:    6857 | Ep:  338 | Steps:   14 | Reward:     3.37
Total T:    6871 | Ep:  339 | Steps:   14 | Reward:    -3.29
Total T:    6891 | Ep:  340 | Steps:   20 | Reward:     0.47
Total T:    6910 | Ep:  341 | Steps:   19 | Reward:     5.21
Total T:    6924 | Ep:  342 | Steps:   14 | Reward:    -1.70
Total T:    6942 | Ep:  343 | Steps:   18 | Reward:    -1.04
Total T:    6955 | Ep:  344 | Steps:   13 | Reward:     0.98
Total T:    6979 | Ep:  345 | Steps:   24 | Reward:    12.81
Total T:    6996 | Ep:  346 | Steps:   17 | Reward:    -3.00
Total T:    7015 | Ep:  347 | Steps:   19 | Reward:     6.68
Total T:    7034 | Ep:  348 | Steps:   19 | Reward:     4.85
Total T:    7048 | Ep:  349 | Steps:   14 | Reward:    -4.22
Total T:    7076 | Ep:  350 | Steps:   28 | Reward:    12.73
Total T:    7088 | Ep:  351 | Steps:   12 | Reward:     0.11
Total T:    7109 | Ep:  352 | Steps:   21 | Reward:     8.45
Total T:    7133 | Ep:  353 | Steps:   24 | Reward:     7.34
Total T:    7164 | Ep:  354 | Steps:   31 | Reward:     2.85
Total T:    7180 | Ep:  355 | Steps:   16 | Reward:    -6.65
Total T:    7206 | Ep:  356 | Steps:   26 | Reward:    -0.83
Total T:    7245 | Ep:  357 | Steps:   39 | Reward:    16.65
Total T:    7271 | Ep:  358 | Steps:   26 | Reward:     2.87
Total T:    7336 | Ep:  359 | Steps:   65 | Reward:    26.35
Total T:    7350 | Ep:  360 | Steps:   14 | Reward:     1.35
Total T:    7368 | Ep:  361 | Steps:   18 | Reward:    -0.34
Total T:    7405 | Ep:  362 | Steps:   37 | Reward:    11.96
Total T:    7420 | Ep:  363 | Steps:   15 | Reward:    -9.72
Total T:    7431 | Ep:  364 | Steps:   11 | Reward:    -1.95
Total T:    7461 | Ep:  365 | Steps:   30 | Reward:     4.41
Total T:    7479 | Ep:  366 | Steps:   18 | Reward:     1.33
Total T:    7503 | Ep:  367 | Steps:   24 | Reward:    -2.97
Total T:    7520 | Ep:  368 | Steps:   17 | Reward:    -1.29
Total T:    7566 | Ep:  369 | Steps:   46 | Reward:    27.47
Total T:    7585 | Ep:  370 | Steps:   19 | Reward:    -2.76
Total T:    7596 | Ep:  371 | Steps:   11 | Reward:     1.31
Total T:    7606 | Ep:  372 | Steps:   10 | Reward:    -1.70
Total T:    7642 | Ep:  373 | Steps:   36 | Reward:    12.69
Total T:    7663 | Ep:  374 | Steps:   21 | Reward:     6.25
Total T:    7697 | Ep:  375 | Steps:   34 | Reward:    12.00
Total T:    7705 | Ep:  376 | Steps:    8 | Reward:    -1.30
Total T:    7724 | Ep:  377 | Steps:   19 | Reward:     1.62
Total T:    7749 | Ep:  378 | Steps:   25 | Reward:    -2.09
Total T:    7761 | Ep:  379 | Steps:   12 | Reward:    -2.36
Total T:    7778 | Ep:  380 | Steps:   17 | Reward:     0.04
Total T:    7807 | Ep:  381 | Steps:   29 | Reward:     4.41
Total T:    7837 | Ep:  382 | Steps:   30 | Reward:     3.71
Total T:    7857 | Ep:  383 | Steps:   20 | Reward:     4.09
Total T:    7869 | Ep:  384 | Steps:   12 | Reward:    -5.12
Total T:    7887 | Ep:  385 | Steps:   18 | Reward:     1.67
Total T:    7972 | Ep:  386 | Steps:   85 | Reward:    26.46
Total T:    7991 | Ep:  387 | Steps:   19 | Reward:     4.79
Total T:    8003 | Ep:  388 | Steps:   12 | Reward:    -0.78
Total T:    8024 | Ep:  389 | Steps:   21 | Reward:    10.33
Total T:    8046 | Ep:  390 | Steps:   22 | Reward:    -3.78
Total T:    8070 | Ep:  391 | Steps:   24 | Reward:    -4.72
Total T:    8084 | Ep:  392 | Steps:   14 | Reward:     3.89
Total T:    8098 | Ep:  393 | Steps:   14 | Reward:    -4.18
Total T:    8123 | Ep:  394 | Steps:   25 | Reward:    -2.22
Total T:    8142 | Ep:  395 | Steps:   19 | Reward:    -0.84
Total T:    8160 | Ep:  396 | Steps:   18 | Reward:     6.52
Total T:    8181 | Ep:  397 | Steps:   21 | Reward:     3.44
Total T:    8211 | Ep:  398 | Steps:   30 | Reward:    -0.98
Total T:    8236 | Ep:  399 | Steps:   25 | Reward:    13.11
Total T:    8262 | Ep:  400 | Steps:   26 | Reward:     1.13
Total T:    8285 | Ep:  401 | Steps:   23 | Reward:     2.15
Total T:    8312 | Ep:  402 | Steps:   27 | Reward:    -4.30
Total T:    8351 | Ep:  403 | Steps:   39 | Reward:    15.01
Total T:    8364 | Ep:  404 | Steps:   13 | Reward:    -1.35
Total T:    8388 | Ep:  405 | Steps:   24 | Reward:    -4.46
Total T:    8415 | Ep:  406 | Steps:   27 | Reward:     2.64
Total T:    8429 | Ep:  407 | Steps:   14 | Reward:     2.62
Total T:    8445 | Ep:  408 | Steps:   16 | Reward:     5.42
Total T:    8462 | Ep:  409 | Steps:   17 | Reward:     5.41
Total T:    8486 | Ep:  410 | Steps:   24 | Reward:     4.25
Total T:    8502 | Ep:  411 | Steps:   16 | Reward:    -1.95
Total T:    8518 | Ep:  412 | Steps:   16 | Reward:     0.94
Total T:    8530 | Ep:  413 | Steps:   12 | Reward:    -1.19
Total T:    8550 | Ep:  414 | Steps:   20 | Reward:     7.07
Total T:    8565 | Ep:  415 | Steps:   15 | Reward:    -0.94
Total T:    8581 | Ep:  416 | Steps:   16 | Reward:    -7.85
Total T:    8615 | Ep:  417 | Steps:   34 | Reward:    -6.59
Total T:    8629 | Ep:  418 | Steps:   14 | Reward:    -0.27
Total T:    8643 | Ep:  419 | Steps:   14 | Reward:     5.91
Total T:    8666 | Ep:  420 | Steps:   23 | Reward:    -0.88
Total T:    8694 | Ep:  421 | Steps:   28 | Reward:     3.19
Total T:    8707 | Ep:  422 | Steps:   13 | Reward:    -0.73
Total T:    8736 | Ep:  423 | Steps:   29 | Reward:    11.08
Total T:    8749 | Ep:  424 | Steps:   13 | Reward:     0.41
Total T:    8768 | Ep:  425 | Steps:   19 | Reward:     2.99
Total T:    8793 | Ep:  426 | Steps:   25 | Reward:    15.01
Total T:    8820 | Ep:  427 | Steps:   27 | Reward:     8.88
Total T:    8832 | Ep:  428 | Steps:   12 | Reward:     2.53
Total T:    8849 | Ep:  429 | Steps:   17 | Reward:    -0.48
Total T:    8860 | Ep:  430 | Steps:   11 | Reward:    -1.89
Total T:    8898 | Ep:  431 | Steps:   38 | Reward:    13.89
Total T:    8909 | Ep:  432 | Steps:   11 | Reward:    -2.14
Total T:    8936 | Ep:  433 | Steps:   27 | Reward:     8.05
Total T:    8954 | Ep:  434 | Steps:   18 | Reward:     5.19
Total T:    8970 | Ep:  435 | Steps:   16 | Reward:     0.70
Total T:    9012 | Ep:  436 | Steps:   42 | Reward:     3.36
Total T:    9064 | Ep:  437 | Steps:   52 | Reward:    31.56
Total T:    9077 | Ep:  438 | Steps:   13 | Reward:    -0.15
Total T:    9090 | Ep:  439 | Steps:   13 | Reward:    -0.08
Total T:    9104 | Ep:  440 | Steps:   14 | Reward:    -3.76
Total T:    9132 | Ep:  441 | Steps:   28 | Reward:     9.89
Total T:    9141 | Ep:  442 | Steps:    9 | Reward:    -1.89
Total T:    9156 | Ep:  443 | Steps:   15 | Reward:     3.03
Total T:    9179 | Ep:  444 | Steps:   23 | Reward:     1.26
Total T:    9206 | Ep:  445 | Steps:   27 | Reward:    13.41
Total T:    9228 | Ep:  446 | Steps:   22 | Reward:     9.71
Total T:    9260 | Ep:  447 | Steps:   32 | Reward:     9.50
Total T:    9278 | Ep:  448 | Steps:   18 | Reward:     6.42
Total T:    9318 | Ep:  449 | Steps:   40 | Reward:     1.60
Total T:    9337 | Ep:  450 | Steps:   19 | Reward:     8.61
Total T:    9347 | Ep:  451 | Steps:   10 | Reward:    -1.43
Total T:    9379 | Ep:  452 | Steps:   32 | Reward:     5.87
Total T:    9395 | Ep:  453 | Steps:   16 | Reward:     2.31
Total T:    9425 | Ep:  454 | Steps:   30 | Reward:     1.49
Total T:    9449 | Ep:  455 | Steps:   24 | Reward:     5.92
Total T:    9463 | Ep:  456 | Steps:   14 | Reward:     1.94
Total T:    9476 | Ep:  457 | Steps:   13 | Reward:     0.18
Total T:    9502 | Ep:  458 | Steps:   26 | Reward:     5.68
Total T:    9525 | Ep:  459 | Steps:   23 | Reward:    -1.10
Total T:    9544 | Ep:  460 | Steps:   19 | Reward:     4.72
Total T:    9561 | Ep:  461 | Steps:   17 | Reward:     1.17
Total T:    9571 | Ep:  462 | Steps:   10 | Reward:    -0.76
Total T:    9593 | Ep:  463 | Steps:   22 | Reward:    -2.36
Total T:    9612 | Ep:  464 | Steps:   19 | Reward:    -1.81
Total T:    9632 | Ep:  465 | Steps:   20 | Reward:     1.17
Total T:    9646 | Ep:  466 | Steps:   14 | Reward:     5.47
Total T:    9658 | Ep:  467 | Steps:   12 | Reward:     0.18
Total T:    9676 | Ep:  468 | Steps:   18 | Reward:     3.00
Total T:    9702 | Ep:  469 | Steps:   26 | Reward:     9.14
Total T:    9723 | Ep:  470 | Steps:   21 | Reward:     6.63
Total T:    9746 | Ep:  471 | Steps:   23 | Reward:     9.29
Total T:    9766 | Ep:  472 | Steps:   20 | Reward:    -0.46
Total T:    9778 | Ep:  473 | Steps:   12 | Reward:    -2.84
Total T:    9810 | Ep:  474 | Steps:   32 | Reward:     7.86
Total T:    9843 | Ep:  475 | Steps:   33 | Reward:    16.31
Total T:    9870 | Ep:  476 | Steps:   27 | Reward:    -0.89
Total T:    9886 | Ep:  477 | Steps:   16 | Reward:     4.44
Total T:    9911 | Ep:  478 | Steps:   25 | Reward:    -6.35
Total T:    9932 | Ep:  479 | Steps:   21 | Reward:     2.59
Total T:    9939 | Ep:  480 | Steps:    7 | Reward:    -3.72
Total T:    9961 | Ep:  481 | Steps:   22 | Reward:     2.40
Total T:    9979 | Ep:  482 | Steps:   18 | Reward:     4.69
Total T:    9995 | Ep:  483 | Steps:   16 | Reward:     2.63
---------------------------------------
Evaluation over 10 episodes: 8.966
---------------------------------------
Total T:   10006 | Ep:  484 | Steps:   11 | Reward:    -0.58
Total T:   10024 | Ep:  485 | Steps:   18 | Reward:     7.52
Total T:   10052 | Ep:  486 | Steps:   28 | Reward:     2.66
Total T:   10084 | Ep:  487 | Steps:   32 | Reward:     5.64
Total T:   10109 | Ep:  488 | Steps:   25 | Reward:     0.25
Total T:   10127 | Ep:  489 | Steps:   18 | Reward:     5.18
Total T:   10151 | Ep:  490 | Steps:   24 | Reward:    -8.12
Total T:   10170 | Ep:  491 | Steps:   19 | Reward:     1.18
Total T:   10193 | Ep:  492 | Steps:   23 | Reward:     1.54
Total T:   10226 | Ep:  493 | Steps:   33 | Reward:   -12.91
Total T:   10245 | Ep:  494 | Steps:   19 | Reward:     3.76
Total T:   10261 | Ep:  495 | Steps:   16 | Reward:     0.65
Total T:   10271 | Ep:  496 | Steps:   10 | Reward:    -3.45
Total T:   10281 | Ep:  497 | Steps:   10 | Reward:    -6.10
Total T:   10294 | Ep:  498 | Steps:   13 | Reward:     1.14
Total T:   10313 | Ep:  499 | Steps:   19 | Reward:     4.52
Total T:   10327 | Ep:  500 | Steps:   14 | Reward:     3.67
Total T:   10340 | Ep:  501 | Steps:   13 | Reward:    -4.56
Total T:   10362 | Ep:  502 | Steps:   22 | Reward:     1.39
Total T:   10385 | Ep:  503 | Steps:   23 | Reward:    -7.19
Total T:   10404 | Ep:  504 | Steps:   19 | Reward:    -0.63
Total T:   10420 | Ep:  505 | Steps:   16 | Reward:     5.95
Total T:   10437 | Ep:  506 | Steps:   17 | Reward:     1.97
Total T:   10457 | Ep:  507 | Steps:   20 | Reward:    -1.44
Total T:   10491 | Ep:  508 | Steps:   34 | Reward:    -0.13
Total T:   10507 | Ep:  509 | Steps:   16 | Reward:     2.27
Total T:   10524 | Ep:  510 | Steps:   17 | Reward:     4.30
Total T:   10545 | Ep:  511 | Steps:   21 | Reward:     7.09
Total T:   10572 | Ep:  512 | Steps:   27 | Reward:     7.74
Total T:   10587 | Ep:  513 | Steps:   15 | Reward:     1.62
Total T:   10603 | Ep:  514 | Steps:   16 | Reward:    -6.41
Total T:   10631 | Ep:  515 | Steps:   28 | Reward:     9.27
Total T:   10644 | Ep:  516 | Steps:   13 | Reward:     0.36
Total T:   10656 | Ep:  517 | Steps:   12 | Reward:     2.31
Total T:   10671 | Ep:  518 | Steps:   15 | Reward:     1.47
Total T:   10687 | Ep:  519 | Steps:   16 | Reward:    -3.13
Total T:   10704 | Ep:  520 | Steps:   17 | Reward:     3.35
Total T:   10721 | Ep:  521 | Steps:   17 | Reward:    -2.16
Total T:   10747 | Ep:  522 | Steps:   26 | Reward:     4.54
Total T:   10761 | Ep:  523 | Steps:   14 | Reward:     2.75
Total T:   10790 | Ep:  524 | Steps:   29 | Reward:    -0.96
Total T:   10805 | Ep:  525 | Steps:   15 | Reward:     0.40
Total T:   10815 | Ep:  526 | Steps:   10 | Reward:     1.70
Total T:   10829 | Ep:  527 | Steps:   14 | Reward:     3.77
Total T:   10844 | Ep:  528 | Steps:   15 | Reward:     2.92
Total T:   10861 | Ep:  529 | Steps:   17 | Reward:     0.42
Total T:   10885 | Ep:  530 | Steps:   24 | Reward:     3.42
Total T:   10913 | Ep:  531 | Steps:   28 | Reward:     7.55
Total T:   10937 | Ep:  532 | Steps:   24 | Reward:    -0.06
Total T:   10950 | Ep:  533 | Steps:   13 | Reward:    -1.58
Total T:   10971 | Ep:  534 | Steps:   21 | Reward:     5.56
Total T:   10987 | Ep:  535 | Steps:   16 | Reward:    -2.43
Total T:   11008 | Ep:  536 | Steps:   21 | Reward:     5.63
Total T:   11023 | Ep:  537 | Steps:   15 | Reward:     3.13
Total T:   11047 | Ep:  538 | Steps:   24 | Reward:    -3.99
Total T:   11061 | Ep:  539 | Steps:   14 | Reward:     1.96
Total T:   11084 | Ep:  540 | Steps:   23 | Reward:     6.17
Total T:   11094 | Ep:  541 | Steps:   10 | Reward:    -0.34
Total T:   11107 | Ep:  542 | Steps:   13 | Reward:     3.22
Total T:   11119 | Ep:  543 | Steps:   12 | Reward:     1.08
Total T:   11141 | Ep:  544 | Steps:   22 | Reward:    -5.42
Total T:   11164 | Ep:  545 | Steps:   23 | Reward:     3.20
Total T:   11196 | Ep:  546 | Steps:   32 | Reward:     7.06
Total T:   11215 | Ep:  547 | Steps:   19 | Reward:    -3.58
Total T:   11254 | Ep:  548 | Steps:   39 | Reward:    21.21
Total T:   11285 | Ep:  549 | Steps:   31 | Reward:    -0.29
Total T:   11314 | Ep:  550 | Steps:   29 | Reward:    -6.45
Total T:   11346 | Ep:  551 | Steps:   32 | Reward:     4.66
Total T:   11365 | Ep:  552 | Steps:   19 | Reward:     2.19
Total T:   11390 | Ep:  553 | Steps:   25 | Reward:     6.11
Total T:   11406 | Ep:  554 | Steps:   16 | Reward:     1.10
Total T:   11430 | Ep:  555 | Steps:   24 | Reward:     0.69
Total T:   11443 | Ep:  556 | Steps:   13 | Reward:    -0.58
Total T:   11477 | Ep:  557 | Steps:   34 | Reward:     5.41
Total T:   11496 | Ep:  558 | Steps:   19 | Reward:     4.90
Total T:   11516 | Ep:  559 | Steps:   20 | Reward:    -5.26
Total T:   11544 | Ep:  560 | Steps:   28 | Reward:     4.06
Total T:   11575 | Ep:  561 | Steps:   31 | Reward:     7.21
Total T:   11594 | Ep:  562 | Steps:   19 | Reward:    -1.52
Total T:   11607 | Ep:  563 | Steps:   13 | Reward:     2.88
Total T:   11627 | Ep:  564 | Steps:   20 | Reward:     1.99
Total T:   11670 | Ep:  565 | Steps:   43 | Reward:    17.09
Total T:   11682 | Ep:  566 | Steps:   12 | Reward:     0.37
Total T:   11698 | Ep:  567 | Steps:   16 | Reward:     2.33
Total T:   11720 | Ep:  568 | Steps:   22 | Reward:    -3.76
Total T:   11738 | Ep:  569 | Steps:   18 | Reward:    -1.14
Total T:   11764 | Ep:  570 | Steps:   26 | Reward:    -3.46
Total T:   11799 | Ep:  571 | Steps:   35 | Reward:    -4.76
Total T:   11827 | Ep:  572 | Steps:   28 | Reward:     1.56
Total T:   11843 | Ep:  573 | Steps:   16 | Reward:     6.84
Total T:   11860 | Ep:  574 | Steps:   17 | Reward:    -4.78
Total T:   11879 | Ep:  575 | Steps:   19 | Reward:    -1.06
Total T:   11917 | Ep:  576 | Steps:   38 | Reward:     2.87
Total T:   11930 | Ep:  577 | Steps:   13 | Reward:    -1.36
Total T:   11952 | Ep:  578 | Steps:   22 | Reward:     1.08
Total T:   11988 | Ep:  579 | Steps:   36 | Reward:     6.17
Total T:   12013 | Ep:  580 | Steps:   25 | Reward:     9.57
Total T:   12030 | Ep:  581 | Steps:   17 | Reward:     2.84
Total T:   12062 | Ep:  582 | Steps:   32 | Reward:    10.40
Total T:   12086 | Ep:  583 | Steps:   24 | Reward:    -0.37
Total T:   12111 | Ep:  584 | Steps:   25 | Reward:    -4.02
Total T:   12129 | Ep:  585 | Steps:   18 | Reward:     6.71
Total T:   12153 | Ep:  586 | Steps:   24 | Reward:     6.51
Total T:   12175 | Ep:  587 | Steps:   22 | Reward:    -6.77
Total T:   12191 | Ep:  588 | Steps:   16 | Reward:     0.21
Total T:   12210 | Ep:  589 | Steps:   19 | Reward:     9.11
Total T:   12231 | Ep:  590 | Steps:   21 | Reward:    -1.36
Total T:   12253 | Ep:  591 | Steps:   22 | Reward:    -5.35
Total T:   12277 | Ep:  592 | Steps:   24 | Reward:    -4.07
Total T:   12292 | Ep:  593 | Steps:   15 | Reward:     6.21
Total T:   12308 | Ep:  594 | Steps:   16 | Reward:    -0.64
Total T:   12333 | Ep:  595 | Steps:   25 | Reward:     2.71
Total T:   12352 | Ep:  596 | Steps:   19 | Reward:     6.27
Total T:   12371 | Ep:  597 | Steps:   19 | Reward:     5.10
Total T:   12383 | Ep:  598 | Steps:   12 | Reward:     0.10
Total T:   12412 | Ep:  599 | Steps:   29 | Reward:    11.86
Total T:   12431 | Ep:  600 | Steps:   19 | Reward:     0.32
Total T:   12462 | Ep:  601 | Steps:   31 | Reward:     6.31
Total T:   12475 | Ep:  602 | Steps:   13 | Reward:     0.81
Total T:   12489 | Ep:  603 | Steps:   14 | Reward:    -0.76
Total T:   12509 | Ep:  604 | Steps:   20 | Reward:     4.25
Total T:   12532 | Ep:  605 | Steps:   23 | Reward:     3.20
Total T:   12542 | Ep:  606 | Steps:   10 | Reward:    -4.84
Total T:   12564 | Ep:  607 | Steps:   22 | Reward:     5.49
Total T:   12588 | Ep:  608 | Steps:   24 | Reward:    -3.81
Total T:   12604 | Ep:  609 | Steps:   16 | Reward:     2.18
Total T:   12623 | Ep:  610 | Steps:   19 | Reward:    -0.20
Total T:   12647 | Ep:  611 | Steps:   24 | Reward:   -10.68
Total T:   12671 | Ep:  612 | Steps:   24 | Reward:     4.33
Total T:   12689 | Ep:  613 | Steps:   18 | Reward:    -2.58
Total T:   12705 | Ep:  614 | Steps:   16 | Reward:    -0.10
Total T:   12720 | Ep:  615 | Steps:   15 | Reward:     4.28
Total T:   12758 | Ep:  616 | Steps:   38 | Reward:    12.33
Total T:   12774 | Ep:  617 | Steps:   16 | Reward:    -2.63
Total T:   12785 | Ep:  618 | Steps:   11 | Reward:    -2.04
Total T:   12798 | Ep:  619 | Steps:   13 | Reward:    -4.57
Total T:   12823 | Ep:  620 | Steps:   25 | Reward:     1.37
Total T:   12850 | Ep:  621 | Steps:   27 | Reward:     3.71
Total T:   12870 | Ep:  622 | Steps:   20 | Reward:    -3.74
Total T:   12890 | Ep:  623 | Steps:   20 | Reward:     0.39
Total T:   12905 | Ep:  624 | Steps:   15 | Reward:     3.66
Total T:   12927 | Ep:  625 | Steps:   22 | Reward:     6.17
Total T:   12939 | Ep:  626 | Steps:   12 | Reward:     0.57
Total T:   12965 | Ep:  627 | Steps:   26 | Reward:     8.11
Total T:   12991 | Ep:  628 | Steps:   26 | Reward:     8.64
Total T:   13009 | Ep:  629 | Steps:   18 | Reward:     9.23
Total T:   13031 | Ep:  630 | Steps:   22 | Reward:     6.57
Total T:   13055 | Ep:  631 | Steps:   24 | Reward:    -2.04
Total T:   13109 | Ep:  632 | Steps:   54 | Reward:    45.54
Total T:   13122 | Ep:  633 | Steps:   13 | Reward:    -0.67
Total T:   13159 | Ep:  634 | Steps:   37 | Reward:    -2.19
Total T:   13183 | Ep:  635 | Steps:   24 | Reward:    -0.10
Total T:   13198 | Ep:  636 | Steps:   15 | Reward:    -3.01
Total T:   13232 | Ep:  637 | Steps:   34 | Reward:     8.87
Total T:   13259 | Ep:  638 | Steps:   27 | Reward:     5.35
Total T:   13276 | Ep:  639 | Steps:   17 | Reward:     6.08
Total T:   13304 | Ep:  640 | Steps:   28 | Reward:     5.21
Total T:   13323 | Ep:  641 | Steps:   19 | Reward:     1.28
Total T:   13340 | Ep:  642 | Steps:   17 | Reward:    -0.04
Total T:   13363 | Ep:  643 | Steps:   23 | Reward:     8.51
Total T:   13380 | Ep:  644 | Steps:   17 | Reward:     7.39
Total T:   13402 | Ep:  645 | Steps:   22 | Reward:     7.17
Total T:   13417 | Ep:  646 | Steps:   15 | Reward:    -1.14
Total T:   13447 | Ep:  647 | Steps:   30 | Reward:    11.63
Total T:   13455 | Ep:  648 | Steps:    8 | Reward:    -1.93
Total T:   13470 | Ep:  649 | Steps:   15 | Reward:    -3.61
Total T:   13481 | Ep:  650 | Steps:   11 | Reward:    -1.67
Total T:   13514 | Ep:  651 | Steps:   33 | Reward:     7.61
Total T:   13555 | Ep:  652 | Steps:   41 | Reward:    25.41
Total T:   13567 | Ep:  653 | Steps:   12 | Reward:    -2.59
Total T:   13581 | Ep:  654 | Steps:   14 | Reward:    -1.31
Total T:   13597 | Ep:  655 | Steps:   16 | Reward:     4.80
Total T:   13612 | Ep:  656 | Steps:   15 | Reward:     4.03
Total T:   13628 | Ep:  657 | Steps:   16 | Reward:     0.52
Total T:   13644 | Ep:  658 | Steps:   16 | Reward:     0.68
Total T:   13678 | Ep:  659 | Steps:   34 | Reward:     9.57
Total T:   13700 | Ep:  660 | Steps:   22 | Reward:     3.34
Total T:   13731 | Ep:  661 | Steps:   31 | Reward:    12.47
Total T:   13741 | Ep:  662 | Steps:   10 | Reward:    -0.82
Total T:   13772 | Ep:  663 | Steps:   31 | Reward:     6.92
Total T:   13787 | Ep:  664 | Steps:   15 | Reward:     3.53
Total T:   13818 | Ep:  665 | Steps:   31 | Reward:     3.28
Total T:   13842 | Ep:  666 | Steps:   24 | Reward:     3.82
Total T:   13854 | Ep:  667 | Steps:   12 | Reward:     0.85
Total T:   13872 | Ep:  668 | Steps:   18 | Reward:     6.48
Total T:   13900 | Ep:  669 | Steps:   28 | Reward:     0.33
Total T:   13913 | Ep:  670 | Steps:   13 | Reward:    -1.72
Total T:   13959 | Ep:  671 | Steps:   46 | Reward:    20.09
Total T:   13975 | Ep:  672 | Steps:   16 | Reward:     1.02
Total T:   13992 | Ep:  673 | Steps:   17 | Reward:     0.62
Total T:   14025 | Ep:  674 | Steps:   33 | Reward:     4.94
Total T:   14057 | Ep:  675 | Steps:   32 | Reward:     0.47
Total T:   14082 | Ep:  676 | Steps:   25 | Reward:    -4.11
Total T:   14099 | Ep:  677 | Steps:   17 | Reward:     1.93
Total T:   14123 | Ep:  678 | Steps:   24 | Reward:     7.28
Total T:   14140 | Ep:  679 | Steps:   17 | Reward:    -0.18
Total T:   14152 | Ep:  680 | Steps:   12 | Reward:    -1.07
Total T:   14167 | Ep:  681 | Steps:   15 | Reward:     0.50
Total T:   14187 | Ep:  682 | Steps:   20 | Reward:     0.52
Total T:   14200 | Ep:  683 | Steps:   13 | Reward:    -0.20
Total T:   14234 | Ep:  684 | Steps:   34 | Reward:     3.04
Total T:   14245 | Ep:  685 | Steps:   11 | Reward:     0.54
Total T:   14269 | Ep:  686 | Steps:   24 | Reward:    -1.14
Total T:   14280 | Ep:  687 | Steps:   11 | Reward:    -0.43
Total T:   14294 | Ep:  688 | Steps:   14 | Reward:    -0.36
Total T:   14314 | Ep:  689 | Steps:   20 | Reward:    -3.96
Total T:   14326 | Ep:  690 | Steps:   12 | Reward:    -0.28
Total T:   14341 | Ep:  691 | Steps:   15 | Reward:    -2.82
Total T:   14369 | Ep:  692 | Steps:   28 | Reward:     1.38
Total T:   14383 | Ep:  693 | Steps:   14 | Reward:    -0.52
Total T:   14422 | Ep:  694 | Steps:   39 | Reward:     6.88
Total T:   14441 | Ep:  695 | Steps:   19 | Reward:     4.80
Total T:   14471 | Ep:  696 | Steps:   30 | Reward:    11.08
Total T:   14487 | Ep:  697 | Steps:   16 | Reward:     4.43
Total T:   14526 | Ep:  698 | Steps:   39 | Reward:     5.91
Total T:   14542 | Ep:  699 | Steps:   16 | Reward:     0.82
Total T:   14575 | Ep:  700 | Steps:   33 | Reward:    17.79
Total T:   14605 | Ep:  701 | Steps:   30 | Reward:    -2.23
Total T:   14618 | Ep:  702 | Steps:   13 | Reward:     1.32
Total T:   14632 | Ep:  703 | Steps:   14 | Reward:     3.59
Total T:   14673 | Ep:  704 | Steps:   41 | Reward:    11.05
Total T:   14685 | Ep:  705 | Steps:   12 | Reward:    -0.23
Total T:   14704 | Ep:  706 | Steps:   19 | Reward:    -8.24
Total T:   14737 | Ep:  707 | Steps:   33 | Reward:     4.23
Total T:   14757 | Ep:  708 | Steps:   20 | Reward:     0.48
Total T:   14773 | Ep:  709 | Steps:   16 | Reward:     1.72
Total T:   14816 | Ep:  710 | Steps:   43 | Reward:    13.08
Total T:   14834 | Ep:  711 | Steps:   18 | Reward:    -2.23
Total T:   14850 | Ep:  712 | Steps:   16 | Reward:     0.94
Total T:   14864 | Ep:  713 | Steps:   14 | Reward:     1.47
Total T:   14890 | Ep:  714 | Steps:   26 | Reward:    -0.04
Total T:   14909 | Ep:  715 | Steps:   19 | Reward:     0.01
Total T:   14919 | Ep:  716 | Steps:   10 | Reward:    -0.62
Total T:   14941 | Ep:  717 | Steps:   22 | Reward:    -4.27
Total T:   14960 | Ep:  718 | Steps:   19 | Reward:     0.42
Total T:   14971 | Ep:  719 | Steps:   11 | Reward:    -2.25
Total T:   14989 | Ep:  720 | Steps:   18 | Reward:     6.21
Total T:   15004 | Ep:  721 | Steps:   15 | Reward:     5.40
Total T:   15025 | Ep:  722 | Steps:   21 | Reward:     0.72
Total T:   15052 | Ep:  723 | Steps:   27 | Reward:    13.94
Total T:   15078 | Ep:  724 | Steps:   26 | Reward:    -1.84
Total T:   15088 | Ep:  725 | Steps:   10 | Reward:    -3.33
Total T:   15145 | Ep:  726 | Steps:   57 | Reward:    25.79
Total T:   15166 | Ep:  727 | Steps:   21 | Reward:     2.13
Total T:   15189 | Ep:  728 | Steps:   23 | Reward:    -4.55
Total T:   15202 | Ep:  729 | Steps:   13 | Reward:    -0.46
Total T:   15215 | Ep:  730 | Steps:   13 | Reward:    -0.46
Total T:   15230 | Ep:  731 | Steps:   15 | Reward:     2.97
Total T:   15244 | Ep:  732 | Steps:   14 | Reward:     2.47
Total T:   15270 | Ep:  733 | Steps:   26 | Reward:     1.13
Total T:   15283 | Ep:  734 | Steps:   13 | Reward:     0.51
Total T:   15297 | Ep:  735 | Steps:   14 | Reward:     2.12
Total T:   15311 | Ep:  736 | Steps:   14 | Reward:     1.51
Total T:   15358 | Ep:  737 | Steps:   47 | Reward:     8.74
Total T:   15370 | Ep:  738 | Steps:   12 | Reward:    -1.88
Total T:   15388 | Ep:  739 | Steps:   18 | Reward:    -3.78
Total T:   15416 | Ep:  740 | Steps:   28 | Reward:     7.20
Total T:   15438 | Ep:  741 | Steps:   22 | Reward:     8.03
Total T:   15457 | Ep:  742 | Steps:   19 | Reward:    -2.03
Total T:   15474 | Ep:  743 | Steps:   17 | Reward:     6.36
Total T:   15491 | Ep:  744 | Steps:   17 | Reward:    -0.25
Total T:   15512 | Ep:  745 | Steps:   21 | Reward:     8.62
Total T:   15544 | Ep:  746 | Steps:   32 | Reward:     7.80
Total T:   15563 | Ep:  747 | Steps:   19 | Reward:    -6.89
Total T:   15579 | Ep:  748 | Steps:   16 | Reward:    -3.51
Total T:   15608 | Ep:  749 | Steps:   29 | Reward:     8.22
Total T:   15642 | Ep:  750 | Steps:   34 | Reward:    -3.44
Total T:   15656 | Ep:  751 | Steps:   14 | Reward:     1.94
Total T:   15688 | Ep:  752 | Steps:   32 | Reward:     0.31
Total T:   15709 | Ep:  753 | Steps:   21 | Reward:     3.91
Total T:   15726 | Ep:  754 | Steps:   17 | Reward:     1.93
Total T:   15750 | Ep:  755 | Steps:   24 | Reward:    -6.90
Total T:   15778 | Ep:  756 | Steps:   28 | Reward:    -1.80
Total T:   15795 | Ep:  757 | Steps:   17 | Reward:     4.69
Total T:   15813 | Ep:  758 | Steps:   18 | Reward:    -3.00
Total T:   15834 | Ep:  759 | Steps:   21 | Reward:    -7.71
Total T:   15854 | Ep:  760 | Steps:   20 | Reward:     5.13
Total T:   15882 | Ep:  761 | Steps:   28 | Reward:     7.53
Total T:   15903 | Ep:  762 | Steps:   21 | Reward:     1.14
Total T:   15931 | Ep:  763 | Steps:   28 | Reward:    13.36
Total T:   15944 | Ep:  764 | Steps:   13 | Reward:    -7.12
Total T:   15962 | Ep:  765 | Steps:   18 | Reward:     2.29
Total T:   15980 | Ep:  766 | Steps:   18 | Reward:     4.02
Total T:   16010 | Ep:  767 | Steps:   30 | Reward:    -0.36
Total T:   16020 | Ep:  768 | Steps:   10 | Reward:    -1.22
Total T:   16047 | Ep:  769 | Steps:   27 | Reward:     8.69
Total T:   16094 | Ep:  770 | Steps:   47 | Reward:    17.56
Total T:   16110 | Ep:  771 | Steps:   16 | Reward:     3.71
Total T:   16121 | Ep:  772 | Steps:   11 | Reward:    -1.14
Total T:   16137 | Ep:  773 | Steps:   16 | Reward:    -3.96
Total T:   16166 | Ep:  774 | Steps:   29 | Reward:     8.81
Total T:   16177 | Ep:  775 | Steps:   11 | Reward:     1.13
Total T:   16194 | Ep:  776 | Steps:   17 | Reward:    -3.72
Total T:   16209 | Ep:  777 | Steps:   15 | Reward:     5.34
Total T:   16245 | Ep:  778 | Steps:   36 | Reward:     2.19
Total T:   16269 | Ep:  779 | Steps:   24 | Reward:     5.18
Total T:   16283 | Ep:  780 | Steps:   14 | Reward:    -4.48
Total T:   16321 | Ep:  781 | Steps:   38 | Reward:    14.83
Total T:   16332 | Ep:  782 | Steps:   11 | Reward:    -1.47
Total T:   16363 | Ep:  783 | Steps:   31 | Reward:    -1.81
Total T:   16383 | Ep:  784 | Steps:   20 | Reward:    -3.28
Total T:   16403 | Ep:  785 | Steps:   20 | Reward:    -1.52
Total T:   16422 | Ep:  786 | Steps:   19 | Reward:     7.73
Total T:   16434 | Ep:  787 | Steps:   12 | Reward:     1.32
Total T:   16462 | Ep:  788 | Steps:   28 | Reward:    -2.51
Total T:   16486 | Ep:  789 | Steps:   24 | Reward:     4.24
Total T:   16506 | Ep:  790 | Steps:   20 | Reward:     1.29
Total T:   16521 | Ep:  791 | Steps:   15 | Reward:     4.58
Total T:   16540 | Ep:  792 | Steps:   19 | Reward:     1.85
Total T:   16557 | Ep:  793 | Steps:   17 | Reward:     5.86
Total T:   16593 | Ep:  794 | Steps:   36 | Reward:     8.29
Total T:   16611 | Ep:  795 | Steps:   18 | Reward:     4.78
Total T:   16638 | Ep:  796 | Steps:   27 | Reward:     1.54
Total T:   16671 | Ep:  797 | Steps:   33 | Reward:    12.34
Total T:   16686 | Ep:  798 | Steps:   15 | Reward:     3.22
Total T:   16703 | Ep:  799 | Steps:   17 | Reward:     0.93
Total T:   16728 | Ep:  800 | Steps:   25 | Reward:    -4.57
Total T:   16744 | Ep:  801 | Steps:   16 | Reward:     5.76
Total T:   16768 | Ep:  802 | Steps:   24 | Reward:    -0.38
Total T:   16793 | Ep:  803 | Steps:   25 | Reward:    13.48
Total T:   16809 | Ep:  804 | Steps:   16 | Reward:     7.07
Total T:   16837 | Ep:  805 | Steps:   28 | Reward:    -4.76
Total T:   16852 | Ep:  806 | Steps:   15 | Reward:    -1.59
Total T:   16878 | Ep:  807 | Steps:   26 | Reward:     1.25
Total T:   16893 | Ep:  808 | Steps:   15 | Reward:    -0.49
Total T:   16919 | Ep:  809 | Steps:   26 | Reward:     4.61
Total T:   16940 | Ep:  810 | Steps:   21 | Reward:    -5.11
Total T:   16961 | Ep:  811 | Steps:   21 | Reward:     0.56
Total T:   16987 | Ep:  812 | Steps:   26 | Reward:    18.49
Total T:   17009 | Ep:  813 | Steps:   22 | Reward:     2.62
Total T:   17024 | Ep:  814 | Steps:   15 | Reward:     0.61
Total T:   17044 | Ep:  815 | Steps:   20 | Reward:     3.29
Total T:   17059 | Ep:  816 | Steps:   15 | Reward:     4.33
Total T:   17079 | Ep:  817 | Steps:   20 | Reward:     3.60
Total T:   17096 | Ep:  818 | Steps:   17 | Reward:     5.61
Total T:   17113 | Ep:  819 | Steps:   17 | Reward:     2.27
Total T:   17133 | Ep:  820 | Steps:   20 | Reward:     3.14
Total T:   17147 | Ep:  821 | Steps:   14 | Reward:     0.85
Total T:   17165 | Ep:  822 | Steps:   18 | Reward:     6.37
Total T:   17182 | Ep:  823 | Steps:   17 | Reward:     1.25
Total T:   17222 | Ep:  824 | Steps:   40 | Reward:    18.69
Total T:   17245 | Ep:  825 | Steps:   23 | Reward:    -2.71
Total T:   17259 | Ep:  826 | Steps:   14 | Reward:    -1.58
Total T:   17278 | Ep:  827 | Steps:   19 | Reward:    -1.40
Total T:   17292 | Ep:  828 | Steps:   14 | Reward:     0.94
Total T:   17313 | Ep:  829 | Steps:   21 | Reward:    -2.21
Total T:   17342 | Ep:  830 | Steps:   29 | Reward:     5.09
Total T:   17355 | Ep:  831 | Steps:   13 | Reward:    -2.01
Total T:   17378 | Ep:  832 | Steps:   23 | Reward:    11.51
Total T:   17400 | Ep:  833 | Steps:   22 | Reward:    -5.83
Total T:   17408 | Ep:  834 | Steps:    8 | Reward:    -2.72
Total T:   17423 | Ep:  835 | Steps:   15 | Reward:    -1.35
Total T:   17441 | Ep:  836 | Steps:   18 | Reward:   -11.02
Total T:   17453 | Ep:  837 | Steps:   12 | Reward:     0.01
Total T:   17477 | Ep:  838 | Steps:   24 | Reward:    -5.50
Total T:   17490 | Ep:  839 | Steps:   13 | Reward:     3.86
Total T:   17521 | Ep:  840 | Steps:   31 | Reward:     3.08
Total T:   17533 | Ep:  841 | Steps:   12 | Reward:     1.96
Total T:   17545 | Ep:  842 | Steps:   12 | Reward:     2.53
Total T:   17564 | Ep:  843 | Steps:   19 | Reward:     5.13
Total T:   17590 | Ep:  844 | Steps:   26 | Reward:     3.40
Total T:   17617 | Ep:  845 | Steps:   27 | Reward:     3.18
Total T:   17636 | Ep:  846 | Steps:   19 | Reward:    -3.94
Total T:   17653 | Ep:  847 | Steps:   17 | Reward:     3.44
Total T:   17664 | Ep:  848 | Steps:   11 | Reward:    -1.17
Total T:   17685 | Ep:  849 | Steps:   21 | Reward:     4.63
Total T:   17720 | Ep:  850 | Steps:   35 | Reward:     8.48
Total T:   17741 | Ep:  851 | Steps:   21 | Reward:     1.41
Total T:   17772 | Ep:  852 | Steps:   31 | Reward:    -6.80
Total T:   17787 | Ep:  853 | Steps:   15 | Reward:    -3.52
Total T:   17816 | Ep:  854 | Steps:   29 | Reward:     4.17
Total T:   17838 | Ep:  855 | Steps:   22 | Reward:     8.27
Total T:   17865 | Ep:  856 | Steps:   27 | Reward:     1.75
Total T:   17884 | Ep:  857 | Steps:   19 | Reward:     3.29
Total T:   17912 | Ep:  858 | Steps:   28 | Reward:     3.90
Total T:   17927 | Ep:  859 | Steps:   15 | Reward:     2.71
Total T:   17952 | Ep:  860 | Steps:   25 | Reward:     8.90
Total T:   17966 | Ep:  861 | Steps:   14 | Reward:     1.09
Total T:   17999 | Ep:  862 | Steps:   33 | Reward:     8.48
Total T:   18014 | Ep:  863 | Steps:   15 | Reward:    -4.13
Total T:   18032 | Ep:  864 | Steps:   18 | Reward:     2.68
Total T:   18044 | Ep:  865 | Steps:   12 | Reward:     0.76
Total T:   18064 | Ep:  866 | Steps:   20 | Reward:    -2.22
Total T:   18091 | Ep:  867 | Steps:   27 | Reward:     3.50
Total T:   18131 | Ep:  868 | Steps:   40 | Reward:     6.59
Total T:   18147 | Ep:  869 | Steps:   16 | Reward:     4.96
Total T:   18172 | Ep:  870 | Steps:   25 | Reward:    -3.73
Total T:   18195 | Ep:  871 | Steps:   23 | Reward:     0.02
Total T:   18209 | Ep:  872 | Steps:   14 | Reward:    -1.95
Total T:   18219 | Ep:  873 | Steps:   10 | Reward:    -2.02
Total T:   18244 | Ep:  874 | Steps:   25 | Reward:     4.66
Total T:   18258 | Ep:  875 | Steps:   14 | Reward:     3.67
Total T:   18275 | Ep:  876 | Steps:   17 | Reward:    -0.96
Total T:   18295 | Ep:  877 | Steps:   20 | Reward:    -6.70
Total T:   18311 | Ep:  878 | Steps:   16 | Reward:     5.76
Total T:   18325 | Ep:  879 | Steps:   14 | Reward:     0.54
Total T:   18366 | Ep:  880 | Steps:   41 | Reward:    16.04
Total T:   18406 | Ep:  881 | Steps:   40 | Reward:    19.21
Total T:   18430 | Ep:  882 | Steps:   24 | Reward:    -1.68
Total T:   18443 | Ep:  883 | Steps:   13 | Reward:     1.40
Total T:   18456 | Ep:  884 | Steps:   13 | Reward:    -0.34
Total T:   18475 | Ep:  885 | Steps:   19 | Reward:    -6.61
Total T:   18488 | Ep:  886 | Steps:   13 | Reward:     0.10
Total T:   18513 | Ep:  887 | Steps:   25 | Reward:     8.19
Total T:   18535 | Ep:  888 | Steps:   22 | Reward:    -0.78
Total T:   18553 | Ep:  889 | Steps:   18 | Reward:     6.22
Total T:   18572 | Ep:  890 | Steps:   19 | Reward:     2.76
Total T:   18604 | Ep:  891 | Steps:   32 | Reward:     2.41
Total T:   18622 | Ep:  892 | Steps:   18 | Reward:     5.97
Total T:   18672 | Ep:  893 | Steps:   50 | Reward:     0.85
Total T:   18689 | Ep:  894 | Steps:   17 | Reward:    -1.73
Total T:   18709 | Ep:  895 | Steps:   20 | Reward:    -6.02
Total T:   18719 | Ep:  896 | Steps:   10 | Reward:    -0.58
Total T:   18738 | Ep:  897 | Steps:   19 | Reward:     9.73
Total T:   18753 | Ep:  898 | Steps:   15 | Reward:     1.89
Total T:   18778 | Ep:  899 | Steps:   25 | Reward:     6.01
Total T:   18803 | Ep:  900 | Steps:   25 | Reward:     6.12
Total T:   18827 | Ep:  901 | Steps:   24 | Reward:    10.00
Total T:   18849 | Ep:  902 | Steps:   22 | Reward:     7.65
Total T:   18867 | Ep:  903 | Steps:   18 | Reward:     6.42
Total T:   18904 | Ep:  904 | Steps:   37 | Reward:     3.05
Total T:   18925 | Ep:  905 | Steps:   21 | Reward:     7.66
Total T:   18948 | Ep:  906 | Steps:   23 | Reward:     5.57
Total T:   18974 | Ep:  907 | Steps:   26 | Reward:    -2.45
Total T:   18991 | Ep:  908 | Steps:   17 | Reward:     3.63
Total T:   19015 | Ep:  909 | Steps:   24 | Reward:     6.91
Total T:   19029 | Ep:  910 | Steps:   14 | Reward:     3.90
Total T:   19048 | Ep:  911 | Steps:   19 | Reward:    -0.11
Total T:   19091 | Ep:  912 | Steps:   43 | Reward:    11.76
Total T:   19113 | Ep:  913 | Steps:   22 | Reward:     8.11
Total T:   19132 | Ep:  914 | Steps:   19 | Reward:     2.45
Total T:   19144 | Ep:  915 | Steps:   12 | Reward:     0.69
Total T:   19161 | Ep:  916 | Steps:   17 | Reward:     0.90
Total T:   19188 | Ep:  917 | Steps:   27 | Reward:     2.95
Total T:   19200 | Ep:  918 | Steps:   12 | Reward:     2.44
Total T:   19215 | Ep:  919 | Steps:   15 | Reward:     2.84
Total T:   19251 | Ep:  920 | Steps:   36 | Reward:     2.85
Total T:   19262 | Ep:  921 | Steps:   11 | Reward:    -3.12
Total T:   19283 | Ep:  922 | Steps:   21 | Reward:    -4.44
Total T:   19298 | Ep:  923 | Steps:   15 | Reward:     2.93
Total T:   19313 | Ep:  924 | Steps:   15 | Reward:    -1.13
Total T:   19333 | Ep:  925 | Steps:   20 | Reward:     1.99
Total T:   19342 | Ep:  926 | Steps:    9 | Reward:    -4.05
Total T:   19371 | Ep:  927 | Steps:   29 | Reward:     1.35
Total T:   19383 | Ep:  928 | Steps:   12 | Reward:    -0.15
Total T:   19408 | Ep:  929 | Steps:   25 | Reward:    -3.48
Total T:   19423 | Ep:  930 | Steps:   15 | Reward:     1.98
Total T:   19436 | Ep:  931 | Steps:   13 | Reward:     1.34
Total T:   19461 | Ep:  932 | Steps:   25 | Reward:    15.53
Total T:   19495 | Ep:  933 | Steps:   34 | Reward:    13.69
Total T:   19520 | Ep:  934 | Steps:   25 | Reward:    10.46
Total T:   19540 | Ep:  935 | Steps:   20 | Reward:    -5.83
Total T:   19553 | Ep:  936 | Steps:   13 | Reward:    -3.07
Total T:   19570 | Ep:  937 | Steps:   17 | Reward:     0.95
Total T:   19596 | Ep:  938 | Steps:   26 | Reward:     8.44
Total T:   19624 | Ep:  939 | Steps:   28 | Reward:     0.15
Total T:   19641 | Ep:  940 | Steps:   17 | Reward:    -1.37
Total T:   19661 | Ep:  941 | Steps:   20 | Reward:     0.48
Total T:   19672 | Ep:  942 | Steps:   11 | Reward:    -3.63
Total T:   19700 | Ep:  943 | Steps:   28 | Reward:    12.55
Total T:   19726 | Ep:  944 | Steps:   26 | Reward:     2.64
Total T:   19741 | Ep:  945 | Steps:   15 | Reward:    -5.02
Total T:   19767 | Ep:  946 | Steps:   26 | Reward:     6.68
Total T:   19788 | Ep:  947 | Steps:   21 | Reward:     6.29
Total T:   19814 | Ep:  948 | Steps:   26 | Reward:     7.41
Total T:   19832 | Ep:  949 | Steps:   18 | Reward:     5.53
Total T:   19857 | Ep:  950 | Steps:   25 | Reward:    -2.72
Total T:   19871 | Ep:  951 | Steps:   14 | Reward:     2.37
Total T:   19899 | Ep:  952 | Steps:   28 | Reward:    13.36
Total T:   19915 | Ep:  953 | Steps:   16 | Reward:     3.33
Total T:   19934 | Ep:  954 | Steps:   19 | Reward:    -2.80
Total T:   19957 | Ep:  955 | Steps:   23 | Reward:     1.99
Total T:   19979 | Ep:  956 | Steps:   22 | Reward:     1.02
---------------------------------------
Evaluation over 10 episodes: 8.669
---------------------------------------
Total T:   20002 | Ep:  957 | Steps:   23 | Reward:    -6.65
Total T:   20017 | Ep:  958 | Steps:   15 | Reward:     0.99
Total T:   20030 | Ep:  959 | Steps:   13 | Reward:     0.95
Total T:   20055 | Ep:  960 | Steps:   25 | Reward:    -1.33
Total T:   20082 | Ep:  961 | Steps:   27 | Reward:     1.61
Total T:   20096 | Ep:  962 | Steps:   14 | Reward:    -3.28
Total T:   20111 | Ep:  963 | Steps:   15 | Reward:     3.03
Total T:   20138 | Ep:  964 | Steps:   27 | Reward:     9.46
Total T:   20160 | Ep:  965 | Steps:   22 | Reward:     1.51
Total T:   20182 | Ep:  966 | Steps:   22 | Reward:    10.19
Total T:   20207 | Ep:  967 | Steps:   25 | Reward:     2.37
Total T:   20219 | Ep:  968 | Steps:   12 | Reward:     1.67
Total T:   20233 | Ep:  969 | Steps:   14 | Reward:     0.47
Total T:   20249 | Ep:  970 | Steps:   16 | Reward:    -2.39
Total T:   20264 | Ep:  971 | Steps:   15 | Reward:    -2.27
Total T:   20289 | Ep:  972 | Steps:   25 | Reward:    15.07
Total T:   20306 | Ep:  973 | Steps:   17 | Reward:     3.76
Total T:   20325 | Ep:  974 | Steps:   19 | Reward:     7.65
Total T:   20358 | Ep:  975 | Steps:   33 | Reward:    13.00
Total T:   20371 | Ep:  976 | Steps:   13 | Reward:     1.60
Total T:   20411 | Ep:  977 | Steps:   40 | Reward:     9.92
Total T:   20429 | Ep:  978 | Steps:   18 | Reward:     3.62
Total T:   20448 | Ep:  979 | Steps:   19 | Reward:    -0.54
Total T:   20487 | Ep:  980 | Steps:   39 | Reward:    10.05
Total T:   20503 | Ep:  981 | Steps:   16 | Reward:    -0.10
Total T:   20518 | Ep:  982 | Steps:   15 | Reward:     4.08
Total T:   20537 | Ep:  983 | Steps:   19 | Reward:    -0.80
Total T:   20553 | Ep:  984 | Steps:   16 | Reward:     1.03
Total T:   20568 | Ep:  985 | Steps:   15 | Reward:     4.67
Total T:   20591 | Ep:  986 | Steps:   23 | Reward:    -6.36
Total T:   20604 | Ep:  987 | Steps:   13 | Reward:     0.90
Total T:   20626 | Ep:  988 | Steps:   22 | Reward:     5.47
Total T:   20637 | Ep:  989 | Steps:   11 | Reward:    -1.60
Total T:   20653 | Ep:  990 | Steps:   16 | Reward:     0.22
Total T:   20670 | Ep:  991 | Steps:   17 | Reward:     2.70
Total T:   20683 | Ep:  992 | Steps:   13 | Reward:     1.18
Total T:   20700 | Ep:  993 | Steps:   17 | Reward:     4.90
Total T:   20714 | Ep:  994 | Steps:   14 | Reward:     1.45
Total T:   20730 | Ep:  995 | Steps:   16 | Reward:     1.06
Total T:   20760 | Ep:  996 | Steps:   30 | Reward:     6.65
Total T:   20786 | Ep:  997 | Steps:   26 | Reward:    -0.09
Total T:   20808 | Ep:  998 | Steps:   22 | Reward:     1.11
Total T:   20820 | Ep:  999 | Steps:   12 | Reward:    -0.78
Total T:   20835 | Ep: 1000 | Steps:   15 | Reward:     3.97
Total T:   20850 | Ep: 1001 | Steps:   15 | Reward:     3.01
Total T:   20872 | Ep: 1002 | Steps:   22 | Reward:     7.29
Total T:   20901 | Ep: 1003 | Steps:   29 | Reward:    -0.90
Total T:   20920 | Ep: 1004 | Steps:   19 | Reward:     2.16
Total T:   20935 | Ep: 1005 | Steps:   15 | Reward:     3.47
Total T:   20956 | Ep: 1006 | Steps:   21 | Reward:    -3.04
Total T:   20970 | Ep: 1007 | Steps:   14 | Reward:    -3.10
Total T:   20990 | Ep: 1008 | Steps:   20 | Reward:     3.21
Total T:   21005 | Ep: 1009 | Steps:   15 | Reward:    -3.13
Total T:   21017 | Ep: 1010 | Steps:   12 | Reward:    -2.87
Total T:   21032 | Ep: 1011 | Steps:   15 | Reward:     3.08
Total T:   21043 | Ep: 1012 | Steps:   11 | Reward:    -2.30
Total T:   21054 | Ep: 1013 | Steps:   11 | Reward:    -2.53
Total T:   21067 | Ep: 1014 | Steps:   13 | Reward:    -0.52
Total T:   21083 | Ep: 1015 | Steps:   16 | Reward:     2.79
Total T:   21104 | Ep: 1016 | Steps:   21 | Reward:    -6.07
Total T:   21133 | Ep: 1017 | Steps:   29 | Reward:    17.12
Total T:   21164 | Ep: 1018 | Steps:   31 | Reward:    -1.22
Total T:   21184 | Ep: 1019 | Steps:   20 | Reward:     5.43
Total T:   21202 | Ep: 1020 | Steps:   18 | Reward:     1.08
Total T:   21247 | Ep: 1021 | Steps:   45 | Reward:    18.62
Total T:   21266 | Ep: 1022 | Steps:   19 | Reward:     8.86
Total T:   21286 | Ep: 1023 | Steps:   20 | Reward:     2.44
Total T:   21299 | Ep: 1024 | Steps:   13 | Reward:     2.90
Total T:   21340 | Ep: 1025 | Steps:   41 | Reward:     8.66
Total T:   21363 | Ep: 1026 | Steps:   23 | Reward:    -0.72
Total T:   21401 | Ep: 1027 | Steps:   38 | Reward:    25.83
Total T:   21423 | Ep: 1028 | Steps:   22 | Reward:     4.78
Total T:   21442 | Ep: 1029 | Steps:   19 | Reward:     3.29
Total T:   21463 | Ep: 1030 | Steps:   21 | Reward:     3.89
Total T:   21486 | Ep: 1031 | Steps:   23 | Reward:     1.59
Total T:   21497 | Ep: 1032 | Steps:   11 | Reward:    -0.54
Total T:   21507 | Ep: 1033 | Steps:   10 | Reward:    -1.10
Total T:   21537 | Ep: 1034 | Steps:   30 | Reward:    -8.79
Total T:   21571 | Ep: 1035 | Steps:   34 | Reward:    12.73
Total T:   21583 | Ep: 1036 | Steps:   12 | Reward:    -4.55
Total T:   21600 | Ep: 1037 | Steps:   17 | Reward:    -3.93
Total T:   21621 | Ep: 1038 | Steps:   21 | Reward:     1.22
Total T:   21647 | Ep: 1039 | Steps:   26 | Reward:    -1.12
Total T:   21675 | Ep: 1040 | Steps:   28 | Reward:     1.17
Total T:   21688 | Ep: 1041 | Steps:   13 | Reward:     2.64
Total T:   21705 | Ep: 1042 | Steps:   17 | Reward:    -0.01
Total T:   21716 | Ep: 1043 | Steps:   11 | Reward:     0.81
Total T:   21730 | Ep: 1044 | Steps:   14 | Reward:     2.44
Total T:   21770 | Ep: 1045 | Steps:   40 | Reward:    12.11
Total T:   21803 | Ep: 1046 | Steps:   33 | Reward:     9.11
Total T:   21829 | Ep: 1047 | Steps:   26 | Reward:     5.01
Total T:   21866 | Ep: 1048 | Steps:   37 | Reward:     7.10
Total T:   21876 | Ep: 1049 | Steps:   10 | Reward:    -0.19
Total T:   21905 | Ep: 1050 | Steps:   29 | Reward:     9.64
Total T:   21923 | Ep: 1051 | Steps:   18 | Reward:    -2.84
Total T:   21956 | Ep: 1052 | Steps:   33 | Reward:     2.26
Total T:   21986 | Ep: 1053 | Steps:   30 | Reward:     6.17
Total T:   22003 | Ep: 1054 | Steps:   17 | Reward:     2.23
Total T:   22023 | Ep: 1055 | Steps:   20 | Reward:     2.03
Total T:   22042 | Ep: 1056 | Steps:   19 | Reward:     3.95
Total T:   22069 | Ep: 1057 | Steps:   27 | Reward:    11.40
Total T:   22087 | Ep: 1058 | Steps:   18 | Reward:    -3.40
Total T:   22111 | Ep: 1059 | Steps:   24 | Reward:     8.58
Total T:   22141 | Ep: 1060 | Steps:   30 | Reward:     3.16
Total T:   22156 | Ep: 1061 | Steps:   15 | Reward:    -2.61
Total T:   22186 | Ep: 1062 | Steps:   30 | Reward:    11.56
Total T:   22203 | Ep: 1063 | Steps:   17 | Reward:     2.15
Total T:   22218 | Ep: 1064 | Steps:   15 | Reward:     3.01
Total T:   22231 | Ep: 1065 | Steps:   13 | Reward:    -2.52
Total T:   22243 | Ep: 1066 | Steps:   12 | Reward:     0.16
Total T:   22285 | Ep: 1067 | Steps:   42 | Reward:    24.36
Total T:   22299 | Ep: 1068 | Steps:   14 | Reward:     3.40
Total T:   22330 | Ep: 1069 | Steps:   31 | Reward:     7.76
Total T:   22373 | Ep: 1070 | Steps:   43 | Reward:    12.56
Total T:   22387 | Ep: 1071 | Steps:   14 | Reward:     2.48
Total T:   22422 | Ep: 1072 | Steps:   35 | Reward:     5.12
Total T:   22443 | Ep: 1073 | Steps:   21 | Reward:     3.44
Total T:   22458 | Ep: 1074 | Steps:   15 | Reward:    -7.75
Total T:   22468 | Ep: 1075 | Steps:   10 | Reward:    -0.42
Total T:   22489 | Ep: 1076 | Steps:   21 | Reward:     3.61
Total T:   22517 | Ep: 1077 | Steps:   28 | Reward:     8.43
Total T:   22531 | Ep: 1078 | Steps:   14 | Reward:     3.57
Total T:   22552 | Ep: 1079 | Steps:   21 | Reward:     2.65
Total T:   22572 | Ep: 1080 | Steps:   20 | Reward:     3.69
Total T:   22590 | Ep: 1081 | Steps:   18 | Reward:     0.82
Total T:   22611 | Ep: 1082 | Steps:   21 | Reward:     2.13
Total T:   22623 | Ep: 1083 | Steps:   12 | Reward:    -1.04
Total T:   22645 | Ep: 1084 | Steps:   22 | Reward:     5.83
Total T:   22664 | Ep: 1085 | Steps:   19 | Reward:    -4.11
Total T:   22681 | Ep: 1086 | Steps:   17 | Reward:     2.02
Total T:   22696 | Ep: 1087 | Steps:   15 | Reward:    -0.25
Total T:   22710 | Ep: 1088 | Steps:   14 | Reward:    -2.97
Total T:   22730 | Ep: 1089 | Steps:   20 | Reward:    -3.42
Total T:   22750 | Ep: 1090 | Steps:   20 | Reward:    -0.86
Total T:   22768 | Ep: 1091 | Steps:   18 | Reward:     4.55
Total T:   22798 | Ep: 1092 | Steps:   30 | Reward:    -1.14
Total T:   22833 | Ep: 1093 | Steps:   35 | Reward:    22.10
Total T:   22847 | Ep: 1094 | Steps:   14 | Reward:     1.42
Total T:   22870 | Ep: 1095 | Steps:   23 | Reward:    -3.29
Total T:   22888 | Ep: 1096 | Steps:   18 | Reward:     2.70
Total T:   22914 | Ep: 1097 | Steps:   26 | Reward:     2.34
Total T:   22938 | Ep: 1098 | Steps:   24 | Reward:     3.93
Total T:   22969 | Ep: 1099 | Steps:   31 | Reward:     5.91
Total T:   22993 | Ep: 1100 | Steps:   24 | Reward:    -4.58
Total T:   23007 | Ep: 1101 | Steps:   14 | Reward:     1.43
Total T:   23028 | Ep: 1102 | Steps:   21 | Reward:     1.51
Total T:   23059 | Ep: 1103 | Steps:   31 | Reward:    12.82
Total T:   23083 | Ep: 1104 | Steps:   24 | Reward:    13.36
Total T:   23098 | Ep: 1105 | Steps:   15 | Reward:     1.17
Total T:   23111 | Ep: 1106 | Steps:   13 | Reward:     2.75
Total T:   23158 | Ep: 1107 | Steps:   47 | Reward:    -0.49
Total T:   23175 | Ep: 1108 | Steps:   17 | Reward:    -3.52
Total T:   23202 | Ep: 1109 | Steps:   27 | Reward:     9.55
Total T:   23212 | Ep: 1110 | Steps:   10 | Reward:    -4.22
Total T:   23235 | Ep: 1111 | Steps:   23 | Reward:     3.23
Total T:   23263 | Ep: 1112 | Steps:   28 | Reward:    13.58
Total T:   23294 | Ep: 1113 | Steps:   31 | Reward:    -2.45
Total T:   23313 | Ep: 1114 | Steps:   19 | Reward:    -0.07
Total T:   23325 | Ep: 1115 | Steps:   12 | Reward:     0.04
Total T:   23340 | Ep: 1116 | Steps:   15 | Reward:    -0.02
Total T:   23350 | Ep: 1117 | Steps:   10 | Reward:     0.49
Total T:   23373 | Ep: 1118 | Steps:   23 | Reward:     8.66
Total T:   23392 | Ep: 1119 | Steps:   19 | Reward:     5.91
Total T:   23423 | Ep: 1120 | Steps:   31 | Reward:    20.17
Total T:   23446 | Ep: 1121 | Steps:   23 | Reward:    10.51
Total T:   23466 | Ep: 1122 | Steps:   20 | Reward:    -0.29
Total T:   23480 | Ep: 1123 | Steps:   14 | Reward:    -1.04
Total T:   23497 | Ep: 1124 | Steps:   17 | Reward:    -4.35
Total T:   23532 | Ep: 1125 | Steps:   35 | Reward:    -2.35
Total T:   23549 | Ep: 1126 | Steps:   17 | Reward:     0.82
Total T:   23563 | Ep: 1127 | Steps:   14 | Reward:     1.42
Total T:   23577 | Ep: 1128 | Steps:   14 | Reward:    -1.22
Total T:   23597 | Ep: 1129 | Steps:   20 | Reward:     7.28
Total T:   23617 | Ep: 1130 | Steps:   20 | Reward:     2.01
Total T:   23633 | Ep: 1131 | Steps:   16 | Reward:     2.90
Total T:   23648 | Ep: 1132 | Steps:   15 | Reward:     2.06
Total T:   23686 | Ep: 1133 | Steps:   38 | Reward:     5.26
Total T:   23707 | Ep: 1134 | Steps:   21 | Reward:     4.51
Total T:   23727 | Ep: 1135 | Steps:   20 | Reward:    -3.21
Total T:   23757 | Ep: 1136 | Steps:   30 | Reward:    10.87
Total T:   23790 | Ep: 1137 | Steps:   33 | Reward:    11.74
Total T:   23806 | Ep: 1138 | Steps:   16 | Reward:    -5.81
Total T:   23821 | Ep: 1139 | Steps:   15 | Reward:     3.20
Total T:   23836 | Ep: 1140 | Steps:   15 | Reward:     1.79
Total T:   23848 | Ep: 1141 | Steps:   12 | Reward:     0.13
Total T:   23877 | Ep: 1142 | Steps:   29 | Reward:    -0.41
Total T:   23904 | Ep: 1143 | Steps:   27 | Reward:    -0.44
Total T:   23917 | Ep: 1144 | Steps:   13 | Reward:     0.06
Total T:   23941 | Ep: 1145 | Steps:   24 | Reward:    -5.76
Total T:   23957 | Ep: 1146 | Steps:   16 | Reward:     5.26
Total T:   23965 | Ep: 1147 | Steps:    8 | Reward:    -4.12
Total T:   23981 | Ep: 1148 | Steps:   16 | Reward:     4.59
Total T:   23995 | Ep: 1149 | Steps:   14 | Reward:    -3.09
Total T:   24009 | Ep: 1150 | Steps:   14 | Reward:    -2.49
Total T:   24019 | Ep: 1151 | Steps:   10 | Reward:    -2.74
Total T:   24031 | Ep: 1152 | Steps:   12 | Reward:     0.47
Total T:   24043 | Ep: 1153 | Steps:   12 | Reward:     2.84
Total T:   24070 | Ep: 1154 | Steps:   27 | Reward:    -4.65
Total T:   24084 | Ep: 1155 | Steps:   14 | Reward:    -3.99
Total T:   24105 | Ep: 1156 | Steps:   21 | Reward:     3.92
Total T:   24135 | Ep: 1157 | Steps:   30 | Reward:     6.17
Total T:   24149 | Ep: 1158 | Steps:   14 | Reward:    -2.00
Total T:   24176 | Ep: 1159 | Steps:   27 | Reward:     9.85
Total T:   24187 | Ep: 1160 | Steps:   11 | Reward:    -6.52
Total T:   24221 | Ep: 1161 | Steps:   34 | Reward:     6.86
Total T:   24238 | Ep: 1162 | Steps:   17 | Reward:     5.69
Total T:   24257 | Ep: 1163 | Steps:   19 | Reward:    -1.30
Total T:   24266 | Ep: 1164 | Steps:    9 | Reward:    -1.55
Total T:   24282 | Ep: 1165 | Steps:   16 | Reward:     0.92
Total T:   24305 | Ep: 1166 | Steps:   23 | Reward:     0.68
Total T:   24321 | Ep: 1167 | Steps:   16 | Reward:     4.99
Total T:   24336 | Ep: 1168 | Steps:   15 | Reward:     0.93
Total T:   24350 | Ep: 1169 | Steps:   14 | Reward:     1.71
Total T:   24363 | Ep: 1170 | Steps:   13 | Reward:     0.28
Total T:   24394 | Ep: 1171 | Steps:   31 | Reward:     0.22
Total T:   24412 | Ep: 1172 | Steps:   18 | Reward:     8.09
Total T:   24427 | Ep: 1173 | Steps:   15 | Reward:     3.65
Total T:   24445 | Ep: 1174 | Steps:   18 | Reward:     5.78
Total T:   24464 | Ep: 1175 | Steps:   19 | Reward:    -5.49
Total T:   24480 | Ep: 1176 | Steps:   16 | Reward:    -0.64
Total T:   24498 | Ep: 1177 | Steps:   18 | Reward:     3.90
Total T:   24529 | Ep: 1178 | Steps:   31 | Reward:    11.25
Total T:   24562 | Ep: 1179 | Steps:   33 | Reward:     1.56
Total T:   24580 | Ep: 1180 | Steps:   18 | Reward:     0.87
Total T:   24599 | Ep: 1181 | Steps:   19 | Reward:     5.33
Total T:   24628 | Ep: 1182 | Steps:   29 | Reward:     3.94
Total T:   24662 | Ep: 1183 | Steps:   34 | Reward:    16.15
Total T:   24672 | Ep: 1184 | Steps:   10 | Reward:    -0.88
Total T:   24707 | Ep: 1185 | Steps:   35 | Reward:     1.99
Total T:   24744 | Ep: 1186 | Steps:   37 | Reward:    15.62
Total T:   24794 | Ep: 1187 | Steps:   50 | Reward:    33.72
Total T:   24832 | Ep: 1188 | Steps:   38 | Reward:    -1.13
Total T:   24862 | Ep: 1189 | Steps:   30 | Reward:     4.65
Total T:   24881 | Ep: 1190 | Steps:   19 | Reward:     2.46
Total T:   24900 | Ep: 1191 | Steps:   19 | Reward:    -5.52
Total T:   24923 | Ep: 1192 | Steps:   23 | Reward:    -4.15
Total T:   24957 | Ep: 1193 | Steps:   34 | Reward:    10.46
Total T:   24977 | Ep: 1194 | Steps:   20 | Reward:   -11.68
Total T:   24992 | Ep: 1195 | Steps:   15 | Reward:     0.78
Total T:   25005 | Ep: 1196 | Steps:   13 | Reward:    -2.16
Total T:   25178 | Ep: 1197 | Steps:  173 | Reward:   297.72
Total T:   25246 | Ep: 1198 | Steps:   68 | Reward:   -10.07
Total T:   25397 | Ep: 1199 | Steps:  151 | Reward:   -25.85
Total T:   25630 | Ep: 1200 | Steps:  233 | Reward:   118.77
Total T:   25814 | Ep: 1201 | Steps:  184 | Reward:    95.40
Total T:   25880 | Ep: 1202 | Steps:   66 | Reward:    -7.64
Total T:   25946 | Ep: 1203 | Steps:   66 | Reward:    -9.49
Total T:   26013 | Ep: 1204 | Steps:   67 | Reward:    -7.13
Total T:   26079 | Ep: 1205 | Steps:   66 | Reward:    -8.51
Total T:   26145 | Ep: 1206 | Steps:   66 | Reward:    -9.45
Total T:   26212 | Ep: 1207 | Steps:   67 | Reward:    -8.02
Total T:   26293 | Ep: 1208 | Steps:   81 | Reward:   -45.03
Total T:   26443 | Ep: 1209 | Steps:  150 | Reward:    42.98
Total T:   26575 | Ep: 1210 | Steps:  132 | Reward:   100.28
Total T:   26641 | Ep: 1211 | Steps:   66 | Reward:    73.09
Total T:   26752 | Ep: 1212 | Steps:  111 | Reward:   189.73
Total T:   26911 | Ep: 1213 | Steps:  159 | Reward:   207.65
Total T:   27090 | Ep: 1214 | Steps:  179 | Reward:   314.25
Total T:   27212 | Ep: 1215 | Steps:  122 | Reward:   200.78
Total T:   27352 | Ep: 1216 | Steps:  140 | Reward:     0.67
Total T:   27635 | Ep: 1217 | Steps:  283 | Reward:   208.15
Total T:   27830 | Ep: 1218 | Steps:  195 | Reward:    78.41
Total T:   28061 | Ep: 1219 | Steps:  231 | Reward:   112.13
Total T:   28212 | Ep: 1220 | Steps:  151 | Reward:   270.42
Total T:   28402 | Ep: 1221 | Steps:  190 | Reward:   315.01
Total T:   28652 | Ep: 1222 | Steps:  250 | Reward:   367.28
Total T:   28914 | Ep: 1223 | Steps:  262 | Reward:   373.22
Total T:   29115 | Ep: 1224 | Steps:  201 | Reward:    81.93
Total T:   29337 | Ep: 1225 | Steps:  222 | Reward:    93.44
Total T:   29419 | Ep: 1226 | Steps:   82 | Reward:   -24.11
Total T:   29502 | Ep: 1227 | Steps:   83 | Reward:   -36.03
Total T:   29616 | Ep: 1228 | Steps:  114 | Reward:    -6.85
Total T:   29701 | Ep: 1229 | Steps:   85 | Reward:   -35.90
Total T:   29815 | Ep: 1230 | Steps:  114 | Reward:     5.43
---------------------------------------
Evaluation over 10 episodes: 284.174
---------------------------------------
Total T:   30061 | Ep: 1231 | Steps:  246 | Reward:   357.26
Total T:   30273 | Ep: 1232 | Steps:  212 | Reward:   335.44
Total T:   30696 | Ep: 1233 | Steps:  423 | Reward:   544.40
Total T:   30856 | Ep: 1234 | Steps:  160 | Reward:   264.57
Total T:   31021 | Ep: 1235 | Steps:  165 | Reward:   271.39
Total T:   31166 | Ep: 1236 | Steps:  145 | Reward:   239.82
Total T:   31307 | Ep: 1237 | Steps:  141 | Reward:   238.61
Total T:   31437 | Ep: 1238 | Steps:  130 | Reward:   220.15
Total T:   32437 | Ep: 1239 | Steps: 1000 | Reward:   952.26
Total T:   32586 | Ep: 1240 | Steps:  149 | Reward:    78.32
Total T:   32735 | Ep: 1241 | Steps:  149 | Reward:    23.71
Total T:   33349 | Ep: 1242 | Steps:  614 | Reward:   264.07
Total T:   33444 | Ep: 1243 | Steps:   95 | Reward:   160.67
Total T:   33579 | Ep: 1244 | Steps:  135 | Reward:   210.62
Total T:   33725 | Ep: 1245 | Steps:  146 | Reward:    52.80
Total T:   33900 | Ep: 1246 | Steps:  175 | Reward:   280.01
Total T:   34004 | Ep: 1247 | Steps:  104 | Reward:   156.91
Total T:   34137 | Ep: 1248 | Steps:  133 | Reward:   211.46
Total T:   34358 | Ep: 1249 | Steps:  221 | Reward:   186.20
Total T:   34573 | Ep: 1250 | Steps:  215 | Reward:    42.13
Total T:   34687 | Ep: 1251 | Steps:  114 | Reward:   144.23
Total T:   34854 | Ep: 1252 | Steps:  167 | Reward:    31.37
Total T:   34997 | Ep: 1253 | Steps:  143 | Reward:   105.59
Total T:   35102 | Ep: 1254 | Steps:  105 | Reward:    11.01
Total T:   35236 | Ep: 1255 | Steps:  134 | Reward:   -15.14
Total T:   35370 | Ep: 1256 | Steps:  134 | Reward:     6.02
Total T:   35528 | Ep: 1257 | Steps:  158 | Reward:    10.54
Total T:   35699 | Ep: 1258 | Steps:  171 | Reward:    41.68
Total T:   35852 | Ep: 1259 | Steps:  153 | Reward:   270.25
Total T:   35981 | Ep: 1260 | Steps:  129 | Reward:   237.01
Total T:   36114 | Ep: 1261 | Steps:  133 | Reward:   244.59
Total T:   36284 | Ep: 1262 | Steps:  170 | Reward:   261.63
Total T:   36433 | Ep: 1263 | Steps:  149 | Reward:   262.31
Total T:   36566 | Ep: 1264 | Steps:  133 | Reward:    36.04
Total T:   36689 | Ep: 1265 | Steps:  123 | Reward:   206.35
Total T:   36819 | Ep: 1266 | Steps:  130 | Reward:   239.96
Total T:   36906 | Ep: 1267 | Steps:   87 | Reward:   169.88
Total T:   37108 | Ep: 1268 | Steps:  202 | Reward:    78.68
Total T:   37278 | Ep: 1269 | Steps:  170 | Reward:   218.56
Total T:   37418 | Ep: 1270 | Steps:  140 | Reward:   246.69
Total T:   37507 | Ep: 1271 | Steps:   89 | Reward:   181.08
Total T:   37597 | Ep: 1272 | Steps:   90 | Reward:   181.44
Total T:   37699 | Ep: 1273 | Steps:  102 | Reward:   176.86
Total T:   38569 | Ep: 1274 | Steps:  870 | Reward:   755.06
Total T:   38932 | Ep: 1275 | Steps:  363 | Reward:   497.79
Total T:   39278 | Ep: 1276 | Steps:  346 | Reward:   465.81
---------------------------------------
Evaluation over 10 episodes: 303.880
---------------------------------------
Total T:   40137 | Ep: 1277 | Steps:  859 | Reward:   740.93
Total T:   40313 | Ep: 1278 | Steps:  176 | Reward:    28.12
Total T:   40391 | Ep: 1279 | Steps:   78 | Reward:    11.56
Total T:   40462 | Ep: 1280 | Steps:   71 | Reward:    27.10
Total T:   41190 | Ep: 1281 | Steps:  728 | Reward:   484.38
Total T:   41336 | Ep: 1282 | Steps:  146 | Reward:    91.90
Total T:   41513 | Ep: 1283 | Steps:  177 | Reward:   294.54
Total T:   41630 | Ep: 1284 | Steps:  117 | Reward:   134.44
Total T:   41809 | Ep: 1285 | Steps:  179 | Reward:   295.31
Total T:   42352 | Ep: 1286 | Steps:  543 | Reward:   610.23
Total T:   42665 | Ep: 1287 | Steps:  313 | Reward:   447.74
Total T:   42795 | Ep: 1288 | Steps:  130 | Reward:    -2.24
Total T:   42955 | Ep: 1289 | Steps:  160 | Reward:   194.97
Total T:   43080 | Ep: 1290 | Steps:  125 | Reward:   219.04
Total T:   43334 | Ep: 1291 | Steps:  254 | Reward:   168.22
Total T:   43512 | Ep: 1292 | Steps:  178 | Reward:   258.00
Total T:   43623 | Ep: 1293 | Steps:  111 | Reward:    -6.28
Total T:   44134 | Ep: 1294 | Steps:  511 | Reward:   561.69
Total T:   44339 | Ep: 1295 | Steps:  205 | Reward:   290.63
Total T:   44468 | Ep: 1296 | Steps:  129 | Reward:   229.68
Total T:   44553 | Ep: 1297 | Steps:   85 | Reward:   154.35
Total T:   44666 | Ep: 1298 | Steps:  113 | Reward:   219.07
Total T:   45130 | Ep: 1299 | Steps:  464 | Reward:   580.42
Total T:   45242 | Ep: 1300 | Steps:  112 | Reward:   213.51
Total T:   45553 | Ep: 1301 | Steps:  311 | Reward:   390.02
Total T:   45731 | Ep: 1302 | Steps:  178 | Reward:   288.84
Total T:   45881 | Ep: 1303 | Steps:  150 | Reward:   259.48
Total T:   46727 | Ep: 1304 | Steps:  846 | Reward:   745.77
Total T:   46845 | Ep: 1305 | Steps:  118 | Reward:   234.84
Total T:   46920 | Ep: 1306 | Steps:   75 | Reward:   137.93
Total T:   47095 | Ep: 1307 | Steps:  175 | Reward:   283.98
Total T:   47220 | Ep: 1308 | Steps:  125 | Reward:   230.11
Total T:   47341 | Ep: 1309 | Steps:  121 | Reward:   222.38
Total T:   47477 | Ep: 1310 | Steps:  136 | Reward:   241.99
Total T:   47601 | Ep: 1311 | Steps:  124 | Reward:   223.31
Total T:   47752 | Ep: 1312 | Steps:  151 | Reward:   254.85
Total T:   47877 | Ep: 1313 | Steps:  125 | Reward:   231.92
Total T:   48268 | Ep: 1314 | Steps:  391 | Reward:   468.87
Total T:   48396 | Ep: 1315 | Steps:  128 | Reward:   232.16
Total T:   48554 | Ep: 1316 | Steps:  158 | Reward:   261.54
Total T:   49554 | Ep: 1317 | Steps: 1000 | Reward:   970.09
Total T:   49685 | Ep: 1318 | Steps:  131 | Reward:   241.96
Total T:   49781 | Ep: 1319 | Steps:   96 | Reward:   186.05
Total T:   49963 | Ep: 1320 | Steps:  182 | Reward:   302.19
---------------------------------------
Evaluation over 10 episodes: 299.981
---------------------------------------
Total T:   50116 | Ep: 1321 | Steps:  153 | Reward:   267.02
Total T:   50239 | Ep: 1322 | Steps:  123 | Reward:   220.54
Total T:   50364 | Ep: 1323 | Steps:  125 | Reward:   232.59
Total T:   50476 | Ep: 1324 | Steps:  112 | Reward:   216.79
Total T:   50587 | Ep: 1325 | Steps:  111 | Reward:   210.18
Total T:   50717 | Ep: 1326 | Steps:  130 | Reward:   231.79
Total T:   51717 | Ep: 1327 | Steps: 1000 | Reward:   855.86
Total T:   51857 | Ep: 1328 | Steps:  140 | Reward:   249.51
Total T:   52110 | Ep: 1329 | Steps:  253 | Reward:    93.18
Total T:   52451 | Ep: 1330 | Steps:  341 | Reward:   369.26
Total T:   52563 | Ep: 1331 | Steps:  112 | Reward:   201.55
Total T:   52720 | Ep: 1332 | Steps:  157 | Reward:   253.59
Total T:   52886 | Ep: 1333 | Steps:  166 | Reward:   267.63
Total T:   53886 | Ep: 1334 | Steps: 1000 | Reward:   832.18
Total T:   54076 | Ep: 1335 | Steps:  190 | Reward:   294.00
Total T:   54173 | Ep: 1336 | Steps:   97 | Reward:   155.93
Total T:   54305 | Ep: 1337 | Steps:  132 | Reward:   226.16
Total T:   54422 | Ep: 1338 | Steps:  117 | Reward:   203.04
Total T:   54544 | Ep: 1339 | Steps:  122 | Reward:   203.11
Total T:   54675 | Ep: 1340 | Steps:  131 | Reward:   236.66
Total T:   54812 | Ep: 1341 | Steps:  137 | Reward:   224.66
Total T:   54907 | Ep: 1342 | Steps:   95 | Reward:   137.80
Total T:   55006 | Ep: 1343 | Steps:   99 | Reward:    25.22
Total T:   55135 | Ep: 1344 | Steps:  129 | Reward:   233.24
Total T:   55330 | Ep: 1345 | Steps:  195 | Reward:   289.93
Total T:   55491 | Ep: 1346 | Steps:  161 | Reward:   268.78
Total T:   55581 | Ep: 1347 | Steps:   90 | Reward:   161.16
Total T:   55704 | Ep: 1348 | Steps:  123 | Reward:   223.38
Total T:   56063 | Ep: 1349 | Steps:  359 | Reward:   436.75
Total T:   56160 | Ep: 1350 | Steps:   97 | Reward:   179.33
Total T:   56285 | Ep: 1351 | Steps:  125 | Reward:   232.67
Total T:   56445 | Ep: 1352 | Steps:  160 | Reward:   276.87
Total T:   56571 | Ep: 1353 | Steps:  126 | Reward:   228.30
Total T:   56773 | Ep: 1354 | Steps:  202 | Reward:   302.78
Total T:   56911 | Ep: 1355 | Steps:  138 | Reward:   237.27
Total T:   57056 | Ep: 1356 | Steps:  145 | Reward:   245.83
Total T:   57245 | Ep: 1357 | Steps:  189 | Reward:   305.08
Total T:   57358 | Ep: 1358 | Steps:  113 | Reward:   207.32
Total T:   57457 | Ep: 1359 | Steps:   99 | Reward:   189.54
Total T:   57560 | Ep: 1360 | Steps:  103 | Reward:   191.74
Total T:   57856 | Ep: 1361 | Steps:  296 | Reward:   166.17
Total T:   58099 | Ep: 1362 | Steps:  243 | Reward:   367.37
Total T:   58196 | Ep: 1363 | Steps:   97 | Reward:   188.24
Total T:   58301 | Ep: 1364 | Steps:  105 | Reward:   202.70
Total T:   58470 | Ep: 1365 | Steps:  169 | Reward:   277.16
Total T:   58562 | Ep: 1366 | Steps:   92 | Reward:   178.08
Total T:   58696 | Ep: 1367 | Steps:  134 | Reward:   250.05
Total T:   58799 | Ep: 1368 | Steps:  103 | Reward:   201.18
Total T:   58905 | Ep: 1369 | Steps:  106 | Reward:   207.15
Total T:   59115 | Ep: 1370 | Steps:  210 | Reward:   305.95
Total T:   59234 | Ep: 1371 | Steps:  119 | Reward:   225.18
Total T:   59475 | Ep: 1372 | Steps:  241 | Reward:   358.85
Total T:   59672 | Ep: 1373 | Steps:  197 | Reward:   245.50
Total T:   59839 | Ep: 1374 | Steps:  167 | Reward:   277.99
---------------------------------------
Evaluation over 10 episodes: 250.086
---------------------------------------
Total T:   60042 | Ep: 1375 | Steps:  203 | Reward:   325.39
Total T:   60175 | Ep: 1376 | Steps:  133 | Reward:   233.58
Total T:   60330 | Ep: 1377 | Steps:  155 | Reward:   263.80
Total T:   60597 | Ep: 1378 | Steps:  267 | Reward:   340.41
Total T:   60727 | Ep: 1379 | Steps:  130 | Reward:   227.30
Total T:   60843 | Ep: 1380 | Steps:  116 | Reward:   209.37
Total T:   60954 | Ep: 1381 | Steps:  111 | Reward:   201.18
Total T:   61156 | Ep: 1382 | Steps:  202 | Reward:   305.82
Total T:   61279 | Ep: 1383 | Steps:  123 | Reward:   217.32
Total T:   61395 | Ep: 1384 | Steps:  116 | Reward:   203.25
Total T:   61791 | Ep: 1385 | Steps:  396 | Reward:   359.51
Total T:   61909 | Ep: 1386 | Steps:  118 | Reward:   205.30
Total T:   62046 | Ep: 1387 | Steps:  137 | Reward:   229.35
Total T:   62176 | Ep: 1388 | Steps:  130 | Reward:   220.60
Total T:   62295 | Ep: 1389 | Steps:  119 | Reward:   200.99
Total T:   62421 | Ep: 1390 | Steps:  126 | Reward:   209.41
Total T:   62571 | Ep: 1391 | Steps:  150 | Reward:   240.55
Total T:   62753 | Ep: 1392 | Steps:  182 | Reward:   228.60
Total T:   62941 | Ep: 1393 | Steps:  188 | Reward:   285.77
Total T:   63060 | Ep: 1394 | Steps:  119 | Reward:   201.11
Total T:   63272 | Ep: 1395 | Steps:  212 | Reward:   272.82
Total T:   63412 | Ep: 1396 | Steps:  140 | Reward:   229.78
Total T:   63572 | Ep: 1397 | Steps:  160 | Reward:   253.79
Total T:   63714 | Ep: 1398 | Steps:  142 | Reward:   234.04
Total T:   63823 | Ep: 1399 | Steps:  109 | Reward:   191.17
Total T:   63946 | Ep: 1400 | Steps:  123 | Reward:   215.13
Total T:   64054 | Ep: 1401 | Steps:  108 | Reward:   189.67
Total T:   64233 | Ep: 1402 | Steps:  179 | Reward:   276.77
Total T:   64397 | Ep: 1403 | Steps:  164 | Reward:   249.10
Total T:   64528 | Ep: 1404 | Steps:  131 | Reward:   225.91
Total T:   64620 | Ep: 1405 | Steps:   92 | Reward:   174.74
Total T:   64735 | Ep: 1406 | Steps:  115 | Reward:   200.23
Total T:   64927 | Ep: 1407 | Steps:  192 | Reward:   302.01
Total T:   65067 | Ep: 1408 | Steps:  140 | Reward:   242.23
Total T:   65180 | Ep: 1409 | Steps:  113 | Reward:   217.94
Total T:   65292 | Ep: 1410 | Steps:  112 | Reward:   213.69
Total T:   65488 | Ep: 1411 | Steps:  196 | Reward:   322.07
Total T:   65616 | Ep: 1412 | Steps:  128 | Reward:   238.79
Total T:   65792 | Ep: 1413 | Steps:  176 | Reward:   288.82
Total T:   65905 | Ep: 1414 | Steps:  113 | Reward:   220.43
Total T:   66033 | Ep: 1415 | Steps:  128 | Reward:   224.44
Total T:   66129 | Ep: 1416 | Steps:   96 | Reward:   193.90
Total T:   66233 | Ep: 1417 | Steps:  104 | Reward:   211.07
Total T:   66341 | Ep: 1418 | Steps:  108 | Reward:   210.65
Total T:   66482 | Ep: 1419 | Steps:  141 | Reward:   270.44
Total T:   66583 | Ep: 1420 | Steps:  101 | Reward:   205.15
Total T:   66684 | Ep: 1421 | Steps:  101 | Reward:   202.80
Total T:   66834 | Ep: 1422 | Steps:  150 | Reward:   273.00
Total T:   66939 | Ep: 1423 | Steps:  105 | Reward:   192.70
Total T:   67044 | Ep: 1424 | Steps:  105 | Reward:   208.46
Total T:   67146 | Ep: 1425 | Steps:  102 | Reward:   204.71
Total T:   67284 | Ep: 1426 | Steps:  138 | Reward:   288.83
Total T:   67429 | Ep: 1427 | Steps:  145 | Reward:   282.91
Total T:   67556 | Ep: 1428 | Steps:  127 | Reward:   232.04
Total T:   67663 | Ep: 1429 | Steps:  107 | Reward:   193.93
Total T:   67806 | Ep: 1430 | Steps:  143 | Reward:   260.76
Total T:   67979 | Ep: 1431 | Steps:  173 | Reward:   300.57
Total T:   68089 | Ep: 1432 | Steps:  110 | Reward:   219.48
Total T:   68177 | Ep: 1433 | Steps:   88 | Reward:   176.58
Total T:   68270 | Ep: 1434 | Steps:   93 | Reward:   189.44
Total T:   68373 | Ep: 1435 | Steps:  103 | Reward:   211.93
Total T:   68469 | Ep: 1436 | Steps:   96 | Reward:   189.13
Total T:   68593 | Ep: 1437 | Steps:  124 | Reward:   227.24
Total T:   68712 | Ep: 1438 | Steps:  119 | Reward:   240.76
Total T:   68819 | Ep: 1439 | Steps:  107 | Reward:   202.42
Total T:   68907 | Ep: 1440 | Steps:   88 | Reward:   160.87
Total T:   69041 | Ep: 1441 | Steps:  134 | Reward:   243.43
Total T:   69198 | Ep: 1442 | Steps:  157 | Reward:   355.51
Total T:   69368 | Ep: 1443 | Steps:  170 | Reward:   250.82
Total T:   69494 | Ep: 1444 | Steps:  126 | Reward:   259.88
Total T:   69577 | Ep: 1445 | Steps:   83 | Reward:   121.82
Total T:   69702 | Ep: 1446 | Steps:  125 | Reward:   220.21
Total T:   69824 | Ep: 1447 | Steps:  122 | Reward:   210.84
Total T:   69941 | Ep: 1448 | Steps:  117 | Reward:   245.10
---------------------------------------
Evaluation over 10 episodes: 202.197
---------------------------------------
Total T:   70058 | Ep: 1449 | Steps:  117 | Reward:   215.31
Total T:   70177 | Ep: 1450 | Steps:  119 | Reward:   244.94
Total T:   70280 | Ep: 1451 | Steps:  103 | Reward:   184.07
Total T:   70380 | Ep: 1452 | Steps:  100 | Reward:   205.11
Total T:   70498 | Ep: 1453 | Steps:  118 | Reward:   222.86
Total T:   70637 | Ep: 1454 | Steps:  139 | Reward:   279.04
Total T:   70761 | Ep: 1455 | Steps:  124 | Reward:   251.21
Total T:   70908 | Ep: 1456 | Steps:  147 | Reward:   310.00
Total T:   71021 | Ep: 1457 | Steps:  113 | Reward:   220.15
Total T:   71166 | Ep: 1458 | Steps:  145 | Reward:   286.71
Total T:   71286 | Ep: 1459 | Steps:  120 | Reward:   231.94
Total T:   71427 | Ep: 1460 | Steps:  141 | Reward:   273.23
Total T:   71583 | Ep: 1461 | Steps:  156 | Reward:   283.72
Total T:   71725 | Ep: 1462 | Steps:  142 | Reward:   260.33
Total T:   71867 | Ep: 1463 | Steps:  142 | Reward:   262.21
Total T:   72049 | Ep: 1464 | Steps:  182 | Reward:   311.95
Total T:   72184 | Ep: 1465 | Steps:  135 | Reward:   251.64
Total T:   72389 | Ep: 1466 | Steps:  205 | Reward:   345.47
Total T:   72508 | Ep: 1467 | Steps:  119 | Reward:   222.05
Total T:   72632 | Ep: 1468 | Steps:  124 | Reward:   233.00
Total T:   72734 | Ep: 1469 | Steps:  102 | Reward:   175.48
Total T:   72866 | Ep: 1470 | Steps:  132 | Reward:   260.49
Total T:   72994 | Ep: 1471 | Steps:  128 | Reward:   239.66
Total T:   73196 | Ep: 1472 | Steps:  202 | Reward:   340.91
Total T:   73339 | Ep: 1473 | Steps:  143 | Reward:   281.66
Total T:   73473 | Ep: 1474 | Steps:  134 | Reward:   246.52
Total T:   73550 | Ep: 1475 | Steps:   77 | Reward:    97.24
Total T:   73664 | Ep: 1476 | Steps:  114 | Reward:   164.24
Total T:   73791 | Ep: 1477 | Steps:  127 | Reward:   179.27
Total T:   73900 | Ep: 1478 | Steps:  109 | Reward:   163.71
Total T:   74017 | Ep: 1479 | Steps:  117 | Reward:   182.77
Total T:   74148 | Ep: 1480 | Steps:  131 | Reward:   206.39
Total T:   74278 | Ep: 1481 | Steps:  130 | Reward:   193.97
Total T:   74432 | Ep: 1482 | Steps:  154 | Reward:   252.50
Total T:   74587 | Ep: 1483 | Steps:  155 | Reward:   229.15
Total T:   74720 | Ep: 1484 | Steps:  133 | Reward:   183.04
Total T:   74882 | Ep: 1485 | Steps:  162 | Reward:   251.60
Total T:   74987 | Ep: 1486 | Steps:  105 | Reward:   135.50
Total T:   75085 | Ep: 1487 | Steps:   98 | Reward:   108.25
Total T:   75174 | Ep: 1488 | Steps:   89 | Reward:   116.28
Total T:   75343 | Ep: 1489 | Steps:  169 | Reward:   269.80
Total T:   75457 | Ep: 1490 | Steps:  114 | Reward:   148.78
Total T:   75626 | Ep: 1491 | Steps:  169 | Reward:   285.14
Total T:   75758 | Ep: 1492 | Steps:  132 | Reward:   197.00
Total T:   75853 | Ep: 1493 | Steps:   95 | Reward:   115.83
Total T:   75948 | Ep: 1494 | Steps:   95 | Reward:   140.24
Total T:   76077 | Ep: 1495 | Steps:  129 | Reward:   199.01
Total T:   76246 | Ep: 1496 | Steps:  169 | Reward:   246.50
Total T:   76371 | Ep: 1497 | Steps:  125 | Reward:   168.42
Total T:   76567 | Ep: 1498 | Steps:  196 | Reward:   349.18
Total T:   76717 | Ep: 1499 | Steps:  150 | Reward:   264.98
Total T:   76880 | Ep: 1500 | Steps:  163 | Reward:   299.13
Total T:   77061 | Ep: 1501 | Steps:  181 | Reward:   303.25
Total T:   77269 | Ep: 1502 | Steps:  208 | Reward:   418.20
Total T:   77456 | Ep: 1503 | Steps:  187 | Reward:   336.47
Total T:   77648 | Ep: 1504 | Steps:  192 | Reward:   336.89
Total T:   77809 | Ep: 1505 | Steps:  161 | Reward:   266.94
Total T:   77989 | Ep: 1506 | Steps:  180 | Reward:   337.98
Total T:   78140 | Ep: 1507 | Steps:  151 | Reward:   267.44
Total T:   78340 | Ep: 1508 | Steps:  200 | Reward:   350.83
Total T:   78568 | Ep: 1509 | Steps:  228 | Reward:   360.02
Total T:   78723 | Ep: 1510 | Steps:  155 | Reward:   267.83
Total T:   78923 | Ep: 1511 | Steps:  200 | Reward:   342.25
Total T:   79151 | Ep: 1512 | Steps:  228 | Reward:   393.07
Total T:   79329 | Ep: 1513 | Steps:  178 | Reward:   348.55
Total T:   79487 | Ep: 1514 | Steps:  158 | Reward:   279.89
Total T:   79664 | Ep: 1515 | Steps:  177 | Reward:   364.96
Total T:   79876 | Ep: 1516 | Steps:  212 | Reward:   363.40
---------------------------------------
Evaluation over 10 episodes: 350.913
---------------------------------------
Total T:   80026 | Ep: 1517 | Steps:  150 | Reward:   282.01
Total T:   80203 | Ep: 1518 | Steps:  177 | Reward:   334.60
Total T:   80457 | Ep: 1519 | Steps:  254 | Reward:   501.01
Total T:   80714 | Ep: 1520 | Steps:  257 | Reward:   473.28
Total T:   80893 | Ep: 1521 | Steps:  179 | Reward:   352.31
Total T:   81155 | Ep: 1522 | Steps:  262 | Reward:   441.15
Total T:   81313 | Ep: 1523 | Steps:  158 | Reward:   326.56
Total T:   81491 | Ep: 1524 | Steps:  178 | Reward:   368.13
Total T:   81842 | Ep: 1525 | Steps:  351 | Reward:   562.60
Total T:   82160 | Ep: 1526 | Steps:  318 | Reward:   449.23
Total T:   82324 | Ep: 1527 | Steps:  164 | Reward:   305.98
Total T:   82488 | Ep: 1528 | Steps:  164 | Reward:   333.72
Total T:   83146 | Ep: 1529 | Steps:  658 | Reward:  1210.02
Total T:   83405 | Ep: 1530 | Steps:  259 | Reward:   522.06
Total T:   83569 | Ep: 1531 | Steps:  164 | Reward:   286.42
Total T:   83808 | Ep: 1532 | Steps:  239 | Reward:   470.68
Total T:   84055 | Ep: 1533 | Steps:  247 | Reward:   386.73
Total T:   84314 | Ep: 1534 | Steps:  259 | Reward:   560.81
Total T:   84506 | Ep: 1535 | Steps:  192 | Reward:   381.52
Total T:   84768 | Ep: 1536 | Steps:  262 | Reward:   441.93
Total T:   85626 | Ep: 1537 | Steps:  858 | Reward:  1801.88
Total T:   86027 | Ep: 1538 | Steps:  401 | Reward:   932.66
Total T:   86251 | Ep: 1539 | Steps:  224 | Reward:   499.06
Total T:   86375 | Ep: 1540 | Steps:  124 | Reward:   267.07
Total T:   86677 | Ep: 1541 | Steps:  302 | Reward:   652.93
Total T:   86842 | Ep: 1542 | Steps:  165 | Reward:   347.65
Total T:   86954 | Ep: 1543 | Steps:  112 | Reward:   182.54
Total T:   87043 | Ep: 1544 | Steps:   89 | Reward:   151.02
Total T:   87221 | Ep: 1545 | Steps:  178 | Reward:   253.72
Total T:   87366 | Ep: 1546 | Steps:  145 | Reward:   279.54
Total T:   87491 | Ep: 1547 | Steps:  125 | Reward:   203.24
Total T:   87636 | Ep: 1548 | Steps:  145 | Reward:   321.51
Total T:   87733 | Ep: 1549 | Steps:   97 | Reward:   115.72
Total T:   87829 | Ep: 1550 | Steps:   96 | Reward:   132.88
Total T:   87942 | Ep: 1551 | Steps:  113 | Reward:   190.49
Total T:   88023 | Ep: 1552 | Steps:   81 | Reward:   108.51
Total T:   88206 | Ep: 1553 | Steps:  183 | Reward:   432.90
Total T:   88351 | Ep: 1554 | Steps:  145 | Reward:   145.36
Total T:   88513 | Ep: 1555 | Steps:  162 | Reward:   376.17
Total T:   88626 | Ep: 1556 | Steps:  113 | Reward:   208.86
Total T:   88727 | Ep: 1557 | Steps:  101 | Reward:     3.03
Total T:   88871 | Ep: 1558 | Steps:  144 | Reward:   156.91
Total T:   89010 | Ep: 1559 | Steps:  139 | Reward:   187.72
Total T:   89107 | Ep: 1560 | Steps:   97 | Reward:     8.16
Total T:   89259 | Ep: 1561 | Steps:  152 | Reward:   204.17
Total T:   89481 | Ep: 1562 | Steps:  222 | Reward:   105.80
Total T:   89746 | Ep: 1563 | Steps:  265 | Reward:   165.66
Total T:   89940 | Ep: 1564 | Steps:  194 | Reward:   323.39
---------------------------------------
Evaluation over 10 episodes: 244.108
---------------------------------------
Total T:   90068 | Ep: 1565 | Steps:  128 | Reward:   212.97
Total T:   90197 | Ep: 1566 | Steps:  129 | Reward:   179.90
Total T:   91197 | Ep: 1567 | Steps: 1000 | Reward:   970.03
Total T:   91365 | Ep: 1568 | Steps:  168 | Reward:   210.22
Total T:   91463 | Ep: 1569 | Steps:   98 | Reward:   123.10
Total T:   91563 | Ep: 1570 | Steps:  100 | Reward:   142.35
Total T:   91678 | Ep: 1571 | Steps:  115 | Reward:    29.53
Total T:   91787 | Ep: 1572 | Steps:  109 | Reward:   132.29
Total T:   91911 | Ep: 1573 | Steps:  124 | Reward:   184.05
Total T:   92025 | Ep: 1574 | Steps:  114 | Reward:   158.31
Total T:   92083 | Ep: 1575 | Steps:   58 | Reward:     2.95
Total T:   92428 | Ep: 1576 | Steps:  345 | Reward:   792.09
Total T:   92674 | Ep: 1577 | Steps:  246 | Reward:    99.32
Total T:   92827 | Ep: 1578 | Steps:  153 | Reward:    57.20
Total T:   93162 | Ep: 1579 | Steps:  335 | Reward:   660.11
Total T:   93862 | Ep: 1580 | Steps:  700 | Reward:   620.10
Total T:   93982 | Ep: 1581 | Steps:  120 | Reward:   164.11
Total T:   94139 | Ep: 1582 | Steps:  157 | Reward:   259.23
Total T:   94249 | Ep: 1583 | Steps:  110 | Reward:   122.15
Total T:   94365 | Ep: 1584 | Steps:  116 | Reward:    55.25
Total T:   94528 | Ep: 1585 | Steps:  163 | Reward:   318.67
Total T:   94645 | Ep: 1586 | Steps:  117 | Reward:   149.24
Total T:   94772 | Ep: 1587 | Steps:  127 | Reward:   237.18
Total T:   94861 | Ep: 1588 | Steps:   89 | Reward:   132.57
Total T:   94910 | Ep: 1589 | Steps:   49 | Reward:    24.70
Total T:   95083 | Ep: 1590 | Steps:  173 | Reward:   373.13
Total T:   95277 | Ep: 1591 | Steps:  194 | Reward:   329.68
Total T:   95455 | Ep: 1592 | Steps:  178 | Reward:   243.47
Total T:   95511 | Ep: 1593 | Steps:   56 | Reward:    30.98
Total T:   95716 | Ep: 1594 | Steps:  205 | Reward:   327.16
Total T:   95944 | Ep: 1595 | Steps:  228 | Reward:   370.42
Total T:   96189 | Ep: 1596 | Steps:  245 | Reward:   430.96
Total T:   96285 | Ep: 1597 | Steps:   96 | Reward:   113.25
Total T:   96429 | Ep: 1598 | Steps:  144 | Reward:   226.95
Total T:   96610 | Ep: 1599 | Steps:  181 | Reward:   411.94
Total T:   96721 | Ep: 1600 | Steps:  111 | Reward:   133.10
Total T:   96984 | Ep: 1601 | Steps:  263 | Reward:   130.20
Total T:   97091 | Ep: 1602 | Steps:  107 | Reward:   186.14
Total T:   97387 | Ep: 1603 | Steps:  296 | Reward:   489.59
Total T:   97582 | Ep: 1604 | Steps:  195 | Reward:   400.37
Total T:   97798 | Ep: 1605 | Steps:  216 | Reward:   366.34
Total T:   97952 | Ep: 1606 | Steps:  154 | Reward:   310.66
Total T:   98054 | Ep: 1607 | Steps:  102 | Reward:   142.54
Total T:   98530 | Ep: 1608 | Steps:  476 | Reward:   731.34
Total T:   98725 | Ep: 1609 | Steps:  195 | Reward:   313.63
Total T:   98898 | Ep: 1610 | Steps:  173 | Reward:   363.79
Total T:   99037 | Ep: 1611 | Steps:  139 | Reward:   275.98
Total T:   99396 | Ep: 1612 | Steps:  359 | Reward:   596.84
Total T:   99505 | Ep: 1613 | Steps:  109 | Reward:   160.21
Total T:   99782 | Ep: 1614 | Steps:  277 | Reward:   420.50
---------------------------------------
Evaluation over 10 episodes: 506.970
---------------------------------------
Total T:  100100 | Ep: 1615 | Steps:  318 | Reward:   538.40
Total T:  100334 | Ep: 1616 | Steps:  234 | Reward:   337.32
Total T:  100479 | Ep: 1617 | Steps:  145 | Reward:   262.98
Total T:  100750 | Ep: 1618 | Steps:  271 | Reward:   600.87
Total T:  100954 | Ep: 1619 | Steps:  204 | Reward:   369.60
Total T:  101149 | Ep: 1620 | Steps:  195 | Reward:   340.10
Total T:  101789 | Ep: 1621 | Steps:  640 | Reward:  1372.99
Total T:  102129 | Ep: 1622 | Steps:  340 | Reward:   387.97
Total T:  102388 | Ep: 1623 | Steps:  259 | Reward:   545.74
Total T:  102540 | Ep: 1624 | Steps:  152 | Reward:   260.19
Total T:  102780 | Ep: 1625 | Steps:  240 | Reward:   377.43
Total T:  103130 | Ep: 1626 | Steps:  350 | Reward:   809.38
Total T:  103343 | Ep: 1627 | Steps:  213 | Reward:   483.84
Total T:  104173 | Ep: 1628 | Steps:  830 | Reward:  1275.56
Total T:  104480 | Ep: 1629 | Steps:  307 | Reward:   163.19
Total T:  104580 | Ep: 1630 | Steps:  100 | Reward:   165.05
Total T:  104736 | Ep: 1631 | Steps:  156 | Reward:   124.80
Total T:  104845 | Ep: 1632 | Steps:  109 | Reward:   156.59
Total T:  105282 | Ep: 1633 | Steps:  437 | Reward:   508.84
Total T:  105602 | Ep: 1634 | Steps:  320 | Reward:   527.77
Total T:  105725 | Ep: 1635 | Steps:  123 | Reward:   206.40
Total T:  105911 | Ep: 1636 | Steps:  186 | Reward:   207.40
Total T:  106022 | Ep: 1637 | Steps:  111 | Reward:   201.39
Total T:  106358 | Ep: 1638 | Steps:  336 | Reward:   461.24
Total T:  106906 | Ep: 1639 | Steps:  548 | Reward:   894.47
Total T:  106995 | Ep: 1640 | Steps:   89 | Reward:   130.62
Total T:  107652 | Ep: 1641 | Steps:  657 | Reward:   870.98
Total T:  108652 | Ep: 1642 | Steps: 1000 | Reward:  1351.58
Total T:  109092 | Ep: 1643 | Steps:  440 | Reward:   625.84
Total T:  109361 | Ep: 1644 | Steps:  269 | Reward:   464.28
Total T:  109526 | Ep: 1645 | Steps:  165 | Reward:   280.01
Total T:  109881 | Ep: 1646 | Steps:  355 | Reward:   570.79
---------------------------------------
Evaluation over 10 episodes: 1164.236
---------------------------------------
Total T:  110180 | Ep: 1647 | Steps:  299 | Reward:   497.00
Total T:  110508 | Ep: 1648 | Steps:  328 | Reward:   550.97
Total T:  111196 | Ep: 1649 | Steps:  688 | Reward:  1378.83
Total T:  112196 | Ep: 1650 | Steps: 1000 | Reward:  1740.72
Total T:  112965 | Ep: 1651 | Steps:  769 | Reward:  1098.85
Total T:  113488 | Ep: 1652 | Steps:  523 | Reward:  1193.50
Total T:  113642 | Ep: 1653 | Steps:  154 | Reward:   242.59
Total T:  113948 | Ep: 1654 | Steps:  306 | Reward:   564.98
Total T:  114118 | Ep: 1655 | Steps:  170 | Reward:   290.16
Total T:  114534 | Ep: 1656 | Steps:  416 | Reward:  1082.79
Total T:  114676 | Ep: 1657 | Steps:  142 | Reward:   261.16
Total T:  114893 | Ep: 1658 | Steps:  217 | Reward:   414.11
Total T:  115070 | Ep: 1659 | Steps:  177 | Reward:   273.12
Total T:  115406 | Ep: 1660 | Steps:  336 | Reward:   636.48
Total T:  115583 | Ep: 1661 | Steps:  177 | Reward:   303.94
Total T:  115803 | Ep: 1662 | Steps:  220 | Reward:   394.39
Total T:  116034 | Ep: 1663 | Steps:  231 | Reward:   407.70
Total T:  116314 | Ep: 1664 | Steps:  280 | Reward:   488.08
Total T:  116709 | Ep: 1665 | Steps:  395 | Reward:   793.25
Total T:  117306 | Ep: 1666 | Steps:  597 | Reward:  1288.18
Total T:  117568 | Ep: 1667 | Steps:  262 | Reward:   443.69
Total T:  117988 | Ep: 1668 | Steps:  420 | Reward:   791.99
Total T:  118242 | Ep: 1669 | Steps:  254 | Reward:   444.05
Total T:  118542 | Ep: 1670 | Steps:  300 | Reward:   496.19
Total T:  119294 | Ep: 1671 | Steps:  752 | Reward:  1584.70
---------------------------------------
Evaluation over 10 episodes: 935.264
---------------------------------------
Total T:  120166 | Ep: 1672 | Steps:  872 | Reward:  1077.89
Total T:  120687 | Ep: 1673 | Steps:  521 | Reward:  1309.30
Total T:  121189 | Ep: 1674 | Steps:  502 | Reward:  1022.81
Total T:  121537 | Ep: 1675 | Steps:  348 | Reward:   760.70
Total T:  121931 | Ep: 1676 | Steps:  394 | Reward:   987.42
Total T:  122116 | Ep: 1677 | Steps:  185 | Reward:   302.54
Total T:  122558 | Ep: 1678 | Steps:  442 | Reward:  1027.43
Total T:  122838 | Ep: 1679 | Steps:  280 | Reward:   730.47
Total T:  123069 | Ep: 1680 | Steps:  231 | Reward:   563.14
Total T:  123250 | Ep: 1681 | Steps:  181 | Reward:   439.79
Total T:  123437 | Ep: 1682 | Steps:  187 | Reward:   376.72
Total T:  123621 | Ep: 1683 | Steps:  184 | Reward:   388.99
Total T:  123856 | Ep: 1684 | Steps:  235 | Reward:   530.07
Total T:  124054 | Ep: 1685 | Steps:  198 | Reward:   478.66
Total T:  124246 | Ep: 1686 | Steps:  192 | Reward:   447.92
Total T:  124471 | Ep: 1687 | Steps:  225 | Reward:   529.99
Total T:  124704 | Ep: 1688 | Steps:  233 | Reward:   555.10
Total T:  124880 | Ep: 1689 | Steps:  176 | Reward:   354.36
Total T:  125054 | Ep: 1690 | Steps:  174 | Reward:   350.66
Total T:  125218 | Ep: 1691 | Steps:  164 | Reward:   357.88
Total T:  125399 | Ep: 1692 | Steps:  181 | Reward:   322.14
Total T:  125625 | Ep: 1693 | Steps:  226 | Reward:   434.22
Total T:  125821 | Ep: 1694 | Steps:  196 | Reward:   400.81
Total T:  126034 | Ep: 1695 | Steps:  213 | Reward:   435.95
Total T:  126227 | Ep: 1696 | Steps:  193 | Reward:   403.20
Total T:  126411 | Ep: 1697 | Steps:  184 | Reward:   387.01
Total T:  126604 | Ep: 1698 | Steps:  193 | Reward:   360.55
Total T:  126841 | Ep: 1699 | Steps:  237 | Reward:   442.86
Total T:  127035 | Ep: 1700 | Steps:  194 | Reward:   378.90
Total T:  127162 | Ep: 1701 | Steps:  127 | Reward:   278.68
Total T:  127321 | Ep: 1702 | Steps:  159 | Reward:   316.61
Total T:  127493 | Ep: 1703 | Steps:  172 | Reward:   362.70
Total T:  127664 | Ep: 1704 | Steps:  171 | Reward:   312.35
Total T:  127853 | Ep: 1705 | Steps:  189 | Reward:   354.53
Total T:  128004 | Ep: 1706 | Steps:  151 | Reward:   351.67
Total T:  128181 | Ep: 1707 | Steps:  177 | Reward:   383.42
Total T:  128399 | Ep: 1708 | Steps:  218 | Reward:   473.83
Total T:  128546 | Ep: 1709 | Steps:  147 | Reward:   289.67
Total T:  128723 | Ep: 1710 | Steps:  177 | Reward:   398.36
Total T:  128895 | Ep: 1711 | Steps:  172 | Reward:   325.00
Total T:  129045 | Ep: 1712 | Steps:  150 | Reward:   281.55
Total T:  129228 | Ep: 1713 | Steps:  183 | Reward:   419.17
Total T:  129425 | Ep: 1714 | Steps:  197 | Reward:   458.43
Total T:  129596 | Ep: 1715 | Steps:  171 | Reward:   336.02
Total T:  129788 | Ep: 1716 | Steps:  192 | Reward:   382.54
Total T:  129980 | Ep: 1717 | Steps:  192 | Reward:   483.60
---------------------------------------
Evaluation over 10 episodes: 377.785
---------------------------------------
Total T:  130128 | Ep: 1718 | Steps:  148 | Reward:   293.73
Total T:  130248 | Ep: 1719 | Steps:  120 | Reward:   239.00
Total T:  130421 | Ep: 1720 | Steps:  173 | Reward:   408.85
Total T:  130591 | Ep: 1721 | Steps:  170 | Reward:   393.06
Total T:  130784 | Ep: 1722 | Steps:  193 | Reward:   463.30
Total T:  130937 | Ep: 1723 | Steps:  153 | Reward:   324.26
Total T:  131110 | Ep: 1724 | Steps:  173 | Reward:   386.94
Total T:  131295 | Ep: 1725 | Steps:  185 | Reward:   403.18
Total T:  131464 | Ep: 1726 | Steps:  169 | Reward:   321.09
Total T:  131610 | Ep: 1727 | Steps:  146 | Reward:   288.09
Total T:  131771 | Ep: 1728 | Steps:  161 | Reward:   386.21
Total T:  131912 | Ep: 1729 | Steps:  141 | Reward:   273.53
Total T:  132097 | Ep: 1730 | Steps:  185 | Reward:   415.92
Total T:  132226 | Ep: 1731 | Steps:  129 | Reward:   259.81
Total T:  132387 | Ep: 1732 | Steps:  161 | Reward:   350.35
Total T:  132504 | Ep: 1733 | Steps:  117 | Reward:   228.38
Total T:  132676 | Ep: 1734 | Steps:  172 | Reward:   341.88
Total T:  132851 | Ep: 1735 | Steps:  175 | Reward:   348.17
Total T:  133016 | Ep: 1736 | Steps:  165 | Reward:   314.46
Total T:  133193 | Ep: 1737 | Steps:  177 | Reward:   345.55
Total T:  133372 | Ep: 1738 | Steps:  179 | Reward:   337.50
Total T:  133497 | Ep: 1739 | Steps:  125 | Reward:   297.30
Total T:  133626 | Ep: 1740 | Steps:  129 | Reward:   285.51
Total T:  133781 | Ep: 1741 | Steps:  155 | Reward:   347.31
Total T:  133916 | Ep: 1742 | Steps:  135 | Reward:   286.15
Total T:  134078 | Ep: 1743 | Steps:  162 | Reward:   367.20
Total T:  134251 | Ep: 1744 | Steps:  173 | Reward:   373.50
Total T:  134403 | Ep: 1745 | Steps:  152 | Reward:   294.15
Total T:  134558 | Ep: 1746 | Steps:  155 | Reward:   329.44
Total T:  134722 | Ep: 1747 | Steps:  164 | Reward:   352.16
Total T:  134850 | Ep: 1748 | Steps:  128 | Reward:   309.05
Total T:  135034 | Ep: 1749 | Steps:  184 | Reward:   420.72
Total T:  135193 | Ep: 1750 | Steps:  159 | Reward:   390.11
Total T:  135366 | Ep: 1751 | Steps:  173 | Reward:   405.15
Total T:  135535 | Ep: 1752 | Steps:  169 | Reward:   343.94
Total T:  135709 | Ep: 1753 | Steps:  174 | Reward:   404.53
Total T:  135875 | Ep: 1754 | Steps:  166 | Reward:   363.80
Total T:  136034 | Ep: 1755 | Steps:  159 | Reward:   361.11
Total T:  136216 | Ep: 1756 | Steps:  182 | Reward:   376.13
Total T:  136749 | Ep: 1757 | Steps:  533 | Reward:   231.66
Total T:  136913 | Ep: 1758 | Steps:  164 | Reward:   328.32
Total T:  137097 | Ep: 1759 | Steps:  184 | Reward:   402.79
Total T:  137266 | Ep: 1760 | Steps:  169 | Reward:   365.89
Total T:  137483 | Ep: 1761 | Steps:  217 | Reward:   481.79
Total T:  137653 | Ep: 1762 | Steps:  170 | Reward:   381.52
Total T:  137816 | Ep: 1763 | Steps:  163 | Reward:   369.73
Total T:  137996 | Ep: 1764 | Steps:  180 | Reward:   414.34
Total T:  138160 | Ep: 1765 | Steps:  164 | Reward:   390.05
Total T:  138356 | Ep: 1766 | Steps:  196 | Reward:   407.86
Total T:  138517 | Ep: 1767 | Steps:  161 | Reward:   376.38
Total T:  138667 | Ep: 1768 | Steps:  150 | Reward:   331.82
Total T:  138841 | Ep: 1769 | Steps:  174 | Reward:   369.43
Total T:  139030 | Ep: 1770 | Steps:  189 | Reward:   443.82
Total T:  139213 | Ep: 1771 | Steps:  183 | Reward:   365.14
Total T:  139436 | Ep: 1772 | Steps:  223 | Reward:   517.09
Total T:  139631 | Ep: 1773 | Steps:  195 | Reward:   460.28
Total T:  139778 | Ep: 1774 | Steps:  147 | Reward:   331.61
Total T:  139950 | Ep: 1775 | Steps:  172 | Reward:   371.11
---------------------------------------
Evaluation over 10 episodes: 453.757
---------------------------------------
Total T:  140156 | Ep: 1776 | Steps:  206 | Reward:   472.91
Total T:  140343 | Ep: 1777 | Steps:  187 | Reward:   424.22
Total T:  140550 | Ep: 1778 | Steps:  207 | Reward:   497.51
Total T:  140744 | Ep: 1779 | Steps:  194 | Reward:   406.80
Total T:  140984 | Ep: 1780 | Steps:  240 | Reward:   562.32
Total T:  141255 | Ep: 1781 | Steps:  271 | Reward:   680.03
Total T:  141428 | Ep: 1782 | Steps:  173 | Reward:   390.73
Total T:  141602 | Ep: 1783 | Steps:  174 | Reward:   412.88
Total T:  141828 | Ep: 1784 | Steps:  226 | Reward:   552.05
Total T:  142008 | Ep: 1785 | Steps:  180 | Reward:   387.69
Total T:  142151 | Ep: 1786 | Steps:  143 | Reward:   256.98
Total T:  142351 | Ep: 1787 | Steps:  200 | Reward:   480.23
Total T:  142548 | Ep: 1788 | Steps:  197 | Reward:   483.36
Total T:  142808 | Ep: 1789 | Steps:  260 | Reward:   672.12
Total T:  143051 | Ep: 1790 | Steps:  243 | Reward:   581.05
Total T:  143326 | Ep: 1791 | Steps:  275 | Reward:   663.51
Total T:  143591 | Ep: 1792 | Steps:  265 | Reward:   643.81
Total T:  143835 | Ep: 1793 | Steps:  244 | Reward:   662.33
Total T:  144119 | Ep: 1794 | Steps:  284 | Reward:   765.59
Total T:  144473 | Ep: 1795 | Steps:  354 | Reward:   896.53
Total T:  144712 | Ep: 1796 | Steps:  239 | Reward:   614.74
Total T:  145013 | Ep: 1797 | Steps:  301 | Reward:   755.61
Total T:  145293 | Ep: 1798 | Steps:  280 | Reward:   708.75
Total T:  145631 | Ep: 1799 | Steps:  338 | Reward:   904.98
Total T:  145889 | Ep: 1800 | Steps:  258 | Reward:   640.37
Total T:  146066 | Ep: 1801 | Steps:  177 | Reward:   375.01
Total T:  146226 | Ep: 1802 | Steps:  160 | Reward:   398.15
Total T:  146603 | Ep: 1803 | Steps:  377 | Reward:   952.70
Total T:  146755 | Ep: 1804 | Steps:  152 | Reward:   377.02
Total T:  147168 | Ep: 1805 | Steps:  413 | Reward:  1044.12
Total T:  147536 | Ep: 1806 | Steps:  368 | Reward:   946.93
Total T:  148116 | Ep: 1807 | Steps:  580 | Reward:  1399.15
Total T:  148444 | Ep: 1808 | Steps:  328 | Reward:   811.72
Total T:  148847 | Ep: 1809 | Steps:  403 | Reward:   978.77
Total T:  149241 | Ep: 1810 | Steps:  394 | Reward:  1010.39
Total T:  149685 | Ep: 1811 | Steps:  444 | Reward:  1134.26
---------------------------------------
Evaluation over 10 episodes: 1205.609
---------------------------------------
Total T:  150124 | Ep: 1812 | Steps:  439 | Reward:  1110.27
Total T:  150538 | Ep: 1813 | Steps:  414 | Reward:  1059.67
Total T:  150994 | Ep: 1814 | Steps:  456 | Reward:  1133.14
Total T:  151378 | Ep: 1815 | Steps:  384 | Reward:   930.59
Total T:  151795 | Ep: 1816 | Steps:  417 | Reward:  1069.14
Total T:  152286 | Ep: 1817 | Steps:  491 | Reward:  1246.39
Total T:  152755 | Ep: 1818 | Steps:  469 | Reward:  1153.88
Total T:  153015 | Ep: 1819 | Steps:  260 | Reward:   662.98
Total T:  153280 | Ep: 1820 | Steps:  265 | Reward:   709.82
Total T:  153820 | Ep: 1821 | Steps:  540 | Reward:  1356.51
Total T:  154168 | Ep: 1822 | Steps:  348 | Reward:   911.45
Total T:  154646 | Ep: 1823 | Steps:  478 | Reward:  1157.20
Total T:  154943 | Ep: 1824 | Steps:  297 | Reward:   783.81
Total T:  155571 | Ep: 1825 | Steps:  628 | Reward:  1496.23
Total T:  155942 | Ep: 1826 | Steps:  371 | Reward:   905.74
Total T:  156339 | Ep: 1827 | Steps:  397 | Reward:   946.43
Total T:  156858 | Ep: 1828 | Steps:  519 | Reward:  1266.85
Total T:  157227 | Ep: 1829 | Steps:  369 | Reward:   966.16
Total T:  157331 | Ep: 1830 | Steps:  104 | Reward:   214.65
Total T:  157690 | Ep: 1831 | Steps:  359 | Reward:   897.94
Total T:  158291 | Ep: 1832 | Steps:  601 | Reward:  1479.88
Total T:  158658 | Ep: 1833 | Steps:  367 | Reward:   958.45
Total T:  158789 | Ep: 1834 | Steps:  131 | Reward:   242.14
Total T:  158879 | Ep: 1835 | Steps:   90 | Reward:   152.95
Total T:  159032 | Ep: 1836 | Steps:  153 | Reward:   357.15
Total T:  159486 | Ep: 1837 | Steps:  454 | Reward:  1135.40
Total T:  159971 | Ep: 1838 | Steps:  485 | Reward:  1211.65
---------------------------------------
Evaluation over 10 episodes: 1929.211
---------------------------------------
Total T:  160119 | Ep: 1839 | Steps:  148 | Reward:   346.61
Total T:  160682 | Ep: 1840 | Steps:  563 | Reward:  1379.54
Total T:  161218 | Ep: 1841 | Steps:  536 | Reward:  1261.65
Total T:  161362 | Ep: 1842 | Steps:  144 | Reward:   357.18
Total T:  161668 | Ep: 1843 | Steps:  306 | Reward:   838.37
Total T:  162591 | Ep: 1844 | Steps:  923 | Reward:  2177.84
Total T:  162946 | Ep: 1845 | Steps:  355 | Reward:   923.84
Total T:  163254 | Ep: 1846 | Steps:  308 | Reward:   819.10
Total T:  163338 | Ep: 1847 | Steps:   84 | Reward:   141.84
Total T:  163722 | Ep: 1848 | Steps:  384 | Reward:  1018.54
Total T:  164130 | Ep: 1849 | Steps:  408 | Reward:  1060.02
Total T:  164554 | Ep: 1850 | Steps:  424 | Reward:  1081.37
Total T:  164659 | Ep: 1851 | Steps:  105 | Reward:   190.76
Total T:  164853 | Ep: 1852 | Steps:  194 | Reward:   520.75
Total T:  165192 | Ep: 1853 | Steps:  339 | Reward:   908.33
Total T:  165371 | Ep: 1854 | Steps:  179 | Reward:   486.59
Total T:  165748 | Ep: 1855 | Steps:  377 | Reward:   950.35
Total T:  166104 | Ep: 1856 | Steps:  356 | Reward:   917.65
Total T:  166200 | Ep: 1857 | Steps:   96 | Reward:   175.08
Total T:  166664 | Ep: 1858 | Steps:  464 | Reward:  1183.89
Total T:  167037 | Ep: 1859 | Steps:  373 | Reward:   957.90
Total T:  167291 | Ep: 1860 | Steps:  254 | Reward:   697.92
Total T:  167647 | Ep: 1861 | Steps:  356 | Reward:   928.89
Total T:  167939 | Ep: 1862 | Steps:  292 | Reward:   792.77
Total T:  168213 | Ep: 1863 | Steps:  274 | Reward:   725.68
Total T:  168576 | Ep: 1864 | Steps:  363 | Reward:   956.58
Total T:  168676 | Ep: 1865 | Steps:  100 | Reward:   173.93
Total T:  168949 | Ep: 1866 | Steps:  273 | Reward:   752.02
Total T:  169224 | Ep: 1867 | Steps:  275 | Reward:   747.35
Total T:  169311 | Ep: 1868 | Steps:   87 | Reward:   154.47
Total T:  169609 | Ep: 1869 | Steps:  298 | Reward:   791.53
Total T:  169840 | Ep: 1870 | Steps:  231 | Reward:   666.96
---------------------------------------
Evaluation over 10 episodes: 645.928
---------------------------------------
Total T:  170078 | Ep: 1871 | Steps:  238 | Reward:   683.00
Total T:  170366 | Ep: 1872 | Steps:  288 | Reward:   749.63
Total T:  170653 | Ep: 1873 | Steps:  287 | Reward:   733.39
Total T:  170913 | Ep: 1874 | Steps:  260 | Reward:   728.40
Total T:  171173 | Ep: 1875 | Steps:  260 | Reward:   745.96
Total T:  171481 | Ep: 1876 | Steps:  308 | Reward:   800.73
Total T:  171595 | Ep: 1877 | Steps:  114 | Reward:   242.10
Total T:  171873 | Ep: 1878 | Steps:  278 | Reward:   769.10
Total T:  172151 | Ep: 1879 | Steps:  278 | Reward:   726.35
Total T:  172425 | Ep: 1880 | Steps:  274 | Reward:   709.69
Total T:  172752 | Ep: 1881 | Steps:  327 | Reward:   808.22
Total T:  173023 | Ep: 1882 | Steps:  271 | Reward:   731.28
Total T:  173131 | Ep: 1883 | Steps:  108 | Reward:   217.37
Total T:  173384 | Ep: 1884 | Steps:  253 | Reward:   719.16
Total T:  173689 | Ep: 1885 | Steps:  305 | Reward:   785.51
Total T:  173958 | Ep: 1886 | Steps:  269 | Reward:   743.77
Total T:  174060 | Ep: 1887 | Steps:  102 | Reward:   227.58
Total T:  174149 | Ep: 1888 | Steps:   89 | Reward:   174.10
Total T:  174237 | Ep: 1889 | Steps:   88 | Reward:   155.10
Total T:  174363 | Ep: 1890 | Steps:  126 | Reward:   328.94
Total T:  174455 | Ep: 1891 | Steps:   92 | Reward:   159.29
Total T:  174531 | Ep: 1892 | Steps:   76 | Reward:   160.10
Total T:  174714 | Ep: 1893 | Steps:  183 | Reward:   470.94
Total T:  174787 | Ep: 1894 | Steps:   73 | Reward:   130.58
Total T:  174911 | Ep: 1895 | Steps:  124 | Reward:   311.08
Total T:  175018 | Ep: 1896 | Steps:  107 | Reward:   224.44
Total T:  175200 | Ep: 1897 | Steps:  182 | Reward:   529.43
Total T:  175293 | Ep: 1898 | Steps:   93 | Reward:   157.70
Total T:  175505 | Ep: 1899 | Steps:  212 | Reward:   579.67
Total T:  175625 | Ep: 1900 | Steps:  120 | Reward:   300.01
Total T:  175723 | Ep: 1901 | Steps:   98 | Reward:   173.46
Total T:  175832 | Ep: 1902 | Steps:  109 | Reward:   238.36
Total T:  176091 | Ep: 1903 | Steps:  259 | Reward:   751.96
Total T:  176428 | Ep: 1904 | Steps:  337 | Reward:   916.03
Total T:  176673 | Ep: 1905 | Steps:  245 | Reward:   710.03
Total T:  177027 | Ep: 1906 | Steps:  354 | Reward:   927.72
Total T:  177363 | Ep: 1907 | Steps:  336 | Reward:   919.77
Total T:  177564 | Ep: 1908 | Steps:  201 | Reward:   581.63
Total T:  177688 | Ep: 1909 | Steps:  124 | Reward:   288.12
Total T:  177819 | Ep: 1910 | Steps:  131 | Reward:   274.82
Total T:  177925 | Ep: 1911 | Steps:  106 | Reward:   257.83
Total T:  178196 | Ep: 1912 | Steps:  271 | Reward:   752.63
Total T:  178303 | Ep: 1913 | Steps:  107 | Reward:   208.81
Total T:  178503 | Ep: 1914 | Steps:  200 | Reward:   568.98
Total T:  178737 | Ep: 1915 | Steps:  234 | Reward:   643.45
Total T:  178875 | Ep: 1916 | Steps:  138 | Reward:   318.19
Total T:  178976 | Ep: 1917 | Steps:  101 | Reward:   235.89
Total T:  179080 | Ep: 1918 | Steps:  104 | Reward:   237.48
Total T:  179264 | Ep: 1919 | Steps:  184 | Reward:   185.41
Total T:  179409 | Ep: 1920 | Steps:  145 | Reward:   354.77
Total T:  179524 | Ep: 1921 | Steps:  115 | Reward:   274.72
Total T:  179878 | Ep: 1922 | Steps:  354 | Reward:   893.62
Total T:  180000 | Ep: 1923 | Steps:  122 | Reward:   233.57
---------------------------------------
Evaluation over 10 episodes: 541.300
---------------------------------------
Total T:  180285 | Ep: 1924 | Steps:  285 | Reward:   780.15
Total T:  180392 | Ep: 1925 | Steps:  107 | Reward:   180.65
Total T:  180502 | Ep: 1926 | Steps:  110 | Reward:   269.20
Total T:  180714 | Ep: 1927 | Steps:  212 | Reward:   596.10
Total T:  180948 | Ep: 1928 | Steps:  234 | Reward:   693.64
Total T:  181163 | Ep: 1929 | Steps:  215 | Reward:   542.06
Total T:  181294 | Ep: 1930 | Steps:  131 | Reward:   261.65
Total T:  181561 | Ep: 1931 | Steps:  267 | Reward:   738.62
Total T:  181745 | Ep: 1932 | Steps:  184 | Reward:   522.63
Total T:  181907 | Ep: 1933 | Steps:  162 | Reward:   458.77
Total T:  182026 | Ep: 1934 | Steps:  119 | Reward:   286.75
Total T:  182314 | Ep: 1935 | Steps:  288 | Reward:   787.58
Total T:  182441 | Ep: 1936 | Steps:  127 | Reward:   348.69
Total T:  182645 | Ep: 1937 | Steps:  204 | Reward:   579.15
Total T:  182869 | Ep: 1938 | Steps:  224 | Reward:   646.73
Total T:  183287 | Ep: 1939 | Steps:  418 | Reward:  1067.19
Total T:  183483 | Ep: 1940 | Steps:  196 | Reward:   128.37
Total T:  183773 | Ep: 1941 | Steps:  290 | Reward:   758.78
Total T:  183917 | Ep: 1942 | Steps:  144 | Reward:   385.24
Total T:  184210 | Ep: 1943 | Steps:  293 | Reward:   809.65
Total T:  184489 | Ep: 1944 | Steps:  279 | Reward:   776.57
Total T:  184787 | Ep: 1945 | Steps:  298 | Reward:   774.77
Total T:  184872 | Ep: 1946 | Steps:   85 | Reward:   166.30
Total T:  184977 | Ep: 1947 | Steps:  105 | Reward:   190.96
Total T:  185330 | Ep: 1948 | Steps:  353 | Reward:   936.14
Total T:  185431 | Ep: 1949 | Steps:  101 | Reward:   195.50
Total T:  185523 | Ep: 1950 | Steps:   92 | Reward:   158.15
Total T:  185634 | Ep: 1951 | Steps:  111 | Reward:   198.42
Total T:  185779 | Ep: 1952 | Steps:  145 | Reward:   391.63
Total T:  185966 | Ep: 1953 | Steps:  187 | Reward:   541.62
Total T:  186145 | Ep: 1954 | Steps:  179 | Reward:   388.45
Total T:  186432 | Ep: 1955 | Steps:  287 | Reward:   771.41
Total T:  186666 | Ep: 1956 | Steps:  234 | Reward:   684.72
Total T:  186793 | Ep: 1957 | Steps:  127 | Reward:   238.19
Total T:  186947 | Ep: 1958 | Steps:  154 | Reward:   293.14
Total T:  187213 | Ep: 1959 | Steps:  266 | Reward:   743.15
Total T:  187468 | Ep: 1960 | Steps:  255 | Reward:   722.93
Total T:  187828 | Ep: 1961 | Steps:  360 | Reward:   898.56
Total T:  188160 | Ep: 1962 | Steps:  332 | Reward:   854.26
Total T:  188414 | Ep: 1963 | Steps:  254 | Reward:   721.29
Total T:  188524 | Ep: 1964 | Steps:  110 | Reward:   173.33
Total T:  188687 | Ep: 1965 | Steps:  163 | Reward:   273.35
Total T:  188795 | Ep: 1966 | Steps:  108 | Reward:   165.26
Total T:  188962 | Ep: 1967 | Steps:  167 | Reward:   366.22
Total T:  189108 | Ep: 1968 | Steps:  146 | Reward:   326.77
Total T:  189208 | Ep: 1969 | Steps:  100 | Reward:   163.13
Total T:  189355 | Ep: 1970 | Steps:  147 | Reward:   383.63
Total T:  189560 | Ep: 1971 | Steps:  205 | Reward:   430.74
Total T:  189771 | Ep: 1972 | Steps:  211 | Reward:   579.13
Total T:  189889 | Ep: 1973 | Steps:  118 | Reward:   216.32
---------------------------------------
Evaluation over 10 episodes: 273.048
---------------------------------------
Total T:  190027 | Ep: 1974 | Steps:  138 | Reward:   274.01
Total T:  190355 | Ep: 1975 | Steps:  328 | Reward:   826.26
Total T:  190460 | Ep: 1976 | Steps:  105 | Reward:   211.49
Total T:  190717 | Ep: 1977 | Steps:  257 | Reward:   713.82
Total T:  191011 | Ep: 1978 | Steps:  294 | Reward:   816.82
Total T:  191121 | Ep: 1979 | Steps:  110 | Reward:   201.00
Total T:  191235 | Ep: 1980 | Steps:  114 | Reward:   214.11
Total T:  191515 | Ep: 1981 | Steps:  280 | Reward:   789.27
Total T:  191612 | Ep: 1982 | Steps:   97 | Reward:   175.39
Total T:  191804 | Ep: 1983 | Steps:  192 | Reward:   287.21
Total T:  191944 | Ep: 1984 | Steps:  140 | Reward:   298.96
Total T:  192220 | Ep: 1985 | Steps:  276 | Reward:   778.54
Total T:  192507 | Ep: 1986 | Steps:  287 | Reward:   780.34
Total T:  192829 | Ep: 1987 | Steps:  322 | Reward:   809.45
Total T:  193150 | Ep: 1988 | Steps:  321 | Reward:   843.93
Total T:  193340 | Ep: 1989 | Steps:  190 | Reward:   521.58
Total T:  193568 | Ep: 1990 | Steps:  228 | Reward:   616.11
Total T:  193677 | Ep: 1991 | Steps:  109 | Reward:   185.75
Total T:  193785 | Ep: 1992 | Steps:  108 | Reward:   214.82
Total T:  194038 | Ep: 1993 | Steps:  253 | Reward:   255.00
Total T:  194369 | Ep: 1994 | Steps:  331 | Reward:   893.99
Total T:  194518 | Ep: 1995 | Steps:  149 | Reward:   356.38
Total T:  194640 | Ep: 1996 | Steps:  122 | Reward:   231.00
Total T:  194760 | Ep: 1997 | Steps:  120 | Reward:   187.78
Total T:  194976 | Ep: 1998 | Steps:  216 | Reward:   590.29
Total T:  195092 | Ep: 1999 | Steps:  116 | Reward:   223.49
Total T:  195371 | Ep: 2000 | Steps:  279 | Reward:   774.98
Total T:  195600 | Ep: 2001 | Steps:  229 | Reward:   680.98
Total T:  195908 | Ep: 2002 | Steps:  308 | Reward:   815.29
Total T:  196013 | Ep: 2003 | Steps:  105 | Reward:   171.85
Total T:  196098 | Ep: 2004 | Steps:   85 | Reward:   192.52
Total T:  196326 | Ep: 2005 | Steps:  228 | Reward:   643.76
Total T:  196426 | Ep: 2006 | Steps:  100 | Reward:   172.95
Total T:  196553 | Ep: 2007 | Steps:  127 | Reward:   126.90
Total T:  196845 | Ep: 2008 | Steps:  292 | Reward:   778.28
Total T:  197095 | Ep: 2009 | Steps:  250 | Reward:   663.70
Total T:  197355 | Ep: 2010 | Steps:  260 | Reward:   737.02
Total T:  197580 | Ep: 2011 | Steps:  225 | Reward:   625.35
Total T:  197814 | Ep: 2012 | Steps:  234 | Reward:   643.96
Total T:  198057 | Ep: 2013 | Steps:  243 | Reward:   638.53
Total T:  198337 | Ep: 2014 | Steps:  280 | Reward:   804.27
Total T:  198612 | Ep: 2015 | Steps:  275 | Reward:   783.93
Total T:  198715 | Ep: 2016 | Steps:  103 | Reward:   182.89
Total T:  198993 | Ep: 2017 | Steps:  278 | Reward:   744.02
Total T:  199228 | Ep: 2018 | Steps:  235 | Reward:   642.82
Total T:  199576 | Ep: 2019 | Steps:  348 | Reward:   942.72
Total T:  199877 | Ep: 2020 | Steps:  301 | Reward:   821.28
---------------------------------------
Evaluation over 10 episodes: 843.888
---------------------------------------
Total T:  200122 | Ep: 2021 | Steps:  245 | Reward:   638.61
Total T:  200382 | Ep: 2022 | Steps:  260 | Reward:   726.03
Total T:  200643 | Ep: 2023 | Steps:  261 | Reward:   742.24
Total T:  200882 | Ep: 2024 | Steps:  239 | Reward:   651.20
Total T:  201022 | Ep: 2025 | Steps:  140 | Reward:   377.23
Total T:  201267 | Ep: 2026 | Steps:  245 | Reward:   673.84
Total T:  201542 | Ep: 2027 | Steps:  275 | Reward:   715.30
Total T:  201759 | Ep: 2028 | Steps:  217 | Reward:   609.19
Total T:  202045 | Ep: 2029 | Steps:  286 | Reward:   804.34
Total T:  202168 | Ep: 2030 | Steps:  123 | Reward:   289.20
Total T:  202397 | Ep: 2031 | Steps:  229 | Reward:   640.66
Total T:  202498 | Ep: 2032 | Steps:  101 | Reward:   176.62
Total T:  202650 | Ep: 2033 | Steps:  152 | Reward:   419.81
Total T:  202963 | Ep: 2034 | Steps:  313 | Reward:   834.31
Total T:  203221 | Ep: 2035 | Steps:  258 | Reward:   672.43
Total T:  203322 | Ep: 2036 | Steps:  101 | Reward:   206.73
Total T:  203756 | Ep: 2037 | Steps:  434 | Reward:  1140.11
Total T:  203991 | Ep: 2038 | Steps:  235 | Reward:   650.22
Total T:  204206 | Ep: 2039 | Steps:  215 | Reward:   617.30
Total T:  204479 | Ep: 2040 | Steps:  273 | Reward:   772.74
Total T:  204714 | Ep: 2041 | Steps:  235 | Reward:   636.56
Total T:  205062 | Ep: 2042 | Steps:  348 | Reward:   865.75
Total T:  205337 | Ep: 2043 | Steps:  275 | Reward:   685.03
Total T:  205649 | Ep: 2044 | Steps:  312 | Reward:   750.85
Total T:  205965 | Ep: 2045 | Steps:  316 | Reward:   806.68
Total T:  206222 | Ep: 2046 | Steps:  257 | Reward:   754.85
Total T:  206639 | Ep: 2047 | Steps:  417 | Reward:   914.34
Total T:  206955 | Ep: 2048 | Steps:  316 | Reward:   833.69
Total T:  207233 | Ep: 2049 | Steps:  278 | Reward:   793.19
Total T:  207499 | Ep: 2050 | Steps:  266 | Reward:   737.78
Total T:  207727 | Ep: 2051 | Steps:  228 | Reward:   664.79
Total T:  208085 | Ep: 2052 | Steps:  358 | Reward:   991.29
Total T:  208433 | Ep: 2053 | Steps:  348 | Reward:   939.77
Total T:  208757 | Ep: 2054 | Steps:  324 | Reward:   902.86
Total T:  209055 | Ep: 2055 | Steps:  298 | Reward:   796.19
Total T:  209362 | Ep: 2056 | Steps:  307 | Reward:   849.33
Total T:  209677 | Ep: 2057 | Steps:  315 | Reward:   822.23
Total T:  209986 | Ep: 2058 | Steps:  309 | Reward:   834.23
---------------------------------------
Evaluation over 10 episodes: 1185.477
---------------------------------------
Total T:  210386 | Ep: 2059 | Steps:  400 | Reward:  1015.65
Total T:  210567 | Ep: 2060 | Steps:  181 | Reward:   499.37
Total T:  210942 | Ep: 2061 | Steps:  375 | Reward:   991.97
Total T:  211230 | Ep: 2062 | Steps:  288 | Reward:   797.83
Total T:  211554 | Ep: 2063 | Steps:  324 | Reward:   853.99
Total T:  211981 | Ep: 2064 | Steps:  427 | Reward:  1146.98
Total T:  212219 | Ep: 2065 | Steps:  238 | Reward:   663.97
Total T:  212548 | Ep: 2066 | Steps:  329 | Reward:   876.62
Total T:  213015 | Ep: 2067 | Steps:  467 | Reward:  1239.23
Total T:  213401 | Ep: 2068 | Steps:  386 | Reward:   980.10
Total T:  213801 | Ep: 2069 | Steps:  400 | Reward:  1041.08
Total T:  214218 | Ep: 2070 | Steps:  417 | Reward:  1065.30
Total T:  214674 | Ep: 2071 | Steps:  456 | Reward:  1104.88
Total T:  215056 | Ep: 2072 | Steps:  382 | Reward:  1034.07
Total T:  215441 | Ep: 2073 | Steps:  385 | Reward:  1022.06
Total T:  215865 | Ep: 2074 | Steps:  424 | Reward:  1068.87
Total T:  216331 | Ep: 2075 | Steps:  466 | Reward:  1168.39
Total T:  216859 | Ep: 2076 | Steps:  528 | Reward:  1286.55
Total T:  217389 | Ep: 2077 | Steps:  530 | Reward:  1277.38
Total T:  217796 | Ep: 2078 | Steps:  407 | Reward:  1040.78
Total T:  218243 | Ep: 2079 | Steps:  447 | Reward:  1120.63
Total T:  218693 | Ep: 2080 | Steps:  450 | Reward:  1173.47
Total T:  218812 | Ep: 2081 | Steps:  119 | Reward:   291.63
Total T:  219286 | Ep: 2082 | Steps:  474 | Reward:  1209.69
Total T:  219782 | Ep: 2083 | Steps:  496 | Reward:  1267.51
---------------------------------------
Evaluation over 10 episodes: 1546.599
---------------------------------------
Total T:  220008 | Ep: 2084 | Steps:  226 | Reward:   671.28
Total T:  220458 | Ep: 2085 | Steps:  450 | Reward:  1192.55
Total T:  220873 | Ep: 2086 | Steps:  415 | Reward:  1054.66
Total T:  221070 | Ep: 2087 | Steps:  197 | Reward:   591.49
Total T:  221488 | Ep: 2088 | Steps:  418 | Reward:  1026.40
Total T:  222054 | Ep: 2089 | Steps:  566 | Reward:  1435.32
Total T:  222492 | Ep: 2090 | Steps:  438 | Reward:  1099.67
Total T:  222795 | Ep: 2091 | Steps:  303 | Reward:   824.07
Total T:  223203 | Ep: 2092 | Steps:  408 | Reward:  1041.33
Total T:  223684 | Ep: 2093 | Steps:  481 | Reward:  1188.87
Total T:  224139 | Ep: 2094 | Steps:  455 | Reward:  1104.08
Total T:  224654 | Ep: 2095 | Steps:  515 | Reward:  1232.46
Total T:  225090 | Ep: 2096 | Steps:  436 | Reward:  1078.81
Total T:  225464 | Ep: 2097 | Steps:  374 | Reward:   992.21
Total T:  225965 | Ep: 2098 | Steps:  501 | Reward:  1241.90
Total T:  226353 | Ep: 2099 | Steps:  388 | Reward:   996.30
Total T:  226804 | Ep: 2100 | Steps:  451 | Reward:  1137.92
Total T:  227330 | Ep: 2101 | Steps:  526 | Reward:  1314.81
Total T:  227796 | Ep: 2102 | Steps:  466 | Reward:  1195.83
Total T:  228123 | Ep: 2103 | Steps:  327 | Reward:   843.84
Total T:  228400 | Ep: 2104 | Steps:  277 | Reward:   782.58
Total T:  228790 | Ep: 2105 | Steps:  390 | Reward:   978.22
Total T:  229203 | Ep: 2106 | Steps:  413 | Reward:  1071.76
Total T:  229711 | Ep: 2107 | Steps:  508 | Reward:  1233.75
---------------------------------------
Evaluation over 10 episodes: 778.265
---------------------------------------
Total T:  230093 | Ep: 2108 | Steps:  382 | Reward:  1017.54
Total T:  230376 | Ep: 2109 | Steps:  283 | Reward:   810.02
Total T:  230571 | Ep: 2110 | Steps:  195 | Reward:   569.17
Total T:  231180 | Ep: 2111 | Steps:  609 | Reward:  1426.50
Total T:  231429 | Ep: 2112 | Steps:  249 | Reward:   732.91
Total T:  231890 | Ep: 2113 | Steps:  461 | Reward:  1176.75
Total T:  232290 | Ep: 2114 | Steps:  400 | Reward:  1006.10
Total T:  232782 | Ep: 2115 | Steps:  492 | Reward:  1231.75
Total T:  233300 | Ep: 2116 | Steps:  518 | Reward:  1281.88
Total T:  233617 | Ep: 2117 | Steps:  317 | Reward:   902.60
Total T:  234049 | Ep: 2118 | Steps:  432 | Reward:  1080.19
Total T:  234394 | Ep: 2119 | Steps:  345 | Reward:   875.10
Total T:  234517 | Ep: 2120 | Steps:  123 | Reward:   316.30
Total T:  234810 | Ep: 2121 | Steps:  293 | Reward:   796.11
Total T:  235231 | Ep: 2122 | Steps:  421 | Reward:  1052.15
Total T:  235603 | Ep: 2123 | Steps:  372 | Reward:  1024.19
Total T:  235704 | Ep: 2124 | Steps:  101 | Reward:   238.85
Total T:  236025 | Ep: 2125 | Steps:  321 | Reward:   836.48
Total T:  236375 | Ep: 2126 | Steps:  350 | Reward:   922.30
Total T:  236820 | Ep: 2127 | Steps:  445 | Reward:  1165.39
Total T:  237159 | Ep: 2128 | Steps:  339 | Reward:   929.69
Total T:  237620 | Ep: 2129 | Steps:  461 | Reward:  1174.30
Total T:  237730 | Ep: 2130 | Steps:  110 | Reward:   262.82
Total T:  237942 | Ep: 2131 | Steps:  212 | Reward:   617.77
Total T:  238297 | Ep: 2132 | Steps:  355 | Reward:   986.24
Total T:  238761 | Ep: 2133 | Steps:  464 | Reward:  1167.06
Total T:  239086 | Ep: 2134 | Steps:  325 | Reward:   878.30
Total T:  239444 | Ep: 2135 | Steps:  358 | Reward:   944.62
Total T:  239841 | Ep: 2136 | Steps:  397 | Reward:  1032.52
---------------------------------------
Evaluation over 10 episodes: 714.812
---------------------------------------
Total T:  240070 | Ep: 2137 | Steps:  229 | Reward:   664.03
Total T:  240401 | Ep: 2138 | Steps:  331 | Reward:   931.27
Total T:  240738 | Ep: 2139 | Steps:  337 | Reward:   877.35
Total T:  241125 | Ep: 2140 | Steps:  387 | Reward:  1009.16
Total T:  241474 | Ep: 2141 | Steps:  349 | Reward:   931.73
Total T:  241805 | Ep: 2142 | Steps:  331 | Reward:   846.63
Total T:  242174 | Ep: 2143 | Steps:  369 | Reward:   953.74
Total T:  242405 | Ep: 2144 | Steps:  231 | Reward:   712.27
Total T:  242623 | Ep: 2145 | Steps:  218 | Reward:   645.80
Total T:  242902 | Ep: 2146 | Steps:  279 | Reward:   759.42
Total T:  243259 | Ep: 2147 | Steps:  357 | Reward:   955.88
Total T:  243407 | Ep: 2148 | Steps:  148 | Reward:   406.15
Total T:  243779 | Ep: 2149 | Steps:  372 | Reward:   993.21
Total T:  244048 | Ep: 2150 | Steps:  269 | Reward:   724.27
Total T:  244457 | Ep: 2151 | Steps:  409 | Reward:  1067.34
Total T:  244859 | Ep: 2152 | Steps:  402 | Reward:  1017.43
Total T:  245061 | Ep: 2153 | Steps:  202 | Reward:   589.91
Total T:  245195 | Ep: 2154 | Steps:  134 | Reward:   366.96
Total T:  245468 | Ep: 2155 | Steps:  273 | Reward:   667.37
Total T:  245811 | Ep: 2156 | Steps:  343 | Reward:   954.69
Total T:  246125 | Ep: 2157 | Steps:  314 | Reward:   814.14
Total T:  246361 | Ep: 2158 | Steps:  236 | Reward:   681.75
Total T:  246675 | Ep: 2159 | Steps:  314 | Reward:   854.08
Total T:  246916 | Ep: 2160 | Steps:  241 | Reward:   710.57
Total T:  247213 | Ep: 2161 | Steps:  297 | Reward:   740.45
Total T:  247523 | Ep: 2162 | Steps:  310 | Reward:   852.60
Total T:  247624 | Ep: 2163 | Steps:  101 | Reward:   226.80
Total T:  247943 | Ep: 2164 | Steps:  319 | Reward:   868.02
Total T:  248232 | Ep: 2165 | Steps:  289 | Reward:   807.87
Total T:  248584 | Ep: 2166 | Steps:  352 | Reward:   911.37
Total T:  248674 | Ep: 2167 | Steps:   90 | Reward:   190.84
Total T:  248990 | Ep: 2168 | Steps:  316 | Reward:   877.33
Total T:  249358 | Ep: 2169 | Steps:  368 | Reward:   991.62
Total T:  249676 | Ep: 2170 | Steps:  318 | Reward:   857.42
Total T:  249901 | Ep: 2171 | Steps:  225 | Reward:   670.24
---------------------------------------
Evaluation over 10 episodes: 786.742
---------------------------------------
Total T:  250128 | Ep: 2172 | Steps:  227 | Reward:   664.97
Total T:  250395 | Ep: 2173 | Steps:  267 | Reward:   735.26
Total T:  250668 | Ep: 2174 | Steps:  273 | Reward:   717.52
Total T:  250800 | Ep: 2175 | Steps:  132 | Reward:   359.65
Total T:  251108 | Ep: 2176 | Steps:  308 | Reward:   828.55
Total T:  251476 | Ep: 2177 | Steps:  368 | Reward:   982.14
Total T:  251787 | Ep: 2178 | Steps:  311 | Reward:   839.59
Total T:  251872 | Ep: 2179 | Steps:   85 | Reward:   163.69
Total T:  252208 | Ep: 2180 | Steps:  336 | Reward:   917.94
Total T:  252311 | Ep: 2181 | Steps:  103 | Reward:   260.05
Total T:  252447 | Ep: 2182 | Steps:  136 | Reward:   377.57
Total T:  252577 | Ep: 2183 | Steps:  130 | Reward:   344.36
Total T:  252814 | Ep: 2184 | Steps:  237 | Reward:   600.98
Total T:  253095 | Ep: 2185 | Steps:  281 | Reward:   661.51
Total T:  253424 | Ep: 2186 | Steps:  329 | Reward:   835.62
Total T:  253638 | Ep: 2187 | Steps:  214 | Reward:   650.94
Total T:  253899 | Ep: 2188 | Steps:  261 | Reward:   745.19
Total T:  254074 | Ep: 2189 | Steps:  175 | Reward:   496.03
Total T:  254387 | Ep: 2190 | Steps:  313 | Reward:   817.82
Total T:  254618 | Ep: 2191 | Steps:  231 | Reward:   667.55
Total T:  254908 | Ep: 2192 | Steps:  290 | Reward:   739.15
Total T:  255161 | Ep: 2193 | Steps:  253 | Reward:   603.35
Total T:  255479 | Ep: 2194 | Steps:  318 | Reward:   900.19
Total T:  255670 | Ep: 2195 | Steps:  191 | Reward:   549.96
Total T:  255905 | Ep: 2196 | Steps:  235 | Reward:   641.57
Total T:  256099 | Ep: 2197 | Steps:  194 | Reward:   568.62
Total T:  256530 | Ep: 2198 | Steps:  431 | Reward:  1196.59
Total T:  256722 | Ep: 2199 | Steps:  192 | Reward:   549.53
Total T:  257028 | Ep: 2200 | Steps:  306 | Reward:   810.71
Total T:  257219 | Ep: 2201 | Steps:  191 | Reward:   552.54
Total T:  257462 | Ep: 2202 | Steps:  243 | Reward:   662.25
Total T:  257792 | Ep: 2203 | Steps:  330 | Reward:   872.20
Total T:  258372 | Ep: 2204 | Steps:  580 | Reward:  1272.70
Total T:  258640 | Ep: 2205 | Steps:  268 | Reward:   669.12
Total T:  258944 | Ep: 2206 | Steps:  304 | Reward:   846.30
Total T:  259271 | Ep: 2207 | Steps:  327 | Reward:   958.25
Total T:  259551 | Ep: 2208 | Steps:  280 | Reward:   776.33
Total T:  259875 | Ep: 2209 | Steps:  324 | Reward:   839.93
---------------------------------------
Evaluation over 10 episodes: 923.465
---------------------------------------
Total T:  260081 | Ep: 2210 | Steps:  206 | Reward:   598.19
Total T:  260349 | Ep: 2211 | Steps:  268 | Reward:   748.95
Total T:  260568 | Ep: 2212 | Steps:  219 | Reward:   669.87
Total T:  260962 | Ep: 2213 | Steps:  394 | Reward:  1172.55
Total T:  261326 | Ep: 2214 | Steps:  364 | Reward:  1034.31
Total T:  261660 | Ep: 2215 | Steps:  334 | Reward:   931.57
Total T:  261989 | Ep: 2216 | Steps:  329 | Reward:   856.71
Total T:  262167 | Ep: 2217 | Steps:  178 | Reward:   518.30
Total T:  262357 | Ep: 2218 | Steps:  190 | Reward:   547.57
Total T:  262494 | Ep: 2219 | Steps:  137 | Reward:   326.60
Total T:  262608 | Ep: 2220 | Steps:  114 | Reward:   284.75
Total T:  262860 | Ep: 2221 | Steps:  252 | Reward:   663.87
Total T:  262980 | Ep: 2222 | Steps:  120 | Reward:   244.73
Total T:  263094 | Ep: 2223 | Steps:  114 | Reward:   232.24
Total T:  263242 | Ep: 2224 | Steps:  148 | Reward:   407.03
Total T:  263566 | Ep: 2225 | Steps:  324 | Reward:   834.67
Total T:  263878 | Ep: 2226 | Steps:  312 | Reward:   884.86
Total T:  264112 | Ep: 2227 | Steps:  234 | Reward:   719.34
Total T:  264435 | Ep: 2228 | Steps:  323 | Reward:   940.81
Total T:  264749 | Ep: 2229 | Steps:  314 | Reward:   896.46
Total T:  265051 | Ep: 2230 | Steps:  302 | Reward:   829.58
Total T:  265166 | Ep: 2231 | Steps:  115 | Reward:   276.47
Total T:  265257 | Ep: 2232 | Steps:   91 | Reward:   217.40
Total T:  265573 | Ep: 2233 | Steps:  316 | Reward:   901.30
Total T:  265843 | Ep: 2234 | Steps:  270 | Reward:   767.27
Total T:  266081 | Ep: 2235 | Steps:  238 | Reward:   639.04
Total T:  266198 | Ep: 2236 | Steps:  117 | Reward:   239.69
Total T:  266497 | Ep: 2237 | Steps:  299 | Reward:   828.13
Total T:  266808 | Ep: 2238 | Steps:  311 | Reward:   901.91
Total T:  267083 | Ep: 2239 | Steps:  275 | Reward:   693.12
Total T:  267380 | Ep: 2240 | Steps:  297 | Reward:   870.42
Total T:  267618 | Ep: 2241 | Steps:  238 | Reward:   634.52
Total T:  267879 | Ep: 2242 | Steps:  261 | Reward:   750.31
Total T:  268177 | Ep: 2243 | Steps:  298 | Reward:   812.16
Total T:  268351 | Ep: 2244 | Steps:  174 | Reward:   476.22
Total T:  268624 | Ep: 2245 | Steps:  273 | Reward:   763.50
Total T:  268921 | Ep: 2246 | Steps:  297 | Reward:   822.54
Total T:  269124 | Ep: 2247 | Steps:  203 | Reward:   623.21
Total T:  269409 | Ep: 2248 | Steps:  285 | Reward:   820.67
Total T:  269728 | Ep: 2249 | Steps:  319 | Reward:   901.96
Total T:  269956 | Ep: 2250 | Steps:  228 | Reward:   691.60
---------------------------------------
Evaluation over 10 episodes: 799.107
---------------------------------------
Total T:  270298 | Ep: 2251 | Steps:  342 | Reward:   955.11
Total T:  270428 | Ep: 2252 | Steps:  130 | Reward:   342.41
Total T:  270637 | Ep: 2253 | Steps:  209 | Reward:   586.92
Total T:  270942 | Ep: 2254 | Steps:  305 | Reward:   868.32
Total T:  271129 | Ep: 2255 | Steps:  187 | Reward:   567.22
Total T:  271461 | Ep: 2256 | Steps:  332 | Reward:   909.72
Total T:  271723 | Ep: 2257 | Steps:  262 | Reward:   700.54
Total T:  271983 | Ep: 2258 | Steps:  260 | Reward:   689.12
Total T:  272319 | Ep: 2259 | Steps:  336 | Reward:   938.87
Total T:  272516 | Ep: 2260 | Steps:  197 | Reward:   535.75
Total T:  272642 | Ep: 2261 | Steps:  126 | Reward:   335.06
Total T:  272921 | Ep: 2262 | Steps:  279 | Reward:   802.36
Total T:  273224 | Ep: 2263 | Steps:  303 | Reward:   819.93
Total T:  273529 | Ep: 2264 | Steps:  305 | Reward:   835.64
Total T:  273830 | Ep: 2265 | Steps:  301 | Reward:   828.25
Total T:  274010 | Ep: 2266 | Steps:  180 | Reward:   533.32
Total T:  274286 | Ep: 2267 | Steps:  276 | Reward:   715.58
Total T:  274426 | Ep: 2268 | Steps:  140 | Reward:   329.85
Total T:  274658 | Ep: 2269 | Steps:  232 | Reward:   696.25
Total T:  274873 | Ep: 2270 | Steps:  215 | Reward:   605.24
Total T:  275209 | Ep: 2271 | Steps:  336 | Reward:   860.05
Total T:  275506 | Ep: 2272 | Steps:  297 | Reward:   823.60
Total T:  275831 | Ep: 2273 | Steps:  325 | Reward:   950.73
Total T:  276075 | Ep: 2274 | Steps:  244 | Reward:   605.78
Total T:  276372 | Ep: 2275 | Steps:  297 | Reward:   862.74
Total T:  276671 | Ep: 2276 | Steps:  299 | Reward:   887.01
Total T:  276857 | Ep: 2277 | Steps:  186 | Reward:   539.59
Total T:  277150 | Ep: 2278 | Steps:  293 | Reward:   770.52
Total T:  277438 | Ep: 2279 | Steps:  288 | Reward:   801.01
Total T:  277758 | Ep: 2280 | Steps:  320 | Reward:   852.98
Total T:  278101 | Ep: 2281 | Steps:  343 | Reward:   934.95
Total T:  278393 | Ep: 2282 | Steps:  292 | Reward:   799.27
Total T:  278669 | Ep: 2283 | Steps:  276 | Reward:   756.91
Total T:  278802 | Ep: 2284 | Steps:  133 | Reward:   351.41
Total T:  279097 | Ep: 2285 | Steps:  295 | Reward:   905.45
Total T:  279473 | Ep: 2286 | Steps:  376 | Reward:  1052.03
Total T:  279763 | Ep: 2287 | Steps:  290 | Reward:   715.10
---------------------------------------
Evaluation over 10 episodes: 698.250
---------------------------------------
Total T:  280130 | Ep: 2288 | Steps:  367 | Reward:   980.13
Total T:  280467 | Ep: 2289 | Steps:  337 | Reward:   956.01
Total T:  280756 | Ep: 2290 | Steps:  289 | Reward:   747.78
Total T:  280845 | Ep: 2291 | Steps:   89 | Reward:   149.40
Total T:  281080 | Ep: 2292 | Steps:  235 | Reward:   693.73
Total T:  281352 | Ep: 2293 | Steps:  272 | Reward:   795.92
Total T:  281583 | Ep: 2294 | Steps:  231 | Reward:   583.75
Total T:  281753 | Ep: 2295 | Steps:  170 | Reward:   381.53
Total T:  281838 | Ep: 2296 | Steps:   85 | Reward:   196.07
Total T:  282281 | Ep: 2297 | Steps:  443 | Reward:   879.91
Total T:  282627 | Ep: 2298 | Steps:  346 | Reward:   954.55
Total T:  282884 | Ep: 2299 | Steps:  257 | Reward:   752.60
Total T:  283032 | Ep: 2300 | Steps:  148 | Reward:   311.79
Total T:  283288 | Ep: 2301 | Steps:  256 | Reward:   784.91
Total T:  283606 | Ep: 2302 | Steps:  318 | Reward:   925.61
Total T:  283754 | Ep: 2303 | Steps:  148 | Reward:   407.32
Total T:  284095 | Ep: 2304 | Steps:  341 | Reward:   942.99
Total T:  284187 | Ep: 2305 | Steps:   92 | Reward:   221.50
Total T:  284525 | Ep: 2306 | Steps:  338 | Reward:   486.11
Total T:  284754 | Ep: 2307 | Steps:  229 | Reward:   665.38
Total T:  285046 | Ep: 2308 | Steps:  292 | Reward:   819.36
Total T:  285165 | Ep: 2309 | Steps:  119 | Reward:   274.16
Total T:  285451 | Ep: 2310 | Steps:  286 | Reward:   721.92
Total T:  285570 | Ep: 2311 | Steps:  119 | Reward:   296.28
Total T:  285876 | Ep: 2312 | Steps:  306 | Reward:   886.54
Total T:  285963 | Ep: 2313 | Steps:   87 | Reward:   193.51
Total T:  286186 | Ep: 2314 | Steps:  223 | Reward:   685.94
Total T:  286429 | Ep: 2315 | Steps:  243 | Reward:   719.31
Total T:  286620 | Ep: 2316 | Steps:  191 | Reward:   545.88
Total T:  286864 | Ep: 2317 | Steps:  244 | Reward:   679.29
Total T:  287147 | Ep: 2318 | Steps:  283 | Reward:   834.34
Total T:  287423 | Ep: 2319 | Steps:  276 | Reward:   778.48
Total T:  287603 | Ep: 2320 | Steps:  180 | Reward:   519.44
Total T:  287728 | Ep: 2321 | Steps:  125 | Reward:   299.98
Total T:  288017 | Ep: 2322 | Steps:  289 | Reward:   819.37
Total T:  288295 | Ep: 2323 | Steps:  278 | Reward:   776.34
Total T:  288593 | Ep: 2324 | Steps:  298 | Reward:   840.87
Total T:  288840 | Ep: 2325 | Steps:  247 | Reward:   751.31
Total T:  289080 | Ep: 2326 | Steps:  240 | Reward:   709.42
Total T:  289323 | Ep: 2327 | Steps:  243 | Reward:   683.34
Total T:  289551 | Ep: 2328 | Steps:  228 | Reward:   676.16
Total T:  289852 | Ep: 2329 | Steps:  301 | Reward:   854.75
---------------------------------------
Evaluation over 10 episodes: 769.863
---------------------------------------
Total T:  290125 | Ep: 2330 | Steps:  273 | Reward:   782.92
Total T:  290218 | Ep: 2331 | Steps:   93 | Reward:   214.19
Total T:  290511 | Ep: 2332 | Steps:  293 | Reward:   806.02
Total T:  290777 | Ep: 2333 | Steps:  266 | Reward:   732.07
Total T:  291022 | Ep: 2334 | Steps:  245 | Reward:   702.34
Total T:  291279 | Ep: 2335 | Steps:  257 | Reward:   703.52
Total T:  291473 | Ep: 2336 | Steps:  194 | Reward:   592.43
Total T:  291759 | Ep: 2337 | Steps:  286 | Reward:   786.87
Total T:  292035 | Ep: 2338 | Steps:  276 | Reward:   756.31
Total T:  292169 | Ep: 2339 | Steps:  134 | Reward:   360.63
Total T:  292345 | Ep: 2340 | Steps:  176 | Reward:   517.23
Total T:  292432 | Ep: 2341 | Steps:   87 | Reward:   205.45
Total T:  292605 | Ep: 2342 | Steps:  173 | Reward:   488.55
Total T:  292724 | Ep: 2343 | Steps:  119 | Reward:   316.94
Total T:  293012 | Ep: 2344 | Steps:  288 | Reward:   781.74
Total T:  293231 | Ep: 2345 | Steps:  219 | Reward:   690.07
Total T:  293500 | Ep: 2346 | Steps:  269 | Reward:   718.60
Total T:  293744 | Ep: 2347 | Steps:  244 | Reward:   730.16
Total T:  293993 | Ep: 2348 | Steps:  249 | Reward:   717.57
Total T:  294295 | Ep: 2349 | Steps:  302 | Reward:   905.97
Total T:  294562 | Ep: 2350 | Steps:  267 | Reward:   768.90
Total T:  294887 | Ep: 2351 | Steps:  325 | Reward:   809.21
Total T:  295178 | Ep: 2352 | Steps:  291 | Reward:   790.53
Total T:  295444 | Ep: 2353 | Steps:  266 | Reward:   715.59
Total T:  295704 | Ep: 2354 | Steps:  260 | Reward:   768.28
Total T:  295827 | Ep: 2355 | Steps:  123 | Reward:   332.66
Total T:  296085 | Ep: 2356 | Steps:  258 | Reward:   673.54
Total T:  296307 | Ep: 2357 | Steps:  222 | Reward:   652.36
Total T:  296656 | Ep: 2358 | Steps:  349 | Reward:   958.53
Total T:  296933 | Ep: 2359 | Steps:  277 | Reward:   783.67
Total T:  297217 | Ep: 2360 | Steps:  284 | Reward:   819.71
Total T:  297477 | Ep: 2361 | Steps:  260 | Reward:   730.92
Total T:  297677 | Ep: 2362 | Steps:  200 | Reward:   608.06
Total T:  297960 | Ep: 2363 | Steps:  283 | Reward:   775.82
Total T:  298244 | Ep: 2364 | Steps:  284 | Reward:   783.43
Total T:  298473 | Ep: 2365 | Steps:  229 | Reward:   672.99
Total T:  298751 | Ep: 2366 | Steps:  278 | Reward:   782.45
Total T:  298932 | Ep: 2367 | Steps:  181 | Reward:   540.44
Total T:  299229 | Ep: 2368 | Steps:  297 | Reward:   815.10
Total T:  299472 | Ep: 2369 | Steps:  243 | Reward:   716.94
Total T:  299746 | Ep: 2370 | Steps:  274 | Reward:   726.54
---------------------------------------
Evaluation over 10 episodes: 736.008
---------------------------------------
Total T:  300016 | Ep: 2371 | Steps:  270 | Reward:   735.23
Total T:  300343 | Ep: 2372 | Steps:  327 | Reward:   980.30
Total T:  300641 | Ep: 2373 | Steps:  298 | Reward:   809.19
Total T:  300844 | Ep: 2374 | Steps:  203 | Reward:   606.56
Total T:  301103 | Ep: 2375 | Steps:  259 | Reward:   709.19
Total T:  301354 | Ep: 2376 | Steps:  251 | Reward:   734.75
Total T:  301478 | Ep: 2377 | Steps:  124 | Reward:   336.90
Total T:  301707 | Ep: 2378 | Steps:  229 | Reward:   720.40
Total T:  302023 | Ep: 2379 | Steps:  316 | Reward:   848.36
Total T:  302153 | Ep: 2380 | Steps:  130 | Reward:   348.20
Total T:  302268 | Ep: 2381 | Steps:  115 | Reward:   298.80
Total T:  302537 | Ep: 2382 | Steps:  269 | Reward:   723.47
Total T:  302831 | Ep: 2383 | Steps:  294 | Reward:   842.51
Total T:  303062 | Ep: 2384 | Steps:  231 | Reward:   598.06
Total T:  303336 | Ep: 2385 | Steps:  274 | Reward:   769.38
Total T:  303634 | Ep: 2386 | Steps:  298 | Reward:   843.91
Total T:  303920 | Ep: 2387 | Steps:  286 | Reward:   821.04
Total T:  304092 | Ep: 2388 | Steps:  172 | Reward:   490.79
Total T:  304360 | Ep: 2389 | Steps:  268 | Reward:   742.58
Total T:  304645 | Ep: 2390 | Steps:  285 | Reward:   766.20
Total T:  304758 | Ep: 2391 | Steps:  113 | Reward:   272.80
Total T:  305137 | Ep: 2392 | Steps:  379 | Reward:   949.09
Total T:  305423 | Ep: 2393 | Steps:  286 | Reward:   761.15
Total T:  305557 | Ep: 2394 | Steps:  134 | Reward:   356.33
Total T:  305812 | Ep: 2395 | Steps:  255 | Reward:   653.33
Total T:  305994 | Ep: 2396 | Steps:  182 | Reward:   523.22
Total T:  306212 | Ep: 2397 | Steps:  218 | Reward:   635.14
Total T:  306397 | Ep: 2398 | Steps:  185 | Reward:   541.17
Total T:  306662 | Ep: 2399 | Steps:  265 | Reward:   679.19
Total T:  306934 | Ep: 2400 | Steps:  272 | Reward:   749.63
Total T:  307196 | Ep: 2401 | Steps:  262 | Reward:   725.37
Total T:  307434 | Ep: 2402 | Steps:  238 | Reward:   708.93
Total T:  307543 | Ep: 2403 | Steps:  109 | Reward:   270.16
Total T:  307772 | Ep: 2404 | Steps:  229 | Reward:   727.01
Total T:  307897 | Ep: 2405 | Steps:  125 | Reward:   336.16
Total T:  308133 | Ep: 2406 | Steps:  236 | Reward:   726.34
Total T:  308423 | Ep: 2407 | Steps:  290 | Reward:   825.90
Total T:  308701 | Ep: 2408 | Steps:  278 | Reward:   755.49
Total T:  308834 | Ep: 2409 | Steps:  133 | Reward:   354.47
Total T:  308969 | Ep: 2410 | Steps:  135 | Reward:   363.79
Total T:  309201 | Ep: 2411 | Steps:  232 | Reward:   600.01
Total T:  309457 | Ep: 2412 | Steps:  256 | Reward:   718.33
Total T:  309718 | Ep: 2413 | Steps:  261 | Reward:   739.05
Total T:  309982 | Ep: 2414 | Steps:  264 | Reward:   740.34
---------------------------------------
Evaluation over 10 episodes: 520.312
---------------------------------------
Total T:  310207 | Ep: 2415 | Steps:  225 | Reward:   658.74
Total T:  310422 | Ep: 2416 | Steps:  215 | Reward:   638.76
Total T:  310678 | Ep: 2417 | Steps:  256 | Reward:   712.45
Total T:  310949 | Ep: 2418 | Steps:  271 | Reward:   736.14
Total T:  311226 | Ep: 2419 | Steps:  277 | Reward:   764.92
Total T:  311406 | Ep: 2420 | Steps:  180 | Reward:   505.69
Total T:  311574 | Ep: 2421 | Steps:  168 | Reward:   476.02
Total T:  311730 | Ep: 2422 | Steps:  156 | Reward:   427.15
Total T:  312000 | Ep: 2423 | Steps:  270 | Reward:   824.42
Total T:  312215 | Ep: 2424 | Steps:  215 | Reward:   619.79
Total T:  312377 | Ep: 2425 | Steps:  162 | Reward:   449.87
Total T:  312508 | Ep: 2426 | Steps:  131 | Reward:   343.93
Total T:  312801 | Ep: 2427 | Steps:  293 | Reward:   841.48
Total T:  313049 | Ep: 2428 | Steps:  248 | Reward:   670.42
Total T:  313171 | Ep: 2429 | Steps:  122 | Reward:   326.31
Total T:  313297 | Ep: 2430 | Steps:  126 | Reward:   337.91
Total T:  313425 | Ep: 2431 | Steps:  128 | Reward:   342.62
Total T:  313640 | Ep: 2432 | Steps:  215 | Reward:   662.62
Total T:  313906 | Ep: 2433 | Steps:  266 | Reward:   736.65
Total T:  314024 | Ep: 2434 | Steps:  118 | Reward:   292.34
Total T:  314144 | Ep: 2435 | Steps:  120 | Reward:   323.22
Total T:  314329 | Ep: 2436 | Steps:  185 | Reward:   537.39
Total T:  314538 | Ep: 2437 | Steps:  209 | Reward:   628.85
Total T:  314664 | Ep: 2438 | Steps:  126 | Reward:   344.99
Total T:  314792 | Ep: 2439 | Steps:  128 | Reward:   342.31
Total T:  315072 | Ep: 2440 | Steps:  280 | Reward:   790.21
Total T:  315199 | Ep: 2441 | Steps:  127 | Reward:   337.69
Total T:  315443 | Ep: 2442 | Steps:  244 | Reward:   743.64
Total T:  315731 | Ep: 2443 | Steps:  288 | Reward:   806.54
Total T:  315867 | Ep: 2444 | Steps:  136 | Reward:   366.84
Total T:  316130 | Ep: 2445 | Steps:  263 | Reward:   767.29
Total T:  316306 | Ep: 2446 | Steps:  176 | Reward:   501.78
Total T:  316583 | Ep: 2447 | Steps:  277 | Reward:   780.74
Total T:  316716 | Ep: 2448 | Steps:  133 | Reward:   359.23
Total T:  316991 | Ep: 2449 | Steps:  275 | Reward:   768.98
Total T:  317142 | Ep: 2450 | Steps:  151 | Reward:   343.42
Total T:  317432 | Ep: 2451 | Steps:  290 | Reward:   781.49
Total T:  317647 | Ep: 2452 | Steps:  215 | Reward:   622.22
Total T:  317955 | Ep: 2453 | Steps:  308 | Reward:   826.06
Total T:  318136 | Ep: 2454 | Steps:  181 | Reward:   514.64
Total T:  318333 | Ep: 2455 | Steps:  197 | Reward:   581.52
Total T:  318474 | Ep: 2456 | Steps:  141 | Reward:   382.30
Total T:  318576 | Ep: 2457 | Steps:  102 | Reward:   197.97
Total T:  318723 | Ep: 2458 | Steps:  147 | Reward:   420.41
Total T:  318984 | Ep: 2459 | Steps:  261 | Reward:   734.22
Total T:  319109 | Ep: 2460 | Steps:  125 | Reward:   328.17
Total T:  319374 | Ep: 2461 | Steps:  265 | Reward:   768.42
Total T:  319498 | Ep: 2462 | Steps:  124 | Reward:   336.03
Total T:  319678 | Ep: 2463 | Steps:  180 | Reward:   521.31
Total T:  319911 | Ep: 2464 | Steps:  233 | Reward:   742.97
---------------------------------------
Evaluation over 10 episodes: 735.174
---------------------------------------
Total T:  320226 | Ep: 2465 | Steps:  315 | Reward:   840.47
Total T:  320485 | Ep: 2466 | Steps:  259 | Reward:   773.62
Total T:  320621 | Ep: 2467 | Steps:  136 | Reward:   363.52
Total T:  320882 | Ep: 2468 | Steps:  261 | Reward:   757.78
Total T:  321149 | Ep: 2469 | Steps:  267 | Reward:   738.53
Total T:  321370 | Ep: 2470 | Steps:  221 | Reward:   693.32
Total T:  321636 | Ep: 2471 | Steps:  266 | Reward:   733.97
Total T:  321917 | Ep: 2472 | Steps:  281 | Reward:   810.55
Total T:  322194 | Ep: 2473 | Steps:  277 | Reward:   781.92
Total T:  322362 | Ep: 2474 | Steps:  168 | Reward:   478.10
Total T:  322493 | Ep: 2475 | Steps:  131 | Reward:   346.87
Total T:  322710 | Ep: 2476 | Steps:  217 | Reward:   640.69
Total T:  322913 | Ep: 2477 | Steps:  203 | Reward:   601.22
Total T:  323044 | Ep: 2478 | Steps:  131 | Reward:   351.00
Total T:  323182 | Ep: 2479 | Steps:  138 | Reward:   258.21
Total T:  323309 | Ep: 2480 | Steps:  127 | Reward:   315.65
Total T:  323491 | Ep: 2481 | Steps:  182 | Reward:   534.54
Total T:  323748 | Ep: 2482 | Steps:  257 | Reward:   729.37
Total T:  323870 | Ep: 2483 | Steps:  122 | Reward:   319.64
Total T:  324143 | Ep: 2484 | Steps:  273 | Reward:   733.45
Total T:  324421 | Ep: 2485 | Steps:  278 | Reward:   776.31
Total T:  324693 | Ep: 2486 | Steps:  272 | Reward:   787.35
Total T:  324953 | Ep: 2487 | Steps:  260 | Reward:   768.65
Total T:  325239 | Ep: 2488 | Steps:  286 | Reward:   772.94
Total T:  325381 | Ep: 2489 | Steps:  142 | Reward:   387.30
Total T:  325594 | Ep: 2490 | Steps:  213 | Reward:   634.75
Total T:  325713 | Ep: 2491 | Steps:  119 | Reward:   311.09
Total T:  325830 | Ep: 2492 | Steps:  117 | Reward:   309.49
Total T:  325935 | Ep: 2493 | Steps:  105 | Reward:   262.01
Total T:  326053 | Ep: 2494 | Steps:  118 | Reward:   303.53
Total T:  326197 | Ep: 2495 | Steps:  144 | Reward:   396.12
Total T:  326475 | Ep: 2496 | Steps:  278 | Reward:   822.36
Total T:  326728 | Ep: 2497 | Steps:  253 | Reward:   721.02
Total T:  327043 | Ep: 2498 | Steps:  315 | Reward:   823.83
Total T:  327183 | Ep: 2499 | Steps:  140 | Reward:   379.03
Total T:  327376 | Ep: 2500 | Steps:  193 | Reward:   581.20
Total T:  327502 | Ep: 2501 | Steps:  126 | Reward:   334.27
Total T:  327745 | Ep: 2502 | Steps:  243 | Reward:   663.45
Total T:  327977 | Ep: 2503 | Steps:  232 | Reward:   649.51
Total T:  328255 | Ep: 2504 | Steps:  278 | Reward:   773.62
Total T:  328532 | Ep: 2505 | Steps:  277 | Reward:   746.78
Total T:  328767 | Ep: 2506 | Steps:  235 | Reward:   711.87
Total T:  328933 | Ep: 2507 | Steps:  166 | Reward:   468.64
Total T:  329119 | Ep: 2508 | Steps:  186 | Reward:   542.48
Total T:  329381 | Ep: 2509 | Steps:  262 | Reward:   765.34
Total T:  329661 | Ep: 2510 | Steps:  280 | Reward:   772.66
Total T:  329946 | Ep: 2511 | Steps:  285 | Reward:   789.59
---------------------------------------
Evaluation over 10 episodes: 471.462
---------------------------------------
Total T:  330074 | Ep: 2512 | Steps:  128 | Reward:   348.82
Total T:  330304 | Ep: 2513 | Steps:  230 | Reward:   658.13
Total T:  330571 | Ep: 2514 | Steps:  267 | Reward:   729.40
Total T:  330852 | Ep: 2515 | Steps:  281 | Reward:   784.19
Total T:  331138 | Ep: 2516 | Steps:  286 | Reward:   841.04
Total T:  331345 | Ep: 2517 | Steps:  207 | Reward:   625.14
Total T:  331667 | Ep: 2518 | Steps:  322 | Reward:   891.94
Total T:  331963 | Ep: 2519 | Steps:  296 | Reward:   801.60
Total T:  332193 | Ep: 2520 | Steps:  230 | Reward:   611.59
Total T:  332378 | Ep: 2521 | Steps:  185 | Reward:   557.52
Total T:  332653 | Ep: 2522 | Steps:  275 | Reward:   754.82
Total T:  332887 | Ep: 2523 | Steps:  234 | Reward:   702.78
Total T:  333147 | Ep: 2524 | Steps:  260 | Reward:   808.09
Total T:  333277 | Ep: 2525 | Steps:  130 | Reward:   268.17
Total T:  333541 | Ep: 2526 | Steps:  264 | Reward:   736.70
Total T:  333725 | Ep: 2527 | Steps:  184 | Reward:   556.01
Total T:  333947 | Ep: 2528 | Steps:  222 | Reward:   621.08
Total T:  334140 | Ep: 2529 | Steps:  193 | Reward:   576.82
Total T:  334417 | Ep: 2530 | Steps:  277 | Reward:   778.46
Total T:  334658 | Ep: 2531 | Steps:  241 | Reward:   726.29
Total T:  334928 | Ep: 2532 | Steps:  270 | Reward:   777.75
Total T:  335198 | Ep: 2533 | Steps:  270 | Reward:   774.10
Total T:  335317 | Ep: 2534 | Steps:  119 | Reward:   317.29
Total T:  335534 | Ep: 2535 | Steps:  217 | Reward:   610.92
Total T:  335805 | Ep: 2536 | Steps:  271 | Reward:   791.74
Total T:  336017 | Ep: 2537 | Steps:  212 | Reward:   637.46
Total T:  336283 | Ep: 2538 | Steps:  266 | Reward:   761.28
Total T:  336503 | Ep: 2539 | Steps:  220 | Reward:   623.95
Total T:  336685 | Ep: 2540 | Steps:  182 | Reward:   537.53
Total T:  336838 | Ep: 2541 | Steps:  153 | Reward:   418.01
Total T:  336986 | Ep: 2542 | Steps:  148 | Reward:   419.59
Total T:  337202 | Ep: 2543 | Steps:  216 | Reward:   591.96
Total T:  337473 | Ep: 2544 | Steps:  271 | Reward:   770.87
Total T:  337735 | Ep: 2545 | Steps:  262 | Reward:   712.21
Total T:  337996 | Ep: 2546 | Steps:  261 | Reward:   737.86
Total T:  338255 | Ep: 2547 | Steps:  259 | Reward:   709.89
Total T:  338539 | Ep: 2548 | Steps:  284 | Reward:   835.24
Total T:  338856 | Ep: 2549 | Steps:  317 | Reward:   800.10
Total T:  339131 | Ep: 2550 | Steps:  275 | Reward:   717.83
Total T:  339434 | Ep: 2551 | Steps:  303 | Reward:   831.95
Total T:  339742 | Ep: 2552 | Steps:  308 | Reward:   815.90
---------------------------------------
Evaluation over 10 episodes: 676.797
---------------------------------------
Total T:  340009 | Ep: 2553 | Steps:  267 | Reward:   716.35
Total T:  340270 | Ep: 2554 | Steps:  261 | Reward:   748.43
Total T:  340406 | Ep: 2555 | Steps:  136 | Reward:   376.23
Total T:  340670 | Ep: 2556 | Steps:  264 | Reward:   778.53
Total T:  340914 | Ep: 2557 | Steps:  244 | Reward:   587.77
Total T:  341166 | Ep: 2558 | Steps:  252 | Reward:   745.32
Total T:  341292 | Ep: 2559 | Steps:  126 | Reward:   331.13
Total T:  341460 | Ep: 2560 | Steps:  168 | Reward:   515.64
Total T:  341680 | Ep: 2561 | Steps:  220 | Reward:   624.26
Total T:  341939 | Ep: 2562 | Steps:  259 | Reward:   696.96
Total T:  342224 | Ep: 2563 | Steps:  285 | Reward:   790.56
Total T:  342467 | Ep: 2564 | Steps:  243 | Reward:   699.50
Total T:  342719 | Ep: 2565 | Steps:  252 | Reward:   760.91
Total T:  342971 | Ep: 2566 | Steps:  252 | Reward:   724.80
Total T:  343173 | Ep: 2567 | Steps:  202 | Reward:   605.65
Total T:  343448 | Ep: 2568 | Steps:  275 | Reward:   729.20
Total T:  343721 | Ep: 2569 | Steps:  273 | Reward:   753.05
Total T:  343956 | Ep: 2570 | Steps:  235 | Reward:   602.29
Total T:  344207 | Ep: 2571 | Steps:  251 | Reward:   707.28
Total T:  344433 | Ep: 2572 | Steps:  226 | Reward:   691.32
Total T:  344702 | Ep: 2573 | Steps:  269 | Reward:   737.25
Total T:  344903 | Ep: 2574 | Steps:  201 | Reward:   517.50
Total T:  345178 | Ep: 2575 | Steps:  275 | Reward:   713.37
Total T:  345460 | Ep: 2576 | Steps:  282 | Reward:   787.52
Total T:  345724 | Ep: 2577 | Steps:  264 | Reward:   715.13
Total T:  345976 | Ep: 2578 | Steps:  252 | Reward:   707.30
Total T:  346248 | Ep: 2579 | Steps:  272 | Reward:   684.27
Total T:  346511 | Ep: 2580 | Steps:  263 | Reward:   703.86
Total T:  346749 | Ep: 2581 | Steps:  238 | Reward:   664.52
Total T:  347027 | Ep: 2582 | Steps:  278 | Reward:   730.77
Total T:  347284 | Ep: 2583 | Steps:  257 | Reward:   708.88
Total T:  347499 | Ep: 2584 | Steps:  215 | Reward:   586.39
Total T:  347729 | Ep: 2585 | Steps:  230 | Reward:   611.39
Total T:  347943 | Ep: 2586 | Steps:  214 | Reward:   555.10
Total T:  348110 | Ep: 2587 | Steps:  167 | Reward:   392.71
Total T:  348404 | Ep: 2588 | Steps:  294 | Reward:   839.96
Total T:  348603 | Ep: 2589 | Steps:  199 | Reward:   590.19
Total T:  348810 | Ep: 2590 | Steps:  207 | Reward:   544.13
Total T:  348936 | Ep: 2591 | Steps:  126 | Reward:   342.82
Total T:  349196 | Ep: 2592 | Steps:  260 | Reward:   718.93
Total T:  349460 | Ep: 2593 | Steps:  264 | Reward:   735.54
Total T:  349669 | Ep: 2594 | Steps:  209 | Reward:   612.11
Total T:  349924 | Ep: 2595 | Steps:  255 | Reward:   640.83
---------------------------------------
Evaluation over 10 episodes: 778.251
---------------------------------------
Total T:  350144 | Ep: 2596 | Steps:  220 | Reward:   581.80
Total T:  350468 | Ep: 2597 | Steps:  324 | Reward:   868.11
Total T:  350706 | Ep: 2598 | Steps:  238 | Reward:   670.92
Total T:  350931 | Ep: 2599 | Steps:  225 | Reward:   617.73
Total T:  351166 | Ep: 2600 | Steps:  235 | Reward:   723.77
Total T:  351446 | Ep: 2601 | Steps:  280 | Reward:   753.01
Total T:  351742 | Ep: 2602 | Steps:  296 | Reward:   835.54
Total T:  351966 | Ep: 2603 | Steps:  224 | Reward:   652.01
Total T:  352244 | Ep: 2604 | Steps:  278 | Reward:   786.12
Total T:  352472 | Ep: 2605 | Steps:  228 | Reward:   658.48
Total T:  352705 | Ep: 2606 | Steps:  233 | Reward:   640.13
Total T:  352952 | Ep: 2607 | Steps:  247 | Reward:   793.06
Total T:  353165 | Ep: 2608 | Steps:  213 | Reward:   595.64
Total T:  353370 | Ep: 2609 | Steps:  205 | Reward:   628.63
Total T:  353644 | Ep: 2610 | Steps:  274 | Reward:   790.19
Total T:  353900 | Ep: 2611 | Steps:  256 | Reward:   790.07
Total T:  354146 | Ep: 2612 | Steps:  246 | Reward:   692.97
Total T:  354339 | Ep: 2613 | Steps:  193 | Reward:   592.46
Total T:  354576 | Ep: 2614 | Steps:  237 | Reward:   725.02
Total T:  354818 | Ep: 2615 | Steps:  242 | Reward:   698.23
Total T:  355102 | Ep: 2616 | Steps:  284 | Reward:   825.58
Total T:  355360 | Ep: 2617 | Steps:  258 | Reward:   731.56
Total T:  355637 | Ep: 2618 | Steps:  277 | Reward:   785.76
Total T:  355922 | Ep: 2619 | Steps:  285 | Reward:   798.02
Total T:  356230 | Ep: 2620 | Steps:  308 | Reward:   891.09
Total T:  356377 | Ep: 2621 | Steps:  147 | Reward:   384.48
Total T:  356599 | Ep: 2622 | Steps:  222 | Reward:   611.03
Total T:  356879 | Ep: 2623 | Steps:  280 | Reward:   759.00
Total T:  357203 | Ep: 2624 | Steps:  324 | Reward:   912.91
Total T:  357403 | Ep: 2625 | Steps:  200 | Reward:   519.69
Total T:  357692 | Ep: 2626 | Steps:  289 | Reward:   789.58
Total T:  357961 | Ep: 2627 | Steps:  269 | Reward:   748.99
Total T:  358202 | Ep: 2628 | Steps:  241 | Reward:   757.08
Total T:  358502 | Ep: 2629 | Steps:  300 | Reward:   855.64
Total T:  358755 | Ep: 2630 | Steps:  253 | Reward:   696.61
Total T:  358988 | Ep: 2631 | Steps:  233 | Reward:   629.08
Total T:  359270 | Ep: 2632 | Steps:  282 | Reward:   752.94
Total T:  359529 | Ep: 2633 | Steps:  259 | Reward:   812.39
Total T:  359777 | Ep: 2634 | Steps:  248 | Reward:   673.17
---------------------------------------
Evaluation over 10 episodes: 722.415
---------------------------------------
Total T:  360068 | Ep: 2635 | Steps:  291 | Reward:   783.70
Total T:  360317 | Ep: 2636 | Steps:  249 | Reward:   597.68
Total T:  360613 | Ep: 2637 | Steps:  296 | Reward:   838.26
Total T:  360813 | Ep: 2638 | Steps:  200 | Reward:   594.34
Total T:  360981 | Ep: 2639 | Steps:  168 | Reward:   470.14
Total T:  361112 | Ep: 2640 | Steps:  131 | Reward:   348.58
Total T:  361330 | Ep: 2641 | Steps:  218 | Reward:   600.76
Total T:  361613 | Ep: 2642 | Steps:  283 | Reward:   836.20
Total T:  361922 | Ep: 2643 | Steps:  309 | Reward:   900.76
Total T:  362156 | Ep: 2644 | Steps:  234 | Reward:   543.88
Total T:  362273 | Ep: 2645 | Steps:  117 | Reward:   304.91
Total T:  362442 | Ep: 2646 | Steps:  169 | Reward:   502.93
Total T:  362655 | Ep: 2647 | Steps:  213 | Reward:   630.90
Total T:  362934 | Ep: 2648 | Steps:  279 | Reward:   715.13
Total T:  363104 | Ep: 2649 | Steps:  170 | Reward:   505.10
Total T:  363356 | Ep: 2650 | Steps:  252 | Reward:   711.47
Total T:  363639 | Ep: 2651 | Steps:  283 | Reward:   747.38
Total T:  363946 | Ep: 2652 | Steps:  307 | Reward:   841.84
Total T:  364210 | Ep: 2653 | Steps:  264 | Reward:   826.30
Total T:  364449 | Ep: 2654 | Steps:  239 | Reward:   579.83
Total T:  364719 | Ep: 2655 | Steps:  270 | Reward:   783.35
Total T:  365016 | Ep: 2656 | Steps:  297 | Reward:   827.34
Total T:  365216 | Ep: 2657 | Steps:  200 | Reward:   579.73
Total T:  365480 | Ep: 2658 | Steps:  264 | Reward:   724.09
Total T:  365706 | Ep: 2659 | Steps:  226 | Reward:   677.13
Total T:  365988 | Ep: 2660 | Steps:  282 | Reward:   803.31
Total T:  366229 | Ep: 2661 | Steps:  241 | Reward:   605.38
Total T:  366428 | Ep: 2662 | Steps:  199 | Reward:   600.85
Total T:  366685 | Ep: 2663 | Steps:  257 | Reward:   762.74
Total T:  366969 | Ep: 2664 | Steps:  284 | Reward:   831.74
Total T:  367212 | Ep: 2665 | Steps:  243 | Reward:   666.20
Total T:  367484 | Ep: 2666 | Steps:  272 | Reward:   712.87
Total T:  367764 | Ep: 2667 | Steps:  280 | Reward:   743.65
Total T:  368034 | Ep: 2668 | Steps:  270 | Reward:   782.20
Total T:  368267 | Ep: 2669 | Steps:  233 | Reward:   731.71
Total T:  368450 | Ep: 2670 | Steps:  183 | Reward:   556.70
Total T:  368706 | Ep: 2671 | Steps:  256 | Reward:   767.27
Total T:  369001 | Ep: 2672 | Steps:  295 | Reward:   860.76
Total T:  369261 | Ep: 2673 | Steps:  260 | Reward:   745.33
Total T:  369538 | Ep: 2674 | Steps:  277 | Reward:   741.13
Total T:  369816 | Ep: 2675 | Steps:  278 | Reward:   787.24
---------------------------------------
Evaluation over 10 episodes: 700.716
---------------------------------------
Total T:  370076 | Ep: 2676 | Steps:  260 | Reward:   703.77
Total T:  370346 | Ep: 2677 | Steps:  270 | Reward:   732.93
Total T:  370550 | Ep: 2678 | Steps:  204 | Reward:   618.17
Total T:  370768 | Ep: 2679 | Steps:  218 | Reward:   659.74
Total T:  371023 | Ep: 2680 | Steps:  255 | Reward:   656.73
Total T:  371138 | Ep: 2681 | Steps:  115 | Reward:   290.53
Total T:  371413 | Ep: 2682 | Steps:  275 | Reward:   780.95
Total T:  371712 | Ep: 2683 | Steps:  299 | Reward:   887.64
Total T:  371988 | Ep: 2684 | Steps:  276 | Reward:   800.51
Total T:  372244 | Ep: 2685 | Steps:  256 | Reward:   705.56
Total T:  372533 | Ep: 2686 | Steps:  289 | Reward:   820.70
Total T:  372814 | Ep: 2687 | Steps:  281 | Reward:   801.74
Total T:  373093 | Ep: 2688 | Steps:  279 | Reward:   880.40
Total T:  373244 | Ep: 2689 | Steps:  151 | Reward:   418.16
Total T:  373522 | Ep: 2690 | Steps:  278 | Reward:   792.82
Total T:  373794 | Ep: 2691 | Steps:  272 | Reward:   776.30
Total T:  374080 | Ep: 2692 | Steps:  286 | Reward:   809.73
Total T:  374346 | Ep: 2693 | Steps:  266 | Reward:   750.54
Total T:  374651 | Ep: 2694 | Steps:  305 | Reward:   863.40
Total T:  374938 | Ep: 2695 | Steps:  287 | Reward:   820.31
Total T:  375154 | Ep: 2696 | Steps:  216 | Reward:   670.90
Total T:  375415 | Ep: 2697 | Steps:  261 | Reward:   758.48
Total T:  375537 | Ep: 2698 | Steps:  122 | Reward:   323.00
Total T:  375676 | Ep: 2699 | Steps:  139 | Reward:   394.03
Total T:  375824 | Ep: 2700 | Steps:  148 | Reward:   424.76
Total T:  376068 | Ep: 2701 | Steps:  244 | Reward:   702.36
Total T:  376346 | Ep: 2702 | Steps:  278 | Reward:   793.04
Total T:  376630 | Ep: 2703 | Steps:  284 | Reward:   768.82
Total T:  376896 | Ep: 2704 | Steps:  266 | Reward:   742.42
Total T:  377147 | Ep: 2705 | Steps:  251 | Reward:   682.49
Total T:  377437 | Ep: 2706 | Steps:  290 | Reward:   806.98
Total T:  377710 | Ep: 2707 | Steps:  273 | Reward:   786.21
Total T:  377981 | Ep: 2708 | Steps:  271 | Reward:   775.49
Total T:  378274 | Ep: 2709 | Steps:  293 | Reward:   817.98
Total T:  378553 | Ep: 2710 | Steps:  279 | Reward:   835.56
Total T:  378793 | Ep: 2711 | Steps:  240 | Reward:   683.28
Total T:  379059 | Ep: 2712 | Steps:  266 | Reward:   748.07
Total T:  379185 | Ep: 2713 | Steps:  126 | Reward:   328.60
Total T:  379384 | Ep: 2714 | Steps:  199 | Reward:   571.71
Total T:  379620 | Ep: 2715 | Steps:  236 | Reward:   684.53
Total T:  379903 | Ep: 2716 | Steps:  283 | Reward:   809.33
---------------------------------------
Evaluation over 10 episodes: 811.205
---------------------------------------
Total T:  380193 | Ep: 2717 | Steps:  290 | Reward:   825.12
Total T:  380477 | Ep: 2718 | Steps:  284 | Reward:   824.40
Total T:  380720 | Ep: 2719 | Steps:  243 | Reward:   724.82
Total T:  380928 | Ep: 2720 | Steps:  208 | Reward:   637.02
Total T:  381182 | Ep: 2721 | Steps:  254 | Reward:   784.44
Total T:  381443 | Ep: 2722 | Steps:  261 | Reward:   722.39
Total T:  381720 | Ep: 2723 | Steps:  277 | Reward:   777.27
Total T:  381969 | Ep: 2724 | Steps:  249 | Reward:   679.84
Total T:  382241 | Ep: 2725 | Steps:  272 | Reward:   811.42
Total T:  382505 | Ep: 2726 | Steps:  264 | Reward:   778.44
Total T:  382771 | Ep: 2727 | Steps:  266 | Reward:   754.38
Total T:  382932 | Ep: 2728 | Steps:  161 | Reward:   462.68
Total T:  383217 | Ep: 2729 | Steps:  285 | Reward:   863.71
Total T:  383507 | Ep: 2730 | Steps:  290 | Reward:   865.27
Total T:  383683 | Ep: 2731 | Steps:  176 | Reward:   531.73
Total T:  383936 | Ep: 2732 | Steps:  253 | Reward:   806.92
Total T:  384216 | Ep: 2733 | Steps:  280 | Reward:   821.29
Total T:  384472 | Ep: 2734 | Steps:  256 | Reward:   763.23
Total T:  384754 | Ep: 2735 | Steps:  282 | Reward:   844.59
Total T:  385046 | Ep: 2736 | Steps:  292 | Reward:   834.31
Total T:  385302 | Ep: 2737 | Steps:  256 | Reward:   780.20
Total T:  385583 | Ep: 2738 | Steps:  281 | Reward:   788.97
Total T:  385756 | Ep: 2739 | Steps:  173 | Reward:   492.10
Total T:  386041 | Ep: 2740 | Steps:  285 | Reward:   812.24
Total T:  386302 | Ep: 2741 | Steps:  261 | Reward:   780.23
Total T:  386579 | Ep: 2742 | Steps:  277 | Reward:   790.97
Total T:  386691 | Ep: 2743 | Steps:  112 | Reward:   296.89
Total T:  386950 | Ep: 2744 | Steps:  259 | Reward:   840.65
Total T:  387207 | Ep: 2745 | Steps:  257 | Reward:   723.73
Total T:  387473 | Ep: 2746 | Steps:  266 | Reward:   837.69
Total T:  387764 | Ep: 2747 | Steps:  291 | Reward:   832.03
Total T:  388045 | Ep: 2748 | Steps:  281 | Reward:   848.09
Total T:  388309 | Ep: 2749 | Steps:  264 | Reward:   779.72
Total T:  388608 | Ep: 2750 | Steps:  299 | Reward:   842.14
Total T:  388903 | Ep: 2751 | Steps:  295 | Reward:   831.30
Total T:  389145 | Ep: 2752 | Steps:  242 | Reward:   672.91
Total T:  389268 | Ep: 2753 | Steps:  123 | Reward:   326.16
Total T:  389570 | Ep: 2754 | Steps:  302 | Reward:   900.44
Total T:  389854 | Ep: 2755 | Steps:  284 | Reward:   852.50
---------------------------------------
Evaluation over 10 episodes: 845.434
---------------------------------------
Total T:  390139 | Ep: 2756 | Steps:  285 | Reward:   811.19
Total T:  390407 | Ep: 2757 | Steps:  268 | Reward:   781.30
Total T:  390717 | Ep: 2758 | Steps:  310 | Reward:   915.55
Total T:  390952 | Ep: 2759 | Steps:  235 | Reward:   720.96
Total T:  391241 | Ep: 2760 | Steps:  289 | Reward:   819.44
Total T:  391531 | Ep: 2761 | Steps:  290 | Reward:   832.61
Total T:  391812 | Ep: 2762 | Steps:  281 | Reward:   804.52
Total T:  392109 | Ep: 2763 | Steps:  297 | Reward:   832.31
Total T:  392407 | Ep: 2764 | Steps:  298 | Reward:   835.13
Total T:  392712 | Ep: 2765 | Steps:  305 | Reward:   870.53
Total T:  392980 | Ep: 2766 | Steps:  268 | Reward:   788.17
Total T:  393284 | Ep: 2767 | Steps:  304 | Reward:   839.82
Total T:  393571 | Ep: 2768 | Steps:  287 | Reward:   833.57
Total T:  393833 | Ep: 2769 | Steps:  262 | Reward:   737.44
Total T:  394140 | Ep: 2770 | Steps:  307 | Reward:   857.18
Total T:  394415 | Ep: 2771 | Steps:  275 | Reward:   805.67
Total T:  394709 | Ep: 2772 | Steps:  294 | Reward:   803.61
Total T:  394836 | Ep: 2773 | Steps:  127 | Reward:   338.74
Total T:  395076 | Ep: 2774 | Steps:  240 | Reward:   739.69
Total T:  395344 | Ep: 2775 | Steps:  268 | Reward:   796.58
Total T:  395456 | Ep: 2776 | Steps:  112 | Reward:   288.17
Total T:  395743 | Ep: 2777 | Steps:  287 | Reward:   819.48
Total T:  396057 | Ep: 2778 | Steps:  314 | Reward:   856.68
Total T:  396349 | Ep: 2779 | Steps:  292 | Reward:   848.82
Total T:  396481 | Ep: 2780 | Steps:  132 | Reward:   363.17
Total T:  396811 | Ep: 2781 | Steps:  330 | Reward:   900.53
Total T:  397087 | Ep: 2782 | Steps:  276 | Reward:   802.33
Total T:  397188 | Ep: 2783 | Steps:  101 | Reward:   240.48
Total T:  397487 | Ep: 2784 | Steps:  299 | Reward:   848.35
Total T:  397620 | Ep: 2785 | Steps:  133 | Reward:   371.46
Total T:  397879 | Ep: 2786 | Steps:  259 | Reward:   811.73
Total T:  398142 | Ep: 2787 | Steps:  263 | Reward:   785.41
Total T:  398249 | Ep: 2788 | Steps:  107 | Reward:   271.28
Total T:  398581 | Ep: 2789 | Steps:  332 | Reward:   960.69
Total T:  398868 | Ep: 2790 | Steps:  287 | Reward:   800.81
Total T:  399151 | Ep: 2791 | Steps:  283 | Reward:   813.34
Total T:  399428 | Ep: 2792 | Steps:  277 | Reward:   799.07
Total T:  399568 | Ep: 2793 | Steps:  140 | Reward:   368.21
Total T:  399836 | Ep: 2794 | Steps:  268 | Reward:   806.47
---------------------------------------
Evaluation over 10 episodes: 824.759
---------------------------------------
Total T:  400050 | Ep: 2795 | Steps:  214 | Reward:   638.39
Total T:  400218 | Ep: 2796 | Steps:  168 | Reward:   494.06
Total T:  400569 | Ep: 2797 | Steps:  351 | Reward:  1046.17
Total T:  400828 | Ep: 2798 | Steps:  259 | Reward:   798.55
Total T:  400962 | Ep: 2799 | Steps:  134 | Reward:   361.33
Total T:  401163 | Ep: 2800 | Steps:  201 | Reward:   600.92
Total T:  401432 | Ep: 2801 | Steps:  269 | Reward:   773.64
Total T:  401692 | Ep: 2802 | Steps:  260 | Reward:   759.17
Total T:  401956 | Ep: 2803 | Steps:  264 | Reward:   766.47
Total T:  402140 | Ep: 2804 | Steps:  184 | Reward:   564.92
Total T:  402398 | Ep: 2805 | Steps:  258 | Reward:   812.22
Total T:  402658 | Ep: 2806 | Steps:  260 | Reward:   734.36
Total T:  402927 | Ep: 2807 | Steps:  269 | Reward:   778.03
Total T:  403179 | Ep: 2808 | Steps:  252 | Reward:   733.66
Total T:  403366 | Ep: 2809 | Steps:  187 | Reward:   550.77
Total T:  403509 | Ep: 2810 | Steps:  143 | Reward:   390.37
Total T:  403646 | Ep: 2811 | Steps:  137 | Reward:   375.34
Total T:  403808 | Ep: 2812 | Steps:  162 | Reward:   478.05
Total T:  404030 | Ep: 2813 | Steps:  222 | Reward:   665.01
Total T:  404292 | Ep: 2814 | Steps:  262 | Reward:   803.04
Total T:  404419 | Ep: 2815 | Steps:  127 | Reward:   329.75
Total T:  404621 | Ep: 2816 | Steps:  202 | Reward:   611.06
Total T:  404882 | Ep: 2817 | Steps:  261 | Reward:   790.26
Total T:  405227 | Ep: 2818 | Steps:  345 | Reward:  1031.27
Total T:  405389 | Ep: 2819 | Steps:  162 | Reward:   465.82
Total T:  405658 | Ep: 2820 | Steps:  269 | Reward:   789.22
Total T:  405943 | Ep: 2821 | Steps:  285 | Reward:   804.69
Total T:  406106 | Ep: 2822 | Steps:  163 | Reward:   476.38
Total T:  406376 | Ep: 2823 | Steps:  270 | Reward:   785.16
Total T:  406660 | Ep: 2824 | Steps:  284 | Reward:   815.27
Total T:  406932 | Ep: 2825 | Steps:  272 | Reward:   837.86
Total T:  407048 | Ep: 2826 | Steps:  116 | Reward:   299.75
Total T:  407225 | Ep: 2827 | Steps:  177 | Reward:   534.47
Total T:  407511 | Ep: 2828 | Steps:  286 | Reward:   813.14
Total T:  407795 | Ep: 2829 | Steps:  284 | Reward:   820.73
Total T:  407907 | Ep: 2830 | Steps:  112 | Reward:   293.68
Total T:  408115 | Ep: 2831 | Steps:  208 | Reward:   613.85
Total T:  408280 | Ep: 2832 | Steps:  165 | Reward:   472.15
Total T:  408508 | Ep: 2833 | Steps:  228 | Reward:   686.44
Total T:  408805 | Ep: 2834 | Steps:  297 | Reward:   856.19
Total T:  409066 | Ep: 2835 | Steps:  261 | Reward:   789.15
Total T:  409350 | Ep: 2836 | Steps:  284 | Reward:   832.48
Total T:  409483 | Ep: 2837 | Steps:  133 | Reward:   373.50
Total T:  409783 | Ep: 2838 | Steps:  300 | Reward:   851.12
---------------------------------------
Evaluation over 10 episodes: 617.233
---------------------------------------
Total T:  410032 | Ep: 2839 | Steps:  249 | Reward:   751.82
Total T:  410198 | Ep: 2840 | Steps:  166 | Reward:   484.58
Total T:  410451 | Ep: 2841 | Steps:  253 | Reward:   812.76
Total T:  410724 | Ep: 2842 | Steps:  273 | Reward:   857.19
Total T:  410988 | Ep: 2843 | Steps:  264 | Reward:   802.66
Total T:  411294 | Ep: 2844 | Steps:  306 | Reward:   866.88
Total T:  411551 | Ep: 2845 | Steps:  257 | Reward:   764.31
Total T:  411709 | Ep: 2846 | Steps:  158 | Reward:   451.65
Total T:  411876 | Ep: 2847 | Steps:  167 | Reward:   478.27
Total T:  412159 | Ep: 2848 | Steps:  283 | Reward:   824.67
Total T:  412303 | Ep: 2849 | Steps:  144 | Reward:   400.55
Total T:  412562 | Ep: 2850 | Steps:  259 | Reward:   806.64
Total T:  412853 | Ep: 2851 | Steps:  291 | Reward:   809.83
Total T:  413131 | Ep: 2852 | Steps:  278 | Reward:   796.24
Total T:  413435 | Ep: 2853 | Steps:  304 | Reward:   868.69
Total T:  413718 | Ep: 2854 | Steps:  283 | Reward:   822.72
Total T:  414036 | Ep: 2855 | Steps:  318 | Reward:   911.01
Total T:  414333 | Ep: 2856 | Steps:  297 | Reward:   841.13
Total T:  414509 | Ep: 2857 | Steps:  176 | Reward:   543.61
Total T:  414830 | Ep: 2858 | Steps:  321 | Reward:   914.58
Total T:  415148 | Ep: 2859 | Steps:  318 | Reward:   938.81
Total T:  415454 | Ep: 2860 | Steps:  306 | Reward:   879.48
Total T:  415732 | Ep: 2861 | Steps:  278 | Reward:   861.01
Total T:  415884 | Ep: 2862 | Steps:  152 | Reward:   432.69
Total T:  416177 | Ep: 2863 | Steps:  293 | Reward:   868.94
Total T:  416448 | Ep: 2864 | Steps:  271 | Reward:   841.09
Total T:  416710 | Ep: 2865 | Steps:  262 | Reward:   754.88
Total T:  417002 | Ep: 2866 | Steps:  292 | Reward:   865.41
Total T:  417261 | Ep: 2867 | Steps:  259 | Reward:   752.60
Total T:  417541 | Ep: 2868 | Steps:  280 | Reward:   820.96
Total T:  417818 | Ep: 2869 | Steps:  277 | Reward:   805.56
Total T:  418099 | Ep: 2870 | Steps:  281 | Reward:   836.93
Total T:  418316 | Ep: 2871 | Steps:  217 | Reward:   605.33
Total T:  418584 | Ep: 2872 | Steps:  268 | Reward:   829.09
Total T:  418859 | Ep: 2873 | Steps:  275 | Reward:   828.93
Total T:  419140 | Ep: 2874 | Steps:  281 | Reward:   816.92
Total T:  419406 | Ep: 2875 | Steps:  266 | Reward:   817.32
Total T:  419697 | Ep: 2876 | Steps:  291 | Reward:   849.66
Total T:  419975 | Ep: 2877 | Steps:  278 | Reward:   809.20
---------------------------------------
Evaluation over 10 episodes: 803.619
---------------------------------------
Total T:  420248 | Ep: 2878 | Steps:  273 | Reward:   796.10
Total T:  420534 | Ep: 2879 | Steps:  286 | Reward:   861.57
Total T:  420820 | Ep: 2880 | Steps:  286 | Reward:   863.47
Total T:  421047 | Ep: 2881 | Steps:  227 | Reward:   644.92
Total T:  421212 | Ep: 2882 | Steps:  165 | Reward:   465.94
Total T:  421341 | Ep: 2883 | Steps:  129 | Reward:   345.63
Total T:  421468 | Ep: 2884 | Steps:  127 | Reward:   346.04
Total T:  421675 | Ep: 2885 | Steps:  207 | Reward:   623.86
Total T:  421936 | Ep: 2886 | Steps:  261 | Reward:   763.91
Total T:  422224 | Ep: 2887 | Steps:  288 | Reward:   831.05
Total T:  422508 | Ep: 2888 | Steps:  284 | Reward:   839.04
Total T:  422781 | Ep: 2889 | Steps:  273 | Reward:   771.65
Total T:  423049 | Ep: 2890 | Steps:  268 | Reward:   822.38
Total T:  423331 | Ep: 2891 | Steps:  282 | Reward:   870.65
Total T:  423604 | Ep: 2892 | Steps:  273 | Reward:   814.67
Total T:  423872 | Ep: 2893 | Steps:  268 | Reward:   783.37
Total T:  424137 | Ep: 2894 | Steps:  265 | Reward:   819.26
Total T:  424411 | Ep: 2895 | Steps:  274 | Reward:   807.89
Total T:  424663 | Ep: 2896 | Steps:  252 | Reward:   783.97
Total T:  424923 | Ep: 2897 | Steps:  260 | Reward:   804.16
Total T:  425128 | Ep: 2898 | Steps:  205 | Reward:   554.94
Total T:  425402 | Ep: 2899 | Steps:  274 | Reward:   818.26
Total T:  425696 | Ep: 2900 | Steps:  294 | Reward:   864.42
Total T:  425922 | Ep: 2901 | Steps:  226 | Reward:   626.08
Total T:  426172 | Ep: 2902 | Steps:  250 | Reward:   798.63
Total T:  426413 | Ep: 2903 | Steps:  241 | Reward:   698.18
Total T:  426618 | Ep: 2904 | Steps:  205 | Reward:   617.47
Total T:  426823 | Ep: 2905 | Steps:  205 | Reward:   554.66
Total T:  427043 | Ep: 2906 | Steps:  220 | Reward:   609.90
Total T:  427246 | Ep: 2907 | Steps:  203 | Reward:   534.52
Total T:  427465 | Ep: 2908 | Steps:  219 | Reward:   581.46
Total T:  427695 | Ep: 2909 | Steps:  230 | Reward:   597.89
Total T:  427964 | Ep: 2910 | Steps:  269 | Reward:   752.40
Total T:  428160 | Ep: 2911 | Steps:  196 | Reward:   532.00
Total T:  428438 | Ep: 2912 | Steps:  278 | Reward:   868.57
Total T:  428621 | Ep: 2913 | Steps:  183 | Reward:   472.58
Total T:  428869 | Ep: 2914 | Steps:  248 | Reward:   793.72
Total T:  429014 | Ep: 2915 | Steps:  145 | Reward:   408.28
Total T:  429272 | Ep: 2916 | Steps:  258 | Reward:   772.25
Total T:  429410 | Ep: 2917 | Steps:  138 | Reward:   358.21
Total T:  429626 | Ep: 2918 | Steps:  216 | Reward:   587.24
Total T:  429828 | Ep: 2919 | Steps:  202 | Reward:   610.34
---------------------------------------
Evaluation over 10 episodes: 788.198
---------------------------------------
Total T:  430019 | Ep: 2920 | Steps:  191 | Reward:   569.07
Total T:  430282 | Ep: 2921 | Steps:  263 | Reward:   819.65
Total T:  430496 | Ep: 2922 | Steps:  214 | Reward:   572.23
Total T:  430746 | Ep: 2923 | Steps:  250 | Reward:   756.64
Total T:  430958 | Ep: 2924 | Steps:  212 | Reward:   566.67
Total T:  431170 | Ep: 2925 | Steps:  212 | Reward:   628.05
Total T:  431421 | Ep: 2926 | Steps:  251 | Reward:   791.09
Total T:  431617 | Ep: 2927 | Steps:  196 | Reward:   505.75
Total T:  431834 | Ep: 2928 | Steps:  217 | Reward:   624.62
Total T:  432090 | Ep: 2929 | Steps:  256 | Reward:   795.46
Total T:  432356 | Ep: 2930 | Steps:  266 | Reward:   778.65
Total T:  432587 | Ep: 2931 | Steps:  231 | Reward:   691.95
Total T:  432807 | Ep: 2932 | Steps:  220 | Reward:   689.23
Total T:  433021 | Ep: 2933 | Steps:  214 | Reward:   664.24
Total T:  433302 | Ep: 2934 | Steps:  281 | Reward:   872.51
Total T:  433466 | Ep: 2935 | Steps:  164 | Reward:   444.71
Total T:  433683 | Ep: 2936 | Steps:  217 | Reward:   610.23
Total T:  433947 | Ep: 2937 | Steps:  264 | Reward:   802.41
Total T:  434206 | Ep: 2938 | Steps:  259 | Reward:   770.67
Total T:  434405 | Ep: 2939 | Steps:  199 | Reward:   603.86
Total T:  434686 | Ep: 2940 | Steps:  281 | Reward:   904.14
Total T:  434894 | Ep: 2941 | Steps:  208 | Reward:   562.01
Total T:  435086 | Ep: 2942 | Steps:  192 | Reward:   594.39
Total T:  435335 | Ep: 2943 | Steps:  249 | Reward:   782.08
Total T:  435586 | Ep: 2944 | Steps:  251 | Reward:   743.32
Total T:  435814 | Ep: 2945 | Steps:  228 | Reward:   640.29
Total T:  436058 | Ep: 2946 | Steps:  244 | Reward:   721.86
Total T:  436321 | Ep: 2947 | Steps:  263 | Reward:   826.31
Total T:  436568 | Ep: 2948 | Steps:  247 | Reward:   757.54
Total T:  436791 | Ep: 2949 | Steps:  223 | Reward:   692.15
Total T:  437057 | Ep: 2950 | Steps:  266 | Reward:   834.64
Total T:  437341 | Ep: 2951 | Steps:  284 | Reward:   865.83
Total T:  437610 | Ep: 2952 | Steps:  269 | Reward:   825.01
Total T:  437866 | Ep: 2953 | Steps:  256 | Reward:   816.00
Total T:  438084 | Ep: 2954 | Steps:  218 | Reward:   651.58
Total T:  438244 | Ep: 2955 | Steps:  160 | Reward:   440.95
Total T:  438483 | Ep: 2956 | Steps:  239 | Reward:   729.07
Total T:  438704 | Ep: 2957 | Steps:  221 | Reward:   663.27
Total T:  438909 | Ep: 2958 | Steps:  205 | Reward:   641.28
Total T:  439042 | Ep: 2959 | Steps:  133 | Reward:   379.16
Total T:  439216 | Ep: 2960 | Steps:  174 | Reward:   504.48
Total T:  439399 | Ep: 2961 | Steps:  183 | Reward:   546.75
Total T:  439612 | Ep: 2962 | Steps:  213 | Reward:   658.43
Total T:  439862 | Ep: 2963 | Steps:  250 | Reward:   801.10
---------------------------------------
Evaluation over 10 episodes: 602.882
---------------------------------------
Total T:  440017 | Ep: 2964 | Steps:  155 | Reward:   416.19
Total T:  440244 | Ep: 2965 | Steps:  227 | Reward:   697.11
Total T:  440433 | Ep: 2966 | Steps:  189 | Reward:   579.57
Total T:  440629 | Ep: 2967 | Steps:  196 | Reward:   607.58
Total T:  440843 | Ep: 2968 | Steps:  214 | Reward:   646.33
Total T:  441078 | Ep: 2969 | Steps:  235 | Reward:   743.90
Total T:  441239 | Ep: 2970 | Steps:  161 | Reward:   432.18
Total T:  441394 | Ep: 2971 | Steps:  155 | Reward:   452.84
Total T:  441548 | Ep: 2972 | Steps:  154 | Reward:   440.76
Total T:  441787 | Ep: 2973 | Steps:  239 | Reward:   741.33
Total T:  441946 | Ep: 2974 | Steps:  159 | Reward:   425.20
Total T:  442131 | Ep: 2975 | Steps:  185 | Reward:   576.88
Total T:  442370 | Ep: 2976 | Steps:  239 | Reward:   706.74
Total T:  442593 | Ep: 2977 | Steps:  223 | Reward:   685.88
Total T:  442785 | Ep: 2978 | Steps:  192 | Reward:   585.57
Total T:  442957 | Ep: 2979 | Steps:  172 | Reward:   523.84
Total T:  443153 | Ep: 2980 | Steps:  196 | Reward:   598.87
Total T:  443391 | Ep: 2981 | Steps:  238 | Reward:   752.20
Total T:  443622 | Ep: 2982 | Steps:  231 | Reward:   699.30
Total T:  443808 | Ep: 2983 | Steps:  186 | Reward:   579.16
Total T:  444019 | Ep: 2984 | Steps:  211 | Reward:   643.65
Total T:  444168 | Ep: 2985 | Steps:  149 | Reward:   419.88
Total T:  444365 | Ep: 2986 | Steps:  197 | Reward:   593.36
Total T:  444526 | Ep: 2987 | Steps:  161 | Reward:   429.40
Total T:  444761 | Ep: 2988 | Steps:  235 | Reward:   755.11
Total T:  444917 | Ep: 2989 | Steps:  156 | Reward:   470.24
Total T:  445132 | Ep: 2990 | Steps:  215 | Reward:   671.33
Total T:  445246 | Ep: 2991 | Steps:  114 | Reward:   317.31
Total T:  445434 | Ep: 2992 | Steps:  188 | Reward:   579.71
Total T:  445632 | Ep: 2993 | Steps:  198 | Reward:   598.34
Total T:  445788 | Ep: 2994 | Steps:  156 | Reward:   436.65
Total T:  445972 | Ep: 2995 | Steps:  184 | Reward:   467.05
Total T:  446119 | Ep: 2996 | Steps:  147 | Reward:   426.20
Total T:  446274 | Ep: 2997 | Steps:  155 | Reward:   445.52
Total T:  446475 | Ep: 2998 | Steps:  201 | Reward:   623.49
Total T:  446642 | Ep: 2999 | Steps:  167 | Reward:   498.45
Total T:  446859 | Ep: 3000 | Steps:  217 | Reward:   654.02
Total T:  447095 | Ep: 3001 | Steps:  236 | Reward:   701.24
Total T:  447243 | Ep: 3002 | Steps:  148 | Reward:   421.35
Total T:  447358 | Ep: 3003 | Steps:  115 | Reward:   310.60
Total T:  447514 | Ep: 3004 | Steps:  156 | Reward:   440.74
Total T:  447724 | Ep: 3005 | Steps:  210 | Reward:   647.69
Total T:  447852 | Ep: 3006 | Steps:  128 | Reward:   368.93
Total T:  448083 | Ep: 3007 | Steps:  231 | Reward:   689.89
Total T:  448303 | Ep: 3008 | Steps:  220 | Reward:   657.47
Total T:  448528 | Ep: 3009 | Steps:  225 | Reward:   693.25
Total T:  448733 | Ep: 3010 | Steps:  205 | Reward:   610.76
Total T:  448969 | Ep: 3011 | Steps:  236 | Reward:   705.12
Total T:  449197 | Ep: 3012 | Steps:  228 | Reward:   701.17
Total T:  449425 | Ep: 3013 | Steps:  228 | Reward:   710.59
Total T:  449630 | Ep: 3014 | Steps:  205 | Reward:   612.95
Total T:  449899 | Ep: 3015 | Steps:  269 | Reward:   857.42
---------------------------------------
Evaluation over 10 episodes: 788.056
---------------------------------------
Total T:  450104 | Ep: 3016 | Steps:  205 | Reward:   632.60
Total T:  450389 | Ep: 3017 | Steps:  285 | Reward:   849.19
Total T:  450623 | Ep: 3018 | Steps:  234 | Reward:   700.28
Total T:  450842 | Ep: 3019 | Steps:  219 | Reward:   672.82
Total T:  451082 | Ep: 3020 | Steps:  240 | Reward:   763.23
Total T:  451316 | Ep: 3021 | Steps:  234 | Reward:   693.37
Total T:  451472 | Ep: 3022 | Steps:  156 | Reward:   441.24
Total T:  451724 | Ep: 3023 | Steps:  252 | Reward:   800.06
Total T:  451959 | Ep: 3024 | Steps:  235 | Reward:   693.66
Total T:  452192 | Ep: 3025 | Steps:  233 | Reward:   683.39
Total T:  452448 | Ep: 3026 | Steps:  256 | Reward:   813.19
Total T:  452691 | Ep: 3027 | Steps:  243 | Reward:   829.50
Total T:  452912 | Ep: 3028 | Steps:  221 | Reward:   684.08
Total T:  453179 | Ep: 3029 | Steps:  267 | Reward:   776.92
Total T:  453419 | Ep: 3030 | Steps:  240 | Reward:   716.67
Total T:  453577 | Ep: 3031 | Steps:  158 | Reward:   462.51
Total T:  453854 | Ep: 3032 | Steps:  277 | Reward:   837.66
Total T:  454146 | Ep: 3033 | Steps:  292 | Reward:   858.39
Total T:  454394 | Ep: 3034 | Steps:  248 | Reward:   776.51
Total T:  454662 | Ep: 3035 | Steps:  268 | Reward:   772.96
Total T:  454920 | Ep: 3036 | Steps:  258 | Reward:   762.55
Total T:  455142 | Ep: 3037 | Steps:  222 | Reward:   645.39
Total T:  455429 | Ep: 3038 | Steps:  287 | Reward:   826.90
Total T:  455688 | Ep: 3039 | Steps:  259 | Reward:   791.65
Total T:  455940 | Ep: 3040 | Steps:  252 | Reward:   729.02
Total T:  456223 | Ep: 3041 | Steps:  283 | Reward:   825.93
Total T:  456457 | Ep: 3042 | Steps:  234 | Reward:   715.14
Total T:  456710 | Ep: 3043 | Steps:  253 | Reward:   784.59
Total T:  456970 | Ep: 3044 | Steps:  260 | Reward:   808.06
Total T:  457252 | Ep: 3045 | Steps:  282 | Reward:   828.52
Total T:  457488 | Ep: 3046 | Steps:  236 | Reward:   694.02
Total T:  457665 | Ep: 3047 | Steps:  177 | Reward:   541.81
Total T:  457922 | Ep: 3048 | Steps:  257 | Reward:   818.10
Total T:  458192 | Ep: 3049 | Steps:  270 | Reward:   822.40
Total T:  458457 | Ep: 3050 | Steps:  265 | Reward:   802.11
Total T:  458719 | Ep: 3051 | Steps:  262 | Reward:   815.51
Total T:  458880 | Ep: 3052 | Steps:  161 | Reward:   463.71
Total T:  459148 | Ep: 3053 | Steps:  268 | Reward:   785.04
Total T:  459410 | Ep: 3054 | Steps:  262 | Reward:   704.09
Total T:  459539 | Ep: 3055 | Steps:  129 | Reward:   361.89
Total T:  459792 | Ep: 3056 | Steps:  253 | Reward:   768.36
---------------------------------------
Evaluation over 10 episodes: 827.192
---------------------------------------
Total T:  460021 | Ep: 3057 | Steps:  229 | Reward:   686.54
Total T:  460306 | Ep: 3058 | Steps:  285 | Reward:   817.01
Total T:  460581 | Ep: 3059 | Steps:  275 | Reward:   783.50
Total T:  460837 | Ep: 3060 | Steps:  256 | Reward:   789.69
Total T:  461030 | Ep: 3061 | Steps:  193 | Reward:   595.74
Total T:  461235 | Ep: 3062 | Steps:  205 | Reward:   636.62
Total T:  461390 | Ep: 3063 | Steps:  155 | Reward:   427.84
Total T:  461654 | Ep: 3064 | Steps:  264 | Reward:   801.57
Total T:  461902 | Ep: 3065 | Steps:  248 | Reward:   756.90
Total T:  462227 | Ep: 3066 | Steps:  325 | Reward:   899.69
Total T:  462445 | Ep: 3067 | Steps:  218 | Reward:   646.08
Total T:  462718 | Ep: 3068 | Steps:  273 | Reward:   780.46
Total T:  462975 | Ep: 3069 | Steps:  257 | Reward:   777.45
Total T:  463263 | Ep: 3070 | Steps:  288 | Reward:   784.72
Total T:  463505 | Ep: 3071 | Steps:  242 | Reward:   750.42
Total T:  463783 | Ep: 3072 | Steps:  278 | Reward:   862.35
Total T:  463974 | Ep: 3073 | Steps:  191 | Reward:   593.03
Total T:  464188 | Ep: 3074 | Steps:  214 | Reward:   639.13
Total T:  464452 | Ep: 3075 | Steps:  264 | Reward:   810.06
Total T:  464695 | Ep: 3076 | Steps:  243 | Reward:   788.47
Total T:  464967 | Ep: 3077 | Steps:  272 | Reward:   830.43
Total T:  465230 | Ep: 3078 | Steps:  263 | Reward:   819.63
Total T:  465418 | Ep: 3079 | Steps:  188 | Reward:   581.07
Total T:  465642 | Ep: 3080 | Steps:  224 | Reward:   681.28
Total T:  465912 | Ep: 3081 | Steps:  270 | Reward:   815.33
Total T:  466165 | Ep: 3082 | Steps:  253 | Reward:   763.06
Total T:  466288 | Ep: 3083 | Steps:  123 | Reward:   330.86
Total T:  466540 | Ep: 3084 | Steps:  252 | Reward:   787.55
Total T:  466776 | Ep: 3085 | Steps:  236 | Reward:   761.13
Total T:  467018 | Ep: 3086 | Steps:  242 | Reward:   731.17
Total T:  467244 | Ep: 3087 | Steps:  226 | Reward:   686.20
Total T:  467491 | Ep: 3088 | Steps:  247 | Reward:   805.94
Total T:  467716 | Ep: 3089 | Steps:  225 | Reward:   664.47
Total T:  467996 | Ep: 3090 | Steps:  280 | Reward:   838.82
Total T:  468255 | Ep: 3091 | Steps:  259 | Reward:   765.16
Total T:  468510 | Ep: 3092 | Steps:  255 | Reward:   808.55
Total T:  468767 | Ep: 3093 | Steps:  257 | Reward:   797.21
Total T:  469071 | Ep: 3094 | Steps:  304 | Reward:   754.22
Total T:  469326 | Ep: 3095 | Steps:  255 | Reward:   793.44
Total T:  469572 | Ep: 3096 | Steps:  246 | Reward:   774.95
Total T:  469830 | Ep: 3097 | Steps:  258 | Reward:   807.44
---------------------------------------
Evaluation over 10 episodes: 639.700
---------------------------------------
Total T:  470015 | Ep: 3098 | Steps:  185 | Reward:   567.74
Total T:  470246 | Ep: 3099 | Steps:  231 | Reward:   717.84
Total T:  470462 | Ep: 3100 | Steps:  216 | Reward:   683.73
Total T:  470611 | Ep: 3101 | Steps:  149 | Reward:   449.78
Total T:  470839 | Ep: 3102 | Steps:  228 | Reward:   698.39
Total T:  471082 | Ep: 3103 | Steps:  243 | Reward:   767.23
Total T:  471339 | Ep: 3104 | Steps:  257 | Reward:   830.90
Total T:  471515 | Ep: 3105 | Steps:  176 | Reward:   538.26
Total T:  471682 | Ep: 3106 | Steps:  167 | Reward:   496.79
Total T:  471920 | Ep: 3107 | Steps:  238 | Reward:   745.28
Total T:  472189 | Ep: 3108 | Steps:  269 | Reward:   838.51
Total T:  472456 | Ep: 3109 | Steps:  267 | Reward:   821.95
Total T:  472719 | Ep: 3110 | Steps:  263 | Reward:   802.04
Total T:  472962 | Ep: 3111 | Steps:  243 | Reward:   708.99
Total T:  473236 | Ep: 3112 | Steps:  274 | Reward:   826.96
Total T:  473515 | Ep: 3113 | Steps:  279 | Reward:   862.44
Total T:  473768 | Ep: 3114 | Steps:  253 | Reward:   806.35
Total T:  474076 | Ep: 3115 | Steps:  308 | Reward:   862.45
Total T:  474357 | Ep: 3116 | Steps:  281 | Reward:   868.18
Total T:  474628 | Ep: 3117 | Steps:  271 | Reward:   828.05
Total T:  474850 | Ep: 3118 | Steps:  222 | Reward:   655.84
Total T:  475073 | Ep: 3119 | Steps:  223 | Reward:   683.79
Total T:  475292 | Ep: 3120 | Steps:  219 | Reward:   655.57
Total T:  475535 | Ep: 3121 | Steps:  243 | Reward:   782.92
Total T:  475779 | Ep: 3122 | Steps:  244 | Reward:   767.65
Total T:  476031 | Ep: 3123 | Steps:  252 | Reward:   782.86
Total T:  476263 | Ep: 3124 | Steps:  232 | Reward:   740.30
Total T:  476547 | Ep: 3125 | Steps:  284 | Reward:   824.76
Total T:  476832 | Ep: 3126 | Steps:  285 | Reward:   883.01
Total T:  477114 | Ep: 3127 | Steps:  282 | Reward:   887.14
Total T:  477384 | Ep: 3128 | Steps:  270 | Reward:   850.28
Total T:  477552 | Ep: 3129 | Steps:  168 | Reward:   490.49
Total T:  477773 | Ep: 3130 | Steps:  221 | Reward:   663.23
Total T:  478050 | Ep: 3131 | Steps:  277 | Reward:   862.78
Total T:  478332 | Ep: 3132 | Steps:  282 | Reward:   770.09
Total T:  478571 | Ep: 3133 | Steps:  239 | Reward:   711.07
Total T:  478840 | Ep: 3134 | Steps:  269 | Reward:   828.01
Total T:  479006 | Ep: 3135 | Steps:  166 | Reward:   492.08
Total T:  479271 | Ep: 3136 | Steps:  265 | Reward:   813.61
Total T:  479523 | Ep: 3137 | Steps:  252 | Reward:   769.63
Total T:  479786 | Ep: 3138 | Steps:  263 | Reward:   821.78
---------------------------------------
Evaluation over 10 episodes: 762.730
---------------------------------------
Total T:  480015 | Ep: 3139 | Steps:  229 | Reward:   722.34
Total T:  480295 | Ep: 3140 | Steps:  280 | Reward:   813.02
Total T:  480503 | Ep: 3141 | Steps:  208 | Reward:   672.69
Total T:  480764 | Ep: 3142 | Steps:  261 | Reward:   817.70
Total T:  480991 | Ep: 3143 | Steps:  227 | Reward:   689.62
Total T:  481200 | Ep: 3144 | Steps:  209 | Reward:   656.18
Total T:  481455 | Ep: 3145 | Steps:  255 | Reward:   794.73
Total T:  481626 | Ep: 3146 | Steps:  171 | Reward:   524.52
Total T:  481760 | Ep: 3147 | Steps:  134 | Reward:   383.19
Total T:  481936 | Ep: 3148 | Steps:  176 | Reward:   541.05
Total T:  482074 | Ep: 3149 | Steps:  138 | Reward:   396.23
Total T:  482324 | Ep: 3150 | Steps:  250 | Reward:   778.41
Total T:  482536 | Ep: 3151 | Steps:  212 | Reward:   636.66
Total T:  482809 | Ep: 3152 | Steps:  273 | Reward:   836.33
Total T:  483054 | Ep: 3153 | Steps:  245 | Reward:   778.31
Total T:  483227 | Ep: 3154 | Steps:  173 | Reward:   527.62
Total T:  483436 | Ep: 3155 | Steps:  209 | Reward:   676.33
Total T:  483591 | Ep: 3156 | Steps:  155 | Reward:   444.35
Total T:  483852 | Ep: 3157 | Steps:  261 | Reward:   797.38
Total T:  484032 | Ep: 3158 | Steps:  180 | Reward:   544.90
Total T:  484161 | Ep: 3159 | Steps:  129 | Reward:   355.74
Total T:  484369 | Ep: 3160 | Steps:  208 | Reward:   635.07
Total T:  484631 | Ep: 3161 | Steps:  262 | Reward:   797.59
Total T:  484775 | Ep: 3162 | Steps:  144 | Reward:   414.92
Total T:  484991 | Ep: 3163 | Steps:  216 | Reward:   647.67
Total T:  485122 | Ep: 3164 | Steps:  131 | Reward:   364.98
Total T:  485281 | Ep: 3165 | Steps:  159 | Reward:   460.43
Total T:  485450 | Ep: 3166 | Steps:  169 | Reward:   506.73
Total T:  485610 | Ep: 3167 | Steps:  160 | Reward:   490.08
Total T:  485785 | Ep: 3168 | Steps:  175 | Reward:   528.05
Total T:  486032 | Ep: 3169 | Steps:  247 | Reward:   780.48
Total T:  486278 | Ep: 3170 | Steps:  246 | Reward:   794.36
Total T:  486525 | Ep: 3171 | Steps:  247 | Reward:   705.31
Total T:  486749 | Ep: 3172 | Steps:  224 | Reward:   681.36
Total T:  486853 | Ep: 3173 | Steps:  104 | Reward:   263.78
Total T:  487056 | Ep: 3174 | Steps:  203 | Reward:   655.89
Total T:  487222 | Ep: 3175 | Steps:  166 | Reward:   531.93
Total T:  487362 | Ep: 3176 | Steps:  140 | Reward:   410.17
Total T:  487600 | Ep: 3177 | Steps:  238 | Reward:   749.34
Total T:  487847 | Ep: 3178 | Steps:  247 | Reward:   778.44
Total T:  488116 | Ep: 3179 | Steps:  269 | Reward:   832.26
Total T:  488250 | Ep: 3180 | Steps:  134 | Reward:   363.02
Total T:  488510 | Ep: 3181 | Steps:  260 | Reward:   810.72
Total T:  488734 | Ep: 3182 | Steps:  224 | Reward:   663.48
Total T:  488947 | Ep: 3183 | Steps:  213 | Reward:   637.61
Total T:  489116 | Ep: 3184 | Steps:  169 | Reward:   505.49
Total T:  489332 | Ep: 3185 | Steps:  216 | Reward:   641.64
Total T:  489603 | Ep: 3186 | Steps:  271 | Reward:   826.19
Total T:  489833 | Ep: 3187 | Steps:  230 | Reward:   680.46
---------------------------------------
Evaluation over 10 episodes: 744.487
---------------------------------------
Total T:  490067 | Ep: 3188 | Steps:  234 | Reward:   732.51
Total T:  490342 | Ep: 3189 | Steps:  275 | Reward:   841.01
Total T:  490602 | Ep: 3190 | Steps:  260 | Reward:   843.44
Total T:  490805 | Ep: 3191 | Steps:  203 | Reward:   649.94
Total T:  491077 | Ep: 3192 | Steps:  272 | Reward:   844.35
Total T:  491300 | Ep: 3193 | Steps:  223 | Reward:   674.09
Total T:  491564 | Ep: 3194 | Steps:  264 | Reward:   826.90
Total T:  491832 | Ep: 3195 | Steps:  268 | Reward:   829.81
Total T:  492055 | Ep: 3196 | Steps:  223 | Reward:   702.22
Total T:  492284 | Ep: 3197 | Steps:  229 | Reward:   686.31
Total T:  492548 | Ep: 3198 | Steps:  264 | Reward:   816.46
Total T:  492749 | Ep: 3199 | Steps:  201 | Reward:   627.15
Total T:  492985 | Ep: 3200 | Steps:  236 | Reward:   759.00
Total T:  493258 | Ep: 3201 | Steps:  273 | Reward:   860.81
Total T:  493516 | Ep: 3202 | Steps:  258 | Reward:   813.94
Total T:  493762 | Ep: 3203 | Steps:  246 | Reward:   745.07
Total T:  494013 | Ep: 3204 | Steps:  251 | Reward:   803.52
Total T:  494264 | Ep: 3205 | Steps:  251 | Reward:   773.55
Total T:  494526 | Ep: 3206 | Steps:  262 | Reward:   808.38
Total T:  494778 | Ep: 3207 | Steps:  252 | Reward:   781.98
Total T:  495056 | Ep: 3208 | Steps:  278 | Reward:   838.97
Total T:  495273 | Ep: 3209 | Steps:  217 | Reward:   646.70
Total T:  495448 | Ep: 3210 | Steps:  175 | Reward:   524.01
Total T:  495671 | Ep: 3211 | Steps:  223 | Reward:   661.60
Total T:  495897 | Ep: 3212 | Steps:  226 | Reward:   670.61
Total T:  496062 | Ep: 3213 | Steps:  165 | Reward:   447.42
Total T:  496292 | Ep: 3214 | Steps:  230 | Reward:   715.80
Total T:  496547 | Ep: 3215 | Steps:  255 | Reward:   820.58
Total T:  496760 | Ep: 3216 | Steps:  213 | Reward:   661.57
Total T:  496958 | Ep: 3217 | Steps:  198 | Reward:   636.38
Total T:  497203 | Ep: 3218 | Steps:  245 | Reward:   757.80
Total T:  497430 | Ep: 3219 | Steps:  227 | Reward:   696.17
Total T:  497653 | Ep: 3220 | Steps:  223 | Reward:   657.96
Total T:  497874 | Ep: 3221 | Steps:  221 | Reward:   645.88
Total T:  498144 | Ep: 3222 | Steps:  270 | Reward:   845.58
Total T:  498375 | Ep: 3223 | Steps:  231 | Reward:   695.88
Total T:  498608 | Ep: 3224 | Steps:  233 | Reward:   741.09
Total T:  498848 | Ep: 3225 | Steps:  240 | Reward:   745.97
Total T:  498990 | Ep: 3226 | Steps:  142 | Reward:   410.85
Total T:  499224 | Ep: 3227 | Steps:  234 | Reward:   745.80
Total T:  499481 | Ep: 3228 | Steps:  257 | Reward:   784.47
Total T:  499702 | Ep: 3229 | Steps:  221 | Reward:   666.91
Total T:  499931 | Ep: 3230 | Steps:  229 | Reward:   718.88
---------------------------------------
Evaluation over 10 episodes: 771.252
---------------------------------------
Total T:  500190 | Ep: 3231 | Steps:  259 | Reward:   818.14
Total T:  500410 | Ep: 3232 | Steps:  220 | Reward:   658.25
Total T:  500647 | Ep: 3233 | Steps:  237 | Reward:   749.30
Total T:  500853 | Ep: 3234 | Steps:  206 | Reward:   654.10
Total T:  501002 | Ep: 3235 | Steps:  149 | Reward:   387.81
Total T:  501234 | Ep: 3236 | Steps:  232 | Reward:   736.48
Total T:  501467 | Ep: 3237 | Steps:  233 | Reward:   702.88
Total T:  501614 | Ep: 3238 | Steps:  147 | Reward:   436.34
Total T:  501828 | Ep: 3239 | Steps:  214 | Reward:   645.86
Total T:  502059 | Ep: 3240 | Steps:  231 | Reward:   728.22
Total T:  502301 | Ep: 3241 | Steps:  242 | Reward:   775.49
Total T:  502539 | Ep: 3242 | Steps:  238 | Reward:   733.79
Total T:  502752 | Ep: 3243 | Steps:  213 | Reward:   644.04
Total T:  503014 | Ep: 3244 | Steps:  262 | Reward:   838.66
Total T:  503264 | Ep: 3245 | Steps:  250 | Reward:   815.37
Total T:  503496 | Ep: 3246 | Steps:  232 | Reward:   657.36
Total T:  503725 | Ep: 3247 | Steps:  229 | Reward:   675.31
Total T:  503982 | Ep: 3248 | Steps:  257 | Reward:   787.27
Total T:  504140 | Ep: 3249 | Steps:  158 | Reward:   412.99
Total T:  504382 | Ep: 3250 | Steps:  242 | Reward:   717.73
Total T:  504656 | Ep: 3251 | Steps:  274 | Reward:   852.61
Total T:  504872 | Ep: 3252 | Steps:  216 | Reward:   676.22
Total T:  505078 | Ep: 3253 | Steps:  206 | Reward:   611.58
Total T:  505291 | Ep: 3254 | Steps:  213 | Reward:   644.77
Total T:  505512 | Ep: 3255 | Steps:  221 | Reward:   670.54
Total T:  505778 | Ep: 3256 | Steps:  266 | Reward:   842.64
Total T:  505985 | Ep: 3257 | Steps:  207 | Reward:   607.80
Total T:  506243 | Ep: 3258 | Steps:  258 | Reward:   789.21
Total T:  506467 | Ep: 3259 | Steps:  224 | Reward:   683.79
Total T:  506712 | Ep: 3260 | Steps:  245 | Reward:   777.13
Total T:  506928 | Ep: 3261 | Steps:  216 | Reward:   637.14
Total T:  507196 | Ep: 3262 | Steps:  268 | Reward:   837.84
Total T:  507497 | Ep: 3263 | Steps:  301 | Reward:   848.08
Total T:  507744 | Ep: 3264 | Steps:  247 | Reward:   802.52
Total T:  507985 | Ep: 3265 | Steps:  241 | Reward:   724.20
Total T:  508231 | Ep: 3266 | Steps:  246 | Reward:   777.31
Total T:  508468 | Ep: 3267 | Steps:  237 | Reward:   740.13
Total T:  508715 | Ep: 3268 | Steps:  247 | Reward:   739.15
Total T:  508979 | Ep: 3269 | Steps:  264 | Reward:   831.42
Total T:  509218 | Ep: 3270 | Steps:  239 | Reward:   712.20
Total T:  509482 | Ep: 3271 | Steps:  264 | Reward:   818.38
Total T:  509730 | Ep: 3272 | Steps:  248 | Reward:   732.28
Total T:  509951 | Ep: 3273 | Steps:  221 | Reward:   679.87
---------------------------------------
Evaluation over 10 episodes: 750.794
---------------------------------------
Total T:  510190 | Ep: 3274 | Steps:  239 | Reward:   705.45
Total T:  510464 | Ep: 3275 | Steps:  274 | Reward:   850.52
Total T:  510705 | Ep: 3276 | Steps:  241 | Reward:   706.22
Total T:  510982 | Ep: 3277 | Steps:  277 | Reward:   860.07
Total T:  511198 | Ep: 3278 | Steps:  216 | Reward:   651.21
Total T:  511424 | Ep: 3279 | Steps:  226 | Reward:   663.70
Total T:  511664 | Ep: 3280 | Steps:  240 | Reward:   712.01
Total T:  511897 | Ep: 3281 | Steps:  233 | Reward:   699.64
Total T:  512143 | Ep: 3282 | Steps:  246 | Reward:   713.61
Total T:  512373 | Ep: 3283 | Steps:  230 | Reward:   687.43
Total T:  512642 | Ep: 3284 | Steps:  269 | Reward:   802.96
Total T:  512879 | Ep: 3285 | Steps:  237 | Reward:   683.16
Total T:  513146 | Ep: 3286 | Steps:  267 | Reward:   831.01
Total T:  513391 | Ep: 3287 | Steps:  245 | Reward:   700.33
Total T:  513631 | Ep: 3288 | Steps:  240 | Reward:   705.51
Total T:  513871 | Ep: 3289 | Steps:  240 | Reward:   690.21
Total T:  514124 | Ep: 3290 | Steps:  253 | Reward:   784.89
Total T:  514388 | Ep: 3291 | Steps:  264 | Reward:   838.83
Total T:  514628 | Ep: 3292 | Steps:  240 | Reward:   786.32
Total T:  514854 | Ep: 3293 | Steps:  226 | Reward:   698.70
Total T:  515119 | Ep: 3294 | Steps:  265 | Reward:   843.62
Total T:  515377 | Ep: 3295 | Steps:  258 | Reward:   797.66
Total T:  515635 | Ep: 3296 | Steps:  258 | Reward:   793.51
Total T:  515874 | Ep: 3297 | Steps:  239 | Reward:   712.79
Total T:  516056 | Ep: 3298 | Steps:  182 | Reward:   558.37
Total T:  516285 | Ep: 3299 | Steps:  229 | Reward:   716.61
Total T:  516551 | Ep: 3300 | Steps:  266 | Reward:   829.23
Total T:  516802 | Ep: 3301 | Steps:  251 | Reward:   754.53
Total T:  517041 | Ep: 3302 | Steps:  239 | Reward:   695.43
Total T:  517273 | Ep: 3303 | Steps:  232 | Reward:   676.09
Total T:  517511 | Ep: 3304 | Steps:  238 | Reward:   703.40
Total T:  517768 | Ep: 3305 | Steps:  257 | Reward:   802.95
Total T:  518037 | Ep: 3306 | Steps:  269 | Reward:   833.21
Total T:  518279 | Ep: 3307 | Steps:  242 | Reward:   743.89
Total T:  518507 | Ep: 3308 | Steps:  228 | Reward:   683.67
Total T:  518752 | Ep: 3309 | Steps:  245 | Reward:   749.84
Total T:  519018 | Ep: 3310 | Steps:  266 | Reward:   845.43
Total T:  519284 | Ep: 3311 | Steps:  266 | Reward:   779.82
Total T:  519547 | Ep: 3312 | Steps:  263 | Reward:   816.71
Total T:  519756 | Ep: 3313 | Steps:  209 | Reward:   622.95
---------------------------------------
Evaluation over 10 episodes: 788.959
---------------------------------------
Total T:  520011 | Ep: 3314 | Steps:  255 | Reward:   813.77
Total T:  520268 | Ep: 3315 | Steps:  257 | Reward:   813.08
Total T:  520522 | Ep: 3316 | Steps:  254 | Reward:   793.70
Total T:  520789 | Ep: 3317 | Steps:  267 | Reward:   841.47
Total T:  521036 | Ep: 3318 | Steps:  247 | Reward:   798.89
Total T:  521290 | Ep: 3319 | Steps:  254 | Reward:   767.54
Total T:  521539 | Ep: 3320 | Steps:  249 | Reward:   786.85
Total T:  521798 | Ep: 3321 | Steps:  259 | Reward:   808.84
Total T:  522062 | Ep: 3322 | Steps:  264 | Reward:   820.99
Total T:  522317 | Ep: 3323 | Steps:  255 | Reward:   801.51
Total T:  522595 | Ep: 3324 | Steps:  278 | Reward:   857.45
Total T:  522871 | Ep: 3325 | Steps:  276 | Reward:   857.42
Total T:  523129 | Ep: 3326 | Steps:  258 | Reward:   765.99
Total T:  523378 | Ep: 3327 | Steps:  249 | Reward:   803.95
Total T:  523631 | Ep: 3328 | Steps:  253 | Reward:   778.43
Total T:  523905 | Ep: 3329 | Steps:  274 | Reward:   839.41
Total T:  524147 | Ep: 3330 | Steps:  242 | Reward:   776.96
Total T:  524390 | Ep: 3331 | Steps:  243 | Reward:   733.06
Total T:  524663 | Ep: 3332 | Steps:  273 | Reward:   849.07
Total T:  524928 | Ep: 3333 | Steps:  265 | Reward:   836.18
Total T:  525170 | Ep: 3334 | Steps:  242 | Reward:   716.76
Total T:  525417 | Ep: 3335 | Steps:  247 | Reward:   792.05
Total T:  525657 | Ep: 3336 | Steps:  240 | Reward:   765.17
Total T:  525873 | Ep: 3337 | Steps:  216 | Reward:   642.90
Total T:  526130 | Ep: 3338 | Steps:  257 | Reward:   797.34
Total T:  526386 | Ep: 3339 | Steps:  256 | Reward:   820.46
Total T:  526662 | Ep: 3340 | Steps:  276 | Reward:   867.47
Total T:  526919 | Ep: 3341 | Steps:  257 | Reward:   752.54
Total T:  527093 | Ep: 3342 | Steps:  174 | Reward:   540.76
Total T:  527306 | Ep: 3343 | Steps:  213 | Reward:   627.68
Total T:  527564 | Ep: 3344 | Steps:  258 | Reward:   798.84
Total T:  527828 | Ep: 3345 | Steps:  264 | Reward:   846.74
Total T:  528063 | Ep: 3346 | Steps:  235 | Reward:   684.20
Total T:  528297 | Ep: 3347 | Steps:  234 | Reward:   681.25
Total T:  528574 | Ep: 3348 | Steps:  277 | Reward:   849.68
Total T:  528826 | Ep: 3349 | Steps:  252 | Reward:   779.43
Total T:  529070 | Ep: 3350 | Steps:  244 | Reward:   793.29
Total T:  529347 | Ep: 3351 | Steps:  277 | Reward:   872.15
Total T:  529607 | Ep: 3352 | Steps:  260 | Reward:   826.53
Total T:  529866 | Ep: 3353 | Steps:  259 | Reward:   828.46
---------------------------------------
Evaluation over 10 episodes: 692.617
---------------------------------------
Total T:  530103 | Ep: 3354 | Steps:  237 | Reward:   727.20
Total T:  530358 | Ep: 3355 | Steps:  255 | Reward:   723.70
Total T:  530596 | Ep: 3356 | Steps:  238 | Reward:   746.33
Total T:  530824 | Ep: 3357 | Steps:  228 | Reward:   672.14
Total T:  531075 | Ep: 3358 | Steps:  251 | Reward:   774.10
Total T:  531286 | Ep: 3359 | Steps:  211 | Reward:   640.49
Total T:  531506 | Ep: 3360 | Steps:  220 | Reward:   667.94
Total T:  531741 | Ep: 3361 | Steps:  235 | Reward:   681.75
Total T:  531998 | Ep: 3362 | Steps:  257 | Reward:   814.91
Total T:  532233 | Ep: 3363 | Steps:  235 | Reward:   707.82
Total T:  532492 | Ep: 3364 | Steps:  259 | Reward:   835.11
Total T:  532734 | Ep: 3365 | Steps:  242 | Reward:   710.50
Total T:  532957 | Ep: 3366 | Steps:  223 | Reward:   648.75
Total T:  533203 | Ep: 3367 | Steps:  246 | Reward:   720.85
Total T:  533473 | Ep: 3368 | Steps:  270 | Reward:   859.80
Total T:  533631 | Ep: 3369 | Steps:  158 | Reward:   464.72
Total T:  533878 | Ep: 3370 | Steps:  247 | Reward:   800.06
Total T:  534118 | Ep: 3371 | Steps:  240 | Reward:   702.13
Total T:  534369 | Ep: 3372 | Steps:  251 | Reward:   801.32
Total T:  534621 | Ep: 3373 | Steps:  252 | Reward:   747.25
Total T:  534886 | Ep: 3374 | Steps:  265 | Reward:   837.73
Total T:  535104 | Ep: 3375 | Steps:  218 | Reward:   669.21
Total T:  535369 | Ep: 3376 | Steps:  265 | Reward:   843.83
Total T:  535582 | Ep: 3377 | Steps:  213 | Reward:   626.11
Total T:  535848 | Ep: 3378 | Steps:  266 | Reward:   835.99
Total T:  536061 | Ep: 3379 | Steps:  213 | Reward:   622.67
Total T:  536271 | Ep: 3380 | Steps:  210 | Reward:   656.53
Total T:  536503 | Ep: 3381 | Steps:  232 | Reward:   716.92
Total T:  536767 | Ep: 3382 | Steps:  264 | Reward:   835.96
Total T:  537017 | Ep: 3383 | Steps:  250 | Reward:   758.71
Total T:  537288 | Ep: 3384 | Steps:  271 | Reward:   832.27
Total T:  537530 | Ep: 3385 | Steps:  242 | Reward:   760.38
Total T:  537814 | Ep: 3386 | Steps:  284 | Reward:   845.15
Total T:  538075 | Ep: 3387 | Steps:  261 | Reward:   832.30
Total T:  538338 | Ep: 3388 | Steps:  263 | Reward:   798.79
Total T:  538609 | Ep: 3389 | Steps:  271 | Reward:   842.51
Total T:  538848 | Ep: 3390 | Steps:  239 | Reward:   773.51
Total T:  539113 | Ep: 3391 | Steps:  265 | Reward:   869.58
Total T:  539327 | Ep: 3392 | Steps:  214 | Reward:   617.40
Total T:  539589 | Ep: 3393 | Steps:  262 | Reward:   826.06
Total T:  539814 | Ep: 3394 | Steps:  225 | Reward:   694.12
---------------------------------------
Evaluation over 10 episodes: 721.226
---------------------------------------
Total T:  540088 | Ep: 3395 | Steps:  274 | Reward:   824.07
Total T:  540338 | Ep: 3396 | Steps:  250 | Reward:   704.12
Total T:  540614 | Ep: 3397 | Steps:  276 | Reward:   849.19
Total T:  540907 | Ep: 3398 | Steps:  293 | Reward:   896.58
Total T:  541128 | Ep: 3399 | Steps:  221 | Reward:   636.30
Total T:  541354 | Ep: 3400 | Steps:  226 | Reward:   685.71
Total T:  541639 | Ep: 3401 | Steps:  285 | Reward:   875.46
Total T:  541863 | Ep: 3402 | Steps:  224 | Reward:   656.97
Total T:  542109 | Ep: 3403 | Steps:  246 | Reward:   716.30
Total T:  542391 | Ep: 3404 | Steps:  282 | Reward:   885.20
Total T:  542614 | Ep: 3405 | Steps:  223 | Reward:   666.20
Total T:  542863 | Ep: 3406 | Steps:  249 | Reward:   774.19
Total T:  543122 | Ep: 3407 | Steps:  259 | Reward:   834.08
Total T:  543383 | Ep: 3408 | Steps:  261 | Reward:   836.56
Total T:  543646 | Ep: 3409 | Steps:  263 | Reward:   832.94
Total T:  543920 | Ep: 3410 | Steps:  274 | Reward:   856.15
Total T:  544161 | Ep: 3411 | Steps:  241 | Reward:   664.22
Total T:  544427 | Ep: 3412 | Steps:  266 | Reward:   846.18
Total T:  544696 | Ep: 3413 | Steps:  269 | Reward:   849.94
Total T:  544926 | Ep: 3414 | Steps:  230 | Reward:   711.57
Total T:  545171 | Ep: 3415 | Steps:  245 | Reward:   803.24
Total T:  545440 | Ep: 3416 | Steps:  269 | Reward:   840.07
Total T:  545668 | Ep: 3417 | Steps:  228 | Reward:   698.93
Total T:  545875 | Ep: 3418 | Steps:  207 | Reward:   663.83
Total T:  546100 | Ep: 3419 | Steps:  225 | Reward:   659.24
Total T:  546349 | Ep: 3420 | Steps:  249 | Reward:   801.19
Total T:  546618 | Ep: 3421 | Steps:  269 | Reward:   856.69
Total T:  546868 | Ep: 3422 | Steps:  250 | Reward:   798.16
Total T:  547052 | Ep: 3423 | Steps:  184 | Reward:   583.70
Total T:  547247 | Ep: 3424 | Steps:  195 | Reward:   595.13
Total T:  547445 | Ep: 3425 | Steps:  198 | Reward:   635.43
Total T:  547709 | Ep: 3426 | Steps:  264 | Reward:   825.86
Total T:  547986 | Ep: 3427 | Steps:  277 | Reward:   857.07
Total T:  548268 | Ep: 3428 | Steps:  282 | Reward:   877.18
Total T:  548546 | Ep: 3429 | Steps:  278 | Reward:   885.78
Total T:  548719 | Ep: 3430 | Steps:  173 | Reward:   518.99
Total T:  548969 | Ep: 3431 | Steps:  250 | Reward:   807.19
Total T:  549128 | Ep: 3432 | Steps:  159 | Reward:   487.90
Total T:  549387 | Ep: 3433 | Steps:  259 | Reward:   824.44
Total T:  549600 | Ep: 3434 | Steps:  213 | Reward:   625.78
Total T:  549850 | Ep: 3435 | Steps:  250 | Reward:   793.59
---------------------------------------
Evaluation over 10 episodes: 536.526
---------------------------------------
Total T:  550120 | Ep: 3436 | Steps:  270 | Reward:   867.99
Total T:  550287 | Ep: 3437 | Steps:  167 | Reward:   479.75
Total T:  550549 | Ep: 3438 | Steps:  262 | Reward:   828.09
Total T:  550760 | Ep: 3439 | Steps:  211 | Reward:   641.64
Total T:  550993 | Ep: 3440 | Steps:  233 | Reward:   724.94
Total T:  551252 | Ep: 3441 | Steps:  259 | Reward:   839.23
Total T:  551473 | Ep: 3442 | Steps:  221 | Reward:   666.98
Total T:  551689 | Ep: 3443 | Steps:  216 | Reward:   626.35
Total T:  551968 | Ep: 3444 | Steps:  279 | Reward:   867.76
Total T:  552239 | Ep: 3445 | Steps:  271 | Reward:   862.52
Total T:  552497 | Ep: 3446 | Steps:  258 | Reward:   835.71
Total T:  552754 | Ep: 3447 | Steps:  257 | Reward:   844.43
Total T:  553004 | Ep: 3448 | Steps:  250 | Reward:   788.15
Total T:  553277 | Ep: 3449 | Steps:  273 | Reward:   855.77
Total T:  553542 | Ep: 3450 | Steps:  265 | Reward:   834.90
Total T:  553737 | Ep: 3451 | Steps:  195 | Reward:   627.18
Total T:  553966 | Ep: 3452 | Steps:  229 | Reward:   685.62
Total T:  554227 | Ep: 3453 | Steps:  261 | Reward:   848.77
Total T:  554365 | Ep: 3454 | Steps:  138 | Reward:   392.79
Total T:  554443 | Ep: 3455 | Steps:   78 | Reward:   132.20
Total T:  554703 | Ep: 3456 | Steps:  260 | Reward:   829.22
Total T:  554954 | Ep: 3457 | Steps:  251 | Reward:   804.83
Total T:  555224 | Ep: 3458 | Steps:  270 | Reward:   851.52
Total T:  555485 | Ep: 3459 | Steps:  261 | Reward:   815.93
Total T:  555721 | Ep: 3460 | Steps:  236 | Reward:   654.07
Total T:  555784 | Ep: 3461 | Steps:   63 | Reward:   105.68
Total T:  555924 | Ep: 3462 | Steps:  140 | Reward:   406.51
Total T:  556141 | Ep: 3463 | Steps:  217 | Reward:   652.59
Total T:  556327 | Ep: 3464 | Steps:  186 | Reward:   577.54
Total T:  556586 | Ep: 3465 | Steps:  259 | Reward:   801.01
Total T:  556830 | Ep: 3466 | Steps:  244 | Reward:   762.79
Total T:  557048 | Ep: 3467 | Steps:  218 | Reward:   631.45
Total T:  557254 | Ep: 3468 | Steps:  206 | Reward:   668.52
Total T:  557431 | Ep: 3469 | Steps:  177 | Reward:   552.56
Total T:  557527 | Ep: 3470 | Steps:   96 | Reward:   217.73
Total T:  557588 | Ep: 3471 | Steps:   61 | Reward:   103.44
Total T:  557858 | Ep: 3472 | Steps:  270 | Reward:   836.68
Total T:  558077 | Ep: 3473 | Steps:  219 | Reward:   617.00
Total T:  558289 | Ep: 3474 | Steps:  212 | Reward:   619.64
Total T:  558435 | Ep: 3475 | Steps:  146 | Reward:   425.58
Total T:  558696 | Ep: 3476 | Steps:  261 | Reward:   814.48
Total T:  558900 | Ep: 3477 | Steps:  204 | Reward:   657.48
Total T:  558989 | Ep: 3478 | Steps:   89 | Reward:   143.72
Total T:  559193 | Ep: 3479 | Steps:  204 | Reward:   641.25
Total T:  559335 | Ep: 3480 | Steps:  142 | Reward:   408.50
Total T:  559564 | Ep: 3481 | Steps:  229 | Reward:   690.07
Total T:  559813 | Ep: 3482 | Steps:  249 | Reward:   751.50
---------------------------------------
Evaluation over 10 episodes: 640.896
---------------------------------------
Total T:  560069 | Ep: 3483 | Steps:  256 | Reward:   796.51
Total T:  560143 | Ep: 3484 | Steps:   74 | Reward:   160.00
Total T:  560410 | Ep: 3485 | Steps:  267 | Reward:   846.04
Total T:  560657 | Ep: 3486 | Steps:  247 | Reward:   771.97
Total T:  560907 | Ep: 3487 | Steps:  250 | Reward:   775.12
Total T:  561151 | Ep: 3488 | Steps:  244 | Reward:   793.91
Total T:  561406 | Ep: 3489 | Steps:  255 | Reward:   809.12
Total T:  561684 | Ep: 3490 | Steps:  278 | Reward:   855.21
Total T:  561785 | Ep: 3491 | Steps:  101 | Reward:   250.93
Total T:  562025 | Ep: 3492 | Steps:  240 | Reward:   748.95
Total T:  562287 | Ep: 3493 | Steps:  262 | Reward:   827.53
Total T:  562550 | Ep: 3494 | Steps:  263 | Reward:   834.75
Total T:  562793 | Ep: 3495 | Steps:  243 | Reward:   720.66
Total T:  563025 | Ep: 3496 | Steps:  232 | Reward:   704.57
Total T:  563260 | Ep: 3497 | Steps:  235 | Reward:   670.98
Total T:  563519 | Ep: 3498 | Steps:  259 | Reward:   823.34
Total T:  563755 | Ep: 3499 | Steps:  236 | Reward:   753.15
Total T:  564015 | Ep: 3500 | Steps:  260 | Reward:   828.65
Total T:  564274 | Ep: 3501 | Steps:  259 | Reward:   828.27
Total T:  564531 | Ep: 3502 | Steps:  257 | Reward:   758.35
Total T:  564798 | Ep: 3503 | Steps:  267 | Reward:   828.29
Total T:  565039 | Ep: 3504 | Steps:  241 | Reward:   723.65
Total T:  565298 | Ep: 3505 | Steps:  259 | Reward:   830.27
Total T:  565574 | Ep: 3506 | Steps:  276 | Reward:   860.61
Total T:  565789 | Ep: 3507 | Steps:  215 | Reward:   615.55
Total T:  566039 | Ep: 3508 | Steps:  250 | Reward:   785.12
Total T:  566297 | Ep: 3509 | Steps:  258 | Reward:   806.33
Total T:  566579 | Ep: 3510 | Steps:  282 | Reward:   868.26
Total T:  566844 | Ep: 3511 | Steps:  265 | Reward:   831.15
Total T:  567076 | Ep: 3512 | Steps:  232 | Reward:   705.94
Total T:  567309 | Ep: 3513 | Steps:  233 | Reward:   689.19
Total T:  567596 | Ep: 3514 | Steps:  287 | Reward:   875.12
Total T:  567807 | Ep: 3515 | Steps:  211 | Reward:   664.88
Total T:  568058 | Ep: 3516 | Steps:  251 | Reward:   790.57
Total T:  568261 | Ep: 3517 | Steps:  203 | Reward:   624.91
Total T:  568516 | Ep: 3518 | Steps:  255 | Reward:   819.49
Total T:  568761 | Ep: 3519 | Steps:  245 | Reward:   769.34
Total T:  568985 | Ep: 3520 | Steps:  224 | Reward:   687.90
Total T:  569208 | Ep: 3521 | Steps:  223 | Reward:   638.01
Total T:  569458 | Ep: 3522 | Steps:  250 | Reward:   765.06
Total T:  569681 | Ep: 3523 | Steps:  223 | Reward:   651.95
Total T:  569954 | Ep: 3524 | Steps:  273 | Reward:   854.53
---------------------------------------
Evaluation over 10 episodes: 724.592
---------------------------------------
Total T:  570189 | Ep: 3525 | Steps:  235 | Reward:   714.86
Total T:  570447 | Ep: 3526 | Steps:  258 | Reward:   832.39
Total T:  570695 | Ep: 3527 | Steps:  248 | Reward:   770.40
Total T:  570959 | Ep: 3528 | Steps:  264 | Reward:   844.98
Total T:  571182 | Ep: 3529 | Steps:  223 | Reward:   668.17
Total T:  571416 | Ep: 3530 | Steps:  234 | Reward:   685.18
Total T:  571691 | Ep: 3531 | Steps:  275 | Reward:   875.80
Total T:  571961 | Ep: 3532 | Steps:  270 | Reward:   833.45
Total T:  572213 | Ep: 3533 | Steps:  252 | Reward:   815.75
Total T:  572428 | Ep: 3534 | Steps:  215 | Reward:   645.59
Total T:  572652 | Ep: 3535 | Steps:  224 | Reward:   640.99
Total T:  572919 | Ep: 3536 | Steps:  267 | Reward:   834.03
Total T:  573152 | Ep: 3537 | Steps:  233 | Reward:   737.98
Total T:  573426 | Ep: 3538 | Steps:  274 | Reward:   869.55
Total T:  573657 | Ep: 3539 | Steps:  231 | Reward:   713.30
Total T:  573863 | Ep: 3540 | Steps:  206 | Reward:   664.92
Total T:  574128 | Ep: 3541 | Steps:  265 | Reward:   860.09
Total T:  574362 | Ep: 3542 | Steps:  234 | Reward:   696.01
Total T:  574639 | Ep: 3543 | Steps:  277 | Reward:   866.66
Total T:  574843 | Ep: 3544 | Steps:  204 | Reward:   653.79
Total T:  575112 | Ep: 3545 | Steps:  269 | Reward:   839.99
Total T:  575335 | Ep: 3546 | Steps:  223 | Reward:   647.36
Total T:  575510 | Ep: 3547 | Steps:  175 | Reward:   537.91
Total T:  575787 | Ep: 3548 | Steps:  277 | Reward:   888.31
Total T:  575991 | Ep: 3549 | Steps:  204 | Reward:   657.40
Total T:  576201 | Ep: 3550 | Steps:  210 | Reward:   668.03
Total T:  576452 | Ep: 3551 | Steps:  251 | Reward:   764.80
Total T:  576631 | Ep: 3552 | Steps:  179 | Reward:   539.04
Total T:  576883 | Ep: 3553 | Steps:  252 | Reward:   763.26
Total T:  577112 | Ep: 3554 | Steps:  229 | Reward:   704.41
Total T:  577373 | Ep: 3555 | Steps:  261 | Reward:   819.28
Total T:  577658 | Ep: 3556 | Steps:  285 | Reward:   869.17
Total T:  577889 | Ep: 3557 | Steps:  231 | Reward:   676.35
Total T:  578014 | Ep: 3558 | Steps:  125 | Reward:   339.02
Total T:  578266 | Ep: 3559 | Steps:  252 | Reward:   781.65
Total T:  578469 | Ep: 3560 | Steps:  203 | Reward:   648.61
Total T:  578641 | Ep: 3561 | Steps:  172 | Reward:   489.24
Total T:  578865 | Ep: 3562 | Steps:  224 | Reward:   654.79
Total T:  579134 | Ep: 3563 | Steps:  269 | Reward:   836.09
Total T:  579433 | Ep: 3564 | Steps:  299 | Reward:   909.80
Total T:  579698 | Ep: 3565 | Steps:  265 | Reward:   815.43
Total T:  579965 | Ep: 3566 | Steps:  267 | Reward:   841.85
---------------------------------------
Evaluation over 10 episodes: 869.242
---------------------------------------
Total T:  580228 | Ep: 3567 | Steps:  263 | Reward:   828.79
Total T:  580508 | Ep: 3568 | Steps:  280 | Reward:   877.71
Total T:  580718 | Ep: 3569 | Steps:  210 | Reward:   673.39
Total T:  580940 | Ep: 3570 | Steps:  222 | Reward:   654.22
Total T:  581176 | Ep: 3571 | Steps:  236 | Reward:   717.89
Total T:  581435 | Ep: 3572 | Steps:  259 | Reward:   788.91
Total T:  581666 | Ep: 3573 | Steps:  231 | Reward:   706.93
Total T:  581934 | Ep: 3574 | Steps:  268 | Reward:   825.18
Total T:  582211 | Ep: 3575 | Steps:  277 | Reward:   857.60
Total T:  582412 | Ep: 3576 | Steps:  201 | Reward:   612.25
Total T:  582713 | Ep: 3577 | Steps:  301 | Reward:   930.88
Total T:  583003 | Ep: 3578 | Steps:  290 | Reward:   901.09
Total T:  583211 | Ep: 3579 | Steps:  208 | Reward:   681.30
Total T:  583477 | Ep: 3580 | Steps:  266 | Reward:   809.52
Total T:  583739 | Ep: 3581 | Steps:  262 | Reward:   799.91
Total T:  583993 | Ep: 3582 | Steps:  254 | Reward:   798.65
Total T:  584231 | Ep: 3583 | Steps:  238 | Reward:   682.34
Total T:  584523 | Ep: 3584 | Steps:  292 | Reward:   862.04
Total T:  584806 | Ep: 3585 | Steps:  283 | Reward:   884.15
Total T:  585058 | Ep: 3586 | Steps:  252 | Reward:   795.96
Total T:  585291 | Ep: 3587 | Steps:  233 | Reward:   698.05
Total T:  585575 | Ep: 3588 | Steps:  284 | Reward:   891.26
Total T:  585817 | Ep: 3589 | Steps:  242 | Reward:   765.89
Total T:  586037 | Ep: 3590 | Steps:  220 | Reward:   651.84
Total T:  586279 | Ep: 3591 | Steps:  242 | Reward:   774.62
Total T:  586519 | Ep: 3592 | Steps:  240 | Reward:   771.52
Total T:  586768 | Ep: 3593 | Steps:  249 | Reward:   735.95
Total T:  587073 | Ep: 3594 | Steps:  305 | Reward:   936.32
Total T:  587340 | Ep: 3595 | Steps:  267 | Reward:   838.44
Total T:  587554 | Ep: 3596 | Steps:  214 | Reward:   653.50
Total T:  587832 | Ep: 3597 | Steps:  278 | Reward:   886.09
Total T:  588102 | Ep: 3598 | Steps:  270 | Reward:   842.73
Total T:  588384 | Ep: 3599 | Steps:  282 | Reward:   859.86
Total T:  588663 | Ep: 3600 | Steps:  279 | Reward:   836.35
Total T:  588960 | Ep: 3601 | Steps:  297 | Reward:   915.33
Total T:  589201 | Ep: 3602 | Steps:  241 | Reward:   715.18
Total T:  589418 | Ep: 3603 | Steps:  217 | Reward:   686.92
Total T:  589709 | Ep: 3604 | Steps:  291 | Reward:   925.00
Total T:  589966 | Ep: 3605 | Steps:  257 | Reward:   785.77
---------------------------------------
Evaluation over 10 episodes: 741.470
---------------------------------------
Total T:  590239 | Ep: 3606 | Steps:  273 | Reward:   840.13
Total T:  590497 | Ep: 3607 | Steps:  258 | Reward:   846.12
Total T:  590748 | Ep: 3608 | Steps:  251 | Reward:   796.81
Total T:  591020 | Ep: 3609 | Steps:  272 | Reward:   897.67
Total T:  591224 | Ep: 3610 | Steps:  204 | Reward:   682.88
Total T:  591420 | Ep: 3611 | Steps:  196 | Reward:   605.53
Total T:  591693 | Ep: 3612 | Steps:  273 | Reward:   893.67
Total T:  591867 | Ep: 3613 | Steps:  174 | Reward:   527.67
Total T:  592149 | Ep: 3614 | Steps:  282 | Reward:   919.80
Total T:  592418 | Ep: 3615 | Steps:  269 | Reward:   854.31
Total T:  592688 | Ep: 3616 | Steps:  270 | Reward:   831.97
Total T:  592941 | Ep: 3617 | Steps:  253 | Reward:   776.66
Total T:  593201 | Ep: 3618 | Steps:  260 | Reward:   808.13
Total T:  593399 | Ep: 3619 | Steps:  198 | Reward:   621.54
Total T:  593610 | Ep: 3620 | Steps:  211 | Reward:   640.85
Total T:  593906 | Ep: 3621 | Steps:  296 | Reward:   919.12
Total T:  594172 | Ep: 3622 | Steps:  266 | Reward:   854.54
Total T:  594460 | Ep: 3623 | Steps:  288 | Reward:   903.81
Total T:  594723 | Ep: 3624 | Steps:  263 | Reward:   849.60
Total T:  594989 | Ep: 3625 | Steps:  266 | Reward:   814.31
Total T:  595284 | Ep: 3626 | Steps:  295 | Reward:   924.85
Total T:  595567 | Ep: 3627 | Steps:  283 | Reward:   876.26
Total T:  595855 | Ep: 3628 | Steps:  288 | Reward:   923.64
Total T:  596148 | Ep: 3629 | Steps:  293 | Reward:   962.16
Total T:  596418 | Ep: 3630 | Steps:  270 | Reward:   806.68
Total T:  596672 | Ep: 3631 | Steps:  254 | Reward:   800.33
Total T:  596962 | Ep: 3632 | Steps:  290 | Reward:   922.05
Total T:  597170 | Ep: 3633 | Steps:  208 | Reward:   641.06
Total T:  597438 | Ep: 3634 | Steps:  268 | Reward:   830.94
Total T:  597725 | Ep: 3635 | Steps:  287 | Reward:   920.66
Total T:  597933 | Ep: 3636 | Steps:  208 | Reward:   660.57
Total T:  598223 | Ep: 3637 | Steps:  290 | Reward:   884.14
Total T:  598476 | Ep: 3638 | Steps:  253 | Reward:   788.19
Total T:  598786 | Ep: 3639 | Steps:  310 | Reward:   963.81
Total T:  599097 | Ep: 3640 | Steps:  311 | Reward:   985.53
Total T:  599306 | Ep: 3641 | Steps:  209 | Reward:   668.03
Total T:  599587 | Ep: 3642 | Steps:  281 | Reward:   874.28
Total T:  599882 | Ep: 3643 | Steps:  295 | Reward:   929.82
---------------------------------------
Evaluation over 10 episodes: 681.348
---------------------------------------
Total T:  600108 | Ep: 3644 | Steps:  226 | Reward:   641.99
Total T:  600366 | Ep: 3645 | Steps:  258 | Reward:   772.34
Total T:  600614 | Ep: 3646 | Steps:  248 | Reward:   796.36
Total T:  600818 | Ep: 3647 | Steps:  204 | Reward:   652.88
Total T:  601056 | Ep: 3648 | Steps:  238 | Reward:   763.85
Total T:  601234 | Ep: 3649 | Steps:  178 | Reward:   553.26
Total T:  601498 | Ep: 3650 | Steps:  264 | Reward:   866.93
Total T:  601705 | Ep: 3651 | Steps:  207 | Reward:   660.97
Total T:  601842 | Ep: 3652 | Steps:  137 | Reward:   396.86
Total T:  602119 | Ep: 3653 | Steps:  277 | Reward:   893.82
Total T:  602323 | Ep: 3654 | Steps:  204 | Reward:   668.05
Total T:  602600 | Ep: 3655 | Steps:  277 | Reward:   877.08
Total T:  602802 | Ep: 3656 | Steps:  202 | Reward:   630.86
Total T:  603005 | Ep: 3657 | Steps:  203 | Reward:   643.67
Total T:  603278 | Ep: 3658 | Steps:  273 | Reward:   878.05
Total T:  603492 | Ep: 3659 | Steps:  214 | Reward:   686.43
Total T:  603723 | Ep: 3660 | Steps:  231 | Reward:   698.46
Total T:  603977 | Ep: 3661 | Steps:  254 | Reward:   780.99
Total T:  604186 | Ep: 3662 | Steps:  209 | Reward:   653.16
Total T:  604454 | Ep: 3663 | Steps:  268 | Reward:   835.36
Total T:  604660 | Ep: 3664 | Steps:  206 | Reward:   639.92
Total T:  604932 | Ep: 3665 | Steps:  272 | Reward:   843.34
Total T:  605243 | Ep: 3666 | Steps:  311 | Reward:  1032.94
Total T:  605512 | Ep: 3667 | Steps:  269 | Reward:   854.87
Total T:  605779 | Ep: 3668 | Steps:  267 | Reward:   827.11
Total T:  606041 | Ep: 3669 | Steps:  262 | Reward:   849.67
Total T:  606255 | Ep: 3670 | Steps:  214 | Reward:   666.93
Total T:  606513 | Ep: 3671 | Steps:  258 | Reward:   788.04
Total T:  606739 | Ep: 3672 | Steps:  226 | Reward:   664.31
Total T:  606972 | Ep: 3673 | Steps:  233 | Reward:   700.70
Total T:  607239 | Ep: 3674 | Steps:  267 | Reward:   860.77
Total T:  607461 | Ep: 3675 | Steps:  222 | Reward:   645.20
Total T:  607700 | Ep: 3676 | Steps:  239 | Reward:   766.89
Total T:  607981 | Ep: 3677 | Steps:  281 | Reward:   862.78
Total T:  608253 | Ep: 3678 | Steps:  272 | Reward:   852.88
Total T:  608492 | Ep: 3679 | Steps:  239 | Reward:   738.02
Total T:  608778 | Ep: 3680 | Steps:  286 | Reward:   860.46
Total T:  609063 | Ep: 3681 | Steps:  285 | Reward:   887.34
Total T:  609340 | Ep: 3682 | Steps:  277 | Reward:   862.12
Total T:  609635 | Ep: 3683 | Steps:  295 | Reward:   926.96
Total T:  609923 | Ep: 3684 | Steps:  288 | Reward:   904.17
---------------------------------------
Evaluation over 10 episodes: 923.609
---------------------------------------
Total T:  610200 | Ep: 3685 | Steps:  277 | Reward:   857.91
Total T:  610471 | Ep: 3686 | Steps:  271 | Reward:   812.58
Total T:  610720 | Ep: 3687 | Steps:  249 | Reward:   760.63
Total T:  610985 | Ep: 3688 | Steps:  265 | Reward:   832.12
Total T:  611286 | Ep: 3689 | Steps:  301 | Reward:   929.32
Total T:  611548 | Ep: 3690 | Steps:  262 | Reward:   798.18
Total T:  611785 | Ep: 3691 | Steps:  237 | Reward:   720.14
Total T:  612018 | Ep: 3692 | Steps:  233 | Reward:   715.41
Total T:  612308 | Ep: 3693 | Steps:  290 | Reward:   908.46
Total T:  612586 | Ep: 3694 | Steps:  278 | Reward:   885.57
Total T:  612816 | Ep: 3695 | Steps:  230 | Reward:   690.30
Total T:  613045 | Ep: 3696 | Steps:  229 | Reward:   646.84
Total T:  613319 | Ep: 3697 | Steps:  274 | Reward:   865.28
Total T:  613613 | Ep: 3698 | Steps:  294 | Reward:   921.68
Total T:  613866 | Ep: 3699 | Steps:  253 | Reward:   748.46
Total T:  614148 | Ep: 3700 | Steps:  282 | Reward:   883.96
Total T:  614438 | Ep: 3701 | Steps:  290 | Reward:   909.50
Total T:  614723 | Ep: 3702 | Steps:  285 | Reward:   912.56
Total T:  614972 | Ep: 3703 | Steps:  249 | Reward:   764.80
Total T:  615256 | Ep: 3704 | Steps:  284 | Reward:   894.81
Total T:  615555 | Ep: 3705 | Steps:  299 | Reward:   934.43
Total T:  615814 | Ep: 3706 | Steps:  259 | Reward:   835.04
Total T:  616090 | Ep: 3707 | Steps:  276 | Reward:   885.36
Total T:  616307 | Ep: 3708 | Steps:  217 | Reward:   698.27
Total T:  616463 | Ep: 3709 | Steps:  156 | Reward:   486.57
Total T:  616674 | Ep: 3710 | Steps:  211 | Reward:   689.36
Total T:  616897 | Ep: 3711 | Steps:  223 | Reward:   710.96
Total T:  617046 | Ep: 3712 | Steps:  149 | Reward:   442.60
Total T:  617316 | Ep: 3713 | Steps:  270 | Reward:   850.93
Total T:  617624 | Ep: 3714 | Steps:  308 | Reward:   955.39
Total T:  617890 | Ep: 3715 | Steps:  266 | Reward:   823.57
Total T:  618157 | Ep: 3716 | Steps:  267 | Reward:   868.90
Total T:  618366 | Ep: 3717 | Steps:  209 | Reward:   692.95
Total T:  618628 | Ep: 3718 | Steps:  262 | Reward:   840.37
Total T:  618863 | Ep: 3719 | Steps:  235 | Reward:   717.27
Total T:  619022 | Ep: 3720 | Steps:  159 | Reward:   485.96
Total T:  619289 | Ep: 3721 | Steps:  267 | Reward:   830.47
Total T:  619503 | Ep: 3722 | Steps:  214 | Reward:   697.76
Total T:  619708 | Ep: 3723 | Steps:  205 | Reward:   652.58
Total T:  619916 | Ep: 3724 | Steps:  208 | Reward:   646.07
---------------------------------------
Evaluation over 10 episodes: 928.612
---------------------------------------
Total T:  620117 | Ep: 3725 | Steps:  201 | Reward:   634.17
Total T:  620390 | Ep: 3726 | Steps:  273 | Reward:   890.60
Total T:  620681 | Ep: 3727 | Steps:  291 | Reward:   944.49
Total T:  620981 | Ep: 3728 | Steps:  300 | Reward:   930.55
Total T:  621245 | Ep: 3729 | Steps:  264 | Reward:   855.25
Total T:  621533 | Ep: 3730 | Steps:  288 | Reward:   949.88
Total T:  621814 | Ep: 3731 | Steps:  281 | Reward:   882.72
Total T:  622075 | Ep: 3732 | Steps:  261 | Reward:   813.17
Total T:  622378 | Ep: 3733 | Steps:  303 | Reward:   958.37
Total T:  622590 | Ep: 3734 | Steps:  212 | Reward:   675.89
Total T:  622889 | Ep: 3735 | Steps:  299 | Reward:   947.56
Total T:  623060 | Ep: 3736 | Steps:  171 | Reward:   526.91
Total T:  623278 | Ep: 3737 | Steps:  218 | Reward:   692.06
Total T:  623419 | Ep: 3738 | Steps:  141 | Reward:   409.06
Total T:  623650 | Ep: 3739 | Steps:  231 | Reward:   741.83
Total T:  623823 | Ep: 3740 | Steps:  173 | Reward:   520.42
Total T:  623967 | Ep: 3741 | Steps:  144 | Reward:   391.69
Total T:  624134 | Ep: 3742 | Steps:  167 | Reward:   521.36
Total T:  624308 | Ep: 3743 | Steps:  174 | Reward:   542.03
Total T:  624580 | Ep: 3744 | Steps:  272 | Reward:   869.29
Total T:  624750 | Ep: 3745 | Steps:  170 | Reward:   527.01
Total T:  625019 | Ep: 3746 | Steps:  269 | Reward:   873.74
Total T:  625291 | Ep: 3747 | Steps:  272 | Reward:   849.25
Total T:  625566 | Ep: 3748 | Steps:  275 | Reward:   869.12
Total T:  625841 | Ep: 3749 | Steps:  275 | Reward:   859.16
Total T:  626076 | Ep: 3750 | Steps:  235 | Reward:   762.44
Total T:  626237 | Ep: 3751 | Steps:  161 | Reward:   498.59
Total T:  626439 | Ep: 3752 | Steps:  202 | Reward:   652.03
Total T:  626674 | Ep: 3753 | Steps:  235 | Reward:   705.32
Total T:  626911 | Ep: 3754 | Steps:  237 | Reward:   701.64
Total T:  627211 | Ep: 3755 | Steps:  300 | Reward:   952.85
Total T:  627462 | Ep: 3756 | Steps:  251 | Reward:   796.40
Total T:  627676 | Ep: 3757 | Steps:  214 | Reward:   639.21
Total T:  627927 | Ep: 3758 | Steps:  251 | Reward:   762.44
Total T:  628134 | Ep: 3759 | Steps:  207 | Reward:   674.61
Total T:  628275 | Ep: 3760 | Steps:  141 | Reward:   417.68
Total T:  628562 | Ep: 3761 | Steps:  287 | Reward:   893.11
Total T:  628842 | Ep: 3762 | Steps:  280 | Reward:   872.51
Total T:  629029 | Ep: 3763 | Steps:  187 | Reward:   588.37
Total T:  629240 | Ep: 3764 | Steps:  211 | Reward:   652.61
Total T:  629526 | Ep: 3765 | Steps:  286 | Reward:   914.44
Total T:  629790 | Ep: 3766 | Steps:  264 | Reward:   814.65
---------------------------------------
Evaluation over 10 episodes: 654.951
---------------------------------------
Total T:  630043 | Ep: 3767 | Steps:  253 | Reward:   770.37
Total T:  630259 | Ep: 3768 | Steps:  216 | Reward:   696.87
Total T:  630561 | Ep: 3769 | Steps:  302 | Reward:   945.07
Total T:  630830 | Ep: 3770 | Steps:  269 | Reward:   878.71
Total T:  631093 | Ep: 3771 | Steps:  263 | Reward:   770.38
Total T:  631368 | Ep: 3772 | Steps:  275 | Reward:   819.23
Total T:  631605 | Ep: 3773 | Steps:  237 | Reward:   671.08
Total T:  631872 | Ep: 3774 | Steps:  267 | Reward:   783.14
Total T:  632164 | Ep: 3775 | Steps:  292 | Reward:   929.54
Total T:  632458 | Ep: 3776 | Steps:  294 | Reward:   905.81
Total T:  632669 | Ep: 3777 | Steps:  211 | Reward:   684.18
Total T:  632989 | Ep: 3778 | Steps:  320 | Reward:  1033.91
Total T:  633220 | Ep: 3779 | Steps:  231 | Reward:   685.90
Total T:  633491 | Ep: 3780 | Steps:  271 | Reward:   803.34
Total T:  633708 | Ep: 3781 | Steps:  217 | Reward:   684.18
Total T:  633915 | Ep: 3782 | Steps:  207 | Reward:   659.15
Total T:  634142 | Ep: 3783 | Steps:  227 | Reward:   672.61
Total T:  634396 | Ep: 3784 | Steps:  254 | Reward:   767.51
Total T:  634696 | Ep: 3785 | Steps:  300 | Reward:   928.08
Total T:  634935 | Ep: 3786 | Steps:  239 | Reward:   747.57
Total T:  635233 | Ep: 3787 | Steps:  298 | Reward:   940.13
Total T:  635459 | Ep: 3788 | Steps:  226 | Reward:   657.81
Total T:  635743 | Ep: 3789 | Steps:  284 | Reward:   860.48
Total T:  635966 | Ep: 3790 | Steps:  223 | Reward:   681.73
Total T:  636202 | Ep: 3791 | Steps:  236 | Reward:   776.16
Total T:  636505 | Ep: 3792 | Steps:  303 | Reward:  1003.41
Total T:  636791 | Ep: 3793 | Steps:  286 | Reward:   845.81
Total T:  637057 | Ep: 3794 | Steps:  266 | Reward:   840.26
Total T:  637334 | Ep: 3795 | Steps:  277 | Reward:   830.07
Total T:  637648 | Ep: 3796 | Steps:  314 | Reward:   977.90
Total T:  637864 | Ep: 3797 | Steps:  216 | Reward:   612.89
Total T:  638176 | Ep: 3798 | Steps:  312 | Reward:   930.93
Total T:  638470 | Ep: 3799 | Steps:  294 | Reward:   893.34
Total T:  638778 | Ep: 3800 | Steps:  308 | Reward:   942.62
Total T:  639054 | Ep: 3801 | Steps:  276 | Reward:   844.06
Total T:  639357 | Ep: 3802 | Steps:  303 | Reward:   932.98
Total T:  639655 | Ep: 3803 | Steps:  298 | Reward:   918.88
Total T:  639893 | Ep: 3804 | Steps:  238 | Reward:   699.66
---------------------------------------
Evaluation over 10 episodes: 825.080
---------------------------------------
Total T:  640171 | Ep: 3805 | Steps:  278 | Reward:   865.92
Total T:  640426 | Ep: 3806 | Steps:  255 | Reward:   741.48
Total T:  640667 | Ep: 3807 | Steps:  241 | Reward:   680.90
Total T:  640916 | Ep: 3808 | Steps:  249 | Reward:   745.60
Total T:  641159 | Ep: 3809 | Steps:  243 | Reward:   651.90
Total T:  641453 | Ep: 3810 | Steps:  294 | Reward:   941.64
Total T:  641722 | Ep: 3811 | Steps:  269 | Reward:   803.26
Total T:  641962 | Ep: 3812 | Steps:  240 | Reward:   760.63
Total T:  642270 | Ep: 3813 | Steps:  308 | Reward:   945.72
Total T:  642560 | Ep: 3814 | Steps:  290 | Reward:   882.81
Total T:  642845 | Ep: 3815 | Steps:  285 | Reward:   865.40
Total T:  643124 | Ep: 3816 | Steps:  279 | Reward:   807.42
Total T:  643411 | Ep: 3817 | Steps:  287 | Reward:   870.46
Total T:  643718 | Ep: 3818 | Steps:  307 | Reward:  1006.94
Total T:  644018 | Ep: 3819 | Steps:  300 | Reward:   919.33
Total T:  644296 | Ep: 3820 | Steps:  278 | Reward:   901.72
Total T:  644594 | Ep: 3821 | Steps:  298 | Reward:   885.02
Total T:  644890 | Ep: 3822 | Steps:  296 | Reward:   924.86
Total T:  645141 | Ep: 3823 | Steps:  251 | Reward:   726.11
Total T:  645418 | Ep: 3824 | Steps:  277 | Reward:   868.76
Total T:  645711 | Ep: 3825 | Steps:  293 | Reward:   890.62
Total T:  645948 | Ep: 3826 | Steps:  237 | Reward:   695.32
Total T:  646209 | Ep: 3827 | Steps:  261 | Reward:   771.40
Total T:  646458 | Ep: 3828 | Steps:  249 | Reward:   761.83
Total T:  646689 | Ep: 3829 | Steps:  231 | Reward:   655.35
Total T:  646976 | Ep: 3830 | Steps:  287 | Reward:   863.31
Total T:  647275 | Ep: 3831 | Steps:  299 | Reward:   916.58
Total T:  647485 | Ep: 3832 | Steps:  210 | Reward:   668.04
Total T:  647753 | Ep: 3833 | Steps:  268 | Reward:   816.35
Total T:  648024 | Ep: 3834 | Steps:  271 | Reward:   825.35
Total T:  648299 | Ep: 3835 | Steps:  275 | Reward:   833.05
Total T:  648573 | Ep: 3836 | Steps:  274 | Reward:   855.74
Total T:  648846 | Ep: 3837 | Steps:  273 | Reward:   774.51
Total T:  649125 | Ep: 3838 | Steps:  279 | Reward:   898.71
Total T:  649416 | Ep: 3839 | Steps:  291 | Reward:   877.43
Total T:  649656 | Ep: 3840 | Steps:  240 | Reward:   676.81
Total T:  649928 | Ep: 3841 | Steps:  272 | Reward:   857.98
---------------------------------------
Evaluation over 10 episodes: 863.271
---------------------------------------
Total T:  650152 | Ep: 3842 | Steps:  224 | Reward:   666.29
Total T:  650410 | Ep: 3843 | Steps:  258 | Reward:   768.49
Total T:  650701 | Ep: 3844 | Steps:  291 | Reward:   887.90
Total T:  650972 | Ep: 3845 | Steps:  271 | Reward:   831.75
Total T:  651238 | Ep: 3846 | Steps:  266 | Reward:   762.32
Total T:  651534 | Ep: 3847 | Steps:  296 | Reward:   952.67
Total T:  651746 | Ep: 3848 | Steps:  212 | Reward:   665.12
Total T:  651960 | Ep: 3849 | Steps:  214 | Reward:   680.86
Total T:  652220 | Ep: 3850 | Steps:  260 | Reward:   762.05
Total T:  652507 | Ep: 3851 | Steps:  287 | Reward:   876.17
Total T:  652765 | Ep: 3852 | Steps:  258 | Reward:   782.42
Total T:  653043 | Ep: 3853 | Steps:  278 | Reward:   844.79
Total T:  653344 | Ep: 3854 | Steps:  301 | Reward:   960.14
Total T:  653653 | Ep: 3855 | Steps:  309 | Reward:   960.66
Total T:  653960 | Ep: 3856 | Steps:  307 | Reward:   939.09
Total T:  654283 | Ep: 3857 | Steps:  323 | Reward:   914.76
Total T:  654531 | Ep: 3858 | Steps:  248 | Reward:   775.08
Total T:  654776 | Ep: 3859 | Steps:  245 | Reward:   751.51
Total T:  655048 | Ep: 3860 | Steps:  272 | Reward:   819.89
Total T:  655304 | Ep: 3861 | Steps:  256 | Reward:   756.30
Total T:  655593 | Ep: 3862 | Steps:  289 | Reward:   885.30
Total T:  655894 | Ep: 3863 | Steps:  301 | Reward:   968.57
Total T:  656165 | Ep: 3864 | Steps:  271 | Reward:   852.54
Total T:  656425 | Ep: 3865 | Steps:  260 | Reward:   775.68
Total T:  656700 | Ep: 3866 | Steps:  275 | Reward:   822.48
Total T:  656995 | Ep: 3867 | Steps:  295 | Reward:   948.73
Total T:  657304 | Ep: 3868 | Steps:  309 | Reward:   903.09
Total T:  657574 | Ep: 3869 | Steps:  270 | Reward:   812.94
Total T:  657870 | Ep: 3870 | Steps:  296 | Reward:   923.16
Total T:  658123 | Ep: 3871 | Steps:  253 | Reward:   744.72
Total T:  658442 | Ep: 3872 | Steps:  319 | Reward:   963.15
Total T:  658737 | Ep: 3873 | Steps:  295 | Reward:   908.66
Total T:  658988 | Ep: 3874 | Steps:  251 | Reward:   772.47
Total T:  659238 | Ep: 3875 | Steps:  250 | Reward:   786.77
Total T:  659529 | Ep: 3876 | Steps:  291 | Reward:   884.81
Total T:  659784 | Ep: 3877 | Steps:  255 | Reward:   742.02
---------------------------------------
Evaluation over 10 episodes: 850.329
---------------------------------------
Total T:  660028 | Ep: 3878 | Steps:  244 | Reward:   662.38
Total T:  660328 | Ep: 3879 | Steps:  300 | Reward:   922.57
Total T:  660586 | Ep: 3880 | Steps:  258 | Reward:   748.04
Total T:  660853 | Ep: 3881 | Steps:  267 | Reward:   809.60
Total T:  661133 | Ep: 3882 | Steps:  280 | Reward:   845.85
Total T:  661451 | Ep: 3883 | Steps:  318 | Reward:   961.34
Total T:  661736 | Ep: 3884 | Steps:  285 | Reward:   919.24
Total T:  662017 | Ep: 3885 | Steps:  281 | Reward:   814.33
Total T:  662313 | Ep: 3886 | Steps:  296 | Reward:   924.89
Total T:  662601 | Ep: 3887 | Steps:  288 | Reward:   920.17
Total T:  662901 | Ep: 3888 | Steps:  300 | Reward:   942.11
Total T:  663173 | Ep: 3889 | Steps:  272 | Reward:   833.44
Total T:  663391 | Ep: 3890 | Steps:  218 | Reward:   648.10
Total T:  663696 | Ep: 3891 | Steps:  305 | Reward:   948.53
Total T:  663970 | Ep: 3892 | Steps:  274 | Reward:   855.49
Total T:  664220 | Ep: 3893 | Steps:  250 | Reward:   722.14
Total T:  664487 | Ep: 3894 | Steps:  267 | Reward:   832.02
Total T:  664752 | Ep: 3895 | Steps:  265 | Reward:   858.31
Total T:  665011 | Ep: 3896 | Steps:  259 | Reward:   844.29
Total T:  665300 | Ep: 3897 | Steps:  289 | Reward:   869.52
Total T:  665611 | Ep: 3898 | Steps:  311 | Reward:   973.75
Total T:  665878 | Ep: 3899 | Steps:  267 | Reward:   796.47
Total T:  666071 | Ep: 3900 | Steps:  193 | Reward:   636.54
Total T:  666342 | Ep: 3901 | Steps:  271 | Reward:   844.21
Total T:  666657 | Ep: 3902 | Steps:  315 | Reward:  1004.60
Total T:  666930 | Ep: 3903 | Steps:  273 | Reward:   828.05
Total T:  667235 | Ep: 3904 | Steps:  305 | Reward:   934.32
Total T:  667533 | Ep: 3905 | Steps:  298 | Reward:   940.43
Total T:  667773 | Ep: 3906 | Steps:  240 | Reward:   707.62
Total T:  668070 | Ep: 3907 | Steps:  297 | Reward:   888.08
Total T:  668363 | Ep: 3908 | Steps:  293 | Reward:   862.83
Total T:  668670 | Ep: 3909 | Steps:  307 | Reward:   941.47
Total T:  668946 | Ep: 3910 | Steps:  276 | Reward:   850.42
Total T:  669217 | Ep: 3911 | Steps:  271 | Reward:   820.14
Total T:  669524 | Ep: 3912 | Steps:  307 | Reward:   986.38
Total T:  669786 | Ep: 3913 | Steps:  262 | Reward:   809.93
---------------------------------------
Evaluation over 10 episodes: 829.013
---------------------------------------
Total T:  670073 | Ep: 3914 | Steps:  287 | Reward:   903.38
Total T:  670304 | Ep: 3915 | Steps:  231 | Reward:   738.95
Total T:  670588 | Ep: 3916 | Steps:  284 | Reward:   850.96
Total T:  670872 | Ep: 3917 | Steps:  284 | Reward:   946.63
Total T:  671110 | Ep: 3918 | Steps:  238 | Reward:   653.30
Total T:  671379 | Ep: 3919 | Steps:  269 | Reward:   799.88
Total T:  671656 | Ep: 3920 | Steps:  277 | Reward:   803.45
Total T:  671921 | Ep: 3921 | Steps:  265 | Reward:   781.42
Total T:  672232 | Ep: 3922 | Steps:  311 | Reward:   997.36
Total T:  672460 | Ep: 3923 | Steps:  228 | Reward:   665.81
Total T:  672744 | Ep: 3924 | Steps:  284 | Reward:   812.19
Total T:  673068 | Ep: 3925 | Steps:  324 | Reward:   927.76
Total T:  673324 | Ep: 3926 | Steps:  256 | Reward:   719.43
Total T:  673611 | Ep: 3927 | Steps:  287 | Reward:   873.46
Total T:  673897 | Ep: 3928 | Steps:  286 | Reward:   886.89
Total T:  674185 | Ep: 3929 | Steps:  288 | Reward:   869.45
Total T:  674421 | Ep: 3930 | Steps:  236 | Reward:   677.11
Total T:  674718 | Ep: 3931 | Steps:  297 | Reward:   898.52
Total T:  674976 | Ep: 3932 | Steps:  258 | Reward:   758.78
Total T:  675195 | Ep: 3933 | Steps:  219 | Reward:   604.70
Total T:  675478 | Ep: 3934 | Steps:  283 | Reward:   834.35
Total T:  675755 | Ep: 3935 | Steps:  277 | Reward:   829.72
Total T:  676026 | Ep: 3936 | Steps:  271 | Reward:   863.96
Total T:  676319 | Ep: 3937 | Steps:  293 | Reward:   914.45
Total T:  676617 | Ep: 3938 | Steps:  298 | Reward:   974.91
Total T:  676878 | Ep: 3939 | Steps:  261 | Reward:   790.73
Total T:  677178 | Ep: 3940 | Steps:  300 | Reward:   939.46
Total T:  677422 | Ep: 3941 | Steps:  244 | Reward:   760.92
Total T:  677644 | Ep: 3942 | Steps:  222 | Reward:   630.77
Total T:  677879 | Ep: 3943 | Steps:  235 | Reward:   651.39
Total T:  678132 | Ep: 3944 | Steps:  253 | Reward:   777.59
Total T:  678360 | Ep: 3945 | Steps:  228 | Reward:   635.99
Total T:  678627 | Ep: 3946 | Steps:  267 | Reward:   752.48
Total T:  678923 | Ep: 3947 | Steps:  296 | Reward:   845.99
Total T:  679165 | Ep: 3948 | Steps:  242 | Reward:   707.24
Total T:  679405 | Ep: 3949 | Steps:  240 | Reward:   663.79
Total T:  679634 | Ep: 3950 | Steps:  229 | Reward:   628.86
Total T:  679882 | Ep: 3951 | Steps:  248 | Reward:   746.40
---------------------------------------
Evaluation over 10 episodes: 669.258
---------------------------------------
Total T:  680113 | Ep: 3952 | Steps:  231 | Reward:   632.51
Total T:  680368 | Ep: 3953 | Steps:  255 | Reward:   761.07
Total T:  680595 | Ep: 3954 | Steps:  227 | Reward:   655.66
Total T:  680826 | Ep: 3955 | Steps:  231 | Reward:   664.39
Total T:  681045 | Ep: 3956 | Steps:  219 | Reward:   600.00
Total T:  681257 | Ep: 3957 | Steps:  212 | Reward:   568.36
Total T:  681536 | Ep: 3958 | Steps:  279 | Reward:   918.55
Total T:  681785 | Ep: 3959 | Steps:  249 | Reward:   814.90
Total T:  682046 | Ep: 3960 | Steps:  261 | Reward:   774.71
Total T:  682314 | Ep: 3961 | Steps:  268 | Reward:   819.35
Total T:  682606 | Ep: 3962 | Steps:  292 | Reward:   929.89
Total T:  682848 | Ep: 3963 | Steps:  242 | Reward:   683.71
Total T:  683143 | Ep: 3964 | Steps:  295 | Reward:   953.06
Total T:  683373 | Ep: 3965 | Steps:  230 | Reward:   631.94
Total T:  683629 | Ep: 3966 | Steps:  256 | Reward:   744.01
Total T:  683847 | Ep: 3967 | Steps:  218 | Reward:   598.99
Total T:  684101 | Ep: 3968 | Steps:  254 | Reward:   792.88
Total T:  684343 | Ep: 3969 | Steps:  242 | Reward:   716.31
Total T:  684586 | Ep: 3970 | Steps:  243 | Reward:   718.99
Total T:  684832 | Ep: 3971 | Steps:  246 | Reward:   785.72
Total T:  685106 | Ep: 3972 | Steps:  274 | Reward:   837.19
Total T:  685429 | Ep: 3973 | Steps:  323 | Reward:  1047.24
Total T:  685668 | Ep: 3974 | Steps:  239 | Reward:   653.40
Total T:  685912 | Ep: 3975 | Steps:  244 | Reward:   709.26
Total T:  686133 | Ep: 3976 | Steps:  221 | Reward:   593.66
Total T:  686350 | Ep: 3977 | Steps:  217 | Reward:   612.68
Total T:  686595 | Ep: 3978 | Steps:  245 | Reward:   740.20
Total T:  686828 | Ep: 3979 | Steps:  233 | Reward:   661.73
Total T:  687112 | Ep: 3980 | Steps:  284 | Reward:   859.99
Total T:  687375 | Ep: 3981 | Steps:  263 | Reward:   778.67
Total T:  687643 | Ep: 3982 | Steps:  268 | Reward:   800.39
Total T:  687895 | Ep: 3983 | Steps:  252 | Reward:   721.73
Total T:  688165 | Ep: 3984 | Steps:  270 | Reward:   777.07
Total T:  688421 | Ep: 3985 | Steps:  256 | Reward:   752.71
Total T:  688705 | Ep: 3986 | Steps:  284 | Reward:   898.68
Total T:  688949 | Ep: 3987 | Steps:  244 | Reward:   736.39
Total T:  689176 | Ep: 3988 | Steps:  227 | Reward:   601.53
Total T:  689427 | Ep: 3989 | Steps:  251 | Reward:   725.16
Total T:  689703 | Ep: 3990 | Steps:  276 | Reward:   875.95
Total T:  689993 | Ep: 3991 | Steps:  290 | Reward:   922.79
---------------------------------------
Evaluation over 10 episodes: 765.836
---------------------------------------
Total T:  690238 | Ep: 3992 | Steps:  245 | Reward:   729.57
Total T:  690486 | Ep: 3993 | Steps:  248 | Reward:   710.37
Total T:  690740 | Ep: 3994 | Steps:  254 | Reward:   742.13
Total T:  691006 | Ep: 3995 | Steps:  266 | Reward:   781.68
Total T:  691298 | Ep: 3996 | Steps:  292 | Reward:   870.56
Total T:  691520 | Ep: 3997 | Steps:  222 | Reward:   647.72
Total T:  691813 | Ep: 3998 | Steps:  293 | Reward:   892.12
Total T:  692042 | Ep: 3999 | Steps:  229 | Reward:   626.02
Total T:  692283 | Ep: 4000 | Steps:  241 | Reward:   718.41
Total T:  692544 | Ep: 4001 | Steps:  261 | Reward:   779.55
Total T:  692827 | Ep: 4002 | Steps:  283 | Reward:   861.60
Total T:  693111 | Ep: 4003 | Steps:  284 | Reward:   880.30
Total T:  693344 | Ep: 4004 | Steps:  233 | Reward:   721.87
Total T:  693614 | Ep: 4005 | Steps:  270 | Reward:   795.54
Total T:  693838 | Ep: 4006 | Steps:  224 | Reward:   592.89
Total T:  694083 | Ep: 4007 | Steps:  245 | Reward:   714.40
Total T:  694328 | Ep: 4008 | Steps:  245 | Reward:   727.86
Total T:  694604 | Ep: 4009 | Steps:  276 | Reward:   837.38
Total T:  694840 | Ep: 4010 | Steps:  236 | Reward:   653.30
Total T:  695090 | Ep: 4011 | Steps:  250 | Reward:   712.82
Total T:  695335 | Ep: 4012 | Steps:  245 | Reward:   702.53
Total T:  695635 | Ep: 4013 | Steps:  300 | Reward:   929.70
Total T:  695900 | Ep: 4014 | Steps:  265 | Reward:   782.76
Total T:  696166 | Ep: 4015 | Steps:  266 | Reward:   793.19
Total T:  696423 | Ep: 4016 | Steps:  257 | Reward:   779.17
Total T:  696670 | Ep: 4017 | Steps:  247 | Reward:   778.20
Total T:  696915 | Ep: 4018 | Steps:  245 | Reward:   718.27
Total T:  697149 | Ep: 4019 | Steps:  234 | Reward:   643.97
Total T:  697407 | Ep: 4020 | Steps:  258 | Reward:   770.36
Total T:  697660 | Ep: 4021 | Steps:  253 | Reward:   749.44
Total T:  697935 | Ep: 4022 | Steps:  275 | Reward:   819.89
Total T:  698198 | Ep: 4023 | Steps:  263 | Reward:   781.24
Total T:  698486 | Ep: 4024 | Steps:  288 | Reward:   852.53
Total T:  698727 | Ep: 4025 | Steps:  241 | Reward:   709.41
Total T:  698974 | Ep: 4026 | Steps:  247 | Reward:   735.50
Total T:  699216 | Ep: 4027 | Steps:  242 | Reward:   715.98
Total T:  699466 | Ep: 4028 | Steps:  250 | Reward:   734.72
Total T:  699719 | Ep: 4029 | Steps:  253 | Reward:   742.19
---------------------------------------
Evaluation over 10 episodes: 789.199
---------------------------------------
Total T:  700002 | Ep: 4030 | Steps:  283 | Reward:   820.38
Total T:  700262 | Ep: 4031 | Steps:  260 | Reward:   756.29
Total T:  700547 | Ep: 4032 | Steps:  285 | Reward:   838.33
Total T:  700807 | Ep: 4033 | Steps:  260 | Reward:   766.23
Total T:  701059 | Ep: 4034 | Steps:  252 | Reward:   726.81
Total T:  701355 | Ep: 4035 | Steps:  296 | Reward:   941.79
Total T:  701642 | Ep: 4036 | Steps:  287 | Reward:   888.57
Total T:  701910 | Ep: 4037 | Steps:  268 | Reward:   807.65
Total T:  702181 | Ep: 4038 | Steps:  271 | Reward:   838.03
Total T:  702419 | Ep: 4039 | Steps:  238 | Reward:   669.81
Total T:  702632 | Ep: 4040 | Steps:  213 | Reward:   638.98
Total T:  702915 | Ep: 4041 | Steps:  283 | Reward:   864.47
Total T:  703165 | Ep: 4042 | Steps:  250 | Reward:   734.38
Total T:  703411 | Ep: 4043 | Steps:  246 | Reward:   710.81
Total T:  703696 | Ep: 4044 | Steps:  285 | Reward:   864.79
Total T:  703985 | Ep: 4045 | Steps:  289 | Reward:   908.72
Total T:  704250 | Ep: 4046 | Steps:  265 | Reward:   754.06
Total T:  704511 | Ep: 4047 | Steps:  261 | Reward:   762.10
Total T:  704766 | Ep: 4048 | Steps:  255 | Reward:   736.98
Total T:  705024 | Ep: 4049 | Steps:  258 | Reward:   760.75
Total T:  705317 | Ep: 4050 | Steps:  293 | Reward:   891.64
Total T:  705604 | Ep: 4051 | Steps:  287 | Reward:   830.56
Total T:  705862 | Ep: 4052 | Steps:  258 | Reward:   741.87
Total T:  706127 | Ep: 4053 | Steps:  265 | Reward:   749.89
Total T:  706398 | Ep: 4054 | Steps:  271 | Reward:   833.89
Total T:  706667 | Ep: 4055 | Steps:  269 | Reward:   791.15
Total T:  706951 | Ep: 4056 | Steps:  284 | Reward:   817.56
Total T:  707269 | Ep: 4057 | Steps:  318 | Reward:   942.65
Total T:  707579 | Ep: 4058 | Steps:  310 | Reward:   928.55
Total T:  707869 | Ep: 4059 | Steps:  290 | Reward:   824.83
Total T:  708142 | Ep: 4060 | Steps:  273 | Reward:   807.50
Total T:  708402 | Ep: 4061 | Steps:  260 | Reward:   752.53
Total T:  708725 | Ep: 4062 | Steps:  323 | Reward:   952.45
Total T:  709016 | Ep: 4063 | Steps:  291 | Reward:   873.46
Total T:  709323 | Ep: 4064 | Steps:  307 | Reward:   916.41
Total T:  709575 | Ep: 4065 | Steps:  252 | Reward:   733.59
Total T:  709887 | Ep: 4066 | Steps:  312 | Reward:   931.66
---------------------------------------
Evaluation over 10 episodes: 813.187
---------------------------------------
Total T:  710180 | Ep: 4067 | Steps:  293 | Reward:   835.75
Total T:  710445 | Ep: 4068 | Steps:  265 | Reward:   773.34
Total T:  710728 | Ep: 4069 | Steps:  283 | Reward:   817.25
Total T:  711002 | Ep: 4070 | Steps:  274 | Reward:   822.17
Total T:  711298 | Ep: 4071 | Steps:  296 | Reward:   891.39
Total T:  711561 | Ep: 4072 | Steps:  263 | Reward:   689.49
Total T:  711819 | Ep: 4073 | Steps:  258 | Reward:   750.18
Total T:  712061 | Ep: 4074 | Steps:  242 | Reward:   675.98
Total T:  712329 | Ep: 4075 | Steps:  268 | Reward:   792.75
Total T:  712613 | Ep: 4076 | Steps:  284 | Reward:   827.10
Total T:  712885 | Ep: 4077 | Steps:  272 | Reward:   762.00
Total T:  713179 | Ep: 4078 | Steps:  294 | Reward:   858.26
Total T:  713487 | Ep: 4079 | Steps:  308 | Reward:   939.72
Total T:  713754 | Ep: 4080 | Steps:  267 | Reward:   787.79
Total T:  713997 | Ep: 4081 | Steps:  243 | Reward:   670.67
Total T:  714299 | Ep: 4082 | Steps:  302 | Reward:   879.55
Total T:  714595 | Ep: 4083 | Steps:  296 | Reward:   902.60
Total T:  714897 | Ep: 4084 | Steps:  302 | Reward:   963.84
Total T:  715155 | Ep: 4085 | Steps:  258 | Reward:   771.40
Total T:  715417 | Ep: 4086 | Steps:  262 | Reward:   798.76
Total T:  715671 | Ep: 4087 | Steps:  254 | Reward:   747.87
Total T:  715940 | Ep: 4088 | Steps:  269 | Reward:   775.83
Total T:  716187 | Ep: 4089 | Steps:  247 | Reward:   700.20
Total T:  716457 | Ep: 4090 | Steps:  270 | Reward:   781.56
Total T:  716709 | Ep: 4091 | Steps:  252 | Reward:   724.06
Total T:  716963 | Ep: 4092 | Steps:  254 | Reward:   732.38
Total T:  717265 | Ep: 4093 | Steps:  302 | Reward:   934.12
Total T:  717524 | Ep: 4094 | Steps:  259 | Reward:   755.54
Total T:  717787 | Ep: 4095 | Steps:  263 | Reward:   783.67
Total T:  718042 | Ep: 4096 | Steps:  255 | Reward:   775.82
Total T:  718346 | Ep: 4097 | Steps:  304 | Reward:   913.27
Total T:  718598 | Ep: 4098 | Steps:  252 | Reward:   755.00
Total T:  718865 | Ep: 4099 | Steps:  267 | Reward:   798.09
Total T:  719194 | Ep: 4100 | Steps:  329 | Reward:   979.20
Total T:  719481 | Ep: 4101 | Steps:  287 | Reward:   837.49
Total T:  719760 | Ep: 4102 | Steps:  279 | Reward:   830.72
---------------------------------------
Evaluation over 10 episodes: 779.131
---------------------------------------
Total T:  720052 | Ep: 4103 | Steps:  292 | Reward:   858.75
Total T:  720301 | Ep: 4104 | Steps:  249 | Reward:   730.36
Total T:  720582 | Ep: 4105 | Steps:  281 | Reward:   811.85
Total T:  720857 | Ep: 4106 | Steps:  275 | Reward:   792.74
Total T:  721132 | Ep: 4107 | Steps:  275 | Reward:   784.64
Total T:  721377 | Ep: 4108 | Steps:  245 | Reward:   701.00
Total T:  721624 | Ep: 4109 | Steps:  247 | Reward:   711.59
Total T:  721892 | Ep: 4110 | Steps:  268 | Reward:   744.43
Total T:  722174 | Ep: 4111 | Steps:  282 | Reward:   864.72
Total T:  722437 | Ep: 4112 | Steps:  263 | Reward:   763.25
Total T:  722728 | Ep: 4113 | Steps:  291 | Reward:   890.42
Total T:  723042 | Ep: 4114 | Steps:  314 | Reward:   853.56
Total T:  723332 | Ep: 4115 | Steps:  290 | Reward:   865.77
Total T:  723641 | Ep: 4116 | Steps:  309 | Reward:   893.51
Total T:  723911 | Ep: 4117 | Steps:  270 | Reward:   734.48
Total T:  724182 | Ep: 4118 | Steps:  271 | Reward:   760.51
Total T:  724447 | Ep: 4119 | Steps:  265 | Reward:   810.73
Total T:  724736 | Ep: 4120 | Steps:  289 | Reward:   869.02
Total T:  725057 | Ep: 4121 | Steps:  321 | Reward:   973.97
Total T:  725362 | Ep: 4122 | Steps:  305 | Reward:   884.12
Total T:  725653 | Ep: 4123 | Steps:  291 | Reward:   872.16
Total T:  725904 | Ep: 4124 | Steps:  251 | Reward:   732.40
Total T:  726154 | Ep: 4125 | Steps:  250 | Reward:   724.33
Total T:  726435 | Ep: 4126 | Steps:  281 | Reward:   914.50
Total T:  726711 | Ep: 4127 | Steps:  276 | Reward:   826.29
Total T:  726954 | Ep: 4128 | Steps:  243 | Reward:   649.83
Total T:  727201 | Ep: 4129 | Steps:  247 | Reward:   722.60
Total T:  727519 | Ep: 4130 | Steps:  318 | Reward:   973.72
Total T:  727794 | Ep: 4131 | Steps:  275 | Reward:   793.30
Total T:  728053 | Ep: 4132 | Steps:  259 | Reward:   750.93
Total T:  728341 | Ep: 4133 | Steps:  288 | Reward:   854.30
Total T:  728642 | Ep: 4134 | Steps:  301 | Reward:   941.36
Total T:  728945 | Ep: 4135 | Steps:  303 | Reward:   921.31
Total T:  729244 | Ep: 4136 | Steps:  299 | Reward:   873.83
Total T:  729516 | Ep: 4137 | Steps:  272 | Reward:   789.49
Total T:  729821 | Ep: 4138 | Steps:  305 | Reward:   887.39
---------------------------------------
Evaluation over 10 episodes: 764.853
---------------------------------------
Total T:  730097 | Ep: 4139 | Steps:  276 | Reward:   828.45
Total T:  730375 | Ep: 4140 | Steps:  278 | Reward:   802.86
Total T:  730660 | Ep: 4141 | Steps:  285 | Reward:   789.27
Total T:  730932 | Ep: 4142 | Steps:  272 | Reward:   787.47
Total T:  731162 | Ep: 4143 | Steps:  230 | Reward:   639.92
Total T:  731479 | Ep: 4144 | Steps:  317 | Reward:   942.02
Total T:  731811 | Ep: 4145 | Steps:  332 | Reward:   983.48
Total T:  732074 | Ep: 4146 | Steps:  263 | Reward:   698.55
Total T:  732386 | Ep: 4147 | Steps:  312 | Reward:   983.20
Total T:  732634 | Ep: 4148 | Steps:  248 | Reward:   667.46
Total T:  732878 | Ep: 4149 | Steps:  244 | Reward:   647.41
Total T:  733168 | Ep: 4150 | Steps:  290 | Reward:   824.06
Total T:  733472 | Ep: 4151 | Steps:  304 | Reward:   899.15
Total T:  733721 | Ep: 4152 | Steps:  249 | Reward:   717.10
Total T:  733963 | Ep: 4153 | Steps:  242 | Reward:   663.18
Total T:  734206 | Ep: 4154 | Steps:  243 | Reward:   667.39
Total T:  734448 | Ep: 4155 | Steps:  242 | Reward:   696.41
Total T:  734709 | Ep: 4156 | Steps:  261 | Reward:   770.81
Total T:  734969 | Ep: 4157 | Steps:  260 | Reward:   760.12
Total T:  735255 | Ep: 4158 | Steps:  286 | Reward:   856.48
Total T:  735508 | Ep: 4159 | Steps:  253 | Reward:   745.86
Total T:  735816 | Ep: 4160 | Steps:  308 | Reward:   984.55
Total T:  736076 | Ep: 4161 | Steps:  260 | Reward:   821.16
Total T:  736412 | Ep: 4162 | Steps:  336 | Reward:  1040.74
Total T:  736721 | Ep: 4163 | Steps:  309 | Reward:   951.47
Total T:  736994 | Ep: 4164 | Steps:  273 | Reward:   811.57
Total T:  737275 | Ep: 4165 | Steps:  281 | Reward:   830.68
Total T:  737521 | Ep: 4166 | Steps:  246 | Reward:   660.71
Total T:  737800 | Ep: 4167 | Steps:  279 | Reward:   831.03
Total T:  738048 | Ep: 4168 | Steps:  248 | Reward:   723.31
Total T:  738311 | Ep: 4169 | Steps:  263 | Reward:   744.97
Total T:  738612 | Ep: 4170 | Steps:  301 | Reward:   818.01
Total T:  738921 | Ep: 4171 | Steps:  309 | Reward:   947.24
Total T:  739189 | Ep: 4172 | Steps:  268 | Reward:   806.72
Total T:  739507 | Ep: 4173 | Steps:  318 | Reward:   983.91
Total T:  739783 | Ep: 4174 | Steps:  276 | Reward:   850.53
---------------------------------------
Evaluation over 10 episodes: 689.808
---------------------------------------
Total T:  740020 | Ep: 4175 | Steps:  237 | Reward:   652.83
Total T:  740277 | Ep: 4176 | Steps:  257 | Reward:   757.24
Total T:  740578 | Ep: 4177 | Steps:  301 | Reward:   873.35
Total T:  740868 | Ep: 4178 | Steps:  290 | Reward:   909.99
Total T:  741121 | Ep: 4179 | Steps:  253 | Reward:   750.42
Total T:  741372 | Ep: 4180 | Steps:  251 | Reward:   755.22
Total T:  741661 | Ep: 4181 | Steps:  289 | Reward:   842.49
Total T:  741914 | Ep: 4182 | Steps:  253 | Reward:   728.19
Total T:  742207 | Ep: 4183 | Steps:  293 | Reward:   912.66
Total T:  742460 | Ep: 4184 | Steps:  253 | Reward:   765.75
Total T:  742706 | Ep: 4185 | Steps:  246 | Reward:   728.64
Total T:  742993 | Ep: 4186 | Steps:  287 | Reward:   891.37
Total T:  743289 | Ep: 4187 | Steps:  296 | Reward:   950.22
Total T:  743568 | Ep: 4188 | Steps:  279 | Reward:   841.89
Total T:  743822 | Ep: 4189 | Steps:  254 | Reward:   769.14
Total T:  744109 | Ep: 4190 | Steps:  287 | Reward:   901.80
Total T:  744345 | Ep: 4191 | Steps:  236 | Reward:   718.17
Total T:  744597 | Ep: 4192 | Steps:  252 | Reward:   792.56
Total T:  744849 | Ep: 4193 | Steps:  252 | Reward:   738.45
Total T:  745088 | Ep: 4194 | Steps:  239 | Reward:   734.29
Total T:  745325 | Ep: 4195 | Steps:  237 | Reward:   730.65
Total T:  745565 | Ep: 4196 | Steps:  240 | Reward:   757.82
Total T:  745827 | Ep: 4197 | Steps:  262 | Reward:   812.57
Total T:  746071 | Ep: 4198 | Steps:  244 | Reward:   745.34
Total T:  746307 | Ep: 4199 | Steps:  236 | Reward:   717.66
Total T:  746539 | Ep: 4200 | Steps:  232 | Reward:   723.28
Total T:  746782 | Ep: 4201 | Steps:  243 | Reward:   753.61
Total T:  747014 | Ep: 4202 | Steps:  232 | Reward:   675.89
Total T:  747250 | Ep: 4203 | Steps:  236 | Reward:   719.82
Total T:  747532 | Ep: 4204 | Steps:  282 | Reward:   857.38
Total T:  747771 | Ep: 4205 | Steps:  239 | Reward:   690.64
Total T:  748009 | Ep: 4206 | Steps:  238 | Reward:   728.40
Total T:  748234 | Ep: 4207 | Steps:  225 | Reward:   656.76
Total T:  748513 | Ep: 4208 | Steps:  279 | Reward:   874.71
Total T:  748745 | Ep: 4209 | Steps:  232 | Reward:   701.92
Total T:  748964 | Ep: 4210 | Steps:  219 | Reward:   634.96
Total T:  749200 | Ep: 4211 | Steps:  236 | Reward:   695.55
Total T:  749449 | Ep: 4212 | Steps:  249 | Reward:   780.26
Total T:  749709 | Ep: 4213 | Steps:  260 | Reward:   813.07
Total T:  749953 | Ep: 4214 | Steps:  244 | Reward:   693.11
---------------------------------------
Evaluation over 10 episodes: 760.317
---------------------------------------
Total T:  750196 | Ep: 4215 | Steps:  243 | Reward:   697.14
Total T:  750445 | Ep: 4216 | Steps:  249 | Reward:   715.08
Total T:  750675 | Ep: 4217 | Steps:  230 | Reward:   703.10
Total T:  750918 | Ep: 4218 | Steps:  243 | Reward:   762.50
Total T:  751177 | Ep: 4219 | Steps:  259 | Reward:   810.61
Total T:  751441 | Ep: 4220 | Steps:  264 | Reward:   820.87
Total T:  751703 | Ep: 4221 | Steps:  262 | Reward:   817.34
Total T:  751969 | Ep: 4222 | Steps:  266 | Reward:   746.94
Total T:  752195 | Ep: 4223 | Steps:  226 | Reward:   689.47
Total T:  752458 | Ep: 4224 | Steps:  263 | Reward:   818.39
Total T:  752705 | Ep: 4225 | Steps:  247 | Reward:   767.92
Total T:  752998 | Ep: 4226 | Steps:  293 | Reward:   945.04
Total T:  753248 | Ep: 4227 | Steps:  250 | Reward:   790.25
Total T:  753470 | Ep: 4228 | Steps:  222 | Reward:   650.35
Total T:  753740 | Ep: 4229 | Steps:  270 | Reward:   812.80
Total T:  753973 | Ep: 4230 | Steps:  233 | Reward:   691.19
Total T:  754215 | Ep: 4231 | Steps:  242 | Reward:   749.62
Total T:  754468 | Ep: 4232 | Steps:  253 | Reward:   801.05
Total T:  754691 | Ep: 4233 | Steps:  223 | Reward:   605.99
Total T:  754925 | Ep: 4234 | Steps:  234 | Reward:   720.86
Total T:  755167 | Ep: 4235 | Steps:  242 | Reward:   720.40
Total T:  755392 | Ep: 4236 | Steps:  225 | Reward:   634.90
Total T:  755644 | Ep: 4237 | Steps:  252 | Reward:   779.30
Total T:  755863 | Ep: 4238 | Steps:  219 | Reward:   610.58
Total T:  756120 | Ep: 4239 | Steps:  257 | Reward:   776.40
Total T:  756392 | Ep: 4240 | Steps:  272 | Reward:   832.66
Total T:  756634 | Ep: 4241 | Steps:  242 | Reward:   727.18
Total T:  756907 | Ep: 4242 | Steps:  273 | Reward:   854.83
Total T:  757156 | Ep: 4243 | Steps:  249 | Reward:   765.70
Total T:  757394 | Ep: 4244 | Steps:  238 | Reward:   764.22
Total T:  757624 | Ep: 4245 | Steps:  230 | Reward:   645.18
Total T:  757855 | Ep: 4246 | Steps:  231 | Reward:   655.68
Total T:  758104 | Ep: 4247 | Steps:  249 | Reward:   763.73
Total T:  758400 | Ep: 4248 | Steps:  296 | Reward:   901.98
Total T:  758643 | Ep: 4249 | Steps:  243 | Reward:   764.97
Total T:  758899 | Ep: 4250 | Steps:  256 | Reward:   804.73
Total T:  759135 | Ep: 4251 | Steps:  236 | Reward:   720.06
Total T:  759379 | Ep: 4252 | Steps:  244 | Reward:   747.05
Total T:  759627 | Ep: 4253 | Steps:  248 | Reward:   726.30
Total T:  759861 | Ep: 4254 | Steps:  234 | Reward:   754.29
---------------------------------------
Evaluation over 10 episodes: 696.457
---------------------------------------
Total T:  760091 | Ep: 4255 | Steps:  230 | Reward:   660.46
Total T:  760326 | Ep: 4256 | Steps:  235 | Reward:   699.59
Total T:  760561 | Ep: 4257 | Steps:  235 | Reward:   665.47
Total T:  760780 | Ep: 4258 | Steps:  219 | Reward:   635.10
Total T:  761025 | Ep: 4259 | Steps:  245 | Reward:   795.49
Total T:  761299 | Ep: 4260 | Steps:  274 | Reward:   871.25
Total T:  761582 | Ep: 4261 | Steps:  283 | Reward:   902.89
Total T:  761821 | Ep: 4262 | Steps:  239 | Reward:   721.37
Total T:  762055 | Ep: 4263 | Steps:  234 | Reward:   719.25
Total T:  762318 | Ep: 4264 | Steps:  263 | Reward:   801.64
Total T:  762546 | Ep: 4265 | Steps:  228 | Reward:   661.01
Total T:  762782 | Ep: 4266 | Steps:  236 | Reward:   714.26
Total T:  763004 | Ep: 4267 | Steps:  222 | Reward:   627.25
Total T:  763258 | Ep: 4268 | Steps:  254 | Reward:   811.45
Total T:  763480 | Ep: 4269 | Steps:  222 | Reward:   645.75
Total T:  763743 | Ep: 4270 | Steps:  263 | Reward:   807.74
Total T:  764005 | Ep: 4271 | Steps:  262 | Reward:   827.15
Total T:  764250 | Ep: 4272 | Steps:  245 | Reward:   777.68
Total T:  764524 | Ep: 4273 | Steps:  274 | Reward:   846.50
Total T:  764758 | Ep: 4274 | Steps:  234 | Reward:   693.02
Total T:  764982 | Ep: 4275 | Steps:  224 | Reward:   675.99
Total T:  765206 | Ep: 4276 | Steps:  224 | Reward:   655.69
Total T:  765437 | Ep: 4277 | Steps:  231 | Reward:   655.07
Total T:  765678 | Ep: 4278 | Steps:  241 | Reward:   753.38
Total T:  765918 | Ep: 4279 | Steps:  240 | Reward:   731.78
Total T:  766201 | Ep: 4280 | Steps:  283 | Reward:   900.87
Total T:  766427 | Ep: 4281 | Steps:  226 | Reward:   656.08
Total T:  766722 | Ep: 4282 | Steps:  295 | Reward:   952.53
Total T:  766999 | Ep: 4283 | Steps:  277 | Reward:   824.43
Total T:  767263 | Ep: 4284 | Steps:  264 | Reward:   835.18
Total T:  767548 | Ep: 4285 | Steps:  285 | Reward:   894.58
Total T:  767786 | Ep: 4286 | Steps:  238 | Reward:   717.30
Total T:  768056 | Ep: 4287 | Steps:  270 | Reward:   864.84
Total T:  768310 | Ep: 4288 | Steps:  254 | Reward:   774.93
Total T:  768560 | Ep: 4289 | Steps:  250 | Reward:   801.35
Total T:  768794 | Ep: 4290 | Steps:  234 | Reward:   688.00
Total T:  769031 | Ep: 4291 | Steps:  237 | Reward:   722.75
Total T:  769301 | Ep: 4292 | Steps:  270 | Reward:   842.46
Total T:  769585 | Ep: 4293 | Steps:  284 | Reward:   926.75
Total T:  769875 | Ep: 4294 | Steps:  290 | Reward:   917.50
---------------------------------------
Evaluation over 10 episodes: 819.945
---------------------------------------
Total T:  770151 | Ep: 4295 | Steps:  276 | Reward:   859.79
Total T:  770384 | Ep: 4296 | Steps:  233 | Reward:   708.22
Total T:  770661 | Ep: 4297 | Steps:  277 | Reward:   885.54
Total T:  770930 | Ep: 4298 | Steps:  269 | Reward:   829.35
Total T:  771178 | Ep: 4299 | Steps:  248 | Reward:   771.10
Total T:  771441 | Ep: 4300 | Steps:  263 | Reward:   818.06
Total T:  771736 | Ep: 4301 | Steps:  295 | Reward:   943.36
Total T:  772022 | Ep: 4302 | Steps:  286 | Reward:   911.12
Total T:  772311 | Ep: 4303 | Steps:  289 | Reward:   915.44
Total T:  772596 | Ep: 4304 | Steps:  285 | Reward:   906.77
Total T:  772851 | Ep: 4305 | Steps:  255 | Reward:   803.36
Total T:  773143 | Ep: 4306 | Steps:  292 | Reward:   917.57
Total T:  773383 | Ep: 4307 | Steps:  240 | Reward:   738.21
Total T:  773684 | Ep: 4308 | Steps:  301 | Reward:   958.05
Total T:  773976 | Ep: 4309 | Steps:  292 | Reward:   940.57
Total T:  774269 | Ep: 4310 | Steps:  293 | Reward:   908.54
Total T:  774551 | Ep: 4311 | Steps:  282 | Reward:   900.29
Total T:  774839 | Ep: 4312 | Steps:  288 | Reward:   919.18
Total T:  775131 | Ep: 4313 | Steps:  292 | Reward:   926.08
Total T:  775384 | Ep: 4314 | Steps:  253 | Reward:   766.65
Total T:  775655 | Ep: 4315 | Steps:  271 | Reward:   833.52
Total T:  775898 | Ep: 4316 | Steps:  243 | Reward:   736.13
Total T:  776182 | Ep: 4317 | Steps:  284 | Reward:   909.86
Total T:  776408 | Ep: 4318 | Steps:  226 | Reward:   673.76
Total T:  776692 | Ep: 4319 | Steps:  284 | Reward:   916.57
Total T:  776965 | Ep: 4320 | Steps:  273 | Reward:   842.54
Total T:  777191 | Ep: 4321 | Steps:  226 | Reward:   663.57
Total T:  777417 | Ep: 4322 | Steps:  226 | Reward:   675.79
Total T:  777686 | Ep: 4323 | Steps:  269 | Reward:   856.32
Total T:  777924 | Ep: 4324 | Steps:  238 | Reward:   739.11
Total T:  778144 | Ep: 4325 | Steps:  220 | Reward:   627.81
Total T:  778392 | Ep: 4326 | Steps:  248 | Reward:   765.52
Total T:  778637 | Ep: 4327 | Steps:  245 | Reward:   748.70
Total T:  778898 | Ep: 4328 | Steps:  261 | Reward:   813.55
Total T:  779186 | Ep: 4329 | Steps:  288 | Reward:   909.67
Total T:  779442 | Ep: 4330 | Steps:  256 | Reward:   804.26
Total T:  779715 | Ep: 4331 | Steps:  273 | Reward:   876.81
Total T:  779968 | Ep: 4332 | Steps:  253 | Reward:   798.85
---------------------------------------
Evaluation over 10 episodes: 704.434
---------------------------------------
Total T:  780193 | Ep: 4333 | Steps:  225 | Reward:   688.42
Total T:  780426 | Ep: 4334 | Steps:  233 | Reward:   692.53
Total T:  780703 | Ep: 4335 | Steps:  277 | Reward:   893.82
Total T:  780913 | Ep: 4336 | Steps:  210 | Reward:   662.83
Total T:  781162 | Ep: 4337 | Steps:  249 | Reward:   769.17
Total T:  781390 | Ep: 4338 | Steps:  228 | Reward:   686.02
Total T:  781645 | Ep: 4339 | Steps:  255 | Reward:   804.30
Total T:  781931 | Ep: 4340 | Steps:  286 | Reward:   902.29
Total T:  782182 | Ep: 4341 | Steps:  251 | Reward:   783.09
Total T:  782449 | Ep: 4342 | Steps:  267 | Reward:   850.26
Total T:  782729 | Ep: 4343 | Steps:  280 | Reward:   886.67
Total T:  782966 | Ep: 4344 | Steps:  237 | Reward:   712.84
Total T:  783214 | Ep: 4345 | Steps:  248 | Reward:   742.40
Total T:  783458 | Ep: 4346 | Steps:  244 | Reward:   745.62
Total T:  783756 | Ep: 4347 | Steps:  298 | Reward:   976.80
Total T:  784039 | Ep: 4348 | Steps:  283 | Reward:   923.17
Total T:  784313 | Ep: 4349 | Steps:  274 | Reward:   846.14
Total T:  784589 | Ep: 4350 | Steps:  276 | Reward:   854.72
Total T:  784848 | Ep: 4351 | Steps:  259 | Reward:   814.36
Total T:  785112 | Ep: 4352 | Steps:  264 | Reward:   814.71
Total T:  785350 | Ep: 4353 | Steps:  238 | Reward:   746.07
Total T:  785590 | Ep: 4354 | Steps:  240 | Reward:   786.10
Total T:  785895 | Ep: 4355 | Steps:  305 | Reward:   968.06
Total T:  786157 | Ep: 4356 | Steps:  262 | Reward:   796.74
Total T:  786448 | Ep: 4357 | Steps:  291 | Reward:   921.61
Total T:  786704 | Ep: 4358 | Steps:  256 | Reward:   801.38
Total T:  786979 | Ep: 4359 | Steps:  275 | Reward:   873.58
Total T:  787216 | Ep: 4360 | Steps:  237 | Reward:   768.21
Total T:  787462 | Ep: 4361 | Steps:  246 | Reward:   731.15
Total T:  787718 | Ep: 4362 | Steps:  256 | Reward:   804.75
Total T:  787973 | Ep: 4363 | Steps:  255 | Reward:   807.94
Total T:  788236 | Ep: 4364 | Steps:  263 | Reward:   876.12
Total T:  788529 | Ep: 4365 | Steps:  293 | Reward:   954.49
Total T:  788804 | Ep: 4366 | Steps:  275 | Reward:   902.51
Total T:  789061 | Ep: 4367 | Steps:  257 | Reward:   803.85
Total T:  789299 | Ep: 4368 | Steps:  238 | Reward:   742.74
Total T:  789527 | Ep: 4369 | Steps:  228 | Reward:   687.61
Total T:  789762 | Ep: 4370 | Steps:  235 | Reward:   718.27
---------------------------------------
Evaluation over 10 episodes: 900.652
---------------------------------------
Total T:  790051 | Ep: 4371 | Steps:  289 | Reward:   930.98
Total T:  790327 | Ep: 4372 | Steps:  276 | Reward:   850.46
Total T:  790580 | Ep: 4373 | Steps:  253 | Reward:   782.36
Total T:  790817 | Ep: 4374 | Steps:  237 | Reward:   757.49
Total T:  791083 | Ep: 4375 | Steps:  266 | Reward:   823.66
Total T:  791351 | Ep: 4376 | Steps:  268 | Reward:   849.93
Total T:  791636 | Ep: 4377 | Steps:  285 | Reward:   920.96
Total T:  791933 | Ep: 4378 | Steps:  297 | Reward:   969.48
Total T:  792162 | Ep: 4379 | Steps:  229 | Reward:   676.98
Total T:  792446 | Ep: 4380 | Steps:  284 | Reward:   927.21
Total T:  792715 | Ep: 4381 | Steps:  269 | Reward:   836.41
Total T:  792996 | Ep: 4382 | Steps:  281 | Reward:   894.81
Total T:  793272 | Ep: 4383 | Steps:  276 | Reward:   848.99
Total T:  793584 | Ep: 4384 | Steps:  312 | Reward:   999.80
Total T:  793861 | Ep: 4385 | Steps:  277 | Reward:   886.27
Total T:  794111 | Ep: 4386 | Steps:  250 | Reward:   757.64
Total T:  794376 | Ep: 4387 | Steps:  265 | Reward:   839.34
Total T:  794621 | Ep: 4388 | Steps:  245 | Reward:   776.45
Total T:  794876 | Ep: 4389 | Steps:  255 | Reward:   793.93
Total T:  795125 | Ep: 4390 | Steps:  249 | Reward:   793.60
Total T:  795362 | Ep: 4391 | Steps:  237 | Reward:   745.20
Total T:  795604 | Ep: 4392 | Steps:  242 | Reward:   783.09
Total T:  795898 | Ep: 4393 | Steps:  294 | Reward:   930.34
Total T:  796183 | Ep: 4394 | Steps:  285 | Reward:   931.00
Total T:  796441 | Ep: 4395 | Steps:  258 | Reward:   777.81
Total T:  796576 | Ep: 4396 | Steps:  135 | Reward:   373.19
Total T:  796792 | Ep: 4397 | Steps:  216 | Reward:   722.71
Total T:  797048 | Ep: 4398 | Steps:  256 | Reward:   804.59
Total T:  797291 | Ep: 4399 | Steps:  243 | Reward:   736.80
Total T:  797571 | Ep: 4400 | Steps:  280 | Reward:   902.24
Total T:  797814 | Ep: 4401 | Steps:  243 | Reward:   746.93
Total T:  798110 | Ep: 4402 | Steps:  296 | Reward:   967.60
Total T:  798385 | Ep: 4403 | Steps:  275 | Reward:   890.85
Total T:  798672 | Ep: 4404 | Steps:  287 | Reward:   910.05
Total T:  798936 | Ep: 4405 | Steps:  264 | Reward:   814.14
Total T:  799215 | Ep: 4406 | Steps:  279 | Reward:   909.16
Total T:  799505 | Ep: 4407 | Steps:  290 | Reward:   944.33
Total T:  799774 | Ep: 4408 | Steps:  269 | Reward:   839.39
---------------------------------------
Evaluation over 10 episodes: 756.602
---------------------------------------
Total T:  800033 | Ep: 4409 | Steps:  259 | Reward:   813.10
Total T:  800322 | Ep: 4410 | Steps:  289 | Reward:   949.24
Total T:  800574 | Ep: 4411 | Steps:  252 | Reward:   783.75
Total T:  800858 | Ep: 4412 | Steps:  284 | Reward:   918.79
Total T:  801136 | Ep: 4413 | Steps:  278 | Reward:   853.46
Total T:  801389 | Ep: 4414 | Steps:  253 | Reward:   784.66
Total T:  801650 | Ep: 4415 | Steps:  261 | Reward:   835.57
Total T:  801937 | Ep: 4416 | Steps:  287 | Reward:   940.76
Total T:  802217 | Ep: 4417 | Steps:  280 | Reward:   916.93
Total T:  802504 | Ep: 4418 | Steps:  287 | Reward:   924.78
Total T:  802803 | Ep: 4419 | Steps:  299 | Reward:   931.92
Total T:  803084 | Ep: 4420 | Steps:  281 | Reward:   936.67
Total T:  803365 | Ep: 4421 | Steps:  281 | Reward:   924.80
Total T:  803593 | Ep: 4422 | Steps:  228 | Reward:   723.83
Total T:  803843 | Ep: 4423 | Steps:  250 | Reward:   764.80
Total T:  804113 | Ep: 4424 | Steps:  270 | Reward:   900.45
Total T:  804376 | Ep: 4425 | Steps:  263 | Reward:   793.08
Total T:  804679 | Ep: 4426 | Steps:  303 | Reward:   951.49
Total T:  804977 | Ep: 4427 | Steps:  298 | Reward:   949.72
Total T:  805206 | Ep: 4428 | Steps:  229 | Reward:   722.59
Total T:  805483 | Ep: 4429 | Steps:  277 | Reward:   897.85
Total T:  805738 | Ep: 4430 | Steps:  255 | Reward:   842.51
Total T:  806018 | Ep: 4431 | Steps:  280 | Reward:   916.55
Total T:  806233 | Ep: 4432 | Steps:  215 | Reward:   670.03
Total T:  806507 | Ep: 4433 | Steps:  274 | Reward:   880.82
Total T:  806780 | Ep: 4434 | Steps:  273 | Reward:   885.65
Total T:  807073 | Ep: 4435 | Steps:  293 | Reward:   942.14
Total T:  807373 | Ep: 4436 | Steps:  300 | Reward:  1008.75
Total T:  807663 | Ep: 4437 | Steps:  290 | Reward:   930.03
Total T:  807941 | Ep: 4438 | Steps:  278 | Reward:   895.74
Total T:  808229 | Ep: 4439 | Steps:  288 | Reward:   909.21
Total T:  808519 | Ep: 4440 | Steps:  290 | Reward:   918.25
Total T:  808812 | Ep: 4441 | Steps:  293 | Reward:   912.11
Total T:  809070 | Ep: 4442 | Steps:  258 | Reward:   811.64
Total T:  809363 | Ep: 4443 | Steps:  293 | Reward:   936.12
Total T:  809615 | Ep: 4444 | Steps:  252 | Reward:   798.76
Total T:  809907 | Ep: 4445 | Steps:  292 | Reward:   954.18
---------------------------------------
Evaluation over 10 episodes: 978.142
---------------------------------------
Total T:  810194 | Ep: 4446 | Steps:  287 | Reward:   912.03
Total T:  810498 | Ep: 4447 | Steps:  304 | Reward:   981.07
Total T:  810728 | Ep: 4448 | Steps:  230 | Reward:   672.97
Total T:  811021 | Ep: 4449 | Steps:  293 | Reward:   916.99
Total T:  811301 | Ep: 4450 | Steps:  280 | Reward:   904.36
Total T:  811585 | Ep: 4451 | Steps:  284 | Reward:   965.75
Total T:  811827 | Ep: 4452 | Steps:  242 | Reward:   772.37
Total T:  812079 | Ep: 4453 | Steps:  252 | Reward:   804.08
Total T:  812339 | Ep: 4454 | Steps:  260 | Reward:   846.67
Total T:  812600 | Ep: 4455 | Steps:  261 | Reward:   834.01
Total T:  812883 | Ep: 4456 | Steps:  283 | Reward:   936.02
Total T:  813171 | Ep: 4457 | Steps:  288 | Reward:   938.57
Total T:  813465 | Ep: 4458 | Steps:  294 | Reward:   967.09
Total T:  813689 | Ep: 4459 | Steps:  224 | Reward:   652.66
Total T:  813898 | Ep: 4460 | Steps:  209 | Reward:   623.05
Total T:  814139 | Ep: 4461 | Steps:  241 | Reward:   780.38
Total T:  814381 | Ep: 4462 | Steps:  242 | Reward:   767.64
Total T:  814606 | Ep: 4463 | Steps:  225 | Reward:   721.10
Total T:  814903 | Ep: 4464 | Steps:  297 | Reward:   978.71
Total T:  815152 | Ep: 4465 | Steps:  249 | Reward:   797.34
Total T:  815297 | Ep: 4466 | Steps:  145 | Reward:   426.70
Total T:  815569 | Ep: 4467 | Steps:  272 | Reward:   889.55
Total T:  815866 | Ep: 4468 | Steps:  297 | Reward:   962.84
Total T:  816153 | Ep: 4469 | Steps:  287 | Reward:   935.66
Total T:  816436 | Ep: 4470 | Steps:  283 | Reward:   925.46
Total T:  816734 | Ep: 4471 | Steps:  298 | Reward:   955.67
Total T:  816972 | Ep: 4472 | Steps:  238 | Reward:   770.93
Total T:  817238 | Ep: 4473 | Steps:  266 | Reward:   822.25
Total T:  817516 | Ep: 4474 | Steps:  278 | Reward:   896.96
Total T:  817805 | Ep: 4475 | Steps:  289 | Reward:   914.26
Total T:  818062 | Ep: 4476 | Steps:  257 | Reward:   818.12
Total T:  818343 | Ep: 4477 | Steps:  281 | Reward:   906.09
Total T:  818624 | Ep: 4478 | Steps:  281 | Reward:   941.18
Total T:  818866 | Ep: 4479 | Steps:  242 | Reward:   770.56
Total T:  819153 | Ep: 4480 | Steps:  287 | Reward:   975.26
Total T:  819411 | Ep: 4481 | Steps:  258 | Reward:   801.56
Total T:  819682 | Ep: 4482 | Steps:  271 | Reward:   919.82
Total T:  819958 | Ep: 4483 | Steps:  276 | Reward:   875.29
---------------------------------------
Evaluation over 10 episodes: 881.937
---------------------------------------
Total T:  820222 | Ep: 4484 | Steps:  264 | Reward:   847.18
Total T:  820486 | Ep: 4485 | Steps:  264 | Reward:   836.59
Total T:  820755 | Ep: 4486 | Steps:  269 | Reward:   886.52
Total T:  821001 | Ep: 4487 | Steps:  246 | Reward:   757.34
Total T:  821220 | Ep: 4488 | Steps:  219 | Reward:   682.17
Total T:  821459 | Ep: 4489 | Steps:  239 | Reward:   746.54
Total T:  821718 | Ep: 4490 | Steps:  259 | Reward:   813.03
Total T:  821981 | Ep: 4491 | Steps:  263 | Reward:   822.15
Total T:  822219 | Ep: 4492 | Steps:  238 | Reward:   737.88
Total T:  822492 | Ep: 4493 | Steps:  273 | Reward:   930.66
Total T:  822725 | Ep: 4494 | Steps:  233 | Reward:   723.77
Total T:  822949 | Ep: 4495 | Steps:  224 | Reward:   672.13
Total T:  823242 | Ep: 4496 | Steps:  293 | Reward:   989.47
Total T:  823539 | Ep: 4497 | Steps:  297 | Reward:   935.51
Total T:  823825 | Ep: 4498 | Steps:  286 | Reward:   929.09
Total T:  824129 | Ep: 4499 | Steps:  304 | Reward:   978.66
Total T:  824351 | Ep: 4500 | Steps:  222 | Reward:   615.43
Total T:  824639 | Ep: 4501 | Steps:  288 | Reward:   921.44
Total T:  824899 | Ep: 4502 | Steps:  260 | Reward:   801.05
Total T:  825177 | Ep: 4503 | Steps:  278 | Reward:   885.45
Total T:  825464 | Ep: 4504 | Steps:  287 | Reward:   948.36
Total T:  825743 | Ep: 4505 | Steps:  279 | Reward:   884.20
Total T:  826036 | Ep: 4506 | Steps:  293 | Reward:   941.25
Total T:  826314 | Ep: 4507 | Steps:  278 | Reward:   886.49
Total T:  826551 | Ep: 4508 | Steps:  237 | Reward:   732.99
Total T:  826809 | Ep: 4509 | Steps:  258 | Reward:   801.99
Total T:  827056 | Ep: 4510 | Steps:  247 | Reward:   771.95
Total T:  827321 | Ep: 4511 | Steps:  265 | Reward:   853.49
Total T:  827578 | Ep: 4512 | Steps:  257 | Reward:   839.36
Total T:  827867 | Ep: 4513 | Steps:  289 | Reward:   918.12
Total T:  828155 | Ep: 4514 | Steps:  288 | Reward:   913.90
Total T:  828429 | Ep: 4515 | Steps:  274 | Reward:   872.47
Total T:  828708 | Ep: 4516 | Steps:  279 | Reward:   914.53
Total T:  828983 | Ep: 4517 | Steps:  275 | Reward:   889.46
Total T:  829240 | Ep: 4518 | Steps:  257 | Reward:   790.72
Total T:  829538 | Ep: 4519 | Steps:  298 | Reward:   932.15
Total T:  829778 | Ep: 4520 | Steps:  240 | Reward:   739.02
---------------------------------------
Evaluation over 10 episodes: 890.559
---------------------------------------
Total T:  830005 | Ep: 4521 | Steps:  227 | Reward:   633.89
Total T:  830290 | Ep: 4522 | Steps:  285 | Reward:   928.92
Total T:  830597 | Ep: 4523 | Steps:  307 | Reward:  1013.78
Total T:  830869 | Ep: 4524 | Steps:  272 | Reward:   916.50
Total T:  831173 | Ep: 4525 | Steps:  304 | Reward:  1015.56
Total T:  831453 | Ep: 4526 | Steps:  280 | Reward:   924.03
Total T:  831759 | Ep: 4527 | Steps:  306 | Reward:   974.41
Total T:  832055 | Ep: 4528 | Steps:  296 | Reward:   936.84
Total T:  832323 | Ep: 4529 | Steps:  268 | Reward:   820.82
Total T:  832618 | Ep: 4530 | Steps:  295 | Reward:   929.20
Total T:  832914 | Ep: 4531 | Steps:  296 | Reward:   987.03
Total T:  833205 | Ep: 4532 | Steps:  291 | Reward:   957.72
Total T:  833431 | Ep: 4533 | Steps:  226 | Reward:   632.81
Total T:  833716 | Ep: 4534 | Steps:  285 | Reward:   931.06
Total T:  833975 | Ep: 4535 | Steps:  259 | Reward:   832.82
Total T:  834242 | Ep: 4536 | Steps:  267 | Reward:   928.25
Total T:  834523 | Ep: 4537 | Steps:  281 | Reward:   881.83
Total T:  834811 | Ep: 4538 | Steps:  288 | Reward:   937.78
Total T:  835102 | Ep: 4539 | Steps:  291 | Reward:   922.24
Total T:  835371 | Ep: 4540 | Steps:  269 | Reward:   892.61
Total T:  835654 | Ep: 4541 | Steps:  283 | Reward:   889.00
Total T:  835938 | Ep: 4542 | Steps:  284 | Reward:   912.77
Total T:  836218 | Ep: 4543 | Steps:  280 | Reward:   921.65
Total T:  836508 | Ep: 4544 | Steps:  290 | Reward:   963.04
Total T:  836776 | Ep: 4545 | Steps:  268 | Reward:   868.28
Total T:  837057 | Ep: 4546 | Steps:  281 | Reward:   926.35
Total T:  837332 | Ep: 4547 | Steps:  275 | Reward:   886.27
Total T:  837618 | Ep: 4548 | Steps:  286 | Reward:   940.71
Total T:  837885 | Ep: 4549 | Steps:  267 | Reward:   819.75
Total T:  838148 | Ep: 4550 | Steps:  263 | Reward:   810.45
Total T:  838455 | Ep: 4551 | Steps:  307 | Reward:   956.13
Total T:  838740 | Ep: 4552 | Steps:  285 | Reward:   937.95
Total T:  838996 | Ep: 4553 | Steps:  256 | Reward:   805.50
Total T:  839282 | Ep: 4554 | Steps:  286 | Reward:   954.77
Total T:  839574 | Ep: 4555 | Steps:  292 | Reward:   933.23
Total T:  839809 | Ep: 4556 | Steps:  235 | Reward:   722.85
---------------------------------------
Evaluation over 10 episodes: 836.634
---------------------------------------
Total T:  840095 | Ep: 4557 | Steps:  286 | Reward:   931.28
Total T:  840339 | Ep: 4558 | Steps:  244 | Reward:   725.54
Total T:  840634 | Ep: 4559 | Steps:  295 | Reward:   985.56
Total T:  840897 | Ep: 4560 | Steps:  263 | Reward:   843.46
Total T:  841184 | Ep: 4561 | Steps:  287 | Reward:   956.97
Total T:  841426 | Ep: 4562 | Steps:  242 | Reward:   728.03
Total T:  841714 | Ep: 4563 | Steps:  288 | Reward:   972.30
Total T:  841961 | Ep: 4564 | Steps:  247 | Reward:   762.54
Total T:  842218 | Ep: 4565 | Steps:  257 | Reward:   820.79
Total T:  842478 | Ep: 4566 | Steps:  260 | Reward:   824.66
Total T:  842704 | Ep: 4567 | Steps:  226 | Reward:   642.28
Total T:  842980 | Ep: 4568 | Steps:  276 | Reward:   925.97
Total T:  843203 | Ep: 4569 | Steps:  223 | Reward:   662.06
Total T:  843439 | Ep: 4570 | Steps:  236 | Reward:   725.52
Total T:  843704 | Ep: 4571 | Steps:  265 | Reward:   841.58
Total T:  843948 | Ep: 4572 | Steps:  244 | Reward:   747.37
Total T:  844182 | Ep: 4573 | Steps:  234 | Reward:   682.82
Total T:  844467 | Ep: 4574 | Steps:  285 | Reward:   904.19
Total T:  844749 | Ep: 4575 | Steps:  282 | Reward:   968.57
Total T:  844990 | Ep: 4576 | Steps:  241 | Reward:   767.43
Total T:  845225 | Ep: 4577 | Steps:  235 | Reward:   724.77
Total T:  845473 | Ep: 4578 | Steps:  248 | Reward:   793.89
Total T:  845737 | Ep: 4579 | Steps:  264 | Reward:   809.67
Total T:  845987 | Ep: 4580 | Steps:  250 | Reward:   787.68
Total T:  846201 | Ep: 4581 | Steps:  214 | Reward:   637.09
Total T:  846441 | Ep: 4582 | Steps:  240 | Reward:   721.12
Total T:  846711 | Ep: 4583 | Steps:  270 | Reward:   869.12
Total T:  846944 | Ep: 4584 | Steps:  233 | Reward:   719.29
Total T:  847186 | Ep: 4585 | Steps:  242 | Reward:   727.42
Total T:  847419 | Ep: 4586 | Steps:  233 | Reward:   634.34
Total T:  847656 | Ep: 4587 | Steps:  237 | Reward:   708.46
Total T:  847895 | Ep: 4588 | Steps:  239 | Reward:   762.03
Total T:  848144 | Ep: 4589 | Steps:  249 | Reward:   782.12
Total T:  848368 | Ep: 4590 | Steps:  224 | Reward:   651.44
Total T:  848649 | Ep: 4591 | Steps:  281 | Reward:   954.18
Total T:  848883 | Ep: 4592 | Steps:  234 | Reward:   699.51
Total T:  849168 | Ep: 4593 | Steps:  285 | Reward:   953.64
Total T:  849424 | Ep: 4594 | Steps:  256 | Reward:   815.53
Total T:  849667 | Ep: 4595 | Steps:  243 | Reward:   717.04
Total T:  849914 | Ep: 4596 | Steps:  247 | Reward:   765.48
---------------------------------------
Evaluation over 10 episodes: 924.773
---------------------------------------
Total T:  850200 | Ep: 4597 | Steps:  286 | Reward:   976.06
Total T:  850463 | Ep: 4598 | Steps:  263 | Reward:   826.66
Total T:  850684 | Ep: 4599 | Steps:  221 | Reward:   618.16
Total T:  850913 | Ep: 4600 | Steps:  229 | Reward:   690.21
Total T:  851174 | Ep: 4601 | Steps:  261 | Reward:   831.07
Total T:  851416 | Ep: 4602 | Steps:  242 | Reward:   771.20
Total T:  851632 | Ep: 4603 | Steps:  216 | Reward:   616.53
Total T:  851905 | Ep: 4604 | Steps:  273 | Reward:   892.79
Total T:  852189 | Ep: 4605 | Steps:  284 | Reward:   911.17
Total T:  852443 | Ep: 4606 | Steps:  254 | Reward:   818.38
Total T:  852681 | Ep: 4607 | Steps:  238 | Reward:   723.47
Total T:  852964 | Ep: 4608 | Steps:  283 | Reward:   915.03
Total T:  853186 | Ep: 4609 | Steps:  222 | Reward:   635.97
Total T:  853479 | Ep: 4610 | Steps:  293 | Reward:  1007.73
Total T:  853761 | Ep: 4611 | Steps:  282 | Reward:   987.19
Total T:  854050 | Ep: 4612 | Steps:  289 | Reward:   938.18
Total T:  854336 | Ep: 4613 | Steps:  286 | Reward:   851.63
Total T:  854561 | Ep: 4614 | Steps:  225 | Reward:   640.00
Total T:  854847 | Ep: 4615 | Steps:  286 | Reward:   948.60
Total T:  855100 | Ep: 4616 | Steps:  253 | Reward:   783.76
Total T:  855357 | Ep: 4617 | Steps:  257 | Reward:   798.58
Total T:  855585 | Ep: 4618 | Steps:  228 | Reward:   698.60
Total T:  855819 | Ep: 4619 | Steps:  234 | Reward:   703.90
Total T:  856062 | Ep: 4620 | Steps:  243 | Reward:   736.63
Total T:  856296 | Ep: 4621 | Steps:  234 | Reward:   682.10
Total T:  856524 | Ep: 4622 | Steps:  228 | Reward:   643.26
Total T:  856758 | Ep: 4623 | Steps:  234 | Reward:   727.58
Total T:  856978 | Ep: 4624 | Steps:  220 | Reward:   635.68
Total T:  857209 | Ep: 4625 | Steps:  231 | Reward:   698.56
Total T:  857446 | Ep: 4626 | Steps:  237 | Reward:   721.00
Total T:  857673 | Ep: 4627 | Steps:  227 | Reward:   643.81
Total T:  857920 | Ep: 4628 | Steps:  247 | Reward:   759.72
Total T:  858177 | Ep: 4629 | Steps:  257 | Reward:   834.79
Total T:  858431 | Ep: 4630 | Steps:  254 | Reward:   816.31
Total T:  858647 | Ep: 4631 | Steps:  216 | Reward:   587.77
Total T:  858878 | Ep: 4632 | Steps:  231 | Reward:   653.39
Total T:  859102 | Ep: 4633 | Steps:  224 | Reward:   635.47
Total T:  859342 | Ep: 4634 | Steps:  240 | Reward:   722.20
Total T:  859563 | Ep: 4635 | Steps:  221 | Reward:   605.31
Total T:  859786 | Ep: 4636 | Steps:  223 | Reward:   613.98
---------------------------------------
Evaluation over 10 episodes: 765.310
---------------------------------------
Total T:  860095 | Ep: 4637 | Steps:  309 | Reward:   985.81
Total T:  860346 | Ep: 4638 | Steps:  251 | Reward:   793.45
Total T:  860563 | Ep: 4639 | Steps:  217 | Reward:   654.13
Total T:  860794 | Ep: 4640 | Steps:  231 | Reward:   704.02
Total T:  861027 | Ep: 4641 | Steps:  233 | Reward:   706.74
Total T:  861280 | Ep: 4642 | Steps:  253 | Reward:   804.08
Total T:  861526 | Ep: 4643 | Steps:  246 | Reward:   795.52
Total T:  861777 | Ep: 4644 | Steps:  251 | Reward:   789.49
Total T:  861990 | Ep: 4645 | Steps:  213 | Reward:   589.50
Total T:  862284 | Ep: 4646 | Steps:  294 | Reward:   987.03
Total T:  862532 | Ep: 4647 | Steps:  248 | Reward:   763.64
Total T:  862771 | Ep: 4648 | Steps:  239 | Reward:   748.19
Total T:  863016 | Ep: 4649 | Steps:  245 | Reward:   749.76
Total T:  863291 | Ep: 4650 | Steps:  275 | Reward:   815.25
Total T:  863508 | Ep: 4651 | Steps:  217 | Reward:   639.11
Total T:  863790 | Ep: 4652 | Steps:  282 | Reward:   910.89
Total T:  864015 | Ep: 4653 | Steps:  225 | Reward:   641.68
Total T:  864316 | Ep: 4654 | Steps:  301 | Reward:  1013.26
Total T:  864582 | Ep: 4655 | Steps:  266 | Reward:   857.05
Total T:  864804 | Ep: 4656 | Steps:  222 | Reward:   597.15
Total T:  865023 | Ep: 4657 | Steps:  219 | Reward:   604.89
Total T:  865240 | Ep: 4658 | Steps:  217 | Reward:   611.39
Total T:  865450 | Ep: 4659 | Steps:  210 | Reward:   540.46
Total T:  865665 | Ep: 4660 | Steps:  215 | Reward:   575.32
Total T:  865896 | Ep: 4661 | Steps:  231 | Reward:   731.69
Total T:  866125 | Ep: 4662 | Steps:  229 | Reward:   641.91
Total T:  866397 | Ep: 4663 | Steps:  272 | Reward:   875.51
Total T:  866627 | Ep: 4664 | Steps:  230 | Reward:   666.57
Total T:  866871 | Ep: 4665 | Steps:  244 | Reward:   754.28
Total T:  867146 | Ep: 4666 | Steps:  275 | Reward:   911.95
Total T:  867363 | Ep: 4667 | Steps:  217 | Reward:   605.76
Total T:  867596 | Ep: 4668 | Steps:  233 | Reward:   724.52
Total T:  867814 | Ep: 4669 | Steps:  218 | Reward:   654.56
Total T:  868054 | Ep: 4670 | Steps:  240 | Reward:   729.67
Total T:  868293 | Ep: 4671 | Steps:  239 | Reward:   739.20
Total T:  868576 | Ep: 4672 | Steps:  283 | Reward:   890.85
Total T:  868857 | Ep: 4673 | Steps:  281 | Reward:   907.46
Total T:  869100 | Ep: 4674 | Steps:  243 | Reward:   696.84
Total T:  869345 | Ep: 4675 | Steps:  245 | Reward:   764.89
Total T:  869620 | Ep: 4676 | Steps:  275 | Reward:   877.03
Total T:  869850 | Ep: 4677 | Steps:  230 | Reward:   661.82
---------------------------------------
Evaluation over 10 episodes: 828.708
---------------------------------------
Total T:  870085 | Ep: 4678 | Steps:  235 | Reward:   633.33
Total T:  870305 | Ep: 4679 | Steps:  220 | Reward:   637.76
Total T:  870579 | Ep: 4680 | Steps:  274 | Reward:   875.06
Total T:  870808 | Ep: 4681 | Steps:  229 | Reward:   659.33
Total T:  871062 | Ep: 4682 | Steps:  254 | Reward:   783.21
Total T:  871302 | Ep: 4683 | Steps:  240 | Reward:   714.18
Total T:  871428 | Ep: 4684 | Steps:  126 | Reward:   212.05
Total T:  871616 | Ep: 4685 | Steps:  188 | Reward:   612.14
Total T:  871842 | Ep: 4686 | Steps:  226 | Reward:   641.09
Total T:  872135 | Ep: 4687 | Steps:  293 | Reward:  1002.77
Total T:  872362 | Ep: 4688 | Steps:  227 | Reward:   714.25
Total T:  872570 | Ep: 4689 | Steps:  208 | Reward:   675.69
Total T:  872799 | Ep: 4690 | Steps:  229 | Reward:   713.07
Total T:  873024 | Ep: 4691 | Steps:  225 | Reward:   678.42
Total T:  873256 | Ep: 4692 | Steps:  232 | Reward:   726.25
Total T:  873512 | Ep: 4693 | Steps:  256 | Reward:   809.68
Total T:  873727 | Ep: 4694 | Steps:  215 | Reward:   637.44
Total T:  874015 | Ep: 4695 | Steps:  288 | Reward:   974.80
Total T:  874228 | Ep: 4696 | Steps:  213 | Reward:   567.29
Total T:  874502 | Ep: 4697 | Steps:  274 | Reward:   856.76
Total T:  874774 | Ep: 4698 | Steps:  272 | Reward:   947.87
Total T:  875006 | Ep: 4699 | Steps:  232 | Reward:   672.87
Total T:  875223 | Ep: 4700 | Steps:  217 | Reward:   608.15
Total T:  875436 | Ep: 4701 | Steps:  213 | Reward:   633.79
Total T:  875689 | Ep: 4702 | Steps:  253 | Reward:   798.95
Total T:  875929 | Ep: 4703 | Steps:  240 | Reward:   738.65
Total T:  876284 | Ep: 4704 | Steps:  355 | Reward:  1094.12
Total T:  876513 | Ep: 4705 | Steps:  229 | Reward:   669.06
Total T:  876728 | Ep: 4706 | Steps:  215 | Reward:   645.50
Total T:  877072 | Ep: 4707 | Steps:  344 | Reward:  1021.15
Total T:  877286 | Ep: 4708 | Steps:  214 | Reward:   687.76
Total T:  877504 | Ep: 4709 | Steps:  218 | Reward:   652.12
Total T:  877731 | Ep: 4710 | Steps:  227 | Reward:   629.48
Total T:  878001 | Ep: 4711 | Steps:  270 | Reward:   879.84
Total T:  878222 | Ep: 4712 | Steps:  221 | Reward:   624.72
Total T:  878448 | Ep: 4713 | Steps:  226 | Reward:   616.77
Total T:  878663 | Ep: 4714 | Steps:  215 | Reward:   708.21
Total T:  878905 | Ep: 4715 | Steps:  242 | Reward:   744.89
Total T:  879120 | Ep: 4716 | Steps:  215 | Reward:   580.37
Total T:  879339 | Ep: 4717 | Steps:  219 | Reward:   730.57
Total T:  879555 | Ep: 4718 | Steps:  216 | Reward:   599.67
Total T:  879784 | Ep: 4719 | Steps:  229 | Reward:   672.25
---------------------------------------
Evaluation over 10 episodes: 698.733
---------------------------------------
Total T:  880001 | Ep: 4720 | Steps:  217 | Reward:   578.85
Total T:  880237 | Ep: 4721 | Steps:  236 | Reward:   767.87
Total T:  880461 | Ep: 4722 | Steps:  224 | Reward:   685.24
Total T:  880604 | Ep: 4723 | Steps:  143 | Reward:   423.50
Total T:  880810 | Ep: 4724 | Steps:  206 | Reward:   636.18
Total T:  880955 | Ep: 4725 | Steps:  145 | Reward:   433.01
Total T:  881185 | Ep: 4726 | Steps:  230 | Reward:   686.10
Total T:  881397 | Ep: 4727 | Steps:  212 | Reward:   608.70
Total T:  881618 | Ep: 4728 | Steps:  221 | Reward:   730.44
Total T:  881801 | Ep: 4729 | Steps:  183 | Reward:   599.01
Total T:  882050 | Ep: 4730 | Steps:  249 | Reward:   785.99
Total T:  882269 | Ep: 4731 | Steps:  219 | Reward:   576.68
Total T:  882495 | Ep: 4732 | Steps:  226 | Reward:   660.11
Total T:  882712 | Ep: 4733 | Steps:  217 | Reward:   609.73
Total T:  882991 | Ep: 4734 | Steps:  279 | Reward:   831.55
Total T:  883134 | Ep: 4735 | Steps:  143 | Reward:   424.36
Total T:  883346 | Ep: 4736 | Steps:  212 | Reward:   534.54
Total T:  883565 | Ep: 4737 | Steps:  219 | Reward:   619.43
Total T:  883773 | Ep: 4738 | Steps:  208 | Reward:   672.27
Total T:  883997 | Ep: 4739 | Steps:  224 | Reward:   655.96
Total T:  884215 | Ep: 4740 | Steps:  218 | Reward:   612.35
Total T:  884428 | Ep: 4741 | Steps:  213 | Reward:   630.56
Total T:  884662 | Ep: 4742 | Steps:  234 | Reward:   682.22
Total T:  884869 | Ep: 4743 | Steps:  207 | Reward:   648.86
Total T:  885075 | Ep: 4744 | Steps:  206 | Reward:   676.06
Total T:  885375 | Ep: 4745 | Steps:  300 | Reward:   917.93
Total T:  885614 | Ep: 4746 | Steps:  239 | Reward:   718.62
Total T:  885898 | Ep: 4747 | Steps:  284 | Reward:   863.66
Total T:  886146 | Ep: 4748 | Steps:  248 | Reward:   810.56
Total T:  886280 | Ep: 4749 | Steps:  134 | Reward:   379.50
Total T:  886380 | Ep: 4750 | Steps:  100 | Reward:   226.10
Total T:  886595 | Ep: 4751 | Steps:  215 | Reward:   749.42
Total T:  886689 | Ep: 4752 | Steps:   94 | Reward:   172.16
Total T:  886906 | Ep: 4753 | Steps:  217 | Reward:   591.61
Total T:  887053 | Ep: 4754 | Steps:  147 | Reward:   404.64
Total T:  887191 | Ep: 4755 | Steps:  138 | Reward:   393.37
Total T:  887412 | Ep: 4756 | Steps:  221 | Reward:   609.69
Total T:  887549 | Ep: 4757 | Steps:  137 | Reward:   358.08
Total T:  887689 | Ep: 4758 | Steps:  140 | Reward:   406.08
Total T:  887920 | Ep: 4759 | Steps:  231 | Reward:   737.38
Total T:  888154 | Ep: 4760 | Steps:  234 | Reward:   716.48
Total T:  888439 | Ep: 4761 | Steps:  285 | Reward:   890.34
Total T:  888668 | Ep: 4762 | Steps:  229 | Reward:   633.86
Total T:  888898 | Ep: 4763 | Steps:  230 | Reward:   637.09
Total T:  889125 | Ep: 4764 | Steps:  227 | Reward:   720.47
Total T:  889352 | Ep: 4765 | Steps:  227 | Reward:   754.22
Total T:  889591 | Ep: 4766 | Steps:  239 | Reward:   723.80
Total T:  889726 | Ep: 4767 | Steps:  135 | Reward:   377.20
Total T:  889939 | Ep: 4768 | Steps:  213 | Reward:   621.68
---------------------------------------
Evaluation over 10 episodes: 665.229
---------------------------------------
Total T:  890220 | Ep: 4769 | Steps:  281 | Reward:   916.11
Total T:  890473 | Ep: 4770 | Steps:  253 | Reward:   779.49
Total T:  890613 | Ep: 4771 | Steps:  140 | Reward:   405.99
Total T:  890753 | Ep: 4772 | Steps:  140 | Reward:   413.05
Total T:  890981 | Ep: 4773 | Steps:  228 | Reward:   665.33
Total T:  891218 | Ep: 4774 | Steps:  237 | Reward:   692.81
Total T:  891458 | Ep: 4775 | Steps:  240 | Reward:   723.93
Total T:  891688 | Ep: 4776 | Steps:  230 | Reward:   688.94
Total T:  891917 | Ep: 4777 | Steps:  229 | Reward:   710.97
Total T:  892320 | Ep: 4778 | Steps:  403 | Reward:  1188.57
Total T:  892552 | Ep: 4779 | Steps:  232 | Reward:   681.10
Total T:  892947 | Ep: 4780 | Steps:  395 | Reward:  1278.98
Total T:  893224 | Ep: 4781 | Steps:  277 | Reward:   879.72
Total T:  893500 | Ep: 4782 | Steps:  276 | Reward:   862.61
Total T:  893755 | Ep: 4783 | Steps:  255 | Reward:   789.55
Total T:  893892 | Ep: 4784 | Steps:  137 | Reward:   383.19
Total T:  894102 | Ep: 4785 | Steps:  210 | Reward:   689.10
Total T:  894465 | Ep: 4786 | Steps:  363 | Reward:  1138.14
Total T:  894688 | Ep: 4787 | Steps:  223 | Reward:   614.20
Total T:  894958 | Ep: 4788 | Steps:  270 | Reward:   816.56
Total T:  895174 | Ep: 4789 | Steps:  216 | Reward:   695.00
Total T:  895382 | Ep: 4790 | Steps:  208 | Reward:   558.21
Total T:  895526 | Ep: 4791 | Steps:  144 | Reward:   450.84
Total T:  895754 | Ep: 4792 | Steps:  228 | Reward:   678.35
Total T:  896011 | Ep: 4793 | Steps:  257 | Reward:   776.17
Total T:  896252 | Ep: 4794 | Steps:  241 | Reward:   729.00
Total T:  896469 | Ep: 4795 | Steps:  217 | Reward:   604.89
Total T:  896701 | Ep: 4796 | Steps:  232 | Reward:   701.26
Total T:  896888 | Ep: 4797 | Steps:  187 | Reward:   605.78
Total T:  897119 | Ep: 4798 | Steps:  231 | Reward:   735.00
Total T:  897357 | Ep: 4799 | Steps:  238 | Reward:   728.75
Total T:  897566 | Ep: 4800 | Steps:  209 | Reward:   680.82
Total T:  897789 | Ep: 4801 | Steps:  223 | Reward:   654.10
Total T:  898039 | Ep: 4802 | Steps:  250 | Reward:   742.39
Total T:  898264 | Ep: 4803 | Steps:  225 | Reward:   673.77
Total T:  898506 | Ep: 4804 | Steps:  242 | Reward:   753.92
Total T:  898727 | Ep: 4805 | Steps:  221 | Reward:   660.02
Total T:  898982 | Ep: 4806 | Steps:  255 | Reward:   821.05
Total T:  899115 | Ep: 4807 | Steps:  133 | Reward:   384.45
Total T:  899331 | Ep: 4808 | Steps:  216 | Reward:   681.46
Total T:  899552 | Ep: 4809 | Steps:  221 | Reward:   738.29
Total T:  899733 | Ep: 4810 | Steps:  181 | Reward:   608.39
Total T:  899944 | Ep: 4811 | Steps:  211 | Reward:   609.20
---------------------------------------
Evaluation over 10 episodes: 752.284
---------------------------------------
Total T:  900149 | Ep: 4812 | Steps:  205 | Reward:   685.43
Total T:  900442 | Ep: 4813 | Steps:  293 | Reward:   934.39
Total T:  900727 | Ep: 4814 | Steps:  285 | Reward:   908.77
Total T:  901026 | Ep: 4815 | Steps:  299 | Reward:   919.65
Total T:  901208 | Ep: 4816 | Steps:  182 | Reward:   583.66
Total T:  901475 | Ep: 4817 | Steps:  267 | Reward:   812.68
Total T:  901684 | Ep: 4818 | Steps:  209 | Reward:   702.61
Total T:  901935 | Ep: 4819 | Steps:  251 | Reward:   736.25
Total T:  902244 | Ep: 4820 | Steps:  309 | Reward:   947.24
Total T:  902461 | Ep: 4821 | Steps:  217 | Reward:   534.71
Total T:  902740 | Ep: 4822 | Steps:  279 | Reward:   868.73
Total T:  903029 | Ep: 4823 | Steps:  289 | Reward:   869.78
Total T:  903228 | Ep: 4824 | Steps:  199 | Reward:   509.71
Total T:  903542 | Ep: 4825 | Steps:  314 | Reward:   955.03
Total T:  903868 | Ep: 4826 | Steps:  326 | Reward:   975.75
Total T:  904134 | Ep: 4827 | Steps:  266 | Reward:   833.61
Total T:  904359 | Ep: 4828 | Steps:  225 | Reward:   654.53
Total T:  904610 | Ep: 4829 | Steps:  251 | Reward:   740.65
Total T:  904914 | Ep: 4830 | Steps:  304 | Reward:  1005.49
Total T:  905242 | Ep: 4831 | Steps:  328 | Reward:  1067.08
Total T:  905586 | Ep: 4832 | Steps:  344 | Reward:  1140.16
Total T:  905782 | Ep: 4833 | Steps:  196 | Reward:   630.23
Total T:  905995 | Ep: 4834 | Steps:  213 | Reward:   617.70
Total T:  906234 | Ep: 4835 | Steps:  239 | Reward:   738.11
Total T:  906464 | Ep: 4836 | Steps:  230 | Reward:   690.28
Total T:  906710 | Ep: 4837 | Steps:  246 | Reward:   710.75
Total T:  907011 | Ep: 4838 | Steps:  301 | Reward:  1000.09
Total T:  907369 | Ep: 4839 | Steps:  358 | Reward:  1156.83
Total T:  907603 | Ep: 4840 | Steps:  234 | Reward:   713.08
Total T:  907988 | Ep: 4841 | Steps:  385 | Reward:  1251.69
Total T:  908275 | Ep: 4842 | Steps:  287 | Reward:   913.73
Total T:  908657 | Ep: 4843 | Steps:  382 | Reward:  1230.61
Total T:  908955 | Ep: 4844 | Steps:  298 | Reward:   986.25
Total T:  909184 | Ep: 4845 | Steps:  229 | Reward:   707.99
Total T:  909438 | Ep: 4846 | Steps:  254 | Reward:   755.98
Total T:  909589 | Ep: 4847 | Steps:  151 | Reward:   479.68
Total T:  909903 | Ep: 4848 | Steps:  314 | Reward:  1013.81
---------------------------------------
Evaluation over 10 episodes: 454.658
---------------------------------------
Total T:  910196 | Ep: 4849 | Steps:  293 | Reward:   932.48
Total T:  910501 | Ep: 4850 | Steps:  305 | Reward:   939.36
Total T:  910843 | Ep: 4851 | Steps:  342 | Reward:  1095.26
Total T:  911169 | Ep: 4852 | Steps:  326 | Reward:  1099.67
Total T:  911409 | Ep: 4853 | Steps:  240 | Reward:   746.64
Total T:  911546 | Ep: 4854 | Steps:  137 | Reward:   391.45
Total T:  911687 | Ep: 4855 | Steps:  141 | Reward:   418.33
Total T:  911947 | Ep: 4856 | Steps:  260 | Reward:   842.19
Total T:  912197 | Ep: 4857 | Steps:  250 | Reward:   756.27
Total T:  912391 | Ep: 4858 | Steps:  194 | Reward:   663.95
Total T:  912632 | Ep: 4859 | Steps:  241 | Reward:   786.86
Total T:  912864 | Ep: 4860 | Steps:  232 | Reward:   781.92
Total T:  913220 | Ep: 4861 | Steps:  356 | Reward:  1194.67
Total T:  913421 | Ep: 4862 | Steps:  201 | Reward:   658.03
Total T:  913635 | Ep: 4863 | Steps:  214 | Reward:   628.42
Total T:  913991 | Ep: 4864 | Steps:  356 | Reward:  1193.60
Total T:  914220 | Ep: 4865 | Steps:  229 | Reward:   693.29
Total T:  914456 | Ep: 4866 | Steps:  236 | Reward:   776.53
Total T:  914726 | Ep: 4867 | Steps:  270 | Reward:   920.83
Total T:  915036 | Ep: 4868 | Steps:  310 | Reward:  1029.19
Total T:  915388 | Ep: 4869 | Steps:  352 | Reward:  1169.02
Total T:  915678 | Ep: 4870 | Steps:  290 | Reward:   835.85
Total T:  916069 | Ep: 4871 | Steps:  391 | Reward:  1361.88
Total T:  916304 | Ep: 4872 | Steps:  235 | Reward:   724.68
Total T:  916445 | Ep: 4873 | Steps:  141 | Reward:   391.90
Total T:  916745 | Ep: 4874 | Steps:  300 | Reward:   917.92
Total T:  917037 | Ep: 4875 | Steps:  292 | Reward:   934.31
Total T:  917190 | Ep: 4876 | Steps:  153 | Reward:   470.72
Total T:  917446 | Ep: 4877 | Steps:  256 | Reward:   791.69
Total T:  917793 | Ep: 4878 | Steps:  347 | Reward:  1143.09
Total T:  918082 | Ep: 4879 | Steps:  289 | Reward:   908.48
Total T:  918319 | Ep: 4880 | Steps:  237 | Reward:   697.76
Total T:  918571 | Ep: 4881 | Steps:  252 | Reward:   776.95
Total T:  918790 | Ep: 4882 | Steps:  219 | Reward:   657.33
Total T:  918999 | Ep: 4883 | Steps:  209 | Reward:   544.89
Total T:  919236 | Ep: 4884 | Steps:  237 | Reward:   716.53
Total T:  919478 | Ep: 4885 | Steps:  242 | Reward:   730.62
Total T:  919831 | Ep: 4886 | Steps:  353 | Reward:  1196.68
---------------------------------------
Evaluation over 10 episodes: 821.473
---------------------------------------
Total T:  920138 | Ep: 4887 | Steps:  307 | Reward:  1027.65
Total T:  920503 | Ep: 4888 | Steps:  365 | Reward:  1198.84
Total T:  920731 | Ep: 4889 | Steps:  228 | Reward:   684.39
Total T:  921085 | Ep: 4890 | Steps:  354 | Reward:  1181.02
Total T:  921305 | Ep: 4891 | Steps:  220 | Reward:   682.20
Total T:  921582 | Ep: 4892 | Steps:  277 | Reward:   895.12
Total T:  921928 | Ep: 4893 | Steps:  346 | Reward:  1126.57
Total T:  922185 | Ep: 4894 | Steps:  257 | Reward:   766.18
Total T:  922260 | Ep: 4895 | Steps:   75 | Reward:   153.23
Total T:  922609 | Ep: 4896 | Steps:  349 | Reward:  1034.55
Total T:  922788 | Ep: 4897 | Steps:  179 | Reward:   581.69
Total T:  922987 | Ep: 4898 | Steps:  199 | Reward:   471.36
Total T:  923371 | Ep: 4899 | Steps:  384 | Reward:  1251.44
Total T:  923623 | Ep: 4900 | Steps:  252 | Reward:   825.41
Total T:  923777 | Ep: 4901 | Steps:  154 | Reward:   492.73
Total T:  924033 | Ep: 4902 | Steps:  256 | Reward:   778.94
Total T:  924326 | Ep: 4903 | Steps:  293 | Reward:   917.60
Total T:  924672 | Ep: 4904 | Steps:  346 | Reward:  1137.67
Total T:  924909 | Ep: 4905 | Steps:  237 | Reward:   744.16
Total T:  925144 | Ep: 4906 | Steps:  235 | Reward:   726.33
Total T:  925388 | Ep: 4907 | Steps:  244 | Reward:   782.85
Total T:  925523 | Ep: 4908 | Steps:  135 | Reward:   349.31
Total T:  925748 | Ep: 4909 | Steps:  225 | Reward:   726.83
Total T:  925984 | Ep: 4910 | Steps:  236 | Reward:   688.38
Total T:  926222 | Ep: 4911 | Steps:  238 | Reward:   678.28
Total T:  926518 | Ep: 4912 | Steps:  296 | Reward:   939.43
Total T:  926765 | Ep: 4913 | Steps:  247 | Reward:   723.65
Total T:  927074 | Ep: 4914 | Steps:  309 | Reward:   954.13
Total T:  927446 | Ep: 4915 | Steps:  372 | Reward:  1246.73
Total T:  927711 | Ep: 4916 | Steps:  265 | Reward:   930.30
Total T:  927850 | Ep: 4917 | Steps:  139 | Reward:   410.36
Total T:  928201 | Ep: 4918 | Steps:  351 | Reward:  1160.02
Total T:  928389 | Ep: 4919 | Steps:  188 | Reward:   615.81
Total T:  928645 | Ep: 4920 | Steps:  256 | Reward:   735.62
Total T:  928995 | Ep: 4921 | Steps:  350 | Reward:  1154.60
Total T:  929133 | Ep: 4922 | Steps:  138 | Reward:   367.70
Total T:  929327 | Ep: 4923 | Steps:  194 | Reward:   640.51
Total T:  929571 | Ep: 4924 | Steps:  244 | Reward:   774.66
Total T:  929867 | Ep: 4925 | Steps:  296 | Reward:   923.43
---------------------------------------
Evaluation over 10 episodes: 1081.219
---------------------------------------
Total T:  930238 | Ep: 4926 | Steps:  371 | Reward:  1284.22
Total T:  930379 | Ep: 4927 | Steps:  141 | Reward:   423.55
Total T:  930615 | Ep: 4928 | Steps:  236 | Reward:   783.35
Total T:  930933 | Ep: 4929 | Steps:  318 | Reward:   999.66
Total T:  931246 | Ep: 4930 | Steps:  313 | Reward:  1018.28
Total T:  931541 | Ep: 4931 | Steps:  295 | Reward:   908.33
Total T:  931888 | Ep: 4932 | Steps:  347 | Reward:  1090.61
Total T:  932266 | Ep: 4933 | Steps:  378 | Reward:  1271.34
Total T:  932548 | Ep: 4934 | Steps:  282 | Reward:   933.74
Total T:  932845 | Ep: 4935 | Steps:  297 | Reward:   933.72
Total T:  932986 | Ep: 4936 | Steps:  141 | Reward:   424.88
Total T:  933181 | Ep: 4937 | Steps:  195 | Reward:   649.27
Total T:  933347 | Ep: 4938 | Steps:  166 | Reward:   537.19
Total T:  933653 | Ep: 4939 | Steps:  306 | Reward:   972.53
Total T:  933835 | Ep: 4940 | Steps:  182 | Reward:   596.38
Total T:  934128 | Ep: 4941 | Steps:  293 | Reward:   917.17
Total T:  934409 | Ep: 4942 | Steps:  281 | Reward:   849.03
Total T:  934648 | Ep: 4943 | Steps:  239 | Reward:   748.45
Total T:  934847 | Ep: 4944 | Steps:  199 | Reward:   660.12
Total T:  935130 | Ep: 4945 | Steps:  283 | Reward:   886.92
Total T:  935354 | Ep: 4946 | Steps:  224 | Reward:   683.60
Total T:  935606 | Ep: 4947 | Steps:  252 | Reward:   799.97
Total T:  935948 | Ep: 4948 | Steps:  342 | Reward:  1198.35
Total T:  936237 | Ep: 4949 | Steps:  289 | Reward:   874.93
Total T:  936532 | Ep: 4950 | Steps:  295 | Reward:   937.60
Total T:  936784 | Ep: 4951 | Steps:  252 | Reward:   738.75
Total T:  937158 | Ep: 4952 | Steps:  374 | Reward:  1237.83
Total T:  937444 | Ep: 4953 | Steps:  286 | Reward:   854.75
Total T:  937677 | Ep: 4954 | Steps:  233 | Reward:   735.58
Total T:  937943 | Ep: 4955 | Steps:  266 | Reward:   913.94
Total T:  938079 | Ep: 4956 | Steps:  136 | Reward:   403.94
Total T:  938232 | Ep: 4957 | Steps:  153 | Reward:   483.71
Total T:  938488 | Ep: 4958 | Steps:  256 | Reward:   896.16
Total T:  938842 | Ep: 4959 | Steps:  354 | Reward:  1167.08
Total T:  939087 | Ep: 4960 | Steps:  245 | Reward:   697.47
Total T:  939291 | Ep: 4961 | Steps:  204 | Reward:   641.68
Total T:  939490 | Ep: 4962 | Steps:  199 | Reward:   645.11
Total T:  939845 | Ep: 4963 | Steps:  355 | Reward:  1171.21
---------------------------------------
Evaluation over 10 episodes: 1152.436
---------------------------------------
Total T:  940035 | Ep: 4964 | Steps:  190 | Reward:   628.25
Total T:  940172 | Ep: 4965 | Steps:  137 | Reward:   403.05
Total T:  940471 | Ep: 4966 | Steps:  299 | Reward:   906.72
Total T:  940675 | Ep: 4967 | Steps:  204 | Reward:   665.51
Total T:  940853 | Ep: 4968 | Steps:  178 | Reward:   593.99
Total T:  941043 | Ep: 4969 | Steps:  190 | Reward:   623.79
Total T:  941412 | Ep: 4970 | Steps:  369 | Reward:  1187.50
Total T:  941733 | Ep: 4971 | Steps:  321 | Reward:  1009.78
Total T:  941930 | Ep: 4972 | Steps:  197 | Reward:   633.10
Total T:  942160 | Ep: 4973 | Steps:  230 | Reward:   692.74
Total T:  942536 | Ep: 4974 | Steps:  376 | Reward:  1243.72
Total T:  942771 | Ep: 4975 | Steps:  235 | Reward:   634.58
Total T:  943022 | Ep: 4976 | Steps:  251 | Reward:   703.03
Total T:  943259 | Ep: 4977 | Steps:  237 | Reward:   680.71
Total T:  943484 | Ep: 4978 | Steps:  225 | Reward:   612.74
Total T:  943764 | Ep: 4979 | Steps:  280 | Reward:   916.76
Total T:  944045 | Ep: 4980 | Steps:  281 | Reward:   852.50
Total T:  944402 | Ep: 4981 | Steps:  357 | Reward:  1150.95
Total T:  944609 | Ep: 4982 | Steps:  207 | Reward:   492.33
Total T:  944964 | Ep: 4983 | Steps:  355 | Reward:  1210.29
Total T:  945224 | Ep: 4984 | Steps:  260 | Reward:   825.82
Total T:  945559 | Ep: 4985 | Steps:  335 | Reward:  1003.86
Total T:  945878 | Ep: 4986 | Steps:  319 | Reward:  1030.44
Total T:  946215 | Ep: 4987 | Steps:  337 | Reward:  1143.49
Total T:  946521 | Ep: 4988 | Steps:  306 | Reward:   996.44
Total T:  946880 | Ep: 4989 | Steps:  359 | Reward:  1203.19
Total T:  947163 | Ep: 4990 | Steps:  283 | Reward:   923.46
Total T:  947356 | Ep: 4991 | Steps:  193 | Reward:   658.46
Total T:  947600 | Ep: 4992 | Steps:  244 | Reward:   769.28
Total T:  947833 | Ep: 4993 | Steps:  233 | Reward:   727.55
Total T:  948022 | Ep: 4994 | Steps:  189 | Reward:   633.38
Total T:  948253 | Ep: 4995 | Steps:  231 | Reward:   748.62
Total T:  948583 | Ep: 4996 | Steps:  330 | Reward:   952.98
Total T:  948962 | Ep: 4997 | Steps:  379 | Reward:  1210.17
Total T:  949251 | Ep: 4998 | Steps:  289 | Reward:   896.56
Total T:  949519 | Ep: 4999 | Steps:  268 | Reward:   882.69
Total T:  949897 | Ep: 5000 | Steps:  378 | Reward:  1274.56
---------------------------------------
Evaluation over 10 episodes: 884.747
---------------------------------------
Total T:  950148 | Ep: 5001 | Steps:  251 | Reward:   817.22
Total T:  950441 | Ep: 5002 | Steps:  293 | Reward:   990.20
Total T:  950572 | Ep: 5003 | Steps:  131 | Reward:   369.91
Total T:  950715 | Ep: 5004 | Steps:  143 | Reward:   426.30
Total T:  950997 | Ep: 5005 | Steps:  282 | Reward:   900.16
Total T:  951201 | Ep: 5006 | Steps:  204 | Reward:   643.13
Total T:  951440 | Ep: 5007 | Steps:  239 | Reward:   789.71
Total T:  951710 | Ep: 5008 | Steps:  270 | Reward:   903.87
Total T:  952036 | Ep: 5009 | Steps:  326 | Reward:  1041.36
Total T:  952238 | Ep: 5010 | Steps:  202 | Reward:   647.32
Total T:  952532 | Ep: 5011 | Steps:  294 | Reward:   930.55
Total T:  952709 | Ep: 5012 | Steps:  177 | Reward:   599.42
Total T:  952911 | Ep: 5013 | Steps:  202 | Reward:   650.44
Total T:  953211 | Ep: 5014 | Steps:  300 | Reward:  1057.48
Total T:  953593 | Ep: 5015 | Steps:  382 | Reward:  1254.32
Total T:  953803 | Ep: 5016 | Steps:  210 | Reward:   655.33
Total T:  953992 | Ep: 5017 | Steps:  189 | Reward:   645.84
Total T:  954343 | Ep: 5018 | Steps:  351 | Reward:  1170.63
Total T:  954621 | Ep: 5019 | Steps:  278 | Reward:   933.54
Total T:  954981 | Ep: 5020 | Steps:  360 | Reward:  1200.44
Total T:  955374 | Ep: 5021 | Steps:  393 | Reward:  1206.45
Total T:  955575 | Ep: 5022 | Steps:  201 | Reward:   650.98
Total T:  955935 | Ep: 5023 | Steps:  360 | Reward:  1206.41
Total T:  956240 | Ep: 5024 | Steps:  305 | Reward:  1000.76
Total T:  956559 | Ep: 5025 | Steps:  319 | Reward:  1012.77
Total T:  956754 | Ep: 5026 | Steps:  195 | Reward:   644.60
Total T:  956888 | Ep: 5027 | Steps:  134 | Reward:   384.86
Total T:  957138 | Ep: 5028 | Steps:  250 | Reward:   814.47
Total T:  957382 | Ep: 5029 | Steps:  244 | Reward:   776.13
Total T:  957583 | Ep: 5030 | Steps:  201 | Reward:   653.92
Total T:  957909 | Ep: 5031 | Steps:  326 | Reward:  1037.79
Total T:  958191 | Ep: 5032 | Steps:  282 | Reward:   918.35
Total T:  958463 | Ep: 5033 | Steps:  272 | Reward:   895.05
Total T:  958822 | Ep: 5034 | Steps:  359 | Reward:  1220.19
Total T:  959042 | Ep: 5035 | Steps:  220 | Reward:   743.30
Total T:  959383 | Ep: 5036 | Steps:  341 | Reward:  1171.49
Total T:  959619 | Ep: 5037 | Steps:  236 | Reward:   790.01
---------------------------------------
Evaluation over 10 episodes: 1040.301
---------------------------------------
Total T:  960004 | Ep: 5038 | Steps:  385 | Reward:  1298.15
Total T:  960273 | Ep: 5039 | Steps:  269 | Reward:   807.37
Total T:  960641 | Ep: 5040 | Steps:  368 | Reward:  1231.55
Total T:  961011 | Ep: 5041 | Steps:  370 | Reward:  1268.30
Total T:  961345 | Ep: 5042 | Steps:  334 | Reward:  1082.14
Total T:  961720 | Ep: 5043 | Steps:  375 | Reward:  1254.06
Total T:  962001 | Ep: 5044 | Steps:  281 | Reward:   899.39
Total T:  962302 | Ep: 5045 | Steps:  301 | Reward:   933.47
Total T:  962598 | Ep: 5046 | Steps:  296 | Reward:   902.88
Total T:  962919 | Ep: 5047 | Steps:  321 | Reward:  1056.95
Total T:  963060 | Ep: 5048 | Steps:  141 | Reward:   423.76
Total T:  963283 | Ep: 5049 | Steps:  223 | Reward:   730.15
Total T:  963610 | Ep: 5050 | Steps:  327 | Reward:  1096.69
Total T:  963830 | Ep: 5051 | Steps:  220 | Reward:   744.20
Total T:  964089 | Ep: 5052 | Steps:  259 | Reward:   849.97
Total T:  964365 | Ep: 5053 | Steps:  276 | Reward:   893.05
Total T:  964618 | Ep: 5054 | Steps:  253 | Reward:   799.36
Total T:  964861 | Ep: 5055 | Steps:  243 | Reward:   681.96
Total T:  965089 | Ep: 5056 | Steps:  228 | Reward:   638.69
Total T:  965313 | Ep: 5057 | Steps:  224 | Reward:   771.01
Total T:  965475 | Ep: 5058 | Steps:  162 | Reward:   506.57
Total T:  965753 | Ep: 5059 | Steps:  278 | Reward:   895.24
Total T:  966133 | Ep: 5060 | Steps:  380 | Reward:  1261.47
Total T:  966266 | Ep: 5061 | Steps:  133 | Reward:   380.56
Total T:  966483 | Ep: 5062 | Steps:  217 | Reward:   654.18
Total T:  966799 | Ep: 5063 | Steps:  316 | Reward:  1068.51
Total T:  967075 | Ep: 5064 | Steps:  276 | Reward:   882.94
Total T:  967351 | Ep: 5065 | Steps:  276 | Reward:   897.14
Total T:  967648 | Ep: 5066 | Steps:  297 | Reward:   931.03
Total T:  967927 | Ep: 5067 | Steps:  279 | Reward:   926.19
Total T:  968272 | Ep: 5068 | Steps:  345 | Reward:  1144.63
Total T:  968603 | Ep: 5069 | Steps:  331 | Reward:  1165.37
Total T:  968884 | Ep: 5070 | Steps:  281 | Reward:   925.75
Total T:  969261 | Ep: 5071 | Steps:  377 | Reward:  1245.91
Total T:  969634 | Ep: 5072 | Steps:  373 | Reward:  1263.12
Total T:  969918 | Ep: 5073 | Steps:  284 | Reward:   889.50
---------------------------------------
Evaluation over 10 episodes: 883.308
---------------------------------------
Total T:  970173 | Ep: 5074 | Steps:  255 | Reward:   811.59
Total T:  970465 | Ep: 5075 | Steps:  292 | Reward:  1016.38
Total T:  970743 | Ep: 5076 | Steps:  278 | Reward:   879.66
Total T:  970910 | Ep: 5077 | Steps:  167 | Reward:   274.34
Total T:  971185 | Ep: 5078 | Steps:  275 | Reward:   888.23
Total T:  971522 | Ep: 5079 | Steps:  337 | Reward:  1125.80
Total T:  971797 | Ep: 5080 | Steps:  275 | Reward:   909.09
Total T:  972087 | Ep: 5081 | Steps:  290 | Reward:   915.10
Total T:  972364 | Ep: 5082 | Steps:  277 | Reward:   883.22
Total T:  972605 | Ep: 5083 | Steps:  241 | Reward:   745.55
Total T:  972790 | Ep: 5084 | Steps:  185 | Reward:   625.80
Total T:  972934 | Ep: 5085 | Steps:  144 | Reward:   419.36
Total T:  973067 | Ep: 5086 | Steps:  133 | Reward:   359.21
Total T:  973306 | Ep: 5087 | Steps:  239 | Reward:   789.59
Total T:  973442 | Ep: 5088 | Steps:  136 | Reward:   395.63
Total T:  973658 | Ep: 5089 | Steps:  216 | Reward:   621.62
Total T:  973927 | Ep: 5090 | Steps:  269 | Reward:   894.41
Total T:  974165 | Ep: 5091 | Steps:  238 | Reward:   787.33
Total T:  974407 | Ep: 5092 | Steps:  242 | Reward:   757.97
Total T:  974539 | Ep: 5093 | Steps:  132 | Reward:   372.89
Total T:  974736 | Ep: 5094 | Steps:  197 | Reward:   646.32
Total T:  974974 | Ep: 5095 | Steps:  238 | Reward:   789.79
Total T:  975321 | Ep: 5096 | Steps:  347 | Reward:  1179.55
Total T:  975524 | Ep: 5097 | Steps:  203 | Reward:   644.02
Total T:  975777 | Ep: 5098 | Steps:  253 | Reward:   835.02
Total T:  976073 | Ep: 5099 | Steps:  296 | Reward:  1014.12
Total T:  976354 | Ep: 5100 | Steps:  281 | Reward:   907.13
Total T:  976732 | Ep: 5101 | Steps:  378 | Reward:  1241.22
Total T:  977109 | Ep: 5102 | Steps:  377 | Reward:  1235.55
Total T:  977348 | Ep: 5103 | Steps:  239 | Reward:   722.45
Total T:  977695 | Ep: 5104 | Steps:  347 | Reward:  1113.60
Total T:  977965 | Ep: 5105 | Steps:  270 | Reward:   887.66
Total T:  978210 | Ep: 5106 | Steps:  245 | Reward:   754.28
Total T:  978439 | Ep: 5107 | Steps:  229 | Reward:   732.80
Total T:  978735 | Ep: 5108 | Steps:  296 | Reward:   903.37
Total T:  978966 | Ep: 5109 | Steps:  231 | Reward:   751.26
Total T:  979227 | Ep: 5110 | Steps:  261 | Reward:   932.49
Total T:  979501 | Ep: 5111 | Steps:  274 | Reward:   911.58
Total T:  979703 | Ep: 5112 | Steps:  202 | Reward:   697.70
Total T:  979895 | Ep: 5113 | Steps:  192 | Reward:   645.83
---------------------------------------
Evaluation over 10 episodes: 898.086
---------------------------------------
Total T:  980203 | Ep: 5114 | Steps:  308 | Reward:  1015.18
Total T:  980449 | Ep: 5115 | Steps:  246 | Reward:   783.31
Total T:  980700 | Ep: 5116 | Steps:  251 | Reward:   784.42
Total T:  980882 | Ep: 5117 | Steps:  182 | Reward:   601.27
Total T:  981163 | Ep: 5118 | Steps:  281 | Reward:   903.27
Total T:  981400 | Ep: 5119 | Steps:  237 | Reward:   766.94
Total T:  981650 | Ep: 5120 | Steps:  250 | Reward:   774.27
Total T:  981880 | Ep: 5121 | Steps:  230 | Reward:   686.03
Total T:  982163 | Ep: 5122 | Steps:  283 | Reward:   919.07
Total T:  982385 | Ep: 5123 | Steps:  222 | Reward:   637.47
Total T:  982611 | Ep: 5124 | Steps:  226 | Reward:   650.64
Total T:  982950 | Ep: 5125 | Steps:  339 | Reward:  1227.54
Total T:  983231 | Ep: 5126 | Steps:  281 | Reward:   941.63
Total T:  983519 | Ep: 5127 | Steps:  288 | Reward:   952.77
Total T:  983894 | Ep: 5128 | Steps:  375 | Reward:  1205.18
Total T:  984155 | Ep: 5129 | Steps:  261 | Reward:   773.98
Total T:  984451 | Ep: 5130 | Steps:  296 | Reward:   917.47
Total T:  984679 | Ep: 5131 | Steps:  228 | Reward:   702.17
Total T:  984975 | Ep: 5132 | Steps:  296 | Reward:   997.13
Total T:  985212 | Ep: 5133 | Steps:  237 | Reward:   749.60
Total T:  985472 | Ep: 5134 | Steps:  260 | Reward:   826.28
Total T:  985755 | Ep: 5135 | Steps:  283 | Reward:   918.89
Total T:  986118 | Ep: 5136 | Steps:  363 | Reward:  1143.92
Total T:  986389 | Ep: 5137 | Steps:  271 | Reward:   805.69
Total T:  986669 | Ep: 5138 | Steps:  280 | Reward:   889.04
Total T:  986979 | Ep: 5139 | Steps:  310 | Reward:   925.17
Total T:  987319 | Ep: 5140 | Steps:  340 | Reward:  1172.35
Total T:  987574 | Ep: 5141 | Steps:  255 | Reward:   816.24
Total T:  987794 | Ep: 5142 | Steps:  220 | Reward:   749.87
Total T:  988051 | Ep: 5143 | Steps:  257 | Reward:   827.33
Total T:  988333 | Ep: 5144 | Steps:  282 | Reward:   910.69
Total T:  988617 | Ep: 5145 | Steps:  284 | Reward:   954.18
Total T:  988911 | Ep: 5146 | Steps:  294 | Reward:   990.26
Total T:  989258 | Ep: 5147 | Steps:  347 | Reward:  1234.46
Total T:  989545 | Ep: 5148 | Steps:  287 | Reward:   911.41
Total T:  989832 | Ep: 5149 | Steps:  287 | Reward:   958.90
---------------------------------------
Evaluation over 10 episodes: 1084.551
---------------------------------------
Total T:  990135 | Ep: 5150 | Steps:  303 | Reward:   954.25
Total T:  990263 | Ep: 5151 | Steps:  128 | Reward:   305.91
Total T:  990489 | Ep: 5152 | Steps:  226 | Reward:   626.96
Total T:  990788 | Ep: 5153 | Steps:  299 | Reward:  1013.43
Total T:  991073 | Ep: 5154 | Steps:  285 | Reward:   885.59
Total T:  991360 | Ep: 5155 | Steps:  287 | Reward:   898.58
Total T:  991655 | Ep: 5156 | Steps:  295 | Reward:   938.83
Total T:  991891 | Ep: 5157 | Steps:  236 | Reward:   731.58
Total T:  992185 | Ep: 5158 | Steps:  294 | Reward:   922.25
Total T:  992480 | Ep: 5159 | Steps:  295 | Reward:   994.98
Total T:  992767 | Ep: 5160 | Steps:  287 | Reward:   880.19
Total T:  993086 | Ep: 5161 | Steps:  319 | Reward:  1027.05
Total T:  993385 | Ep: 5162 | Steps:  299 | Reward:   964.51
Total T:  993720 | Ep: 5163 | Steps:  335 | Reward:  1109.41
Total T:  993978 | Ep: 5164 | Steps:  258 | Reward:   766.01
Total T:  994276 | Ep: 5165 | Steps:  298 | Reward:   949.84
Total T:  994561 | Ep: 5166 | Steps:  285 | Reward:   927.55
Total T:  994862 | Ep: 5167 | Steps:  301 | Reward:   978.75
Total T:  995142 | Ep: 5168 | Steps:  280 | Reward:   950.49
Total T:  995448 | Ep: 5169 | Steps:  306 | Reward:   963.06
Total T:  995746 | Ep: 5170 | Steps:  298 | Reward:   941.87
Total T:  996030 | Ep: 5171 | Steps:  284 | Reward:   899.32
Total T:  996332 | Ep: 5172 | Steps:  302 | Reward:  1002.80
Total T:  996597 | Ep: 5173 | Steps:  265 | Reward:   835.00
Total T:  996966 | Ep: 5174 | Steps:  369 | Reward:  1278.46
Total T:  997292 | Ep: 5175 | Steps:  326 | Reward:  1112.98
Total T:  997624 | Ep: 5176 | Steps:  332 | Reward:  1193.28
Total T:  997968 | Ep: 5177 | Steps:  344 | Reward:  1211.07
Total T:  998252 | Ep: 5178 | Steps:  284 | Reward:   936.01
Total T:  998553 | Ep: 5179 | Steps:  301 | Reward:   960.28
Total T:  998836 | Ep: 5180 | Steps:  283 | Reward:   978.49
Total T:  999114 | Ep: 5181 | Steps:  278 | Reward:   949.26
Total T:  999394 | Ep: 5182 | Steps:  280 | Reward:   877.27
Total T:  999680 | Ep: 5183 | Steps:  286 | Reward:   941.32
Total T:  999954 | Ep: 5184 | Steps:  274 | Reward:   903.27
---------------------------------------
Evaluation over 10 episodes: 1087.612
---------------------------------------

[main] Model saved:
        actor  -> C:\Users\mohamedosama\Downloads\CS515-Deep-RL\TD3_algorithm\runs\td3_sweep_walker2d-v4_seed0_Walker2d-v4_11-05-2026_13-56-27\model_actor
        critic -> C:\Users\mohamedosama\Downloads\CS515-Deep-RL\TD3_algorithm\runs\td3_sweep_walker2d-v4_seed0_Walker2d-v4_11-05-2026_13-56-27\model_critic
[main] Training history -> C:\Users\mohamedosama\Downloads\CS515-Deep-RL\TD3_algorithm\runs\td3_sweep_walker2d-v4_seed0_Walker2d-v4_11-05-2026_13-56-27\episode_rewards.csv
[main] Eval history     -> C:\Users\mohamedosama\Downloads\CS515-Deep-RL\TD3_algorithm\runs\td3_sweep_walker2d-v4_seed0_Walker2d-v4_11-05-2026_13-56-27\eval_rewards.csv
[main] Summary          -> C:\Users\mohamedosama\Downloads\CS515-Deep-RL\TD3_algorithm\runs\td3_sweep_walker2d-v4_seed0_Walker2d-v4_11-05-2026_13-56-27\summary.json
[main] Unified eval -> C:\Users\mohamedosama\Downloads\CS515-Deep-RL\results\continuous\td3\walker2d-v4\seed_0.npy
[main] Wallclock    -> C:\Users\mohamedosama\Downloads\CS515-Deep-RL\results\wallclock\continuous\td3\walker2d-v4\seed_0.npy
OMP: Error #15: Initializing libiomp5md.dll, but found libiomp5md.dll already initialized.
OMP: Hint This means that multiple copies of the OpenMP runtime have been linked into the program. That is dangerous, since it can degrade performance or cause incorrect results. The best thing to do is to ensure that only a single OpenMP runtime is linked into the process, e.g. by avoiding static linking of the OpenMP runtime in any library. As an unsafe, unsupported, undocumented workaround you can set the environment variable KMP_DUPLICATE_LIB_OK=TRUE to allow the program to continue to execute, but that may cause crashes or silently produce incorrect results. For more information, please see http://www.intel.com/software/products/support/.
