C:\Users\mohamedosama\AppData\Local\anaconda3\envs\deep_rl\lib\site-packages\gymnasium\core.py:311: UserWarning: [33mWARN: env.seed to get variables from other wrappers is deprecated and will be removed in v1.0, to get this variable you can do `env.unwrapped.seed` for environment variables or `env.get_wrapper_attr('seed')` that will search the reminding wrappers.[0m
  logger.warn(
--------------------------------------------------
Env:        Pendulum-v1
  ob_dim    = 3
  ac_dim    = 1
  max_action= 2.0
Logdir:     C:\Users\mohamedosama\Downloads\CS515-Deep-RL\TD3_algorithm\runs\td3_sweep_pendulum-v1_seed4_Pendulum-v1_10-05-2026_20-35-32
Rendering:  off
--------------------------------------------------
C:\Users\mohamedosama\AppData\Local\anaconda3\envs\deep_rl\lib\site-packages\gymnasium\core.py:311: UserWarning: [33mWARN: env.seed to get variables from other wrappers is deprecated and will be removed in v1.0, to get this variable you can do `env.unwrapped.seed` for environment variables or `env.get_wrapper_attr('seed')` that will search the reminding wrappers.[0m
  logger.warn(
---------------------------------------
Evaluation over 10 episodes: -1157.768
---------------------------------------
Total T:     200 | Ep:    1 | Steps:  200 | Reward:  -756.36
Total T:     400 | Ep:    2 | Steps:  200 | Reward: -1071.25
Total T:     600 | Ep:    3 | Steps:  200 | Reward: -1375.04
Total T:     800 | Ep:    4 | Steps:  200 | Reward: -1531.42
Total T:    1000 | Ep:    5 | Steps:  200 | Reward: -1828.27
Total T:    1200 | Ep:    6 | Steps:  200 | Reward:  -995.67
Total T:    1400 | Ep:    7 | Steps:  200 | Reward: -1179.45
Total T:    1600 | Ep:    8 | Steps:  200 | Reward: -1579.59
Total T:    1800 | Ep:    9 | Steps:  200 | Reward:  -884.03
Total T:    2000 | Ep:   10 | Steps:  200 | Reward:  -750.99
Total T:    2200 | Ep:   11 | Steps:  200 | Reward: -1455.64
Total T:    2400 | Ep:   12 | Steps:  200 | Reward:  -895.27
Total T:    2600 | Ep:   13 | Steps:  200 | Reward:  -919.25
Total T:    2800 | Ep:   14 | Steps:  200 | Reward: -1195.36
Total T:    3000 | Ep:   15 | Steps:  200 | Reward: -1776.34
Total T:    3200 | Ep:   16 | Steps:  200 | Reward: -1323.75
Total T:    3400 | Ep:   17 | Steps:  200 | Reward: -1260.12
Total T:    3600 | Ep:   18 | Steps:  200 | Reward: -1697.89
Total T:    3800 | Ep:   19 | Steps:  200 | Reward: -1075.37
Total T:    4000 | Ep:   20 | Steps:  200 | Reward: -1790.85
Total T:    4200 | Ep:   21 | Steps:  200 | Reward: -1173.30
Total T:    4400 | Ep:   22 | Steps:  200 | Reward:  -996.16
Total T:    4600 | Ep:   23 | Steps:  200 | Reward: -1675.87
Total T:    4800 | Ep:   24 | Steps:  200 | Reward: -1691.04
Total T:    5000 | Ep:   25 | Steps:  200 | Reward: -1392.78
---------------------------------------
Evaluation over 10 episodes: -1158.975
---------------------------------------
Total T:    5200 | Ep:   26 | Steps:  200 | Reward: -1377.66
Total T:    5400 | Ep:   27 | Steps:  200 | Reward: -1304.64
Total T:    5600 | Ep:   28 | Steps:  200 | Reward: -1641.50
Total T:    5800 | Ep:   29 | Steps:  200 | Reward: -1178.14
Total T:    6000 | Ep:   30 | Steps:  200 | Reward: -1411.52
Total T:    6200 | Ep:   31 | Steps:  200 | Reward: -1787.35
Total T:    6400 | Ep:   32 | Steps:  200 | Reward: -1006.16
Total T:    6600 | Ep:   33 | Steps:  200 | Reward:  -955.13
Total T:    6800 | Ep:   34 | Steps:  200 | Reward: -1563.99
Total T:    7000 | Ep:   35 | Steps:  200 | Reward:  -748.69
Total T:    7200 | Ep:   36 | Steps:  200 | Reward: -1250.82
Total T:    7400 | Ep:   37 | Steps:  200 | Reward:  -784.79
Total T:    7600 | Ep:   38 | Steps:  200 | Reward: -1069.80
Total T:    7800 | Ep:   39 | Steps:  200 | Reward: -1131.42
Total T:    8000 | Ep:   40 | Steps:  200 | Reward: -1163.67
Total T:    8200 | Ep:   41 | Steps:  200 | Reward:  -990.82
Total T:    8400 | Ep:   42 | Steps:  200 | Reward: -1616.26
Total T:    8600 | Ep:   43 | Steps:  200 | Reward: -1517.31
Total T:    8800 | Ep:   44 | Steps:  200 | Reward:  -755.94
Total T:    9000 | Ep:   45 | Steps:  200 | Reward:  -763.62
Total T:    9200 | Ep:   46 | Steps:  200 | Reward: -1296.10
Total T:    9400 | Ep:   47 | Steps:  200 | Reward: -1387.94
Total T:    9600 | Ep:   48 | Steps:  200 | Reward: -1070.40
Total T:    9800 | Ep:   49 | Steps:  200 | Reward: -1254.70
Total T:   10000 | Ep:   50 | Steps:  200 | Reward: -1477.98
---------------------------------------
Evaluation over 10 episodes: -1282.403
---------------------------------------
Total T:   10200 | Ep:   51 | Steps:  200 | Reward:  -954.88
Total T:   10400 | Ep:   52 | Steps:  200 | Reward: -1552.95
Total T:   10600 | Ep:   53 | Steps:  200 | Reward:  -976.14
Total T:   10800 | Ep:   54 | Steps:  200 | Reward: -1289.22
Total T:   11000 | Ep:   55 | Steps:  200 | Reward: -1304.68
Total T:   11200 | Ep:   56 | Steps:  200 | Reward: -1082.83
Total T:   11400 | Ep:   57 | Steps:  200 | Reward: -1168.09
Total T:   11600 | Ep:   58 | Steps:  200 | Reward: -1468.86
Total T:   11800 | Ep:   59 | Steps:  200 | Reward:  -771.16
Total T:   12000 | Ep:   60 | Steps:  200 | Reward:  -975.43
Total T:   12200 | Ep:   61 | Steps:  200 | Reward: -1286.15
Total T:   12400 | Ep:   62 | Steps:  200 | Reward: -1285.88
Total T:   12600 | Ep:   63 | Steps:  200 | Reward: -1050.19
Total T:   12800 | Ep:   64 | Steps:  200 | Reward: -1251.77
Total T:   13000 | Ep:   65 | Steps:  200 | Reward: -1615.24
Total T:   13200 | Ep:   66 | Steps:  200 | Reward: -1194.71
Total T:   13400 | Ep:   67 | Steps:  200 | Reward: -1277.53
Total T:   13600 | Ep:   68 | Steps:  200 | Reward:  -877.72
Total T:   13800 | Ep:   69 | Steps:  200 | Reward: -1476.28
Total T:   14000 | Ep:   70 | Steps:  200 | Reward: -1732.06
Total T:   14200 | Ep:   71 | Steps:  200 | Reward: -1837.09
Total T:   14400 | Ep:   72 | Steps:  200 | Reward: -1176.17
Total T:   14600 | Ep:   73 | Steps:  200 | Reward: -1171.36
Total T:   14800 | Ep:   74 | Steps:  200 | Reward: -1166.87
Total T:   15000 | Ep:   75 | Steps:  200 | Reward:  -946.09
---------------------------------------
Evaluation over 10 episodes: -1157.844
---------------------------------------
Total T:   15200 | Ep:   76 | Steps:  200 | Reward:  -897.30
Total T:   15400 | Ep:   77 | Steps:  200 | Reward:  -969.03
Total T:   15600 | Ep:   78 | Steps:  200 | Reward:  -921.47
Total T:   15800 | Ep:   79 | Steps:  200 | Reward: -1805.40
Total T:   16000 | Ep:   80 | Steps:  200 | Reward: -1310.52
Total T:   16200 | Ep:   81 | Steps:  200 | Reward: -1167.75
Total T:   16400 | Ep:   82 | Steps:  200 | Reward: -1112.00
Total T:   16600 | Ep:   83 | Steps:  200 | Reward: -1013.67
Total T:   16800 | Ep:   84 | Steps:  200 | Reward: -1043.07
Total T:   17000 | Ep:   85 | Steps:  200 | Reward: -1407.02
Total T:   17200 | Ep:   86 | Steps:  200 | Reward: -1226.30
Total T:   17400 | Ep:   87 | Steps:  200 | Reward: -1198.98
Total T:   17600 | Ep:   88 | Steps:  200 | Reward:  -765.55
Total T:   17800 | Ep:   89 | Steps:  200 | Reward: -1534.56
Total T:   18000 | Ep:   90 | Steps:  200 | Reward: -1631.11
Total T:   18200 | Ep:   91 | Steps:  200 | Reward: -1719.12
Total T:   18400 | Ep:   92 | Steps:  200 | Reward: -1360.98
Total T:   18600 | Ep:   93 | Steps:  200 | Reward: -1601.74
Total T:   18800 | Ep:   94 | Steps:  200 | Reward: -1535.07
Total T:   19000 | Ep:   95 | Steps:  200 | Reward: -1167.86
Total T:   19200 | Ep:   96 | Steps:  200 | Reward: -1179.86
Total T:   19400 | Ep:   97 | Steps:  200 | Reward: -1220.74
Total T:   19600 | Ep:   98 | Steps:  200 | Reward: -1511.01
Total T:   19800 | Ep:   99 | Steps:  200 | Reward: -1060.54
Total T:   20000 | Ep:  100 | Steps:  200 | Reward: -1802.41
---------------------------------------
Evaluation over 10 episodes: -1270.159
---------------------------------------
Total T:   20200 | Ep:  101 | Steps:  200 | Reward:  -957.39
Total T:   20400 | Ep:  102 | Steps:  200 | Reward:  -934.83
Total T:   20600 | Ep:  103 | Steps:  200 | Reward: -1723.20
Total T:   20800 | Ep:  104 | Steps:  200 | Reward: -1732.68
Total T:   21000 | Ep:  105 | Steps:  200 | Reward:  -969.66
Total T:   21200 | Ep:  106 | Steps:  200 | Reward:  -804.22
Total T:   21400 | Ep:  107 | Steps:  200 | Reward: -1838.45
Total T:   21600 | Ep:  108 | Steps:  200 | Reward: -1173.84
Total T:   21800 | Ep:  109 | Steps:  200 | Reward: -1734.62
Total T:   22000 | Ep:  110 | Steps:  200 | Reward: -1086.76
Total T:   22200 | Ep:  111 | Steps:  200 | Reward:  -867.92
Total T:   22400 | Ep:  112 | Steps:  200 | Reward: -1516.00
Total T:   22600 | Ep:  113 | Steps:  200 | Reward: -1249.32
Total T:   22800 | Ep:  114 | Steps:  200 | Reward: -1283.69
Total T:   23000 | Ep:  115 | Steps:  200 | Reward: -1334.63
Total T:   23200 | Ep:  116 | Steps:  200 | Reward: -1430.17
Total T:   23400 | Ep:  117 | Steps:  200 | Reward:  -859.82
Total T:   23600 | Ep:  118 | Steps:  200 | Reward:  -859.60
Total T:   23800 | Ep:  119 | Steps:  200 | Reward: -1042.30
Total T:   24000 | Ep:  120 | Steps:  200 | Reward: -1177.26
Total T:   24200 | Ep:  121 | Steps:  200 | Reward: -1567.99
Total T:   24400 | Ep:  122 | Steps:  200 | Reward: -1071.20
Total T:   24600 | Ep:  123 | Steps:  200 | Reward: -1172.18
Total T:   24800 | Ep:  124 | Steps:  200 | Reward: -1666.48
Total T:   25000 | Ep:  125 | Steps:  200 | Reward: -1646.33
---------------------------------------
Evaluation over 10 episodes: -1183.106
---------------------------------------
Total T:   25200 | Ep:  126 | Steps:  200 | Reward: -1048.03
Total T:   25400 | Ep:  127 | Steps:  200 | Reward: -1598.16
Total T:   25600 | Ep:  128 | Steps:  200 | Reward: -1532.47
Total T:   25800 | Ep:  129 | Steps:  200 | Reward: -1577.69
Total T:   26000 | Ep:  130 | Steps:  200 | Reward: -1571.41
Total T:   26200 | Ep:  131 | Steps:  200 | Reward: -1608.24
Total T:   26400 | Ep:  132 | Steps:  200 | Reward: -1611.80
Total T:   26600 | Ep:  133 | Steps:  200 | Reward: -1060.17
Total T:   26800 | Ep:  134 | Steps:  200 | Reward: -1488.32
Total T:   27000 | Ep:  135 | Steps:  200 | Reward: -1526.45
Total T:   27200 | Ep:  136 | Steps:  200 | Reward: -1334.65
Total T:   27400 | Ep:  137 | Steps:  200 | Reward: -1289.78
Total T:   27600 | Ep:  138 | Steps:  200 | Reward: -1203.94
Total T:   27800 | Ep:  139 | Steps:  200 | Reward: -1121.43
Total T:   28000 | Ep:  140 | Steps:  200 | Reward: -1120.28
Total T:   28200 | Ep:  141 | Steps:  200 | Reward: -1131.08
Total T:   28400 | Ep:  142 | Steps:  200 | Reward: -1454.95
Total T:   28600 | Ep:  143 | Steps:  200 | Reward:  -795.38
Total T:   28800 | Ep:  144 | Steps:  200 | Reward:  -794.53
Total T:   29000 | Ep:  145 | Steps:  200 | Reward:  -531.32
Total T:   29200 | Ep:  146 | Steps:  200 | Reward:  -656.91
Total T:   29400 | Ep:  147 | Steps:  200 | Reward:  -128.18
Total T:   29600 | Ep:  148 | Steps:  200 | Reward:  -260.38
Total T:   29800 | Ep:  149 | Steps:  200 | Reward:    -1.25
Total T:   30000 | Ep:  150 | Steps:  200 | Reward:  -263.71
---------------------------------------
Evaluation over 10 episodes: -190.282
---------------------------------------
Total T:   30200 | Ep:  151 | Steps:  200 | Reward:    -1.10
Total T:   30400 | Ep:  152 | Steps:  200 | Reward:  -300.91
Total T:   30600 | Ep:  153 | Steps:  200 | Reward:  -390.48
Total T:   30800 | Ep:  154 | Steps:  200 | Reward:  -360.61
Total T:   31000 | Ep:  155 | Steps:  200 | Reward:  -270.65
Total T:   31200 | Ep:  156 | Steps:  200 | Reward:  -326.71
Total T:   31400 | Ep:  157 | Steps:  200 | Reward:    -0.43
Total T:   31600 | Ep:  158 | Steps:  200 | Reward:  -126.35
Total T:   31800 | Ep:  159 | Steps:  200 | Reward:    -1.05
Total T:   32000 | Ep:  160 | Steps:  200 | Reward:  -129.74
Total T:   32200 | Ep:  161 | Steps:  200 | Reward:  -265.83
Total T:   32400 | Ep:  162 | Steps:  200 | Reward:  -125.04
Total T:   32600 | Ep:  163 | Steps:  200 | Reward:  -130.25
Total T:   32800 | Ep:  164 | Steps:  200 | Reward:  -127.19
Total T:   33000 | Ep:  165 | Steps:  200 | Reward:  -237.60
Total T:   33200 | Ep:  166 | Steps:  200 | Reward:  -122.72
Total T:   33400 | Ep:  167 | Steps:  200 | Reward:  -119.15
Total T:   33600 | Ep:  168 | Steps:  200 | Reward:    -1.06
Total T:   33800 | Ep:  169 | Steps:  200 | Reward:  -342.46
Total T:   34000 | Ep:  170 | Steps:  200 | Reward:  -122.66
Total T:   34200 | Ep:  171 | Steps:  200 | Reward:    -3.83
Total T:   34400 | Ep:  172 | Steps:  200 | Reward:  -128.16
Total T:   34600 | Ep:  173 | Steps:  200 | Reward:  -127.59
Total T:   34800 | Ep:  174 | Steps:  200 | Reward:    -2.33
Total T:   35000 | Ep:  175 | Steps:  200 | Reward:    -0.91
---------------------------------------
Evaluation over 10 episodes: -164.912
---------------------------------------
Total T:   35200 | Ep:  176 | Steps:  200 | Reward:  -239.57
Total T:   35400 | Ep:  177 | Steps:  200 | Reward:  -253.45
Total T:   35600 | Ep:  178 | Steps:  200 | Reward:  -123.40
Total T:   35800 | Ep:  179 | Steps:  200 | Reward:  -125.37
Total T:   36000 | Ep:  180 | Steps:  200 | Reward:  -125.97
Total T:   36200 | Ep:  181 | Steps:  200 | Reward:  -243.12
Total T:   36400 | Ep:  182 | Steps:  200 | Reward:  -126.75
Total T:   36600 | Ep:  183 | Steps:  200 | Reward:  -235.03
Total T:   36800 | Ep:  184 | Steps:  200 | Reward:  -121.58
Total T:   37000 | Ep:  185 | Steps:  200 | Reward:  -125.72
Total T:   37200 | Ep:  186 | Steps:  200 | Reward:  -115.76
Total T:   37400 | Ep:  187 | Steps:  200 | Reward:  -336.02
Total T:   37600 | Ep:  188 | Steps:  200 | Reward:  -115.07
Total T:   37800 | Ep:  189 | Steps:  200 | Reward:    -1.85
Total T:   38000 | Ep:  190 | Steps:  200 | Reward:  -270.06
Total T:   38200 | Ep:  191 | Steps:  200 | Reward:  -121.87
Total T:   38400 | Ep:  192 | Steps:  200 | Reward:  -119.99
Total T:   38600 | Ep:  193 | Steps:  200 | Reward:  -228.56
Total T:   38800 | Ep:  194 | Steps:  200 | Reward:  -124.15
Total T:   39000 | Ep:  195 | Steps:  200 | Reward:  -125.57
Total T:   39200 | Ep:  196 | Steps:  200 | Reward:    -0.21
Total T:   39400 | Ep:  197 | Steps:  200 | Reward:  -119.09
Total T:   39600 | Ep:  198 | Steps:  200 | Reward:  -221.63
Total T:   39800 | Ep:  199 | Steps:  200 | Reward:  -223.68
Total T:   40000 | Ep:  200 | Steps:  200 | Reward:  -226.96
---------------------------------------
Evaluation over 10 episodes: -119.151
---------------------------------------
Total T:   40200 | Ep:  201 | Steps:  200 | Reward:    -1.19
Total T:   40400 | Ep:  202 | Steps:  200 | Reward:  -223.04
Total T:   40600 | Ep:  203 | Steps:  200 | Reward:  -117.15
Total T:   40800 | Ep:  204 | Steps:  200 | Reward:  -118.48
Total T:   41000 | Ep:  205 | Steps:  200 | Reward:  -227.84
Total T:   41200 | Ep:  206 | Steps:  200 | Reward:  -113.98
Total T:   41400 | Ep:  207 | Steps:  200 | Reward:  -121.35
Total T:   41600 | Ep:  208 | Steps:  200 | Reward:  -124.53
Total T:   41800 | Ep:  209 | Steps:  200 | Reward:  -118.36
Total T:   42000 | Ep:  210 | Steps:  200 | Reward:  -118.15
Total T:   42200 | Ep:  211 | Steps:  200 | Reward:  -318.32
Total T:   42400 | Ep:  212 | Steps:  200 | Reward:    -0.28
Total T:   42600 | Ep:  213 | Steps:  200 | Reward:    -0.37
Total T:   42800 | Ep:  214 | Steps:  200 | Reward:  -233.97
Total T:   43000 | Ep:  215 | Steps:  200 | Reward:  -315.55
Total T:   43200 | Ep:  216 | Steps:  200 | Reward:  -229.07
Total T:   43400 | Ep:  217 | Steps:  200 | Reward:    -0.47
Total T:   43600 | Ep:  218 | Steps:  200 | Reward:  -225.70
Total T:   43800 | Ep:  219 | Steps:  200 | Reward:  -227.38
Total T:   44000 | Ep:  220 | Steps:  200 | Reward:  -227.47
Total T:   44200 | Ep:  221 | Steps:  200 | Reward:  -120.90
Total T:   44400 | Ep:  222 | Steps:  200 | Reward:  -117.48
Total T:   44600 | Ep:  223 | Steps:  200 | Reward:  -313.62
Total T:   44800 | Ep:  224 | Steps:  200 | Reward:    -0.68
Total T:   45000 | Ep:  225 | Steps:  200 | Reward:  -122.26
---------------------------------------
Evaluation over 10 episodes: -129.443
---------------------------------------
Total T:   45200 | Ep:  226 | Steps:  200 | Reward:  -230.38
Total T:   45400 | Ep:  227 | Steps:  200 | Reward:  -230.28
Total T:   45600 | Ep:  228 | Steps:  200 | Reward:  -119.70
Total T:   45800 | Ep:  229 | Steps:  200 | Reward:  -118.39
Total T:   46000 | Ep:  230 | Steps:  200 | Reward:  -234.81
Total T:   46200 | Ep:  231 | Steps:  200 | Reward:  -125.19
Total T:   46400 | Ep:  232 | Steps:  200 | Reward:  -265.06
Total T:   46600 | Ep:  233 | Steps:  200 | Reward:  -117.25
Total T:   46800 | Ep:  234 | Steps:  200 | Reward:  -119.07
Total T:   47000 | Ep:  235 | Steps:  200 | Reward:  -116.28
Total T:   47200 | Ep:  236 | Steps:  200 | Reward:  -118.87
Total T:   47400 | Ep:  237 | Steps:  200 | Reward:  -118.01
Total T:   47600 | Ep:  238 | Steps:  200 | Reward:  -119.35
Total T:   47800 | Ep:  239 | Steps:  200 | Reward:  -236.40
Total T:   48000 | Ep:  240 | Steps:  200 | Reward:  -334.30
Total T:   48200 | Ep:  241 | Steps:  200 | Reward:  -321.97
Total T:   48400 | Ep:  242 | Steps:  200 | Reward:  -231.96
Total T:   48600 | Ep:  243 | Steps:  200 | Reward:  -119.64
Total T:   48800 | Ep:  244 | Steps:  200 | Reward:  -226.33
Total T:   49000 | Ep:  245 | Steps:  200 | Reward:  -235.05
Total T:   49200 | Ep:  246 | Steps:  200 | Reward:  -239.42
Total T:   49400 | Ep:  247 | Steps:  200 | Reward:  -245.06
Total T:   49600 | Ep:  248 | Steps:  200 | Reward:  -117.12
Total T:   49800 | Ep:  249 | Steps:  200 | Reward:    -0.97
Total T:   50000 | Ep:  250 | Steps:  200 | Reward:    -0.97
---------------------------------------
Evaluation over 10 episodes: -116.622
---------------------------------------
Total T:   50200 | Ep:  251 | Steps:  200 | Reward:    -0.92
Total T:   50400 | Ep:  252 | Steps:  200 | Reward:  -269.64
Total T:   50600 | Ep:  253 | Steps:  200 | Reward:  -121.37
Total T:   50800 | Ep:  254 | Steps:  200 | Reward:    -0.89
Total T:   51000 | Ep:  255 | Steps:  200 | Reward:  -226.77
Total T:   51200 | Ep:  256 | Steps:  200 | Reward:  -119.34
Total T:   51400 | Ep:  257 | Steps:  200 | Reward:  -126.41
Total T:   51600 | Ep:  258 | Steps:  200 | Reward:  -120.51
Total T:   51800 | Ep:  259 | Steps:  200 | Reward:  -246.58
Total T:   52000 | Ep:  260 | Steps:  200 | Reward:  -118.50
Total T:   52200 | Ep:  261 | Steps:  200 | Reward:  -120.84
Total T:   52400 | Ep:  262 | Steps:  200 | Reward:    -1.29
Total T:   52600 | Ep:  263 | Steps:  200 | Reward:  -116.96
Total T:   52800 | Ep:  264 | Steps:  200 | Reward:  -118.89
Total T:   53000 | Ep:  265 | Steps:  200 | Reward:  -125.09
Total T:   53200 | Ep:  266 | Steps:  200 | Reward:  -230.69
Total T:   53400 | Ep:  267 | Steps:  200 | Reward:  -122.81
Total T:   53600 | Ep:  268 | Steps:  200 | Reward:  -118.38
Total T:   53800 | Ep:  269 | Steps:  200 | Reward:    -0.73
Total T:   54000 | Ep:  270 | Steps:  200 | Reward:  -124.37
Total T:   54200 | Ep:  271 | Steps:  200 | Reward:  -346.81
Total T:   54400 | Ep:  272 | Steps:  200 | Reward:  -121.68
Total T:   54600 | Ep:  273 | Steps:  200 | Reward:  -117.90
Total T:   54800 | Ep:  274 | Steps:  200 | Reward:  -122.09
Total T:   55000 | Ep:  275 | Steps:  200 | Reward:  -125.51
---------------------------------------
Evaluation over 10 episodes: -164.696
---------------------------------------
Total T:   55200 | Ep:  276 | Steps:  200 | Reward:  -125.89
Total T:   55400 | Ep:  277 | Steps:  200 | Reward:  -117.55
Total T:   55600 | Ep:  278 | Steps:  200 | Reward:    -6.32
Total T:   55800 | Ep:  279 | Steps:  200 | Reward:  -363.23
Total T:   56000 | Ep:  280 | Steps:  200 | Reward:  -232.78
Total T:   56200 | Ep:  281 | Steps:  200 | Reward:  -119.55
Total T:   56400 | Ep:  282 | Steps:  200 | Reward:  -119.57
Total T:   56600 | Ep:  283 | Steps:  200 | Reward:    -3.59
Total T:   56800 | Ep:  284 | Steps:  200 | Reward:  -236.00
Total T:   57000 | Ep:  285 | Steps:  200 | Reward:  -117.99
Total T:   57200 | Ep:  286 | Steps:  200 | Reward:  -119.68
Total T:   57400 | Ep:  287 | Steps:  200 | Reward:  -338.54
Total T:   57600 | Ep:  288 | Steps:  200 | Reward:    -0.90
Total T:   57800 | Ep:  289 | Steps:  200 | Reward:  -121.27
Total T:   58000 | Ep:  290 | Steps:  200 | Reward:    -0.75
Total T:   58200 | Ep:  291 | Steps:  200 | Reward:  -231.05
Total T:   58400 | Ep:  292 | Steps:  200 | Reward:  -243.26
Total T:   58600 | Ep:  293 | Steps:  200 | Reward:  -238.52
Total T:   58800 | Ep:  294 | Steps:  200 | Reward:  -120.92
Total T:   59000 | Ep:  295 | Steps:  200 | Reward:  -232.39
Total T:   59200 | Ep:  296 | Steps:  200 | Reward:  -335.20
Total T:   59400 | Ep:  297 | Steps:  200 | Reward:  -115.84
Total T:   59600 | Ep:  298 | Steps:  200 | Reward:  -120.95
Total T:   59800 | Ep:  299 | Steps:  200 | Reward:  -235.65
Total T:   60000 | Ep:  300 | Steps:  200 | Reward:    -3.12
---------------------------------------
Evaluation over 10 episodes: -164.122
---------------------------------------
Total T:   60200 | Ep:  301 | Steps:  200 | Reward:  -231.94
Total T:   60400 | Ep:  302 | Steps:  200 | Reward:  -123.56
Total T:   60600 | Ep:  303 | Steps:  200 | Reward:  -238.52
Total T:   60800 | Ep:  304 | Steps:  200 | Reward:  -331.54
Total T:   61000 | Ep:  305 | Steps:  200 | Reward:  -236.57
Total T:   61200 | Ep:  306 | Steps:  200 | Reward:  -121.59
Total T:   61400 | Ep:  307 | Steps:  200 | Reward:  -226.66
Total T:   61600 | Ep:  308 | Steps:  200 | Reward:    -2.78
Total T:   61800 | Ep:  309 | Steps:  200 | Reward:    -1.76
Total T:   62000 | Ep:  310 | Steps:  200 | Reward:  -120.94
Total T:   62200 | Ep:  311 | Steps:  200 | Reward:  -122.68
Total T:   62400 | Ep:  312 | Steps:  200 | Reward:  -128.37
Total T:   62600 | Ep:  313 | Steps:  200 | Reward:  -116.02
Total T:   62800 | Ep:  314 | Steps:  200 | Reward:    -3.68
Total T:   63000 | Ep:  315 | Steps:  200 | Reward:  -118.42
Total T:   63200 | Ep:  316 | Steps:  200 | Reward:  -244.95
Total T:   63400 | Ep:  317 | Steps:  200 | Reward:  -235.62
Total T:   63600 | Ep:  318 | Steps:  200 | Reward:  -123.84
Total T:   63800 | Ep:  319 | Steps:  200 | Reward:  -126.99
Total T:   64000 | Ep:  320 | Steps:  200 | Reward:  -121.11
Total T:   64200 | Ep:  321 | Steps:  200 | Reward:  -121.11
Total T:   64400 | Ep:  322 | Steps:  200 | Reward:  -126.89
Total T:   64600 | Ep:  323 | Steps:  200 | Reward:  -116.23
Total T:   64800 | Ep:  324 | Steps:  200 | Reward:  -119.49
Total T:   65000 | Ep:  325 | Steps:  200 | Reward:  -224.54
---------------------------------------
Evaluation over 10 episodes: -189.431
---------------------------------------
Total T:   65200 | Ep:  326 | Steps:  200 | Reward:  -119.37
Total T:   65400 | Ep:  327 | Steps:  200 | Reward:  -234.84
Total T:   65600 | Ep:  328 | Steps:  200 | Reward:  -117.09
Total T:   65800 | Ep:  329 | Steps:  200 | Reward:  -117.75
Total T:   66000 | Ep:  330 | Steps:  200 | Reward:  -239.03
Total T:   66200 | Ep:  331 | Steps:  200 | Reward:  -130.37
Total T:   66400 | Ep:  332 | Steps:  200 | Reward:  -130.63
Total T:   66600 | Ep:  333 | Steps:  200 | Reward:  -119.05
Total T:   66800 | Ep:  334 | Steps:  200 | Reward:  -324.89
Total T:   67000 | Ep:  335 | Steps:  200 | Reward:  -129.68
Total T:   67200 | Ep:  336 | Steps:  200 | Reward:  -290.80
Total T:   67400 | Ep:  337 | Steps:  200 | Reward:  -122.06
Total T:   67600 | Ep:  338 | Steps:  200 | Reward:  -126.64
Total T:   67800 | Ep:  339 | Steps:  200 | Reward:  -231.12
Total T:   68000 | Ep:  340 | Steps:  200 | Reward:    -6.97
Total T:   68200 | Ep:  341 | Steps:  200 | Reward:  -367.97
Total T:   68400 | Ep:  342 | Steps:  200 | Reward:  -237.37
Total T:   68600 | Ep:  343 | Steps:  200 | Reward:  -130.85
Total T:   68800 | Ep:  344 | Steps:  200 | Reward:  -128.61
Total T:   69000 | Ep:  345 | Steps:  200 | Reward:  -123.60
Total T:   69200 | Ep:  346 | Steps:  200 | Reward:  -239.59
Total T:   69400 | Ep:  347 | Steps:  200 | Reward:  -243.75
Total T:   69600 | Ep:  348 | Steps:  200 | Reward:  -228.25
Total T:   69800 | Ep:  349 | Steps:  200 | Reward:  -258.02
Total T:   70000 | Ep:  350 | Steps:  200 | Reward:    -4.33
---------------------------------------
Evaluation over 10 episodes: -158.187
---------------------------------------
Total T:   70200 | Ep:  351 | Steps:  200 | Reward:  -294.63
Total T:   70400 | Ep:  352 | Steps:  200 | Reward:  -120.96
Total T:   70600 | Ep:  353 | Steps:  200 | Reward:  -124.51
Total T:   70800 | Ep:  354 | Steps:  200 | Reward:  -129.03
Total T:   71000 | Ep:  355 | Steps:  200 | Reward:  -226.87
Total T:   71200 | Ep:  356 | Steps:  200 | Reward:  -120.13
Total T:   71400 | Ep:  357 | Steps:  200 | Reward:  -121.16
Total T:   71600 | Ep:  358 | Steps:  200 | Reward:  -127.11
Total T:   71800 | Ep:  359 | Steps:  200 | Reward:  -132.20
Total T:   72000 | Ep:  360 | Steps:  200 | Reward:  -131.60
Total T:   72200 | Ep:  361 | Steps:  200 | Reward:  -119.33
Total T:   72400 | Ep:  362 | Steps:  200 | Reward:  -131.48
Total T:   72600 | Ep:  363 | Steps:  200 | Reward:  -130.91
Total T:   72800 | Ep:  364 | Steps:  200 | Reward:  -240.33
Total T:   73000 | Ep:  365 | Steps:  200 | Reward:    -5.87
Total T:   73200 | Ep:  366 | Steps:  200 | Reward:  -232.38
Total T:   73400 | Ep:  367 | Steps:  200 | Reward:  -128.65
Total T:   73600 | Ep:  368 | Steps:  200 | Reward:    -6.55
Total T:   73800 | Ep:  369 | Steps:  200 | Reward:  -130.58
Total T:   74000 | Ep:  370 | Steps:  200 | Reward:  -127.84
Total T:   74200 | Ep:  371 | Steps:  200 | Reward:    -6.78
Total T:   74400 | Ep:  372 | Steps:  200 | Reward:  -127.45
Total T:   74600 | Ep:  373 | Steps:  200 | Reward:  -129.81
Total T:   74800 | Ep:  374 | Steps:  200 | Reward:  -232.47
Total T:   75000 | Ep:  375 | Steps:  200 | Reward:  -307.47
---------------------------------------
Evaluation over 10 episodes: -136.214
---------------------------------------
Total T:   75200 | Ep:  376 | Steps:  200 | Reward:  -134.37
Total T:   75400 | Ep:  377 | Steps:  200 | Reward:  -132.90
Total T:   75600 | Ep:  378 | Steps:  200 | Reward:  -259.01
Total T:   75800 | Ep:  379 | Steps:  200 | Reward:  -131.30
Total T:   76000 | Ep:  380 | Steps:  200 | Reward:  -119.87
Total T:   76200 | Ep:  381 | Steps:  200 | Reward:  -232.29
Total T:   76400 | Ep:  382 | Steps:  200 | Reward:  -244.12
Total T:   76600 | Ep:  383 | Steps:  200 | Reward:  -249.69
Total T:   76800 | Ep:  384 | Steps:  200 | Reward:  -133.71
Total T:   77000 | Ep:  385 | Steps:  200 | Reward:  -230.89
Total T:   77200 | Ep:  386 | Steps:  200 | Reward:  -334.73
Total T:   77400 | Ep:  387 | Steps:  200 | Reward:  -128.96
Total T:   77600 | Ep:  388 | Steps:  200 | Reward:    -7.59
Total T:   77800 | Ep:  389 | Steps:  200 | Reward:  -120.13
Total T:   78000 | Ep:  390 | Steps:  200 | Reward:  -133.96
Total T:   78200 | Ep:  391 | Steps:  200 | Reward:  -230.32
Total T:   78400 | Ep:  392 | Steps:  200 | Reward:  -122.53
Total T:   78600 | Ep:  393 | Steps:  200 | Reward:  -237.48
Total T:   78800 | Ep:  394 | Steps:  200 | Reward:  -131.35
Total T:   79000 | Ep:  395 | Steps:  200 | Reward:  -125.21
Total T:   79200 | Ep:  396 | Steps:  200 | Reward:  -229.43
Total T:   79400 | Ep:  397 | Steps:  200 | Reward:  -129.00
Total T:   79600 | Ep:  398 | Steps:  200 | Reward:  -120.44
Total T:   79800 | Ep:  399 | Steps:  200 | Reward:  -126.23
Total T:   80000 | Ep:  400 | Steps:  200 | Reward:  -131.25
---------------------------------------
Evaluation over 10 episodes: -189.441
---------------------------------------
Total T:   80200 | Ep:  401 | Steps:  200 | Reward:  -126.14
Total T:   80400 | Ep:  402 | Steps:  200 | Reward:  -232.77
Total T:   80600 | Ep:  403 | Steps:  200 | Reward:    -7.54
Total T:   80800 | Ep:  404 | Steps:  200 | Reward:  -125.27
Total T:   81000 | Ep:  405 | Steps:  200 | Reward:  -230.90
Total T:   81200 | Ep:  406 | Steps:  200 | Reward:  -327.14
Total T:   81400 | Ep:  407 | Steps:  200 | Reward:    -8.58
Total T:   81600 | Ep:  408 | Steps:  200 | Reward:    -7.83
Total T:   81800 | Ep:  409 | Steps:  200 | Reward:  -132.67
Total T:   82000 | Ep:  410 | Steps:  200 | Reward:  -126.33
Total T:   82200 | Ep:  411 | Steps:  200 | Reward:  -232.96
Total T:   82400 | Ep:  412 | Steps:  200 | Reward:  -229.33
Total T:   82600 | Ep:  413 | Steps:  200 | Reward:  -125.50
Total T:   82800 | Ep:  414 | Steps:  200 | Reward:  -228.40
Total T:   83000 | Ep:  415 | Steps:  200 | Reward:  -229.06
Total T:   83200 | Ep:  416 | Steps:  200 | Reward:    -8.58
Total T:   83400 | Ep:  417 | Steps:  200 | Reward:  -251.88
Total T:   83600 | Ep:  418 | Steps:  200 | Reward:  -132.01
Total T:   83800 | Ep:  419 | Steps:  200 | Reward:  -357.13
Total T:   84000 | Ep:  420 | Steps:  200 | Reward:  -235.36
Total T:   84200 | Ep:  421 | Steps:  200 | Reward:  -252.24
Total T:   84400 | Ep:  422 | Steps:  200 | Reward:  -122.96
Total T:   84600 | Ep:  423 | Steps:  200 | Reward:  -134.80
Total T:   84800 | Ep:  424 | Steps:  200 | Reward:  -128.24
Total T:   85000 | Ep:  425 | Steps:  200 | Reward:  -235.87
---------------------------------------
Evaluation over 10 episodes: -142.490
---------------------------------------
Total T:   85200 | Ep:  426 | Steps:  200 | Reward:  -333.90
Total T:   85400 | Ep:  427 | Steps:  200 | Reward:  -318.22
Total T:   85600 | Ep:  428 | Steps:  200 | Reward:  -242.48
Total T:   85800 | Ep:  429 | Steps:  200 | Reward:  -227.14
Total T:   86000 | Ep:  430 | Steps:  200 | Reward:  -233.69
Total T:   86200 | Ep:  431 | Steps:  200 | Reward:  -124.24
Total T:   86400 | Ep:  432 | Steps:  200 | Reward:  -124.44
Total T:   86600 | Ep:  433 | Steps:  200 | Reward:  -121.32
Total T:   86800 | Ep:  434 | Steps:  200 | Reward:  -232.32
Total T:   87000 | Ep:  435 | Steps:  200 | Reward:  -229.86
Total T:   87200 | Ep:  436 | Steps:  200 | Reward:  -245.20
Total T:   87400 | Ep:  437 | Steps:  200 | Reward:  -227.32
Total T:   87600 | Ep:  438 | Steps:  200 | Reward:    -7.02
Total T:   87800 | Ep:  439 | Steps:  200 | Reward:  -329.29
Total T:   88000 | Ep:  440 | Steps:  200 | Reward:    -6.99
Total T:   88200 | Ep:  441 | Steps:  200 | Reward:  -124.01
Total T:   88400 | Ep:  442 | Steps:  200 | Reward:  -228.22
Total T:   88600 | Ep:  443 | Steps:  200 | Reward:  -122.26
Total T:   88800 | Ep:  444 | Steps:  200 | Reward:  -122.32
Total T:   89000 | Ep:  445 | Steps:  200 | Reward:  -248.14
Total T:   89200 | Ep:  446 | Steps:  200 | Reward:    -6.67
Total T:   89400 | Ep:  447 | Steps:  200 | Reward:  -253.63
Total T:   89600 | Ep:  448 | Steps:  200 | Reward:  -250.26
Total T:   89800 | Ep:  449 | Steps:  200 | Reward:  -124.75
Total T:   90000 | Ep:  450 | Steps:  200 | Reward:  -126.30
---------------------------------------
Evaluation over 10 episodes: -172.581
---------------------------------------
Total T:   90200 | Ep:  451 | Steps:  200 | Reward:  -246.00
Total T:   90400 | Ep:  452 | Steps:  200 | Reward:  -284.72
Total T:   90600 | Ep:  453 | Steps:  200 | Reward:  -237.82
Total T:   90800 | Ep:  454 | Steps:  200 | Reward:   -11.72
Total T:   91000 | Ep:  455 | Steps:  200 | Reward:  -233.31
Total T:   91200 | Ep:  456 | Steps:  200 | Reward:  -228.27
Total T:   91400 | Ep:  457 | Steps:  200 | Reward:  -131.78
Total T:   91600 | Ep:  458 | Steps:  200 | Reward:  -345.95
Total T:   91800 | Ep:  459 | Steps:  200 | Reward:    -8.05
Total T:   92000 | Ep:  460 | Steps:  200 | Reward:  -234.12
Total T:   92200 | Ep:  461 | Steps:  200 | Reward:  -131.54
Total T:   92400 | Ep:  462 | Steps:  200 | Reward:  -130.01
Total T:   92600 | Ep:  463 | Steps:  200 | Reward:  -136.55
Total T:   92800 | Ep:  464 | Steps:  200 | Reward:  -132.94
Total T:   93000 | Ep:  465 | Steps:  200 | Reward:  -120.85
Total T:   93200 | Ep:  466 | Steps:  200 | Reward:  -229.13
Total T:   93400 | Ep:  467 | Steps:  200 | Reward:  -124.08
Total T:   93600 | Ep:  468 | Steps:  200 | Reward:  -126.40
Total T:   93800 | Ep:  469 | Steps:  200 | Reward:  -129.96
Total T:   94000 | Ep:  470 | Steps:  200 | Reward:  -259.35
Total T:   94200 | Ep:  471 | Steps:  200 | Reward:  -325.82
Total T:   94400 | Ep:  472 | Steps:  200 | Reward:  -233.31
Total T:   94600 | Ep:  473 | Steps:  200 | Reward:  -133.29
Total T:   94800 | Ep:  474 | Steps:  200 | Reward:  -133.13
Total T:   95000 | Ep:  475 | Steps:  200 | Reward:  -233.97
---------------------------------------
Evaluation over 10 episodes: -140.465
---------------------------------------
Total T:   95200 | Ep:  476 | Steps:  200 | Reward:  -123.64
Total T:   95400 | Ep:  477 | Steps:  200 | Reward:  -126.44
Total T:   95600 | Ep:  478 | Steps:  200 | Reward:    -7.66
Total T:   95800 | Ep:  479 | Steps:  200 | Reward:  -130.89
Total T:   96000 | Ep:  480 | Steps:  200 | Reward:  -132.75
Total T:   96200 | Ep:  481 | Steps:  200 | Reward:  -242.07
Total T:   96400 | Ep:  482 | Steps:  200 | Reward:  -131.08
Total T:   96600 | Ep:  483 | Steps:  200 | Reward:  -122.75
Total T:   96800 | Ep:  484 | Steps:  200 | Reward:  -132.37
Total T:   97000 | Ep:  485 | Steps:  200 | Reward:  -232.24
Total T:   97200 | Ep:  486 | Steps:  200 | Reward:  -248.37
Total T:   97400 | Ep:  487 | Steps:  200 | Reward:  -236.34
Total T:   97600 | Ep:  488 | Steps:  200 | Reward:  -237.57
Total T:   97800 | Ep:  489 | Steps:  200 | Reward:  -125.34
Total T:   98000 | Ep:  490 | Steps:  200 | Reward:  -124.01
Total T:   98200 | Ep:  491 | Steps:  200 | Reward:  -133.51
Total T:   98400 | Ep:  492 | Steps:  200 | Reward:  -120.77
Total T:   98600 | Ep:  493 | Steps:  200 | Reward:  -123.82
Total T:   98800 | Ep:  494 | Steps:  200 | Reward:    -8.96
Total T:   99000 | Ep:  495 | Steps:  200 | Reward:  -243.79
Total T:   99200 | Ep:  496 | Steps:  200 | Reward:  -126.45
Total T:   99400 | Ep:  497 | Steps:  200 | Reward:  -364.58
Total T:   99600 | Ep:  498 | Steps:  200 | Reward:    -8.85
Total T:   99800 | Ep:  499 | Steps:  200 | Reward:    -8.24
Total T:  100000 | Ep:  500 | Steps:  200 | Reward:  -128.94
---------------------------------------
Evaluation over 10 episodes: -168.954
---------------------------------------
Total T:  100200 | Ep:  501 | Steps:  200 | Reward:  -125.65
Total T:  100400 | Ep:  502 | Steps:  200 | Reward:  -132.17
Total T:  100600 | Ep:  503 | Steps:  200 | Reward:  -125.15
Total T:  100800 | Ep:  504 | Steps:  200 | Reward:  -125.09
Total T:  101000 | Ep:  505 | Steps:  200 | Reward:    -8.37
Total T:  101200 | Ep:  506 | Steps:  200 | Reward:  -124.88
Total T:  101400 | Ep:  507 | Steps:  200 | Reward:  -125.90
Total T:  101600 | Ep:  508 | Steps:  200 | Reward:  -245.47
Total T:  101800 | Ep:  509 | Steps:  200 | Reward:  -248.73
Total T:  102000 | Ep:  510 | Steps:  200 | Reward:  -131.49
Total T:  102200 | Ep:  511 | Steps:  200 | Reward:  -247.11
Total T:  102400 | Ep:  512 | Steps:  200 | Reward:  -125.02
Total T:  102600 | Ep:  513 | Steps:  200 | Reward:  -231.09
Total T:  102800 | Ep:  514 | Steps:  200 | Reward:  -131.20
Total T:  103000 | Ep:  515 | Steps:  200 | Reward:  -336.48
Total T:  103200 | Ep:  516 | Steps:  200 | Reward:  -233.49
Total T:  103400 | Ep:  517 | Steps:  200 | Reward:  -241.35
Total T:  103600 | Ep:  518 | Steps:  200 | Reward:  -124.48
Total T:  103800 | Ep:  519 | Steps:  200 | Reward:  -253.84
Total T:  104000 | Ep:  520 | Steps:  200 | Reward:  -235.24
Total T:  104200 | Ep:  521 | Steps:  200 | Reward:  -122.20
Total T:  104400 | Ep:  522 | Steps:  200 | Reward:  -239.00
Total T:  104600 | Ep:  523 | Steps:  200 | Reward:   -10.86
Total T:  104800 | Ep:  524 | Steps:  200 | Reward:  -357.56
Total T:  105000 | Ep:  525 | Steps:  200 | Reward:  -126.68
---------------------------------------
Evaluation over 10 episodes: -148.963
---------------------------------------
Total T:  105200 | Ep:  526 | Steps:  200 | Reward:  -131.98
Total T:  105400 | Ep:  527 | Steps:  200 | Reward:  -118.99
Total T:  105600 | Ep:  528 | Steps:  200 | Reward:  -242.11
Total T:  105800 | Ep:  529 | Steps:  200 | Reward:  -234.14
Total T:  106000 | Ep:  530 | Steps:  200 | Reward:  -132.53
Total T:  106200 | Ep:  531 | Steps:  200 | Reward:  -129.28
Total T:  106400 | Ep:  532 | Steps:  200 | Reward:  -309.67
Total T:  106600 | Ep:  533 | Steps:  200 | Reward:  -125.53
Total T:  106800 | Ep:  534 | Steps:  200 | Reward:  -229.77
Total T:  107000 | Ep:  535 | Steps:  200 | Reward:  -134.80
Total T:  107200 | Ep:  536 | Steps:  200 | Reward:  -230.80
Total T:  107400 | Ep:  537 | Steps:  200 | Reward:  -131.74
Total T:  107600 | Ep:  538 | Steps:  200 | Reward:  -124.66
Total T:  107800 | Ep:  539 | Steps:  200 | Reward:  -127.55
Total T:  108000 | Ep:  540 | Steps:  200 | Reward:  -230.13
Total T:  108200 | Ep:  541 | Steps:  200 | Reward:  -232.92
Total T:  108400 | Ep:  542 | Steps:  200 | Reward:  -132.37
Total T:  108600 | Ep:  543 | Steps:  200 | Reward:  -127.58
Total T:  108800 | Ep:  544 | Steps:  200 | Reward:  -238.30
Total T:  109000 | Ep:  545 | Steps:  200 | Reward:  -125.80
Total T:  109200 | Ep:  546 | Steps:  200 | Reward:  -132.06
Total T:  109400 | Ep:  547 | Steps:  200 | Reward:  -134.83
Total T:  109600 | Ep:  548 | Steps:  200 | Reward:    -9.90
Total T:  109800 | Ep:  549 | Steps:  200 | Reward:  -132.31
Total T:  110000 | Ep:  550 | Steps:  200 | Reward:    -9.34
---------------------------------------
Evaluation over 10 episodes: -138.575
---------------------------------------
Total T:  110200 | Ep:  551 | Steps:  200 | Reward:  -123.09
Total T:  110400 | Ep:  552 | Steps:  200 | Reward:  -122.03
Total T:  110600 | Ep:  553 | Steps:  200 | Reward:  -298.80
Total T:  110800 | Ep:  554 | Steps:  200 | Reward:  -135.83
Total T:  111000 | Ep:  555 | Steps:  200 | Reward:  -125.51
Total T:  111200 | Ep:  556 | Steps:  200 | Reward:    -8.14
Total T:  111400 | Ep:  557 | Steps:  200 | Reward:  -324.72
Total T:  111600 | Ep:  558 | Steps:  200 | Reward:  -134.62
Total T:  111800 | Ep:  559 | Steps:  200 | Reward:  -250.16
Total T:  112000 | Ep:  560 | Steps:  200 | Reward:  -229.69
Total T:  112200 | Ep:  561 | Steps:  200 | Reward:    -9.21
Total T:  112400 | Ep:  562 | Steps:  200 | Reward:  -226.74
Total T:  112600 | Ep:  563 | Steps:  200 | Reward:    -9.33
Total T:  112800 | Ep:  564 | Steps:  200 | Reward:  -246.50
Total T:  113000 | Ep:  565 | Steps:  200 | Reward:    -9.54
Total T:  113200 | Ep:  566 | Steps:  200 | Reward:  -122.97
Total T:  113400 | Ep:  567 | Steps:  200 | Reward:  -130.37
Total T:  113600 | Ep:  568 | Steps:  200 | Reward:  -124.75
Total T:  113800 | Ep:  569 | Steps:  200 | Reward:  -234.75
Total T:  114000 | Ep:  570 | Steps:  200 | Reward:  -125.23
Total T:  114200 | Ep:  571 | Steps:  200 | Reward:  -248.76
Total T:  114400 | Ep:  572 | Steps:  200 | Reward:  -230.28
Total T:  114600 | Ep:  573 | Steps:  200 | Reward:  -124.34
Total T:  114800 | Ep:  574 | Steps:  200 | Reward:  -255.03
Total T:  115000 | Ep:  575 | Steps:  200 | Reward:    -9.62
---------------------------------------
Evaluation over 10 episodes: -116.587
---------------------------------------
Total T:  115200 | Ep:  576 | Steps:  200 | Reward:  -229.36
Total T:  115400 | Ep:  577 | Steps:  200 | Reward:  -132.47
Total T:  115600 | Ep:  578 | Steps:  200 | Reward:  -256.52
Total T:  115800 | Ep:  579 | Steps:  200 | Reward:  -307.39
Total T:  116000 | Ep:  580 | Steps:  200 | Reward:  -239.58
Total T:  116200 | Ep:  581 | Steps:  200 | Reward:   -10.26
Total T:  116400 | Ep:  582 | Steps:  200 | Reward:  -133.77
Total T:  116600 | Ep:  583 | Steps:  200 | Reward:  -232.14
Total T:  116800 | Ep:  584 | Steps:  200 | Reward:  -135.79
Total T:  117000 | Ep:  585 | Steps:  200 | Reward:  -125.52
Total T:  117200 | Ep:  586 | Steps:  200 | Reward:  -356.20
Total T:  117400 | Ep:  587 | Steps:  200 | Reward:  -127.47
Total T:  117600 | Ep:  588 | Steps:  200 | Reward:  -258.40
Total T:  117800 | Ep:  589 | Steps:  200 | Reward:  -122.54
Total T:  118000 | Ep:  590 | Steps:  200 | Reward:  -131.42
Total T:  118200 | Ep:  591 | Steps:  200 | Reward:  -326.94
Total T:  118400 | Ep:  592 | Steps:  200 | Reward:  -334.24
Total T:  118600 | Ep:  593 | Steps:  200 | Reward:   -10.47
Total T:  118800 | Ep:  594 | Steps:  200 | Reward:   -10.90
Total T:  119000 | Ep:  595 | Steps:  200 | Reward:  -128.26
Total T:  119200 | Ep:  596 | Steps:  200 | Reward:  -131.79
Total T:  119400 | Ep:  597 | Steps:  200 | Reward:  -263.52
Total T:  119600 | Ep:  598 | Steps:  200 | Reward:  -129.06
Total T:  119800 | Ep:  599 | Steps:  200 | Reward:   -10.72
Total T:  120000 | Ep:  600 | Steps:  200 | Reward:  -127.80
---------------------------------------
Evaluation over 10 episodes: -169.371
---------------------------------------
Total T:  120200 | Ep:  601 | Steps:  200 | Reward:  -130.20
Total T:  120400 | Ep:  602 | Steps:  200 | Reward:  -122.80
Total T:  120600 | Ep:  603 | Steps:  200 | Reward:  -126.77
Total T:  120800 | Ep:  604 | Steps:  200 | Reward:  -125.34
Total T:  121000 | Ep:  605 | Steps:  200 | Reward:  -125.85
Total T:  121200 | Ep:  606 | Steps:  200 | Reward:  -127.05
Total T:  121400 | Ep:  607 | Steps:  200 | Reward:  -129.34
Total T:  121600 | Ep:  608 | Steps:  200 | Reward:  -132.18
Total T:  121800 | Ep:  609 | Steps:  200 | Reward:  -248.52
Total T:  122000 | Ep:  610 | Steps:  200 | Reward:  -126.83
Total T:  122200 | Ep:  611 | Steps:  200 | Reward:   -10.67
Total T:  122400 | Ep:  612 | Steps:  200 | Reward:  -309.58
Total T:  122600 | Ep:  613 | Steps:  200 | Reward:  -128.91
Total T:  122800 | Ep:  614 | Steps:  200 | Reward:  -228.81
Total T:  123000 | Ep:  615 | Steps:  200 | Reward:  -251.82
Total T:  123200 | Ep:  616 | Steps:  200 | Reward:  -134.92
Total T:  123400 | Ep:  617 | Steps:  200 | Reward:   -10.02
Total T:  123600 | Ep:  618 | Steps:  200 | Reward:  -134.36
Total T:  123800 | Ep:  619 | Steps:  200 | Reward:  -243.29
Total T:  124000 | Ep:  620 | Steps:  200 | Reward:  -124.34
Total T:  124200 | Ep:  621 | Steps:  200 | Reward:  -127.29
Total T:  124400 | Ep:  622 | Steps:  200 | Reward:  -236.31
Total T:  124600 | Ep:  623 | Steps:  200 | Reward:  -347.11
Total T:  124800 | Ep:  624 | Steps:  200 | Reward:  -129.76
Total T:  125000 | Ep:  625 | Steps:  200 | Reward:  -237.64
---------------------------------------
Evaluation over 10 episodes: -166.548
---------------------------------------
Total T:  125200 | Ep:  626 | Steps:  200 | Reward:  -135.26
Total T:  125400 | Ep:  627 | Steps:  200 | Reward:  -124.45
Total T:  125600 | Ep:  628 | Steps:  200 | Reward:  -126.59
Total T:  125800 | Ep:  629 | Steps:  200 | Reward:  -137.81
Total T:  126000 | Ep:  630 | Steps:  200 | Reward:  -230.54
Total T:  126200 | Ep:  631 | Steps:  200 | Reward:   -10.34
Total T:  126400 | Ep:  632 | Steps:  200 | Reward:  -134.10
Total T:  126600 | Ep:  633 | Steps:  200 | Reward:  -124.09
Total T:  126800 | Ep:  634 | Steps:  200 | Reward:  -233.12
Total T:  127000 | Ep:  635 | Steps:  200 | Reward:   -10.58
Total T:  127200 | Ep:  636 | Steps:  200 | Reward:  -128.21
Total T:  127400 | Ep:  637 | Steps:  200 | Reward:  -131.94
Total T:  127600 | Ep:  638 | Steps:  200 | Reward:  -125.31
Total T:  127800 | Ep:  639 | Steps:  200 | Reward:   -10.55
Total T:  128000 | Ep:  640 | Steps:  200 | Reward:  -132.47
Total T:  128200 | Ep:  641 | Steps:  200 | Reward:  -248.60
Total T:  128400 | Ep:  642 | Steps:  200 | Reward:  -234.44
Total T:  128600 | Ep:  643 | Steps:  200 | Reward:  -135.37
Total T:  128800 | Ep:  644 | Steps:  200 | Reward:  -131.20
Total T:  129000 | Ep:  645 | Steps:  200 | Reward:  -233.81
Total T:  129200 | Ep:  646 | Steps:  200 | Reward:   -13.07
Total T:  129400 | Ep:  647 | Steps:  200 | Reward:  -125.72
Total T:  129600 | Ep:  648 | Steps:  200 | Reward:  -238.79
Total T:  129800 | Ep:  649 | Steps:  200 | Reward:  -136.94
Total T:  130000 | Ep:  650 | Steps:  200 | Reward:  -241.55
---------------------------------------
Evaluation over 10 episodes: -166.396
---------------------------------------
Total T:  130200 | Ep:  651 | Steps:  200 | Reward:  -127.06
Total T:  130400 | Ep:  652 | Steps:  200 | Reward:  -232.83
Total T:  130600 | Ep:  653 | Steps:  200 | Reward:  -237.91
Total T:  130800 | Ep:  654 | Steps:  200 | Reward:  -137.47
Total T:  131000 | Ep:  655 | Steps:  200 | Reward:  -239.42
Total T:  131200 | Ep:  656 | Steps:  200 | Reward:   -10.77
Total T:  131400 | Ep:  657 | Steps:  200 | Reward:  -134.43
Total T:  131600 | Ep:  658 | Steps:  200 | Reward:  -239.40
Total T:  131800 | Ep:  659 | Steps:  200 | Reward:  -234.89
Total T:  132000 | Ep:  660 | Steps:  200 | Reward:   -11.05
Total T:  132200 | Ep:  661 | Steps:  200 | Reward:  -241.53
Total T:  132400 | Ep:  662 | Steps:  200 | Reward:   -10.27
Total T:  132600 | Ep:  663 | Steps:  200 | Reward:  -133.49
Total T:  132800 | Ep:  664 | Steps:  200 | Reward:  -126.93
Total T:  133000 | Ep:  665 | Steps:  200 | Reward:  -238.84
Total T:  133200 | Ep:  666 | Steps:  200 | Reward:  -134.40
Total T:  133400 | Ep:  667 | Steps:  200 | Reward:  -233.24
Total T:  133600 | Ep:  668 | Steps:  200 | Reward:   -10.81
Total T:  133800 | Ep:  669 | Steps:  200 | Reward:  -126.39
Total T:  134000 | Ep:  670 | Steps:  200 | Reward:  -126.86
Total T:  134200 | Ep:  671 | Steps:  200 | Reward:  -124.34
Total T:  134400 | Ep:  672 | Steps:  200 | Reward:  -234.40
Total T:  134600 | Ep:  673 | Steps:  200 | Reward:  -127.19
Total T:  134800 | Ep:  674 | Steps:  200 | Reward:  -134.36
Total T:  135000 | Ep:  675 | Steps:  200 | Reward:  -236.73
---------------------------------------
Evaluation over 10 episodes: -91.303
---------------------------------------
Total T:  135200 | Ep:  676 | Steps:  200 | Reward:  -134.40
Total T:  135400 | Ep:  677 | Steps:  200 | Reward:  -232.16
Total T:  135600 | Ep:  678 | Steps:  200 | Reward:  -126.88
Total T:  135800 | Ep:  679 | Steps:  200 | Reward:  -244.44
Total T:  136000 | Ep:  680 | Steps:  200 | Reward:  -137.56
Total T:  136200 | Ep:  681 | Steps:  200 | Reward:  -226.98
Total T:  136400 | Ep:  682 | Steps:  200 | Reward:  -134.44
Total T:  136600 | Ep:  683 | Steps:  200 | Reward:  -236.08
Total T:  136800 | Ep:  684 | Steps:  200 | Reward:  -136.43
Total T:  137000 | Ep:  685 | Steps:  200 | Reward:  -135.81
Total T:  137200 | Ep:  686 | Steps:  200 | Reward:  -132.57
Total T:  137400 | Ep:  687 | Steps:  200 | Reward:  -134.18
Total T:  137600 | Ep:  688 | Steps:  200 | Reward:  -245.63
Total T:  137800 | Ep:  689 | Steps:  200 | Reward:  -136.53
Total T:  138000 | Ep:  690 | Steps:  200 | Reward:  -238.34
Total T:  138200 | Ep:  691 | Steps:  200 | Reward:  -234.04
Total T:  138400 | Ep:  692 | Steps:  200 | Reward:  -126.53
Total T:  138600 | Ep:  693 | Steps:  200 | Reward:  -134.42
Total T:  138800 | Ep:  694 | Steps:  200 | Reward:  -128.90
Total T:  139000 | Ep:  695 | Steps:  200 | Reward:  -133.47
Total T:  139200 | Ep:  696 | Steps:  200 | Reward:  -133.38
Total T:  139400 | Ep:  697 | Steps:  200 | Reward:  -128.83
Total T:  139600 | Ep:  698 | Steps:  200 | Reward:  -136.81
Total T:  139800 | Ep:  699 | Steps:  200 | Reward:  -244.28
Total T:  140000 | Ep:  700 | Steps:  200 | Reward:  -231.29
---------------------------------------
Evaluation over 10 episodes: -179.118
---------------------------------------
Total T:  140200 | Ep:  701 | Steps:  200 | Reward:   -11.64
Total T:  140400 | Ep:  702 | Steps:  200 | Reward:   -10.16
Total T:  140600 | Ep:  703 | Steps:  200 | Reward:  -123.13
Total T:  140800 | Ep:  704 | Steps:  200 | Reward:  -233.08
Total T:  141000 | Ep:  705 | Steps:  200 | Reward:  -322.86
Total T:  141200 | Ep:  706 | Steps:  200 | Reward:  -122.58
Total T:  141400 | Ep:  707 | Steps:  200 | Reward:  -125.99
Total T:  141600 | Ep:  708 | Steps:  200 | Reward:  -123.91
Total T:  141800 | Ep:  709 | Steps:  200 | Reward:   -12.25
Total T:  142000 | Ep:  710 | Steps:  200 | Reward:  -263.37
Total T:  142200 | Ep:  711 | Steps:  200 | Reward:  -132.06
Total T:  142400 | Ep:  712 | Steps:  200 | Reward:  -120.33
Total T:  142600 | Ep:  713 | Steps:  200 | Reward:  -317.36
Total T:  142800 | Ep:  714 | Steps:  200 | Reward:  -316.53
Total T:  143000 | Ep:  715 | Steps:  200 | Reward:  -299.15
Total T:  143200 | Ep:  716 | Steps:  200 | Reward:  -127.06
Total T:  143400 | Ep:  717 | Steps:  200 | Reward:  -128.61
Total T:  143600 | Ep:  718 | Steps:  200 | Reward:  -246.51
Total T:  143800 | Ep:  719 | Steps:  200 | Reward:  -135.69
Total T:  144000 | Ep:  720 | Steps:  200 | Reward:  -129.37
Total T:  144200 | Ep:  721 | Steps:  200 | Reward:  -298.14
Total T:  144400 | Ep:  722 | Steps:  200 | Reward:  -126.30
Total T:  144600 | Ep:  723 | Steps:  200 | Reward:  -233.10
Total T:  144800 | Ep:  724 | Steps:  200 | Reward:  -127.32
Total T:  145000 | Ep:  725 | Steps:  200 | Reward:  -131.13
---------------------------------------
Evaluation over 10 episodes: -151.790
---------------------------------------
Total T:  145200 | Ep:  726 | Steps:  200 | Reward:  -366.90
Total T:  145400 | Ep:  727 | Steps:  200 | Reward:  -132.56
Total T:  145600 | Ep:  728 | Steps:  200 | Reward:  -127.13
Total T:  145800 | Ep:  729 | Steps:  200 | Reward:  -128.11
Total T:  146000 | Ep:  730 | Steps:  200 | Reward:  -226.28
Total T:  146200 | Ep:  731 | Steps:  200 | Reward:  -125.58
Total T:  146400 | Ep:  732 | Steps:  200 | Reward:  -231.32
Total T:  146600 | Ep:  733 | Steps:  200 | Reward:  -252.83
Total T:  146800 | Ep:  734 | Steps:  200 | Reward:  -134.67
Total T:  147000 | Ep:  735 | Steps:  200 | Reward:  -130.74
Total T:  147200 | Ep:  736 | Steps:  200 | Reward:  -242.21
Total T:  147400 | Ep:  737 | Steps:  200 | Reward:  -318.72
Total T:  147600 | Ep:  738 | Steps:  200 | Reward:  -130.89
Total T:  147800 | Ep:  739 | Steps:  200 | Reward:   -10.43
Total T:  148000 | Ep:  740 | Steps:  200 | Reward:  -125.05
Total T:  148200 | Ep:  741 | Steps:  200 | Reward:  -139.76
Total T:  148400 | Ep:  742 | Steps:  200 | Reward:  -367.36
Total T:  148600 | Ep:  743 | Steps:  200 | Reward:  -129.79
Total T:  148800 | Ep:  744 | Steps:  200 | Reward:  -274.86
Total T:  149000 | Ep:  745 | Steps:  200 | Reward:  -127.45
Total T:  149200 | Ep:  746 | Steps:  200 | Reward:  -124.85
Total T:  149400 | Ep:  747 | Steps:  200 | Reward:   -11.38
Total T:  149600 | Ep:  748 | Steps:  200 | Reward:  -127.15
Total T:  149800 | Ep:  749 | Steps:  200 | Reward:  -126.18
Total T:  150000 | Ep:  750 | Steps:  200 | Reward:  -384.20
---------------------------------------
Evaluation over 10 episodes: -170.592
---------------------------------------
Total T:  150200 | Ep:  751 | Steps:  200 | Reward:  -127.74
Total T:  150400 | Ep:  752 | Steps:  200 | Reward:  -135.94
Total T:  150600 | Ep:  753 | Steps:  200 | Reward:    -8.48
Total T:  150800 | Ep:  754 | Steps:  200 | Reward:  -121.25
Total T:  151000 | Ep:  755 | Steps:  200 | Reward:  -131.75
Total T:  151200 | Ep:  756 | Steps:  200 | Reward:  -122.97
Total T:  151400 | Ep:  757 | Steps:  200 | Reward:  -238.30
Total T:  151600 | Ep:  758 | Steps:  200 | Reward:  -129.22
Total T:  151800 | Ep:  759 | Steps:  200 | Reward:   -12.65
Total T:  152000 | Ep:  760 | Steps:  200 | Reward:  -227.64
Total T:  152200 | Ep:  761 | Steps:  200 | Reward:    -6.06
Total T:  152400 | Ep:  762 | Steps:  200 | Reward:  -130.75
Total T:  152600 | Ep:  763 | Steps:  200 | Reward:  -136.10
Total T:  152800 | Ep:  764 | Steps:  200 | Reward:  -126.75
Total T:  153000 | Ep:  765 | Steps:  200 | Reward:  -236.91
Total T:  153200 | Ep:  766 | Steps:  200 | Reward:  -126.02
Total T:  153400 | Ep:  767 | Steps:  200 | Reward:   -12.09
Total T:  153600 | Ep:  768 | Steps:  200 | Reward:  -126.25
Total T:  153800 | Ep:  769 | Steps:  200 | Reward:  -131.71
Total T:  154000 | Ep:  770 | Steps:  200 | Reward:    -5.61
Total T:  154200 | Ep:  771 | Steps:  200 | Reward:   -10.47
Total T:  154400 | Ep:  772 | Steps:  200 | Reward:  -226.56
Total T:  154600 | Ep:  773 | Steps:  200 | Reward:  -231.28
Total T:  154800 | Ep:  774 | Steps:  200 | Reward:  -128.22
Total T:  155000 | Ep:  775 | Steps:  200 | Reward:  -127.10
---------------------------------------
Evaluation over 10 episodes: -149.326
---------------------------------------
Total T:  155200 | Ep:  776 | Steps:  200 | Reward:  -279.51
Total T:  155400 | Ep:  777 | Steps:  200 | Reward:    -8.36
Total T:  155600 | Ep:  778 | Steps:  200 | Reward:  -122.86
Total T:  155800 | Ep:  779 | Steps:  200 | Reward:  -227.06
Total T:  156000 | Ep:  780 | Steps:  200 | Reward:  -131.34
Total T:  156200 | Ep:  781 | Steps:  200 | Reward:  -308.30
Total T:  156400 | Ep:  782 | Steps:  200 | Reward:  -239.68
Total T:  156600 | Ep:  783 | Steps:  200 | Reward:  -134.56
Total T:  156800 | Ep:  784 | Steps:  200 | Reward:  -128.68
Total T:  157000 | Ep:  785 | Steps:  200 | Reward:  -135.41
Total T:  157200 | Ep:  786 | Steps:  200 | Reward:  -275.82
Total T:  157400 | Ep:  787 | Steps:  200 | Reward:  -125.44
Total T:  157600 | Ep:  788 | Steps:  200 | Reward:  -239.44
Total T:  157800 | Ep:  789 | Steps:  200 | Reward:  -244.93
Total T:  158000 | Ep:  790 | Steps:  200 | Reward:  -137.40
Total T:  158200 | Ep:  791 | Steps:  200 | Reward:  -233.39
Total T:  158400 | Ep:  792 | Steps:  200 | Reward:  -124.42
Total T:  158600 | Ep:  793 | Steps:  200 | Reward:  -136.45
Total T:  158800 | Ep:  794 | Steps:  200 | Reward:  -135.69
Total T:  159000 | Ep:  795 | Steps:  200 | Reward:  -261.67
Total T:  159200 | Ep:  796 | Steps:  200 | Reward:  -133.70
Total T:  159400 | Ep:  797 | Steps:  200 | Reward:   -13.59
Total T:  159600 | Ep:  798 | Steps:  200 | Reward:  -126.87
Total T:  159800 | Ep:  799 | Steps:  200 | Reward:  -129.53
Total T:  160000 | Ep:  800 | Steps:  200 | Reward:  -221.86
---------------------------------------
Evaluation over 10 episodes: -132.796
---------------------------------------
Total T:  160200 | Ep:  801 | Steps:  200 | Reward:  -246.82
Total T:  160400 | Ep:  802 | Steps:  200 | Reward:  -129.86
Total T:  160600 | Ep:  803 | Steps:  200 | Reward:  -128.54
Total T:  160800 | Ep:  804 | Steps:  200 | Reward:  -119.85
Total T:  161000 | Ep:  805 | Steps:  200 | Reward:  -285.54
Total T:  161200 | Ep:  806 | Steps:  200 | Reward:  -132.18
Total T:  161400 | Ep:  807 | Steps:  200 | Reward:  -133.95
Total T:  161600 | Ep:  808 | Steps:  200 | Reward:  -231.15
Total T:  161800 | Ep:  809 | Steps:  200 | Reward:    -8.91
Total T:  162000 | Ep:  810 | Steps:  200 | Reward:    -9.96
Total T:  162200 | Ep:  811 | Steps:  200 | Reward:  -132.06
Total T:  162400 | Ep:  812 | Steps:  200 | Reward:  -233.09
Total T:  162600 | Ep:  813 | Steps:  200 | Reward:  -122.48
Total T:  162800 | Ep:  814 | Steps:  200 | Reward:  -233.16
Total T:  163000 | Ep:  815 | Steps:  200 | Reward:    -4.56
Total T:  163200 | Ep:  816 | Steps:  200 | Reward:  -118.60
Total T:  163400 | Ep:  817 | Steps:  200 | Reward:    -8.45
Total T:  163600 | Ep:  818 | Steps:  200 | Reward:  -224.53
Total T:  163800 | Ep:  819 | Steps:  200 | Reward:  -128.66
Total T:  164000 | Ep:  820 | Steps:  200 | Reward:  -227.83
Total T:  164200 | Ep:  821 | Steps:  200 | Reward:    -4.08
Total T:  164400 | Ep:  822 | Steps:  200 | Reward:  -131.47
Total T:  164600 | Ep:  823 | Steps:  200 | Reward:  -119.19
Total T:  164800 | Ep:  824 | Steps:  200 | Reward:  -121.10
Total T:  165000 | Ep:  825 | Steps:  200 | Reward:  -229.64
---------------------------------------
Evaluation over 10 episodes: -156.823
---------------------------------------
Total T:  165200 | Ep:  826 | Steps:  200 | Reward:  -121.61
Total T:  165400 | Ep:  827 | Steps:  200 | Reward:    -3.01
Total T:  165600 | Ep:  828 | Steps:  200 | Reward:  -230.02
Total T:  165800 | Ep:  829 | Steps:  200 | Reward:  -228.39
Total T:  166000 | Ep:  830 | Steps:  200 | Reward:  -252.62
Total T:  166200 | Ep:  831 | Steps:  200 | Reward:  -298.67
Total T:  166400 | Ep:  832 | Steps:  200 | Reward:  -120.00
Total T:  166600 | Ep:  833 | Steps:  200 | Reward:    -3.17
Total T:  166800 | Ep:  834 | Steps:  200 | Reward:  -129.64
Total T:  167000 | Ep:  835 | Steps:  200 | Reward:  -124.92
Total T:  167200 | Ep:  836 | Steps:  200 | Reward:  -125.87
Total T:  167400 | Ep:  837 | Steps:  200 | Reward:  -116.90
Total T:  167600 | Ep:  838 | Steps:  200 | Reward:  -127.12
Total T:  167800 | Ep:  839 | Steps:  200 | Reward:  -226.12
Total T:  168000 | Ep:  840 | Steps:  200 | Reward:  -238.35
Total T:  168200 | Ep:  841 | Steps:  200 | Reward:  -117.47
Total T:  168400 | Ep:  842 | Steps:  200 | Reward:  -226.47
Total T:  168600 | Ep:  843 | Steps:  200 | Reward:  -115.81
Total T:  168800 | Ep:  844 | Steps:  200 | Reward:    -4.98
Total T:  169000 | Ep:  845 | Steps:  200 | Reward:  -125.75
Total T:  169200 | Ep:  846 | Steps:  200 | Reward:  -309.89
Total T:  169400 | Ep:  847 | Steps:  200 | Reward:  -285.49
Total T:  169600 | Ep:  848 | Steps:  200 | Reward:    -3.90
Total T:  169800 | Ep:  849 | Steps:  200 | Reward:  -121.28
Total T:  170000 | Ep:  850 | Steps:  200 | Reward:    -4.44
---------------------------------------
Evaluation over 10 episodes: -188.689
---------------------------------------
Total T:  170200 | Ep:  851 | Steps:  200 | Reward:  -227.53
Total T:  170400 | Ep:  852 | Steps:  200 | Reward:  -127.32
Total T:  170600 | Ep:  853 | Steps:  200 | Reward:  -126.69
Total T:  170800 | Ep:  854 | Steps:  200 | Reward:  -128.03
Total T:  171000 | Ep:  855 | Steps:  200 | Reward:  -221.08
Total T:  171200 | Ep:  856 | Steps:  200 | Reward:    -3.31
Total T:  171400 | Ep:  857 | Steps:  200 | Reward:  -119.71
Total T:  171600 | Ep:  858 | Steps:  200 | Reward:  -283.49
Total T:  171800 | Ep:  859 | Steps:  200 | Reward:    -3.39
Total T:  172000 | Ep:  860 | Steps:  200 | Reward:  -117.56
Total T:  172200 | Ep:  861 | Steps:  200 | Reward:  -117.12
Total T:  172400 | Ep:  862 | Steps:  200 | Reward:  -119.72
Total T:  172600 | Ep:  863 | Steps:  200 | Reward:  -261.60
Total T:  172800 | Ep:  864 | Steps:  200 | Reward:  -231.27
Total T:  173000 | Ep:  865 | Steps:  200 | Reward:    -2.77
Total T:  173200 | Ep:  866 | Steps:  200 | Reward:  -129.83
Total T:  173400 | Ep:  867 | Steps:  200 | Reward:  -129.13
Total T:  173600 | Ep:  868 | Steps:  200 | Reward:  -124.68
Total T:  173800 | Ep:  869 | Steps:  200 | Reward:  -129.27
Total T:  174000 | Ep:  870 | Steps:  200 | Reward:  -237.88
Total T:  174200 | Ep:  871 | Steps:  200 | Reward:  -239.98
Total T:  174400 | Ep:  872 | Steps:  200 | Reward:  -123.29
Total T:  174600 | Ep:  873 | Steps:  200 | Reward:  -121.81
Total T:  174800 | Ep:  874 | Steps:  200 | Reward:  -351.72
Total T:  175000 | Ep:  875 | Steps:  200 | Reward:  -231.66
---------------------------------------
Evaluation over 10 episodes: -148.616
---------------------------------------
Total T:  175200 | Ep:  876 | Steps:  200 | Reward:  -120.59
Total T:  175400 | Ep:  877 | Steps:  200 | Reward:  -119.90
Total T:  175600 | Ep:  878 | Steps:  200 | Reward:  -120.22
Total T:  175800 | Ep:  879 | Steps:  200 | Reward:  -244.71
Total T:  176000 | Ep:  880 | Steps:  200 | Reward:  -129.06
Total T:  176200 | Ep:  881 | Steps:  200 | Reward:    -2.26
Total T:  176400 | Ep:  882 | Steps:  200 | Reward:  -127.54
Total T:  176600 | Ep:  883 | Steps:  200 | Reward:    -1.54
Total T:  176800 | Ep:  884 | Steps:  200 | Reward:  -129.31
Total T:  177000 | Ep:  885 | Steps:  200 | Reward:  -119.14
Total T:  177200 | Ep:  886 | Steps:  200 | Reward:  -247.10
Total T:  177400 | Ep:  887 | Steps:  200 | Reward:  -235.75
Total T:  177600 | Ep:  888 | Steps:  200 | Reward:  -222.90
Total T:  177800 | Ep:  889 | Steps:  200 | Reward:  -129.46
Total T:  178000 | Ep:  890 | Steps:  200 | Reward:  -130.17
Total T:  178200 | Ep:  891 | Steps:  200 | Reward:  -127.24
Total T:  178400 | Ep:  892 | Steps:  200 | Reward:  -115.61
Total T:  178600 | Ep:  893 | Steps:  200 | Reward:  -124.64
Total T:  178800 | Ep:  894 | Steps:  200 | Reward:  -231.59
Total T:  179000 | Ep:  895 | Steps:  200 | Reward:  -129.10
Total T:  179200 | Ep:  896 | Steps:  200 | Reward:    -1.86
Total T:  179400 | Ep:  897 | Steps:  200 | Reward:  -120.79
Total T:  179600 | Ep:  898 | Steps:  200 | Reward:  -116.45
Total T:  179800 | Ep:  899 | Steps:  200 | Reward:  -118.43
Total T:  180000 | Ep:  900 | Steps:  200 | Reward:  -127.77
---------------------------------------
Evaluation over 10 episodes: -134.169
---------------------------------------
Total T:  180200 | Ep:  901 | Steps:  200 | Reward:  -128.82
Total T:  180400 | Ep:  902 | Steps:  200 | Reward:  -126.21
Total T:  180600 | Ep:  903 | Steps:  200 | Reward:  -118.33
Total T:  180800 | Ep:  904 | Steps:  200 | Reward:  -225.63
Total T:  181000 | Ep:  905 | Steps:  200 | Reward:  -232.77
Total T:  181200 | Ep:  906 | Steps:  200 | Reward:  -121.59
Total T:  181400 | Ep:  907 | Steps:  200 | Reward:    -2.81
Total T:  181600 | Ep:  908 | Steps:  200 | Reward:  -236.36
Total T:  181800 | Ep:  909 | Steps:  200 | Reward:  -127.24
Total T:  182000 | Ep:  910 | Steps:  200 | Reward:  -119.00
Total T:  182200 | Ep:  911 | Steps:  200 | Reward:  -306.40
Total T:  182400 | Ep:  912 | Steps:  200 | Reward:  -123.28
Total T:  182600 | Ep:  913 | Steps:  200 | Reward:  -127.38
Total T:  182800 | Ep:  914 | Steps:  200 | Reward:  -307.36
Total T:  183000 | Ep:  915 | Steps:  200 | Reward:  -118.22
Total T:  183200 | Ep:  916 | Steps:  200 | Reward:  -119.33
Total T:  183400 | Ep:  917 | Steps:  200 | Reward:  -120.05
Total T:  183600 | Ep:  918 | Steps:  200 | Reward:  -254.28
Total T:  183800 | Ep:  919 | Steps:  200 | Reward:  -222.87
Total T:  184000 | Ep:  920 | Steps:  200 | Reward:  -231.16
Total T:  184200 | Ep:  921 | Steps:  200 | Reward:  -123.41
Total T:  184400 | Ep:  922 | Steps:  200 | Reward:  -228.31
Total T:  184600 | Ep:  923 | Steps:  200 | Reward:  -129.21
Total T:  184800 | Ep:  924 | Steps:  200 | Reward:  -247.08
Total T:  185000 | Ep:  925 | Steps:  200 | Reward:  -124.53
---------------------------------------
Evaluation over 10 episodes: -141.113
---------------------------------------
Total T:  185200 | Ep:  926 | Steps:  200 | Reward:  -219.60
Total T:  185400 | Ep:  927 | Steps:  200 | Reward:  -229.62
Total T:  185600 | Ep:  928 | Steps:  200 | Reward:  -128.51
Total T:  185800 | Ep:  929 | Steps:  200 | Reward:  -259.55
Total T:  186000 | Ep:  930 | Steps:  200 | Reward:  -130.79
Total T:  186200 | Ep:  931 | Steps:  200 | Reward:  -132.76
Total T:  186400 | Ep:  932 | Steps:  200 | Reward:  -120.76
Total T:  186600 | Ep:  933 | Steps:  200 | Reward:    -2.58
Total T:  186800 | Ep:  934 | Steps:  200 | Reward:    -2.27
Total T:  187000 | Ep:  935 | Steps:  200 | Reward:  -255.52
Total T:  187200 | Ep:  936 | Steps:  200 | Reward:  -225.21
Total T:  187400 | Ep:  937 | Steps:  200 | Reward:  -127.98
Total T:  187600 | Ep:  938 | Steps:  200 | Reward:  -127.98
Total T:  187800 | Ep:  939 | Steps:  200 | Reward:  -125.99
Total T:  188000 | Ep:  940 | Steps:  200 | Reward:  -119.57
Total T:  188200 | Ep:  941 | Steps:  200 | Reward:  -120.10
Total T:  188400 | Ep:  942 | Steps:  200 | Reward:  -222.57
Total T:  188600 | Ep:  943 | Steps:  200 | Reward:  -125.16
Total T:  188800 | Ep:  944 | Steps:  200 | Reward:  -226.82
Total T:  189000 | Ep:  945 | Steps:  200 | Reward:  -229.09
Total T:  189200 | Ep:  946 | Steps:  200 | Reward:  -126.05
Total T:  189400 | Ep:  947 | Steps:  200 | Reward:  -118.67
Total T:  189600 | Ep:  948 | Steps:  200 | Reward:    -2.25
Total T:  189800 | Ep:  949 | Steps:  200 | Reward:  -117.32
Total T:  190000 | Ep:  950 | Steps:  200 | Reward:  -312.94
---------------------------------------
Evaluation over 10 episodes: -203.134
---------------------------------------
Total T:  190200 | Ep:  951 | Steps:  200 | Reward:  -232.64
Total T:  190400 | Ep:  952 | Steps:  200 | Reward:  -128.88
Total T:  190600 | Ep:  953 | Steps:  200 | Reward:    -2.08
Total T:  190800 | Ep:  954 | Steps:  200 | Reward:  -278.24
Total T:  191000 | Ep:  955 | Steps:  200 | Reward:  -128.06
Total T:  191200 | Ep:  956 | Steps:  200 | Reward:  -121.15
Total T:  191400 | Ep:  957 | Steps:  200 | Reward:  -119.74
Total T:  191600 | Ep:  958 | Steps:  200 | Reward:    -2.67
Total T:  191800 | Ep:  959 | Steps:  200 | Reward:  -118.44
Total T:  192000 | Ep:  960 | Steps:  200 | Reward:  -125.18
Total T:  192200 | Ep:  961 | Steps:  200 | Reward:  -220.93
Total T:  192400 | Ep:  962 | Steps:  200 | Reward:    -2.19
Total T:  192600 | Ep:  963 | Steps:  200 | Reward:  -123.71
Total T:  192800 | Ep:  964 | Steps:  200 | Reward:  -120.17
Total T:  193000 | Ep:  965 | Steps:  200 | Reward:  -118.65
Total T:  193200 | Ep:  966 | Steps:  200 | Reward:  -127.61
Total T:  193400 | Ep:  967 | Steps:  200 | Reward:    -2.87
Total T:  193600 | Ep:  968 | Steps:  200 | Reward:  -125.15
Total T:  193800 | Ep:  969 | Steps:  200 | Reward:  -129.29
Total T:  194000 | Ep:  970 | Steps:  200 | Reward:  -118.23
Total T:  194200 | Ep:  971 | Steps:  200 | Reward:  -235.99
Total T:  194400 | Ep:  972 | Steps:  200 | Reward:    -2.47
Total T:  194600 | Ep:  973 | Steps:  200 | Reward:  -235.11
Total T:  194800 | Ep:  974 | Steps:  200 | Reward:  -130.00
Total T:  195000 | Ep:  975 | Steps:  200 | Reward:  -131.32
---------------------------------------
Evaluation over 10 episodes: -135.922
---------------------------------------
Total T:  195200 | Ep:  976 | Steps:  200 | Reward:  -117.32
Total T:  195400 | Ep:  977 | Steps:  200 | Reward:    -3.60
Total T:  195600 | Ep:  978 | Steps:  200 | Reward:  -127.36
Total T:  195800 | Ep:  979 | Steps:  200 | Reward:  -117.43
Total T:  196000 | Ep:  980 | Steps:  200 | Reward:  -129.29
Total T:  196200 | Ep:  981 | Steps:  200 | Reward:  -220.23
Total T:  196400 | Ep:  982 | Steps:  200 | Reward:    -4.46
Total T:  196600 | Ep:  983 | Steps:  200 | Reward:  -122.21
Total T:  196800 | Ep:  984 | Steps:  200 | Reward:  -238.94
Total T:  197000 | Ep:  985 | Steps:  200 | Reward:  -244.85
Total T:  197200 | Ep:  986 | Steps:  200 | Reward:    -2.71
Total T:  197400 | Ep:  987 | Steps:  200 | Reward:  -123.78
Total T:  197600 | Ep:  988 | Steps:  200 | Reward:  -120.32
Total T:  197800 | Ep:  989 | Steps:  200 | Reward:  -127.71
Total T:  198000 | Ep:  990 | Steps:  200 | Reward:  -120.77
Total T:  198200 | Ep:  991 | Steps:  200 | Reward:  -123.05
Total T:  198400 | Ep:  992 | Steps:  200 | Reward:  -222.60
Total T:  198600 | Ep:  993 | Steps:  200 | Reward:  -127.64
Total T:  198800 | Ep:  994 | Steps:  200 | Reward:    -2.52
Total T:  199000 | Ep:  995 | Steps:  200 | Reward:  -223.97
Total T:  199200 | Ep:  996 | Steps:  200 | Reward:  -125.62
Total T:  199400 | Ep:  997 | Steps:  200 | Reward:  -232.39
Total T:  199600 | Ep:  998 | Steps:  200 | Reward:  -236.04
Total T:  199800 | Ep:  999 | Steps:  200 | Reward:  -229.04
Total T:  200000 | Ep: 1000 | Steps:  200 | Reward:  -115.26
---------------------------------------
Evaluation over 10 episodes: -106.411
---------------------------------------
Total T:  200200 | Ep: 1001 | Steps:  200 | Reward:  -120.29
Total T:  200400 | Ep: 1002 | Steps:  200 | Reward:  -118.64
Total T:  200600 | Ep: 1003 | Steps:  200 | Reward:  -297.07
Total T:  200800 | Ep: 1004 | Steps:  200 | Reward:    -2.31
Total T:  201000 | Ep: 1005 | Steps:  200 | Reward:  -239.74
Total T:  201200 | Ep: 1006 | Steps:  200 | Reward:  -126.72
Total T:  201400 | Ep: 1007 | Steps:  200 | Reward:  -117.14
Total T:  201600 | Ep: 1008 | Steps:  200 | Reward:  -122.45
Total T:  201800 | Ep: 1009 | Steps:  200 | Reward:  -120.26
Total T:  202000 | Ep: 1010 | Steps:  200 | Reward:  -118.68
Total T:  202200 | Ep: 1011 | Steps:  200 | Reward:  -238.64
Total T:  202400 | Ep: 1012 | Steps:  200 | Reward:    -2.32
Total T:  202600 | Ep: 1013 | Steps:  200 | Reward:  -311.12
Total T:  202800 | Ep: 1014 | Steps:  200 | Reward:  -129.50
Total T:  203000 | Ep: 1015 | Steps:  200 | Reward:    -2.06
Total T:  203200 | Ep: 1016 | Steps:  200 | Reward:  -124.47
Total T:  203400 | Ep: 1017 | Steps:  200 | Reward:  -124.48
Total T:  203600 | Ep: 1018 | Steps:  200 | Reward:  -318.64
Total T:  203800 | Ep: 1019 | Steps:  200 | Reward:  -116.24
Total T:  204000 | Ep: 1020 | Steps:  200 | Reward:  -306.83
Total T:  204200 | Ep: 1021 | Steps:  200 | Reward:  -241.45
Total T:  204400 | Ep: 1022 | Steps:  200 | Reward:  -118.30
Total T:  204600 | Ep: 1023 | Steps:  200 | Reward:    -3.82
Total T:  204800 | Ep: 1024 | Steps:  200 | Reward:    -5.23
Total T:  205000 | Ep: 1025 | Steps:  200 | Reward:  -124.89
---------------------------------------
Evaluation over 10 episodes: -168.528
---------------------------------------
Total T:  205200 | Ep: 1026 | Steps:  200 | Reward:  -244.44
Total T:  205400 | Ep: 1027 | Steps:  200 | Reward:  -121.36
Total T:  205600 | Ep: 1028 | Steps:  200 | Reward:  -237.85
Total T:  205800 | Ep: 1029 | Steps:  200 | Reward:  -121.90
Total T:  206000 | Ep: 1030 | Steps:  200 | Reward:    -2.55
Total T:  206200 | Ep: 1031 | Steps:  200 | Reward:  -225.83
Total T:  206400 | Ep: 1032 | Steps:  200 | Reward:  -121.76
Total T:  206600 | Ep: 1033 | Steps:  200 | Reward:  -119.70
Total T:  206800 | Ep: 1034 | Steps:  200 | Reward:  -119.92
Total T:  207000 | Ep: 1035 | Steps:  200 | Reward:  -124.41
Total T:  207200 | Ep: 1036 | Steps:  200 | Reward:  -125.60
Total T:  207400 | Ep: 1037 | Steps:  200 | Reward:  -246.94
Total T:  207600 | Ep: 1038 | Steps:  200 | Reward:  -129.33
Total T:  207800 | Ep: 1039 | Steps:  200 | Reward:  -119.17
Total T:  208000 | Ep: 1040 | Steps:  200 | Reward:    -2.98
Total T:  208200 | Ep: 1041 | Steps:  200 | Reward:  -238.23
Total T:  208400 | Ep: 1042 | Steps:  200 | Reward:  -232.97
Total T:  208600 | Ep: 1043 | Steps:  200 | Reward:  -227.30
Total T:  208800 | Ep: 1044 | Steps:  200 | Reward:    -2.14
Total T:  209000 | Ep: 1045 | Steps:  200 | Reward:  -225.80
Total T:  209200 | Ep: 1046 | Steps:  200 | Reward:  -116.79
Total T:  209400 | Ep: 1047 | Steps:  200 | Reward:  -224.28
Total T:  209600 | Ep: 1048 | Steps:  200 | Reward:  -116.15
Total T:  209800 | Ep: 1049 | Steps:  200 | Reward:  -118.49
Total T:  210000 | Ep: 1050 | Steps:  200 | Reward:  -244.94
---------------------------------------
Evaluation over 10 episodes: -116.416
---------------------------------------
Total T:  210200 | Ep: 1051 | Steps:  200 | Reward:  -115.79
Total T:  210400 | Ep: 1052 | Steps:  200 | Reward:  -117.78
Total T:  210600 | Ep: 1053 | Steps:  200 | Reward:  -120.36
Total T:  210800 | Ep: 1054 | Steps:  200 | Reward:    -2.68
Total T:  211000 | Ep: 1055 | Steps:  200 | Reward:  -117.66
Total T:  211200 | Ep: 1056 | Steps:  200 | Reward:  -124.28
Total T:  211400 | Ep: 1057 | Steps:  200 | Reward:  -298.98
Total T:  211600 | Ep: 1058 | Steps:  200 | Reward:  -119.29
Total T:  211800 | Ep: 1059 | Steps:  200 | Reward:  -114.94
Total T:  212000 | Ep: 1060 | Steps:  200 | Reward:  -124.50
Total T:  212200 | Ep: 1061 | Steps:  200 | Reward:  -126.94
Total T:  212400 | Ep: 1062 | Steps:  200 | Reward:  -232.56
Total T:  212600 | Ep: 1063 | Steps:  200 | Reward:  -127.39
Total T:  212800 | Ep: 1064 | Steps:  200 | Reward:  -125.51
Total T:  213000 | Ep: 1065 | Steps:  200 | Reward:  -121.30
Total T:  213200 | Ep: 1066 | Steps:  200 | Reward:  -118.18
Total T:  213400 | Ep: 1067 | Steps:  200 | Reward:  -124.01
Total T:  213600 | Ep: 1068 | Steps:  200 | Reward:  -241.54
Total T:  213800 | Ep: 1069 | Steps:  200 | Reward:  -235.77
Total T:  214000 | Ep: 1070 | Steps:  200 | Reward:  -119.46
Total T:  214200 | Ep: 1071 | Steps:  200 | Reward:  -125.56
Total T:  214400 | Ep: 1072 | Steps:  200 | Reward:  -219.89
Total T:  214600 | Ep: 1073 | Steps:  200 | Reward:  -224.16
Total T:  214800 | Ep: 1074 | Steps:  200 | Reward:    -2.74
Total T:  215000 | Ep: 1075 | Steps:  200 | Reward:  -124.07
---------------------------------------
Evaluation over 10 episodes: -107.835
---------------------------------------
Total T:  215200 | Ep: 1076 | Steps:  200 | Reward:  -125.45
Total T:  215400 | Ep: 1077 | Steps:  200 | Reward:  -120.10
Total T:  215600 | Ep: 1078 | Steps:  200 | Reward:    -2.32
Total T:  215800 | Ep: 1079 | Steps:  200 | Reward:    -1.52
Total T:  216000 | Ep: 1080 | Steps:  200 | Reward:  -127.37
Total T:  216200 | Ep: 1081 | Steps:  200 | Reward:  -228.47
Total T:  216400 | Ep: 1082 | Steps:  200 | Reward:  -233.59
Total T:  216600 | Ep: 1083 | Steps:  200 | Reward:  -310.28
Total T:  216800 | Ep: 1084 | Steps:  200 | Reward:  -221.61
Total T:  217000 | Ep: 1085 | Steps:  200 | Reward:    -1.92
Total T:  217200 | Ep: 1086 | Steps:  200 | Reward:  -115.00
Total T:  217400 | Ep: 1087 | Steps:  200 | Reward:  -225.64
Total T:  217600 | Ep: 1088 | Steps:  200 | Reward:  -116.15
Total T:  217800 | Ep: 1089 | Steps:  200 | Reward:    -2.98
Total T:  218000 | Ep: 1090 | Steps:  200 | Reward:  -122.67
Total T:  218200 | Ep: 1091 | Steps:  200 | Reward:  -118.18
Total T:  218400 | Ep: 1092 | Steps:  200 | Reward:  -234.40
Total T:  218600 | Ep: 1093 | Steps:  200 | Reward:    -2.58
Total T:  218800 | Ep: 1094 | Steps:  200 | Reward:    -1.81
Total T:  219000 | Ep: 1095 | Steps:  200 | Reward:  -121.40
Total T:  219200 | Ep: 1096 | Steps:  200 | Reward:  -307.39
Total T:  219400 | Ep: 1097 | Steps:  200 | Reward:  -119.49
Total T:  219600 | Ep: 1098 | Steps:  200 | Reward:  -225.78
Total T:  219800 | Ep: 1099 | Steps:  200 | Reward:  -227.28
Total T:  220000 | Ep: 1100 | Steps:  200 | Reward:  -305.19
---------------------------------------
Evaluation over 10 episodes: -137.723
---------------------------------------
Total T:  220200 | Ep: 1101 | Steps:  200 | Reward:  -123.02
Total T:  220400 | Ep: 1102 | Steps:  200 | Reward:  -119.52
Total T:  220600 | Ep: 1103 | Steps:  200 | Reward:  -119.72
Total T:  220800 | Ep: 1104 | Steps:  200 | Reward:  -226.83
Total T:  221000 | Ep: 1105 | Steps:  200 | Reward:  -252.73
Total T:  221200 | Ep: 1106 | Steps:  200 | Reward:  -233.87
Total T:  221400 | Ep: 1107 | Steps:  200 | Reward:    -4.03
Total T:  221600 | Ep: 1108 | Steps:  200 | Reward:  -119.50
Total T:  221800 | Ep: 1109 | Steps:  200 | Reward:    -1.45
Total T:  222000 | Ep: 1110 | Steps:  200 | Reward:  -115.39
Total T:  222200 | Ep: 1111 | Steps:  200 | Reward:    -1.80
Total T:  222400 | Ep: 1112 | Steps:  200 | Reward:  -130.81
Total T:  222600 | Ep: 1113 | Steps:  200 | Reward:  -129.12
Total T:  222800 | Ep: 1114 | Steps:  200 | Reward:  -121.30
Total T:  223000 | Ep: 1115 | Steps:  200 | Reward:  -119.75
Total T:  223200 | Ep: 1116 | Steps:  200 | Reward:  -229.45
Total T:  223400 | Ep: 1117 | Steps:  200 | Reward:  -120.00
Total T:  223600 | Ep: 1118 | Steps:  200 | Reward:  -129.12
Total T:  223800 | Ep: 1119 | Steps:  200 | Reward:  -118.34
Total T:  224000 | Ep: 1120 | Steps:  200 | Reward:    -2.00
Total T:  224200 | Ep: 1121 | Steps:  200 | Reward:  -232.94
Total T:  224400 | Ep: 1122 | Steps:  200 | Reward:  -126.91
Total T:  224600 | Ep: 1123 | Steps:  200 | Reward:  -219.87
Total T:  224800 | Ep: 1124 | Steps:  200 | Reward:  -120.51
Total T:  225000 | Ep: 1125 | Steps:  200 | Reward:  -230.91
---------------------------------------
Evaluation over 10 episodes: -109.853
---------------------------------------
Total T:  225200 | Ep: 1126 | Steps:  200 | Reward:  -122.40
Total T:  225400 | Ep: 1127 | Steps:  200 | Reward:  -288.94
Total T:  225600 | Ep: 1128 | Steps:  200 | Reward:    -2.56
Total T:  225800 | Ep: 1129 | Steps:  200 | Reward:  -122.53
Total T:  226000 | Ep: 1130 | Steps:  200 | Reward:  -223.30
Total T:  226200 | Ep: 1131 | Steps:  200 | Reward:  -289.20
Total T:  226400 | Ep: 1132 | Steps:  200 | Reward:  -242.45
Total T:  226600 | Ep: 1133 | Steps:  200 | Reward:  -123.40
Total T:  226800 | Ep: 1134 | Steps:  200 | Reward:  -124.00
Total T:  227000 | Ep: 1135 | Steps:  200 | Reward:  -244.50
Total T:  227200 | Ep: 1136 | Steps:  200 | Reward:    -2.46
Total T:  227400 | Ep: 1137 | Steps:  200 | Reward:  -123.83
Total T:  227600 | Ep: 1138 | Steps:  200 | Reward:  -314.65
Total T:  227800 | Ep: 1139 | Steps:  200 | Reward:    -1.81
Total T:  228000 | Ep: 1140 | Steps:  200 | Reward:  -304.06
Total T:  228200 | Ep: 1141 | Steps:  200 | Reward:    -2.10
Total T:  228400 | Ep: 1142 | Steps:  200 | Reward:  -119.34
Total T:  228600 | Ep: 1143 | Steps:  200 | Reward:  -126.47
Total T:  228800 | Ep: 1144 | Steps:  200 | Reward:  -129.26
Total T:  229000 | Ep: 1145 | Steps:  200 | Reward:    -1.40
Total T:  229200 | Ep: 1146 | Steps:  200 | Reward:  -129.22
Total T:  229400 | Ep: 1147 | Steps:  200 | Reward:  -272.93
Total T:  229600 | Ep: 1148 | Steps:  200 | Reward:  -119.65
Total T:  229800 | Ep: 1149 | Steps:  200 | Reward:  -125.15
Total T:  230000 | Ep: 1150 | Steps:  200 | Reward:  -223.58
---------------------------------------
Evaluation over 10 episodes: -141.236
---------------------------------------
Total T:  230200 | Ep: 1151 | Steps:  200 | Reward:  -125.21
Total T:  230400 | Ep: 1152 | Steps:  200 | Reward:  -126.71
Total T:  230600 | Ep: 1153 | Steps:  200 | Reward:    -2.11
Total T:  230800 | Ep: 1154 | Steps:  200 | Reward:  -243.12
Total T:  231000 | Ep: 1155 | Steps:  200 | Reward:  -222.28
Total T:  231200 | Ep: 1156 | Steps:  200 | Reward:  -124.73
Total T:  231400 | Ep: 1157 | Steps:  200 | Reward:  -224.11
Total T:  231600 | Ep: 1158 | Steps:  200 | Reward:  -127.85
Total T:  231800 | Ep: 1159 | Steps:  200 | Reward:  -129.10
Total T:  232000 | Ep: 1160 | Steps:  200 | Reward:    -1.83
Total T:  232200 | Ep: 1161 | Steps:  200 | Reward:  -232.48
Total T:  232400 | Ep: 1162 | Steps:  200 | Reward:  -125.39
Total T:  232600 | Ep: 1163 | Steps:  200 | Reward:  -121.52
Total T:  232800 | Ep: 1164 | Steps:  200 | Reward:  -372.37
Total T:  233000 | Ep: 1165 | Steps:  200 | Reward:  -245.23
Total T:  233200 | Ep: 1166 | Steps:  200 | Reward:    -1.69
Total T:  233400 | Ep: 1167 | Steps:  200 | Reward:  -127.41
Total T:  233600 | Ep: 1168 | Steps:  200 | Reward:  -122.40
Total T:  233800 | Ep: 1169 | Steps:  200 | Reward:  -241.98
Total T:  234000 | Ep: 1170 | Steps:  200 | Reward:  -118.20
Total T:  234200 | Ep: 1171 | Steps:  200 | Reward:  -127.35
Total T:  234400 | Ep: 1172 | Steps:  200 | Reward:  -126.08
Total T:  234600 | Ep: 1173 | Steps:  200 | Reward:  -236.82
Total T:  234800 | Ep: 1174 | Steps:  200 | Reward:  -221.63
Total T:  235000 | Ep: 1175 | Steps:  200 | Reward:  -224.88
---------------------------------------
Evaluation over 10 episodes: -117.141
---------------------------------------
Total T:  235200 | Ep: 1176 | Steps:  200 | Reward:  -231.22
Total T:  235400 | Ep: 1177 | Steps:  200 | Reward:  -239.83
Total T:  235600 | Ep: 1178 | Steps:  200 | Reward:  -234.06
Total T:  235800 | Ep: 1179 | Steps:  200 | Reward:  -253.96
Total T:  236000 | Ep: 1180 | Steps:  200 | Reward:  -127.32
Total T:  236200 | Ep: 1181 | Steps:  200 | Reward:  -230.22
Total T:  236400 | Ep: 1182 | Steps:  200 | Reward:  -116.44
Total T:  236600 | Ep: 1183 | Steps:  200 | Reward:  -129.23
Total T:  236800 | Ep: 1184 | Steps:  200 | Reward:  -224.88
Total T:  237000 | Ep: 1185 | Steps:  200 | Reward:  -119.49
Total T:  237200 | Ep: 1186 | Steps:  200 | Reward:    -1.51
Total T:  237400 | Ep: 1187 | Steps:  200 | Reward:  -115.04
Total T:  237600 | Ep: 1188 | Steps:  200 | Reward:  -228.73
Total T:  237800 | Ep: 1189 | Steps:  200 | Reward:  -119.87
Total T:  238000 | Ep: 1190 | Steps:  200 | Reward:  -224.76
Total T:  238200 | Ep: 1191 | Steps:  200 | Reward:  -118.19
Total T:  238400 | Ep: 1192 | Steps:  200 | Reward:  -117.73
Total T:  238600 | Ep: 1193 | Steps:  200 | Reward:  -119.03
Total T:  238800 | Ep: 1194 | Steps:  200 | Reward:  -123.57
Total T:  239000 | Ep: 1195 | Steps:  200 | Reward:  -118.81
Total T:  239200 | Ep: 1196 | Steps:  200 | Reward:  -126.86
Total T:  239400 | Ep: 1197 | Steps:  200 | Reward:  -125.35
Total T:  239600 | Ep: 1198 | Steps:  200 | Reward:  -126.09
Total T:  239800 | Ep: 1199 | Steps:  200 | Reward:  -308.76
Total T:  240000 | Ep: 1200 | Steps:  200 | Reward:    -1.45
---------------------------------------
Evaluation over 10 episodes: -142.138
---------------------------------------
Total T:  240200 | Ep: 1201 | Steps:  200 | Reward:  -117.91
Total T:  240400 | Ep: 1202 | Steps:  200 | Reward:  -127.77
Total T:  240600 | Ep: 1203 | Steps:  200 | Reward:  -117.17
Total T:  240800 | Ep: 1204 | Steps:  200 | Reward:  -115.63
Total T:  241000 | Ep: 1205 | Steps:  200 | Reward:    -1.26
Total T:  241200 | Ep: 1206 | Steps:  200 | Reward:    -2.30
Total T:  241400 | Ep: 1207 | Steps:  200 | Reward:  -122.83
Total T:  241600 | Ep: 1208 | Steps:  200 | Reward:  -219.54
Total T:  241800 | Ep: 1209 | Steps:  200 | Reward:    -2.96
Total T:  242000 | Ep: 1210 | Steps:  200 | Reward:  -118.26
Total T:  242200 | Ep: 1211 | Steps:  200 | Reward:  -125.80
Total T:  242400 | Ep: 1212 | Steps:  200 | Reward:  -117.76
Total T:  242600 | Ep: 1213 | Steps:  200 | Reward:  -224.50
Total T:  242800 | Ep: 1214 | Steps:  200 | Reward:  -127.64
Total T:  243000 | Ep: 1215 | Steps:  200 | Reward:    -3.08
Total T:  243200 | Ep: 1216 | Steps:  200 | Reward:  -225.44
Total T:  243400 | Ep: 1217 | Steps:  200 | Reward:  -252.28
Total T:  243600 | Ep: 1218 | Steps:  200 | Reward:  -123.33
Total T:  243800 | Ep: 1219 | Steps:  200 | Reward:  -225.22
Total T:  244000 | Ep: 1220 | Steps:  200 | Reward:  -126.35
Total T:  244200 | Ep: 1221 | Steps:  200 | Reward:  -116.00
Total T:  244400 | Ep: 1222 | Steps:  200 | Reward:  -245.07
Total T:  244600 | Ep: 1223 | Steps:  200 | Reward:  -355.14
Total T:  244800 | Ep: 1224 | Steps:  200 | Reward:  -116.19
Total T:  245000 | Ep: 1225 | Steps:  200 | Reward:  -228.18
---------------------------------------
Evaluation over 10 episodes: -149.271
---------------------------------------
Total T:  245200 | Ep: 1226 | Steps:  200 | Reward:  -123.62
Total T:  245400 | Ep: 1227 | Steps:  200 | Reward:  -234.85
Total T:  245600 | Ep: 1228 | Steps:  200 | Reward:    -5.37
Total T:  245800 | Ep: 1229 | Steps:  200 | Reward:  -123.87
Total T:  246000 | Ep: 1230 | Steps:  200 | Reward:    -6.84
Total T:  246200 | Ep: 1231 | Steps:  200 | Reward:  -128.87
Total T:  246400 | Ep: 1232 | Steps:  200 | Reward:  -128.78
Total T:  246600 | Ep: 1233 | Steps:  200 | Reward:  -124.64
Total T:  246800 | Ep: 1234 | Steps:  200 | Reward:    -6.15
Total T:  247000 | Ep: 1235 | Steps:  200 | Reward:  -308.07
Total T:  247200 | Ep: 1236 | Steps:  200 | Reward:  -227.76
Total T:  247400 | Ep: 1237 | Steps:  200 | Reward:  -124.40
Total T:  247600 | Ep: 1238 | Steps:  200 | Reward:  -238.13
Total T:  247800 | Ep: 1239 | Steps:  200 | Reward:  -121.49
Total T:  248000 | Ep: 1240 | Steps:  200 | Reward:    -8.83
Total T:  248200 | Ep: 1241 | Steps:  200 | Reward:  -126.69
Total T:  248400 | Ep: 1242 | Steps:  200 | Reward:  -122.72
Total T:  248600 | Ep: 1243 | Steps:  200 | Reward:  -133.51
Total T:  248800 | Ep: 1244 | Steps:  200 | Reward:    -8.71
Total T:  249000 | Ep: 1245 | Steps:  200 | Reward:    -9.01
Total T:  249200 | Ep: 1246 | Steps:  200 | Reward:  -121.55
Total T:  249400 | Ep: 1247 | Steps:  200 | Reward:  -131.58
Total T:  249600 | Ep: 1248 | Steps:  200 | Reward:  -127.38
Total T:  249800 | Ep: 1249 | Steps:  200 | Reward:  -123.44
Total T:  250000 | Ep: 1250 | Steps:  200 | Reward:  -133.54
---------------------------------------
Evaluation over 10 episodes: -100.748
---------------------------------------
Total T:  250200 | Ep: 1251 | Steps:  200 | Reward:   -10.53
Total T:  250400 | Ep: 1252 | Steps:  200 | Reward:  -135.35
Total T:  250600 | Ep: 1253 | Steps:  200 | Reward:  -312.45
Total T:  250800 | Ep: 1254 | Steps:  200 | Reward:    -9.15
Total T:  251000 | Ep: 1255 | Steps:  200 | Reward:  -121.56
Total T:  251200 | Ep: 1256 | Steps:  200 | Reward:  -123.91
Total T:  251400 | Ep: 1257 | Steps:  200 | Reward:  -135.28
Total T:  251600 | Ep: 1258 | Steps:  200 | Reward:  -240.12
Total T:  251800 | Ep: 1259 | Steps:  200 | Reward:  -124.09
Total T:  252000 | Ep: 1260 | Steps:  200 | Reward:  -230.58
Total T:  252200 | Ep: 1261 | Steps:  200 | Reward:  -237.40
Total T:  252400 | Ep: 1262 | Steps:  200 | Reward:  -122.53
Total T:  252600 | Ep: 1263 | Steps:  200 | Reward:  -129.39
Total T:  252800 | Ep: 1264 | Steps:  200 | Reward:  -307.63
Total T:  253000 | Ep: 1265 | Steps:  200 | Reward:  -235.36
Total T:  253200 | Ep: 1266 | Steps:  200 | Reward:  -225.10
Total T:  253400 | Ep: 1267 | Steps:  200 | Reward:  -124.27
Total T:  253600 | Ep: 1268 | Steps:  200 | Reward:   -11.28
Total T:  253800 | Ep: 1269 | Steps:  200 | Reward:  -233.21
Total T:  254000 | Ep: 1270 | Steps:  200 | Reward:  -128.63
Total T:  254200 | Ep: 1271 | Steps:  200 | Reward:  -122.69
Total T:  254400 | Ep: 1272 | Steps:  200 | Reward:  -120.90
Total T:  254600 | Ep: 1273 | Steps:  200 | Reward:  -129.67
Total T:  254800 | Ep: 1274 | Steps:  200 | Reward:  -134.74
Total T:  255000 | Ep: 1275 | Steps:  200 | Reward:   -10.81
---------------------------------------
Evaluation over 10 episodes: -135.130
---------------------------------------
Total T:  255200 | Ep: 1276 | Steps:  200 | Reward:  -122.93
Total T:  255400 | Ep: 1277 | Steps:  200 | Reward:  -127.36
Total T:  255600 | Ep: 1278 | Steps:  200 | Reward:    -8.69
Total T:  255800 | Ep: 1279 | Steps:  200 | Reward:  -128.50
Total T:  256000 | Ep: 1280 | Steps:  200 | Reward:  -127.08
Total T:  256200 | Ep: 1281 | Steps:  200 | Reward:  -124.51
Total T:  256400 | Ep: 1282 | Steps:  200 | Reward:  -126.09
Total T:  256600 | Ep: 1283 | Steps:  200 | Reward:  -134.36
Total T:  256800 | Ep: 1284 | Steps:  200 | Reward:  -122.93
Total T:  257000 | Ep: 1285 | Steps:  200 | Reward:  -241.60
Total T:  257200 | Ep: 1286 | Steps:  200 | Reward:  -123.40
Total T:  257400 | Ep: 1287 | Steps:  200 | Reward:  -233.76
Total T:  257600 | Ep: 1288 | Steps:  200 | Reward:  -131.89
Total T:  257800 | Ep: 1289 | Steps:  200 | Reward:  -127.03
Total T:  258000 | Ep: 1290 | Steps:  200 | Reward:    -8.67
Total T:  258200 | Ep: 1291 | Steps:  200 | Reward:  -133.86
Total T:  258400 | Ep: 1292 | Steps:  200 | Reward:  -128.84
Total T:  258600 | Ep: 1293 | Steps:  200 | Reward:  -127.83
Total T:  258800 | Ep: 1294 | Steps:  200 | Reward:  -133.79
Total T:  259000 | Ep: 1295 | Steps:  200 | Reward:  -126.46
Total T:  259200 | Ep: 1296 | Steps:  200 | Reward:  -250.28
Total T:  259400 | Ep: 1297 | Steps:  200 | Reward:  -124.39
Total T:  259600 | Ep: 1298 | Steps:  200 | Reward:  -249.11
Total T:  259800 | Ep: 1299 | Steps:  200 | Reward:   -10.23
Total T:  260000 | Ep: 1300 | Steps:  200 | Reward:    -9.78
---------------------------------------
Evaluation over 10 episodes: -122.501
---------------------------------------
Total T:  260200 | Ep: 1301 | Steps:  200 | Reward:  -233.84
Total T:  260400 | Ep: 1302 | Steps:  200 | Reward:  -125.34
Total T:  260600 | Ep: 1303 | Steps:  200 | Reward:  -130.34
Total T:  260800 | Ep: 1304 | Steps:  200 | Reward:  -128.97
Total T:  261000 | Ep: 1305 | Steps:  200 | Reward:  -240.90
Total T:  261200 | Ep: 1306 | Steps:  200 | Reward:  -128.08
Total T:  261400 | Ep: 1307 | Steps:  200 | Reward:  -320.31
Total T:  261600 | Ep: 1308 | Steps:  200 | Reward:  -127.04
Total T:  261800 | Ep: 1309 | Steps:  200 | Reward:  -133.74
Total T:  262000 | Ep: 1310 | Steps:  200 | Reward:    -9.54
Total T:  262200 | Ep: 1311 | Steps:  200 | Reward:  -124.41
Total T:  262400 | Ep: 1312 | Steps:  200 | Reward:  -318.53
Total T:  262600 | Ep: 1313 | Steps:  200 | Reward:    -9.64
Total T:  262800 | Ep: 1314 | Steps:  200 | Reward:  -230.78
Total T:  263000 | Ep: 1315 | Steps:  200 | Reward:  -232.09
Total T:  263200 | Ep: 1316 | Steps:  200 | Reward:  -127.34
Total T:  263400 | Ep: 1317 | Steps:  200 | Reward:  -292.80
Total T:  263600 | Ep: 1318 | Steps:  200 | Reward:  -130.22
Total T:  263800 | Ep: 1319 | Steps:  200 | Reward:  -133.02
Total T:  264000 | Ep: 1320 | Steps:  200 | Reward:  -234.08
Total T:  264200 | Ep: 1321 | Steps:  200 | Reward:  -225.72
Total T:  264400 | Ep: 1322 | Steps:  200 | Reward:  -125.90
Total T:  264600 | Ep: 1323 | Steps:  200 | Reward:  -124.78
Total T:  264800 | Ep: 1324 | Steps:  200 | Reward:  -129.75
Total T:  265000 | Ep: 1325 | Steps:  200 | Reward:  -230.16
---------------------------------------
Evaluation over 10 episodes: -150.952
---------------------------------------
Total T:  265200 | Ep: 1326 | Steps:  200 | Reward:  -245.47
Total T:  265400 | Ep: 1327 | Steps:  200 | Reward:  -130.52
Total T:  265600 | Ep: 1328 | Steps:  200 | Reward:  -128.82
Total T:  265800 | Ep: 1329 | Steps:  200 | Reward:  -229.66
Total T:  266000 | Ep: 1330 | Steps:  200 | Reward:  -233.91
Total T:  266200 | Ep: 1331 | Steps:  200 | Reward:   -12.64
Total T:  266400 | Ep: 1332 | Steps:  200 | Reward:  -133.86
Total T:  266600 | Ep: 1333 | Steps:  200 | Reward:    -9.68
Total T:  266800 | Ep: 1334 | Steps:  200 | Reward:  -124.58
Total T:  267000 | Ep: 1335 | Steps:  200 | Reward:  -235.35
Total T:  267200 | Ep: 1336 | Steps:  200 | Reward:  -239.09
Total T:  267400 | Ep: 1337 | Steps:  200 | Reward:  -230.66
Total T:  267600 | Ep: 1338 | Steps:  200 | Reward:  -242.21
Total T:  267800 | Ep: 1339 | Steps:  200 | Reward:  -134.51
Total T:  268000 | Ep: 1340 | Steps:  200 | Reward:  -242.59
Total T:  268200 | Ep: 1341 | Steps:  200 | Reward:    -9.66
Total T:  268400 | Ep: 1342 | Steps:  200 | Reward:  -130.20
Total T:  268600 | Ep: 1343 | Steps:  200 | Reward:  -226.29
Total T:  268800 | Ep: 1344 | Steps:  200 | Reward:  -326.91
Total T:  269000 | Ep: 1345 | Steps:  200 | Reward:  -232.59
Total T:  269200 | Ep: 1346 | Steps:  200 | Reward:  -241.26
Total T:  269400 | Ep: 1347 | Steps:  200 | Reward:  -335.86
Total T:  269600 | Ep: 1348 | Steps:  200 | Reward:  -134.55
Total T:  269800 | Ep: 1349 | Steps:  200 | Reward:   -10.02
Total T:  270000 | Ep: 1350 | Steps:  200 | Reward:   -11.17
---------------------------------------
Evaluation over 10 episodes: -125.362
---------------------------------------
Total T:  270200 | Ep: 1351 | Steps:  200 | Reward:   -10.06
Total T:  270400 | Ep: 1352 | Steps:  200 | Reward:    -9.73
Total T:  270600 | Ep: 1353 | Steps:  200 | Reward:  -228.40
Total T:  270800 | Ep: 1354 | Steps:  200 | Reward:  -122.60
Total T:  271000 | Ep: 1355 | Steps:  200 | Reward:  -126.06
Total T:  271200 | Ep: 1356 | Steps:  200 | Reward:  -248.27
Total T:  271400 | Ep: 1357 | Steps:  200 | Reward:  -232.12
Total T:  271600 | Ep: 1358 | Steps:  200 | Reward:  -230.78
Total T:  271800 | Ep: 1359 | Steps:  200 | Reward:  -125.83
Total T:  272000 | Ep: 1360 | Steps:  200 | Reward:  -134.56
Total T:  272200 | Ep: 1361 | Steps:  200 | Reward:  -129.38
Total T:  272400 | Ep: 1362 | Steps:  200 | Reward:  -133.19
Total T:  272600 | Ep: 1363 | Steps:  200 | Reward:  -134.36
Total T:  272800 | Ep: 1364 | Steps:  200 | Reward:  -128.52
Total T:  273000 | Ep: 1365 | Steps:  200 | Reward:  -232.12
Total T:  273200 | Ep: 1366 | Steps:  200 | Reward:  -236.15
Total T:  273400 | Ep: 1367 | Steps:  200 | Reward:  -134.57
Total T:  273600 | Ep: 1368 | Steps:  200 | Reward:  -123.78
Total T:  273800 | Ep: 1369 | Steps:  200 | Reward:  -252.41
Total T:  274000 | Ep: 1370 | Steps:  200 | Reward:  -134.20
Total T:  274200 | Ep: 1371 | Steps:  200 | Reward:  -244.67
Total T:  274400 | Ep: 1372 | Steps:  200 | Reward:  -125.11
Total T:  274600 | Ep: 1373 | Steps:  200 | Reward:  -309.58
Total T:  274800 | Ep: 1374 | Steps:  200 | Reward:  -129.92
Total T:  275000 | Ep: 1375 | Steps:  200 | Reward:  -130.88
---------------------------------------
Evaluation over 10 episodes: -154.975
---------------------------------------
Total T:  275200 | Ep: 1376 | Steps:  200 | Reward:  -251.07
Total T:  275400 | Ep: 1377 | Steps:  200 | Reward:   -11.86
Total T:  275600 | Ep: 1378 | Steps:  200 | Reward:  -131.20
Total T:  275800 | Ep: 1379 | Steps:  200 | Reward:  -125.39
Total T:  276000 | Ep: 1380 | Steps:  200 | Reward:  -130.39
Total T:  276200 | Ep: 1381 | Steps:  200 | Reward:  -131.78
Total T:  276400 | Ep: 1382 | Steps:  200 | Reward:  -126.09
Total T:  276600 | Ep: 1383 | Steps:  200 | Reward:  -242.26
Total T:  276800 | Ep: 1384 | Steps:  200 | Reward:  -124.11
Total T:  277000 | Ep: 1385 | Steps:  200 | Reward:  -242.47
Total T:  277200 | Ep: 1386 | Steps:  200 | Reward:  -123.63
Total T:  277400 | Ep: 1387 | Steps:  200 | Reward:   -10.35
Total T:  277600 | Ep: 1388 | Steps:  200 | Reward:  -124.26
Total T:  277800 | Ep: 1389 | Steps:  200 | Reward:  -130.39
Total T:  278000 | Ep: 1390 | Steps:  200 | Reward:  -121.88
Total T:  278200 | Ep: 1391 | Steps:  200 | Reward:  -136.96
Total T:  278400 | Ep: 1392 | Steps:  200 | Reward:  -232.44
Total T:  278600 | Ep: 1393 | Steps:  200 | Reward:  -127.67
Total T:  278800 | Ep: 1394 | Steps:  200 | Reward:  -235.25
Total T:  279000 | Ep: 1395 | Steps:  200 | Reward:    -9.25
Total T:  279200 | Ep: 1396 | Steps:  200 | Reward:  -125.57
Total T:  279400 | Ep: 1397 | Steps:  200 | Reward:  -304.98
Total T:  279600 | Ep: 1398 | Steps:  200 | Reward:  -123.52
Total T:  279800 | Ep: 1399 | Steps:  200 | Reward:   -11.46
Total T:  280000 | Ep: 1400 | Steps:  200 | Reward:  -249.50
---------------------------------------
Evaluation over 10 episodes: -141.478
---------------------------------------
Total T:  280200 | Ep: 1401 | Steps:  200 | Reward:  -126.04
Total T:  280400 | Ep: 1402 | Steps:  200 | Reward:  -126.12
Total T:  280600 | Ep: 1403 | Steps:  200 | Reward:  -134.95
Total T:  280800 | Ep: 1404 | Steps:  200 | Reward:  -325.33
Total T:  281000 | Ep: 1405 | Steps:  200 | Reward:  -123.21
Total T:  281200 | Ep: 1406 | Steps:  200 | Reward:  -334.71
Total T:  281400 | Ep: 1407 | Steps:  200 | Reward:  -132.97
Total T:  281600 | Ep: 1408 | Steps:  200 | Reward:  -125.65
Total T:  281800 | Ep: 1409 | Steps:  200 | Reward:  -324.04
Total T:  282000 | Ep: 1410 | Steps:  200 | Reward:  -231.44
Total T:  282200 | Ep: 1411 | Steps:  200 | Reward:  -123.19
Total T:  282400 | Ep: 1412 | Steps:  200 | Reward:  -131.84
Total T:  282600 | Ep: 1413 | Steps:  200 | Reward:  -130.17
Total T:  282800 | Ep: 1414 | Steps:  200 | Reward:  -125.66
Total T:  283000 | Ep: 1415 | Steps:  200 | Reward:  -133.79
Total T:  283200 | Ep: 1416 | Steps:  200 | Reward:  -120.90
Total T:  283400 | Ep: 1417 | Steps:  200 | Reward:  -239.73
Total T:  283600 | Ep: 1418 | Steps:  200 | Reward:  -234.11
Total T:  283800 | Ep: 1419 | Steps:  200 | Reward:  -129.28
Total T:  284000 | Ep: 1420 | Steps:  200 | Reward:  -134.73
Total T:  284200 | Ep: 1421 | Steps:  200 | Reward:  -121.21
Total T:  284400 | Ep: 1422 | Steps:  200 | Reward:  -336.49
Total T:  284600 | Ep: 1423 | Steps:  200 | Reward:  -234.76
Total T:  284800 | Ep: 1424 | Steps:  200 | Reward:  -125.71
Total T:  285000 | Ep: 1425 | Steps:  200 | Reward:    -8.66
---------------------------------------
Evaluation over 10 episodes: -147.700
---------------------------------------
Total T:  285200 | Ep: 1426 | Steps:  200 | Reward:   -10.98
Total T:  285400 | Ep: 1427 | Steps:  200 | Reward:  -136.14
Total T:  285600 | Ep: 1428 | Steps:  200 | Reward:  -304.98
Total T:  285800 | Ep: 1429 | Steps:  200 | Reward:  -315.83
Total T:  286000 | Ep: 1430 | Steps:  200 | Reward:  -125.01
Total T:  286200 | Ep: 1431 | Steps:  200 | Reward:  -287.73
Total T:  286400 | Ep: 1432 | Steps:  200 | Reward:  -125.18
Total T:  286600 | Ep: 1433 | Steps:  200 | Reward:  -225.70
Total T:  286800 | Ep: 1434 | Steps:  200 | Reward:   -10.83
Total T:  287000 | Ep: 1435 | Steps:  200 | Reward:  -128.70
Total T:  287200 | Ep: 1436 | Steps:  200 | Reward:  -123.44
Total T:  287400 | Ep: 1437 | Steps:  200 | Reward:  -133.84
Total T:  287600 | Ep: 1438 | Steps:  200 | Reward:  -133.10
Total T:  287800 | Ep: 1439 | Steps:  200 | Reward:    -9.79
Total T:  288000 | Ep: 1440 | Steps:  200 | Reward:  -311.27
Total T:  288200 | Ep: 1441 | Steps:  200 | Reward:  -124.43
Total T:  288400 | Ep: 1442 | Steps:  200 | Reward:  -231.03
Total T:  288600 | Ep: 1443 | Steps:  200 | Reward:  -124.17
Total T:  288800 | Ep: 1444 | Steps:  200 | Reward:  -134.74
Total T:  289000 | Ep: 1445 | Steps:  200 | Reward:   -11.29
Total T:  289200 | Ep: 1446 | Steps:  200 | Reward:  -131.99
Total T:  289400 | Ep: 1447 | Steps:  200 | Reward:  -125.90
Total T:  289600 | Ep: 1448 | Steps:  200 | Reward:  -126.78
Total T:  289800 | Ep: 1449 | Steps:  200 | Reward:  -247.40
Total T:  290000 | Ep: 1450 | Steps:  200 | Reward:    -9.92
---------------------------------------
Evaluation over 10 episodes: -142.057
---------------------------------------
Total T:  290200 | Ep: 1451 | Steps:  200 | Reward:  -226.90
Total T:  290400 | Ep: 1452 | Steps:  200 | Reward:  -231.35
Total T:  290600 | Ep: 1453 | Steps:  200 | Reward:  -320.50
Total T:  290800 | Ep: 1454 | Steps:  200 | Reward:  -238.91
Total T:  291000 | Ep: 1455 | Steps:  200 | Reward:  -227.00
Total T:  291200 | Ep: 1456 | Steps:  200 | Reward:  -135.97
Total T:  291400 | Ep: 1457 | Steps:  200 | Reward:  -238.54
Total T:  291600 | Ep: 1458 | Steps:  200 | Reward:  -230.01
Total T:  291800 | Ep: 1459 | Steps:  200 | Reward:  -133.83
Total T:  292000 | Ep: 1460 | Steps:  200 | Reward:  -128.03
Total T:  292200 | Ep: 1461 | Steps:  200 | Reward:    -9.50
Total T:  292400 | Ep: 1462 | Steps:  200 | Reward:  -127.96
Total T:  292600 | Ep: 1463 | Steps:  200 | Reward:  -228.89
Total T:  292800 | Ep: 1464 | Steps:  200 | Reward:  -133.01
Total T:  293000 | Ep: 1465 | Steps:  200 | Reward:  -124.37
Total T:  293200 | Ep: 1466 | Steps:  200 | Reward:  -299.50
Total T:  293400 | Ep: 1467 | Steps:  200 | Reward:  -308.80
Total T:  293600 | Ep: 1468 | Steps:  200 | Reward:    -9.14
Total T:  293800 | Ep: 1469 | Steps:  200 | Reward:  -134.01
Total T:  294000 | Ep: 1470 | Steps:  200 | Reward:    -8.92
Total T:  294200 | Ep: 1471 | Steps:  200 | Reward:  -243.41
Total T:  294400 | Ep: 1472 | Steps:  200 | Reward:  -226.62
Total T:  294600 | Ep: 1473 | Steps:  200 | Reward:    -8.96
Total T:  294800 | Ep: 1474 | Steps:  200 | Reward:    -9.29
Total T:  295000 | Ep: 1475 | Steps:  200 | Reward:  -123.92
---------------------------------------
Evaluation over 10 episodes: -138.589
---------------------------------------
Total T:  295200 | Ep: 1476 | Steps:  200 | Reward:  -127.64
Total T:  295400 | Ep: 1477 | Steps:  200 | Reward:  -136.84
Total T:  295600 | Ep: 1478 | Steps:  200 | Reward:  -123.97
Total T:  295800 | Ep: 1479 | Steps:  200 | Reward:  -122.48
Total T:  296000 | Ep: 1480 | Steps:  200 | Reward:  -125.54
Total T:  296200 | Ep: 1481 | Steps:  200 | Reward:  -226.21
Total T:  296400 | Ep: 1482 | Steps:  200 | Reward:  -129.29
Total T:  296600 | Ep: 1483 | Steps:  200 | Reward:  -125.98
Total T:  296800 | Ep: 1484 | Steps:  200 | Reward:  -126.26
Total T:  297000 | Ep: 1485 | Steps:  200 | Reward:  -125.20
Total T:  297200 | Ep: 1486 | Steps:  200 | Reward:  -133.93
Total T:  297400 | Ep: 1487 | Steps:  200 | Reward:  -133.34
Total T:  297600 | Ep: 1488 | Steps:  200 | Reward:  -237.73
Total T:  297800 | Ep: 1489 | Steps:  200 | Reward:  -232.06
Total T:  298000 | Ep: 1490 | Steps:  200 | Reward:  -134.06
Total T:  298200 | Ep: 1491 | Steps:  200 | Reward:  -130.17
Total T:  298400 | Ep: 1492 | Steps:  200 | Reward:    -9.53
Total T:  298600 | Ep: 1493 | Steps:  200 | Reward:  -128.63
Total T:  298800 | Ep: 1494 | Steps:  200 | Reward:  -127.28
Total T:  299000 | Ep: 1495 | Steps:  200 | Reward:  -236.65
Total T:  299200 | Ep: 1496 | Steps:  200 | Reward:  -132.42
Total T:  299400 | Ep: 1497 | Steps:  200 | Reward:   -10.51
Total T:  299600 | Ep: 1498 | Steps:  200 | Reward:  -126.66
Total T:  299800 | Ep: 1499 | Steps:  200 | Reward:  -134.63
Total T:  300000 | Ep: 1500 | Steps:  200 | Reward:  -267.75
---------------------------------------
Evaluation over 10 episodes: -149.164
---------------------------------------
Total T:  300200 | Ep: 1501 | Steps:  200 | Reward:  -233.44
Total T:  300400 | Ep: 1502 | Steps:  200 | Reward:  -250.46
Total T:  300600 | Ep: 1503 | Steps:  200 | Reward:  -121.81
Total T:  300800 | Ep: 1504 | Steps:  200 | Reward:  -125.46
Total T:  301000 | Ep: 1505 | Steps:  200 | Reward:  -234.11
Total T:  301200 | Ep: 1506 | Steps:  200 | Reward:  -131.46
Total T:  301400 | Ep: 1507 | Steps:  200 | Reward:  -296.84
Total T:  301600 | Ep: 1508 | Steps:  200 | Reward:  -126.01
Total T:  301800 | Ep: 1509 | Steps:  200 | Reward:  -230.90
Total T:  302000 | Ep: 1510 | Steps:  200 | Reward:  -126.39
Total T:  302200 | Ep: 1511 | Steps:  200 | Reward:  -122.53
Total T:  302400 | Ep: 1512 | Steps:  200 | Reward:  -131.15
Total T:  302600 | Ep: 1513 | Steps:  200 | Reward:  -135.18
Total T:  302800 | Ep: 1514 | Steps:  200 | Reward:  -229.60
Total T:  303000 | Ep: 1515 | Steps:  200 | Reward:  -246.12
Total T:  303200 | Ep: 1516 | Steps:  200 | Reward:    -9.61
Total T:  303400 | Ep: 1517 | Steps:  200 | Reward:  -135.62
Total T:  303600 | Ep: 1518 | Steps:  200 | Reward:  -132.71
Total T:  303800 | Ep: 1519 | Steps:  200 | Reward:  -136.77
Total T:  304000 | Ep: 1520 | Steps:  200 | Reward:  -226.81
Total T:  304200 | Ep: 1521 | Steps:  200 | Reward:  -228.43
Total T:  304400 | Ep: 1522 | Steps:  200 | Reward:  -229.94
Total T:  304600 | Ep: 1523 | Steps:  200 | Reward:  -130.93
Total T:  304800 | Ep: 1524 | Steps:  200 | Reward:  -126.64
Total T:  305000 | Ep: 1525 | Steps:  200 | Reward:  -125.95
---------------------------------------
Evaluation over 10 episodes: -104.718
---------------------------------------
Total T:  305200 | Ep: 1526 | Steps:  200 | Reward:  -128.43
Total T:  305400 | Ep: 1527 | Steps:  200 | Reward:    -9.76
Total T:  305600 | Ep: 1528 | Steps:  200 | Reward:  -226.16
Total T:  305800 | Ep: 1529 | Steps:  200 | Reward:  -131.37
Total T:  306000 | Ep: 1530 | Steps:  200 | Reward:  -244.04
Total T:  306200 | Ep: 1531 | Steps:  200 | Reward:  -134.55
Total T:  306400 | Ep: 1532 | Steps:  200 | Reward:  -128.66
Total T:  306600 | Ep: 1533 | Steps:  200 | Reward:  -132.95
Total T:  306800 | Ep: 1534 | Steps:  200 | Reward:  -133.48
Total T:  307000 | Ep: 1535 | Steps:  200 | Reward:  -127.49
Total T:  307200 | Ep: 1536 | Steps:  200 | Reward:  -232.83
Total T:  307400 | Ep: 1537 | Steps:  200 | Reward:  -133.08
Total T:  307600 | Ep: 1538 | Steps:  200 | Reward:  -127.96
Total T:  307800 | Ep: 1539 | Steps:  200 | Reward:  -238.20
Total T:  308000 | Ep: 1540 | Steps:  200 | Reward:  -132.00
Total T:  308200 | Ep: 1541 | Steps:  200 | Reward:  -123.41
Total T:  308400 | Ep: 1542 | Steps:  200 | Reward:  -235.10
Total T:  308600 | Ep: 1543 | Steps:  200 | Reward:    -9.33
Total T:  308800 | Ep: 1544 | Steps:  200 | Reward:  -230.59
Total T:  309000 | Ep: 1545 | Steps:  200 | Reward:  -225.85
Total T:  309200 | Ep: 1546 | Steps:  200 | Reward:    -9.64
Total T:  309400 | Ep: 1547 | Steps:  200 | Reward:    -9.68
Total T:  309600 | Ep: 1548 | Steps:  200 | Reward:    -9.86
Total T:  309800 | Ep: 1549 | Steps:  200 | Reward:  -291.48
Total T:  310000 | Ep: 1550 | Steps:  200 | Reward:  -133.53
---------------------------------------
Evaluation over 10 episodes: -145.087
---------------------------------------
Total T:  310200 | Ep: 1551 | Steps:  200 | Reward:  -231.63
Total T:  310400 | Ep: 1552 | Steps:  200 | Reward:  -126.48
Total T:  310600 | Ep: 1553 | Steps:  200 | Reward:  -126.85
Total T:  310800 | Ep: 1554 | Steps:  200 | Reward:  -238.76
Total T:  311000 | Ep: 1555 | Steps:  200 | Reward:  -326.94
Total T:  311200 | Ep: 1556 | Steps:  200 | Reward:    -9.67
Total T:  311400 | Ep: 1557 | Steps:  200 | Reward:  -237.96
Total T:  311600 | Ep: 1558 | Steps:  200 | Reward:  -122.19
Total T:  311800 | Ep: 1559 | Steps:  200 | Reward:   -10.88
Total T:  312000 | Ep: 1560 | Steps:  200 | Reward:  -246.96
Total T:  312200 | Ep: 1561 | Steps:  200 | Reward:  -131.64
Total T:  312400 | Ep: 1562 | Steps:  200 | Reward:  -124.53
Total T:  312600 | Ep: 1563 | Steps:  200 | Reward:  -259.97
Total T:  312800 | Ep: 1564 | Steps:  200 | Reward:  -228.65
Total T:  313000 | Ep: 1565 | Steps:  200 | Reward:  -123.96
Total T:  313200 | Ep: 1566 | Steps:  200 | Reward:  -121.98
Total T:  313400 | Ep: 1567 | Steps:  200 | Reward:  -129.51
Total T:  313600 | Ep: 1568 | Steps:  200 | Reward:  -235.26
Total T:  313800 | Ep: 1569 | Steps:  200 | Reward:  -123.63
Total T:  314000 | Ep: 1570 | Steps:  200 | Reward:  -123.52
Total T:  314200 | Ep: 1571 | Steps:  200 | Reward:  -132.21
Total T:  314400 | Ep: 1572 | Steps:  200 | Reward:  -122.22
Total T:  314600 | Ep: 1573 | Steps:  200 | Reward:  -317.79
Total T:  314800 | Ep: 1574 | Steps:  200 | Reward:  -310.13
Total T:  315000 | Ep: 1575 | Steps:  200 | Reward:  -308.53
---------------------------------------
Evaluation over 10 episodes: -143.521
---------------------------------------
Total T:  315200 | Ep: 1576 | Steps:  200 | Reward:  -315.62
Total T:  315400 | Ep: 1577 | Steps:  200 | Reward:   -11.12
Total T:  315600 | Ep: 1578 | Steps:  200 | Reward:  -128.48
Total T:  315800 | Ep: 1579 | Steps:  200 | Reward:  -126.55
Total T:  316000 | Ep: 1580 | Steps:  200 | Reward:  -230.22
Total T:  316200 | Ep: 1581 | Steps:  200 | Reward:  -124.92
Total T:  316400 | Ep: 1582 | Steps:  200 | Reward:    -9.35
Total T:  316600 | Ep: 1583 | Steps:  200 | Reward:   -11.79
Total T:  316800 | Ep: 1584 | Steps:  200 | Reward:  -290.71
Total T:  317000 | Ep: 1585 | Steps:  200 | Reward:  -334.93
Total T:  317200 | Ep: 1586 | Steps:  200 | Reward:   -10.23
Total T:  317400 | Ep: 1587 | Steps:  200 | Reward:  -137.59
Total T:  317600 | Ep: 1588 | Steps:  200 | Reward:  -124.40
Total T:  317800 | Ep: 1589 | Steps:  200 | Reward:    -9.55
Total T:  318000 | Ep: 1590 | Steps:  200 | Reward:  -125.54
Total T:  318200 | Ep: 1591 | Steps:  200 | Reward:  -234.98
Total T:  318400 | Ep: 1592 | Steps:  200 | Reward:  -124.40
Total T:  318600 | Ep: 1593 | Steps:  200 | Reward:  -234.89
Total T:  318800 | Ep: 1594 | Steps:  200 | Reward:  -233.37
Total T:  319000 | Ep: 1595 | Steps:  200 | Reward:  -248.55
Total T:  319200 | Ep: 1596 | Steps:  200 | Reward:  -134.12
Total T:  319400 | Ep: 1597 | Steps:  200 | Reward:  -238.02
Total T:  319600 | Ep: 1598 | Steps:  200 | Reward:  -232.09
Total T:  319800 | Ep: 1599 | Steps:  200 | Reward:  -124.37
Total T:  320000 | Ep: 1600 | Steps:  200 | Reward:  -240.69
---------------------------------------
Evaluation over 10 episodes: -144.250
---------------------------------------
Total T:  320200 | Ep: 1601 | Steps:  200 | Reward:  -125.57
Total T:  320400 | Ep: 1602 | Steps:  200 | Reward:  -135.87
Total T:  320600 | Ep: 1603 | Steps:  200 | Reward:  -281.44
Total T:  320800 | Ep: 1604 | Steps:  200 | Reward:  -132.93
Total T:  321000 | Ep: 1605 | Steps:  200 | Reward:  -237.19
Total T:  321200 | Ep: 1606 | Steps:  200 | Reward:  -130.09
Total T:  321400 | Ep: 1607 | Steps:  200 | Reward:  -124.07
Total T:  321600 | Ep: 1608 | Steps:  200 | Reward:  -236.68
Total T:  321800 | Ep: 1609 | Steps:  200 | Reward:   -11.05
Total T:  322000 | Ep: 1610 | Steps:  200 | Reward:  -255.60
Total T:  322200 | Ep: 1611 | Steps:  200 | Reward:  -234.64
Total T:  322400 | Ep: 1612 | Steps:  200 | Reward:   -10.67
Total T:  322600 | Ep: 1613 | Steps:  200 | Reward:  -234.30
Total T:  322800 | Ep: 1614 | Steps:  200 | Reward:  -124.30
Total T:  323000 | Ep: 1615 | Steps:  200 | Reward:   -11.20
Total T:  323200 | Ep: 1616 | Steps:  200 | Reward:   -10.14
Total T:  323400 | Ep: 1617 | Steps:  200 | Reward:  -131.30
Total T:  323600 | Ep: 1618 | Steps:  200 | Reward:  -135.21
Total T:  323800 | Ep: 1619 | Steps:  200 | Reward:  -127.45
Total T:  324000 | Ep: 1620 | Steps:  200 | Reward:  -127.19
Total T:  324200 | Ep: 1621 | Steps:  200 | Reward:  -259.04
Total T:  324400 | Ep: 1622 | Steps:  200 | Reward:   -10.42
Total T:  324600 | Ep: 1623 | Steps:  200 | Reward:    -9.83
Total T:  324800 | Ep: 1624 | Steps:  200 | Reward:  -233.79
Total T:  325000 | Ep: 1625 | Steps:  200 | Reward:  -125.90
---------------------------------------
Evaluation over 10 episodes: -181.920
---------------------------------------
Total T:  325200 | Ep: 1626 | Steps:  200 | Reward:  -132.98
Total T:  325400 | Ep: 1627 | Steps:  200 | Reward:  -123.28
Total T:  325600 | Ep: 1628 | Steps:  200 | Reward:  -126.79
Total T:  325800 | Ep: 1629 | Steps:  200 | Reward:  -131.49
Total T:  326000 | Ep: 1630 | Steps:  200 | Reward:  -228.87
Total T:  326200 | Ep: 1631 | Steps:  200 | Reward:  -317.33
Total T:  326400 | Ep: 1632 | Steps:  200 | Reward:  -130.09
Total T:  326600 | Ep: 1633 | Steps:  200 | Reward:  -126.86
Total T:  326800 | Ep: 1634 | Steps:  200 | Reward:  -134.85
Total T:  327000 | Ep: 1635 | Steps:  200 | Reward:  -123.34
Total T:  327200 | Ep: 1636 | Steps:  200 | Reward:  -227.75
Total T:  327400 | Ep: 1637 | Steps:  200 | Reward:  -130.10
Total T:  327600 | Ep: 1638 | Steps:  200 | Reward:  -126.80
Total T:  327800 | Ep: 1639 | Steps:  200 | Reward:  -124.75
Total T:  328000 | Ep: 1640 | Steps:  200 | Reward:  -128.19
Total T:  328200 | Ep: 1641 | Steps:  200 | Reward:  -337.54
Total T:  328400 | Ep: 1642 | Steps:  200 | Reward:  -241.21
Total T:  328600 | Ep: 1643 | Steps:  200 | Reward:  -130.51
Total T:  328800 | Ep: 1644 | Steps:  200 | Reward:  -231.72
Total T:  329000 | Ep: 1645 | Steps:  200 | Reward:  -133.04
Total T:  329200 | Ep: 1646 | Steps:  200 | Reward:  -126.14
Total T:  329400 | Ep: 1647 | Steps:  200 | Reward:  -130.93
Total T:  329600 | Ep: 1648 | Steps:  200 | Reward:  -238.06
Total T:  329800 | Ep: 1649 | Steps:  200 | Reward:  -123.72
Total T:  330000 | Ep: 1650 | Steps:  200 | Reward:    -9.61
---------------------------------------
Evaluation over 10 episodes: -150.128
---------------------------------------
Total T:  330200 | Ep: 1651 | Steps:  200 | Reward:  -290.19
Total T:  330400 | Ep: 1652 | Steps:  200 | Reward:  -126.67
Total T:  330600 | Ep: 1653 | Steps:  200 | Reward:  -133.65
Total T:  330800 | Ep: 1654 | Steps:  200 | Reward:  -129.00
Total T:  331000 | Ep: 1655 | Steps:  200 | Reward:  -135.01
Total T:  331200 | Ep: 1656 | Steps:  200 | Reward:  -134.92
Total T:  331400 | Ep: 1657 | Steps:  200 | Reward:  -125.59
Total T:  331600 | Ep: 1658 | Steps:  200 | Reward:  -127.58
Total T:  331800 | Ep: 1659 | Steps:  200 | Reward:    -9.58
Total T:  332000 | Ep: 1660 | Steps:  200 | Reward:  -136.02
Total T:  332200 | Ep: 1661 | Steps:  200 | Reward:  -129.43
Total T:  332400 | Ep: 1662 | Steps:  200 | Reward:  -248.94
Total T:  332600 | Ep: 1663 | Steps:  200 | Reward:  -133.63
Total T:  332800 | Ep: 1664 | Steps:  200 | Reward:  -129.32
Total T:  333000 | Ep: 1665 | Steps:  200 | Reward:  -223.74
Total T:  333200 | Ep: 1666 | Steps:  200 | Reward:  -129.84
Total T:  333400 | Ep: 1667 | Steps:  200 | Reward:  -123.69
Total T:  333600 | Ep: 1668 | Steps:  200 | Reward:  -126.47
Total T:  333800 | Ep: 1669 | Steps:  200 | Reward:  -226.04
Total T:  334000 | Ep: 1670 | Steps:  200 | Reward:  -127.30
Total T:  334200 | Ep: 1671 | Steps:  200 | Reward:  -237.29
Total T:  334400 | Ep: 1672 | Steps:  200 | Reward:  -121.65
Total T:  334600 | Ep: 1673 | Steps:  200 | Reward:    -8.73
Total T:  334800 | Ep: 1674 | Steps:  200 | Reward:  -121.02
Total T:  335000 | Ep: 1675 | Steps:  200 | Reward:  -128.02
---------------------------------------
Evaluation over 10 episodes: -124.952
---------------------------------------
Total T:  335200 | Ep: 1676 | Steps:  200 | Reward:  -265.04
Total T:  335400 | Ep: 1677 | Steps:  200 | Reward:  -225.08
Total T:  335600 | Ep: 1678 | Steps:  200 | Reward:  -130.23
Total T:  335800 | Ep: 1679 | Steps:  200 | Reward:  -228.38
Total T:  336000 | Ep: 1680 | Steps:  200 | Reward:  -255.47
Total T:  336200 | Ep: 1681 | Steps:  200 | Reward:  -125.90
Total T:  336400 | Ep: 1682 | Steps:  200 | Reward:  -125.95
Total T:  336600 | Ep: 1683 | Steps:  200 | Reward:  -237.48
Total T:  336800 | Ep: 1684 | Steps:  200 | Reward:  -125.79
Total T:  337000 | Ep: 1685 | Steps:  200 | Reward:    -8.93
Total T:  337200 | Ep: 1686 | Steps:  200 | Reward:  -131.75
Total T:  337400 | Ep: 1687 | Steps:  200 | Reward:  -232.55
Total T:  337600 | Ep: 1688 | Steps:  200 | Reward:  -128.40
Total T:  337800 | Ep: 1689 | Steps:  200 | Reward:  -125.61
Total T:  338000 | Ep: 1690 | Steps:  200 | Reward:  -260.58
Total T:  338200 | Ep: 1691 | Steps:  200 | Reward:  -311.45
Total T:  338400 | Ep: 1692 | Steps:  200 | Reward:  -128.72
Total T:  338600 | Ep: 1693 | Steps:  200 | Reward:  -123.46
Total T:  338800 | Ep: 1694 | Steps:  200 | Reward:  -227.28
Total T:  339000 | Ep: 1695 | Steps:  200 | Reward:  -126.48
Total T:  339200 | Ep: 1696 | Steps:  200 | Reward:    -9.20
Total T:  339400 | Ep: 1697 | Steps:  200 | Reward:  -122.62
Total T:  339600 | Ep: 1698 | Steps:  200 | Reward:  -124.70
Total T:  339800 | Ep: 1699 | Steps:  200 | Reward:   -10.61
Total T:  340000 | Ep: 1700 | Steps:  200 | Reward:  -235.98
---------------------------------------
Evaluation over 10 episodes: -126.216
---------------------------------------
Total T:  340200 | Ep: 1701 | Steps:  200 | Reward:  -129.28
Total T:  340400 | Ep: 1702 | Steps:  200 | Reward:  -132.53
Total T:  340600 | Ep: 1703 | Steps:  200 | Reward:  -133.09
Total T:  340800 | Ep: 1704 | Steps:  200 | Reward:  -128.61
Total T:  341000 | Ep: 1705 | Steps:  200 | Reward:  -230.65
Total T:  341200 | Ep: 1706 | Steps:  200 | Reward:  -122.10
Total T:  341400 | Ep: 1707 | Steps:  200 | Reward:  -124.98
Total T:  341600 | Ep: 1708 | Steps:  200 | Reward:   -10.26
Total T:  341800 | Ep: 1709 | Steps:  200 | Reward:   -10.09
Total T:  342000 | Ep: 1710 | Steps:  200 | Reward:  -131.45
Total T:  342200 | Ep: 1711 | Steps:  200 | Reward:  -279.75
Total T:  342400 | Ep: 1712 | Steps:  200 | Reward:  -230.79
Total T:  342600 | Ep: 1713 | Steps:  200 | Reward:  -126.54
Total T:  342800 | Ep: 1714 | Steps:  200 | Reward:  -134.09
Total T:  343000 | Ep: 1715 | Steps:  200 | Reward:  -126.41
Total T:  343200 | Ep: 1716 | Steps:  200 | Reward:  -132.78
Total T:  343400 | Ep: 1717 | Steps:  200 | Reward:  -130.51
Total T:  343600 | Ep: 1718 | Steps:  200 | Reward:  -131.87
Total T:  343800 | Ep: 1719 | Steps:  200 | Reward:  -125.73
Total T:  344000 | Ep: 1720 | Steps:  200 | Reward:  -126.00
Total T:  344200 | Ep: 1721 | Steps:  200 | Reward:  -130.94
Total T:  344400 | Ep: 1722 | Steps:  200 | Reward:  -230.88
Total T:  344600 | Ep: 1723 | Steps:  200 | Reward:  -135.42
Total T:  344800 | Ep: 1724 | Steps:  200 | Reward:  -323.59
Total T:  345000 | Ep: 1725 | Steps:  200 | Reward:  -125.63
---------------------------------------
Evaluation over 10 episodes: -149.613
---------------------------------------
Total T:  345200 | Ep: 1726 | Steps:  200 | Reward:  -135.94
Total T:  345400 | Ep: 1727 | Steps:  200 | Reward:  -125.27
Total T:  345600 | Ep: 1728 | Steps:  200 | Reward:  -125.40
Total T:  345800 | Ep: 1729 | Steps:  200 | Reward:  -124.53
Total T:  346000 | Ep: 1730 | Steps:  200 | Reward:  -229.21
Total T:  346200 | Ep: 1731 | Steps:  200 | Reward:  -123.10
Total T:  346400 | Ep: 1732 | Steps:  200 | Reward:  -133.76
Total T:  346600 | Ep: 1733 | Steps:  200 | Reward:  -127.18
Total T:  346800 | Ep: 1734 | Steps:  200 | Reward:  -127.54
Total T:  347000 | Ep: 1735 | Steps:  200 | Reward:  -260.46
Total T:  347200 | Ep: 1736 | Steps:  200 | Reward:  -237.87
Total T:  347400 | Ep: 1737 | Steps:  200 | Reward:  -227.79
Total T:  347600 | Ep: 1738 | Steps:  200 | Reward:  -133.51
Total T:  347800 | Ep: 1739 | Steps:  200 | Reward:  -239.94
Total T:  348000 | Ep: 1740 | Steps:  200 | Reward:  -236.94
Total T:  348200 | Ep: 1741 | Steps:  200 | Reward:  -237.84
Total T:  348400 | Ep: 1742 | Steps:  200 | Reward:  -126.40
Total T:  348600 | Ep: 1743 | Steps:  200 | Reward:  -227.57
Total T:  348800 | Ep: 1744 | Steps:  200 | Reward:  -125.77
Total T:  349000 | Ep: 1745 | Steps:  200 | Reward:  -126.82
Total T:  349200 | Ep: 1746 | Steps:  200 | Reward:   -10.19
Total T:  349400 | Ep: 1747 | Steps:  200 | Reward:  -126.62
Total T:  349600 | Ep: 1748 | Steps:  200 | Reward:  -131.61
Total T:  349800 | Ep: 1749 | Steps:  200 | Reward:  -128.74
Total T:  350000 | Ep: 1750 | Steps:  200 | Reward:   -10.68
---------------------------------------
Evaluation over 10 episodes: -147.115
---------------------------------------
Total T:  350200 | Ep: 1751 | Steps:  200 | Reward:   -12.45
Total T:  350400 | Ep: 1752 | Steps:  200 | Reward:  -124.93
Total T:  350600 | Ep: 1753 | Steps:  200 | Reward:  -132.91
Total T:  350800 | Ep: 1754 | Steps:  200 | Reward:  -127.44
Total T:  351000 | Ep: 1755 | Steps:  200 | Reward:  -131.50
Total T:  351200 | Ep: 1756 | Steps:  200 | Reward:  -122.10
Total T:  351400 | Ep: 1757 | Steps:  200 | Reward:  -132.98
Total T:  351600 | Ep: 1758 | Steps:  200 | Reward:  -130.18
Total T:  351800 | Ep: 1759 | Steps:  200 | Reward:  -134.03
Total T:  352000 | Ep: 1760 | Steps:  200 | Reward:  -126.05
Total T:  352200 | Ep: 1761 | Steps:  200 | Reward:  -134.55
Total T:  352400 | Ep: 1762 | Steps:  200 | Reward:  -236.25
Total T:  352600 | Ep: 1763 | Steps:  200 | Reward:  -129.09
Total T:  352800 | Ep: 1764 | Steps:  200 | Reward:  -298.59
Total T:  353000 | Ep: 1765 | Steps:  200 | Reward:  -129.26
Total T:  353200 | Ep: 1766 | Steps:  200 | Reward:  -136.67
Total T:  353400 | Ep: 1767 | Steps:  200 | Reward:  -134.01
Total T:  353600 | Ep: 1768 | Steps:  200 | Reward:  -126.88
Total T:  353800 | Ep: 1769 | Steps:  200 | Reward:  -123.38
Total T:  354000 | Ep: 1770 | Steps:  200 | Reward:  -243.64
Total T:  354200 | Ep: 1771 | Steps:  200 | Reward:  -240.75
Total T:  354400 | Ep: 1772 | Steps:  200 | Reward:   -10.53
Total T:  354600 | Ep: 1773 | Steps:  200 | Reward:  -126.69
Total T:  354800 | Ep: 1774 | Steps:  200 | Reward:  -124.38
Total T:  355000 | Ep: 1775 | Steps:  200 | Reward:  -130.53
---------------------------------------
Evaluation over 10 episodes: -212.595
---------------------------------------
Total T:  355200 | Ep: 1776 | Steps:  200 | Reward:  -131.81
Total T:  355400 | Ep: 1777 | Steps:  200 | Reward:  -126.96
Total T:  355600 | Ep: 1778 | Steps:  200 | Reward:  -134.50
Total T:  355800 | Ep: 1779 | Steps:  200 | Reward:  -133.06
Total T:  356000 | Ep: 1780 | Steps:  200 | Reward:  -132.30
Total T:  356200 | Ep: 1781 | Steps:  200 | Reward:  -258.93
Total T:  356400 | Ep: 1782 | Steps:  200 | Reward:  -127.76
Total T:  356600 | Ep: 1783 | Steps:  200 | Reward:  -233.38
Total T:  356800 | Ep: 1784 | Steps:  200 | Reward:   -12.39
Total T:  357000 | Ep: 1785 | Steps:  200 | Reward:  -237.56
Total T:  357200 | Ep: 1786 | Steps:  200 | Reward:  -125.48
Total T:  357400 | Ep: 1787 | Steps:  200 | Reward:   -11.33
Total T:  357600 | Ep: 1788 | Steps:  200 | Reward:  -291.51
Total T:  357800 | Ep: 1789 | Steps:  200 | Reward:  -132.25
Total T:  358000 | Ep: 1790 | Steps:  200 | Reward:  -228.77
Total T:  358200 | Ep: 1791 | Steps:  200 | Reward:  -133.02
Total T:  358400 | Ep: 1792 | Steps:  200 | Reward:  -313.09
Total T:  358600 | Ep: 1793 | Steps:  200 | Reward:  -130.92
Total T:  358800 | Ep: 1794 | Steps:  200 | Reward:  -127.22
Total T:  359000 | Ep: 1795 | Steps:  200 | Reward:  -132.88
Total T:  359200 | Ep: 1796 | Steps:  200 | Reward:  -233.38
Total T:  359400 | Ep: 1797 | Steps:  200 | Reward:   -10.61
Total T:  359600 | Ep: 1798 | Steps:  200 | Reward:  -130.77
Total T:  359800 | Ep: 1799 | Steps:  200 | Reward:  -128.37
Total T:  360000 | Ep: 1800 | Steps:  200 | Reward:   -10.98
---------------------------------------
Evaluation over 10 episodes: -161.585
---------------------------------------
Total T:  360200 | Ep: 1801 | Steps:  200 | Reward:   -11.71
Total T:  360400 | Ep: 1802 | Steps:  200 | Reward:   -10.77
Total T:  360600 | Ep: 1803 | Steps:  200 | Reward:  -131.26
Total T:  360800 | Ep: 1804 | Steps:  200 | Reward:  -124.31
Total T:  361000 | Ep: 1805 | Steps:  200 | Reward:  -126.04
Total T:  361200 | Ep: 1806 | Steps:  200 | Reward:  -127.13
Total T:  361400 | Ep: 1807 | Steps:  200 | Reward:  -135.67
Total T:  361600 | Ep: 1808 | Steps:  200 | Reward:  -361.02
Total T:  361800 | Ep: 1809 | Steps:  200 | Reward:  -296.01
Total T:  362000 | Ep: 1810 | Steps:  200 | Reward:  -134.02
Total T:  362200 | Ep: 1811 | Steps:  200 | Reward:  -231.87
Total T:  362400 | Ep: 1812 | Steps:  200 | Reward:  -236.86
Total T:  362600 | Ep: 1813 | Steps:  200 | Reward:  -277.21
Total T:  362800 | Ep: 1814 | Steps:  200 | Reward:  -132.69
Total T:  363000 | Ep: 1815 | Steps:  200 | Reward:  -231.91
Total T:  363200 | Ep: 1816 | Steps:  200 | Reward:  -132.81
Total T:  363400 | Ep: 1817 | Steps:  200 | Reward:  -230.01
Total T:  363600 | Ep: 1818 | Steps:  200 | Reward:   -10.77
Total T:  363800 | Ep: 1819 | Steps:  200 | Reward:  -134.74
Total T:  364000 | Ep: 1820 | Steps:  200 | Reward:   -10.99
Total T:  364200 | Ep: 1821 | Steps:  200 | Reward:  -134.40
Total T:  364400 | Ep: 1822 | Steps:  200 | Reward:  -131.41
Total T:  364600 | Ep: 1823 | Steps:  200 | Reward:  -231.21
Total T:  364800 | Ep: 1824 | Steps:  200 | Reward:  -234.98
Total T:  365000 | Ep: 1825 | Steps:  200 | Reward:  -131.31
---------------------------------------
Evaluation over 10 episodes: -145.191
---------------------------------------
Total T:  365200 | Ep: 1826 | Steps:  200 | Reward:  -241.76
Total T:  365400 | Ep: 1827 | Steps:  200 | Reward:  -133.88
Total T:  365600 | Ep: 1828 | Steps:  200 | Reward:  -134.70
Total T:  365800 | Ep: 1829 | Steps:  200 | Reward:  -131.47
Total T:  366000 | Ep: 1830 | Steps:  200 | Reward:  -127.61
Total T:  366200 | Ep: 1831 | Steps:  200 | Reward:  -126.00
Total T:  366400 | Ep: 1832 | Steps:  200 | Reward:  -131.58
Total T:  366600 | Ep: 1833 | Steps:  200 | Reward:  -236.85
Total T:  366800 | Ep: 1834 | Steps:  200 | Reward:  -127.13
Total T:  367000 | Ep: 1835 | Steps:  200 | Reward:  -235.83
Total T:  367200 | Ep: 1836 | Steps:  200 | Reward:   -11.18
Total T:  367400 | Ep: 1837 | Steps:  200 | Reward:  -128.04
Total T:  367600 | Ep: 1838 | Steps:  200 | Reward:  -238.39
Total T:  367800 | Ep: 1839 | Steps:  200 | Reward:  -134.75
Total T:  368000 | Ep: 1840 | Steps:  200 | Reward:  -133.56
Total T:  368200 | Ep: 1841 | Steps:  200 | Reward:  -246.48
Total T:  368400 | Ep: 1842 | Steps:  200 | Reward:  -133.92
Total T:  368600 | Ep: 1843 | Steps:  200 | Reward:  -316.89
Total T:  368800 | Ep: 1844 | Steps:  200 | Reward:   -13.23
Total T:  369000 | Ep: 1845 | Steps:  200 | Reward:  -127.83
Total T:  369200 | Ep: 1846 | Steps:  200 | Reward:    -9.82
Total T:  369400 | Ep: 1847 | Steps:  200 | Reward:  -239.86
Total T:  369600 | Ep: 1848 | Steps:  200 | Reward:  -311.09
Total T:  369800 | Ep: 1849 | Steps:  200 | Reward:  -133.17
Total T:  370000 | Ep: 1850 | Steps:  200 | Reward:  -247.73
---------------------------------------
Evaluation over 10 episodes: -121.668
---------------------------------------
Total T:  370200 | Ep: 1851 | Steps:  200 | Reward:  -242.16
Total T:  370400 | Ep: 1852 | Steps:  200 | Reward:  -128.24
Total T:  370600 | Ep: 1853 | Steps:  200 | Reward:  -231.61
Total T:  370800 | Ep: 1854 | Steps:  200 | Reward:   -10.13
Total T:  371000 | Ep: 1855 | Steps:  200 | Reward:  -125.07
Total T:  371200 | Ep: 1856 | Steps:  200 | Reward:  -133.98
Total T:  371400 | Ep: 1857 | Steps:  200 | Reward:  -134.48
Total T:  371600 | Ep: 1858 | Steps:  200 | Reward:   -11.56
Total T:  371800 | Ep: 1859 | Steps:  200 | Reward:  -134.16
Total T:  372000 | Ep: 1860 | Steps:  200 | Reward:   -11.31
Total T:  372200 | Ep: 1861 | Steps:  200 | Reward:  -234.14
Total T:  372400 | Ep: 1862 | Steps:  200 | Reward:  -135.86
Total T:  372600 | Ep: 1863 | Steps:  200 | Reward:  -125.40
Total T:  372800 | Ep: 1864 | Steps:  200 | Reward:  -129.01
Total T:  373000 | Ep: 1865 | Steps:  200 | Reward:  -238.12
Total T:  373200 | Ep: 1866 | Steps:  200 | Reward:  -130.53
Total T:  373400 | Ep: 1867 | Steps:  200 | Reward:  -317.83
Total T:  373600 | Ep: 1868 | Steps:  200 | Reward:  -127.56
Total T:  373800 | Ep: 1869 | Steps:  200 | Reward:  -129.32
Total T:  374000 | Ep: 1870 | Steps:  200 | Reward:   -11.38
Total T:  374200 | Ep: 1871 | Steps:  200 | Reward:  -128.22
Total T:  374400 | Ep: 1872 | Steps:  200 | Reward:  -241.98
Total T:  374600 | Ep: 1873 | Steps:  200 | Reward:  -133.89
Total T:  374800 | Ep: 1874 | Steps:  200 | Reward:  -228.18
Total T:  375000 | Ep: 1875 | Steps:  200 | Reward:  -125.98
---------------------------------------
Evaluation over 10 episodes: -188.622
---------------------------------------
Total T:  375200 | Ep: 1876 | Steps:  200 | Reward:  -128.55
Total T:  375400 | Ep: 1877 | Steps:  200 | Reward:   -10.56
Total T:  375600 | Ep: 1878 | Steps:  200 | Reward:  -234.93
Total T:  375800 | Ep: 1879 | Steps:  200 | Reward:  -246.68
Total T:  376000 | Ep: 1880 | Steps:  200 | Reward:  -127.73
Total T:  376200 | Ep: 1881 | Steps:  200 | Reward:  -308.29
Total T:  376400 | Ep: 1882 | Steps:  200 | Reward:   -12.62
Total T:  376600 | Ep: 1883 | Steps:  200 | Reward:  -244.74
Total T:  376800 | Ep: 1884 | Steps:  200 | Reward:  -234.81
Total T:  377000 | Ep: 1885 | Steps:  200 | Reward:  -132.70
Total T:  377200 | Ep: 1886 | Steps:  200 | Reward:  -233.89
Total T:  377400 | Ep: 1887 | Steps:  200 | Reward:  -126.98
Total T:  377600 | Ep: 1888 | Steps:  200 | Reward:  -241.73
Total T:  377800 | Ep: 1889 | Steps:  200 | Reward:  -130.07
Total T:  378000 | Ep: 1890 | Steps:  200 | Reward:  -231.44
Total T:  378200 | Ep: 1891 | Steps:  200 | Reward:  -130.32
Total T:  378400 | Ep: 1892 | Steps:  200 | Reward:  -228.99
Total T:  378600 | Ep: 1893 | Steps:  200 | Reward:   -11.09
Total T:  378800 | Ep: 1894 | Steps:  200 | Reward:  -130.49
Total T:  379000 | Ep: 1895 | Steps:  200 | Reward:  -125.47
Total T:  379200 | Ep: 1896 | Steps:  200 | Reward:  -131.93
Total T:  379400 | Ep: 1897 | Steps:  200 | Reward:  -247.73
Total T:  379600 | Ep: 1898 | Steps:  200 | Reward:  -132.25
Total T:  379800 | Ep: 1899 | Steps:  200 | Reward:  -133.20
Total T:  380000 | Ep: 1900 | Steps:  200 | Reward:  -135.71
---------------------------------------
Evaluation over 10 episodes: -172.167
---------------------------------------
Total T:  380200 | Ep: 1901 | Steps:  200 | Reward:  -124.46
Total T:  380400 | Ep: 1902 | Steps:  200 | Reward:  -126.50
Total T:  380600 | Ep: 1903 | Steps:  200 | Reward:  -123.04
Total T:  380800 | Ep: 1904 | Steps:  200 | Reward:  -122.45
Total T:  381000 | Ep: 1905 | Steps:  200 | Reward:  -134.51
Total T:  381200 | Ep: 1906 | Steps:  200 | Reward:   -11.20
Total T:  381400 | Ep: 1907 | Steps:  200 | Reward:  -124.74
Total T:  381600 | Ep: 1908 | Steps:  200 | Reward:  -122.52
Total T:  381800 | Ep: 1909 | Steps:  200 | Reward:  -242.56
Total T:  382000 | Ep: 1910 | Steps:  200 | Reward:  -133.42
Total T:  382200 | Ep: 1911 | Steps:  200 | Reward:   -11.06
Total T:  382400 | Ep: 1912 | Steps:  200 | Reward:  -133.17
Total T:  382600 | Ep: 1913 | Steps:  200 | Reward:  -134.58
Total T:  382800 | Ep: 1914 | Steps:  200 | Reward:  -237.25
Total T:  383000 | Ep: 1915 | Steps:  200 | Reward:  -133.32
Total T:  383200 | Ep: 1916 | Steps:  200 | Reward:  -130.46
Total T:  383400 | Ep: 1917 | Steps:  200 | Reward:  -247.66
Total T:  383600 | Ep: 1918 | Steps:  200 | Reward:  -310.21
Total T:  383800 | Ep: 1919 | Steps:  200 | Reward:  -240.78
Total T:  384000 | Ep: 1920 | Steps:  200 | Reward:  -241.69
Total T:  384200 | Ep: 1921 | Steps:  200 | Reward:  -126.60
Total T:  384400 | Ep: 1922 | Steps:  200 | Reward:  -255.33
Total T:  384600 | Ep: 1923 | Steps:  200 | Reward:  -124.71
Total T:  384800 | Ep: 1924 | Steps:  200 | Reward:   -11.14
Total T:  385000 | Ep: 1925 | Steps:  200 | Reward:  -249.48
---------------------------------------
Evaluation over 10 episodes: -112.142
---------------------------------------
Total T:  385200 | Ep: 1926 | Steps:  200 | Reward:  -232.59
Total T:  385400 | Ep: 1927 | Steps:  200 | Reward:  -227.42
Total T:  385600 | Ep: 1928 | Steps:  200 | Reward:  -123.53
Total T:  385800 | Ep: 1929 | Steps:  200 | Reward:  -137.95
Total T:  386000 | Ep: 1930 | Steps:  200 | Reward:  -127.37
Total T:  386200 | Ep: 1931 | Steps:  200 | Reward:  -241.37
Total T:  386400 | Ep: 1932 | Steps:  200 | Reward:  -134.61
Total T:  386600 | Ep: 1933 | Steps:  200 | Reward:  -136.51
Total T:  386800 | Ep: 1934 | Steps:  200 | Reward:  -133.40
Total T:  387000 | Ep: 1935 | Steps:  200 | Reward:  -297.10
Total T:  387200 | Ep: 1936 | Steps:  200 | Reward:  -134.45
Total T:  387400 | Ep: 1937 | Steps:  200 | Reward:  -243.94
Total T:  387600 | Ep: 1938 | Steps:  200 | Reward:  -235.03
Total T:  387800 | Ep: 1939 | Steps:  200 | Reward:  -121.12
Total T:  388000 | Ep: 1940 | Steps:  200 | Reward:    -9.96
Total T:  388200 | Ep: 1941 | Steps:  200 | Reward:  -297.37
Total T:  388400 | Ep: 1942 | Steps:  200 | Reward:  -125.76
Total T:  388600 | Ep: 1943 | Steps:  200 | Reward:  -129.64
Total T:  388800 | Ep: 1944 | Steps:  200 | Reward:  -132.24
Total T:  389000 | Ep: 1945 | Steps:  200 | Reward:  -135.28
Total T:  389200 | Ep: 1946 | Steps:  200 | Reward:  -133.11
Total T:  389400 | Ep: 1947 | Steps:  200 | Reward:  -239.94
Total T:  389600 | Ep: 1948 | Steps:  200 | Reward:  -132.86
Total T:  389800 | Ep: 1949 | Steps:  200 | Reward:  -249.76
Total T:  390000 | Ep: 1950 | Steps:  200 | Reward:  -125.14
---------------------------------------
Evaluation over 10 episodes: -188.109
---------------------------------------
Total T:  390200 | Ep: 1951 | Steps:  200 | Reward:  -136.50
Total T:  390400 | Ep: 1952 | Steps:  200 | Reward:  -126.34
Total T:  390600 | Ep: 1953 | Steps:  200 | Reward:  -130.42
Total T:  390800 | Ep: 1954 | Steps:  200 | Reward:  -136.13
Total T:  391000 | Ep: 1955 | Steps:  200 | Reward:  -230.07
Total T:  391200 | Ep: 1956 | Steps:  200 | Reward:  -301.39
Total T:  391400 | Ep: 1957 | Steps:  200 | Reward:  -134.59
Total T:  391600 | Ep: 1958 | Steps:  200 | Reward:  -234.79
Total T:  391800 | Ep: 1959 | Steps:  200 | Reward:  -122.44
Total T:  392000 | Ep: 1960 | Steps:  200 | Reward:  -236.76
Total T:  392200 | Ep: 1961 | Steps:  200 | Reward:  -124.28
Total T:  392400 | Ep: 1962 | Steps:  200 | Reward:  -134.96
Total T:  392600 | Ep: 1963 | Steps:  200 | Reward:  -130.96
Total T:  392800 | Ep: 1964 | Steps:  200 | Reward:  -135.53
Total T:  393000 | Ep: 1965 | Steps:  200 | Reward:  -127.47
Total T:  393200 | Ep: 1966 | Steps:  200 | Reward:  -230.71
Total T:  393400 | Ep: 1967 | Steps:  200 | Reward:  -325.08
Total T:  393600 | Ep: 1968 | Steps:  200 | Reward:  -125.76
Total T:  393800 | Ep: 1969 | Steps:  200 | Reward:  -256.08
Total T:  394000 | Ep: 1970 | Steps:  200 | Reward:  -123.49
Total T:  394200 | Ep: 1971 | Steps:  200 | Reward:  -132.53
Total T:  394400 | Ep: 1972 | Steps:  200 | Reward:  -226.55
Total T:  394600 | Ep: 1973 | Steps:  200 | Reward:  -127.32
Total T:  394800 | Ep: 1974 | Steps:  200 | Reward:   -10.78
Total T:  395000 | Ep: 1975 | Steps:  200 | Reward:  -134.66
---------------------------------------
Evaluation over 10 episodes: -167.793
---------------------------------------
Total T:  395200 | Ep: 1976 | Steps:  200 | Reward:  -122.88
Total T:  395400 | Ep: 1977 | Steps:  200 | Reward:  -135.56
Total T:  395600 | Ep: 1978 | Steps:  200 | Reward:  -233.68
Total T:  395800 | Ep: 1979 | Steps:  200 | Reward:  -128.83
Total T:  396000 | Ep: 1980 | Steps:  200 | Reward:  -124.14
Total T:  396200 | Ep: 1981 | Steps:  200 | Reward:  -127.51
Total T:  396400 | Ep: 1982 | Steps:  200 | Reward:  -127.53
Total T:  396600 | Ep: 1983 | Steps:  200 | Reward:  -245.01
Total T:  396800 | Ep: 1984 | Steps:  200 | Reward:   -10.61
Total T:  397000 | Ep: 1985 | Steps:  200 | Reward:   -10.06
Total T:  397200 | Ep: 1986 | Steps:  200 | Reward:  -233.56
Total T:  397400 | Ep: 1987 | Steps:  200 | Reward:  -321.40
Total T:  397600 | Ep: 1988 | Steps:  200 | Reward:  -246.42
Total T:  397800 | Ep: 1989 | Steps:  200 | Reward:   -12.72
Total T:  398000 | Ep: 1990 | Steps:  200 | Reward:  -234.41
Total T:  398200 | Ep: 1991 | Steps:  200 | Reward:  -129.13
Total T:  398400 | Ep: 1992 | Steps:  200 | Reward:   -10.31
Total T:  398600 | Ep: 1993 | Steps:  200 | Reward:  -134.72
Total T:  398800 | Ep: 1994 | Steps:  200 | Reward:  -235.66
Total T:  399000 | Ep: 1995 | Steps:  200 | Reward:  -318.97
Total T:  399200 | Ep: 1996 | Steps:  200 | Reward:  -125.35
Total T:  399400 | Ep: 1997 | Steps:  200 | Reward:  -133.19
Total T:  399600 | Ep: 1998 | Steps:  200 | Reward:  -233.60
Total T:  399800 | Ep: 1999 | Steps:  200 | Reward:  -233.24
Total T:  400000 | Ep: 2000 | Steps:  200 | Reward:  -125.79
---------------------------------------
Evaluation over 10 episodes: -160.170
---------------------------------------
Total T:  400200 | Ep: 2001 | Steps:  200 | Reward:   -11.17
Total T:  400400 | Ep: 2002 | Steps:  200 | Reward:  -127.96
Total T:  400600 | Ep: 2003 | Steps:  200 | Reward:  -131.85
Total T:  400800 | Ep: 2004 | Steps:  200 | Reward:  -122.17
Total T:  401000 | Ep: 2005 | Steps:  200 | Reward:  -134.07
Total T:  401200 | Ep: 2006 | Steps:  200 | Reward:  -128.66
Total T:  401400 | Ep: 2007 | Steps:  200 | Reward:    -9.67
Total T:  401600 | Ep: 2008 | Steps:  200 | Reward:    -9.41
Total T:  401800 | Ep: 2009 | Steps:  200 | Reward:  -133.11
Total T:  402000 | Ep: 2010 | Steps:  200 | Reward:   -10.72
Total T:  402200 | Ep: 2011 | Steps:  200 | Reward:   -10.80
Total T:  402400 | Ep: 2012 | Steps:  200 | Reward:  -243.10
Total T:  402600 | Ep: 2013 | Steps:  200 | Reward:  -134.01
Total T:  402800 | Ep: 2014 | Steps:  200 | Reward:  -121.96
Total T:  403000 | Ep: 2015 | Steps:  200 | Reward:  -124.52
Total T:  403200 | Ep: 2016 | Steps:  200 | Reward:   -10.62
Total T:  403400 | Ep: 2017 | Steps:  200 | Reward:  -135.68
Total T:  403600 | Ep: 2018 | Steps:  200 | Reward:   -10.55
Total T:  403800 | Ep: 2019 | Steps:  200 | Reward:  -229.43
Total T:  404000 | Ep: 2020 | Steps:  200 | Reward:  -251.13
Total T:  404200 | Ep: 2021 | Steps:  200 | Reward:  -126.55
Total T:  404400 | Ep: 2022 | Steps:  200 | Reward:  -127.58
Total T:  404600 | Ep: 2023 | Steps:  200 | Reward:  -135.40
Total T:  404800 | Ep: 2024 | Steps:  200 | Reward:  -234.76
Total T:  405000 | Ep: 2025 | Steps:  200 | Reward:  -247.84
---------------------------------------
Evaluation over 10 episodes: -170.758
---------------------------------------
Total T:  405200 | Ep: 2026 | Steps:  200 | Reward:  -131.37
Total T:  405400 | Ep: 2027 | Steps:  200 | Reward:  -230.71
Total T:  405600 | Ep: 2028 | Steps:  200 | Reward:  -130.75
Total T:  405800 | Ep: 2029 | Steps:  200 | Reward:  -124.50
Total T:  406000 | Ep: 2030 | Steps:  200 | Reward:  -252.71
Total T:  406200 | Ep: 2031 | Steps:  200 | Reward:  -126.38
Total T:  406400 | Ep: 2032 | Steps:  200 | Reward:   -10.54
Total T:  406600 | Ep: 2033 | Steps:  200 | Reward:  -228.34
Total T:  406800 | Ep: 2034 | Steps:  200 | Reward:  -128.64
Total T:  407000 | Ep: 2035 | Steps:  200 | Reward:  -134.59
Total T:  407200 | Ep: 2036 | Steps:  200 | Reward:  -132.64
Total T:  407400 | Ep: 2037 | Steps:  200 | Reward:    -9.76
Total T:  407600 | Ep: 2038 | Steps:  200 | Reward:  -127.34
Total T:  407800 | Ep: 2039 | Steps:  200 | Reward:   -13.06
Total T:  408000 | Ep: 2040 | Steps:  200 | Reward:   -10.48
Total T:  408200 | Ep: 2041 | Steps:  200 | Reward:  -125.91
Total T:  408400 | Ep: 2042 | Steps:  200 | Reward:  -127.78
Total T:  408600 | Ep: 2043 | Steps:  200 | Reward:  -130.41
Total T:  408800 | Ep: 2044 | Steps:  200 | Reward:  -236.19
Total T:  409000 | Ep: 2045 | Steps:  200 | Reward:  -127.63
Total T:  409200 | Ep: 2046 | Steps:  200 | Reward:   -11.60
Total T:  409400 | Ep: 2047 | Steps:  200 | Reward:  -124.24
Total T:  409600 | Ep: 2048 | Steps:  200 | Reward:    -9.09
Total T:  409800 | Ep: 2049 | Steps:  200 | Reward:  -127.64
Total T:  410000 | Ep: 2050 | Steps:  200 | Reward:  -245.85
---------------------------------------
Evaluation over 10 episodes: -163.778
---------------------------------------
Total T:  410200 | Ep: 2051 | Steps:  200 | Reward:  -134.53
Total T:  410400 | Ep: 2052 | Steps:  200 | Reward:   -12.85
Total T:  410600 | Ep: 2053 | Steps:  200 | Reward:  -133.61
Total T:  410800 | Ep: 2054 | Steps:  200 | Reward:   -10.23
Total T:  411000 | Ep: 2055 | Steps:  200 | Reward:  -128.30
Total T:  411200 | Ep: 2056 | Steps:  200 | Reward:  -228.29
Total T:  411400 | Ep: 2057 | Steps:  200 | Reward:  -246.65
Total T:  411600 | Ep: 2058 | Steps:  200 | Reward:  -130.79
Total T:  411800 | Ep: 2059 | Steps:  200 | Reward:  -127.24
Total T:  412000 | Ep: 2060 | Steps:  200 | Reward:  -122.27
Total T:  412200 | Ep: 2061 | Steps:  200 | Reward:   -10.45
Total T:  412400 | Ep: 2062 | Steps:  200 | Reward:  -135.53
Total T:  412600 | Ep: 2063 | Steps:  200 | Reward:  -133.37
Total T:  412800 | Ep: 2064 | Steps:  200 | Reward:  -130.09
Total T:  413000 | Ep: 2065 | Steps:  200 | Reward:  -127.70
Total T:  413200 | Ep: 2066 | Steps:  200 | Reward:  -129.23
Total T:  413400 | Ep: 2067 | Steps:  200 | Reward:   -11.62
Total T:  413600 | Ep: 2068 | Steps:  200 | Reward:  -135.33
Total T:  413800 | Ep: 2069 | Steps:  200 | Reward:  -137.94
Total T:  414000 | Ep: 2070 | Steps:  200 | Reward:  -239.87
Total T:  414200 | Ep: 2071 | Steps:  200 | Reward:  -372.45
Total T:  414400 | Ep: 2072 | Steps:  200 | Reward:  -236.93
Total T:  414600 | Ep: 2073 | Steps:  200 | Reward:  -134.03
Total T:  414800 | Ep: 2074 | Steps:  200 | Reward:  -122.70
Total T:  415000 | Ep: 2075 | Steps:  200 | Reward:    -9.77
---------------------------------------
Evaluation over 10 episodes: -154.654
---------------------------------------
Total T:  415200 | Ep: 2076 | Steps:  200 | Reward:  -122.80
Total T:  415400 | Ep: 2077 | Steps:  200 | Reward:  -125.82
Total T:  415600 | Ep: 2078 | Steps:  200 | Reward:  -134.77
Total T:  415800 | Ep: 2079 | Steps:  200 | Reward:  -236.55
Total T:  416000 | Ep: 2080 | Steps:  200 | Reward:  -133.01
Total T:  416200 | Ep: 2081 | Steps:  200 | Reward:  -124.11
Total T:  416400 | Ep: 2082 | Steps:  200 | Reward:  -231.93
Total T:  416600 | Ep: 2083 | Steps:  200 | Reward:  -134.26
Total T:  416800 | Ep: 2084 | Steps:  200 | Reward:  -137.50
Total T:  417000 | Ep: 2085 | Steps:  200 | Reward:  -130.26
Total T:  417200 | Ep: 2086 | Steps:  200 | Reward:   -10.03
Total T:  417400 | Ep: 2087 | Steps:  200 | Reward:  -128.78
Total T:  417600 | Ep: 2088 | Steps:  200 | Reward:  -127.17
Total T:  417800 | Ep: 2089 | Steps:  200 | Reward:  -134.24
Total T:  418000 | Ep: 2090 | Steps:  200 | Reward:  -240.87
Total T:  418200 | Ep: 2091 | Steps:  200 | Reward:  -235.17
Total T:  418400 | Ep: 2092 | Steps:  200 | Reward:  -125.83
Total T:  418600 | Ep: 2093 | Steps:  200 | Reward:  -236.08
Total T:  418800 | Ep: 2094 | Steps:  200 | Reward:  -136.89
Total T:  419000 | Ep: 2095 | Steps:  200 | Reward:  -246.68
Total T:  419200 | Ep: 2096 | Steps:  200 | Reward:  -239.98
Total T:  419400 | Ep: 2097 | Steps:  200 | Reward:  -246.52
Total T:  419600 | Ep: 2098 | Steps:  200 | Reward:  -132.98
Total T:  419800 | Ep: 2099 | Steps:  200 | Reward:  -235.32
Total T:  420000 | Ep: 2100 | Steps:  200 | Reward:  -125.38
---------------------------------------
Evaluation over 10 episodes: -176.899
---------------------------------------
Total T:  420200 | Ep: 2101 | Steps:  200 | Reward:  -297.45
Total T:  420400 | Ep: 2102 | Steps:  200 | Reward:  -237.88
Total T:  420600 | Ep: 2103 | Steps:  200 | Reward:  -129.73
Total T:  420800 | Ep: 2104 | Steps:  200 | Reward:  -129.54
Total T:  421000 | Ep: 2105 | Steps:  200 | Reward:  -135.76
Total T:  421200 | Ep: 2106 | Steps:  200 | Reward:  -237.95
Total T:  421400 | Ep: 2107 | Steps:  200 | Reward:  -125.69
Total T:  421600 | Ep: 2108 | Steps:  200 | Reward:  -136.10
Total T:  421800 | Ep: 2109 | Steps:  200 | Reward:  -234.24
Total T:  422000 | Ep: 2110 | Steps:  200 | Reward:  -234.62
Total T:  422200 | Ep: 2111 | Steps:  200 | Reward:  -136.73
Total T:  422400 | Ep: 2112 | Steps:  200 | Reward:  -134.33
Total T:  422600 | Ep: 2113 | Steps:  200 | Reward:  -128.54
Total T:  422800 | Ep: 2114 | Steps:  200 | Reward:  -233.59
Total T:  423000 | Ep: 2115 | Steps:  200 | Reward:  -227.22
Total T:  423200 | Ep: 2116 | Steps:  200 | Reward:  -135.37
Total T:  423400 | Ep: 2117 | Steps:  200 | Reward:  -272.93
Total T:  423600 | Ep: 2118 | Steps:  200 | Reward:  -131.25
Total T:  423800 | Ep: 2119 | Steps:  200 | Reward:  -243.31
Total T:  424000 | Ep: 2120 | Steps:  200 | Reward:  -134.91
Total T:  424200 | Ep: 2121 | Steps:  200 | Reward:  -126.24
Total T:  424400 | Ep: 2122 | Steps:  200 | Reward:  -133.90
Total T:  424600 | Ep: 2123 | Steps:  200 | Reward:  -129.63
Total T:  424800 | Ep: 2124 | Steps:  200 | Reward:  -125.94
Total T:  425000 | Ep: 2125 | Steps:  200 | Reward:  -125.83
---------------------------------------
Evaluation over 10 episodes: -138.455
---------------------------------------
Total T:  425200 | Ep: 2126 | Steps:  200 | Reward:  -127.24
Total T:  425400 | Ep: 2127 | Steps:  200 | Reward:  -127.29
Total T:  425600 | Ep: 2128 | Steps:  200 | Reward:  -125.70
Total T:  425800 | Ep: 2129 | Steps:  200 | Reward:  -130.00
Total T:  426000 | Ep: 2130 | Steps:  200 | Reward:   -11.27
Total T:  426200 | Ep: 2131 | Steps:  200 | Reward:   -11.61
Total T:  426400 | Ep: 2132 | Steps:  200 | Reward:  -251.29
Total T:  426600 | Ep: 2133 | Steps:  200 | Reward:   -11.55
Total T:  426800 | Ep: 2134 | Steps:  200 | Reward:  -317.42
Total T:  427000 | Ep: 2135 | Steps:  200 | Reward:  -132.74
Total T:  427200 | Ep: 2136 | Steps:  200 | Reward:  -124.23
Total T:  427400 | Ep: 2137 | Steps:  200 | Reward:  -236.79
Total T:  427600 | Ep: 2138 | Steps:  200 | Reward:  -132.36
Total T:  427800 | Ep: 2139 | Steps:  200 | Reward:  -126.89
Total T:  428000 | Ep: 2140 | Steps:  200 | Reward:  -273.32
Total T:  428200 | Ep: 2141 | Steps:  200 | Reward:  -126.02
Total T:  428400 | Ep: 2142 | Steps:  200 | Reward:  -123.57
Total T:  428600 | Ep: 2143 | Steps:  200 | Reward:  -237.40
Total T:  428800 | Ep: 2144 | Steps:  200 | Reward:  -136.63
Total T:  429000 | Ep: 2145 | Steps:  200 | Reward:  -124.01
Total T:  429200 | Ep: 2146 | Steps:  200 | Reward:  -124.37
Total T:  429400 | Ep: 2147 | Steps:  200 | Reward:  -234.33
Total T:  429600 | Ep: 2148 | Steps:  200 | Reward:  -273.49
Total T:  429800 | Ep: 2149 | Steps:  200 | Reward:  -134.47
Total T:  430000 | Ep: 2150 | Steps:  200 | Reward:  -128.12
---------------------------------------
Evaluation over 10 episodes: -116.857
---------------------------------------
Total T:  430200 | Ep: 2151 | Steps:  200 | Reward:   -11.78
Total T:  430400 | Ep: 2152 | Steps:  200 | Reward:  -127.77
Total T:  430600 | Ep: 2153 | Steps:  200 | Reward:  -134.88
Total T:  430800 | Ep: 2154 | Steps:  200 | Reward:  -127.96
Total T:  431000 | Ep: 2155 | Steps:  200 | Reward:  -135.06
Total T:  431200 | Ep: 2156 | Steps:  200 | Reward:  -127.23
Total T:  431400 | Ep: 2157 | Steps:  200 | Reward:  -235.40
Total T:  431600 | Ep: 2158 | Steps:  200 | Reward:   -11.23
Total T:  431800 | Ep: 2159 | Steps:  200 | Reward:  -133.41
Total T:  432000 | Ep: 2160 | Steps:  200 | Reward:   -10.86
Total T:  432200 | Ep: 2161 | Steps:  200 | Reward:  -133.27
Total T:  432400 | Ep: 2162 | Steps:  200 | Reward:  -135.30
Total T:  432600 | Ep: 2163 | Steps:  200 | Reward:   -12.76
Total T:  432800 | Ep: 2164 | Steps:  200 | Reward:   -11.73
Total T:  433000 | Ep: 2165 | Steps:  200 | Reward:   -11.83
Total T:  433200 | Ep: 2166 | Steps:  200 | Reward:  -239.82
Total T:  433400 | Ep: 2167 | Steps:  200 | Reward:  -133.30
Total T:  433600 | Ep: 2168 | Steps:  200 | Reward:  -126.41
Total T:  433800 | Ep: 2169 | Steps:  200 | Reward:  -136.92
Total T:  434000 | Ep: 2170 | Steps:  200 | Reward:  -129.46
Total T:  434200 | Ep: 2171 | Steps:  200 | Reward:  -134.06
Total T:  434400 | Ep: 2172 | Steps:  200 | Reward:  -125.29
Total T:  434600 | Ep: 2173 | Steps:  200 | Reward:  -233.18
Total T:  434800 | Ep: 2174 | Steps:  200 | Reward:  -131.18
Total T:  435000 | Ep: 2175 | Steps:  200 | Reward:  -131.54
---------------------------------------
Evaluation over 10 episodes: -168.155
---------------------------------------
Total T:  435200 | Ep: 2176 | Steps:  200 | Reward:  -126.06
Total T:  435400 | Ep: 2177 | Steps:  200 | Reward:  -231.80
Total T:  435600 | Ep: 2178 | Steps:  200 | Reward:  -234.00
Total T:  435800 | Ep: 2179 | Steps:  200 | Reward:  -127.85
Total T:  436000 | Ep: 2180 | Steps:  200 | Reward:  -231.53
Total T:  436200 | Ep: 2181 | Steps:  200 | Reward:  -125.86
Total T:  436400 | Ep: 2182 | Steps:  200 | Reward:    -9.38
Total T:  436600 | Ep: 2183 | Steps:  200 | Reward:  -131.40
Total T:  436800 | Ep: 2184 | Steps:  200 | Reward:  -128.24
Total T:  437000 | Ep: 2185 | Steps:  200 | Reward:  -228.24
Total T:  437200 | Ep: 2186 | Steps:  200 | Reward:  -235.20
Total T:  437400 | Ep: 2187 | Steps:  200 | Reward:   -13.85
Total T:  437600 | Ep: 2188 | Steps:  200 | Reward:   -12.60
Total T:  437800 | Ep: 2189 | Steps:  200 | Reward:  -130.67
Total T:  438000 | Ep: 2190 | Steps:  200 | Reward:  -125.51
Total T:  438200 | Ep: 2191 | Steps:  200 | Reward:  -132.30
Total T:  438400 | Ep: 2192 | Steps:  200 | Reward:   -13.67
Total T:  438600 | Ep: 2193 | Steps:  200 | Reward:  -130.67
Total T:  438800 | Ep: 2194 | Steps:  200 | Reward:  -282.45
Total T:  439000 | Ep: 2195 | Steps:  200 | Reward:  -253.04
Total T:  439200 | Ep: 2196 | Steps:  200 | Reward:  -127.56
Total T:  439400 | Ep: 2197 | Steps:  200 | Reward:  -133.39
Total T:  439600 | Ep: 2198 | Steps:  200 | Reward:  -237.63
Total T:  439800 | Ep: 2199 | Steps:  200 | Reward:  -133.12
Total T:  440000 | Ep: 2200 | Steps:  200 | Reward:  -125.37
---------------------------------------
Evaluation over 10 episodes: -181.344
---------------------------------------
Total T:  440200 | Ep: 2201 | Steps:  200 | Reward:    -9.26
Total T:  440400 | Ep: 2202 | Steps:  200 | Reward:  -281.83
Total T:  440600 | Ep: 2203 | Steps:  200 | Reward:  -131.61
Total T:  440800 | Ep: 2204 | Steps:  200 | Reward:  -132.87
Total T:  441000 | Ep: 2205 | Steps:  200 | Reward:  -235.07
Total T:  441200 | Ep: 2206 | Steps:  200 | Reward:  -133.38
Total T:  441400 | Ep: 2207 | Steps:  200 | Reward:  -122.83
Total T:  441600 | Ep: 2208 | Steps:  200 | Reward:  -126.50
Total T:  441800 | Ep: 2209 | Steps:  200 | Reward:  -236.31
Total T:  442000 | Ep: 2210 | Steps:  200 | Reward:  -133.18
Total T:  442200 | Ep: 2211 | Steps:  200 | Reward:  -136.12
Total T:  442400 | Ep: 2212 | Steps:  200 | Reward:  -130.79
Total T:  442600 | Ep: 2213 | Steps:  200 | Reward:  -329.13
Total T:  442800 | Ep: 2214 | Steps:  200 | Reward:  -131.04
Total T:  443000 | Ep: 2215 | Steps:  200 | Reward:  -134.23
Total T:  443200 | Ep: 2216 | Steps:  200 | Reward:  -132.24
Total T:  443400 | Ep: 2217 | Steps:  200 | Reward:  -133.85
Total T:  443600 | Ep: 2218 | Steps:  200 | Reward:  -135.69
Total T:  443800 | Ep: 2219 | Steps:  200 | Reward:  -130.87
Total T:  444000 | Ep: 2220 | Steps:  200 | Reward:  -127.85
Total T:  444200 | Ep: 2221 | Steps:  200 | Reward:  -122.08
Total T:  444400 | Ep: 2222 | Steps:  200 | Reward:  -133.20
Total T:  444600 | Ep: 2223 | Steps:  200 | Reward:  -229.57
Total T:  444800 | Ep: 2224 | Steps:  200 | Reward:  -225.31
Total T:  445000 | Ep: 2225 | Steps:  200 | Reward:  -125.53
---------------------------------------
Evaluation over 10 episodes: -157.016
---------------------------------------
Total T:  445200 | Ep: 2226 | Steps:  200 | Reward:  -231.75
Total T:  445400 | Ep: 2227 | Steps:  200 | Reward:    -9.28
Total T:  445600 | Ep: 2228 | Steps:  200 | Reward:  -229.90
Total T:  445800 | Ep: 2229 | Steps:  200 | Reward:  -122.33
Total T:  446000 | Ep: 2230 | Steps:  200 | Reward:  -125.48
Total T:  446200 | Ep: 2231 | Steps:  200 | Reward:  -126.29
Total T:  446400 | Ep: 2232 | Steps:  200 | Reward:  -234.57
Total T:  446600 | Ep: 2233 | Steps:  200 | Reward:  -245.35
Total T:  446800 | Ep: 2234 | Steps:  200 | Reward:  -244.96
Total T:  447000 | Ep: 2235 | Steps:  200 | Reward:  -132.22
Total T:  447200 | Ep: 2236 | Steps:  200 | Reward:  -242.76
Total T:  447400 | Ep: 2237 | Steps:  200 | Reward:  -234.89
Total T:  447600 | Ep: 2238 | Steps:  200 | Reward:  -285.79
Total T:  447800 | Ep: 2239 | Steps:  200 | Reward:  -133.72
Total T:  448000 | Ep: 2240 | Steps:  200 | Reward:  -258.19
Total T:  448200 | Ep: 2241 | Steps:  200 | Reward:  -127.61
Total T:  448400 | Ep: 2242 | Steps:  200 | Reward:  -235.11
Total T:  448600 | Ep: 2243 | Steps:  200 | Reward:  -128.83
Total T:  448800 | Ep: 2244 | Steps:  200 | Reward:  -124.76
Total T:  449000 | Ep: 2245 | Steps:  200 | Reward:  -133.15
Total T:  449200 | Ep: 2246 | Steps:  200 | Reward:  -229.51
Total T:  449400 | Ep: 2247 | Steps:  200 | Reward:  -135.14
Total T:  449600 | Ep: 2248 | Steps:  200 | Reward:  -122.67
Total T:  449800 | Ep: 2249 | Steps:  200 | Reward:  -128.66
Total T:  450000 | Ep: 2250 | Steps:  200 | Reward:   -10.67
---------------------------------------
Evaluation over 10 episodes: -183.755
---------------------------------------
Total T:  450200 | Ep: 2251 | Steps:  200 | Reward:  -254.33
Total T:  450400 | Ep: 2252 | Steps:  200 | Reward:  -131.27
Total T:  450600 | Ep: 2253 | Steps:  200 | Reward:   -10.62
Total T:  450800 | Ep: 2254 | Steps:  200 | Reward:  -124.97
Total T:  451000 | Ep: 2255 | Steps:  200 | Reward:  -241.69
Total T:  451200 | Ep: 2256 | Steps:  200 | Reward:  -126.33
Total T:  451400 | Ep: 2257 | Steps:  200 | Reward:  -317.74
Total T:  451600 | Ep: 2258 | Steps:  200 | Reward:  -128.80
Total T:  451800 | Ep: 2259 | Steps:  200 | Reward:  -224.20
Total T:  452000 | Ep: 2260 | Steps:  200 | Reward:  -303.00
Total T:  452200 | Ep: 2261 | Steps:  200 | Reward:  -131.39
Total T:  452400 | Ep: 2262 | Steps:  200 | Reward:  -124.74
Total T:  452600 | Ep: 2263 | Steps:  200 | Reward:  -275.64
Total T:  452800 | Ep: 2264 | Steps:  200 | Reward:  -124.90
Total T:  453000 | Ep: 2265 | Steps:  200 | Reward:  -126.82
Total T:  453200 | Ep: 2266 | Steps:  200 | Reward:  -126.31
Total T:  453400 | Ep: 2267 | Steps:  200 | Reward:  -133.93
Total T:  453600 | Ep: 2268 | Steps:  200 | Reward:  -130.41
Total T:  453800 | Ep: 2269 | Steps:  200 | Reward:  -127.52
Total T:  454000 | Ep: 2270 | Steps:  200 | Reward:  -124.22
Total T:  454200 | Ep: 2271 | Steps:  200 | Reward:    -9.95
Total T:  454400 | Ep: 2272 | Steps:  200 | Reward:  -230.55
Total T:  454600 | Ep: 2273 | Steps:  200 | Reward:  -125.67
Total T:  454800 | Ep: 2274 | Steps:  200 | Reward:  -123.54
Total T:  455000 | Ep: 2275 | Steps:  200 | Reward:  -127.71
---------------------------------------
Evaluation over 10 episodes: -101.680
---------------------------------------
Total T:  455200 | Ep: 2276 | Steps:  200 | Reward:  -300.90
Total T:  455400 | Ep: 2277 | Steps:  200 | Reward:  -132.28
Total T:  455600 | Ep: 2278 | Steps:  200 | Reward:  -239.79
Total T:  455800 | Ep: 2279 | Steps:  200 | Reward:  -130.56
Total T:  456000 | Ep: 2280 | Steps:  200 | Reward:  -133.92
Total T:  456200 | Ep: 2281 | Steps:  200 | Reward:  -127.96
Total T:  456400 | Ep: 2282 | Steps:  200 | Reward:  -129.13
Total T:  456600 | Ep: 2283 | Steps:  200 | Reward:  -126.21
Total T:  456800 | Ep: 2284 | Steps:  200 | Reward:  -136.25
Total T:  457000 | Ep: 2285 | Steps:  200 | Reward:  -250.17
Total T:  457200 | Ep: 2286 | Steps:  200 | Reward:  -125.78
Total T:  457400 | Ep: 2287 | Steps:  200 | Reward:  -128.91
Total T:  457600 | Ep: 2288 | Steps:  200 | Reward:  -134.48
Total T:  457800 | Ep: 2289 | Steps:  200 | Reward:  -134.10
Total T:  458000 | Ep: 2290 | Steps:  200 | Reward:  -126.57
Total T:  458200 | Ep: 2291 | Steps:  200 | Reward:  -326.52
Total T:  458400 | Ep: 2292 | Steps:  200 | Reward:  -126.98
Total T:  458600 | Ep: 2293 | Steps:  200 | Reward:  -133.22
Total T:  458800 | Ep: 2294 | Steps:  200 | Reward:    -9.92
Total T:  459000 | Ep: 2295 | Steps:  200 | Reward:  -133.19
Total T:  459200 | Ep: 2296 | Steps:  200 | Reward:  -128.12
Total T:  459400 | Ep: 2297 | Steps:  200 | Reward:  -127.20
Total T:  459600 | Ep: 2298 | Steps:  200 | Reward:  -130.67
Total T:  459800 | Ep: 2299 | Steps:  200 | Reward:  -310.22
Total T:  460000 | Ep: 2300 | Steps:  200 | Reward:  -238.11
---------------------------------------
Evaluation over 10 episodes: -170.661
---------------------------------------
Total T:  460200 | Ep: 2301 | Steps:  200 | Reward:   -10.26
Total T:  460400 | Ep: 2302 | Steps:  200 | Reward:  -130.79
Total T:  460600 | Ep: 2303 | Steps:  200 | Reward:  -134.20
Total T:  460800 | Ep: 2304 | Steps:  200 | Reward:  -235.87
Total T:  461000 | Ep: 2305 | Steps:  200 | Reward:  -133.46
Total T:  461200 | Ep: 2306 | Steps:  200 | Reward:  -125.41
Total T:  461400 | Ep: 2307 | Steps:  200 | Reward:  -130.18
Total T:  461600 | Ep: 2308 | Steps:  200 | Reward:  -314.17
Total T:  461800 | Ep: 2309 | Steps:  200 | Reward:  -129.77
Total T:  462000 | Ep: 2310 | Steps:  200 | Reward:  -124.98
Total T:  462200 | Ep: 2311 | Steps:  200 | Reward:  -123.88
Total T:  462400 | Ep: 2312 | Steps:  200 | Reward:  -126.46
Total T:  462600 | Ep: 2313 | Steps:  200 | Reward:  -318.44
Total T:  462800 | Ep: 2314 | Steps:  200 | Reward:  -234.39
Total T:  463000 | Ep: 2315 | Steps:  200 | Reward:  -232.00
Total T:  463200 | Ep: 2316 | Steps:  200 | Reward:  -125.07
Total T:  463400 | Ep: 2317 | Steps:  200 | Reward:    -9.86
Total T:  463600 | Ep: 2318 | Steps:  200 | Reward:  -135.96
Total T:  463800 | Ep: 2319 | Steps:  200 | Reward:  -233.01
Total T:  464000 | Ep: 2320 | Steps:  200 | Reward:  -127.54
Total T:  464200 | Ep: 2321 | Steps:  200 | Reward:  -132.27
Total T:  464400 | Ep: 2322 | Steps:  200 | Reward:  -123.00
Total T:  464600 | Ep: 2323 | Steps:  200 | Reward:  -306.12
Total T:  464800 | Ep: 2324 | Steps:  200 | Reward:  -135.54
Total T:  465000 | Ep: 2325 | Steps:  200 | Reward:  -134.69
---------------------------------------
Evaluation over 10 episodes: -137.741
---------------------------------------
Total T:  465200 | Ep: 2326 | Steps:  200 | Reward:  -226.93
Total T:  465400 | Ep: 2327 | Steps:  200 | Reward:  -125.00
Total T:  465600 | Ep: 2328 | Steps:  200 | Reward:  -241.14
Total T:  465800 | Ep: 2329 | Steps:  200 | Reward:  -129.58
Total T:  466000 | Ep: 2330 | Steps:  200 | Reward:  -132.25
Total T:  466200 | Ep: 2331 | Steps:  200 | Reward:  -127.46
Total T:  466400 | Ep: 2332 | Steps:  200 | Reward:  -333.87
Total T:  466600 | Ep: 2333 | Steps:  200 | Reward:  -134.37
Total T:  466800 | Ep: 2334 | Steps:  200 | Reward:  -240.85
Total T:  467000 | Ep: 2335 | Steps:  200 | Reward:  -315.84
Total T:  467200 | Ep: 2336 | Steps:  200 | Reward:  -122.94
Total T:  467400 | Ep: 2337 | Steps:  200 | Reward:  -128.16
Total T:  467600 | Ep: 2338 | Steps:  200 | Reward:  -122.00
Total T:  467800 | Ep: 2339 | Steps:  200 | Reward:  -234.34
Total T:  468000 | Ep: 2340 | Steps:  200 | Reward:  -125.47
Total T:  468200 | Ep: 2341 | Steps:  200 | Reward:  -133.14
Total T:  468400 | Ep: 2342 | Steps:  200 | Reward:    -9.38
Total T:  468600 | Ep: 2343 | Steps:  200 | Reward:  -124.32
Total T:  468800 | Ep: 2344 | Steps:  200 | Reward:  -231.15
Total T:  469000 | Ep: 2345 | Steps:  200 | Reward:  -133.20
Total T:  469200 | Ep: 2346 | Steps:  200 | Reward:  -127.74
Total T:  469400 | Ep: 2347 | Steps:  200 | Reward:  -231.09
Total T:  469600 | Ep: 2348 | Steps:  200 | Reward:  -324.59
Total T:  469800 | Ep: 2349 | Steps:  200 | Reward:   -11.98
Total T:  470000 | Ep: 2350 | Steps:  200 | Reward:   -10.15
---------------------------------------
Evaluation over 10 episodes: -181.311
---------------------------------------
Total T:  470200 | Ep: 2351 | Steps:  200 | Reward:  -242.18
Total T:  470400 | Ep: 2352 | Steps:  200 | Reward:  -132.66
Total T:  470600 | Ep: 2353 | Steps:  200 | Reward:  -127.89
Total T:  470800 | Ep: 2354 | Steps:  200 | Reward:  -134.35
Total T:  471000 | Ep: 2355 | Steps:  200 | Reward:  -127.62
Total T:  471200 | Ep: 2356 | Steps:  200 | Reward:   -10.87
Total T:  471400 | Ep: 2357 | Steps:  200 | Reward:  -250.23
Total T:  471600 | Ep: 2358 | Steps:  200 | Reward:  -128.93
Total T:  471800 | Ep: 2359 | Steps:  200 | Reward:  -231.22
Total T:  472000 | Ep: 2360 | Steps:  200 | Reward:  -127.99
Total T:  472200 | Ep: 2361 | Steps:  200 | Reward:  -297.72
Total T:  472400 | Ep: 2362 | Steps:  200 | Reward:    -9.78
Total T:  472600 | Ep: 2363 | Steps:  200 | Reward:  -135.01
Total T:  472800 | Ep: 2364 | Steps:  200 | Reward:  -136.55
Total T:  473000 | Ep: 2365 | Steps:  200 | Reward:  -128.26
Total T:  473200 | Ep: 2366 | Steps:  200 | Reward:  -128.01
Total T:  473400 | Ep: 2367 | Steps:  200 | Reward:  -133.75
Total T:  473600 | Ep: 2368 | Steps:  200 | Reward:  -129.83
Total T:  473800 | Ep: 2369 | Steps:  200 | Reward:    -9.64
Total T:  474000 | Ep: 2370 | Steps:  200 | Reward:  -134.79
Total T:  474200 | Ep: 2371 | Steps:  200 | Reward:  -232.06
Total T:  474400 | Ep: 2372 | Steps:  200 | Reward:  -226.42
Total T:  474600 | Ep: 2373 | Steps:  200 | Reward:  -127.14
Total T:  474800 | Ep: 2374 | Steps:  200 | Reward:  -133.15
Total T:  475000 | Ep: 2375 | Steps:  200 | Reward:  -124.27
---------------------------------------
Evaluation over 10 episodes: -159.967
---------------------------------------
Total T:  475200 | Ep: 2376 | Steps:  200 | Reward:  -317.87
Total T:  475400 | Ep: 2377 | Steps:  200 | Reward:  -227.64
Total T:  475600 | Ep: 2378 | Steps:  200 | Reward:  -124.09
Total T:  475800 | Ep: 2379 | Steps:  200 | Reward:  -238.59
Total T:  476000 | Ep: 2380 | Steps:  200 | Reward:  -127.59
Total T:  476200 | Ep: 2381 | Steps:  200 | Reward:  -122.97
Total T:  476400 | Ep: 2382 | Steps:  200 | Reward:  -133.31
Total T:  476600 | Ep: 2383 | Steps:  200 | Reward:  -128.51
Total T:  476800 | Ep: 2384 | Steps:  200 | Reward:  -236.46
Total T:  477000 | Ep: 2385 | Steps:  200 | Reward:  -325.18
Total T:  477200 | Ep: 2386 | Steps:  200 | Reward:  -126.21
Total T:  477400 | Ep: 2387 | Steps:  200 | Reward:  -236.54
Total T:  477600 | Ep: 2388 | Steps:  200 | Reward:  -126.71
Total T:  477800 | Ep: 2389 | Steps:  200 | Reward:  -134.76
Total T:  478000 | Ep: 2390 | Steps:  200 | Reward:  -259.84
Total T:  478200 | Ep: 2391 | Steps:  200 | Reward:  -129.72
Total T:  478400 | Ep: 2392 | Steps:  200 | Reward:  -129.95
Total T:  478600 | Ep: 2393 | Steps:  200 | Reward:  -231.79
Total T:  478800 | Ep: 2394 | Steps:  200 | Reward:  -127.34
Total T:  479000 | Ep: 2395 | Steps:  200 | Reward:  -124.55
Total T:  479200 | Ep: 2396 | Steps:  200 | Reward:  -136.32
Total T:  479400 | Ep: 2397 | Steps:  200 | Reward:  -132.71
Total T:  479600 | Ep: 2398 | Steps:  200 | Reward:  -130.97
Total T:  479800 | Ep: 2399 | Steps:  200 | Reward:  -128.15
Total T:  480000 | Ep: 2400 | Steps:  200 | Reward:    -9.88
---------------------------------------
Evaluation over 10 episodes: -178.399
---------------------------------------
Total T:  480200 | Ep: 2401 | Steps:  200 | Reward:    -9.84
Total T:  480400 | Ep: 2402 | Steps:  200 | Reward:   -11.29
Total T:  480600 | Ep: 2403 | Steps:  200 | Reward:  -126.24
Total T:  480800 | Ep: 2404 | Steps:  200 | Reward:  -132.93
Total T:  481000 | Ep: 2405 | Steps:  200 | Reward:    -9.93
Total T:  481200 | Ep: 2406 | Steps:  200 | Reward:  -124.53
Total T:  481400 | Ep: 2407 | Steps:  200 | Reward:  -248.65
Total T:  481600 | Ep: 2408 | Steps:  200 | Reward:  -232.52
Total T:  481800 | Ep: 2409 | Steps:  200 | Reward:  -245.42
Total T:  482000 | Ep: 2410 | Steps:  200 | Reward:  -125.32
Total T:  482200 | Ep: 2411 | Steps:  200 | Reward:  -132.20
Total T:  482400 | Ep: 2412 | Steps:  200 | Reward:  -122.55
Total T:  482600 | Ep: 2413 | Steps:  200 | Reward:  -124.29
Total T:  482800 | Ep: 2414 | Steps:  200 | Reward:  -133.31
Total T:  483000 | Ep: 2415 | Steps:  200 | Reward:  -125.49
Total T:  483200 | Ep: 2416 | Steps:  200 | Reward:    -9.75
Total T:  483400 | Ep: 2417 | Steps:  200 | Reward:  -231.70
Total T:  483600 | Ep: 2418 | Steps:  200 | Reward:  -123.48
Total T:  483800 | Ep: 2419 | Steps:  200 | Reward:  -258.77
Total T:  484000 | Ep: 2420 | Steps:  200 | Reward:  -126.11
Total T:  484200 | Ep: 2421 | Steps:  200 | Reward:    -9.52
Total T:  484400 | Ep: 2422 | Steps:  200 | Reward:  -128.82
Total T:  484600 | Ep: 2423 | Steps:  200 | Reward:  -234.09
Total T:  484800 | Ep: 2424 | Steps:  200 | Reward:  -131.41
Total T:  485000 | Ep: 2425 | Steps:  200 | Reward:  -308.67
---------------------------------------
Evaluation over 10 episodes: -150.722
---------------------------------------
Total T:  485200 | Ep: 2426 | Steps:  200 | Reward:    -9.61
Total T:  485400 | Ep: 2427 | Steps:  200 | Reward:  -124.92
Total T:  485600 | Ep: 2428 | Steps:  200 | Reward:  -126.39
Total T:  485800 | Ep: 2429 | Steps:  200 | Reward:  -127.97
Total T:  486000 | Ep: 2430 | Steps:  200 | Reward:  -230.03
Total T:  486200 | Ep: 2431 | Steps:  200 | Reward:   -10.02
Total T:  486400 | Ep: 2432 | Steps:  200 | Reward:  -226.11
Total T:  486600 | Ep: 2433 | Steps:  200 | Reward:  -224.06
Total T:  486800 | Ep: 2434 | Steps:  200 | Reward:  -245.94
Total T:  487000 | Ep: 2435 | Steps:  200 | Reward:  -131.55
Total T:  487200 | Ep: 2436 | Steps:  200 | Reward:  -124.39
Total T:  487400 | Ep: 2437 | Steps:  200 | Reward:  -123.97
Total T:  487600 | Ep: 2438 | Steps:  200 | Reward:  -239.54
Total T:  487800 | Ep: 2439 | Steps:  200 | Reward:  -130.48
Total T:  488000 | Ep: 2440 | Steps:  200 | Reward:  -317.16
Total T:  488200 | Ep: 2441 | Steps:  200 | Reward:  -250.97
Total T:  488400 | Ep: 2442 | Steps:  200 | Reward:  -125.23
Total T:  488600 | Ep: 2443 | Steps:  200 | Reward:    -9.92
Total T:  488800 | Ep: 2444 | Steps:  200 | Reward:  -126.10
Total T:  489000 | Ep: 2445 | Steps:  200 | Reward:  -237.04
Total T:  489200 | Ep: 2446 | Steps:  200 | Reward:  -122.50
Total T:  489400 | Ep: 2447 | Steps:  200 | Reward:  -125.88
Total T:  489600 | Ep: 2448 | Steps:  200 | Reward:  -224.71
Total T:  489800 | Ep: 2449 | Steps:  200 | Reward:  -239.98
Total T:  490000 | Ep: 2450 | Steps:  200 | Reward:  -124.77
---------------------------------------
Evaluation over 10 episodes: -137.255
---------------------------------------
Total T:  490200 | Ep: 2451 | Steps:  200 | Reward:  -125.58
Total T:  490400 | Ep: 2452 | Steps:  200 | Reward:  -227.37
Total T:  490600 | Ep: 2453 | Steps:  200 | Reward:  -237.23
Total T:  490800 | Ep: 2454 | Steps:  200 | Reward:  -325.37
Total T:  491000 | Ep: 2455 | Steps:  200 | Reward:  -308.19
Total T:  491200 | Ep: 2456 | Steps:  200 | Reward:  -131.11
Total T:  491400 | Ep: 2457 | Steps:  200 | Reward:  -231.00
Total T:  491600 | Ep: 2458 | Steps:  200 | Reward:    -9.98
Total T:  491800 | Ep: 2459 | Steps:  200 | Reward:    -9.78
Total T:  492000 | Ep: 2460 | Steps:  200 | Reward:    -9.88
Total T:  492200 | Ep: 2461 | Steps:  200 | Reward:  -244.77
Total T:  492400 | Ep: 2462 | Steps:  200 | Reward:  -128.74
Total T:  492600 | Ep: 2463 | Steps:  200 | Reward:  -235.49
Total T:  492800 | Ep: 2464 | Steps:  200 | Reward:  -320.27
Total T:  493000 | Ep: 2465 | Steps:  200 | Reward:   -11.16
Total T:  493200 | Ep: 2466 | Steps:  200 | Reward:  -329.65
Total T:  493400 | Ep: 2467 | Steps:  200 | Reward:  -134.22
Total T:  493600 | Ep: 2468 | Steps:  200 | Reward:  -311.90
Total T:  493800 | Ep: 2469 | Steps:  200 | Reward:  -228.83
Total T:  494000 | Ep: 2470 | Steps:  200 | Reward:   -10.38
Total T:  494200 | Ep: 2471 | Steps:  200 | Reward:  -292.46
Total T:  494400 | Ep: 2472 | Steps:  200 | Reward:  -126.51
Total T:  494600 | Ep: 2473 | Steps:  200 | Reward:  -245.37
Total T:  494800 | Ep: 2474 | Steps:  200 | Reward:  -129.17
Total T:  495000 | Ep: 2475 | Steps:  200 | Reward:  -130.45
---------------------------------------
Evaluation over 10 episodes: -188.845
---------------------------------------
Total T:  495200 | Ep: 2476 | Steps:  200 | Reward:  -124.17
Total T:  495400 | Ep: 2477 | Steps:  200 | Reward:   -10.59
Total T:  495600 | Ep: 2478 | Steps:  200 | Reward:   -10.17
Total T:  495800 | Ep: 2479 | Steps:  200 | Reward:  -126.50
Total T:  496000 | Ep: 2480 | Steps:  200 | Reward:  -311.04
Total T:  496200 | Ep: 2481 | Steps:  200 | Reward:  -227.55
Total T:  496400 | Ep: 2482 | Steps:  200 | Reward:   -10.12
Total T:  496600 | Ep: 2483 | Steps:  200 | Reward:  -233.97
Total T:  496800 | Ep: 2484 | Steps:  200 | Reward:  -234.30
Total T:  497000 | Ep: 2485 | Steps:  200 | Reward:  -130.53
Total T:  497200 | Ep: 2486 | Steps:  200 | Reward:  -127.63
Total T:  497400 | Ep: 2487 | Steps:  200 | Reward:  -250.30
Total T:  497600 | Ep: 2488 | Steps:  200 | Reward:  -128.69
Total T:  497800 | Ep: 2489 | Steps:  200 | Reward:   -10.37
Total T:  498000 | Ep: 2490 | Steps:  200 | Reward:  -237.76
Total T:  498200 | Ep: 2491 | Steps:  200 | Reward:  -126.58
Total T:  498400 | Ep: 2492 | Steps:  200 | Reward:  -125.12
Total T:  498600 | Ep: 2493 | Steps:  200 | Reward:  -126.68
Total T:  498800 | Ep: 2494 | Steps:  200 | Reward:  -304.67
Total T:  499000 | Ep: 2495 | Steps:  200 | Reward:  -124.22
Total T:  499200 | Ep: 2496 | Steps:  200 | Reward:  -136.02
Total T:  499400 | Ep: 2497 | Steps:  200 | Reward:  -236.54
Total T:  499600 | Ep: 2498 | Steps:  200 | Reward:  -127.51
Total T:  499800 | Ep: 2499 | Steps:  200 | Reward:  -132.13
Total T:  500000 | Ep: 2500 | Steps:  200 | Reward:  -132.60
---------------------------------------
Evaluation over 10 episodes: -154.689
---------------------------------------
Total T:  500200 | Ep: 2501 | Steps:  200 | Reward:  -231.40
Total T:  500400 | Ep: 2502 | Steps:  200 | Reward:  -236.41
Total T:  500600 | Ep: 2503 | Steps:  200 | Reward:  -225.15
Total T:  500800 | Ep: 2504 | Steps:  200 | Reward:  -124.03
Total T:  501000 | Ep: 2505 | Steps:  200 | Reward:  -130.22
Total T:  501200 | Ep: 2506 | Steps:  200 | Reward:   -10.19
Total T:  501400 | Ep: 2507 | Steps:  200 | Reward:   -10.23
Total T:  501600 | Ep: 2508 | Steps:  200 | Reward:  -128.68
Total T:  501800 | Ep: 2509 | Steps:  200 | Reward:  -127.48
Total T:  502000 | Ep: 2510 | Steps:  200 | Reward:  -134.71
Total T:  502200 | Ep: 2511 | Steps:  200 | Reward:  -307.92
Total T:  502400 | Ep: 2512 | Steps:  200 | Reward:  -128.18
Total T:  502600 | Ep: 2513 | Steps:  200 | Reward:  -228.64
Total T:  502800 | Ep: 2514 | Steps:  200 | Reward:  -128.87
Total T:  503000 | Ep: 2515 | Steps:  200 | Reward:  -278.89
Total T:  503200 | Ep: 2516 | Steps:  200 | Reward:  -131.98
Total T:  503400 | Ep: 2517 | Steps:  200 | Reward:  -227.45
Total T:  503600 | Ep: 2518 | Steps:  200 | Reward:  -236.55
Total T:  503800 | Ep: 2519 | Steps:  200 | Reward:  -126.24
Total T:  504000 | Ep: 2520 | Steps:  200 | Reward:  -134.44
Total T:  504200 | Ep: 2521 | Steps:  200 | Reward:  -124.34
Total T:  504400 | Ep: 2522 | Steps:  200 | Reward:  -235.40
Total T:  504600 | Ep: 2523 | Steps:  200 | Reward:  -124.59
Total T:  504800 | Ep: 2524 | Steps:  200 | Reward:  -132.38
Total T:  505000 | Ep: 2525 | Steps:  200 | Reward:  -126.20
---------------------------------------
Evaluation over 10 episodes: -166.687
---------------------------------------
Total T:  505200 | Ep: 2526 | Steps:  200 | Reward:  -125.19
Total T:  505400 | Ep: 2527 | Steps:  200 | Reward:    -9.71
Total T:  505600 | Ep: 2528 | Steps:  200 | Reward:  -122.95
Total T:  505800 | Ep: 2529 | Steps:  200 | Reward:  -121.53
Total T:  506000 | Ep: 2530 | Steps:  200 | Reward:  -230.07
Total T:  506200 | Ep: 2531 | Steps:  200 | Reward:  -231.09
Total T:  506400 | Ep: 2532 | Steps:  200 | Reward:  -282.04
Total T:  506600 | Ep: 2533 | Steps:  200 | Reward:  -122.86
Total T:  506800 | Ep: 2534 | Steps:  200 | Reward:  -126.40
Total T:  507000 | Ep: 2535 | Steps:  200 | Reward:  -130.11
Total T:  507200 | Ep: 2536 | Steps:  200 | Reward:  -257.41
Total T:  507400 | Ep: 2537 | Steps:  200 | Reward:  -132.56
Total T:  507600 | Ep: 2538 | Steps:  200 | Reward:  -122.87
Total T:  507800 | Ep: 2539 | Steps:  200 | Reward:  -132.98
Total T:  508000 | Ep: 2540 | Steps:  200 | Reward:  -128.26
Total T:  508200 | Ep: 2541 | Steps:  200 | Reward:  -233.39
Total T:  508400 | Ep: 2542 | Steps:  200 | Reward:  -309.67
Total T:  508600 | Ep: 2543 | Steps:  200 | Reward:  -233.61
Total T:  508800 | Ep: 2544 | Steps:  200 | Reward:  -132.80
Total T:  509000 | Ep: 2545 | Steps:  200 | Reward:  -126.06
Total T:  509200 | Ep: 2546 | Steps:  200 | Reward:  -126.49
Total T:  509400 | Ep: 2547 | Steps:  200 | Reward:  -130.05
Total T:  509600 | Ep: 2548 | Steps:  200 | Reward:  -134.60
Total T:  509800 | Ep: 2549 | Steps:  200 | Reward:  -134.67
Total T:  510000 | Ep: 2550 | Steps:  200 | Reward:  -241.90
---------------------------------------
Evaluation over 10 episodes: -162.332
---------------------------------------
Total T:  510200 | Ep: 2551 | Steps:  200 | Reward:    -9.63
Total T:  510400 | Ep: 2552 | Steps:  200 | Reward:  -126.59
Total T:  510600 | Ep: 2553 | Steps:  200 | Reward:  -130.30
Total T:  510800 | Ep: 2554 | Steps:  200 | Reward:  -234.74
Total T:  511000 | Ep: 2555 | Steps:  200 | Reward:  -134.24
Total T:  511200 | Ep: 2556 | Steps:  200 | Reward:  -125.32
Total T:  511400 | Ep: 2557 | Steps:  200 | Reward:  -298.11
Total T:  511600 | Ep: 2558 | Steps:  200 | Reward:  -128.64
Total T:  511800 | Ep: 2559 | Steps:  200 | Reward:  -134.80
Total T:  512000 | Ep: 2560 | Steps:  200 | Reward:  -124.83
Total T:  512200 | Ep: 2561 | Steps:  200 | Reward:  -134.08
Total T:  512400 | Ep: 2562 | Steps:  200 | Reward:  -225.13
Total T:  512600 | Ep: 2563 | Steps:  200 | Reward:  -132.72
Total T:  512800 | Ep: 2564 | Steps:  200 | Reward:  -291.85
Total T:  513000 | Ep: 2565 | Steps:  200 | Reward:  -124.45
Total T:  513200 | Ep: 2566 | Steps:  200 | Reward:  -233.72
Total T:  513400 | Ep: 2567 | Steps:  200 | Reward:  -124.42
Total T:  513600 | Ep: 2568 | Steps:  200 | Reward:   -10.58
Total T:  513800 | Ep: 2569 | Steps:  200 | Reward:   -11.33
Total T:  514000 | Ep: 2570 | Steps:  200 | Reward:  -274.45
Total T:  514200 | Ep: 2571 | Steps:  200 | Reward:  -126.12
Total T:  514400 | Ep: 2572 | Steps:  200 | Reward:  -136.03
Total T:  514600 | Ep: 2573 | Steps:  200 | Reward:  -238.67
Total T:  514800 | Ep: 2574 | Steps:  200 | Reward:  -124.27
Total T:  515000 | Ep: 2575 | Steps:  200 | Reward:  -122.05
---------------------------------------
Evaluation over 10 episodes: -172.447
---------------------------------------
Total T:  515200 | Ep: 2576 | Steps:  200 | Reward:  -235.72
Total T:  515400 | Ep: 2577 | Steps:  200 | Reward:   -10.65
Total T:  515600 | Ep: 2578 | Steps:  200 | Reward:  -316.47
Total T:  515800 | Ep: 2579 | Steps:  200 | Reward:  -127.65
Total T:  516000 | Ep: 2580 | Steps:  200 | Reward:  -126.53
Total T:  516200 | Ep: 2581 | Steps:  200 | Reward:  -229.48
Total T:  516400 | Ep: 2582 | Steps:  200 | Reward:  -324.80
Total T:  516600 | Ep: 2583 | Steps:  200 | Reward:   -10.34
Total T:  516800 | Ep: 2584 | Steps:  200 | Reward:  -125.41
Total T:  517000 | Ep: 2585 | Steps:  200 | Reward:  -124.61
Total T:  517200 | Ep: 2586 | Steps:  200 | Reward:  -230.63
Total T:  517400 | Ep: 2587 | Steps:  200 | Reward:  -133.68
Total T:  517600 | Ep: 2588 | Steps:  200 | Reward:    -9.82
Total T:  517800 | Ep: 2589 | Steps:  200 | Reward:  -122.92
Total T:  518000 | Ep: 2590 | Steps:  200 | Reward:  -231.92
Total T:  518200 | Ep: 2591 | Steps:  200 | Reward:    -9.49
Total T:  518400 | Ep: 2592 | Steps:  200 | Reward:  -125.57
Total T:  518600 | Ep: 2593 | Steps:  200 | Reward:  -239.59
Total T:  518800 | Ep: 2594 | Steps:  200 | Reward:  -230.22
Total T:  519000 | Ep: 2595 | Steps:  200 | Reward:  -238.70
Total T:  519200 | Ep: 2596 | Steps:  200 | Reward:  -125.24
Total T:  519400 | Ep: 2597 | Steps:  200 | Reward:  -325.95
Total T:  519600 | Ep: 2598 | Steps:  200 | Reward:  -123.99
Total T:  519800 | Ep: 2599 | Steps:  200 | Reward:  -133.47
Total T:  520000 | Ep: 2600 | Steps:  200 | Reward:  -124.88
---------------------------------------
Evaluation over 10 episodes: -168.186
---------------------------------------
Total T:  520200 | Ep: 2601 | Steps:  200 | Reward:  -326.88
Total T:  520400 | Ep: 2602 | Steps:  200 | Reward:  -226.14
Total T:  520600 | Ep: 2603 | Steps:  200 | Reward:  -129.93
Total T:  520800 | Ep: 2604 | Steps:  200 | Reward:  -128.12
Total T:  521000 | Ep: 2605 | Steps:  200 | Reward:  -130.23
Total T:  521200 | Ep: 2606 | Steps:  200 | Reward:  -246.16
Total T:  521400 | Ep: 2607 | Steps:  200 | Reward:  -127.01
Total T:  521600 | Ep: 2608 | Steps:  200 | Reward:  -122.87
Total T:  521800 | Ep: 2609 | Steps:  200 | Reward:  -125.69
Total T:  522000 | Ep: 2610 | Steps:  200 | Reward:    -9.73
Total T:  522200 | Ep: 2611 | Steps:  200 | Reward:  -134.20
Total T:  522400 | Ep: 2612 | Steps:  200 | Reward:  -126.87
Total T:  522600 | Ep: 2613 | Steps:  200 | Reward:  -268.06
Total T:  522800 | Ep: 2614 | Steps:  200 | Reward:  -122.33
Total T:  523000 | Ep: 2615 | Steps:  200 | Reward:    -9.75
Total T:  523200 | Ep: 2616 | Steps:  200 | Reward:  -287.90
Total T:  523400 | Ep: 2617 | Steps:  200 | Reward:  -123.07
Total T:  523600 | Ep: 2618 | Steps:  200 | Reward:  -138.75
Total T:  523800 | Ep: 2619 | Steps:  200 | Reward:  -124.53
Total T:  524000 | Ep: 2620 | Steps:  200 | Reward:  -134.22
Total T:  524200 | Ep: 2621 | Steps:  200 | Reward:  -231.58
Total T:  524400 | Ep: 2622 | Steps:  200 | Reward:  -125.63
Total T:  524600 | Ep: 2623 | Steps:  200 | Reward:  -240.75
Total T:  524800 | Ep: 2624 | Steps:  200 | Reward:  -134.53
Total T:  525000 | Ep: 2625 | Steps:  200 | Reward:  -127.11
---------------------------------------
Evaluation over 10 episodes: -156.904
---------------------------------------
Total T:  525200 | Ep: 2626 | Steps:  200 | Reward:  -128.44
Total T:  525400 | Ep: 2627 | Steps:  200 | Reward:  -134.41
Total T:  525600 | Ep: 2628 | Steps:  200 | Reward:  -230.88
Total T:  525800 | Ep: 2629 | Steps:  200 | Reward:  -127.25
Total T:  526000 | Ep: 2630 | Steps:  200 | Reward:  -134.44
Total T:  526200 | Ep: 2631 | Steps:  200 | Reward:  -124.77
Total T:  526400 | Ep: 2632 | Steps:  200 | Reward:   -11.14
Total T:  526600 | Ep: 2633 | Steps:  200 | Reward:  -233.15
Total T:  526800 | Ep: 2634 | Steps:  200 | Reward:    -9.78
Total T:  527000 | Ep: 2635 | Steps:  200 | Reward:  -239.27
Total T:  527200 | Ep: 2636 | Steps:  200 | Reward:  -230.49
Total T:  527400 | Ep: 2637 | Steps:  200 | Reward:  -126.87
Total T:  527600 | Ep: 2638 | Steps:  200 | Reward:  -130.97
Total T:  527800 | Ep: 2639 | Steps:  200 | Reward:  -233.90
Total T:  528000 | Ep: 2640 | Steps:  200 | Reward:  -223.89
Total T:  528200 | Ep: 2641 | Steps:  200 | Reward:    -9.87
Total T:  528400 | Ep: 2642 | Steps:  200 | Reward:  -124.76
Total T:  528600 | Ep: 2643 | Steps:  200 | Reward:  -234.77
Total T:  528800 | Ep: 2644 | Steps:  200 | Reward:  -302.98
Total T:  529000 | Ep: 2645 | Steps:  200 | Reward:  -237.23
Total T:  529200 | Ep: 2646 | Steps:  200 | Reward:   -10.01
Total T:  529400 | Ep: 2647 | Steps:  200 | Reward:  -135.52
Total T:  529600 | Ep: 2648 | Steps:  200 | Reward:  -237.40
Total T:  529800 | Ep: 2649 | Steps:  200 | Reward:  -326.12
Total T:  530000 | Ep: 2650 | Steps:  200 | Reward:  -134.12
---------------------------------------
Evaluation over 10 episodes: -178.331
---------------------------------------
Total T:  530200 | Ep: 2651 | Steps:  200 | Reward:  -229.18
Total T:  530400 | Ep: 2652 | Steps:  200 | Reward:  -232.14
Total T:  530600 | Ep: 2653 | Steps:  200 | Reward:  -123.73
Total T:  530800 | Ep: 2654 | Steps:  200 | Reward:  -134.81
Total T:  531000 | Ep: 2655 | Steps:  200 | Reward:    -9.80
Total T:  531200 | Ep: 2656 | Steps:  200 | Reward:  -128.17
Total T:  531400 | Ep: 2657 | Steps:  200 | Reward:  -133.64
Total T:  531600 | Ep: 2658 | Steps:  200 | Reward:  -240.49
Total T:  531800 | Ep: 2659 | Steps:  200 | Reward:  -244.71
Total T:  532000 | Ep: 2660 | Steps:  200 | Reward:  -127.22
Total T:  532200 | Ep: 2661 | Steps:  200 | Reward:  -130.24
Total T:  532400 | Ep: 2662 | Steps:  200 | Reward:  -124.79
Total T:  532600 | Ep: 2663 | Steps:  200 | Reward:  -133.85
Total T:  532800 | Ep: 2664 | Steps:  200 | Reward:  -240.96
Total T:  533000 | Ep: 2665 | Steps:  200 | Reward:  -326.81
Total T:  533200 | Ep: 2666 | Steps:  200 | Reward:  -132.90
Total T:  533400 | Ep: 2667 | Steps:  200 | Reward:  -129.78
Total T:  533600 | Ep: 2668 | Steps:  200 | Reward:  -130.68
Total T:  533800 | Ep: 2669 | Steps:  200 | Reward:  -127.37
Total T:  534000 | Ep: 2670 | Steps:  200 | Reward:   -12.35
Total T:  534200 | Ep: 2671 | Steps:  200 | Reward:  -280.79
Total T:  534400 | Ep: 2672 | Steps:  200 | Reward:  -231.04
Total T:  534600 | Ep: 2673 | Steps:  200 | Reward:  -124.97
Total T:  534800 | Ep: 2674 | Steps:  200 | Reward:  -124.55
Total T:  535000 | Ep: 2675 | Steps:  200 | Reward:  -232.70
---------------------------------------
Evaluation over 10 episodes: -148.062
---------------------------------------
Total T:  535200 | Ep: 2676 | Steps:  200 | Reward:  -134.15
Total T:  535400 | Ep: 2677 | Steps:  200 | Reward:  -124.57
Total T:  535600 | Ep: 2678 | Steps:  200 | Reward:  -134.60
Total T:  535800 | Ep: 2679 | Steps:  200 | Reward:  -127.75
Total T:  536000 | Ep: 2680 | Steps:  200 | Reward:  -233.12
Total T:  536200 | Ep: 2681 | Steps:  200 | Reward:  -228.24
Total T:  536400 | Ep: 2682 | Steps:  200 | Reward:  -237.16
Total T:  536600 | Ep: 2683 | Steps:  200 | Reward:  -314.33
Total T:  536800 | Ep: 2684 | Steps:  200 | Reward:  -124.16
Total T:  537000 | Ep: 2685 | Steps:  200 | Reward:   -11.03
Total T:  537200 | Ep: 2686 | Steps:  200 | Reward:  -320.30
Total T:  537400 | Ep: 2687 | Steps:  200 | Reward:  -124.43
Total T:  537600 | Ep: 2688 | Steps:  200 | Reward:  -329.51
Total T:  537800 | Ep: 2689 | Steps:  200 | Reward:  -231.16
Total T:  538000 | Ep: 2690 | Steps:  200 | Reward:    -9.43
Total T:  538200 | Ep: 2691 | Steps:  200 | Reward:  -245.56
Total T:  538400 | Ep: 2692 | Steps:  200 | Reward:  -327.55
Total T:  538600 | Ep: 2693 | Steps:  200 | Reward:  -240.74
Total T:  538800 | Ep: 2694 | Steps:  200 | Reward:  -125.08
Total T:  539000 | Ep: 2695 | Steps:  200 | Reward:  -124.27
Total T:  539200 | Ep: 2696 | Steps:  200 | Reward:  -136.77
Total T:  539400 | Ep: 2697 | Steps:  200 | Reward:  -133.54
Total T:  539600 | Ep: 2698 | Steps:  200 | Reward:  -125.62
Total T:  539800 | Ep: 2699 | Steps:  200 | Reward:  -130.27
Total T:  540000 | Ep: 2700 | Steps:  200 | Reward:  -132.54
---------------------------------------
Evaluation over 10 episodes: -148.910
---------------------------------------
Total T:  540200 | Ep: 2701 | Steps:  200 | Reward:   -10.15
Total T:  540400 | Ep: 2702 | Steps:  200 | Reward:  -125.13
Total T:  540600 | Ep: 2703 | Steps:  200 | Reward:  -123.74
Total T:  540800 | Ep: 2704 | Steps:  200 | Reward:  -227.44
Total T:  541000 | Ep: 2705 | Steps:  200 | Reward:  -300.05
Total T:  541200 | Ep: 2706 | Steps:  200 | Reward:  -125.66
Total T:  541400 | Ep: 2707 | Steps:  200 | Reward:    -9.96
Total T:  541600 | Ep: 2708 | Steps:  200 | Reward:   -11.33
Total T:  541800 | Ep: 2709 | Steps:  200 | Reward:  -321.03
Total T:  542000 | Ep: 2710 | Steps:  200 | Reward:  -126.26
Total T:  542200 | Ep: 2711 | Steps:  200 | Reward:  -235.89
Total T:  542400 | Ep: 2712 | Steps:  200 | Reward:  -236.11
Total T:  542600 | Ep: 2713 | Steps:  200 | Reward:  -130.73
Total T:  542800 | Ep: 2714 | Steps:  200 | Reward:  -122.60
Total T:  543000 | Ep: 2715 | Steps:  200 | Reward:  -250.87
Total T:  543200 | Ep: 2716 | Steps:  200 | Reward:  -234.30
Total T:  543400 | Ep: 2717 | Steps:  200 | Reward:  -312.55
Total T:  543600 | Ep: 2718 | Steps:  200 | Reward:  -130.19
Total T:  543800 | Ep: 2719 | Steps:  200 | Reward:  -127.44
Total T:  544000 | Ep: 2720 | Steps:  200 | Reward:  -126.69
Total T:  544200 | Ep: 2721 | Steps:  200 | Reward:  -123.87
Total T:  544400 | Ep: 2722 | Steps:  200 | Reward:  -233.14
Total T:  544600 | Ep: 2723 | Steps:  200 | Reward:  -123.61
Total T:  544800 | Ep: 2724 | Steps:  200 | Reward:  -302.26
Total T:  545000 | Ep: 2725 | Steps:  200 | Reward:  -231.45
---------------------------------------
Evaluation over 10 episodes: -214.318
---------------------------------------
Total T:  545200 | Ep: 2726 | Steps:  200 | Reward:  -126.35
Total T:  545400 | Ep: 2727 | Steps:  200 | Reward:  -294.65
Total T:  545600 | Ep: 2728 | Steps:  200 | Reward:  -130.96
Total T:  545800 | Ep: 2729 | Steps:  200 | Reward:  -129.28
Total T:  546000 | Ep: 2730 | Steps:  200 | Reward:  -124.49
Total T:  546200 | Ep: 2731 | Steps:  200 | Reward:  -129.01
Total T:  546400 | Ep: 2732 | Steps:  200 | Reward:  -237.26
Total T:  546600 | Ep: 2733 | Steps:  200 | Reward:  -232.35
Total T:  546800 | Ep: 2734 | Steps:  200 | Reward:  -130.18
Total T:  547000 | Ep: 2735 | Steps:  200 | Reward:    -9.44
Total T:  547200 | Ep: 2736 | Steps:  200 | Reward:  -248.66
Total T:  547400 | Ep: 2737 | Steps:  200 | Reward:  -131.58
Total T:  547600 | Ep: 2738 | Steps:  200 | Reward:  -126.38
Total T:  547800 | Ep: 2739 | Steps:  200 | Reward:  -132.32
Total T:  548000 | Ep: 2740 | Steps:  200 | Reward:  -231.13
Total T:  548200 | Ep: 2741 | Steps:  200 | Reward:  -125.10
Total T:  548400 | Ep: 2742 | Steps:  200 | Reward:  -128.91
Total T:  548600 | Ep: 2743 | Steps:  200 | Reward:  -314.80
Total T:  548800 | Ep: 2744 | Steps:  200 | Reward:  -124.92
Total T:  549000 | Ep: 2745 | Steps:  200 | Reward:    -9.82
Total T:  549200 | Ep: 2746 | Steps:  200 | Reward:  -129.73
Total T:  549400 | Ep: 2747 | Steps:  200 | Reward:  -325.56
Total T:  549600 | Ep: 2748 | Steps:  200 | Reward:  -126.16
Total T:  549800 | Ep: 2749 | Steps:  200 | Reward:  -230.47
Total T:  550000 | Ep: 2750 | Steps:  200 | Reward:  -233.02
---------------------------------------
Evaluation over 10 episodes: -161.455
---------------------------------------
Total T:  550200 | Ep: 2751 | Steps:  200 | Reward:  -125.29
Total T:  550400 | Ep: 2752 | Steps:  200 | Reward:  -123.17
Total T:  550600 | Ep: 2753 | Steps:  200 | Reward:  -126.07
Total T:  550800 | Ep: 2754 | Steps:  200 | Reward:  -125.80
Total T:  551000 | Ep: 2755 | Steps:  200 | Reward:  -232.06
Total T:  551200 | Ep: 2756 | Steps:  200 | Reward:  -124.83
Total T:  551400 | Ep: 2757 | Steps:  200 | Reward:  -133.21
Total T:  551600 | Ep: 2758 | Steps:  200 | Reward:  -238.92
Total T:  551800 | Ep: 2759 | Steps:  200 | Reward:  -249.92
Total T:  552000 | Ep: 2760 | Steps:  200 | Reward:    -9.95
Total T:  552200 | Ep: 2761 | Steps:  200 | Reward:   -10.01
Total T:  552400 | Ep: 2762 | Steps:  200 | Reward:  -232.62
Total T:  552600 | Ep: 2763 | Steps:  200 | Reward:  -230.82
Total T:  552800 | Ep: 2764 | Steps:  200 | Reward:  -282.15
Total T:  553000 | Ep: 2765 | Steps:  200 | Reward:  -128.68
Total T:  553200 | Ep: 2766 | Steps:  200 | Reward:   -11.88
Total T:  553400 | Ep: 2767 | Steps:  200 | Reward:  -122.99
Total T:  553600 | Ep: 2768 | Steps:  200 | Reward:  -136.55
Total T:  553800 | Ep: 2769 | Steps:  200 | Reward:  -127.08
Total T:  554000 | Ep: 2770 | Steps:  200 | Reward:  -133.37
Total T:  554200 | Ep: 2771 | Steps:  200 | Reward:  -133.88
Total T:  554400 | Ep: 2772 | Steps:  200 | Reward:  -239.29
Total T:  554600 | Ep: 2773 | Steps:  200 | Reward:  -124.67
Total T:  554800 | Ep: 2774 | Steps:  200 | Reward:  -131.35
Total T:  555000 | Ep: 2775 | Steps:  200 | Reward:  -124.38
---------------------------------------
Evaluation over 10 episodes: -162.914
---------------------------------------
Total T:  555200 | Ep: 2776 | Steps:  200 | Reward:   -11.74
Total T:  555400 | Ep: 2777 | Steps:  200 | Reward:  -135.80
Total T:  555600 | Ep: 2778 | Steps:  200 | Reward:  -124.56
Total T:  555800 | Ep: 2779 | Steps:  200 | Reward:  -243.09
Total T:  556000 | Ep: 2780 | Steps:  200 | Reward:  -225.91
Total T:  556200 | Ep: 2781 | Steps:  200 | Reward:  -295.26
Total T:  556400 | Ep: 2782 | Steps:  200 | Reward:  -127.66
Total T:  556600 | Ep: 2783 | Steps:  200 | Reward:   -10.25
Total T:  556800 | Ep: 2784 | Steps:  200 | Reward:  -123.78
Total T:  557000 | Ep: 2785 | Steps:  200 | Reward:  -133.87
Total T:  557200 | Ep: 2786 | Steps:  200 | Reward:  -235.92
Total T:  557400 | Ep: 2787 | Steps:  200 | Reward:  -134.13
Total T:  557600 | Ep: 2788 | Steps:  200 | Reward:  -132.31
Total T:  557800 | Ep: 2789 | Steps:  200 | Reward:  -232.00
Total T:  558000 | Ep: 2790 | Steps:  200 | Reward:  -125.80
Total T:  558200 | Ep: 2791 | Steps:  200 | Reward:  -224.53
Total T:  558400 | Ep: 2792 | Steps:  200 | Reward:  -121.50
Total T:  558600 | Ep: 2793 | Steps:  200 | Reward:  -123.51
Total T:  558800 | Ep: 2794 | Steps:  200 | Reward:  -132.34
Total T:  559000 | Ep: 2795 | Steps:  200 | Reward:  -286.11
Total T:  559200 | Ep: 2796 | Steps:  200 | Reward:  -132.79
Total T:  559400 | Ep: 2797 | Steps:  200 | Reward:  -133.98
Total T:  559600 | Ep: 2798 | Steps:  200 | Reward:  -323.93
Total T:  559800 | Ep: 2799 | Steps:  200 | Reward:  -313.63
Total T:  560000 | Ep: 2800 | Steps:  200 | Reward:  -224.61
---------------------------------------
Evaluation over 10 episodes: -101.256
---------------------------------------
Total T:  560200 | Ep: 2801 | Steps:  200 | Reward:  -245.85
Total T:  560400 | Ep: 2802 | Steps:  200 | Reward:  -240.22
Total T:  560600 | Ep: 2803 | Steps:  200 | Reward:  -122.68
Total T:  560800 | Ep: 2804 | Steps:  200 | Reward:  -319.68
Total T:  561000 | Ep: 2805 | Steps:  200 | Reward:  -125.25
Total T:  561200 | Ep: 2806 | Steps:  200 | Reward:  -225.27
Total T:  561400 | Ep: 2807 | Steps:  200 | Reward:  -125.52
Total T:  561600 | Ep: 2808 | Steps:  200 | Reward:    -9.15
Total T:  561800 | Ep: 2809 | Steps:  200 | Reward:  -134.83
Total T:  562000 | Ep: 2810 | Steps:  200 | Reward:  -131.80
Total T:  562200 | Ep: 2811 | Steps:  200 | Reward:  -231.78
Total T:  562400 | Ep: 2812 | Steps:  200 | Reward:  -240.23
Total T:  562600 | Ep: 2813 | Steps:  200 | Reward:  -248.38
Total T:  562800 | Ep: 2814 | Steps:  200 | Reward:  -232.83
Total T:  563000 | Ep: 2815 | Steps:  200 | Reward:  -135.11
Total T:  563200 | Ep: 2816 | Steps:  200 | Reward:  -131.68
Total T:  563400 | Ep: 2817 | Steps:  200 | Reward:  -130.54
Total T:  563600 | Ep: 2818 | Steps:  200 | Reward:  -229.60
Total T:  563800 | Ep: 2819 | Steps:  200 | Reward:  -125.17
Total T:  564000 | Ep: 2820 | Steps:  200 | Reward:  -124.37
Total T:  564200 | Ep: 2821 | Steps:  200 | Reward:  -124.61
Total T:  564400 | Ep: 2822 | Steps:  200 | Reward:  -235.69
Total T:  564600 | Ep: 2823 | Steps:  200 | Reward:  -244.96
Total T:  564800 | Ep: 2824 | Steps:  200 | Reward:  -127.51
Total T:  565000 | Ep: 2825 | Steps:  200 | Reward:  -131.65
---------------------------------------
Evaluation over 10 episodes: -139.903
---------------------------------------
Total T:  565200 | Ep: 2826 | Steps:  200 | Reward:  -133.07
Total T:  565400 | Ep: 2827 | Steps:  200 | Reward:  -134.30
Total T:  565600 | Ep: 2828 | Steps:  200 | Reward:  -133.82
Total T:  565800 | Ep: 2829 | Steps:  200 | Reward:  -131.85
Total T:  566000 | Ep: 2830 | Steps:  200 | Reward:  -228.13
Total T:  566200 | Ep: 2831 | Steps:  200 | Reward:  -123.35
Total T:  566400 | Ep: 2832 | Steps:  200 | Reward:  -230.58
Total T:  566600 | Ep: 2833 | Steps:  200 | Reward:  -126.89
Total T:  566800 | Ep: 2834 | Steps:  200 | Reward:  -124.53
Total T:  567000 | Ep: 2835 | Steps:  200 | Reward:  -132.32
Total T:  567200 | Ep: 2836 | Steps:  200 | Reward:  -122.55
Total T:  567400 | Ep: 2837 | Steps:  200 | Reward:  -132.47
Total T:  567600 | Ep: 2838 | Steps:  200 | Reward:  -133.43
Total T:  567800 | Ep: 2839 | Steps:  200 | Reward:  -125.56
Total T:  568000 | Ep: 2840 | Steps:  200 | Reward:  -256.96
Total T:  568200 | Ep: 2841 | Steps:  200 | Reward:  -126.84
Total T:  568400 | Ep: 2842 | Steps:  200 | Reward:  -243.62
Total T:  568600 | Ep: 2843 | Steps:  200 | Reward:  -127.03
Total T:  568800 | Ep: 2844 | Steps:  200 | Reward:  -133.03
Total T:  569000 | Ep: 2845 | Steps:  200 | Reward:  -333.90
Total T:  569200 | Ep: 2846 | Steps:  200 | Reward:  -134.55
Total T:  569400 | Ep: 2847 | Steps:  200 | Reward:  -235.35
Total T:  569600 | Ep: 2848 | Steps:  200 | Reward:   -10.27
Total T:  569800 | Ep: 2849 | Steps:  200 | Reward:  -123.66
Total T:  570000 | Ep: 2850 | Steps:  200 | Reward:  -129.32
---------------------------------------
Evaluation over 10 episodes: -186.143
---------------------------------------
Total T:  570200 | Ep: 2851 | Steps:  200 | Reward:  -235.21
Total T:  570400 | Ep: 2852 | Steps:  200 | Reward:  -130.28
Total T:  570600 | Ep: 2853 | Steps:  200 | Reward:  -304.67
Total T:  570800 | Ep: 2854 | Steps:  200 | Reward:  -132.45
Total T:  571000 | Ep: 2855 | Steps:  200 | Reward:  -287.30
Total T:  571200 | Ep: 2856 | Steps:  200 | Reward:  -126.15
Total T:  571400 | Ep: 2857 | Steps:  200 | Reward:  -121.77
Total T:  571600 | Ep: 2858 | Steps:  200 | Reward:  -309.76
Total T:  571800 | Ep: 2859 | Steps:  200 | Reward:  -125.41
Total T:  572000 | Ep: 2860 | Steps:  200 | Reward:  -126.05
Total T:  572200 | Ep: 2861 | Steps:  200 | Reward:  -132.78
Total T:  572400 | Ep: 2862 | Steps:  200 | Reward:  -130.14
Total T:  572600 | Ep: 2863 | Steps:  200 | Reward:  -233.07
Total T:  572800 | Ep: 2864 | Steps:  200 | Reward:  -135.51
Total T:  573000 | Ep: 2865 | Steps:  200 | Reward:  -233.42
Total T:  573200 | Ep: 2866 | Steps:  200 | Reward:  -227.38
Total T:  573400 | Ep: 2867 | Steps:  200 | Reward:  -235.31
Total T:  573600 | Ep: 2868 | Steps:  200 | Reward:    -9.91
Total T:  573800 | Ep: 2869 | Steps:  200 | Reward:  -239.33
Total T:  574000 | Ep: 2870 | Steps:  200 | Reward:  -317.69
Total T:  574200 | Ep: 2871 | Steps:  200 | Reward:  -127.44
Total T:  574400 | Ep: 2872 | Steps:  200 | Reward:  -232.04
Total T:  574600 | Ep: 2873 | Steps:  200 | Reward:  -236.07
Total T:  574800 | Ep: 2874 | Steps:  200 | Reward:  -238.04
Total T:  575000 | Ep: 2875 | Steps:  200 | Reward:   -10.60
---------------------------------------
Evaluation over 10 episodes: -158.255
---------------------------------------
Total T:  575200 | Ep: 2876 | Steps:  200 | Reward:  -233.50
Total T:  575400 | Ep: 2877 | Steps:  200 | Reward:  -227.52
Total T:  575600 | Ep: 2878 | Steps:  200 | Reward:  -242.41
Total T:  575800 | Ep: 2879 | Steps:  200 | Reward:  -127.21
Total T:  576000 | Ep: 2880 | Steps:  200 | Reward:  -235.79
Total T:  576200 | Ep: 2881 | Steps:  200 | Reward:  -125.06
Total T:  576400 | Ep: 2882 | Steps:  200 | Reward:  -298.02
Total T:  576600 | Ep: 2883 | Steps:  200 | Reward:  -246.69
Total T:  576800 | Ep: 2884 | Steps:  200 | Reward:  -135.99
Total T:  577000 | Ep: 2885 | Steps:  200 | Reward:  -124.89
Total T:  577200 | Ep: 2886 | Steps:  200 | Reward:  -127.49
Total T:  577400 | Ep: 2887 | Steps:  200 | Reward:  -134.91
Total T:  577600 | Ep: 2888 | Steps:  200 | Reward:  -127.27
Total T:  577800 | Ep: 2889 | Steps:  200 | Reward:  -122.69
Total T:  578000 | Ep: 2890 | Steps:  200 | Reward:  -134.71
Total T:  578200 | Ep: 2891 | Steps:  200 | Reward:  -126.39
Total T:  578400 | Ep: 2892 | Steps:  200 | Reward:  -229.79
Total T:  578600 | Ep: 2893 | Steps:  200 | Reward:  -125.52
Total T:  578800 | Ep: 2894 | Steps:  200 | Reward:  -129.16
Total T:  579000 | Ep: 2895 | Steps:  200 | Reward:  -124.84
Total T:  579200 | Ep: 2896 | Steps:  200 | Reward:  -130.38
Total T:  579400 | Ep: 2897 | Steps:  200 | Reward:  -122.02
Total T:  579600 | Ep: 2898 | Steps:  200 | Reward:  -232.58
Total T:  579800 | Ep: 2899 | Steps:  200 | Reward:  -132.42
Total T:  580000 | Ep: 2900 | Steps:  200 | Reward:  -122.62
---------------------------------------
Evaluation over 10 episodes: -177.443
---------------------------------------
Total T:  580200 | Ep: 2901 | Steps:  200 | Reward:  -283.32
Total T:  580400 | Ep: 2902 | Steps:  200 | Reward:  -134.48
Total T:  580600 | Ep: 2903 | Steps:  200 | Reward:  -235.83
Total T:  580800 | Ep: 2904 | Steps:  200 | Reward:  -229.55
Total T:  581000 | Ep: 2905 | Steps:  200 | Reward:  -328.66
Total T:  581200 | Ep: 2906 | Steps:  200 | Reward:  -228.58
Total T:  581400 | Ep: 2907 | Steps:  200 | Reward:  -122.42
Total T:  581600 | Ep: 2908 | Steps:  200 | Reward:  -123.35
Total T:  581800 | Ep: 2909 | Steps:  200 | Reward:  -236.82
Total T:  582000 | Ep: 2910 | Steps:  200 | Reward:  -133.00
Total T:  582200 | Ep: 2911 | Steps:  200 | Reward:  -122.10
Total T:  582400 | Ep: 2912 | Steps:  200 | Reward:  -124.46
Total T:  582600 | Ep: 2913 | Steps:  200 | Reward:  -135.02
Total T:  582800 | Ep: 2914 | Steps:  200 | Reward:  -124.27
Total T:  583000 | Ep: 2915 | Steps:  200 | Reward:  -358.21
Total T:  583200 | Ep: 2916 | Steps:  200 | Reward:  -246.73
Total T:  583400 | Ep: 2917 | Steps:  200 | Reward:  -130.16
Total T:  583600 | Ep: 2918 | Steps:  200 | Reward:  -227.94
Total T:  583800 | Ep: 2919 | Steps:  200 | Reward:  -122.92
Total T:  584000 | Ep: 2920 | Steps:  200 | Reward:  -133.93
Total T:  584200 | Ep: 2921 | Steps:  200 | Reward:  -124.33
Total T:  584400 | Ep: 2922 | Steps:  200 | Reward:  -267.46
Total T:  584600 | Ep: 2923 | Steps:  200 | Reward:  -228.87
Total T:  584800 | Ep: 2924 | Steps:  200 | Reward:  -132.83
Total T:  585000 | Ep: 2925 | Steps:  200 | Reward:  -226.26
---------------------------------------
Evaluation over 10 episodes: -177.356
---------------------------------------
Total T:  585200 | Ep: 2926 | Steps:  200 | Reward:  -126.57
Total T:  585400 | Ep: 2927 | Steps:  200 | Reward:  -131.61
Total T:  585600 | Ep: 2928 | Steps:  200 | Reward:  -237.43
Total T:  585800 | Ep: 2929 | Steps:  200 | Reward:  -352.14
Total T:  586000 | Ep: 2930 | Steps:  200 | Reward:  -128.26
Total T:  586200 | Ep: 2931 | Steps:  200 | Reward:   -10.12
Total T:  586400 | Ep: 2932 | Steps:  200 | Reward:  -124.94
Total T:  586600 | Ep: 2933 | Steps:  200 | Reward:   -10.74
Total T:  586800 | Ep: 2934 | Steps:  200 | Reward:  -128.63
Total T:  587000 | Ep: 2935 | Steps:  200 | Reward:  -133.84
Total T:  587200 | Ep: 2936 | Steps:  200 | Reward:  -240.34
Total T:  587400 | Ep: 2937 | Steps:  200 | Reward:   -10.25
Total T:  587600 | Ep: 2938 | Steps:  200 | Reward:  -249.39
Total T:  587800 | Ep: 2939 | Steps:  200 | Reward:  -126.79
Total T:  588000 | Ep: 2940 | Steps:  200 | Reward:  -125.09
Total T:  588200 | Ep: 2941 | Steps:  200 | Reward:  -132.74
Total T:  588400 | Ep: 2942 | Steps:  200 | Reward:    -9.78
Total T:  588600 | Ep: 2943 | Steps:  200 | Reward:    -9.70
Total T:  588800 | Ep: 2944 | Steps:  200 | Reward:  -136.33
Total T:  589000 | Ep: 2945 | Steps:  200 | Reward:   -10.22
Total T:  589200 | Ep: 2946 | Steps:  200 | Reward:  -241.68
Total T:  589400 | Ep: 2947 | Steps:  200 | Reward:  -132.33
Total T:  589600 | Ep: 2948 | Steps:  200 | Reward:  -126.06
Total T:  589800 | Ep: 2949 | Steps:  200 | Reward:    -9.81
Total T:  590000 | Ep: 2950 | Steps:  200 | Reward:  -311.76
---------------------------------------
Evaluation over 10 episodes: -159.484
---------------------------------------
Total T:  590200 | Ep: 2951 | Steps:  200 | Reward:  -249.11
Total T:  590400 | Ep: 2952 | Steps:  200 | Reward:  -226.82
Total T:  590600 | Ep: 2953 | Steps:  200 | Reward:  -133.76
Total T:  590800 | Ep: 2954 | Steps:  200 | Reward:  -121.39
Total T:  591000 | Ep: 2955 | Steps:  200 | Reward:  -316.20
Total T:  591200 | Ep: 2956 | Steps:  200 | Reward:  -124.94
Total T:  591400 | Ep: 2957 | Steps:  200 | Reward:  -231.05
Total T:  591600 | Ep: 2958 | Steps:  200 | Reward:  -127.81
Total T:  591800 | Ep: 2959 | Steps:  200 | Reward:  -261.58
Total T:  592000 | Ep: 2960 | Steps:  200 | Reward:    -8.76
Total T:  592200 | Ep: 2961 | Steps:  200 | Reward:  -125.84
Total T:  592400 | Ep: 2962 | Steps:  200 | Reward:  -127.39
Total T:  592600 | Ep: 2963 | Steps:  200 | Reward:   -12.52
Total T:  592800 | Ep: 2964 | Steps:  200 | Reward:  -128.03
Total T:  593000 | Ep: 2965 | Steps:  200 | Reward:  -124.04
Total T:  593200 | Ep: 2966 | Steps:  200 | Reward:  -125.86
Total T:  593400 | Ep: 2967 | Steps:  200 | Reward:  -231.42
Total T:  593600 | Ep: 2968 | Steps:  200 | Reward:  -124.26
Total T:  593800 | Ep: 2969 | Steps:  200 | Reward:  -245.13
Total T:  594000 | Ep: 2970 | Steps:  200 | Reward:  -235.97
Total T:  594200 | Ep: 2971 | Steps:  200 | Reward:    -9.76
Total T:  594400 | Ep: 2972 | Steps:  200 | Reward:   -10.12
Total T:  594600 | Ep: 2973 | Steps:  200 | Reward:  -131.60
Total T:  594800 | Ep: 2974 | Steps:  200 | Reward:  -237.93
Total T:  595000 | Ep: 2975 | Steps:  200 | Reward:  -239.81
---------------------------------------
Evaluation over 10 episodes: -137.027
---------------------------------------
Total T:  595200 | Ep: 2976 | Steps:  200 | Reward:  -129.73
Total T:  595400 | Ep: 2977 | Steps:  200 | Reward:  -243.17
Total T:  595600 | Ep: 2978 | Steps:  200 | Reward:  -228.77
Total T:  595800 | Ep: 2979 | Steps:  200 | Reward:  -128.96
Total T:  596000 | Ep: 2980 | Steps:  200 | Reward:   -10.83
Total T:  596200 | Ep: 2981 | Steps:  200 | Reward:  -226.67
Total T:  596400 | Ep: 2982 | Steps:  200 | Reward:  -228.96
Total T:  596600 | Ep: 2983 | Steps:  200 | Reward:  -233.04
Total T:  596800 | Ep: 2984 | Steps:  200 | Reward:  -131.72
Total T:  597000 | Ep: 2985 | Steps:  200 | Reward:  -136.76
Total T:  597200 | Ep: 2986 | Steps:  200 | Reward:  -121.34
Total T:  597400 | Ep: 2987 | Steps:  200 | Reward:  -124.79
Total T:  597600 | Ep: 2988 | Steps:  200 | Reward:  -235.46
Total T:  597800 | Ep: 2989 | Steps:  200 | Reward:  -238.37
Total T:  598000 | Ep: 2990 | Steps:  200 | Reward:  -130.33
Total T:  598200 | Ep: 2991 | Steps:  200 | Reward:  -129.32
Total T:  598400 | Ep: 2992 | Steps:  200 | Reward:    -9.46
Total T:  598600 | Ep: 2993 | Steps:  200 | Reward:  -133.50
Total T:  598800 | Ep: 2994 | Steps:  200 | Reward:    -9.54
Total T:  599000 | Ep: 2995 | Steps:  200 | Reward:  -133.63
Total T:  599200 | Ep: 2996 | Steps:  200 | Reward:  -125.82
Total T:  599400 | Ep: 2997 | Steps:  200 | Reward:  -130.53
Total T:  599600 | Ep: 2998 | Steps:  200 | Reward:    -9.83
Total T:  599800 | Ep: 2999 | Steps:  200 | Reward:  -126.78
Total T:  600000 | Ep: 3000 | Steps:  200 | Reward:  -296.72
---------------------------------------
Evaluation over 10 episodes: -107.290
---------------------------------------
Total T:  600200 | Ep: 3001 | Steps:  200 | Reward:  -125.98
Total T:  600400 | Ep: 3002 | Steps:  200 | Reward:  -128.53
Total T:  600600 | Ep: 3003 | Steps:  200 | Reward:  -127.59
Total T:  600800 | Ep: 3004 | Steps:  200 | Reward:  -233.91
Total T:  601000 | Ep: 3005 | Steps:  200 | Reward:  -237.12
Total T:  601200 | Ep: 3006 | Steps:  200 | Reward:  -352.07
Total T:  601400 | Ep: 3007 | Steps:  200 | Reward:  -130.47
Total T:  601600 | Ep: 3008 | Steps:  200 | Reward:  -236.03
Total T:  601800 | Ep: 3009 | Steps:  200 | Reward:  -240.81
Total T:  602000 | Ep: 3010 | Steps:  200 | Reward:  -126.54
Total T:  602200 | Ep: 3011 | Steps:  200 | Reward:  -127.87
Total T:  602400 | Ep: 3012 | Steps:  200 | Reward:  -132.77
Total T:  602600 | Ep: 3013 | Steps:  200 | Reward:  -125.41
Total T:  602800 | Ep: 3014 | Steps:  200 | Reward:    -9.95
Total T:  603000 | Ep: 3015 | Steps:  200 | Reward:  -250.26
Total T:  603200 | Ep: 3016 | Steps:  200 | Reward:  -129.98
Total T:  603400 | Ep: 3017 | Steps:  200 | Reward:  -128.78
Total T:  603600 | Ep: 3018 | Steps:  200 | Reward:  -128.63
Total T:  603800 | Ep: 3019 | Steps:  200 | Reward:  -123.30
Total T:  604000 | Ep: 3020 | Steps:  200 | Reward:  -124.94
Total T:  604200 | Ep: 3021 | Steps:  200 | Reward:  -128.70
Total T:  604400 | Ep: 3022 | Steps:  200 | Reward:  -127.21
Total T:  604600 | Ep: 3023 | Steps:  200 | Reward:  -324.59
Total T:  604800 | Ep: 3024 | Steps:  200 | Reward:  -133.50
Total T:  605000 | Ep: 3025 | Steps:  200 | Reward:  -123.62
---------------------------------------
Evaluation over 10 episodes: -156.998
---------------------------------------
Total T:  605200 | Ep: 3026 | Steps:  200 | Reward:  -126.46
Total T:  605400 | Ep: 3027 | Steps:  200 | Reward:  -134.25
Total T:  605600 | Ep: 3028 | Steps:  200 | Reward:   -10.27
Total T:  605800 | Ep: 3029 | Steps:  200 | Reward:  -135.27
Total T:  606000 | Ep: 3030 | Steps:  200 | Reward:  -130.49
Total T:  606200 | Ep: 3031 | Steps:  200 | Reward:  -234.50
Total T:  606400 | Ep: 3032 | Steps:  200 | Reward:  -234.65
Total T:  606600 | Ep: 3033 | Steps:  200 | Reward:  -123.50
Total T:  606800 | Ep: 3034 | Steps:  200 | Reward:  -125.89
Total T:  607000 | Ep: 3035 | Steps:  200 | Reward:    -9.21
Total T:  607200 | Ep: 3036 | Steps:  200 | Reward:  -232.50
Total T:  607400 | Ep: 3037 | Steps:  200 | Reward:  -127.80
Total T:  607600 | Ep: 3038 | Steps:  200 | Reward:  -129.89
Total T:  607800 | Ep: 3039 | Steps:  200 | Reward:  -230.25
Total T:  608000 | Ep: 3040 | Steps:  200 | Reward:  -129.20
Total T:  608200 | Ep: 3041 | Steps:  200 | Reward:  -128.82
Total T:  608400 | Ep: 3042 | Steps:  200 | Reward:  -133.17
Total T:  608600 | Ep: 3043 | Steps:  200 | Reward:  -121.37
Total T:  608800 | Ep: 3044 | Steps:  200 | Reward:  -231.44
Total T:  609000 | Ep: 3045 | Steps:  200 | Reward:  -321.65
Total T:  609200 | Ep: 3046 | Steps:  200 | Reward:  -320.59
Total T:  609400 | Ep: 3047 | Steps:  200 | Reward:  -127.15
Total T:  609600 | Ep: 3048 | Steps:  200 | Reward:  -134.12
Total T:  609800 | Ep: 3049 | Steps:  200 | Reward:  -228.06
Total T:  610000 | Ep: 3050 | Steps:  200 | Reward:  -129.50
---------------------------------------
Evaluation over 10 episodes: -168.270
---------------------------------------
Total T:  610200 | Ep: 3051 | Steps:  200 | Reward:  -136.95
Total T:  610400 | Ep: 3052 | Steps:  200 | Reward:  -123.57
Total T:  610600 | Ep: 3053 | Steps:  200 | Reward:  -233.78
Total T:  610800 | Ep: 3054 | Steps:  200 | Reward:    -9.64
Total T:  611000 | Ep: 3055 | Steps:  200 | Reward:  -130.50
Total T:  611200 | Ep: 3056 | Steps:  200 | Reward:  -121.49
Total T:  611400 | Ep: 3057 | Steps:  200 | Reward:   -10.27
Total T:  611600 | Ep: 3058 | Steps:  200 | Reward:  -126.48
Total T:  611800 | Ep: 3059 | Steps:  200 | Reward:    -9.88
Total T:  612000 | Ep: 3060 | Steps:  200 | Reward:  -227.25
Total T:  612200 | Ep: 3061 | Steps:  200 | Reward:  -130.70
Total T:  612400 | Ep: 3062 | Steps:  200 | Reward:  -134.90
Total T:  612600 | Ep: 3063 | Steps:  200 | Reward:  -127.64
Total T:  612800 | Ep: 3064 | Steps:  200 | Reward:  -124.48
Total T:  613000 | Ep: 3065 | Steps:  200 | Reward:  -121.71
Total T:  613200 | Ep: 3066 | Steps:  200 | Reward:  -249.99
Total T:  613400 | Ep: 3067 | Steps:  200 | Reward:   -10.19
Total T:  613600 | Ep: 3068 | Steps:  200 | Reward:  -134.63
Total T:  613800 | Ep: 3069 | Steps:  200 | Reward:  -132.19
Total T:  614000 | Ep: 3070 | Steps:  200 | Reward:   -10.20
Total T:  614200 | Ep: 3071 | Steps:  200 | Reward:   -11.61
Total T:  614400 | Ep: 3072 | Steps:  200 | Reward:    -9.83
Total T:  614600 | Ep: 3073 | Steps:  200 | Reward:  -332.38
Total T:  614800 | Ep: 3074 | Steps:  200 | Reward:  -123.42
Total T:  615000 | Ep: 3075 | Steps:  200 | Reward:  -133.59
---------------------------------------
Evaluation over 10 episodes: -113.982
---------------------------------------
Total T:  615200 | Ep: 3076 | Steps:  200 | Reward:  -225.40
Total T:  615400 | Ep: 3077 | Steps:  200 | Reward:   -10.77
Total T:  615600 | Ep: 3078 | Steps:  200 | Reward:    -9.59
Total T:  615800 | Ep: 3079 | Steps:  200 | Reward:  -127.64
Total T:  616000 | Ep: 3080 | Steps:  200 | Reward:  -224.94
Total T:  616200 | Ep: 3081 | Steps:  200 | Reward:  -243.20
Total T:  616400 | Ep: 3082 | Steps:  200 | Reward:  -279.52
Total T:  616600 | Ep: 3083 | Steps:  200 | Reward:    -9.85
Total T:  616800 | Ep: 3084 | Steps:  200 | Reward:  -122.37
Total T:  617000 | Ep: 3085 | Steps:  200 | Reward:  -135.41
Total T:  617200 | Ep: 3086 | Steps:  200 | Reward:  -133.46
Total T:  617400 | Ep: 3087 | Steps:  200 | Reward:  -249.99
Total T:  617600 | Ep: 3088 | Steps:  200 | Reward:   -10.02
Total T:  617800 | Ep: 3089 | Steps:  200 | Reward:  -124.68
Total T:  618000 | Ep: 3090 | Steps:  200 | Reward:  -131.60
Total T:  618200 | Ep: 3091 | Steps:  200 | Reward:  -123.04
Total T:  618400 | Ep: 3092 | Steps:  200 | Reward:  -137.17
Total T:  618600 | Ep: 3093 | Steps:  200 | Reward:  -126.02
Total T:  618800 | Ep: 3094 | Steps:  200 | Reward:   -11.75
Total T:  619000 | Ep: 3095 | Steps:  200 | Reward:  -134.66
Total T:  619200 | Ep: 3096 | Steps:  200 | Reward:    -9.82
Total T:  619400 | Ep: 3097 | Steps:  200 | Reward:  -232.70
Total T:  619600 | Ep: 3098 | Steps:  200 | Reward:  -290.61
Total T:  619800 | Ep: 3099 | Steps:  200 | Reward:  -309.65
Total T:  620000 | Ep: 3100 | Steps:  200 | Reward:  -135.39
---------------------------------------
Evaluation over 10 episodes: -136.210
---------------------------------------
Total T:  620200 | Ep: 3101 | Steps:  200 | Reward:  -130.96
Total T:  620400 | Ep: 3102 | Steps:  200 | Reward:  -127.88
Total T:  620600 | Ep: 3103 | Steps:  200 | Reward:  -128.77
Total T:  620800 | Ep: 3104 | Steps:  200 | Reward:  -250.72
Total T:  621000 | Ep: 3105 | Steps:  200 | Reward:  -227.64
Total T:  621200 | Ep: 3106 | Steps:  200 | Reward:  -121.35
Total T:  621400 | Ep: 3107 | Steps:  200 | Reward:    -9.80
Total T:  621600 | Ep: 3108 | Steps:  200 | Reward:  -125.23
Total T:  621800 | Ep: 3109 | Steps:  200 | Reward:  -229.78
Total T:  622000 | Ep: 3110 | Steps:  200 | Reward:  -350.22
Total T:  622200 | Ep: 3111 | Steps:  200 | Reward:  -125.18
Total T:  622400 | Ep: 3112 | Steps:  200 | Reward:  -135.13
Total T:  622600 | Ep: 3113 | Steps:  200 | Reward:  -124.31
Total T:  622800 | Ep: 3114 | Steps:  200 | Reward:  -126.44
Total T:  623000 | Ep: 3115 | Steps:  200 | Reward:  -130.64
Total T:  623200 | Ep: 3116 | Steps:  200 | Reward:  -134.97
Total T:  623400 | Ep: 3117 | Steps:  200 | Reward:  -127.01
Total T:  623600 | Ep: 3118 | Steps:  200 | Reward:  -124.01
Total T:  623800 | Ep: 3119 | Steps:  200 | Reward:  -130.91
Total T:  624000 | Ep: 3120 | Steps:  200 | Reward:   -10.02
Total T:  624200 | Ep: 3121 | Steps:  200 | Reward:  -237.42
Total T:  624400 | Ep: 3122 | Steps:  200 | Reward:  -132.67
Total T:  624600 | Ep: 3123 | Steps:  200 | Reward:  -236.07
Total T:  624800 | Ep: 3124 | Steps:  200 | Reward:  -133.98
Total T:  625000 | Ep: 3125 | Steps:  200 | Reward:  -130.65
---------------------------------------
Evaluation over 10 episodes: -163.031
---------------------------------------
Total T:  625200 | Ep: 3126 | Steps:  200 | Reward:  -126.42
Total T:  625400 | Ep: 3127 | Steps:  200 | Reward:  -131.78
Total T:  625600 | Ep: 3128 | Steps:  200 | Reward:  -124.07
Total T:  625800 | Ep: 3129 | Steps:  200 | Reward:  -239.44
Total T:  626000 | Ep: 3130 | Steps:  200 | Reward:  -130.07
Total T:  626200 | Ep: 3131 | Steps:  200 | Reward:  -134.48
Total T:  626400 | Ep: 3132 | Steps:  200 | Reward:  -133.55
Total T:  626600 | Ep: 3133 | Steps:  200 | Reward:  -328.86
Total T:  626800 | Ep: 3134 | Steps:  200 | Reward:  -123.14
Total T:  627000 | Ep: 3135 | Steps:  200 | Reward:  -301.02
Total T:  627200 | Ep: 3136 | Steps:  200 | Reward:  -132.90
Total T:  627400 | Ep: 3137 | Steps:  200 | Reward:   -10.10
Total T:  627600 | Ep: 3138 | Steps:  200 | Reward:  -126.22
Total T:  627800 | Ep: 3139 | Steps:  200 | Reward:  -129.14
Total T:  628000 | Ep: 3140 | Steps:  200 | Reward:  -231.31
Total T:  628200 | Ep: 3141 | Steps:  200 | Reward:  -309.85
Total T:  628400 | Ep: 3142 | Steps:  200 | Reward:  -126.32
Total T:  628600 | Ep: 3143 | Steps:  200 | Reward:  -239.43
Total T:  628800 | Ep: 3144 | Steps:  200 | Reward:   -10.22
Total T:  629000 | Ep: 3145 | Steps:  200 | Reward:  -133.39
Total T:  629200 | Ep: 3146 | Steps:  200 | Reward:   -10.18
Total T:  629400 | Ep: 3147 | Steps:  200 | Reward:  -312.73
Total T:  629600 | Ep: 3148 | Steps:  200 | Reward:  -233.03
Total T:  629800 | Ep: 3149 | Steps:  200 | Reward:  -134.41
Total T:  630000 | Ep: 3150 | Steps:  200 | Reward:  -128.09
---------------------------------------
Evaluation over 10 episodes: -166.637
---------------------------------------
Total T:  630200 | Ep: 3151 | Steps:  200 | Reward:  -135.29
Total T:  630400 | Ep: 3152 | Steps:  200 | Reward:    -9.47
Total T:  630600 | Ep: 3153 | Steps:  200 | Reward:  -125.13
Total T:  630800 | Ep: 3154 | Steps:  200 | Reward:  -125.27
Total T:  631000 | Ep: 3155 | Steps:  200 | Reward:  -231.86
Total T:  631200 | Ep: 3156 | Steps:  200 | Reward:    -9.21
Total T:  631400 | Ep: 3157 | Steps:  200 | Reward:  -124.15
Total T:  631600 | Ep: 3158 | Steps:  200 | Reward:  -132.31
Total T:  631800 | Ep: 3159 | Steps:  200 | Reward:  -129.00
Total T:  632000 | Ep: 3160 | Steps:  200 | Reward:  -305.99
Total T:  632200 | Ep: 3161 | Steps:  200 | Reward:   -10.84
Total T:  632400 | Ep: 3162 | Steps:  200 | Reward:  -129.81
Total T:  632600 | Ep: 3163 | Steps:  200 | Reward:  -124.22
Total T:  632800 | Ep: 3164 | Steps:  200 | Reward:  -133.47
Total T:  633000 | Ep: 3165 | Steps:  200 | Reward:  -235.14
Total T:  633200 | Ep: 3166 | Steps:  200 | Reward:  -125.19
Total T:  633400 | Ep: 3167 | Steps:  200 | Reward:  -123.27
Total T:  633600 | Ep: 3168 | Steps:  200 | Reward:  -124.16
Total T:  633800 | Ep: 3169 | Steps:  200 | Reward:    -8.98
Total T:  634000 | Ep: 3170 | Steps:  200 | Reward:  -238.16
Total T:  634200 | Ep: 3171 | Steps:  200 | Reward:  -129.17
Total T:  634400 | Ep: 3172 | Steps:  200 | Reward:  -237.56
Total T:  634600 | Ep: 3173 | Steps:  200 | Reward:  -123.93
Total T:  634800 | Ep: 3174 | Steps:  200 | Reward:  -224.26
Total T:  635000 | Ep: 3175 | Steps:  200 | Reward:  -132.30
---------------------------------------
Evaluation over 10 episodes: -186.648
---------------------------------------
Total T:  635200 | Ep: 3176 | Steps:  200 | Reward:  -126.19
Total T:  635400 | Ep: 3177 | Steps:  200 | Reward:  -133.86
Total T:  635600 | Ep: 3178 | Steps:  200 | Reward:  -125.78
Total T:  635800 | Ep: 3179 | Steps:  200 | Reward:  -230.58
Total T:  636000 | Ep: 3180 | Steps:  200 | Reward:  -225.13
Total T:  636200 | Ep: 3181 | Steps:  200 | Reward:  -126.40
Total T:  636400 | Ep: 3182 | Steps:  200 | Reward:  -131.75
Total T:  636600 | Ep: 3183 | Steps:  200 | Reward:  -226.59
Total T:  636800 | Ep: 3184 | Steps:  200 | Reward:  -230.94
Total T:  637000 | Ep: 3185 | Steps:  200 | Reward:  -127.17
Total T:  637200 | Ep: 3186 | Steps:  200 | Reward:  -122.12
Total T:  637400 | Ep: 3187 | Steps:  200 | Reward:  -128.00
Total T:  637600 | Ep: 3188 | Steps:  200 | Reward:  -273.97
Total T:  637800 | Ep: 3189 | Steps:  200 | Reward:  -130.07
Total T:  638000 | Ep: 3190 | Steps:  200 | Reward:  -134.41
Total T:  638200 | Ep: 3191 | Steps:  200 | Reward:  -123.99
Total T:  638400 | Ep: 3192 | Steps:  200 | Reward:  -225.57
Total T:  638600 | Ep: 3193 | Steps:  200 | Reward:  -227.28
Total T:  638800 | Ep: 3194 | Steps:  200 | Reward:  -133.30
Total T:  639000 | Ep: 3195 | Steps:  200 | Reward:  -242.57
Total T:  639200 | Ep: 3196 | Steps:  200 | Reward:  -135.08
Total T:  639400 | Ep: 3197 | Steps:  200 | Reward:  -125.99
Total T:  639600 | Ep: 3198 | Steps:  200 | Reward:  -125.86
Total T:  639800 | Ep: 3199 | Steps:  200 | Reward:  -121.95
Total T:  640000 | Ep: 3200 | Steps:  200 | Reward:  -340.79
---------------------------------------
Evaluation over 10 episodes: -182.312
---------------------------------------
Total T:  640200 | Ep: 3201 | Steps:  200 | Reward:  -129.11
Total T:  640400 | Ep: 3202 | Steps:  200 | Reward:  -130.44
Total T:  640600 | Ep: 3203 | Steps:  200 | Reward:  -240.41
Total T:  640800 | Ep: 3204 | Steps:  200 | Reward:  -124.47
Total T:  641000 | Ep: 3205 | Steps:  200 | Reward:  -133.90
Total T:  641200 | Ep: 3206 | Steps:  200 | Reward:  -134.63
Total T:  641400 | Ep: 3207 | Steps:  200 | Reward:  -132.85
Total T:  641600 | Ep: 3208 | Steps:  200 | Reward:  -125.68
Total T:  641800 | Ep: 3209 | Steps:  200 | Reward:  -129.14
Total T:  642000 | Ep: 3210 | Steps:  200 | Reward:  -133.07
Total T:  642200 | Ep: 3211 | Steps:  200 | Reward:  -125.78
Total T:  642400 | Ep: 3212 | Steps:  200 | Reward:  -127.37
Total T:  642600 | Ep: 3213 | Steps:  200 | Reward:  -235.35
Total T:  642800 | Ep: 3214 | Steps:  200 | Reward:   -10.58
Total T:  643000 | Ep: 3215 | Steps:  200 | Reward:  -135.05
Total T:  643200 | Ep: 3216 | Steps:  200 | Reward:  -129.37
Total T:  643400 | Ep: 3217 | Steps:  200 | Reward:  -224.31
Total T:  643600 | Ep: 3218 | Steps:  200 | Reward:  -134.98
Total T:  643800 | Ep: 3219 | Steps:  200 | Reward:  -128.11
Total T:  644000 | Ep: 3220 | Steps:  200 | Reward:  -324.59
Total T:  644200 | Ep: 3221 | Steps:  200 | Reward:  -236.05
Total T:  644400 | Ep: 3222 | Steps:  200 | Reward:    -9.53
Total T:  644600 | Ep: 3223 | Steps:  200 | Reward:  -133.14
Total T:  644800 | Ep: 3224 | Steps:  200 | Reward:  -132.10
Total T:  645000 | Ep: 3225 | Steps:  200 | Reward:  -128.48
---------------------------------------
Evaluation over 10 episodes: -106.942
---------------------------------------
Total T:  645200 | Ep: 3226 | Steps:  200 | Reward:  -121.44
Total T:  645400 | Ep: 3227 | Steps:  200 | Reward:  -345.23
Total T:  645600 | Ep: 3228 | Steps:  200 | Reward:    -9.84
Total T:  645800 | Ep: 3229 | Steps:  200 | Reward:   -10.58
Total T:  646000 | Ep: 3230 | Steps:  200 | Reward:  -239.34
Total T:  646200 | Ep: 3231 | Steps:  200 | Reward:  -132.54
Total T:  646400 | Ep: 3232 | Steps:  200 | Reward:  -122.29
Total T:  646600 | Ep: 3233 | Steps:  200 | Reward:  -127.13
Total T:  646800 | Ep: 3234 | Steps:  200 | Reward:   -10.12
Total T:  647000 | Ep: 3235 | Steps:  200 | Reward:  -134.12
Total T:  647200 | Ep: 3236 | Steps:  200 | Reward:  -130.87
Total T:  647400 | Ep: 3237 | Steps:  200 | Reward:    -9.34
Total T:  647600 | Ep: 3238 | Steps:  200 | Reward:  -129.34
Total T:  647800 | Ep: 3239 | Steps:  200 | Reward:  -232.18
Total T:  648000 | Ep: 3240 | Steps:  200 | Reward:  -230.91
Total T:  648200 | Ep: 3241 | Steps:  200 | Reward:  -247.77
Total T:  648400 | Ep: 3242 | Steps:  200 | Reward:  -315.19
Total T:  648600 | Ep: 3243 | Steps:  200 | Reward:  -125.42
Total T:  648800 | Ep: 3244 | Steps:  200 | Reward:   -11.59
Total T:  649000 | Ep: 3245 | Steps:  200 | Reward:  -124.80
Total T:  649200 | Ep: 3246 | Steps:  200 | Reward:  -257.50
Total T:  649400 | Ep: 3247 | Steps:  200 | Reward:   -10.71
Total T:  649600 | Ep: 3248 | Steps:  200 | Reward:    -9.24
Total T:  649800 | Ep: 3249 | Steps:  200 | Reward:  -134.00
Total T:  650000 | Ep: 3250 | Steps:  200 | Reward:  -125.56
---------------------------------------
Evaluation over 10 episodes: -150.747
---------------------------------------
Total T:  650200 | Ep: 3251 | Steps:  200 | Reward:  -227.73
Total T:  650400 | Ep: 3252 | Steps:  200 | Reward:  -234.73
Total T:  650600 | Ep: 3253 | Steps:  200 | Reward:  -125.84
Total T:  650800 | Ep: 3254 | Steps:  200 | Reward:  -224.98
Total T:  651000 | Ep: 3255 | Steps:  200 | Reward:  -125.22
Total T:  651200 | Ep: 3256 | Steps:  200 | Reward:  -125.94
Total T:  651400 | Ep: 3257 | Steps:  200 | Reward:  -127.63
Total T:  651600 | Ep: 3258 | Steps:  200 | Reward:    -9.03
Total T:  651800 | Ep: 3259 | Steps:  200 | Reward:  -128.16
Total T:  652000 | Ep: 3260 | Steps:  200 | Reward:  -133.97
Total T:  652200 | Ep: 3261 | Steps:  200 | Reward:  -126.19
Total T:  652400 | Ep: 3262 | Steps:  200 | Reward:    -9.35
Total T:  652600 | Ep: 3263 | Steps:  200 | Reward:  -121.33
Total T:  652800 | Ep: 3264 | Steps:  200 | Reward:  -127.77
Total T:  653000 | Ep: 3265 | Steps:  200 | Reward:  -129.53
Total T:  653200 | Ep: 3266 | Steps:  200 | Reward:  -126.58
Total T:  653400 | Ep: 3267 | Steps:  200 | Reward:  -132.88
Total T:  653600 | Ep: 3268 | Steps:  200 | Reward:  -127.00
Total T:  653800 | Ep: 3269 | Steps:  200 | Reward:  -134.95
Total T:  654000 | Ep: 3270 | Steps:  200 | Reward:  -131.18
Total T:  654200 | Ep: 3271 | Steps:  200 | Reward:  -312.96
Total T:  654400 | Ep: 3272 | Steps:  200 | Reward:  -324.15
Total T:  654600 | Ep: 3273 | Steps:  200 | Reward:  -239.33
Total T:  654800 | Ep: 3274 | Steps:  200 | Reward:    -9.33
Total T:  655000 | Ep: 3275 | Steps:  200 | Reward:  -134.67
---------------------------------------
Evaluation over 10 episodes: -126.348
---------------------------------------
Total T:  655200 | Ep: 3276 | Steps:  200 | Reward:  -136.58
Total T:  655400 | Ep: 3277 | Steps:  200 | Reward:  -131.13
Total T:  655600 | Ep: 3278 | Steps:  200 | Reward:  -230.52
Total T:  655800 | Ep: 3279 | Steps:  200 | Reward:  -239.89
Total T:  656000 | Ep: 3280 | Steps:  200 | Reward:  -228.97
Total T:  656200 | Ep: 3281 | Steps:  200 | Reward:    -8.69
Total T:  656400 | Ep: 3282 | Steps:  200 | Reward:  -121.71
Total T:  656600 | Ep: 3283 | Steps:  200 | Reward:  -240.33
Total T:  656800 | Ep: 3284 | Steps:  200 | Reward:    -8.94
Total T:  657000 | Ep: 3285 | Steps:  200 | Reward:  -127.86
Total T:  657200 | Ep: 3286 | Steps:  200 | Reward:  -123.21
Total T:  657400 | Ep: 3287 | Steps:  200 | Reward:  -132.69
Total T:  657600 | Ep: 3288 | Steps:  200 | Reward:  -303.25
Total T:  657800 | Ep: 3289 | Steps:  200 | Reward:  -131.84
Total T:  658000 | Ep: 3290 | Steps:  200 | Reward:  -126.35
Total T:  658200 | Ep: 3291 | Steps:  200 | Reward:  -300.40
Total T:  658400 | Ep: 3292 | Steps:  200 | Reward:  -132.99
Total T:  658600 | Ep: 3293 | Steps:  200 | Reward:  -135.30
Total T:  658800 | Ep: 3294 | Steps:  200 | Reward:  -242.38
Total T:  659000 | Ep: 3295 | Steps:  200 | Reward:  -134.00
Total T:  659200 | Ep: 3296 | Steps:  200 | Reward:   -10.32
Total T:  659400 | Ep: 3297 | Steps:  200 | Reward:  -228.36
Total T:  659600 | Ep: 3298 | Steps:  200 | Reward:  -126.31
Total T:  659800 | Ep: 3299 | Steps:  200 | Reward:  -279.53
Total T:  660000 | Ep: 3300 | Steps:  200 | Reward:  -124.67
---------------------------------------
Evaluation over 10 episodes: -100.019
---------------------------------------
Total T:  660200 | Ep: 3301 | Steps:  200 | Reward:  -123.59
Total T:  660400 | Ep: 3302 | Steps:  200 | Reward:  -126.68
Total T:  660600 | Ep: 3303 | Steps:  200 | Reward:    -9.36
Total T:  660800 | Ep: 3304 | Steps:  200 | Reward:  -128.35
Total T:  661000 | Ep: 3305 | Steps:  200 | Reward:  -128.08
Total T:  661200 | Ep: 3306 | Steps:  200 | Reward:  -126.57
Total T:  661400 | Ep: 3307 | Steps:  200 | Reward:  -239.45
Total T:  661600 | Ep: 3308 | Steps:  200 | Reward:   -10.43
Total T:  661800 | Ep: 3309 | Steps:  200 | Reward:  -126.02
Total T:  662000 | Ep: 3310 | Steps:  200 | Reward:  -124.09
Total T:  662200 | Ep: 3311 | Steps:  200 | Reward:  -125.72
Total T:  662400 | Ep: 3312 | Steps:  200 | Reward:  -134.88
Total T:  662600 | Ep: 3313 | Steps:  200 | Reward:  -130.64
Total T:  662800 | Ep: 3314 | Steps:  200 | Reward:  -121.99
Total T:  663000 | Ep: 3315 | Steps:  200 | Reward:  -132.21
Total T:  663200 | Ep: 3316 | Steps:  200 | Reward:  -316.41
Total T:  663400 | Ep: 3317 | Steps:  200 | Reward:  -130.52
Total T:  663600 | Ep: 3318 | Steps:  200 | Reward:    -9.48
Total T:  663800 | Ep: 3319 | Steps:  200 | Reward:  -129.52
Total T:  664000 | Ep: 3320 | Steps:  200 | Reward:  -123.47
Total T:  664200 | Ep: 3321 | Steps:  200 | Reward:  -132.79
Total T:  664400 | Ep: 3322 | Steps:  200 | Reward:  -230.91
Total T:  664600 | Ep: 3323 | Steps:  200 | Reward:  -241.45
Total T:  664800 | Ep: 3324 | Steps:  200 | Reward:  -225.52
Total T:  665000 | Ep: 3325 | Steps:  200 | Reward:  -126.82
---------------------------------------
Evaluation over 10 episodes: -179.623
---------------------------------------
Total T:  665200 | Ep: 3326 | Steps:  200 | Reward:  -230.22
Total T:  665400 | Ep: 3327 | Steps:  200 | Reward:    -9.89
Total T:  665600 | Ep: 3328 | Steps:  200 | Reward:  -134.03
Total T:  665800 | Ep: 3329 | Steps:  200 | Reward:  -135.38
Total T:  666000 | Ep: 3330 | Steps:  200 | Reward:  -346.82
Total T:  666200 | Ep: 3331 | Steps:  200 | Reward:  -128.50
Total T:  666400 | Ep: 3332 | Steps:  200 | Reward:  -133.73
Total T:  666600 | Ep: 3333 | Steps:  200 | Reward:  -131.87
Total T:  666800 | Ep: 3334 | Steps:  200 | Reward:  -133.70
Total T:  667000 | Ep: 3335 | Steps:  200 | Reward:  -227.24
Total T:  667200 | Ep: 3336 | Steps:  200 | Reward:  -133.67
Total T:  667400 | Ep: 3337 | Steps:  200 | Reward:  -137.76
Total T:  667600 | Ep: 3338 | Steps:  200 | Reward:  -127.31
Total T:  667800 | Ep: 3339 | Steps:  200 | Reward:  -288.38
Total T:  668000 | Ep: 3340 | Steps:  200 | Reward:  -133.28
Total T:  668200 | Ep: 3341 | Steps:  200 | Reward:    -9.77
Total T:  668400 | Ep: 3342 | Steps:  200 | Reward:  -243.85
Total T:  668600 | Ep: 3343 | Steps:  200 | Reward:  -125.10
Total T:  668800 | Ep: 3344 | Steps:  200 | Reward:  -283.08
Total T:  669000 | Ep: 3345 | Steps:  200 | Reward:    -8.45
Total T:  669200 | Ep: 3346 | Steps:  200 | Reward:  -238.82
Total T:  669400 | Ep: 3347 | Steps:  200 | Reward:  -125.08
Total T:  669600 | Ep: 3348 | Steps:  200 | Reward:  -125.11
Total T:  669800 | Ep: 3349 | Steps:  200 | Reward:  -123.44
Total T:  670000 | Ep: 3350 | Steps:  200 | Reward:  -123.06
---------------------------------------
Evaluation over 10 episodes: -136.591
---------------------------------------
Total T:  670200 | Ep: 3351 | Steps:  200 | Reward:  -133.05
Total T:  670400 | Ep: 3352 | Steps:  200 | Reward:  -313.14
Total T:  670600 | Ep: 3353 | Steps:  200 | Reward:  -125.24
Total T:  670800 | Ep: 3354 | Steps:  200 | Reward:    -9.43
Total T:  671000 | Ep: 3355 | Steps:  200 | Reward:  -230.96
Total T:  671200 | Ep: 3356 | Steps:  200 | Reward:  -121.77
Total T:  671400 | Ep: 3357 | Steps:  200 | Reward:  -127.45
Total T:  671600 | Ep: 3358 | Steps:  200 | Reward:  -122.02
Total T:  671800 | Ep: 3359 | Steps:  200 | Reward:  -124.11
Total T:  672000 | Ep: 3360 | Steps:  200 | Reward:  -247.73
Total T:  672200 | Ep: 3361 | Steps:  200 | Reward:    -8.54
Total T:  672400 | Ep: 3362 | Steps:  200 | Reward:  -131.00
Total T:  672600 | Ep: 3363 | Steps:  200 | Reward:  -126.91
Total T:  672800 | Ep: 3364 | Steps:  200 | Reward:  -122.37
Total T:  673000 | Ep: 3365 | Steps:  200 | Reward:  -241.81
Total T:  673200 | Ep: 3366 | Steps:  200 | Reward:  -234.85
Total T:  673400 | Ep: 3367 | Steps:  200 | Reward:  -123.11
Total T:  673600 | Ep: 3368 | Steps:  200 | Reward:  -291.76
Total T:  673800 | Ep: 3369 | Steps:  200 | Reward:  -230.34
Total T:  674000 | Ep: 3370 | Steps:  200 | Reward:  -123.32
Total T:  674200 | Ep: 3371 | Steps:  200 | Reward:  -130.27
Total T:  674400 | Ep: 3372 | Steps:  200 | Reward:  -131.00
Total T:  674600 | Ep: 3373 | Steps:  200 | Reward:  -232.19
Total T:  674800 | Ep: 3374 | Steps:  200 | Reward:  -229.15
Total T:  675000 | Ep: 3375 | Steps:  200 | Reward:  -127.86
---------------------------------------
Evaluation over 10 episodes: -190.040
---------------------------------------
Total T:  675200 | Ep: 3376 | Steps:  200 | Reward:    -9.25
Total T:  675400 | Ep: 3377 | Steps:  200 | Reward:  -244.70
Total T:  675600 | Ep: 3378 | Steps:  200 | Reward:   -10.07
Total T:  675800 | Ep: 3379 | Steps:  200 | Reward:  -263.04
Total T:  676000 | Ep: 3380 | Steps:  200 | Reward:    -9.24
Total T:  676200 | Ep: 3381 | Steps:  200 | Reward:  -242.41
Total T:  676400 | Ep: 3382 | Steps:  200 | Reward:  -126.62
Total T:  676600 | Ep: 3383 | Steps:  200 | Reward:  -236.78
Total T:  676800 | Ep: 3384 | Steps:  200 | Reward:  -131.14
Total T:  677000 | Ep: 3385 | Steps:  200 | Reward:  -132.67
Total T:  677200 | Ep: 3386 | Steps:  200 | Reward:  -135.44
Total T:  677400 | Ep: 3387 | Steps:  200 | Reward:  -226.60
Total T:  677600 | Ep: 3388 | Steps:  200 | Reward:  -131.68
Total T:  677800 | Ep: 3389 | Steps:  200 | Reward:  -297.01
Total T:  678000 | Ep: 3390 | Steps:  200 | Reward:  -239.22
Total T:  678200 | Ep: 3391 | Steps:  200 | Reward:  -125.94
Total T:  678400 | Ep: 3392 | Steps:  200 | Reward:  -236.93
Total T:  678600 | Ep: 3393 | Steps:  200 | Reward:  -123.73
Total T:  678800 | Ep: 3394 | Steps:  200 | Reward:  -240.18
Total T:  679000 | Ep: 3395 | Steps:  200 | Reward:  -132.22
Total T:  679200 | Ep: 3396 | Steps:  200 | Reward:   -10.49
Total T:  679400 | Ep: 3397 | Steps:  200 | Reward:  -229.86
Total T:  679600 | Ep: 3398 | Steps:  200 | Reward:  -236.24
Total T:  679800 | Ep: 3399 | Steps:  200 | Reward:    -8.67
Total T:  680000 | Ep: 3400 | Steps:  200 | Reward:  -131.61
---------------------------------------
Evaluation over 10 episodes: -153.392
---------------------------------------
Total T:  680200 | Ep: 3401 | Steps:  200 | Reward:  -229.25
Total T:  680400 | Ep: 3402 | Steps:  200 | Reward:  -244.69
Total T:  680600 | Ep: 3403 | Steps:  200 | Reward:  -237.85
Total T:  680800 | Ep: 3404 | Steps:  200 | Reward:  -131.03
Total T:  681000 | Ep: 3405 | Steps:  200 | Reward:  -133.32
Total T:  681200 | Ep: 3406 | Steps:  200 | Reward:  -121.11
Total T:  681400 | Ep: 3407 | Steps:  200 | Reward:  -127.35
Total T:  681600 | Ep: 3408 | Steps:  200 | Reward:  -126.36
Total T:  681800 | Ep: 3409 | Steps:  200 | Reward:  -133.00
Total T:  682000 | Ep: 3410 | Steps:  200 | Reward:  -134.02
Total T:  682200 | Ep: 3411 | Steps:  200 | Reward:  -122.92
Total T:  682400 | Ep: 3412 | Steps:  200 | Reward:  -237.60
Total T:  682600 | Ep: 3413 | Steps:  200 | Reward:  -127.41
Total T:  682800 | Ep: 3414 | Steps:  200 | Reward:  -129.20
Total T:  683000 | Ep: 3415 | Steps:  200 | Reward:    -9.02
Total T:  683200 | Ep: 3416 | Steps:  200 | Reward:  -302.47
Total T:  683400 | Ep: 3417 | Steps:  200 | Reward:  -126.48
Total T:  683600 | Ep: 3418 | Steps:  200 | Reward:  -231.26
Total T:  683800 | Ep: 3419 | Steps:  200 | Reward:    -9.07
Total T:  684000 | Ep: 3420 | Steps:  200 | Reward:  -135.03
Total T:  684200 | Ep: 3421 | Steps:  200 | Reward:  -130.11
Total T:  684400 | Ep: 3422 | Steps:  200 | Reward:  -126.13
Total T:  684600 | Ep: 3423 | Steps:  200 | Reward:  -129.96
Total T:  684800 | Ep: 3424 | Steps:  200 | Reward:  -132.91
Total T:  685000 | Ep: 3425 | Steps:  200 | Reward:  -237.05
---------------------------------------
Evaluation over 10 episodes: -186.995
---------------------------------------
Total T:  685200 | Ep: 3426 | Steps:  200 | Reward:  -123.59
Total T:  685400 | Ep: 3427 | Steps:  200 | Reward:  -125.33
Total T:  685600 | Ep: 3428 | Steps:  200 | Reward:  -290.58
Total T:  685800 | Ep: 3429 | Steps:  200 | Reward:  -122.37
Total T:  686000 | Ep: 3430 | Steps:  200 | Reward:   -10.48
Total T:  686200 | Ep: 3431 | Steps:  200 | Reward:  -127.04
Total T:  686400 | Ep: 3432 | Steps:  200 | Reward:  -122.22
Total T:  686600 | Ep: 3433 | Steps:  200 | Reward:  -240.99
Total T:  686800 | Ep: 3434 | Steps:  200 | Reward:  -124.29
Total T:  687000 | Ep: 3435 | Steps:  200 | Reward:  -329.02
Total T:  687200 | Ep: 3436 | Steps:  200 | Reward:    -9.86
Total T:  687400 | Ep: 3437 | Steps:  200 | Reward:   -10.30
Total T:  687600 | Ep: 3438 | Steps:  200 | Reward:  -134.95
Total T:  687800 | Ep: 3439 | Steps:  200 | Reward:  -127.21
Total T:  688000 | Ep: 3440 | Steps:  200 | Reward:  -127.18
Total T:  688200 | Ep: 3441 | Steps:  200 | Reward:  -123.34
Total T:  688400 | Ep: 3442 | Steps:  200 | Reward:  -130.85
Total T:  688600 | Ep: 3443 | Steps:  200 | Reward:  -126.64
Total T:  688800 | Ep: 3444 | Steps:  200 | Reward:  -228.69
Total T:  689000 | Ep: 3445 | Steps:  200 | Reward:  -122.78
Total T:  689200 | Ep: 3446 | Steps:  200 | Reward:  -131.22
Total T:  689400 | Ep: 3447 | Steps:  200 | Reward:  -126.32
Total T:  689600 | Ep: 3448 | Steps:  200 | Reward:  -243.36
Total T:  689800 | Ep: 3449 | Steps:  200 | Reward:  -134.29
Total T:  690000 | Ep: 3450 | Steps:  200 | Reward:  -127.30
---------------------------------------
Evaluation over 10 episodes: -179.986
---------------------------------------
Total T:  690200 | Ep: 3451 | Steps:  200 | Reward:    -9.37
Total T:  690400 | Ep: 3452 | Steps:  200 | Reward:  -232.44
Total T:  690600 | Ep: 3453 | Steps:  200 | Reward:  -123.11
Total T:  690800 | Ep: 3454 | Steps:  200 | Reward:  -129.60
Total T:  691000 | Ep: 3455 | Steps:  200 | Reward:   -12.49
Total T:  691200 | Ep: 3456 | Steps:  200 | Reward:  -126.79
Total T:  691400 | Ep: 3457 | Steps:  200 | Reward:  -234.30
Total T:  691600 | Ep: 3458 | Steps:  200 | Reward:  -135.24
Total T:  691800 | Ep: 3459 | Steps:  200 | Reward:  -123.91
Total T:  692000 | Ep: 3460 | Steps:  200 | Reward:  -130.65
Total T:  692200 | Ep: 3461 | Steps:  200 | Reward:   -10.30
Total T:  692400 | Ep: 3462 | Steps:  200 | Reward:  -124.77
Total T:  692600 | Ep: 3463 | Steps:  200 | Reward:   -10.29
Total T:  692800 | Ep: 3464 | Steps:  200 | Reward:  -250.72
Total T:  693000 | Ep: 3465 | Steps:  200 | Reward:  -126.77
Total T:  693200 | Ep: 3466 | Steps:  200 | Reward:  -244.20
Total T:  693400 | Ep: 3467 | Steps:  200 | Reward:  -131.14
Total T:  693600 | Ep: 3468 | Steps:  200 | Reward:  -239.15
Total T:  693800 | Ep: 3469 | Steps:  200 | Reward:  -121.90
Total T:  694000 | Ep: 3470 | Steps:  200 | Reward:   -10.50
Total T:  694200 | Ep: 3471 | Steps:  200 | Reward:  -237.70
Total T:  694400 | Ep: 3472 | Steps:  200 | Reward:  -225.33
Total T:  694600 | Ep: 3473 | Steps:  200 | Reward:  -235.79
Total T:  694800 | Ep: 3474 | Steps:  200 | Reward:  -126.68
Total T:  695000 | Ep: 3475 | Steps:  200 | Reward:  -127.49
---------------------------------------
Evaluation over 10 episodes: -128.936
---------------------------------------
Total T:  695200 | Ep: 3476 | Steps:  200 | Reward:   -10.24
Total T:  695400 | Ep: 3477 | Steps:  200 | Reward:  -122.26
Total T:  695600 | Ep: 3478 | Steps:  200 | Reward:  -125.03
Total T:  695800 | Ep: 3479 | Steps:  200 | Reward:  -130.92
Total T:  696000 | Ep: 3480 | Steps:  200 | Reward:  -128.19
Total T:  696200 | Ep: 3481 | Steps:  200 | Reward:  -134.65
Total T:  696400 | Ep: 3482 | Steps:  200 | Reward:  -242.52
Total T:  696600 | Ep: 3483 | Steps:  200 | Reward:    -9.65
Total T:  696800 | Ep: 3484 | Steps:  200 | Reward:  -122.69
Total T:  697000 | Ep: 3485 | Steps:  200 | Reward:  -135.59
Total T:  697200 | Ep: 3486 | Steps:  200 | Reward:   -10.67
Total T:  697400 | Ep: 3487 | Steps:  200 | Reward:  -128.74
Total T:  697600 | Ep: 3488 | Steps:  200 | Reward:  -134.89
Total T:  697800 | Ep: 3489 | Steps:  200 | Reward:  -133.25
Total T:  698000 | Ep: 3490 | Steps:  200 | Reward:  -121.98
Total T:  698200 | Ep: 3491 | Steps:  200 | Reward:    -9.92
Total T:  698400 | Ep: 3492 | Steps:  200 | Reward:  -124.77
Total T:  698600 | Ep: 3493 | Steps:  200 | Reward:  -134.15
Total T:  698800 | Ep: 3494 | Steps:  200 | Reward:  -328.87
Total T:  699000 | Ep: 3495 | Steps:  200 | Reward:  -266.43
Total T:  699200 | Ep: 3496 | Steps:  200 | Reward:  -125.36
Total T:  699400 | Ep: 3497 | Steps:  200 | Reward:  -127.51
Total T:  699600 | Ep: 3498 | Steps:  200 | Reward:  -298.43
Total T:  699800 | Ep: 3499 | Steps:  200 | Reward:    -9.95
Total T:  700000 | Ep: 3500 | Steps:  200 | Reward:  -304.80
---------------------------------------
Evaluation over 10 episodes: -180.097
---------------------------------------
Total T:  700200 | Ep: 3501 | Steps:  200 | Reward:  -123.56
Total T:  700400 | Ep: 3502 | Steps:  200 | Reward:  -131.87
Total T:  700600 | Ep: 3503 | Steps:  200 | Reward:  -127.85
Total T:  700800 | Ep: 3504 | Steps:  200 | Reward:  -232.64
Total T:  701000 | Ep: 3505 | Steps:  200 | Reward:  -125.54
Total T:  701200 | Ep: 3506 | Steps:  200 | Reward:  -127.85
Total T:  701400 | Ep: 3507 | Steps:  200 | Reward:  -134.16
Total T:  701600 | Ep: 3508 | Steps:  200 | Reward:  -250.69
Total T:  701800 | Ep: 3509 | Steps:  200 | Reward:  -276.96
Total T:  702000 | Ep: 3510 | Steps:  200 | Reward:  -232.34
Total T:  702200 | Ep: 3511 | Steps:  200 | Reward:  -124.83
Total T:  702400 | Ep: 3512 | Steps:  200 | Reward:    -9.68
Total T:  702600 | Ep: 3513 | Steps:  200 | Reward:  -240.01
Total T:  702800 | Ep: 3514 | Steps:  200 | Reward:  -124.65
Total T:  703000 | Ep: 3515 | Steps:  200 | Reward:  -126.90
Total T:  703200 | Ep: 3516 | Steps:  200 | Reward:  -235.37
Total T:  703400 | Ep: 3517 | Steps:  200 | Reward:  -132.20
Total T:  703600 | Ep: 3518 | Steps:  200 | Reward:  -128.08
Total T:  703800 | Ep: 3519 | Steps:  200 | Reward:  -127.07
Total T:  704000 | Ep: 3520 | Steps:  200 | Reward:  -126.47
Total T:  704200 | Ep: 3521 | Steps:  200 | Reward:  -126.53
Total T:  704400 | Ep: 3522 | Steps:  200 | Reward:  -133.80
Total T:  704600 | Ep: 3523 | Steps:  200 | Reward:  -135.75
Total T:  704800 | Ep: 3524 | Steps:  200 | Reward:  -135.40
Total T:  705000 | Ep: 3525 | Steps:  200 | Reward:  -309.07
---------------------------------------
Evaluation over 10 episodes: -156.609
---------------------------------------
Total T:  705200 | Ep: 3526 | Steps:  200 | Reward:  -136.10
Total T:  705400 | Ep: 3527 | Steps:  200 | Reward:  -128.95
Total T:  705600 | Ep: 3528 | Steps:  200 | Reward:  -136.11
Total T:  705800 | Ep: 3529 | Steps:  200 | Reward:  -231.28
Total T:  706000 | Ep: 3530 | Steps:  200 | Reward:  -273.31
Total T:  706200 | Ep: 3531 | Steps:  200 | Reward:   -11.37
Total T:  706400 | Ep: 3532 | Steps:  200 | Reward:  -304.20
Total T:  706600 | Ep: 3533 | Steps:  200 | Reward:  -130.59
Total T:  706800 | Ep: 3534 | Steps:  200 | Reward:  -229.64
Total T:  707000 | Ep: 3535 | Steps:  200 | Reward:   -11.58
Total T:  707200 | Ep: 3536 | Steps:  200 | Reward:  -226.14
Total T:  707400 | Ep: 3537 | Steps:  200 | Reward:  -122.99
Total T:  707600 | Ep: 3538 | Steps:  200 | Reward:  -129.63
Total T:  707800 | Ep: 3539 | Steps:  200 | Reward:  -129.85
Total T:  708000 | Ep: 3540 | Steps:  200 | Reward:  -124.05
Total T:  708200 | Ep: 3541 | Steps:  200 | Reward:  -127.38
Total T:  708400 | Ep: 3542 | Steps:  200 | Reward:  -135.16
Total T:  708600 | Ep: 3543 | Steps:  200 | Reward:  -283.49
Total T:  708800 | Ep: 3544 | Steps:  200 | Reward:  -133.43
Total T:  709000 | Ep: 3545 | Steps:  200 | Reward:   -10.06
Total T:  709200 | Ep: 3546 | Steps:  200 | Reward:  -127.75
Total T:  709400 | Ep: 3547 | Steps:  200 | Reward:  -132.74
Total T:  709600 | Ep: 3548 | Steps:  200 | Reward:  -303.07
Total T:  709800 | Ep: 3549 | Steps:  200 | Reward:  -124.81
Total T:  710000 | Ep: 3550 | Steps:  200 | Reward:  -129.65
---------------------------------------
Evaluation over 10 episodes: -137.802
---------------------------------------
Total T:  710200 | Ep: 3551 | Steps:  200 | Reward:  -133.96
Total T:  710400 | Ep: 3552 | Steps:  200 | Reward:  -328.53
Total T:  710600 | Ep: 3553 | Steps:  200 | Reward:  -255.83
Total T:  710800 | Ep: 3554 | Steps:  200 | Reward:  -125.35
Total T:  711000 | Ep: 3555 | Steps:  200 | Reward:  -231.21
Total T:  711200 | Ep: 3556 | Steps:  200 | Reward:  -234.55
Total T:  711400 | Ep: 3557 | Steps:  200 | Reward:  -123.37
Total T:  711600 | Ep: 3558 | Steps:  200 | Reward:  -123.61
Total T:  711800 | Ep: 3559 | Steps:  200 | Reward:   -10.04
Total T:  712000 | Ep: 3560 | Steps:  200 | Reward:   -10.07
Total T:  712200 | Ep: 3561 | Steps:  200 | Reward:  -249.70
Total T:  712400 | Ep: 3562 | Steps:  200 | Reward:  -231.25
Total T:  712600 | Ep: 3563 | Steps:  200 | Reward:  -135.09
Total T:  712800 | Ep: 3564 | Steps:  200 | Reward:  -127.42
Total T:  713000 | Ep: 3565 | Steps:  200 | Reward:    -9.13
Total T:  713200 | Ep: 3566 | Steps:  200 | Reward:  -124.58
Total T:  713400 | Ep: 3567 | Steps:  200 | Reward:  -131.66
Total T:  713600 | Ep: 3568 | Steps:  200 | Reward:    -9.77
Total T:  713800 | Ep: 3569 | Steps:  200 | Reward:  -130.99
Total T:  714000 | Ep: 3570 | Steps:  200 | Reward:  -133.05
Total T:  714200 | Ep: 3571 | Steps:  200 | Reward:  -126.65
Total T:  714400 | Ep: 3572 | Steps:  200 | Reward:  -124.75
Total T:  714600 | Ep: 3573 | Steps:  200 | Reward:    -9.87
Total T:  714800 | Ep: 3574 | Steps:  200 | Reward:  -128.69
Total T:  715000 | Ep: 3575 | Steps:  200 | Reward:  -127.87
---------------------------------------
Evaluation over 10 episodes: -199.753
---------------------------------------
Total T:  715200 | Ep: 3576 | Steps:  200 | Reward:   -10.47
Total T:  715400 | Ep: 3577 | Steps:  200 | Reward:  -122.88
Total T:  715600 | Ep: 3578 | Steps:  200 | Reward:  -231.13
Total T:  715800 | Ep: 3579 | Steps:  200 | Reward:  -132.01
Total T:  716000 | Ep: 3580 | Steps:  200 | Reward:  -125.40
Total T:  716200 | Ep: 3581 | Steps:  200 | Reward:  -131.57
Total T:  716400 | Ep: 3582 | Steps:  200 | Reward:  -133.62
Total T:  716600 | Ep: 3583 | Steps:  200 | Reward:   -10.38
Total T:  716800 | Ep: 3584 | Steps:  200 | Reward:  -238.73
Total T:  717000 | Ep: 3585 | Steps:  200 | Reward:   -11.93
Total T:  717200 | Ep: 3586 | Steps:  200 | Reward:   -11.60
Total T:  717400 | Ep: 3587 | Steps:  200 | Reward:  -127.85
Total T:  717600 | Ep: 3588 | Steps:  200 | Reward:  -238.70
Total T:  717800 | Ep: 3589 | Steps:  200 | Reward:  -133.76
Total T:  718000 | Ep: 3590 | Steps:  200 | Reward:    -9.45
Total T:  718200 | Ep: 3591 | Steps:  200 | Reward:    -9.67
Total T:  718400 | Ep: 3592 | Steps:  200 | Reward:  -126.82
Total T:  718600 | Ep: 3593 | Steps:  200 | Reward:  -298.97
Total T:  718800 | Ep: 3594 | Steps:  200 | Reward:  -124.22
Total T:  719000 | Ep: 3595 | Steps:  200 | Reward:  -122.38
Total T:  719200 | Ep: 3596 | Steps:  200 | Reward:  -243.42
Total T:  719400 | Ep: 3597 | Steps:  200 | Reward:  -282.84
Total T:  719600 | Ep: 3598 | Steps:  200 | Reward:  -133.74
Total T:  719800 | Ep: 3599 | Steps:  200 | Reward:  -123.67
Total T:  720000 | Ep: 3600 | Steps:  200 | Reward:    -9.80
---------------------------------------
Evaluation over 10 episodes: -172.765
---------------------------------------
Total T:  720200 | Ep: 3601 | Steps:  200 | Reward:  -122.37
Total T:  720400 | Ep: 3602 | Steps:  200 | Reward:  -125.73
Total T:  720600 | Ep: 3603 | Steps:  200 | Reward:  -239.36
Total T:  720800 | Ep: 3604 | Steps:  200 | Reward:  -131.38
Total T:  721000 | Ep: 3605 | Steps:  200 | Reward:  -130.40
Total T:  721200 | Ep: 3606 | Steps:  200 | Reward:  -240.27
Total T:  721400 | Ep: 3607 | Steps:  200 | Reward:  -237.12
Total T:  721600 | Ep: 3608 | Steps:  200 | Reward:  -250.68
Total T:  721800 | Ep: 3609 | Steps:  200 | Reward:  -254.06
Total T:  722000 | Ep: 3610 | Steps:  200 | Reward:  -134.87
Total T:  722200 | Ep: 3611 | Steps:  200 | Reward:  -122.07
Total T:  722400 | Ep: 3612 | Steps:  200 | Reward:   -11.35
Total T:  722600 | Ep: 3613 | Steps:  200 | Reward:   -10.16
Total T:  722800 | Ep: 3614 | Steps:  200 | Reward:  -126.64
Total T:  723000 | Ep: 3615 | Steps:  200 | Reward:    -9.73
Total T:  723200 | Ep: 3616 | Steps:  200 | Reward:  -133.73
Total T:  723400 | Ep: 3617 | Steps:  200 | Reward:  -132.86
Total T:  723600 | Ep: 3618 | Steps:  200 | Reward:  -122.60
Total T:  723800 | Ep: 3619 | Steps:  200 | Reward:  -134.09
Total T:  724000 | Ep: 3620 | Steps:  200 | Reward:   -10.11
Total T:  724200 | Ep: 3621 | Steps:  200 | Reward:  -311.37
Total T:  724400 | Ep: 3622 | Steps:  200 | Reward:  -130.95
Total T:  724600 | Ep: 3623 | Steps:  200 | Reward:  -130.05
Total T:  724800 | Ep: 3624 | Steps:  200 | Reward:  -130.71
Total T:  725000 | Ep: 3625 | Steps:  200 | Reward:  -234.27
---------------------------------------
Evaluation over 10 episodes: -158.777
---------------------------------------
Total T:  725200 | Ep: 3626 | Steps:  200 | Reward:  -134.97
Total T:  725400 | Ep: 3627 | Steps:  200 | Reward:  -126.92
Total T:  725600 | Ep: 3628 | Steps:  200 | Reward:  -127.04
Total T:  725800 | Ep: 3629 | Steps:  200 | Reward:  -229.19
Total T:  726000 | Ep: 3630 | Steps:  200 | Reward:  -123.17
Total T:  726200 | Ep: 3631 | Steps:  200 | Reward:  -128.16
Total T:  726400 | Ep: 3632 | Steps:  200 | Reward:  -128.84
Total T:  726600 | Ep: 3633 | Steps:  200 | Reward:  -237.67
Total T:  726800 | Ep: 3634 | Steps:  200 | Reward:  -131.06
Total T:  727000 | Ep: 3635 | Steps:  200 | Reward:  -135.17
Total T:  727200 | Ep: 3636 | Steps:  200 | Reward:  -135.21
Total T:  727400 | Ep: 3637 | Steps:  200 | Reward:  -249.32
Total T:  727600 | Ep: 3638 | Steps:  200 | Reward:   -10.09
Total T:  727800 | Ep: 3639 | Steps:  200 | Reward:  -240.32
Total T:  728000 | Ep: 3640 | Steps:  200 | Reward:  -128.49
Total T:  728200 | Ep: 3641 | Steps:  200 | Reward:  -237.69
Total T:  728400 | Ep: 3642 | Steps:  200 | Reward:  -233.77
Total T:  728600 | Ep: 3643 | Steps:  200 | Reward:  -236.99
Total T:  728800 | Ep: 3644 | Steps:  200 | Reward:  -124.78
Total T:  729000 | Ep: 3645 | Steps:  200 | Reward:  -124.22
Total T:  729200 | Ep: 3646 | Steps:  200 | Reward:  -126.69
Total T:  729400 | Ep: 3647 | Steps:  200 | Reward:  -241.74
Total T:  729600 | Ep: 3648 | Steps:  200 | Reward:  -131.53
Total T:  729800 | Ep: 3649 | Steps:  200 | Reward:  -124.00
Total T:  730000 | Ep: 3650 | Steps:  200 | Reward:  -132.99
---------------------------------------
Evaluation over 10 episodes: -167.507
---------------------------------------
Total T:  730200 | Ep: 3651 | Steps:  200 | Reward:  -251.05
Total T:  730400 | Ep: 3652 | Steps:  200 | Reward:  -233.72
Total T:  730600 | Ep: 3653 | Steps:  200 | Reward:  -230.02
Total T:  730800 | Ep: 3654 | Steps:  200 | Reward:  -124.57
Total T:  731000 | Ep: 3655 | Steps:  200 | Reward:  -322.78
Total T:  731200 | Ep: 3656 | Steps:  200 | Reward:  -124.89
Total T:  731400 | Ep: 3657 | Steps:  200 | Reward:  -224.46
Total T:  731600 | Ep: 3658 | Steps:  200 | Reward:  -125.07
Total T:  731800 | Ep: 3659 | Steps:  200 | Reward:  -229.77
Total T:  732000 | Ep: 3660 | Steps:  200 | Reward:  -232.29
Total T:  732200 | Ep: 3661 | Steps:  200 | Reward:  -126.71
Total T:  732400 | Ep: 3662 | Steps:  200 | Reward:  -227.48
Total T:  732600 | Ep: 3663 | Steps:  200 | Reward:  -234.71
Total T:  732800 | Ep: 3664 | Steps:  200 | Reward:    -9.50
Total T:  733000 | Ep: 3665 | Steps:  200 | Reward:  -134.18
Total T:  733200 | Ep: 3666 | Steps:  200 | Reward:  -234.92
Total T:  733400 | Ep: 3667 | Steps:  200 | Reward:  -124.37
Total T:  733600 | Ep: 3668 | Steps:  200 | Reward:  -319.68
Total T:  733800 | Ep: 3669 | Steps:  200 | Reward:   -11.32
Total T:  734000 | Ep: 3670 | Steps:  200 | Reward:  -351.84
Total T:  734200 | Ep: 3671 | Steps:  200 | Reward:  -124.41
Total T:  734400 | Ep: 3672 | Steps:  200 | Reward:  -132.64
Total T:  734600 | Ep: 3673 | Steps:  200 | Reward:  -132.73
Total T:  734800 | Ep: 3674 | Steps:  200 | Reward:  -131.24
Total T:  735000 | Ep: 3675 | Steps:  200 | Reward:  -134.91
---------------------------------------
Evaluation over 10 episodes: -156.305
---------------------------------------
Total T:  735200 | Ep: 3676 | Steps:  200 | Reward:  -126.10
Total T:  735400 | Ep: 3677 | Steps:  200 | Reward:  -283.15
Total T:  735600 | Ep: 3678 | Steps:  200 | Reward:  -133.41
Total T:  735800 | Ep: 3679 | Steps:  200 | Reward:  -233.58
Total T:  736000 | Ep: 3680 | Steps:  200 | Reward:  -125.55
Total T:  736200 | Ep: 3681 | Steps:  200 | Reward:  -228.49
Total T:  736400 | Ep: 3682 | Steps:  200 | Reward:   -10.11
Total T:  736600 | Ep: 3683 | Steps:  200 | Reward:  -123.66
Total T:  736800 | Ep: 3684 | Steps:  200 | Reward:  -227.72
Total T:  737000 | Ep: 3685 | Steps:  200 | Reward:  -129.98
Total T:  737200 | Ep: 3686 | Steps:  200 | Reward:  -122.14
Total T:  737400 | Ep: 3687 | Steps:  200 | Reward:  -133.00
Total T:  737600 | Ep: 3688 | Steps:  200 | Reward:  -124.84
Total T:  737800 | Ep: 3689 | Steps:  200 | Reward:  -133.12
Total T:  738000 | Ep: 3690 | Steps:  200 | Reward:  -134.00
Total T:  738200 | Ep: 3691 | Steps:  200 | Reward:  -247.81
Total T:  738400 | Ep: 3692 | Steps:  200 | Reward:  -127.15
Total T:  738600 | Ep: 3693 | Steps:  200 | Reward:  -126.44
Total T:  738800 | Ep: 3694 | Steps:  200 | Reward:    -9.74
Total T:  739000 | Ep: 3695 | Steps:  200 | Reward:  -131.71
Total T:  739200 | Ep: 3696 | Steps:  200 | Reward:  -126.61
Total T:  739400 | Ep: 3697 | Steps:  200 | Reward:  -129.06
Total T:  739600 | Ep: 3698 | Steps:  200 | Reward:  -292.56
Total T:  739800 | Ep: 3699 | Steps:  200 | Reward:  -309.15
Total T:  740000 | Ep: 3700 | Steps:  200 | Reward:  -126.58
---------------------------------------
Evaluation over 10 episodes: -146.350
---------------------------------------
Total T:  740200 | Ep: 3701 | Steps:  200 | Reward:  -131.62
Total T:  740400 | Ep: 3702 | Steps:  200 | Reward:  -128.60
Total T:  740600 | Ep: 3703 | Steps:  200 | Reward:  -126.40
Total T:  740800 | Ep: 3704 | Steps:  200 | Reward:   -10.17
Total T:  741000 | Ep: 3705 | Steps:  200 | Reward:  -126.84
Total T:  741200 | Ep: 3706 | Steps:  200 | Reward:   -10.17
Total T:  741400 | Ep: 3707 | Steps:  200 | Reward:  -233.62
Total T:  741600 | Ep: 3708 | Steps:  200 | Reward:  -223.54
Total T:  741800 | Ep: 3709 | Steps:  200 | Reward:  -319.88
Total T:  742000 | Ep: 3710 | Steps:  200 | Reward:  -127.13
Total T:  742200 | Ep: 3711 | Steps:  200 | Reward:  -125.82
Total T:  742400 | Ep: 3712 | Steps:  200 | Reward:   -13.62
Total T:  742600 | Ep: 3713 | Steps:  200 | Reward:  -134.33
Total T:  742800 | Ep: 3714 | Steps:  200 | Reward:  -127.86
Total T:  743000 | Ep: 3715 | Steps:  200 | Reward:  -134.93
Total T:  743200 | Ep: 3716 | Steps:  200 | Reward:  -229.28
Total T:  743400 | Ep: 3717 | Steps:  200 | Reward:  -134.78
Total T:  743600 | Ep: 3718 | Steps:  200 | Reward:  -128.38
Total T:  743800 | Ep: 3719 | Steps:  200 | Reward:  -253.08
Total T:  744000 | Ep: 3720 | Steps:  200 | Reward:  -238.85
Total T:  744200 | Ep: 3721 | Steps:  200 | Reward:   -13.87
Total T:  744400 | Ep: 3722 | Steps:  200 | Reward:  -231.50
Total T:  744600 | Ep: 3723 | Steps:  200 | Reward:   -15.15
Total T:  744800 | Ep: 3724 | Steps:  200 | Reward:  -128.65
Total T:  745000 | Ep: 3725 | Steps:  200 | Reward:  -301.21
---------------------------------------
Evaluation over 10 episodes: -139.320
---------------------------------------
Total T:  745200 | Ep: 3726 | Steps:  200 | Reward:  -234.18
Total T:  745400 | Ep: 3727 | Steps:  200 | Reward:  -231.94
Total T:  745600 | Ep: 3728 | Steps:  200 | Reward:  -244.77
Total T:  745800 | Ep: 3729 | Steps:  200 | Reward:  -230.81
Total T:  746000 | Ep: 3730 | Steps:  200 | Reward:  -129.63
Total T:  746200 | Ep: 3731 | Steps:  200 | Reward:  -234.93
Total T:  746400 | Ep: 3732 | Steps:  200 | Reward:  -118.70
Total T:  746600 | Ep: 3733 | Steps:  200 | Reward:  -239.85
Total T:  746800 | Ep: 3734 | Steps:  200 | Reward:  -120.79
Total T:  747000 | Ep: 3735 | Steps:  200 | Reward:  -124.08
Total T:  747200 | Ep: 3736 | Steps:  200 | Reward:  -119.32
Total T:  747400 | Ep: 3737 | Steps:  200 | Reward:    -4.43
Total T:  747600 | Ep: 3738 | Steps:  200 | Reward:  -228.29
Total T:  747800 | Ep: 3739 | Steps:  200 | Reward:    -6.22
Total T:  748000 | Ep: 3740 | Steps:  200 | Reward:  -123.38
Total T:  748200 | Ep: 3741 | Steps:  200 | Reward:    -5.02
Total T:  748400 | Ep: 3742 | Steps:  200 | Reward:  -221.79
Total T:  748600 | Ep: 3743 | Steps:  200 | Reward:  -225.46
Total T:  748800 | Ep: 3744 | Steps:  200 | Reward:    -9.18
Total T:  749000 | Ep: 3745 | Steps:  200 | Reward:  -125.02
Total T:  749200 | Ep: 3746 | Steps:  200 | Reward:  -134.97
Total T:  749400 | Ep: 3747 | Steps:  200 | Reward:  -124.33
Total T:  749600 | Ep: 3748 | Steps:  200 | Reward:  -127.29
Total T:  749800 | Ep: 3749 | Steps:  200 | Reward:  -137.72
Total T:  750000 | Ep: 3750 | Steps:  200 | Reward:  -242.30
---------------------------------------
Evaluation over 10 episodes: -145.523
---------------------------------------
Total T:  750200 | Ep: 3751 | Steps:  200 | Reward:  -237.78
Total T:  750400 | Ep: 3752 | Steps:  200 | Reward:  -134.65
Total T:  750600 | Ep: 3753 | Steps:  200 | Reward:  -134.25
Total T:  750800 | Ep: 3754 | Steps:  200 | Reward:  -235.07
Total T:  751000 | Ep: 3755 | Steps:  200 | Reward:  -274.66
Total T:  751200 | Ep: 3756 | Steps:  200 | Reward:  -128.04
Total T:  751400 | Ep: 3757 | Steps:  200 | Reward:  -126.56
Total T:  751600 | Ep: 3758 | Steps:  200 | Reward:  -131.45
Total T:  751800 | Ep: 3759 | Steps:  200 | Reward:  -233.94
Total T:  752000 | Ep: 3760 | Steps:  200 | Reward:  -132.26
Total T:  752200 | Ep: 3761 | Steps:  200 | Reward:  -120.70
Total T:  752400 | Ep: 3762 | Steps:  200 | Reward:  -239.81
Total T:  752600 | Ep: 3763 | Steps:  200 | Reward:  -133.43
Total T:  752800 | Ep: 3764 | Steps:  200 | Reward:    -7.11
Total T:  753000 | Ep: 3765 | Steps:  200 | Reward:  -130.44
Total T:  753200 | Ep: 3766 | Steps:  200 | Reward:  -122.41
Total T:  753400 | Ep: 3767 | Steps:  200 | Reward:  -119.52
Total T:  753600 | Ep: 3768 | Steps:  200 | Reward:  -130.90
Total T:  753800 | Ep: 3769 | Steps:  200 | Reward:  -120.35
Total T:  754000 | Ep: 3770 | Steps:  200 | Reward:  -125.81
Total T:  754200 | Ep: 3771 | Steps:  200 | Reward:  -306.06
Total T:  754400 | Ep: 3772 | Steps:  200 | Reward:    -6.79
Total T:  754600 | Ep: 3773 | Steps:  200 | Reward:    -6.87
Total T:  754800 | Ep: 3774 | Steps:  200 | Reward:  -253.88
Total T:  755000 | Ep: 3775 | Steps:  200 | Reward:  -305.36
---------------------------------------
Evaluation over 10 episodes: -176.529
---------------------------------------
Total T:  755200 | Ep: 3776 | Steps:  200 | Reward:  -122.09
Total T:  755400 | Ep: 3777 | Steps:  200 | Reward:  -132.27
Total T:  755600 | Ep: 3778 | Steps:  200 | Reward:  -128.44
Total T:  755800 | Ep: 3779 | Steps:  200 | Reward:  -321.04
Total T:  756000 | Ep: 3780 | Steps:  200 | Reward:  -226.11
Total T:  756200 | Ep: 3781 | Steps:  200 | Reward:  -130.58
Total T:  756400 | Ep: 3782 | Steps:  200 | Reward:  -127.94
Total T:  756600 | Ep: 3783 | Steps:  200 | Reward:  -124.43
Total T:  756800 | Ep: 3784 | Steps:  200 | Reward:  -125.83
Total T:  757000 | Ep: 3785 | Steps:  200 | Reward:  -129.78
Total T:  757200 | Ep: 3786 | Steps:  200 | Reward:  -131.71
Total T:  757400 | Ep: 3787 | Steps:  200 | Reward:  -132.13
Total T:  757600 | Ep: 3788 | Steps:  200 | Reward:  -246.88
Total T:  757800 | Ep: 3789 | Steps:  200 | Reward:  -124.75
Total T:  758000 | Ep: 3790 | Steps:  200 | Reward:  -235.71
Total T:  758200 | Ep: 3791 | Steps:  200 | Reward:  -120.07
Total T:  758400 | Ep: 3792 | Steps:  200 | Reward:  -128.62
Total T:  758600 | Ep: 3793 | Steps:  200 | Reward:  -128.90
Total T:  758800 | Ep: 3794 | Steps:  200 | Reward:  -131.04
Total T:  759000 | Ep: 3795 | Steps:  200 | Reward:  -124.01
Total T:  759200 | Ep: 3796 | Steps:  200 | Reward:  -224.04
Total T:  759400 | Ep: 3797 | Steps:  200 | Reward:  -121.99
Total T:  759600 | Ep: 3798 | Steps:  200 | Reward:  -121.02
Total T:  759800 | Ep: 3799 | Steps:  200 | Reward:  -236.42
Total T:  760000 | Ep: 3800 | Steps:  200 | Reward:  -124.22
---------------------------------------
Evaluation over 10 episodes: -89.639
---------------------------------------
Total T:  760200 | Ep: 3801 | Steps:  200 | Reward:    -5.99
Total T:  760400 | Ep: 3802 | Steps:  200 | Reward:  -234.24
Total T:  760600 | Ep: 3803 | Steps:  200 | Reward:  -121.05
Total T:  760800 | Ep: 3804 | Steps:  200 | Reward:  -226.81
Total T:  761000 | Ep: 3805 | Steps:  200 | Reward:  -117.99
Total T:  761200 | Ep: 3806 | Steps:  200 | Reward:  -125.93
Total T:  761400 | Ep: 3807 | Steps:  200 | Reward:  -121.26
Total T:  761600 | Ep: 3808 | Steps:  200 | Reward:    -5.33
Total T:  761800 | Ep: 3809 | Steps:  200 | Reward:  -231.86
Total T:  762000 | Ep: 3810 | Steps:  200 | Reward:  -120.02
Total T:  762200 | Ep: 3811 | Steps:  200 | Reward:  -118.23
Total T:  762400 | Ep: 3812 | Steps:  200 | Reward:  -121.53
Total T:  762600 | Ep: 3813 | Steps:  200 | Reward:  -120.28
Total T:  762800 | Ep: 3814 | Steps:  200 | Reward:  -133.85
Total T:  763000 | Ep: 3815 | Steps:  200 | Reward:  -320.00
Total T:  763200 | Ep: 3816 | Steps:  200 | Reward:  -121.02
Total T:  763400 | Ep: 3817 | Steps:  200 | Reward:    -5.10
Total T:  763600 | Ep: 3818 | Steps:  200 | Reward:    -6.69
Total T:  763800 | Ep: 3819 | Steps:  200 | Reward:    -5.04
Total T:  764000 | Ep: 3820 | Steps:  200 | Reward:    -7.51
Total T:  764200 | Ep: 3821 | Steps:  200 | Reward:  -123.13
Total T:  764400 | Ep: 3822 | Steps:  200 | Reward:  -123.92
Total T:  764600 | Ep: 3823 | Steps:  200 | Reward:  -230.92
Total T:  764800 | Ep: 3824 | Steps:  200 | Reward:  -241.90
Total T:  765000 | Ep: 3825 | Steps:  200 | Reward:  -120.91
---------------------------------------
Evaluation over 10 episodes: -149.448
---------------------------------------
Total T:  765200 | Ep: 3826 | Steps:  200 | Reward:  -246.19
Total T:  765400 | Ep: 3827 | Steps:  200 | Reward:  -238.86
Total T:  765600 | Ep: 3828 | Steps:  200 | Reward:  -132.91
Total T:  765800 | Ep: 3829 | Steps:  200 | Reward:  -124.57
Total T:  766000 | Ep: 3830 | Steps:  200 | Reward:  -248.01
Total T:  766200 | Ep: 3831 | Steps:  200 | Reward:  -224.06
Total T:  766400 | Ep: 3832 | Steps:  200 | Reward:  -239.31
Total T:  766600 | Ep: 3833 | Steps:  200 | Reward:  -124.83
Total T:  766800 | Ep: 3834 | Steps:  200 | Reward:    -4.98
Total T:  767000 | Ep: 3835 | Steps:  200 | Reward:  -128.04
Total T:  767200 | Ep: 3836 | Steps:  200 | Reward:  -227.41
Total T:  767400 | Ep: 3837 | Steps:  200 | Reward:  -125.30
Total T:  767600 | Ep: 3838 | Steps:  200 | Reward:  -222.32
Total T:  767800 | Ep: 3839 | Steps:  200 | Reward:  -126.77
Total T:  768000 | Ep: 3840 | Steps:  200 | Reward:  -233.36
Total T:  768200 | Ep: 3841 | Steps:  200 | Reward:  -133.30
Total T:  768400 | Ep: 3842 | Steps:  200 | Reward:  -125.54
Total T:  768600 | Ep: 3843 | Steps:  200 | Reward:  -130.40
Total T:  768800 | Ep: 3844 | Steps:  200 | Reward:  -124.73
Total T:  769000 | Ep: 3845 | Steps:  200 | Reward:  -127.23
Total T:  769200 | Ep: 3846 | Steps:  200 | Reward:  -119.86
Total T:  769400 | Ep: 3847 | Steps:  200 | Reward:  -128.17
Total T:  769600 | Ep: 3848 | Steps:  200 | Reward:  -121.51
Total T:  769800 | Ep: 3849 | Steps:  200 | Reward:  -231.57
Total T:  770000 | Ep: 3850 | Steps:  200 | Reward:  -121.83
---------------------------------------
Evaluation over 10 episodes: -162.699
---------------------------------------
Total T:  770200 | Ep: 3851 | Steps:  200 | Reward:  -122.04
Total T:  770400 | Ep: 3852 | Steps:  200 | Reward:  -221.51
Total T:  770600 | Ep: 3853 | Steps:  200 | Reward:  -126.60
Total T:  770800 | Ep: 3854 | Steps:  200 | Reward:  -224.02
Total T:  771000 | Ep: 3855 | Steps:  200 | Reward:  -223.59
Total T:  771200 | Ep: 3856 | Steps:  200 | Reward:    -4.57
Total T:  771400 | Ep: 3857 | Steps:  200 | Reward:  -131.63
Total T:  771600 | Ep: 3858 | Steps:  200 | Reward:  -129.05
Total T:  771800 | Ep: 3859 | Steps:  200 | Reward:  -225.74
Total T:  772000 | Ep: 3860 | Steps:  200 | Reward:  -123.36
Total T:  772200 | Ep: 3861 | Steps:  200 | Reward:  -310.81
Total T:  772400 | Ep: 3862 | Steps:  200 | Reward:  -121.50
Total T:  772600 | Ep: 3863 | Steps:  200 | Reward:  -227.02
Total T:  772800 | Ep: 3864 | Steps:  200 | Reward:  -120.98
Total T:  773000 | Ep: 3865 | Steps:  200 | Reward:  -124.28
Total T:  773200 | Ep: 3866 | Steps:  200 | Reward:  -230.55
Total T:  773400 | Ep: 3867 | Steps:  200 | Reward:  -123.31
Total T:  773600 | Ep: 3868 | Steps:  200 | Reward:  -120.37
Total T:  773800 | Ep: 3869 | Steps:  200 | Reward:    -4.67
Total T:  774000 | Ep: 3870 | Steps:  200 | Reward:  -230.36
Total T:  774200 | Ep: 3871 | Steps:  200 | Reward:  -123.01
Total T:  774400 | Ep: 3872 | Steps:  200 | Reward:  -128.77
Total T:  774600 | Ep: 3873 | Steps:  200 | Reward:  -128.78
Total T:  774800 | Ep: 3874 | Steps:  200 | Reward:  -128.02
Total T:  775000 | Ep: 3875 | Steps:  200 | Reward:  -128.23
---------------------------------------
Evaluation over 10 episodes: -189.689
---------------------------------------
Total T:  775200 | Ep: 3876 | Steps:  200 | Reward:  -306.78
Total T:  775400 | Ep: 3877 | Steps:  200 | Reward:  -121.38
Total T:  775600 | Ep: 3878 | Steps:  200 | Reward:  -124.14
Total T:  775800 | Ep: 3879 | Steps:  200 | Reward:  -235.83
Total T:  776000 | Ep: 3880 | Steps:  200 | Reward:  -130.50
Total T:  776200 | Ep: 3881 | Steps:  200 | Reward:  -123.33
Total T:  776400 | Ep: 3882 | Steps:  200 | Reward:  -223.44
Total T:  776600 | Ep: 3883 | Steps:  200 | Reward:  -122.68
Total T:  776800 | Ep: 3884 | Steps:  200 | Reward:  -233.43
Total T:  777000 | Ep: 3885 | Steps:  200 | Reward:  -228.81
Total T:  777200 | Ep: 3886 | Steps:  200 | Reward:  -130.67
Total T:  777400 | Ep: 3887 | Steps:  200 | Reward:  -252.73
Total T:  777600 | Ep: 3888 | Steps:  200 | Reward:  -223.88
Total T:  777800 | Ep: 3889 | Steps:  200 | Reward:    -5.16
Total T:  778000 | Ep: 3890 | Steps:  200 | Reward:  -117.28
Total T:  778200 | Ep: 3891 | Steps:  200 | Reward:  -121.61
Total T:  778400 | Ep: 3892 | Steps:  200 | Reward:  -223.14
Total T:  778600 | Ep: 3893 | Steps:  200 | Reward:  -120.97
Total T:  778800 | Ep: 3894 | Steps:  200 | Reward:  -118.89
Total T:  779000 | Ep: 3895 | Steps:  200 | Reward:  -131.52
Total T:  779200 | Ep: 3896 | Steps:  200 | Reward:  -125.73
Total T:  779400 | Ep: 3897 | Steps:  200 | Reward:  -118.82
Total T:  779600 | Ep: 3898 | Steps:  200 | Reward:  -120.76
Total T:  779800 | Ep: 3899 | Steps:  200 | Reward:  -233.18
Total T:  780000 | Ep: 3900 | Steps:  200 | Reward:  -229.17
---------------------------------------
Evaluation over 10 episodes: -158.269
---------------------------------------
Total T:  780200 | Ep: 3901 | Steps:  200 | Reward:  -326.82
Total T:  780400 | Ep: 3902 | Steps:  200 | Reward:  -130.77
Total T:  780600 | Ep: 3903 | Steps:  200 | Reward:  -232.78
Total T:  780800 | Ep: 3904 | Steps:  200 | Reward:  -120.41
Total T:  781000 | Ep: 3905 | Steps:  200 | Reward:  -129.10
Total T:  781200 | Ep: 3906 | Steps:  200 | Reward:  -121.92
Total T:  781400 | Ep: 3907 | Steps:  200 | Reward:  -124.10
Total T:  781600 | Ep: 3908 | Steps:  200 | Reward:  -122.46
Total T:  781800 | Ep: 3909 | Steps:  200 | Reward:  -129.16
Total T:  782000 | Ep: 3910 | Steps:  200 | Reward:  -126.12
Total T:  782200 | Ep: 3911 | Steps:  200 | Reward:  -227.42
Total T:  782400 | Ep: 3912 | Steps:  200 | Reward:    -5.55
Total T:  782600 | Ep: 3913 | Steps:  200 | Reward:  -238.54
Total T:  782800 | Ep: 3914 | Steps:  200 | Reward:  -122.83
Total T:  783000 | Ep: 3915 | Steps:  200 | Reward:  -309.44
Total T:  783200 | Ep: 3916 | Steps:  200 | Reward:  -327.14
Total T:  783400 | Ep: 3917 | Steps:  200 | Reward:    -4.20
Total T:  783600 | Ep: 3918 | Steps:  200 | Reward:  -313.70
Total T:  783800 | Ep: 3919 | Steps:  200 | Reward:    -4.24
Total T:  784000 | Ep: 3920 | Steps:  200 | Reward:  -324.86
Total T:  784200 | Ep: 3921 | Steps:  200 | Reward:  -117.92
Total T:  784400 | Ep: 3922 | Steps:  200 | Reward:  -121.97
Total T:  784600 | Ep: 3923 | Steps:  200 | Reward:  -239.57
Total T:  784800 | Ep: 3924 | Steps:  200 | Reward:  -123.65
Total T:  785000 | Ep: 3925 | Steps:  200 | Reward:  -119.35
---------------------------------------
Evaluation over 10 episodes: -185.179
---------------------------------------
Total T:  785200 | Ep: 3926 | Steps:  200 | Reward:  -232.44
Total T:  785400 | Ep: 3927 | Steps:  200 | Reward:  -118.05
Total T:  785600 | Ep: 3928 | Steps:  200 | Reward:    -4.27
Total T:  785800 | Ep: 3929 | Steps:  200 | Reward:  -240.56
Total T:  786000 | Ep: 3930 | Steps:  200 | Reward:  -124.09
Total T:  786200 | Ep: 3931 | Steps:  200 | Reward:  -248.13
Total T:  786400 | Ep: 3932 | Steps:  200 | Reward:  -287.62
Total T:  786600 | Ep: 3933 | Steps:  200 | Reward:  -128.86
Total T:  786800 | Ep: 3934 | Steps:  200 | Reward:  -119.14
Total T:  787000 | Ep: 3935 | Steps:  200 | Reward:    -4.33
Total T:  787200 | Ep: 3936 | Steps:  200 | Reward:  -129.50
Total T:  787400 | Ep: 3937 | Steps:  200 | Reward:  -228.69
Total T:  787600 | Ep: 3938 | Steps:  200 | Reward:  -245.06
Total T:  787800 | Ep: 3939 | Steps:  200 | Reward:  -224.95
Total T:  788000 | Ep: 3940 | Steps:  200 | Reward:  -309.23
Total T:  788200 | Ep: 3941 | Steps:  200 | Reward:    -4.29
Total T:  788400 | Ep: 3942 | Steps:  200 | Reward:  -128.54
Total T:  788600 | Ep: 3943 | Steps:  200 | Reward:  -263.60
Total T:  788800 | Ep: 3944 | Steps:  200 | Reward:  -130.01
Total T:  789000 | Ep: 3945 | Steps:  200 | Reward:  -228.83
Total T:  789200 | Ep: 3946 | Steps:  200 | Reward:  -309.65
Total T:  789400 | Ep: 3947 | Steps:  200 | Reward:  -130.42
Total T:  789600 | Ep: 3948 | Steps:  200 | Reward:    -4.92
Total T:  789800 | Ep: 3949 | Steps:  200 | Reward:  -126.42
Total T:  790000 | Ep: 3950 | Steps:  200 | Reward:  -222.08
---------------------------------------
Evaluation over 10 episodes: -138.066
---------------------------------------
Total T:  790200 | Ep: 3951 | Steps:  200 | Reward:  -289.81
Total T:  790400 | Ep: 3952 | Steps:  200 | Reward:  -128.43
Total T:  790600 | Ep: 3953 | Steps:  200 | Reward:  -124.85
Total T:  790800 | Ep: 3954 | Steps:  200 | Reward:  -130.43
Total T:  791000 | Ep: 3955 | Steps:  200 | Reward:  -264.11
Total T:  791200 | Ep: 3956 | Steps:  200 | Reward:  -128.25
Total T:  791400 | Ep: 3957 | Steps:  200 | Reward:  -318.51
Total T:  791600 | Ep: 3958 | Steps:  200 | Reward:  -121.67
Total T:  791800 | Ep: 3959 | Steps:  200 | Reward:    -3.97
Total T:  792000 | Ep: 3960 | Steps:  200 | Reward:  -123.65
Total T:  792200 | Ep: 3961 | Steps:  200 | Reward:  -129.46
Total T:  792400 | Ep: 3962 | Steps:  200 | Reward:  -245.81
Total T:  792600 | Ep: 3963 | Steps:  200 | Reward:  -125.91
Total T:  792800 | Ep: 3964 | Steps:  200 | Reward:  -127.93
Total T:  793000 | Ep: 3965 | Steps:  200 | Reward:    -4.72
Total T:  793200 | Ep: 3966 | Steps:  200 | Reward:  -227.21
Total T:  793400 | Ep: 3967 | Steps:  200 | Reward:  -123.30
Total T:  793600 | Ep: 3968 | Steps:  200 | Reward:  -322.90
Total T:  793800 | Ep: 3969 | Steps:  200 | Reward:  -227.82
Total T:  794000 | Ep: 3970 | Steps:  200 | Reward:  -128.27
Total T:  794200 | Ep: 3971 | Steps:  200 | Reward:  -131.58
Total T:  794400 | Ep: 3972 | Steps:  200 | Reward:  -121.04
Total T:  794600 | Ep: 3973 | Steps:  200 | Reward:  -127.12
Total T:  794800 | Ep: 3974 | Steps:  200 | Reward:    -3.97
Total T:  795000 | Ep: 3975 | Steps:  200 | Reward:  -119.71
---------------------------------------
Evaluation over 10 episodes: -126.126
---------------------------------------
Total T:  795200 | Ep: 3976 | Steps:  200 | Reward:  -232.24
Total T:  795400 | Ep: 3977 | Steps:  200 | Reward:  -248.64
Total T:  795600 | Ep: 3978 | Steps:  200 | Reward:  -256.69
Total T:  795800 | Ep: 3979 | Steps:  200 | Reward:  -117.23
Total T:  796000 | Ep: 3980 | Steps:  200 | Reward:  -128.79
Total T:  796200 | Ep: 3981 | Steps:  200 | Reward:  -127.86
Total T:  796400 | Ep: 3982 | Steps:  200 | Reward:  -233.19
Total T:  796600 | Ep: 3983 | Steps:  200 | Reward:  -122.14
Total T:  796800 | Ep: 3984 | Steps:  200 | Reward:  -119.12
Total T:  797000 | Ep: 3985 | Steps:  200 | Reward:  -119.35
Total T:  797200 | Ep: 3986 | Steps:  200 | Reward:  -129.06
Total T:  797400 | Ep: 3987 | Steps:  200 | Reward:  -231.42
Total T:  797600 | Ep: 3988 | Steps:  200 | Reward:  -118.06
Total T:  797800 | Ep: 3989 | Steps:  200 | Reward:    -4.25
Total T:  798000 | Ep: 3990 | Steps:  200 | Reward:  -235.22
Total T:  798200 | Ep: 3991 | Steps:  200 | Reward:  -230.75
Total T:  798400 | Ep: 3992 | Steps:  200 | Reward:    -3.87
Total T:  798600 | Ep: 3993 | Steps:  200 | Reward:  -242.53
Total T:  798800 | Ep: 3994 | Steps:  200 | Reward:  -117.33
Total T:  799000 | Ep: 3995 | Steps:  200 | Reward:  -224.89
Total T:  799200 | Ep: 3996 | Steps:  200 | Reward:  -124.49
Total T:  799400 | Ep: 3997 | Steps:  200 | Reward:  -122.26
Total T:  799600 | Ep: 3998 | Steps:  200 | Reward:  -220.93
Total T:  799800 | Ep: 3999 | Steps:  200 | Reward:    -3.90
Total T:  800000 | Ep: 4000 | Steps:  200 | Reward:  -308.53
---------------------------------------
Evaluation over 10 episodes: -167.160
---------------------------------------
Total T:  800200 | Ep: 4001 | Steps:  200 | Reward:  -120.50
Total T:  800400 | Ep: 4002 | Steps:  200 | Reward:    -5.21
Total T:  800600 | Ep: 4003 | Steps:  200 | Reward:  -127.17
Total T:  800800 | Ep: 4004 | Steps:  200 | Reward:  -126.05
Total T:  801000 | Ep: 4005 | Steps:  200 | Reward:  -129.21
Total T:  801200 | Ep: 4006 | Steps:  200 | Reward:  -230.46
Total T:  801400 | Ep: 4007 | Steps:  200 | Reward:  -259.76
Total T:  801600 | Ep: 4008 | Steps:  200 | Reward:  -119.31
Total T:  801800 | Ep: 4009 | Steps:  200 | Reward:  -123.49
Total T:  802000 | Ep: 4010 | Steps:  200 | Reward:    -4.06
Total T:  802200 | Ep: 4011 | Steps:  200 | Reward:  -130.33
Total T:  802400 | Ep: 4012 | Steps:  200 | Reward:  -231.10
Total T:  802600 | Ep: 4013 | Steps:  200 | Reward:  -130.00
Total T:  802800 | Ep: 4014 | Steps:  200 | Reward:  -130.12
Total T:  803000 | Ep: 4015 | Steps:  200 | Reward:  -121.51
Total T:  803200 | Ep: 4016 | Steps:  200 | Reward:  -124.89
Total T:  803400 | Ep: 4017 | Steps:  200 | Reward:  -116.91
Total T:  803600 | Ep: 4018 | Steps:  200 | Reward:    -4.92
Total T:  803800 | Ep: 4019 | Steps:  200 | Reward:  -127.46
Total T:  804000 | Ep: 4020 | Steps:  200 | Reward:  -228.92
Total T:  804200 | Ep: 4021 | Steps:  200 | Reward:  -126.92
Total T:  804400 | Ep: 4022 | Steps:  200 | Reward:  -225.37
Total T:  804600 | Ep: 4023 | Steps:  200 | Reward:    -4.27
Total T:  804800 | Ep: 4024 | Steps:  200 | Reward:  -120.83
Total T:  805000 | Ep: 4025 | Steps:  200 | Reward:  -310.95
---------------------------------------
Evaluation over 10 episodes: -158.447
---------------------------------------
Total T:  805200 | Ep: 4026 | Steps:  200 | Reward:  -122.67
Total T:  805400 | Ep: 4027 | Steps:  200 | Reward:  -301.17
Total T:  805600 | Ep: 4028 | Steps:  200 | Reward:  -118.03
Total T:  805800 | Ep: 4029 | Steps:  200 | Reward:  -128.24
Total T:  806000 | Ep: 4030 | Steps:  200 | Reward:  -128.76
Total T:  806200 | Ep: 4031 | Steps:  200 | Reward:  -233.28
Total T:  806400 | Ep: 4032 | Steps:  200 | Reward:  -226.93
Total T:  806600 | Ep: 4033 | Steps:  200 | Reward:    -4.03
Total T:  806800 | Ep: 4034 | Steps:  200 | Reward:  -122.97
Total T:  807000 | Ep: 4035 | Steps:  200 | Reward:  -223.60
Total T:  807200 | Ep: 4036 | Steps:  200 | Reward:  -121.55
Total T:  807400 | Ep: 4037 | Steps:  200 | Reward:  -122.62
Total T:  807600 | Ep: 4038 | Steps:  200 | Reward:  -223.37
Total T:  807800 | Ep: 4039 | Steps:  200 | Reward:  -117.31
Total T:  808000 | Ep: 4040 | Steps:  200 | Reward:  -231.25
Total T:  808200 | Ep: 4041 | Steps:  200 | Reward:  -121.74
Total T:  808400 | Ep: 4042 | Steps:  200 | Reward:  -119.51
Total T:  808600 | Ep: 4043 | Steps:  200 | Reward:  -128.96
Total T:  808800 | Ep: 4044 | Steps:  200 | Reward:    -4.15
Total T:  809000 | Ep: 4045 | Steps:  200 | Reward:  -318.28
Total T:  809200 | Ep: 4046 | Steps:  200 | Reward:  -229.17
Total T:  809400 | Ep: 4047 | Steps:  200 | Reward:  -226.08
Total T:  809600 | Ep: 4048 | Steps:  200 | Reward:  -244.90
Total T:  809800 | Ep: 4049 | Steps:  200 | Reward:  -118.98
Total T:  810000 | Ep: 4050 | Steps:  200 | Reward:    -3.81
---------------------------------------
Evaluation over 10 episodes: -150.779
---------------------------------------
Total T:  810200 | Ep: 4051 | Steps:  200 | Reward:  -120.23
Total T:  810400 | Ep: 4052 | Steps:  200 | Reward:  -227.92
Total T:  810600 | Ep: 4053 | Steps:  200 | Reward:  -118.25
Total T:  810800 | Ep: 4054 | Steps:  200 | Reward:  -222.27
Total T:  811000 | Ep: 4055 | Steps:  200 | Reward:  -226.96
Total T:  811200 | Ep: 4056 | Steps:  200 | Reward:  -119.42
Total T:  811400 | Ep: 4057 | Steps:  200 | Reward:  -231.15
Total T:  811600 | Ep: 4058 | Steps:  200 | Reward:  -130.22
Total T:  811800 | Ep: 4059 | Steps:  200 | Reward:    -5.00
Total T:  812000 | Ep: 4060 | Steps:  200 | Reward:  -119.93
Total T:  812200 | Ep: 4061 | Steps:  200 | Reward:    -4.53
Total T:  812400 | Ep: 4062 | Steps:  200 | Reward:  -120.90
Total T:  812600 | Ep: 4063 | Steps:  200 | Reward:  -125.72
Total T:  812800 | Ep: 4064 | Steps:  200 | Reward:    -3.88
Total T:  813000 | Ep: 4065 | Steps:  200 | Reward:  -121.60
Total T:  813200 | Ep: 4066 | Steps:  200 | Reward:  -124.94
Total T:  813400 | Ep: 4067 | Steps:  200 | Reward:    -3.84
Total T:  813600 | Ep: 4068 | Steps:  200 | Reward:  -117.56
Total T:  813800 | Ep: 4069 | Steps:  200 | Reward:  -117.25
Total T:  814000 | Ep: 4070 | Steps:  200 | Reward:  -130.11
Total T:  814200 | Ep: 4071 | Steps:  200 | Reward:  -121.44
Total T:  814400 | Ep: 4072 | Steps:  200 | Reward:  -117.34
Total T:  814600 | Ep: 4073 | Steps:  200 | Reward:  -224.49
Total T:  814800 | Ep: 4074 | Steps:  200 | Reward:  -122.36
Total T:  815000 | Ep: 4075 | Steps:  200 | Reward:  -117.47
---------------------------------------
Evaluation over 10 episodes: -194.497
---------------------------------------
Total T:  815200 | Ep: 4076 | Steps:  200 | Reward:  -226.11
Total T:  815400 | Ep: 4077 | Steps:  200 | Reward:    -3.98
Total T:  815600 | Ep: 4078 | Steps:  200 | Reward:  -124.14
Total T:  815800 | Ep: 4079 | Steps:  200 | Reward:  -127.75
Total T:  816000 | Ep: 4080 | Steps:  200 | Reward:  -220.69
Total T:  816200 | Ep: 4081 | Steps:  200 | Reward:  -319.74
Total T:  816400 | Ep: 4082 | Steps:  200 | Reward:  -245.96
Total T:  816600 | Ep: 4083 | Steps:  200 | Reward:  -225.76
Total T:  816800 | Ep: 4084 | Steps:  200 | Reward:    -4.93
Total T:  817000 | Ep: 4085 | Steps:  200 | Reward:  -118.82
Total T:  817200 | Ep: 4086 | Steps:  200 | Reward:  -131.25
Total T:  817400 | Ep: 4087 | Steps:  200 | Reward:    -5.42
Total T:  817600 | Ep: 4088 | Steps:  200 | Reward:  -247.74
Total T:  817800 | Ep: 4089 | Steps:  200 | Reward:  -127.49
Total T:  818000 | Ep: 4090 | Steps:  200 | Reward:  -122.38
Total T:  818200 | Ep: 4091 | Steps:  200 | Reward:  -123.79
Total T:  818400 | Ep: 4092 | Steps:  200 | Reward:  -224.50
Total T:  818600 | Ep: 4093 | Steps:  200 | Reward:  -226.24
Total T:  818800 | Ep: 4094 | Steps:  200 | Reward:  -120.56
Total T:  819000 | Ep: 4095 | Steps:  200 | Reward:  -232.71
Total T:  819200 | Ep: 4096 | Steps:  200 | Reward:  -121.58
Total T:  819400 | Ep: 4097 | Steps:  200 | Reward:  -119.35
Total T:  819600 | Ep: 4098 | Steps:  200 | Reward:  -120.51
Total T:  819800 | Ep: 4099 | Steps:  200 | Reward:  -325.77
Total T:  820000 | Ep: 4100 | Steps:  200 | Reward:  -127.70
---------------------------------------
Evaluation over 10 episodes: -143.834
---------------------------------------
Total T:  820200 | Ep: 4101 | Steps:  200 | Reward:  -226.93
Total T:  820400 | Ep: 4102 | Steps:  200 | Reward:  -232.06
Total T:  820600 | Ep: 4103 | Steps:  200 | Reward:  -230.04
Total T:  820800 | Ep: 4104 | Steps:  200 | Reward:  -227.75
Total T:  821000 | Ep: 4105 | Steps:  200 | Reward:  -128.33
Total T:  821200 | Ep: 4106 | Steps:  200 | Reward:  -119.63
Total T:  821400 | Ep: 4107 | Steps:  200 | Reward:  -130.92
Total T:  821600 | Ep: 4108 | Steps:  200 | Reward:  -130.10
Total T:  821800 | Ep: 4109 | Steps:  200 | Reward:  -228.82
Total T:  822000 | Ep: 4110 | Steps:  200 | Reward:  -122.18
Total T:  822200 | Ep: 4111 | Steps:  200 | Reward:  -119.51
Total T:  822400 | Ep: 4112 | Steps:  200 | Reward:  -130.19
Total T:  822600 | Ep: 4113 | Steps:  200 | Reward:  -130.50
Total T:  822800 | Ep: 4114 | Steps:  200 | Reward:  -122.21
Total T:  823000 | Ep: 4115 | Steps:  200 | Reward:  -122.58
Total T:  823200 | Ep: 4116 | Steps:  200 | Reward:  -127.38
Total T:  823400 | Ep: 4117 | Steps:  200 | Reward:  -129.93
Total T:  823600 | Ep: 4118 | Steps:  200 | Reward:  -231.89
Total T:  823800 | Ep: 4119 | Steps:  200 | Reward:  -125.91
Total T:  824000 | Ep: 4120 | Steps:  200 | Reward:    -4.06
Total T:  824200 | Ep: 4121 | Steps:  200 | Reward:  -127.57
Total T:  824400 | Ep: 4122 | Steps:  200 | Reward:  -222.77
Total T:  824600 | Ep: 4123 | Steps:  200 | Reward:  -230.75
Total T:  824800 | Ep: 4124 | Steps:  200 | Reward:  -131.60
Total T:  825000 | Ep: 4125 | Steps:  200 | Reward:  -122.01
---------------------------------------
Evaluation over 10 episodes: -129.760
---------------------------------------
Total T:  825200 | Ep: 4126 | Steps:  200 | Reward:  -230.85
Total T:  825400 | Ep: 4127 | Steps:  200 | Reward:  -224.71
Total T:  825600 | Ep: 4128 | Steps:  200 | Reward:    -5.09
Total T:  825800 | Ep: 4129 | Steps:  200 | Reward:  -240.97
Total T:  826000 | Ep: 4130 | Steps:  200 | Reward:    -4.06
Total T:  826200 | Ep: 4131 | Steps:  200 | Reward:  -126.34
Total T:  826400 | Ep: 4132 | Steps:  200 | Reward:  -224.91
Total T:  826600 | Ep: 4133 | Steps:  200 | Reward:    -3.87
Total T:  826800 | Ep: 4134 | Steps:  200 | Reward:  -235.14
Total T:  827000 | Ep: 4135 | Steps:  200 | Reward:  -120.41
Total T:  827200 | Ep: 4136 | Steps:  200 | Reward:  -120.35
Total T:  827400 | Ep: 4137 | Steps:  200 | Reward:    -3.99
Total T:  827600 | Ep: 4138 | Steps:  200 | Reward:  -124.45
Total T:  827800 | Ep: 4139 | Steps:  200 | Reward:  -130.13
Total T:  828000 | Ep: 4140 | Steps:  200 | Reward:  -129.55
Total T:  828200 | Ep: 4141 | Steps:  200 | Reward:    -3.90
Total T:  828400 | Ep: 4142 | Steps:  200 | Reward:  -255.05
Total T:  828600 | Ep: 4143 | Steps:  200 | Reward:  -122.83
Total T:  828800 | Ep: 4144 | Steps:  200 | Reward:  -120.66
Total T:  829000 | Ep: 4145 | Steps:  200 | Reward:  -130.99
Total T:  829200 | Ep: 4146 | Steps:  200 | Reward:  -120.42
Total T:  829400 | Ep: 4147 | Steps:  200 | Reward:  -120.39
Total T:  829600 | Ep: 4148 | Steps:  200 | Reward:  -131.37
Total T:  829800 | Ep: 4149 | Steps:  200 | Reward:  -123.21
Total T:  830000 | Ep: 4150 | Steps:  200 | Reward:    -4.23
---------------------------------------
Evaluation over 10 episodes: -145.428
---------------------------------------
Total T:  830200 | Ep: 4151 | Steps:  200 | Reward:  -125.89
Total T:  830400 | Ep: 4152 | Steps:  200 | Reward:    -4.07
Total T:  830600 | Ep: 4153 | Steps:  200 | Reward:  -120.66
Total T:  830800 | Ep: 4154 | Steps:  200 | Reward:  -227.04
Total T:  831000 | Ep: 4155 | Steps:  200 | Reward:  -128.57
Total T:  831200 | Ep: 4156 | Steps:  200 | Reward:    -4.59
Total T:  831400 | Ep: 4157 | Steps:  200 | Reward:  -118.41
Total T:  831600 | Ep: 4158 | Steps:  200 | Reward:  -136.04
Total T:  831800 | Ep: 4159 | Steps:  200 | Reward:  -130.33
Total T:  832000 | Ep: 4160 | Steps:  200 | Reward:  -222.47
Total T:  832200 | Ep: 4161 | Steps:  200 | Reward:  -286.81
Total T:  832400 | Ep: 4162 | Steps:  200 | Reward:  -130.77
Total T:  832600 | Ep: 4163 | Steps:  200 | Reward:    -3.75
Total T:  832800 | Ep: 4164 | Steps:  200 | Reward:  -126.13
Total T:  833000 | Ep: 4165 | Steps:  200 | Reward:  -123.06
Total T:  833200 | Ep: 4166 | Steps:  200 | Reward:  -230.35
Total T:  833400 | Ep: 4167 | Steps:  200 | Reward:    -3.80
Total T:  833600 | Ep: 4168 | Steps:  200 | Reward:  -130.22
Total T:  833800 | Ep: 4169 | Steps:  200 | Reward:  -286.69
Total T:  834000 | Ep: 4170 | Steps:  200 | Reward:  -120.57
Total T:  834200 | Ep: 4171 | Steps:  200 | Reward:  -121.15
Total T:  834400 | Ep: 4172 | Steps:  200 | Reward:    -4.17
Total T:  834600 | Ep: 4173 | Steps:  200 | Reward:  -120.49
Total T:  834800 | Ep: 4174 | Steps:  200 | Reward:  -122.74
Total T:  835000 | Ep: 4175 | Steps:  200 | Reward:  -126.43
---------------------------------------
Evaluation over 10 episodes: -122.828
---------------------------------------
Total T:  835200 | Ep: 4176 | Steps:  200 | Reward:  -123.83
Total T:  835400 | Ep: 4177 | Steps:  200 | Reward:  -239.15
Total T:  835600 | Ep: 4178 | Steps:  200 | Reward:  -327.58
Total T:  835800 | Ep: 4179 | Steps:  200 | Reward:  -124.14
Total T:  836000 | Ep: 4180 | Steps:  200 | Reward:  -122.20
Total T:  836200 | Ep: 4181 | Steps:  200 | Reward:  -319.15
Total T:  836400 | Ep: 4182 | Steps:  200 | Reward:  -130.80
Total T:  836600 | Ep: 4183 | Steps:  200 | Reward:  -120.45
Total T:  836800 | Ep: 4184 | Steps:  200 | Reward:  -130.39
Total T:  837000 | Ep: 4185 | Steps:  200 | Reward:  -129.26
Total T:  837200 | Ep: 4186 | Steps:  200 | Reward:  -223.85
Total T:  837400 | Ep: 4187 | Steps:  200 | Reward:  -231.81
Total T:  837600 | Ep: 4188 | Steps:  200 | Reward:  -233.06
Total T:  837800 | Ep: 4189 | Steps:  200 | Reward:  -128.65
Total T:  838000 | Ep: 4190 | Steps:  200 | Reward:  -120.41
Total T:  838200 | Ep: 4191 | Steps:  200 | Reward:  -118.21
Total T:  838400 | Ep: 4192 | Steps:  200 | Reward:    -3.91
Total T:  838600 | Ep: 4193 | Steps:  200 | Reward:  -120.07
Total T:  838800 | Ep: 4194 | Steps:  200 | Reward:  -120.76
Total T:  839000 | Ep: 4195 | Steps:  200 | Reward:  -127.78
Total T:  839200 | Ep: 4196 | Steps:  200 | Reward:  -126.45
Total T:  839400 | Ep: 4197 | Steps:  200 | Reward:  -122.63
Total T:  839600 | Ep: 4198 | Steps:  200 | Reward:  -224.86
Total T:  839800 | Ep: 4199 | Steps:  200 | Reward:  -226.10
Total T:  840000 | Ep: 4200 | Steps:  200 | Reward:  -129.34
---------------------------------------
Evaluation over 10 episodes: -113.038
---------------------------------------
Total T:  840200 | Ep: 4201 | Steps:  200 | Reward:  -121.93
Total T:  840400 | Ep: 4202 | Steps:  200 | Reward:  -223.11
Total T:  840600 | Ep: 4203 | Steps:  200 | Reward:  -242.46
Total T:  840800 | Ep: 4204 | Steps:  200 | Reward:  -126.06
Total T:  841000 | Ep: 4205 | Steps:  200 | Reward:  -259.58
Total T:  841200 | Ep: 4206 | Steps:  200 | Reward:  -123.82
Total T:  841400 | Ep: 4207 | Steps:  200 | Reward:  -127.29
Total T:  841600 | Ep: 4208 | Steps:  200 | Reward:  -122.85
Total T:  841800 | Ep: 4209 | Steps:  200 | Reward:  -128.37
Total T:  842000 | Ep: 4210 | Steps:  200 | Reward:  -125.88
Total T:  842200 | Ep: 4211 | Steps:  200 | Reward:  -129.78
Total T:  842400 | Ep: 4212 | Steps:  200 | Reward:  -124.60
Total T:  842600 | Ep: 4213 | Steps:  200 | Reward:    -3.70
Total T:  842800 | Ep: 4214 | Steps:  200 | Reward:  -231.41
Total T:  843000 | Ep: 4215 | Steps:  200 | Reward:  -119.93
Total T:  843200 | Ep: 4216 | Steps:  200 | Reward:    -3.84
Total T:  843400 | Ep: 4217 | Steps:  200 | Reward:  -117.71
Total T:  843600 | Ep: 4218 | Steps:  200 | Reward:  -222.13
Total T:  843800 | Ep: 4219 | Steps:  200 | Reward:  -117.67
Total T:  844000 | Ep: 4220 | Steps:  200 | Reward:  -125.64
Total T:  844200 | Ep: 4221 | Steps:  200 | Reward:  -119.39
Total T:  844400 | Ep: 4222 | Steps:  200 | Reward:  -118.84
Total T:  844600 | Ep: 4223 | Steps:  200 | Reward:  -314.33
Total T:  844800 | Ep: 4224 | Steps:  200 | Reward:  -229.96
Total T:  845000 | Ep: 4225 | Steps:  200 | Reward:    -3.66
---------------------------------------
Evaluation over 10 episodes: -162.096
---------------------------------------
Total T:  845200 | Ep: 4226 | Steps:  200 | Reward:  -117.91
Total T:  845400 | Ep: 4227 | Steps:  200 | Reward:  -128.76
Total T:  845600 | Ep: 4228 | Steps:  200 | Reward:  -122.02
Total T:  845800 | Ep: 4229 | Steps:  200 | Reward:  -120.09
Total T:  846000 | Ep: 4230 | Steps:  200 | Reward:  -118.26
Total T:  846200 | Ep: 4231 | Steps:  200 | Reward:  -118.98
Total T:  846400 | Ep: 4232 | Steps:  200 | Reward:  -284.93
Total T:  846600 | Ep: 4233 | Steps:  200 | Reward:    -3.66
Total T:  846800 | Ep: 4234 | Steps:  200 | Reward:  -252.81
Total T:  847000 | Ep: 4235 | Steps:  200 | Reward:  -229.31
Total T:  847200 | Ep: 4236 | Steps:  200 | Reward:  -118.59
Total T:  847400 | Ep: 4237 | Steps:  200 | Reward:  -117.03
Total T:  847600 | Ep: 4238 | Steps:  200 | Reward:  -124.69
Total T:  847800 | Ep: 4239 | Steps:  200 | Reward:  -121.46
Total T:  848000 | Ep: 4240 | Steps:  200 | Reward:    -3.82
Total T:  848200 | Ep: 4241 | Steps:  200 | Reward:  -120.63
Total T:  848400 | Ep: 4242 | Steps:  200 | Reward:    -3.87
Total T:  848600 | Ep: 4243 | Steps:  200 | Reward:  -230.05
Total T:  848800 | Ep: 4244 | Steps:  200 | Reward:  -120.44
Total T:  849000 | Ep: 4245 | Steps:  200 | Reward:  -120.87
Total T:  849200 | Ep: 4246 | Steps:  200 | Reward:  -301.89
Total T:  849400 | Ep: 4247 | Steps:  200 | Reward:    -4.21
Total T:  849600 | Ep: 4248 | Steps:  200 | Reward:    -6.04
Total T:  849800 | Ep: 4249 | Steps:  200 | Reward:  -323.01
Total T:  850000 | Ep: 4250 | Steps:  200 | Reward:    -3.90
---------------------------------------
Evaluation over 10 episodes: -153.815
---------------------------------------
Total T:  850200 | Ep: 4251 | Steps:  200 | Reward:  -303.93
Total T:  850400 | Ep: 4252 | Steps:  200 | Reward:  -241.38
Total T:  850600 | Ep: 4253 | Steps:  200 | Reward:  -129.72
Total T:  850800 | Ep: 4254 | Steps:  200 | Reward:  -119.21
Total T:  851000 | Ep: 4255 | Steps:  200 | Reward:  -125.12
Total T:  851200 | Ep: 4256 | Steps:  200 | Reward:  -119.35
Total T:  851400 | Ep: 4257 | Steps:  200 | Reward:  -229.97
Total T:  851600 | Ep: 4258 | Steps:  200 | Reward:  -119.19
Total T:  851800 | Ep: 4259 | Steps:  200 | Reward:  -232.24
Total T:  852000 | Ep: 4260 | Steps:  200 | Reward:  -128.68
Total T:  852200 | Ep: 4261 | Steps:  200 | Reward:  -129.87
Total T:  852400 | Ep: 4262 | Steps:  200 | Reward:  -120.11
Total T:  852600 | Ep: 4263 | Steps:  200 | Reward:  -310.22
Total T:  852800 | Ep: 4264 | Steps:  200 | Reward:    -5.68
Total T:  853000 | Ep: 4265 | Steps:  200 | Reward:  -299.29
Total T:  853200 | Ep: 4266 | Steps:  200 | Reward:  -118.81
Total T:  853400 | Ep: 4267 | Steps:  200 | Reward:    -3.66
Total T:  853600 | Ep: 4268 | Steps:  200 | Reward:  -123.62
Total T:  853800 | Ep: 4269 | Steps:  200 | Reward:  -121.79
Total T:  854000 | Ep: 4270 | Steps:  200 | Reward:  -236.33
Total T:  854200 | Ep: 4271 | Steps:  200 | Reward:  -226.93
Total T:  854400 | Ep: 4272 | Steps:  200 | Reward:  -311.64
Total T:  854600 | Ep: 4273 | Steps:  200 | Reward:  -127.06
Total T:  854800 | Ep: 4274 | Steps:  200 | Reward:  -221.48
Total T:  855000 | Ep: 4275 | Steps:  200 | Reward:  -118.00
---------------------------------------
Evaluation over 10 episodes: -166.978
---------------------------------------
Total T:  855200 | Ep: 4276 | Steps:  200 | Reward:    -4.59
Total T:  855400 | Ep: 4277 | Steps:  200 | Reward:  -120.59
Total T:  855600 | Ep: 4278 | Steps:  200 | Reward:  -120.89
Total T:  855800 | Ep: 4279 | Steps:  200 | Reward:  -127.54
Total T:  856000 | Ep: 4280 | Steps:  200 | Reward:  -125.13
Total T:  856200 | Ep: 4281 | Steps:  200 | Reward:    -4.38
Total T:  856400 | Ep: 4282 | Steps:  200 | Reward:  -121.38
Total T:  856600 | Ep: 4283 | Steps:  200 | Reward:  -226.82
Total T:  856800 | Ep: 4284 | Steps:  200 | Reward:  -237.98
Total T:  857000 | Ep: 4285 | Steps:  200 | Reward:  -230.42
Total T:  857200 | Ep: 4286 | Steps:  200 | Reward:  -290.34
Total T:  857400 | Ep: 4287 | Steps:  200 | Reward:  -128.91
Total T:  857600 | Ep: 4288 | Steps:  200 | Reward:  -236.74
Total T:  857800 | Ep: 4289 | Steps:  200 | Reward:  -267.54
Total T:  858000 | Ep: 4290 | Steps:  200 | Reward:  -129.09
Total T:  858200 | Ep: 4291 | Steps:  200 | Reward:  -248.05
Total T:  858400 | Ep: 4292 | Steps:  200 | Reward:  -121.27
Total T:  858600 | Ep: 4293 | Steps:  200 | Reward:  -236.36
Total T:  858800 | Ep: 4294 | Steps:  200 | Reward:  -128.04
Total T:  859000 | Ep: 4295 | Steps:  200 | Reward:  -129.63
Total T:  859200 | Ep: 4296 | Steps:  200 | Reward:  -120.13
Total T:  859400 | Ep: 4297 | Steps:  200 | Reward:  -233.22
Total T:  859600 | Ep: 4298 | Steps:  200 | Reward:  -127.01
Total T:  859800 | Ep: 4299 | Steps:  200 | Reward:  -365.68
Total T:  860000 | Ep: 4300 | Steps:  200 | Reward:  -222.66
---------------------------------------
Evaluation over 10 episodes: -108.769
---------------------------------------
Total T:  860200 | Ep: 4301 | Steps:  200 | Reward:  -325.39
Total T:  860400 | Ep: 4302 | Steps:  200 | Reward:  -121.38
Total T:  860600 | Ep: 4303 | Steps:  200 | Reward:  -129.04
Total T:  860800 | Ep: 4304 | Steps:  200 | Reward:    -3.58
Total T:  861000 | Ep: 4305 | Steps:  200 | Reward:  -125.12
Total T:  861200 | Ep: 4306 | Steps:  200 | Reward:  -244.52
Total T:  861400 | Ep: 4307 | Steps:  200 | Reward:  -118.04
Total T:  861600 | Ep: 4308 | Steps:  200 | Reward:  -119.80
Total T:  861800 | Ep: 4309 | Steps:  200 | Reward:  -123.81
Total T:  862000 | Ep: 4310 | Steps:  200 | Reward:  -130.64
Total T:  862200 | Ep: 4311 | Steps:  200 | Reward:  -123.72
Total T:  862400 | Ep: 4312 | Steps:  200 | Reward:  -251.41
Total T:  862600 | Ep: 4313 | Steps:  200 | Reward:  -231.66
Total T:  862800 | Ep: 4314 | Steps:  200 | Reward:    -3.68
Total T:  863000 | Ep: 4315 | Steps:  200 | Reward:  -222.81
Total T:  863200 | Ep: 4316 | Steps:  200 | Reward:  -122.27
Total T:  863400 | Ep: 4317 | Steps:  200 | Reward:  -219.20
Total T:  863600 | Ep: 4318 | Steps:  200 | Reward:  -309.66
Total T:  863800 | Ep: 4319 | Steps:  200 | Reward:    -4.22
Total T:  864000 | Ep: 4320 | Steps:  200 | Reward:  -118.85
Total T:  864200 | Ep: 4321 | Steps:  200 | Reward:  -315.08
Total T:  864400 | Ep: 4322 | Steps:  200 | Reward:  -227.06
Total T:  864600 | Ep: 4323 | Steps:  200 | Reward:  -126.82
Total T:  864800 | Ep: 4324 | Steps:  200 | Reward:  -119.83
Total T:  865000 | Ep: 4325 | Steps:  200 | Reward:    -5.40
---------------------------------------
Evaluation over 10 episodes: -144.636
---------------------------------------
Total T:  865200 | Ep: 4326 | Steps:  200 | Reward:  -127.59
Total T:  865400 | Ep: 4327 | Steps:  200 | Reward:  -125.65
Total T:  865600 | Ep: 4328 | Steps:  200 | Reward:  -228.18
Total T:  865800 | Ep: 4329 | Steps:  200 | Reward:  -123.78
Total T:  866000 | Ep: 4330 | Steps:  200 | Reward:  -119.90
Total T:  866200 | Ep: 4331 | Steps:  200 | Reward:  -128.45
Total T:  866400 | Ep: 4332 | Steps:  200 | Reward:  -126.30
Total T:  866600 | Ep: 4333 | Steps:  200 | Reward:  -128.81
Total T:  866800 | Ep: 4334 | Steps:  200 | Reward:  -116.47
Total T:  867000 | Ep: 4335 | Steps:  200 | Reward:  -120.28
Total T:  867200 | Ep: 4336 | Steps:  200 | Reward:  -116.58
Total T:  867400 | Ep: 4337 | Steps:  200 | Reward:    -3.74
Total T:  867600 | Ep: 4338 | Steps:  200 | Reward:  -121.78
Total T:  867800 | Ep: 4339 | Steps:  200 | Reward:  -121.57
Total T:  868000 | Ep: 4340 | Steps:  200 | Reward:  -124.13
Total T:  868200 | Ep: 4341 | Steps:  200 | Reward:    -3.79
Total T:  868400 | Ep: 4342 | Steps:  200 | Reward:  -128.00
Total T:  868600 | Ep: 4343 | Steps:  200 | Reward:  -230.68
Total T:  868800 | Ep: 4344 | Steps:  200 | Reward:  -231.62
Total T:  869000 | Ep: 4345 | Steps:  200 | Reward:  -126.55
Total T:  869200 | Ep: 4346 | Steps:  200 | Reward:  -127.89
Total T:  869400 | Ep: 4347 | Steps:  200 | Reward:  -129.62
Total T:  869600 | Ep: 4348 | Steps:  200 | Reward:  -122.53
Total T:  869800 | Ep: 4349 | Steps:  200 | Reward:  -220.48
Total T:  870000 | Ep: 4350 | Steps:  200 | Reward:  -129.69
---------------------------------------
Evaluation over 10 episodes: -162.761
---------------------------------------
Total T:  870200 | Ep: 4351 | Steps:  200 | Reward:  -227.01
Total T:  870400 | Ep: 4352 | Steps:  200 | Reward:  -129.94
Total T:  870600 | Ep: 4353 | Steps:  200 | Reward:  -121.63
Total T:  870800 | Ep: 4354 | Steps:  200 | Reward:  -318.50
Total T:  871000 | Ep: 4355 | Steps:  200 | Reward:  -119.29
Total T:  871200 | Ep: 4356 | Steps:  200 | Reward:  -117.91
Total T:  871400 | Ep: 4357 | Steps:  200 | Reward:  -244.29
Total T:  871600 | Ep: 4358 | Steps:  200 | Reward:  -120.83
Total T:  871800 | Ep: 4359 | Steps:  200 | Reward:  -119.26
Total T:  872000 | Ep: 4360 | Steps:  200 | Reward:  -122.19
Total T:  872200 | Ep: 4361 | Steps:  200 | Reward:  -235.15
Total T:  872400 | Ep: 4362 | Steps:  200 | Reward:  -121.46
Total T:  872600 | Ep: 4363 | Steps:  200 | Reward:  -120.00
Total T:  872800 | Ep: 4364 | Steps:  200 | Reward:  -231.28
Total T:  873000 | Ep: 4365 | Steps:  200 | Reward:  -224.39
Total T:  873200 | Ep: 4366 | Steps:  200 | Reward:    -4.58
Total T:  873400 | Ep: 4367 | Steps:  200 | Reward:  -124.87
Total T:  873600 | Ep: 4368 | Steps:  200 | Reward:  -127.03
Total T:  873800 | Ep: 4369 | Steps:  200 | Reward:    -4.10
Total T:  874000 | Ep: 4370 | Steps:  200 | Reward:    -3.74
Total T:  874200 | Ep: 4371 | Steps:  200 | Reward:  -234.93
Total T:  874400 | Ep: 4372 | Steps:  200 | Reward:  -241.57
Total T:  874600 | Ep: 4373 | Steps:  200 | Reward:    -3.71
Total T:  874800 | Ep: 4374 | Steps:  200 | Reward:  -126.77
Total T:  875000 | Ep: 4375 | Steps:  200 | Reward:  -231.22
---------------------------------------
Evaluation over 10 episodes: -152.093
---------------------------------------
Total T:  875200 | Ep: 4376 | Steps:  200 | Reward:  -128.82
Total T:  875400 | Ep: 4377 | Steps:  200 | Reward:  -128.43
Total T:  875600 | Ep: 4378 | Steps:  200 | Reward:  -222.63
Total T:  875800 | Ep: 4379 | Steps:  200 | Reward:  -312.97
Total T:  876000 | Ep: 4380 | Steps:  200 | Reward:  -230.27
Total T:  876200 | Ep: 4381 | Steps:  200 | Reward:  -243.15
Total T:  876400 | Ep: 4382 | Steps:  200 | Reward:  -121.41
Total T:  876600 | Ep: 4383 | Steps:  200 | Reward:    -3.48
Total T:  876800 | Ep: 4384 | Steps:  200 | Reward:  -122.99
Total T:  877000 | Ep: 4385 | Steps:  200 | Reward:  -122.00
Total T:  877200 | Ep: 4386 | Steps:  200 | Reward:    -4.19
Total T:  877400 | Ep: 4387 | Steps:  200 | Reward:    -3.63
Total T:  877600 | Ep: 4388 | Steps:  200 | Reward:  -222.55
Total T:  877800 | Ep: 4389 | Steps:  200 | Reward:    -3.76
Total T:  878000 | Ep: 4390 | Steps:  200 | Reward:  -308.20
Total T:  878200 | Ep: 4391 | Steps:  200 | Reward:  -231.30
Total T:  878400 | Ep: 4392 | Steps:  200 | Reward:  -130.20
Total T:  878600 | Ep: 4393 | Steps:  200 | Reward:  -128.76
Total T:  878800 | Ep: 4394 | Steps:  200 | Reward:  -125.58
Total T:  879000 | Ep: 4395 | Steps:  200 | Reward:  -126.16
Total T:  879200 | Ep: 4396 | Steps:  200 | Reward:  -121.21
Total T:  879400 | Ep: 4397 | Steps:  200 | Reward:  -128.18
Total T:  879600 | Ep: 4398 | Steps:  200 | Reward:  -126.48
Total T:  879800 | Ep: 4399 | Steps:  200 | Reward:  -119.61
Total T:  880000 | Ep: 4400 | Steps:  200 | Reward:  -227.05
---------------------------------------
Evaluation over 10 episodes: -131.959
---------------------------------------
Total T:  880200 | Ep: 4401 | Steps:  200 | Reward:  -225.41
Total T:  880400 | Ep: 4402 | Steps:  200 | Reward:  -123.43
Total T:  880600 | Ep: 4403 | Steps:  200 | Reward:  -241.39
Total T:  880800 | Ep: 4404 | Steps:  200 | Reward:  -227.00
Total T:  881000 | Ep: 4405 | Steps:  200 | Reward:  -233.30
Total T:  881200 | Ep: 4406 | Steps:  200 | Reward:  -121.79
Total T:  881400 | Ep: 4407 | Steps:  200 | Reward:  -239.54
Total T:  881600 | Ep: 4408 | Steps:  200 | Reward:  -223.26
Total T:  881800 | Ep: 4409 | Steps:  200 | Reward:  -235.33
Total T:  882000 | Ep: 4410 | Steps:  200 | Reward:  -121.30
Total T:  882200 | Ep: 4411 | Steps:  200 | Reward:  -257.94
Total T:  882400 | Ep: 4412 | Steps:  200 | Reward:  -125.47
Total T:  882600 | Ep: 4413 | Steps:  200 | Reward:  -122.33
Total T:  882800 | Ep: 4414 | Steps:  200 | Reward:  -121.20
Total T:  883000 | Ep: 4415 | Steps:  200 | Reward:    -5.28
Total T:  883200 | Ep: 4416 | Steps:  200 | Reward:  -120.13
Total T:  883400 | Ep: 4417 | Steps:  200 | Reward:  -220.50
Total T:  883600 | Ep: 4418 | Steps:  200 | Reward:  -124.64
Total T:  883800 | Ep: 4419 | Steps:  200 | Reward:    -3.58
Total T:  884000 | Ep: 4420 | Steps:  200 | Reward:    -3.61
Total T:  884200 | Ep: 4421 | Steps:  200 | Reward:  -131.02
Total T:  884400 | Ep: 4422 | Steps:  200 | Reward:  -121.51
Total T:  884600 | Ep: 4423 | Steps:  200 | Reward:  -119.48
Total T:  884800 | Ep: 4424 | Steps:  200 | Reward:  -118.12
Total T:  885000 | Ep: 4425 | Steps:  200 | Reward:    -3.45
---------------------------------------
Evaluation over 10 episodes: -152.854
---------------------------------------
Total T:  885200 | Ep: 4426 | Steps:  200 | Reward:  -120.28
Total T:  885400 | Ep: 4427 | Steps:  200 | Reward:  -118.03
Total T:  885600 | Ep: 4428 | Steps:  200 | Reward:  -131.42
Total T:  885800 | Ep: 4429 | Steps:  200 | Reward:  -126.81
Total T:  886000 | Ep: 4430 | Steps:  200 | Reward:  -128.44
Total T:  886200 | Ep: 4431 | Steps:  200 | Reward:  -121.91
Total T:  886400 | Ep: 4432 | Steps:  200 | Reward:  -131.26
Total T:  886600 | Ep: 4433 | Steps:  200 | Reward:  -121.28
Total T:  886800 | Ep: 4434 | Steps:  200 | Reward:  -226.16
Total T:  887000 | Ep: 4435 | Steps:  200 | Reward:  -230.22
Total T:  887200 | Ep: 4436 | Steps:  200 | Reward:  -228.33
Total T:  887400 | Ep: 4437 | Steps:  200 | Reward:  -127.92
Total T:  887600 | Ep: 4438 | Steps:  200 | Reward:    -3.70
Total T:  887800 | Ep: 4439 | Steps:  200 | Reward:  -117.67
Total T:  888000 | Ep: 4440 | Steps:  200 | Reward:    -4.97
Total T:  888200 | Ep: 4441 | Steps:  200 | Reward:  -128.50
Total T:  888400 | Ep: 4442 | Steps:  200 | Reward:  -118.78
Total T:  888600 | Ep: 4443 | Steps:  200 | Reward:  -119.40
Total T:  888800 | Ep: 4444 | Steps:  200 | Reward:  -244.80
Total T:  889000 | Ep: 4445 | Steps:  200 | Reward:  -278.01
Total T:  889200 | Ep: 4446 | Steps:  200 | Reward:    -4.81
Total T:  889400 | Ep: 4447 | Steps:  200 | Reward:  -128.59
Total T:  889600 | Ep: 4448 | Steps:  200 | Reward:  -121.82
Total T:  889800 | Ep: 4449 | Steps:  200 | Reward:  -128.95
Total T:  890000 | Ep: 4450 | Steps:  200 | Reward:  -129.99
---------------------------------------
Evaluation over 10 episodes: -140.329
---------------------------------------
Total T:  890200 | Ep: 4451 | Steps:  200 | Reward:  -131.23
Total T:  890400 | Ep: 4452 | Steps:  200 | Reward:  -125.99
Total T:  890600 | Ep: 4453 | Steps:  200 | Reward:  -119.41
Total T:  890800 | Ep: 4454 | Steps:  200 | Reward:  -123.15
Total T:  891000 | Ep: 4455 | Steps:  200 | Reward:  -129.72
Total T:  891200 | Ep: 4456 | Steps:  200 | Reward:  -128.97
Total T:  891400 | Ep: 4457 | Steps:  200 | Reward:  -125.31
Total T:  891600 | Ep: 4458 | Steps:  200 | Reward:  -125.49
Total T:  891800 | Ep: 4459 | Steps:  200 | Reward:  -233.09
Total T:  892000 | Ep: 4460 | Steps:  200 | Reward:  -117.16
Total T:  892200 | Ep: 4461 | Steps:  200 | Reward:  -131.30
Total T:  892400 | Ep: 4462 | Steps:  200 | Reward:    -3.40
Total T:  892600 | Ep: 4463 | Steps:  200 | Reward:  -119.44
Total T:  892800 | Ep: 4464 | Steps:  200 | Reward:  -122.12
Total T:  893000 | Ep: 4465 | Steps:  200 | Reward:  -118.12
Total T:  893200 | Ep: 4466 | Steps:  200 | Reward:  -230.35
Total T:  893400 | Ep: 4467 | Steps:  200 | Reward:  -121.24
Total T:  893600 | Ep: 4468 | Steps:  200 | Reward:  -117.25
Total T:  893800 | Ep: 4469 | Steps:  200 | Reward:  -120.27
Total T:  894000 | Ep: 4470 | Steps:  200 | Reward:  -255.73
Total T:  894200 | Ep: 4471 | Steps:  200 | Reward:  -121.51
Total T:  894400 | Ep: 4472 | Steps:  200 | Reward:  -228.48
Total T:  894600 | Ep: 4473 | Steps:  200 | Reward:  -350.50
Total T:  894800 | Ep: 4474 | Steps:  200 | Reward:  -119.98
Total T:  895000 | Ep: 4475 | Steps:  200 | Reward:  -117.94
---------------------------------------
Evaluation over 10 episodes: -155.936
---------------------------------------
Total T:  895200 | Ep: 4476 | Steps:  200 | Reward:  -222.48
Total T:  895400 | Ep: 4477 | Steps:  200 | Reward:  -121.16
Total T:  895600 | Ep: 4478 | Steps:  200 | Reward:  -122.48
Total T:  895800 | Ep: 4479 | Steps:  200 | Reward:  -122.36
Total T:  896000 | Ep: 4480 | Steps:  200 | Reward:    -3.78
Total T:  896200 | Ep: 4481 | Steps:  200 | Reward:  -233.22
Total T:  896400 | Ep: 4482 | Steps:  200 | Reward:    -3.65
Total T:  896600 | Ep: 4483 | Steps:  200 | Reward:  -296.59
Total T:  896800 | Ep: 4484 | Steps:  200 | Reward:  -230.20
Total T:  897000 | Ep: 4485 | Steps:  200 | Reward:  -119.28
Total T:  897200 | Ep: 4486 | Steps:  200 | Reward:  -247.54
Total T:  897400 | Ep: 4487 | Steps:  200 | Reward:  -127.22
Total T:  897600 | Ep: 4488 | Steps:  200 | Reward:  -119.89
Total T:  897800 | Ep: 4489 | Steps:  200 | Reward:  -121.31
Total T:  898000 | Ep: 4490 | Steps:  200 | Reward:    -3.44
Total T:  898200 | Ep: 4491 | Steps:  200 | Reward:  -317.81
Total T:  898400 | Ep: 4492 | Steps:  200 | Reward:  -128.81
Total T:  898600 | Ep: 4493 | Steps:  200 | Reward:  -225.37
Total T:  898800 | Ep: 4494 | Steps:  200 | Reward:  -121.01
Total T:  899000 | Ep: 4495 | Steps:  200 | Reward:  -129.53
Total T:  899200 | Ep: 4496 | Steps:  200 | Reward:  -129.10
Total T:  899400 | Ep: 4497 | Steps:  200 | Reward:  -119.45
Total T:  899600 | Ep: 4498 | Steps:  200 | Reward:    -3.58
Total T:  899800 | Ep: 4499 | Steps:  200 | Reward:  -129.30
Total T:  900000 | Ep: 4500 | Steps:  200 | Reward:  -129.12
---------------------------------------
Evaluation over 10 episodes: -133.361
---------------------------------------
Total T:  900200 | Ep: 4501 | Steps:  200 | Reward:  -121.67
Total T:  900400 | Ep: 4502 | Steps:  200 | Reward:  -123.05
Total T:  900600 | Ep: 4503 | Steps:  200 | Reward:  -120.87
Total T:  900800 | Ep: 4504 | Steps:  200 | Reward:  -223.24
Total T:  901000 | Ep: 4505 | Steps:  200 | Reward:  -235.16
Total T:  901200 | Ep: 4506 | Steps:  200 | Reward:  -119.02
Total T:  901400 | Ep: 4507 | Steps:  200 | Reward:    -4.06
Total T:  901600 | Ep: 4508 | Steps:  200 | Reward:  -121.39
Total T:  901800 | Ep: 4509 | Steps:  200 | Reward:  -123.75
Total T:  902000 | Ep: 4510 | Steps:  200 | Reward:    -6.31
Total T:  902200 | Ep: 4511 | Steps:  200 | Reward:  -232.57
Total T:  902400 | Ep: 4512 | Steps:  200 | Reward:  -310.48
Total T:  902600 | Ep: 4513 | Steps:  200 | Reward:    -3.23
Total T:  902800 | Ep: 4514 | Steps:  200 | Reward:  -229.93
Total T:  903000 | Ep: 4515 | Steps:  200 | Reward:  -128.73
Total T:  903200 | Ep: 4516 | Steps:  200 | Reward:  -360.19
Total T:  903400 | Ep: 4517 | Steps:  200 | Reward:  -130.78
Total T:  903600 | Ep: 4518 | Steps:  200 | Reward:  -121.85
Total T:  903800 | Ep: 4519 | Steps:  200 | Reward:  -116.76
Total T:  904000 | Ep: 4520 | Steps:  200 | Reward:  -119.63
Total T:  904200 | Ep: 4521 | Steps:  200 | Reward:  -301.18
Total T:  904400 | Ep: 4522 | Steps:  200 | Reward:    -3.31
Total T:  904600 | Ep: 4523 | Steps:  200 | Reward:  -120.19
Total T:  904800 | Ep: 4524 | Steps:  200 | Reward:  -119.64
Total T:  905000 | Ep: 4525 | Steps:  200 | Reward:  -364.53
---------------------------------------
Evaluation over 10 episodes: -166.683
---------------------------------------
Total T:  905200 | Ep: 4526 | Steps:  200 | Reward:  -120.71
Total T:  905400 | Ep: 4527 | Steps:  200 | Reward:    -8.35
Total T:  905600 | Ep: 4528 | Steps:  200 | Reward:  -228.24
Total T:  905800 | Ep: 4529 | Steps:  200 | Reward:    -3.67
Total T:  906000 | Ep: 4530 | Steps:  200 | Reward:  -125.26
Total T:  906200 | Ep: 4531 | Steps:  200 | Reward:  -245.73
Total T:  906400 | Ep: 4532 | Steps:  200 | Reward:    -3.90
Total T:  906600 | Ep: 4533 | Steps:  200 | Reward:  -239.43
Total T:  906800 | Ep: 4534 | Steps:  200 | Reward:  -233.38
Total T:  907000 | Ep: 4535 | Steps:  200 | Reward:  -121.32
Total T:  907200 | Ep: 4536 | Steps:  200 | Reward:  -117.69
Total T:  907400 | Ep: 4537 | Steps:  200 | Reward:  -126.13
Total T:  907600 | Ep: 4538 | Steps:  200 | Reward:  -127.96
Total T:  907800 | Ep: 4539 | Steps:  200 | Reward:  -127.94
Total T:  908000 | Ep: 4540 | Steps:  200 | Reward:  -230.68
Total T:  908200 | Ep: 4541 | Steps:  200 | Reward:  -128.87
Total T:  908400 | Ep: 4542 | Steps:  200 | Reward:  -121.92
Total T:  908600 | Ep: 4543 | Steps:  200 | Reward:  -220.85
Total T:  908800 | Ep: 4544 | Steps:  200 | Reward:  -124.79
Total T:  909000 | Ep: 4545 | Steps:  200 | Reward:  -224.06
Total T:  909200 | Ep: 4546 | Steps:  200 | Reward:  -120.92
Total T:  909400 | Ep: 4547 | Steps:  200 | Reward:  -226.81
Total T:  909600 | Ep: 4548 | Steps:  200 | Reward:  -121.23
Total T:  909800 | Ep: 4549 | Steps:  200 | Reward:  -122.50
Total T:  910000 | Ep: 4550 | Steps:  200 | Reward:  -123.61
---------------------------------------
Evaluation over 10 episodes: -169.717
---------------------------------------
Total T:  910200 | Ep: 4551 | Steps:  200 | Reward:  -126.75
Total T:  910400 | Ep: 4552 | Steps:  200 | Reward:  -236.69
Total T:  910600 | Ep: 4553 | Steps:  200 | Reward:  -226.44
Total T:  910800 | Ep: 4554 | Steps:  200 | Reward:    -3.22
Total T:  911000 | Ep: 4555 | Steps:  200 | Reward:  -232.59
Total T:  911200 | Ep: 4556 | Steps:  200 | Reward:  -325.60
Total T:  911400 | Ep: 4557 | Steps:  200 | Reward:  -128.18
Total T:  911600 | Ep: 4558 | Steps:  200 | Reward:  -228.91
Total T:  911800 | Ep: 4559 | Steps:  200 | Reward:  -128.52
Total T:  912000 | Ep: 4560 | Steps:  200 | Reward:  -119.19
Total T:  912200 | Ep: 4561 | Steps:  200 | Reward:  -229.58
Total T:  912400 | Ep: 4562 | Steps:  200 | Reward:  -126.12
Total T:  912600 | Ep: 4563 | Steps:  200 | Reward:  -130.62
Total T:  912800 | Ep: 4564 | Steps:  200 | Reward:  -225.09
Total T:  913000 | Ep: 4565 | Steps:  200 | Reward:  -122.32
Total T:  913200 | Ep: 4566 | Steps:  200 | Reward:  -123.50
Total T:  913400 | Ep: 4567 | Steps:  200 | Reward:  -123.82
Total T:  913600 | Ep: 4568 | Steps:  200 | Reward:  -118.81
Total T:  913800 | Ep: 4569 | Steps:  200 | Reward:  -223.89
Total T:  914000 | Ep: 4570 | Steps:  200 | Reward:  -120.48
Total T:  914200 | Ep: 4571 | Steps:  200 | Reward:  -120.73
Total T:  914400 | Ep: 4572 | Steps:  200 | Reward:    -3.28
Total T:  914600 | Ep: 4573 | Steps:  200 | Reward:  -120.26
Total T:  914800 | Ep: 4574 | Steps:  200 | Reward:  -338.01
Total T:  915000 | Ep: 4575 | Steps:  200 | Reward:  -118.11
---------------------------------------
Evaluation over 10 episodes: -148.337
---------------------------------------
Total T:  915200 | Ep: 4576 | Steps:  200 | Reward:  -125.13
Total T:  915400 | Ep: 4577 | Steps:  200 | Reward:  -236.71
Total T:  915600 | Ep: 4578 | Steps:  200 | Reward:  -120.25
Total T:  915800 | Ep: 4579 | Steps:  200 | Reward:  -320.05
Total T:  916000 | Ep: 4580 | Steps:  200 | Reward:  -232.60
Total T:  916200 | Ep: 4581 | Steps:  200 | Reward:  -128.63
Total T:  916400 | Ep: 4582 | Steps:  200 | Reward:  -121.22
Total T:  916600 | Ep: 4583 | Steps:  200 | Reward:  -236.01
Total T:  916800 | Ep: 4584 | Steps:  200 | Reward:  -119.79
Total T:  917000 | Ep: 4585 | Steps:  200 | Reward:  -232.92
Total T:  917200 | Ep: 4586 | Steps:  200 | Reward:    -3.93
Total T:  917400 | Ep: 4587 | Steps:  200 | Reward:  -129.19
Total T:  917600 | Ep: 4588 | Steps:  200 | Reward:    -3.69
Total T:  917800 | Ep: 4589 | Steps:  200 | Reward:  -221.35
Total T:  918000 | Ep: 4590 | Steps:  200 | Reward:  -124.12
Total T:  918200 | Ep: 4591 | Steps:  200 | Reward:  -127.47
Total T:  918400 | Ep: 4592 | Steps:  200 | Reward:  -232.19
Total T:  918600 | Ep: 4593 | Steps:  200 | Reward:  -119.60
Total T:  918800 | Ep: 4594 | Steps:  200 | Reward:  -226.88
Total T:  919000 | Ep: 4595 | Steps:  200 | Reward:  -237.73
Total T:  919200 | Ep: 4596 | Steps:  200 | Reward:  -223.34
Total T:  919400 | Ep: 4597 | Steps:  200 | Reward:  -119.59
Total T:  919600 | Ep: 4598 | Steps:  200 | Reward:  -236.60
Total T:  919800 | Ep: 4599 | Steps:  200 | Reward:  -131.56
Total T:  920000 | Ep: 4600 | Steps:  200 | Reward:  -117.29
---------------------------------------
Evaluation over 10 episodes: -163.259
---------------------------------------
Total T:  920200 | Ep: 4601 | Steps:  200 | Reward:  -233.65
Total T:  920400 | Ep: 4602 | Steps:  200 | Reward:  -120.92
Total T:  920600 | Ep: 4603 | Steps:  200 | Reward:  -221.96
Total T:  920800 | Ep: 4604 | Steps:  200 | Reward:  -228.85
Total T:  921000 | Ep: 4605 | Steps:  200 | Reward:  -221.03
Total T:  921200 | Ep: 4606 | Steps:  200 | Reward:  -224.44
Total T:  921400 | Ep: 4607 | Steps:  200 | Reward:  -116.03
Total T:  921600 | Ep: 4608 | Steps:  200 | Reward:  -129.39
Total T:  921800 | Ep: 4609 | Steps:  200 | Reward:  -128.96
Total T:  922000 | Ep: 4610 | Steps:  200 | Reward:  -121.08
Total T:  922200 | Ep: 4611 | Steps:  200 | Reward:  -120.03
Total T:  922400 | Ep: 4612 | Steps:  200 | Reward:  -121.47
Total T:  922600 | Ep: 4613 | Steps:  200 | Reward:  -119.48
Total T:  922800 | Ep: 4614 | Steps:  200 | Reward:  -302.12
Total T:  923000 | Ep: 4615 | Steps:  200 | Reward:    -6.53
Total T:  923200 | Ep: 4616 | Steps:  200 | Reward:  -119.51
Total T:  923400 | Ep: 4617 | Steps:  200 | Reward:  -128.92
Total T:  923600 | Ep: 4618 | Steps:  200 | Reward:    -3.17
Total T:  923800 | Ep: 4619 | Steps:  200 | Reward:  -121.49
Total T:  924000 | Ep: 4620 | Steps:  200 | Reward:  -117.59
Total T:  924200 | Ep: 4621 | Steps:  200 | Reward:  -128.96
Total T:  924400 | Ep: 4622 | Steps:  200 | Reward:  -123.07
Total T:  924600 | Ep: 4623 | Steps:  200 | Reward:  -120.99
Total T:  924800 | Ep: 4624 | Steps:  200 | Reward:    -8.12
Total T:  925000 | Ep: 4625 | Steps:  200 | Reward:  -126.16
---------------------------------------
Evaluation over 10 episodes: -131.302
---------------------------------------
Total T:  925200 | Ep: 4626 | Steps:  200 | Reward:  -128.86
Total T:  925400 | Ep: 4627 | Steps:  200 | Reward:  -125.69
Total T:  925600 | Ep: 4628 | Steps:  200 | Reward:  -127.74
Total T:  925800 | Ep: 4629 | Steps:  200 | Reward:  -121.33
Total T:  926000 | Ep: 4630 | Steps:  200 | Reward:  -122.11
Total T:  926200 | Ep: 4631 | Steps:  200 | Reward:  -125.93
Total T:  926400 | Ep: 4632 | Steps:  200 | Reward:  -236.85
Total T:  926600 | Ep: 4633 | Steps:  200 | Reward:  -121.08
Total T:  926800 | Ep: 4634 | Steps:  200 | Reward:  -219.94
Total T:  927000 | Ep: 4635 | Steps:  200 | Reward:  -229.05
Total T:  927200 | Ep: 4636 | Steps:  200 | Reward:  -224.90
Total T:  927400 | Ep: 4637 | Steps:  200 | Reward:  -123.99
Total T:  927600 | Ep: 4638 | Steps:  200 | Reward:  -120.66
Total T:  927800 | Ep: 4639 | Steps:  200 | Reward:    -3.82
Total T:  928000 | Ep: 4640 | Steps:  200 | Reward:  -229.14
Total T:  928200 | Ep: 4641 | Steps:  200 | Reward:    -3.37
Total T:  928400 | Ep: 4642 | Steps:  200 | Reward:  -243.64
Total T:  928600 | Ep: 4643 | Steps:  200 | Reward:    -3.38
Total T:  928800 | Ep: 4644 | Steps:  200 | Reward:  -121.73
Total T:  929000 | Ep: 4645 | Steps:  200 | Reward:  -119.58
Total T:  929200 | Ep: 4646 | Steps:  200 | Reward:  -234.51
Total T:  929400 | Ep: 4647 | Steps:  200 | Reward:  -232.50
Total T:  929600 | Ep: 4648 | Steps:  200 | Reward:  -322.36
Total T:  929800 | Ep: 4649 | Steps:  200 | Reward:  -124.82
Total T:  930000 | Ep: 4650 | Steps:  200 | Reward:  -239.01
---------------------------------------
Evaluation over 10 episodes: -163.017
---------------------------------------
Total T:  930200 | Ep: 4651 | Steps:  200 | Reward:    -3.50
Total T:  930400 | Ep: 4652 | Steps:  200 | Reward:  -132.62
Total T:  930600 | Ep: 4653 | Steps:  200 | Reward:    -3.56
Total T:  930800 | Ep: 4654 | Steps:  200 | Reward:  -221.30
Total T:  931000 | Ep: 4655 | Steps:  200 | Reward:  -121.59
Total T:  931200 | Ep: 4656 | Steps:  200 | Reward:  -121.16
Total T:  931400 | Ep: 4657 | Steps:  200 | Reward:  -116.21
Total T:  931600 | Ep: 4658 | Steps:  200 | Reward:  -120.18
Total T:  931800 | Ep: 4659 | Steps:  200 | Reward:  -228.32
Total T:  932000 | Ep: 4660 | Steps:  200 | Reward:  -124.59
Total T:  932200 | Ep: 4661 | Steps:  200 | Reward:  -128.43
Total T:  932400 | Ep: 4662 | Steps:  200 | Reward:  -117.20
Total T:  932600 | Ep: 4663 | Steps:  200 | Reward:  -229.71
Total T:  932800 | Ep: 4664 | Steps:  200 | Reward:  -121.29
Total T:  933000 | Ep: 4665 | Steps:  200 | Reward:  -128.17
Total T:  933200 | Ep: 4666 | Steps:  200 | Reward:    -6.33
Total T:  933400 | Ep: 4667 | Steps:  200 | Reward:  -225.75
Total T:  933600 | Ep: 4668 | Steps:  200 | Reward:  -240.81
Total T:  933800 | Ep: 4669 | Steps:  200 | Reward:  -225.36
Total T:  934000 | Ep: 4670 | Steps:  200 | Reward:    -3.88
Total T:  934200 | Ep: 4671 | Steps:  200 | Reward:  -121.39
Total T:  934400 | Ep: 4672 | Steps:  200 | Reward:    -3.42
Total T:  934600 | Ep: 4673 | Steps:  200 | Reward:  -124.09
Total T:  934800 | Ep: 4674 | Steps:  200 | Reward:  -125.57
Total T:  935000 | Ep: 4675 | Steps:  200 | Reward:  -244.40
---------------------------------------
Evaluation over 10 episodes: -108.276
---------------------------------------
Total T:  935200 | Ep: 4676 | Steps:  200 | Reward:    -4.20
Total T:  935400 | Ep: 4677 | Steps:  200 | Reward:  -124.65
Total T:  935600 | Ep: 4678 | Steps:  200 | Reward:  -224.07
Total T:  935800 | Ep: 4679 | Steps:  200 | Reward:  -118.31
Total T:  936000 | Ep: 4680 | Steps:  200 | Reward:  -122.71
Total T:  936200 | Ep: 4681 | Steps:  200 | Reward:  -124.28
Total T:  936400 | Ep: 4682 | Steps:  200 | Reward:  -228.70
Total T:  936600 | Ep: 4683 | Steps:  200 | Reward:  -119.54
Total T:  936800 | Ep: 4684 | Steps:  200 | Reward:  -118.42
Total T:  937000 | Ep: 4685 | Steps:  200 | Reward:  -237.77
Total T:  937200 | Ep: 4686 | Steps:  200 | Reward:  -122.80
Total T:  937400 | Ep: 4687 | Steps:  200 | Reward:    -5.06
Total T:  937600 | Ep: 4688 | Steps:  200 | Reward:  -129.04
Total T:  937800 | Ep: 4689 | Steps:  200 | Reward:    -7.48
Total T:  938000 | Ep: 4690 | Steps:  200 | Reward:  -127.61
Total T:  938200 | Ep: 4691 | Steps:  200 | Reward:  -127.77
Total T:  938400 | Ep: 4692 | Steps:  200 | Reward:  -123.38
Total T:  938600 | Ep: 4693 | Steps:  200 | Reward:    -4.58
Total T:  938800 | Ep: 4694 | Steps:  200 | Reward:  -228.60
Total T:  939000 | Ep: 4695 | Steps:  200 | Reward:    -3.65
Total T:  939200 | Ep: 4696 | Steps:  200 | Reward:  -129.92
Total T:  939400 | Ep: 4697 | Steps:  200 | Reward:  -240.55
Total T:  939600 | Ep: 4698 | Steps:  200 | Reward:  -228.62
Total T:  939800 | Ep: 4699 | Steps:  200 | Reward:  -252.35
Total T:  940000 | Ep: 4700 | Steps:  200 | Reward:  -121.49
---------------------------------------
Evaluation over 10 episodes: -165.118
---------------------------------------
Total T:  940200 | Ep: 4701 | Steps:  200 | Reward:  -118.01
Total T:  940400 | Ep: 4702 | Steps:  200 | Reward:  -123.04
Total T:  940600 | Ep: 4703 | Steps:  200 | Reward:  -129.49
Total T:  940800 | Ep: 4704 | Steps:  200 | Reward:  -128.60
Total T:  941000 | Ep: 4705 | Steps:  200 | Reward:  -128.41
Total T:  941200 | Ep: 4706 | Steps:  200 | Reward:  -232.20
Total T:  941400 | Ep: 4707 | Steps:  200 | Reward:  -120.87
Total T:  941600 | Ep: 4708 | Steps:  200 | Reward:  -227.50
Total T:  941800 | Ep: 4709 | Steps:  200 | Reward:  -333.08
Total T:  942000 | Ep: 4710 | Steps:  200 | Reward:  -300.16
Total T:  942200 | Ep: 4711 | Steps:  200 | Reward:  -238.75
Total T:  942400 | Ep: 4712 | Steps:  200 | Reward:    -4.52
Total T:  942600 | Ep: 4713 | Steps:  200 | Reward:  -117.97
Total T:  942800 | Ep: 4714 | Steps:  200 | Reward:  -235.43
Total T:  943000 | Ep: 4715 | Steps:  200 | Reward:  -124.92
Total T:  943200 | Ep: 4716 | Steps:  200 | Reward:  -125.76
Total T:  943400 | Ep: 4717 | Steps:  200 | Reward:  -361.81
Total T:  943600 | Ep: 4718 | Steps:  200 | Reward:  -233.94
Total T:  943800 | Ep: 4719 | Steps:  200 | Reward:  -120.78
Total T:  944000 | Ep: 4720 | Steps:  200 | Reward:  -251.99
Total T:  944200 | Ep: 4721 | Steps:  200 | Reward:  -220.85
Total T:  944400 | Ep: 4722 | Steps:  200 | Reward:  -119.03
Total T:  944600 | Ep: 4723 | Steps:  200 | Reward:  -121.35
Total T:  944800 | Ep: 4724 | Steps:  200 | Reward:  -298.39
Total T:  945000 | Ep: 4725 | Steps:  200 | Reward:  -128.58
---------------------------------------
Evaluation over 10 episodes: -127.810
---------------------------------------
Total T:  945200 | Ep: 4726 | Steps:  200 | Reward:  -223.94
Total T:  945400 | Ep: 4727 | Steps:  200 | Reward:  -220.25
Total T:  945600 | Ep: 4728 | Steps:  200 | Reward:  -129.07
Total T:  945800 | Ep: 4729 | Steps:  200 | Reward:  -128.93
Total T:  946000 | Ep: 4730 | Steps:  200 | Reward:  -124.39
Total T:  946200 | Ep: 4731 | Steps:  200 | Reward:  -120.86
Total T:  946400 | Ep: 4732 | Steps:  200 | Reward:  -230.25
Total T:  946600 | Ep: 4733 | Steps:  200 | Reward:  -221.18
Total T:  946800 | Ep: 4734 | Steps:  200 | Reward:  -118.64
Total T:  947000 | Ep: 4735 | Steps:  200 | Reward:  -128.59
Total T:  947200 | Ep: 4736 | Steps:  200 | Reward:  -118.42
Total T:  947400 | Ep: 4737 | Steps:  200 | Reward:  -234.56
Total T:  947600 | Ep: 4738 | Steps:  200 | Reward:  -125.55
Total T:  947800 | Ep: 4739 | Steps:  200 | Reward:  -116.79
Total T:  948000 | Ep: 4740 | Steps:  200 | Reward:  -241.69
Total T:  948200 | Ep: 4741 | Steps:  200 | Reward:  -126.73
Total T:  948400 | Ep: 4742 | Steps:  200 | Reward:  -128.47
Total T:  948600 | Ep: 4743 | Steps:  200 | Reward:  -121.55
Total T:  948800 | Ep: 4744 | Steps:  200 | Reward:  -303.51
Total T:  949000 | Ep: 4745 | Steps:  200 | Reward:  -120.93
Total T:  949200 | Ep: 4746 | Steps:  200 | Reward:    -3.61
Total T:  949400 | Ep: 4747 | Steps:  200 | Reward:  -221.29
Total T:  949600 | Ep: 4748 | Steps:  200 | Reward:  -128.00
Total T:  949800 | Ep: 4749 | Steps:  200 | Reward:  -247.80
Total T:  950000 | Ep: 4750 | Steps:  200 | Reward:  -291.67
---------------------------------------
Evaluation over 10 episodes: -138.936
---------------------------------------
Total T:  950200 | Ep: 4751 | Steps:  200 | Reward:  -119.86
Total T:  950400 | Ep: 4752 | Steps:  200 | Reward:  -238.16
Total T:  950600 | Ep: 4753 | Steps:  200 | Reward:  -230.78
Total T:  950800 | Ep: 4754 | Steps:  200 | Reward:  -116.86
Total T:  951000 | Ep: 4755 | Steps:  200 | Reward:  -245.55
Total T:  951200 | Ep: 4756 | Steps:  200 | Reward:  -121.32
Total T:  951400 | Ep: 4757 | Steps:  200 | Reward:  -121.15
Total T:  951600 | Ep: 4758 | Steps:  200 | Reward:  -122.98
Total T:  951800 | Ep: 4759 | Steps:  200 | Reward:  -243.00
Total T:  952000 | Ep: 4760 | Steps:  200 | Reward:  -129.20
Total T:  952200 | Ep: 4761 | Steps:  200 | Reward:  -121.14
Total T:  952400 | Ep: 4762 | Steps:  200 | Reward:  -243.75
Total T:  952600 | Ep: 4763 | Steps:  200 | Reward:  -230.78
Total T:  952800 | Ep: 4764 | Steps:  200 | Reward:  -282.04
Total T:  953000 | Ep: 4765 | Steps:  200 | Reward:  -224.83
Total T:  953200 | Ep: 4766 | Steps:  200 | Reward:  -239.69
Total T:  953400 | Ep: 4767 | Steps:  200 | Reward:  -130.79
Total T:  953600 | Ep: 4768 | Steps:  200 | Reward:  -226.49
Total T:  953800 | Ep: 4769 | Steps:  200 | Reward:  -117.92
Total T:  954000 | Ep: 4770 | Steps:  200 | Reward:  -310.56
Total T:  954200 | Ep: 4771 | Steps:  200 | Reward:  -126.15
Total T:  954400 | Ep: 4772 | Steps:  200 | Reward:  -221.79
Total T:  954600 | Ep: 4773 | Steps:  200 | Reward:  -254.98
Total T:  954800 | Ep: 4774 | Steps:  200 | Reward:  -121.45
Total T:  955000 | Ep: 4775 | Steps:  200 | Reward:  -238.72
---------------------------------------
Evaluation over 10 episodes: -130.889
---------------------------------------
Total T:  955200 | Ep: 4776 | Steps:  200 | Reward:  -120.39
Total T:  955400 | Ep: 4777 | Steps:  200 | Reward:  -226.17
Total T:  955600 | Ep: 4778 | Steps:  200 | Reward:  -121.44
Total T:  955800 | Ep: 4779 | Steps:  200 | Reward:  -128.63
Total T:  956000 | Ep: 4780 | Steps:  200 | Reward:  -124.62
Total T:  956200 | Ep: 4781 | Steps:  200 | Reward:  -243.93
Total T:  956400 | Ep: 4782 | Steps:  200 | Reward:  -121.49
Total T:  956600 | Ep: 4783 | Steps:  200 | Reward:    -3.54
Total T:  956800 | Ep: 4784 | Steps:  200 | Reward:  -230.40
Total T:  957000 | Ep: 4785 | Steps:  200 | Reward:    -3.35
Total T:  957200 | Ep: 4786 | Steps:  200 | Reward:  -120.66
Total T:  957400 | Ep: 4787 | Steps:  200 | Reward:  -128.64
Total T:  957600 | Ep: 4788 | Steps:  200 | Reward:    -3.80
Total T:  957800 | Ep: 4789 | Steps:  200 | Reward:  -126.67
Total T:  958000 | Ep: 4790 | Steps:  200 | Reward:  -119.85
Total T:  958200 | Ep: 4791 | Steps:  200 | Reward:  -120.72
Total T:  958400 | Ep: 4792 | Steps:  200 | Reward:    -5.03
Total T:  958600 | Ep: 4793 | Steps:  200 | Reward:  -303.79
Total T:  958800 | Ep: 4794 | Steps:  200 | Reward:    -4.33
Total T:  959000 | Ep: 4795 | Steps:  200 | Reward:    -3.30
Total T:  959200 | Ep: 4796 | Steps:  200 | Reward:  -124.16
Total T:  959400 | Ep: 4797 | Steps:  200 | Reward:  -128.76
Total T:  959600 | Ep: 4798 | Steps:  200 | Reward:  -224.92
Total T:  959800 | Ep: 4799 | Steps:  200 | Reward:  -130.08
Total T:  960000 | Ep: 4800 | Steps:  200 | Reward:  -291.59
---------------------------------------
Evaluation over 10 episodes: -172.306
---------------------------------------
Total T:  960200 | Ep: 4801 | Steps:  200 | Reward:    -3.50
Total T:  960400 | Ep: 4802 | Steps:  200 | Reward:  -127.63
Total T:  960600 | Ep: 4803 | Steps:  200 | Reward:  -129.23
Total T:  960800 | Ep: 4804 | Steps:  200 | Reward:  -127.79
Total T:  961000 | Ep: 4805 | Steps:  200 | Reward:    -4.09
Total T:  961200 | Ep: 4806 | Steps:  200 | Reward:  -119.79
Total T:  961400 | Ep: 4807 | Steps:  200 | Reward:    -4.36
Total T:  961600 | Ep: 4808 | Steps:  200 | Reward:  -233.60
Total T:  961800 | Ep: 4809 | Steps:  200 | Reward:  -128.95
Total T:  962000 | Ep: 4810 | Steps:  200 | Reward:    -3.31
Total T:  962200 | Ep: 4811 | Steps:  200 | Reward:  -120.15
Total T:  962400 | Ep: 4812 | Steps:  200 | Reward:  -238.61
Total T:  962600 | Ep: 4813 | Steps:  200 | Reward:  -128.81
Total T:  962800 | Ep: 4814 | Steps:  200 | Reward:  -126.80
Total T:  963000 | Ep: 4815 | Steps:  200 | Reward:  -120.77
Total T:  963200 | Ep: 4816 | Steps:  200 | Reward:  -228.38
Total T:  963400 | Ep: 4817 | Steps:  200 | Reward:  -236.09
Total T:  963600 | Ep: 4818 | Steps:  200 | Reward:  -121.66
Total T:  963800 | Ep: 4819 | Steps:  200 | Reward:  -127.42
Total T:  964000 | Ep: 4820 | Steps:  200 | Reward:  -119.81
Total T:  964200 | Ep: 4821 | Steps:  200 | Reward:  -129.21
Total T:  964400 | Ep: 4822 | Steps:  200 | Reward:  -128.84
Total T:  964600 | Ep: 4823 | Steps:  200 | Reward:  -241.87
Total T:  964800 | Ep: 4824 | Steps:  200 | Reward:  -128.34
Total T:  965000 | Ep: 4825 | Steps:  200 | Reward:  -223.56
---------------------------------------
Evaluation over 10 episodes: -162.083
---------------------------------------
Total T:  965200 | Ep: 4826 | Steps:  200 | Reward:  -119.56
Total T:  965400 | Ep: 4827 | Steps:  200 | Reward:  -126.87
Total T:  965600 | Ep: 4828 | Steps:  200 | Reward:  -127.96
Total T:  965800 | Ep: 4829 | Steps:  200 | Reward:  -242.90
Total T:  966000 | Ep: 4830 | Steps:  200 | Reward:  -129.03
Total T:  966200 | Ep: 4831 | Steps:  200 | Reward:  -124.33
Total T:  966400 | Ep: 4832 | Steps:  200 | Reward:  -235.54
Total T:  966600 | Ep: 4833 | Steps:  200 | Reward:  -128.02
Total T:  966800 | Ep: 4834 | Steps:  200 | Reward:    -4.92
Total T:  967000 | Ep: 4835 | Steps:  200 | Reward:  -131.36
Total T:  967200 | Ep: 4836 | Steps:  200 | Reward:  -226.67
Total T:  967400 | Ep: 4837 | Steps:  200 | Reward:  -249.97
Total T:  967600 | Ep: 4838 | Steps:  200 | Reward:  -295.50
Total T:  967800 | Ep: 4839 | Steps:  200 | Reward:  -118.59
Total T:  968000 | Ep: 4840 | Steps:  200 | Reward:  -239.13
Total T:  968200 | Ep: 4841 | Steps:  200 | Reward:  -119.17
Total T:  968400 | Ep: 4842 | Steps:  200 | Reward:  -223.77
Total T:  968600 | Ep: 4843 | Steps:  200 | Reward:    -6.14
Total T:  968800 | Ep: 4844 | Steps:  200 | Reward:  -236.99
Total T:  969000 | Ep: 4845 | Steps:  200 | Reward:  -119.22
Total T:  969200 | Ep: 4846 | Steps:  200 | Reward:  -232.51
Total T:  969400 | Ep: 4847 | Steps:  200 | Reward:  -128.46
Total T:  969600 | Ep: 4848 | Steps:  200 | Reward:  -311.57
Total T:  969800 | Ep: 4849 | Steps:  200 | Reward:  -126.15
Total T:  970000 | Ep: 4850 | Steps:  200 | Reward:  -121.55
---------------------------------------
Evaluation over 10 episodes: -153.273
---------------------------------------
Total T:  970200 | Ep: 4851 | Steps:  200 | Reward:  -219.56
Total T:  970400 | Ep: 4852 | Steps:  200 | Reward:  -241.45
Total T:  970600 | Ep: 4853 | Steps:  200 | Reward:  -119.79
Total T:  970800 | Ep: 4854 | Steps:  200 | Reward:  -119.10
Total T:  971000 | Ep: 4855 | Steps:  200 | Reward:  -232.90
Total T:  971200 | Ep: 4856 | Steps:  200 | Reward:  -121.59
Total T:  971400 | Ep: 4857 | Steps:  200 | Reward:  -129.06
Total T:  971600 | Ep: 4858 | Steps:  200 | Reward:  -225.55
Total T:  971800 | Ep: 4859 | Steps:  200 | Reward:  -125.59
Total T:  972000 | Ep: 4860 | Steps:  200 | Reward:  -123.04
Total T:  972200 | Ep: 4861 | Steps:  200 | Reward:  -130.46
Total T:  972400 | Ep: 4862 | Steps:  200 | Reward:  -132.79
Total T:  972600 | Ep: 4863 | Steps:  200 | Reward:  -129.62
Total T:  972800 | Ep: 4864 | Steps:  200 | Reward:  -131.09
Total T:  973000 | Ep: 4865 | Steps:  200 | Reward:    -4.08
Total T:  973200 | Ep: 4866 | Steps:  200 | Reward:  -221.63
Total T:  973400 | Ep: 4867 | Steps:  200 | Reward:  -225.35
Total T:  973600 | Ep: 4868 | Steps:  200 | Reward:  -122.87
Total T:  973800 | Ep: 4869 | Steps:  200 | Reward:  -224.26
Total T:  974000 | Ep: 4870 | Steps:  200 | Reward:  -267.07
Total T:  974200 | Ep: 4871 | Steps:  200 | Reward:  -122.75
Total T:  974400 | Ep: 4872 | Steps:  200 | Reward:  -123.50
Total T:  974600 | Ep: 4873 | Steps:  200 | Reward:  -123.04
Total T:  974800 | Ep: 4874 | Steps:  200 | Reward:  -226.15
Total T:  975000 | Ep: 4875 | Steps:  200 | Reward:  -121.00
---------------------------------------
Evaluation over 10 episodes: -119.805
---------------------------------------
Total T:  975200 | Ep: 4876 | Steps:  200 | Reward:  -238.59
Total T:  975400 | Ep: 4877 | Steps:  200 | Reward:  -124.10
Total T:  975600 | Ep: 4878 | Steps:  200 | Reward:  -126.96
Total T:  975800 | Ep: 4879 | Steps:  200 | Reward:  -313.79
Total T:  976000 | Ep: 4880 | Steps:  200 | Reward:  -129.42
Total T:  976200 | Ep: 4881 | Steps:  200 | Reward:  -290.78
Total T:  976400 | Ep: 4882 | Steps:  200 | Reward:    -3.17
Total T:  976600 | Ep: 4883 | Steps:  200 | Reward:  -233.57
Total T:  976800 | Ep: 4884 | Steps:  200 | Reward:  -348.91
Total T:  977000 | Ep: 4885 | Steps:  200 | Reward:    -3.85
Total T:  977200 | Ep: 4886 | Steps:  200 | Reward:  -230.70
Total T:  977400 | Ep: 4887 | Steps:  200 | Reward:  -119.58
Total T:  977600 | Ep: 4888 | Steps:  200 | Reward:  -129.12
Total T:  977800 | Ep: 4889 | Steps:  200 | Reward:  -124.37
Total T:  978000 | Ep: 4890 | Steps:  200 | Reward:  -123.35
Total T:  978200 | Ep: 4891 | Steps:  200 | Reward:  -282.73
Total T:  978400 | Ep: 4892 | Steps:  200 | Reward:  -234.46
Total T:  978600 | Ep: 4893 | Steps:  200 | Reward:  -123.81
Total T:  978800 | Ep: 4894 | Steps:  200 | Reward:  -120.96
Total T:  979000 | Ep: 4895 | Steps:  200 | Reward:    -3.49
Total T:  979200 | Ep: 4896 | Steps:  200 | Reward:  -241.13
Total T:  979400 | Ep: 4897 | Steps:  200 | Reward:  -235.70
Total T:  979600 | Ep: 4898 | Steps:  200 | Reward:  -124.64
Total T:  979800 | Ep: 4899 | Steps:  200 | Reward:  -119.13
Total T:  980000 | Ep: 4900 | Steps:  200 | Reward:  -232.89
---------------------------------------
Evaluation over 10 episodes: -149.722
---------------------------------------
Total T:  980200 | Ep: 4901 | Steps:  200 | Reward:  -323.95
Total T:  980400 | Ep: 4902 | Steps:  200 | Reward:  -234.14
Total T:  980600 | Ep: 4903 | Steps:  200 | Reward:  -222.84
Total T:  980800 | Ep: 4904 | Steps:  200 | Reward:  -128.66
Total T:  981000 | Ep: 4905 | Steps:  200 | Reward:  -132.06
Total T:  981200 | Ep: 4906 | Steps:  200 | Reward:  -119.56
Total T:  981400 | Ep: 4907 | Steps:  200 | Reward:  -121.88
Total T:  981600 | Ep: 4908 | Steps:  200 | Reward:  -119.74
Total T:  981800 | Ep: 4909 | Steps:  200 | Reward:  -131.27
Total T:  982000 | Ep: 4910 | Steps:  200 | Reward:  -325.91
Total T:  982200 | Ep: 4911 | Steps:  200 | Reward:  -118.77
Total T:  982400 | Ep: 4912 | Steps:  200 | Reward:  -129.44
Total T:  982600 | Ep: 4913 | Steps:  200 | Reward:  -238.67
Total T:  982800 | Ep: 4914 | Steps:  200 | Reward:  -126.27
Total T:  983000 | Ep: 4915 | Steps:  200 | Reward:  -119.25
Total T:  983200 | Ep: 4916 | Steps:  200 | Reward:  -122.96
Total T:  983400 | Ep: 4917 | Steps:  200 | Reward:    -3.29
Total T:  983600 | Ep: 4918 | Steps:  200 | Reward:  -231.02
Total T:  983800 | Ep: 4919 | Steps:  200 | Reward:  -117.65
Total T:  984000 | Ep: 4920 | Steps:  200 | Reward:  -121.55
Total T:  984200 | Ep: 4921 | Steps:  200 | Reward:  -236.16
Total T:  984400 | Ep: 4922 | Steps:  200 | Reward:  -127.98
Total T:  984600 | Ep: 4923 | Steps:  200 | Reward:  -125.66
Total T:  984800 | Ep: 4924 | Steps:  200 | Reward:  -121.28
Total T:  985000 | Ep: 4925 | Steps:  200 | Reward:  -261.23
---------------------------------------
Evaluation over 10 episodes: -109.348
---------------------------------------
Total T:  985200 | Ep: 4926 | Steps:  200 | Reward:    -5.53
Total T:  985400 | Ep: 4927 | Steps:  200 | Reward:  -121.69
Total T:  985600 | Ep: 4928 | Steps:  200 | Reward:  -116.75
Total T:  985800 | Ep: 4929 | Steps:  200 | Reward:  -122.18
Total T:  986000 | Ep: 4930 | Steps:  200 | Reward:  -120.61
Total T:  986200 | Ep: 4931 | Steps:  200 | Reward:  -122.84
Total T:  986400 | Ep: 4932 | Steps:  200 | Reward:  -127.48
Total T:  986600 | Ep: 4933 | Steps:  200 | Reward:    -3.39
Total T:  986800 | Ep: 4934 | Steps:  200 | Reward:  -230.97
Total T:  987000 | Ep: 4935 | Steps:  200 | Reward:  -233.85
Total T:  987200 | Ep: 4936 | Steps:  200 | Reward:  -230.42
Total T:  987400 | Ep: 4937 | Steps:  200 | Reward:    -4.09
Total T:  987600 | Ep: 4938 | Steps:  200 | Reward:  -229.61
Total T:  987800 | Ep: 4939 | Steps:  200 | Reward:  -122.09
Total T:  988000 | Ep: 4940 | Steps:  200 | Reward:  -119.69
Total T:  988200 | Ep: 4941 | Steps:  200 | Reward:  -126.51
Total T:  988400 | Ep: 4942 | Steps:  200 | Reward:  -122.10
Total T:  988600 | Ep: 4943 | Steps:  200 | Reward:  -128.39
Total T:  988800 | Ep: 4944 | Steps:  200 | Reward:  -220.97
Total T:  989000 | Ep: 4945 | Steps:  200 | Reward:    -4.60
Total T:  989200 | Ep: 4946 | Steps:  200 | Reward:  -127.09
Total T:  989400 | Ep: 4947 | Steps:  200 | Reward:  -126.30
Total T:  989600 | Ep: 4948 | Steps:  200 | Reward:  -119.20
Total T:  989800 | Ep: 4949 | Steps:  200 | Reward:  -325.45
Total T:  990000 | Ep: 4950 | Steps:  200 | Reward:  -227.88
---------------------------------------
Evaluation over 10 episodes: -164.263
---------------------------------------
Total T:  990200 | Ep: 4951 | Steps:  200 | Reward:  -245.52
Total T:  990400 | Ep: 4952 | Steps:  200 | Reward:  -129.07
Total T:  990600 | Ep: 4953 | Steps:  200 | Reward:  -127.30
Total T:  990800 | Ep: 4954 | Steps:  200 | Reward:  -326.55
Total T:  991000 | Ep: 4955 | Steps:  200 | Reward:  -122.49
Total T:  991200 | Ep: 4956 | Steps:  200 | Reward:  -221.57
Total T:  991400 | Ep: 4957 | Steps:  200 | Reward:  -123.87
Total T:  991600 | Ep: 4958 | Steps:  200 | Reward:    -6.43
Total T:  991800 | Ep: 4959 | Steps:  200 | Reward:  -120.32
Total T:  992000 | Ep: 4960 | Steps:  200 | Reward:  -312.10
Total T:  992200 | Ep: 4961 | Steps:  200 | Reward:  -297.30
Total T:  992400 | Ep: 4962 | Steps:  200 | Reward:  -233.34
Total T:  992600 | Ep: 4963 | Steps:  200 | Reward:  -304.91
Total T:  992800 | Ep: 4964 | Steps:  200 | Reward:  -127.90
Total T:  993000 | Ep: 4965 | Steps:  200 | Reward:  -231.45
Total T:  993200 | Ep: 4966 | Steps:  200 | Reward:  -126.11
Total T:  993400 | Ep: 4967 | Steps:  200 | Reward:  -231.80
Total T:  993600 | Ep: 4968 | Steps:  200 | Reward:  -120.42
Total T:  993800 | Ep: 4969 | Steps:  200 | Reward:  -130.14
Total T:  994000 | Ep: 4970 | Steps:  200 | Reward:  -129.22
Total T:  994200 | Ep: 4971 | Steps:  200 | Reward:  -121.28
Total T:  994400 | Ep: 4972 | Steps:  200 | Reward:  -120.90
Total T:  994600 | Ep: 4973 | Steps:  200 | Reward:  -307.49
Total T:  994800 | Ep: 4974 | Steps:  200 | Reward:  -128.84
Total T:  995000 | Ep: 4975 | Steps:  200 | Reward:  -119.37
---------------------------------------
Evaluation over 10 episodes: -188.148
---------------------------------------
Total T:  995200 | Ep: 4976 | Steps:  200 | Reward:  -229.06
Total T:  995400 | Ep: 4977 | Steps:  200 | Reward:  -127.34
Total T:  995600 | Ep: 4978 | Steps:  200 | Reward:  -126.32
Total T:  995800 | Ep: 4979 | Steps:  200 | Reward:  -128.77
Total T:  996000 | Ep: 4980 | Steps:  200 | Reward:  -120.53
Total T:  996200 | Ep: 4981 | Steps:  200 | Reward:    -4.14
Total T:  996400 | Ep: 4982 | Steps:  200 | Reward:  -119.63
Total T:  996600 | Ep: 4983 | Steps:  200 | Reward:  -129.48
Total T:  996800 | Ep: 4984 | Steps:  200 | Reward:  -121.65
Total T:  997000 | Ep: 4985 | Steps:  200 | Reward:  -124.55
Total T:  997200 | Ep: 4986 | Steps:  200 | Reward:  -220.56
Total T:  997400 | Ep: 4987 | Steps:  200 | Reward:  -121.16
Total T:  997600 | Ep: 4988 | Steps:  200 | Reward:  -222.92
Total T:  997800 | Ep: 4989 | Steps:  200 | Reward:  -118.01
Total T:  998000 | Ep: 4990 | Steps:  200 | Reward:  -119.44
Total T:  998200 | Ep: 4991 | Steps:  200 | Reward:  -221.34
Total T:  998400 | Ep: 4992 | Steps:  200 | Reward:    -3.34
Total T:  998600 | Ep: 4993 | Steps:  200 | Reward:  -127.78
Total T:  998800 | Ep: 4994 | Steps:  200 | Reward:  -303.73
Total T:  999000 | Ep: 4995 | Steps:  200 | Reward:    -3.59
Total T:  999200 | Ep: 4996 | Steps:  200 | Reward:  -116.87
Total T:  999400 | Ep: 4997 | Steps:  200 | Reward:  -123.79
Total T:  999600 | Ep: 4998 | Steps:  200 | Reward:  -122.12
Total T:  999800 | Ep: 4999 | Steps:  200 | Reward:  -317.41
Total T: 1000000 | Ep: 5000 | Steps:  200 | Reward:  -293.03
---------------------------------------
Evaluation over 10 episodes: -119.134
---------------------------------------

[main] Model saved:
        actor  -> C:\Users\mohamedosama\Downloads\CS515-Deep-RL\TD3_algorithm\runs\td3_sweep_pendulum-v1_seed4_Pendulum-v1_10-05-2026_20-35-32\model_actor
        critic -> C:\Users\mohamedosama\Downloads\CS515-Deep-RL\TD3_algorithm\runs\td3_sweep_pendulum-v1_seed4_Pendulum-v1_10-05-2026_20-35-32\model_critic
[main] Training history -> C:\Users\mohamedosama\Downloads\CS515-Deep-RL\TD3_algorithm\runs\td3_sweep_pendulum-v1_seed4_Pendulum-v1_10-05-2026_20-35-32\episode_rewards.csv
[main] Eval history     -> C:\Users\mohamedosama\Downloads\CS515-Deep-RL\TD3_algorithm\runs\td3_sweep_pendulum-v1_seed4_Pendulum-v1_10-05-2026_20-35-32\eval_rewards.csv
[main] Summary          -> C:\Users\mohamedosama\Downloads\CS515-Deep-RL\TD3_algorithm\runs\td3_sweep_pendulum-v1_seed4_Pendulum-v1_10-05-2026_20-35-32\summary.json
[main] Unified eval -> C:\Users\mohamedosama\Downloads\CS515-Deep-RL\results\continuous\td3\pendulum-v1\seed_4.npy
[main] Wallclock    -> C:\Users\mohamedosama\Downloads\CS515-Deep-RL\results\wallclock\continuous\td3\pendulum-v1\seed_4.npy
OMP: Error #15: Initializing libiomp5md.dll, but found libiomp5md.dll already initialized.
OMP: Hint This means that multiple copies of the OpenMP runtime have been linked into the program. That is dangerous, since it can degrade performance or cause incorrect results. The best thing to do is to ensure that only a single OpenMP runtime is linked into the process, e.g. by avoiding static linking of the OpenMP runtime in any library. As an unsafe, unsupported, undocumented workaround you can set the environment variable KMP_DUPLICATE_LIB_OK=TRUE to allow the program to continue to execute, but that may cause crashes or silently produce incorrect results. For more information, please see http://www.intel.com/software/products/support/.
