/home/naida/anaconda3/envs/deep_rl/lib/python3.10/site-packages/gymnasium/core.py:311: UserWarning: [33mWARN: env.seed to get variables from other wrappers is deprecated and will be removed in v1.0, to get this variable you can do `env.unwrapped.seed` for environment variables or `env.get_wrapper_attr('seed')` that will search the reminding wrappers.[0m
  logger.warn(
--------------------------------------------------
Env:        Hopper-v4
  ob_dim    = 11
  ac_dim    = 3
  max_action= 1.0
Logdir:     /home/naida/Desktop/CS515-Deep-RL/TD3_algorithm/runs/td3_sweep_hopper-v4_seed4_Hopper-v4_10-05-2026_21-37-21
Rendering:  off
--------------------------------------------------
/home/naida/anaconda3/envs/deep_rl/lib/python3.10/site-packages/gymnasium/core.py:311: UserWarning: [33mWARN: env.seed to get variables from other wrappers is deprecated and will be removed in v1.0, to get this variable you can do `env.unwrapped.seed` for environment variables or `env.get_wrapper_attr('seed')` that will search the reminding wrappers.[0m
  logger.warn(
---------------------------------------
Evaluation over 10 episodes: 16.032
---------------------------------------
Total T:      24 | Ep:    1 | Steps:   24 | Reward:    24.15
Total T:      65 | Ep:    2 | Steps:   41 | Reward:    18.99
Total T:     102 | Ep:    3 | Steps:   37 | Reward:    33.75
Total T:     120 | Ep:    4 | Steps:   18 | Reward:    14.34
Total T:     135 | Ep:    5 | Steps:   15 | Reward:     9.08
Total T:     171 | Ep:    6 | Steps:   36 | Reward:    12.61
Total T:     201 | Ep:    7 | Steps:   30 | Reward:    24.82
Total T:     218 | Ep:    8 | Steps:   17 | Reward:     9.47
Total T:     236 | Ep:    9 | Steps:   18 | Reward:    14.53
Total T:     276 | Ep:   10 | Steps:   40 | Reward:    52.91
Total T:     321 | Ep:   11 | Steps:   45 | Reward:    60.54
Total T:     350 | Ep:   12 | Steps:   29 | Reward:    13.01
Total T:     362 | Ep:   13 | Steps:   12 | Reward:     6.68
Total T:     396 | Ep:   14 | Steps:   34 | Reward:    18.51
Total T:     434 | Ep:   15 | Steps:   38 | Reward:    27.40
Total T:     479 | Ep:   16 | Steps:   45 | Reward:    33.57
Total T:     495 | Ep:   17 | Steps:   16 | Reward:    13.36
Total T:     524 | Ep:   18 | Steps:   29 | Reward:    27.59
Total T:     536 | Ep:   19 | Steps:   12 | Reward:     9.43
Total T:     549 | Ep:   20 | Steps:   13 | Reward:     8.78
Total T:     566 | Ep:   21 | Steps:   17 | Reward:    16.51
Total T:     575 | Ep:   22 | Steps:    9 | Reward:     6.23
Total T:     601 | Ep:   23 | Steps:   26 | Reward:    22.58
Total T:     624 | Ep:   24 | Steps:   23 | Reward:    18.19
Total T:     644 | Ep:   25 | Steps:   20 | Reward:    18.27
Total T:     661 | Ep:   26 | Steps:   17 | Reward:    17.90
Total T:     686 | Ep:   27 | Steps:   25 | Reward:    14.69
Total T:     708 | Ep:   28 | Steps:   22 | Reward:    20.39
Total T:     719 | Ep:   29 | Steps:   11 | Reward:     9.50
Total T:     745 | Ep:   30 | Steps:   26 | Reward:    14.30
Total T:     797 | Ep:   31 | Steps:   52 | Reward:    81.17
Total T:     823 | Ep:   32 | Steps:   26 | Reward:    19.45
Total T:     843 | Ep:   33 | Steps:   20 | Reward:    22.08
Total T:     865 | Ep:   34 | Steps:   22 | Reward:    22.19
Total T:     955 | Ep:   35 | Steps:   90 | Reward:   185.08
Total T:     973 | Ep:   36 | Steps:   18 | Reward:     9.26
Total T:    1000 | Ep:   37 | Steps:   27 | Reward:    19.13
Total T:    1017 | Ep:   38 | Steps:   17 | Reward:    16.60
Total T:    1112 | Ep:   39 | Steps:   95 | Reward:   183.41
Total T:    1132 | Ep:   40 | Steps:   20 | Reward:    16.01
Total T:    1152 | Ep:   41 | Steps:   20 | Reward:     7.51
Total T:    1175 | Ep:   42 | Steps:   23 | Reward:    25.13
Total T:    1213 | Ep:   43 | Steps:   38 | Reward:    52.27
Total T:    1227 | Ep:   44 | Steps:   14 | Reward:     7.38
Total T:    1246 | Ep:   45 | Steps:   19 | Reward:    11.34
Total T:    1272 | Ep:   46 | Steps:   26 | Reward:    16.09
Total T:    1289 | Ep:   47 | Steps:   17 | Reward:    13.44
Total T:    1311 | Ep:   48 | Steps:   22 | Reward:    12.28
Total T:    1332 | Ep:   49 | Steps:   21 | Reward:    11.89
Total T:    1363 | Ep:   50 | Steps:   31 | Reward:    20.24
Total T:    1380 | Ep:   51 | Steps:   17 | Reward:     7.84
Total T:    1399 | Ep:   52 | Steps:   19 | Reward:     6.01
Total T:    1421 | Ep:   53 | Steps:   22 | Reward:    13.60
Total T:    1433 | Ep:   54 | Steps:   12 | Reward:     7.35
Total T:    1449 | Ep:   55 | Steps:   16 | Reward:    14.36
Total T:    1460 | Ep:   56 | Steps:   11 | Reward:     7.41
Total T:    1473 | Ep:   57 | Steps:   13 | Reward:     9.72
Total T:    1495 | Ep:   58 | Steps:   22 | Reward:    20.74
Total T:    1511 | Ep:   59 | Steps:   16 | Reward:    15.22
Total T:    1552 | Ep:   60 | Steps:   41 | Reward:    50.78
Total T:    1596 | Ep:   61 | Steps:   44 | Reward:    29.41
Total T:    1611 | Ep:   62 | Steps:   15 | Reward:    10.36
Total T:    1639 | Ep:   63 | Steps:   28 | Reward:    26.89
Total T:    1656 | Ep:   64 | Steps:   17 | Reward:     9.62
Total T:    1702 | Ep:   65 | Steps:   46 | Reward:    57.04
Total T:    1718 | Ep:   66 | Steps:   16 | Reward:    15.77
Total T:    1749 | Ep:   67 | Steps:   31 | Reward:    14.42
Total T:    1769 | Ep:   68 | Steps:   20 | Reward:    20.85
Total T:    1791 | Ep:   69 | Steps:   22 | Reward:    24.68
Total T:    1805 | Ep:   70 | Steps:   14 | Reward:    11.82
Total T:    1820 | Ep:   71 | Steps:   15 | Reward:    14.10
Total T:    1841 | Ep:   72 | Steps:   21 | Reward:    13.31
Total T:    1855 | Ep:   73 | Steps:   14 | Reward:     8.72
Total T:    1880 | Ep:   74 | Steps:   25 | Reward:    14.24
Total T:    1916 | Ep:   75 | Steps:   36 | Reward:    33.12
Total T:    1932 | Ep:   76 | Steps:   16 | Reward:    12.68
Total T:    1947 | Ep:   77 | Steps:   15 | Reward:    13.15
Total T:    1965 | Ep:   78 | Steps:   18 | Reward:    12.73
Total T:    1985 | Ep:   79 | Steps:   20 | Reward:    12.32
Total T:    2002 | Ep:   80 | Steps:   17 | Reward:    14.64
Total T:    2018 | Ep:   81 | Steps:   16 | Reward:    11.96
Total T:    2033 | Ep:   82 | Steps:   15 | Reward:    10.60
Total T:    2054 | Ep:   83 | Steps:   21 | Reward:    22.19
Total T:    2079 | Ep:   84 | Steps:   25 | Reward:    16.31
Total T:    2111 | Ep:   85 | Steps:   32 | Reward:     8.16
Total T:    2126 | Ep:   86 | Steps:   15 | Reward:     9.11
Total T:    2146 | Ep:   87 | Steps:   20 | Reward:    10.76
Total T:    2161 | Ep:   88 | Steps:   15 | Reward:    12.64
Total T:    2182 | Ep:   89 | Steps:   21 | Reward:    20.68
Total T:    2210 | Ep:   90 | Steps:   28 | Reward:    23.74
Total T:    2224 | Ep:   91 | Steps:   14 | Reward:    11.48
Total T:    2245 | Ep:   92 | Steps:   21 | Reward:    21.57
Total T:    2263 | Ep:   93 | Steps:   18 | Reward:    14.73
Total T:    2279 | Ep:   94 | Steps:   16 | Reward:    14.16
Total T:    2297 | Ep:   95 | Steps:   18 | Reward:     9.15
Total T:    2321 | Ep:   96 | Steps:   24 | Reward:    12.30
Total T:    2340 | Ep:   97 | Steps:   19 | Reward:    16.16
Total T:    2360 | Ep:   98 | Steps:   20 | Reward:    12.18
Total T:    2370 | Ep:   99 | Steps:   10 | Reward:     7.14
Total T:    2382 | Ep:  100 | Steps:   12 | Reward:     9.83
Total T:    2399 | Ep:  101 | Steps:   17 | Reward:    19.15
Total T:    2426 | Ep:  102 | Steps:   27 | Reward:    15.22
Total T:    2441 | Ep:  103 | Steps:   15 | Reward:     9.77
Total T:    2465 | Ep:  104 | Steps:   24 | Reward:    19.46
Total T:    2496 | Ep:  105 | Steps:   31 | Reward:    12.07
Total T:    2520 | Ep:  106 | Steps:   24 | Reward:     8.90
Total T:    2529 | Ep:  107 | Steps:    9 | Reward:     7.12
Total T:    2541 | Ep:  108 | Steps:   12 | Reward:     9.83
Total T:    2551 | Ep:  109 | Steps:   10 | Reward:     6.08
Total T:    2571 | Ep:  110 | Steps:   20 | Reward:     7.23
Total T:    2601 | Ep:  111 | Steps:   30 | Reward:    37.68
Total T:    2613 | Ep:  112 | Steps:   12 | Reward:     5.89
Total T:    2629 | Ep:  113 | Steps:   16 | Reward:    11.54
Total T:    2646 | Ep:  114 | Steps:   17 | Reward:    12.62
Total T:    2659 | Ep:  115 | Steps:   13 | Reward:    11.81
Total T:    2676 | Ep:  116 | Steps:   17 | Reward:    14.81
Total T:    2691 | Ep:  117 | Steps:   15 | Reward:    15.56
Total T:    2727 | Ep:  118 | Steps:   36 | Reward:    28.96
Total T:    2765 | Ep:  119 | Steps:   38 | Reward:    42.49
Total T:    2776 | Ep:  120 | Steps:   11 | Reward:     8.03
Total T:    2795 | Ep:  121 | Steps:   19 | Reward:    17.59
Total T:    2811 | Ep:  122 | Steps:   16 | Reward:    16.28
Total T:    2853 | Ep:  123 | Steps:   42 | Reward:    43.99
Total T:    2867 | Ep:  124 | Steps:   14 | Reward:    11.14
Total T:    2885 | Ep:  125 | Steps:   18 | Reward:    13.25
Total T:    2901 | Ep:  126 | Steps:   16 | Reward:     7.00
Total T:    2919 | Ep:  127 | Steps:   18 | Reward:    11.13
Total T:    2929 | Ep:  128 | Steps:   10 | Reward:     7.69
Total T:    2947 | Ep:  129 | Steps:   18 | Reward:    17.61
Total T:    2957 | Ep:  130 | Steps:   10 | Reward:     5.89
Total T:    2987 | Ep:  131 | Steps:   30 | Reward:    24.50
Total T:    3001 | Ep:  132 | Steps:   14 | Reward:     7.59
Total T:    3042 | Ep:  133 | Steps:   41 | Reward:    53.77
Total T:    3056 | Ep:  134 | Steps:   14 | Reward:    11.20
Total T:    3076 | Ep:  135 | Steps:   20 | Reward:    18.59
Total T:    3090 | Ep:  136 | Steps:   14 | Reward:     7.85
Total T:    3116 | Ep:  137 | Steps:   26 | Reward:    20.28
Total T:    3136 | Ep:  138 | Steps:   20 | Reward:    19.54
Total T:    3156 | Ep:  139 | Steps:   20 | Reward:    11.04
Total T:    3178 | Ep:  140 | Steps:   22 | Reward:    17.39
Total T:    3205 | Ep:  141 | Steps:   27 | Reward:    34.53
Total T:    3243 | Ep:  142 | Steps:   38 | Reward:    30.63
Total T:    3260 | Ep:  143 | Steps:   17 | Reward:    12.87
Total T:    3274 | Ep:  144 | Steps:   14 | Reward:     8.75
Total T:    3289 | Ep:  145 | Steps:   15 | Reward:    12.23
Total T:    3328 | Ep:  146 | Steps:   39 | Reward:    30.62
Total T:    3348 | Ep:  147 | Steps:   20 | Reward:    20.53
Total T:    3372 | Ep:  148 | Steps:   24 | Reward:    24.03
Total T:    3383 | Ep:  149 | Steps:   11 | Reward:     9.59
Total T:    3401 | Ep:  150 | Steps:   18 | Reward:    12.54
Total T:    3420 | Ep:  151 | Steps:   19 | Reward:    11.69
Total T:    3434 | Ep:  152 | Steps:   14 | Reward:    12.92
Total T:    3520 | Ep:  153 | Steps:   86 | Reward:   182.46
Total T:    3584 | Ep:  154 | Steps:   64 | Reward:   124.04
Total T:    3645 | Ep:  155 | Steps:   61 | Reward:   115.81
Total T:    3674 | Ep:  156 | Steps:   29 | Reward:    12.32
Total T:    3691 | Ep:  157 | Steps:   17 | Reward:    16.99
Total T:    3703 | Ep:  158 | Steps:   12 | Reward:     8.09
Total T:    3719 | Ep:  159 | Steps:   16 | Reward:    13.34
Total T:    3729 | Ep:  160 | Steps:   10 | Reward:     8.31
Total T:    3749 | Ep:  161 | Steps:   20 | Reward:    12.37
Total T:    3779 | Ep:  162 | Steps:   30 | Reward:    34.93
Total T:    3803 | Ep:  163 | Steps:   24 | Reward:    24.23
Total T:    3819 | Ep:  164 | Steps:   16 | Reward:     6.11
Total T:    3845 | Ep:  165 | Steps:   26 | Reward:    14.75
Total T:    3857 | Ep:  166 | Steps:   12 | Reward:    10.97
Total T:    3880 | Ep:  167 | Steps:   23 | Reward:    25.19
Total T:    3934 | Ep:  168 | Steps:   54 | Reward:    37.88
Total T:    3976 | Ep:  169 | Steps:   42 | Reward:    43.73
Total T:    3999 | Ep:  170 | Steps:   23 | Reward:    23.95
Total T:    4010 | Ep:  171 | Steps:   11 | Reward:     8.78
Total T:    4031 | Ep:  172 | Steps:   21 | Reward:    11.67
Total T:    4046 | Ep:  173 | Steps:   15 | Reward:    11.72
Total T:    4064 | Ep:  174 | Steps:   18 | Reward:     9.55
Total T:    4082 | Ep:  175 | Steps:   18 | Reward:    15.78
Total T:    4098 | Ep:  176 | Steps:   16 | Reward:    15.33
Total T:    4116 | Ep:  177 | Steps:   18 | Reward:    11.07
Total T:    4133 | Ep:  178 | Steps:   17 | Reward:    10.06
Total T:    4145 | Ep:  179 | Steps:   12 | Reward:     7.31
Total T:    4164 | Ep:  180 | Steps:   19 | Reward:     7.68
Total T:    4177 | Ep:  181 | Steps:   13 | Reward:    11.03
Total T:    4189 | Ep:  182 | Steps:   12 | Reward:     9.93
Total T:    4229 | Ep:  183 | Steps:   40 | Reward:    39.02
Total T:    4249 | Ep:  184 | Steps:   20 | Reward:     9.89
Total T:    4290 | Ep:  185 | Steps:   41 | Reward:    24.14
Total T:    4301 | Ep:  186 | Steps:   11 | Reward:     6.83
Total T:    4314 | Ep:  187 | Steps:   13 | Reward:     6.17
Total T:    4323 | Ep:  188 | Steps:    9 | Reward:     5.83
Total T:    4345 | Ep:  189 | Steps:   22 | Reward:    13.42
Total T:    4367 | Ep:  190 | Steps:   22 | Reward:    24.96
Total T:    4388 | Ep:  191 | Steps:   21 | Reward:    15.31
Total T:    4408 | Ep:  192 | Steps:   20 | Reward:    20.89
Total T:    4423 | Ep:  193 | Steps:   15 | Reward:     9.86
Total T:    4437 | Ep:  194 | Steps:   14 | Reward:    12.00
Total T:    4452 | Ep:  195 | Steps:   15 | Reward:    10.25
Total T:    4476 | Ep:  196 | Steps:   24 | Reward:    11.85
Total T:    4508 | Ep:  197 | Steps:   32 | Reward:    16.43
Total T:    4530 | Ep:  198 | Steps:   22 | Reward:    10.37
Total T:    4550 | Ep:  199 | Steps:   20 | Reward:    11.48
Total T:    4563 | Ep:  200 | Steps:   13 | Reward:    11.45
Total T:    4577 | Ep:  201 | Steps:   14 | Reward:     8.18
Total T:    4607 | Ep:  202 | Steps:   30 | Reward:    21.75
Total T:    4626 | Ep:  203 | Steps:   19 | Reward:    17.63
Total T:    4637 | Ep:  204 | Steps:   11 | Reward:     8.79
Total T:    4667 | Ep:  205 | Steps:   30 | Reward:    35.09
Total T:    4689 | Ep:  206 | Steps:   22 | Reward:    11.43
Total T:    4704 | Ep:  207 | Steps:   15 | Reward:    13.30
Total T:    4719 | Ep:  208 | Steps:   15 | Reward:     8.78
Total T:    4732 | Ep:  209 | Steps:   13 | Reward:     9.27
Total T:    4741 | Ep:  210 | Steps:    9 | Reward:     5.33
Total T:    4758 | Ep:  211 | Steps:   17 | Reward:    15.47
Total T:    4775 | Ep:  212 | Steps:   17 | Reward:     9.75
Total T:    4796 | Ep:  213 | Steps:   21 | Reward:    10.82
Total T:    4807 | Ep:  214 | Steps:   11 | Reward:     6.81
Total T:    4830 | Ep:  215 | Steps:   23 | Reward:    21.75
Total T:    4841 | Ep:  216 | Steps:   11 | Reward:     7.53
Total T:    4859 | Ep:  217 | Steps:   18 | Reward:    14.53
Total T:    4875 | Ep:  218 | Steps:   16 | Reward:     6.94
Total T:    4909 | Ep:  219 | Steps:   34 | Reward:    27.87
Total T:    4921 | Ep:  220 | Steps:   12 | Reward:    10.24
Total T:    4949 | Ep:  221 | Steps:   28 | Reward:    37.60
Total T:    4989 | Ep:  222 | Steps:   40 | Reward:    20.38
Total T:    5007 | Ep:  223 | Steps:   18 | Reward:    11.02
Total T:    5018 | Ep:  224 | Steps:   11 | Reward:     8.52
Total T:    5031 | Ep:  225 | Steps:   13 | Reward:     6.85
Total T:    5045 | Ep:  226 | Steps:   14 | Reward:    12.74
Total T:    5060 | Ep:  227 | Steps:   15 | Reward:    10.07
Total T:    5106 | Ep:  228 | Steps:   46 | Reward:    31.39
Total T:    5121 | Ep:  229 | Steps:   15 | Reward:     8.89
Total T:    5164 | Ep:  230 | Steps:   43 | Reward:    21.13
Total T:    5179 | Ep:  231 | Steps:   15 | Reward:    11.32
Total T:    5192 | Ep:  232 | Steps:   13 | Reward:     9.11
Total T:    5241 | Ep:  233 | Steps:   49 | Reward:    47.19
Total T:    5264 | Ep:  234 | Steps:   23 | Reward:     8.25
Total T:    5290 | Ep:  235 | Steps:   26 | Reward:    10.49
Total T:    5310 | Ep:  236 | Steps:   20 | Reward:    18.73
Total T:    5332 | Ep:  237 | Steps:   22 | Reward:    12.05
Total T:    5344 | Ep:  238 | Steps:   12 | Reward:     8.32
Total T:    5357 | Ep:  239 | Steps:   13 | Reward:     7.45
Total T:    5386 | Ep:  240 | Steps:   29 | Reward:    30.33
Total T:    5406 | Ep:  241 | Steps:   20 | Reward:    13.40
Total T:    5462 | Ep:  242 | Steps:   56 | Reward:    45.61
Total T:    5472 | Ep:  243 | Steps:   10 | Reward:     7.68
Total T:    5490 | Ep:  244 | Steps:   18 | Reward:    14.92
Total T:    5502 | Ep:  245 | Steps:   12 | Reward:     8.91
Total T:    5519 | Ep:  246 | Steps:   17 | Reward:    17.45
Total T:    5532 | Ep:  247 | Steps:   13 | Reward:     9.81
Total T:    5545 | Ep:  248 | Steps:   13 | Reward:     9.71
Total T:    5572 | Ep:  249 | Steps:   27 | Reward:    28.93
Total T:    5585 | Ep:  250 | Steps:   13 | Reward:     8.39
Total T:    5595 | Ep:  251 | Steps:   10 | Reward:     8.48
Total T:    5610 | Ep:  252 | Steps:   15 | Reward:     6.95
Total T:    5640 | Ep:  253 | Steps:   30 | Reward:    14.18
Total T:    5657 | Ep:  254 | Steps:   17 | Reward:    12.25
Total T:    5670 | Ep:  255 | Steps:   13 | Reward:    10.28
Total T:    5685 | Ep:  256 | Steps:   15 | Reward:    10.48
Total T:    5714 | Ep:  257 | Steps:   29 | Reward:    10.84
Total T:    5730 | Ep:  258 | Steps:   16 | Reward:    13.99
Total T:    5742 | Ep:  259 | Steps:   12 | Reward:     7.65
Total T:    5758 | Ep:  260 | Steps:   16 | Reward:    10.18
Total T:    5769 | Ep:  261 | Steps:   11 | Reward:     6.38
Total T:    5787 | Ep:  262 | Steps:   18 | Reward:    17.78
Total T:    5798 | Ep:  263 | Steps:   11 | Reward:     8.64
Total T:    5813 | Ep:  264 | Steps:   15 | Reward:     8.19
Total T:    5825 | Ep:  265 | Steps:   12 | Reward:     8.13
Total T:    5849 | Ep:  266 | Steps:   24 | Reward:    11.71
Total T:    5904 | Ep:  267 | Steps:   55 | Reward:    56.30
Total T:    5931 | Ep:  268 | Steps:   27 | Reward:    19.12
Total T:    5961 | Ep:  269 | Steps:   30 | Reward:    14.83
Total T:    5975 | Ep:  270 | Steps:   14 | Reward:    13.00
Total T:    5985 | Ep:  271 | Steps:   10 | Reward:     6.35
Total T:    5999 | Ep:  272 | Steps:   14 | Reward:     9.29
Total T:    6013 | Ep:  273 | Steps:   14 | Reward:    10.28
Total T:    6032 | Ep:  274 | Steps:   19 | Reward:    18.34
Total T:    6058 | Ep:  275 | Steps:   26 | Reward:    13.27
Total T:    6080 | Ep:  276 | Steps:   22 | Reward:    22.40
Total T:    6096 | Ep:  277 | Steps:   16 | Reward:    10.68
Total T:    6111 | Ep:  278 | Steps:   15 | Reward:    11.18
Total T:    6126 | Ep:  279 | Steps:   15 | Reward:    11.71
Total T:    6144 | Ep:  280 | Steps:   18 | Reward:    13.93
Total T:    6163 | Ep:  281 | Steps:   19 | Reward:    10.72
Total T:    6197 | Ep:  282 | Steps:   34 | Reward:     6.36
Total T:    6213 | Ep:  283 | Steps:   16 | Reward:    14.84
Total T:    6227 | Ep:  284 | Steps:   14 | Reward:    12.86
Total T:    6243 | Ep:  285 | Steps:   16 | Reward:    10.61
Total T:    6258 | Ep:  286 | Steps:   15 | Reward:    11.98
Total T:    6292 | Ep:  287 | Steps:   34 | Reward:    20.51
Total T:    6307 | Ep:  288 | Steps:   15 | Reward:    11.36
Total T:    6319 | Ep:  289 | Steps:   12 | Reward:     8.06
Total T:    6341 | Ep:  290 | Steps:   22 | Reward:     8.63
Total T:    6356 | Ep:  291 | Steps:   15 | Reward:    14.33
Total T:    6368 | Ep:  292 | Steps:   12 | Reward:    10.23
Total T:    6391 | Ep:  293 | Steps:   23 | Reward:     9.71
Total T:    6407 | Ep:  294 | Steps:   16 | Reward:    13.66
Total T:    6439 | Ep:  295 | Steps:   32 | Reward:    44.62
Total T:    6454 | Ep:  296 | Steps:   15 | Reward:     9.90
Total T:    6465 | Ep:  297 | Steps:   11 | Reward:     8.70
Total T:    6524 | Ep:  298 | Steps:   59 | Reward:    84.20
Total T:    6539 | Ep:  299 | Steps:   15 | Reward:    10.88
Total T:    6562 | Ep:  300 | Steps:   23 | Reward:    12.14
Total T:    6583 | Ep:  301 | Steps:   21 | Reward:    20.10
Total T:    6598 | Ep:  302 | Steps:   15 | Reward:    11.12
Total T:    6614 | Ep:  303 | Steps:   16 | Reward:     8.38
Total T:    6640 | Ep:  304 | Steps:   26 | Reward:    18.86
Total T:    6662 | Ep:  305 | Steps:   22 | Reward:     7.70
Total T:    6678 | Ep:  306 | Steps:   16 | Reward:     9.95
Total T:    6710 | Ep:  307 | Steps:   32 | Reward:    33.31
Total T:    6729 | Ep:  308 | Steps:   19 | Reward:     7.29
Total T:    6739 | Ep:  309 | Steps:   10 | Reward:     6.57
Total T:    6757 | Ep:  310 | Steps:   18 | Reward:     9.22
Total T:    6769 | Ep:  311 | Steps:   12 | Reward:     8.32
Total T:    6798 | Ep:  312 | Steps:   29 | Reward:    16.79
Total T:    6815 | Ep:  313 | Steps:   17 | Reward:    12.41
Total T:    6850 | Ep:  314 | Steps:   35 | Reward:    12.27
Total T:    6872 | Ep:  315 | Steps:   22 | Reward:    16.62
Total T:    6910 | Ep:  316 | Steps:   38 | Reward:    32.02
Total T:    6940 | Ep:  317 | Steps:   30 | Reward:    25.17
Total T:    6952 | Ep:  318 | Steps:   12 | Reward:     6.97
Total T:    6976 | Ep:  319 | Steps:   24 | Reward:    11.70
Total T:    6995 | Ep:  320 | Steps:   19 | Reward:    11.80
Total T:    7041 | Ep:  321 | Steps:   46 | Reward:    46.70
Total T:    7051 | Ep:  322 | Steps:   10 | Reward:     7.07
Total T:    7097 | Ep:  323 | Steps:   46 | Reward:    71.69
Total T:    7112 | Ep:  324 | Steps:   15 | Reward:    12.80
Total T:    7123 | Ep:  325 | Steps:   11 | Reward:     7.69
Total T:    7142 | Ep:  326 | Steps:   19 | Reward:    12.28
Total T:    7162 | Ep:  327 | Steps:   20 | Reward:    19.48
Total T:    7178 | Ep:  328 | Steps:   16 | Reward:    13.74
Total T:    7198 | Ep:  329 | Steps:   20 | Reward:    12.87
Total T:    7225 | Ep:  330 | Steps:   27 | Reward:    15.07
Total T:    7245 | Ep:  331 | Steps:   20 | Reward:    14.85
Total T:    7259 | Ep:  332 | Steps:   14 | Reward:    10.86
Total T:    7294 | Ep:  333 | Steps:   35 | Reward:    22.42
Total T:    7326 | Ep:  334 | Steps:   32 | Reward:    32.11
Total T:    7346 | Ep:  335 | Steps:   20 | Reward:    24.04
Total T:    7387 | Ep:  336 | Steps:   41 | Reward:    40.13
Total T:    7415 | Ep:  337 | Steps:   28 | Reward:    19.63
Total T:    7425 | Ep:  338 | Steps:   10 | Reward:     6.13
Total T:    7444 | Ep:  339 | Steps:   19 | Reward:    16.08
Total T:    7476 | Ep:  340 | Steps:   32 | Reward:    22.05
Total T:    7495 | Ep:  341 | Steps:   19 | Reward:    10.68
Total T:    7508 | Ep:  342 | Steps:   13 | Reward:     6.60
Total T:    7565 | Ep:  343 | Steps:   57 | Reward:   102.14
Total T:    7591 | Ep:  344 | Steps:   26 | Reward:    13.06
Total T:    7666 | Ep:  345 | Steps:   75 | Reward:    83.50
Total T:    7686 | Ep:  346 | Steps:   20 | Reward:    22.23
Total T:    7701 | Ep:  347 | Steps:   15 | Reward:    13.88
Total T:    7717 | Ep:  348 | Steps:   16 | Reward:    14.21
Total T:    7742 | Ep:  349 | Steps:   25 | Reward:    21.02
Total T:    7777 | Ep:  350 | Steps:   35 | Reward:    35.39
Total T:    7803 | Ep:  351 | Steps:   26 | Reward:     9.56
Total T:    7816 | Ep:  352 | Steps:   13 | Reward:     6.92
Total T:    7838 | Ep:  353 | Steps:   22 | Reward:    16.09
Total T:    7851 | Ep:  354 | Steps:   13 | Reward:    11.42
Total T:    7885 | Ep:  355 | Steps:   34 | Reward:    24.52
Total T:    7899 | Ep:  356 | Steps:   14 | Reward:    10.02
Total T:    7926 | Ep:  357 | Steps:   27 | Reward:    24.99
Total T:    7937 | Ep:  358 | Steps:   11 | Reward:     8.96
Total T:    7964 | Ep:  359 | Steps:   27 | Reward:    29.04
Total T:    7982 | Ep:  360 | Steps:   18 | Reward:    14.61
Total T:    8014 | Ep:  361 | Steps:   32 | Reward:    24.73
Total T:    8045 | Ep:  362 | Steps:   31 | Reward:    31.07
Total T:    8070 | Ep:  363 | Steps:   25 | Reward:    20.26
Total T:    8087 | Ep:  364 | Steps:   17 | Reward:    13.58
Total T:    8102 | Ep:  365 | Steps:   15 | Reward:    14.84
Total T:    8118 | Ep:  366 | Steps:   16 | Reward:    10.02
Total T:    8135 | Ep:  367 | Steps:   17 | Reward:    13.12
Total T:    8185 | Ep:  368 | Steps:   50 | Reward:    72.34
Total T:    8228 | Ep:  369 | Steps:   43 | Reward:    54.21
Total T:    8264 | Ep:  370 | Steps:   36 | Reward:    30.28
Total T:    8274 | Ep:  371 | Steps:   10 | Reward:     4.85
Total T:    8317 | Ep:  372 | Steps:   43 | Reward:    41.72
Total T:    8335 | Ep:  373 | Steps:   18 | Reward:    12.32
Total T:    8351 | Ep:  374 | Steps:   16 | Reward:    12.10
Total T:    8396 | Ep:  375 | Steps:   45 | Reward:    34.64
Total T:    8421 | Ep:  376 | Steps:   25 | Reward:    14.80
Total T:    8470 | Ep:  377 | Steps:   49 | Reward:    51.20
Total T:    8487 | Ep:  378 | Steps:   17 | Reward:    13.22
Total T:    8507 | Ep:  379 | Steps:   20 | Reward:     7.91
Total T:    8527 | Ep:  380 | Steps:   20 | Reward:    20.52
Total T:    8540 | Ep:  381 | Steps:   13 | Reward:     9.84
Total T:    8554 | Ep:  382 | Steps:   14 | Reward:    11.54
Total T:    8578 | Ep:  383 | Steps:   24 | Reward:    17.53
Total T:    8594 | Ep:  384 | Steps:   16 | Reward:    12.53
Total T:    8606 | Ep:  385 | Steps:   12 | Reward:     9.06
Total T:    8638 | Ep:  386 | Steps:   32 | Reward:    21.11
Total T:    8670 | Ep:  387 | Steps:   32 | Reward:    26.30
Total T:    8690 | Ep:  388 | Steps:   20 | Reward:    15.06
Total T:    8702 | Ep:  389 | Steps:   12 | Reward:     8.07
Total T:    8722 | Ep:  390 | Steps:   20 | Reward:    20.80
Total T:    8751 | Ep:  391 | Steps:   29 | Reward:    19.91
Total T:    8769 | Ep:  392 | Steps:   18 | Reward:    19.58
Total T:    8785 | Ep:  393 | Steps:   16 | Reward:     9.59
Total T:    8794 | Ep:  394 | Steps:    9 | Reward:     7.47
Total T:    8816 | Ep:  395 | Steps:   22 | Reward:    10.56
Total T:    8863 | Ep:  396 | Steps:   47 | Reward:    66.59
Total T:    8881 | Ep:  397 | Steps:   18 | Reward:    11.38
Total T:    8898 | Ep:  398 | Steps:   17 | Reward:    11.88
Total T:    8913 | Ep:  399 | Steps:   15 | Reward:    15.37
Total T:    8935 | Ep:  400 | Steps:   22 | Reward:    14.44
Total T:    8953 | Ep:  401 | Steps:   18 | Reward:    11.44
Total T:    8971 | Ep:  402 | Steps:   18 | Reward:    11.17
Total T:    9003 | Ep:  403 | Steps:   32 | Reward:    14.60
Total T:    9031 | Ep:  404 | Steps:   28 | Reward:    24.35
Total T:    9043 | Ep:  405 | Steps:   12 | Reward:     9.42
Total T:    9067 | Ep:  406 | Steps:   24 | Reward:    24.13
Total T:    9089 | Ep:  407 | Steps:   22 | Reward:    18.71
Total T:    9109 | Ep:  408 | Steps:   20 | Reward:     8.25
Total T:    9140 | Ep:  409 | Steps:   31 | Reward:    38.91
Total T:    9160 | Ep:  410 | Steps:   20 | Reward:    16.22
Total T:    9181 | Ep:  411 | Steps:   21 | Reward:    11.56
Total T:    9198 | Ep:  412 | Steps:   17 | Reward:     6.21
Total T:    9220 | Ep:  413 | Steps:   22 | Reward:    13.67
Total T:    9233 | Ep:  414 | Steps:   13 | Reward:     7.56
Total T:    9254 | Ep:  415 | Steps:   21 | Reward:    15.85
Total T:    9266 | Ep:  416 | Steps:   12 | Reward:    10.00
Total T:    9281 | Ep:  417 | Steps:   15 | Reward:     8.80
Total T:    9324 | Ep:  418 | Steps:   43 | Reward:    56.93
Total T:    9367 | Ep:  419 | Steps:   43 | Reward:    13.05
Total T:    9387 | Ep:  420 | Steps:   20 | Reward:    18.23
Total T:    9409 | Ep:  421 | Steps:   22 | Reward:    11.12
Total T:    9420 | Ep:  422 | Steps:   11 | Reward:     9.26
Total T:    9431 | Ep:  423 | Steps:   11 | Reward:     9.46
Total T:    9444 | Ep:  424 | Steps:   13 | Reward:    11.52
Total T:    9461 | Ep:  425 | Steps:   17 | Reward:    12.41
Total T:    9480 | Ep:  426 | Steps:   19 | Reward:    11.87
Total T:    9522 | Ep:  427 | Steps:   42 | Reward:    54.24
Total T:    9536 | Ep:  428 | Steps:   14 | Reward:    13.28
Total T:    9557 | Ep:  429 | Steps:   21 | Reward:    16.00
Total T:    9582 | Ep:  430 | Steps:   25 | Reward:    10.82
Total T:    9601 | Ep:  431 | Steps:   19 | Reward:    20.70
Total T:    9626 | Ep:  432 | Steps:   25 | Reward:    12.67
Total T:    9654 | Ep:  433 | Steps:   28 | Reward:    32.59
Total T:    9675 | Ep:  434 | Steps:   21 | Reward:    26.17
Total T:    9698 | Ep:  435 | Steps:   23 | Reward:     9.34
Total T:    9760 | Ep:  436 | Steps:   62 | Reward:    33.09
Total T:    9793 | Ep:  437 | Steps:   33 | Reward:    26.88
Total T:    9811 | Ep:  438 | Steps:   18 | Reward:    20.31
Total T:    9912 | Ep:  439 | Steps:  101 | Reward:   173.54
Total T:    9934 | Ep:  440 | Steps:   22 | Reward:    17.30
Total T:    9963 | Ep:  441 | Steps:   29 | Reward:    13.14
Total T:    9980 | Ep:  442 | Steps:   17 | Reward:    11.21
---------------------------------------
Evaluation over 10 episodes: 16.129
---------------------------------------
Total T:   10013 | Ep:  443 | Steps:   33 | Reward:    18.56
Total T:   10031 | Ep:  444 | Steps:   18 | Reward:     8.48
Total T:   10046 | Ep:  445 | Steps:   15 | Reward:    10.00
Total T:   10060 | Ep:  446 | Steps:   14 | Reward:    13.12
Total T:   10091 | Ep:  447 | Steps:   31 | Reward:    16.32
Total T:   10122 | Ep:  448 | Steps:   31 | Reward:     8.72
Total T:   10139 | Ep:  449 | Steps:   17 | Reward:    13.07
Total T:   10148 | Ep:  450 | Steps:    9 | Reward:     6.09
Total T:   10164 | Ep:  451 | Steps:   16 | Reward:    16.22
Total T:   10180 | Ep:  452 | Steps:   16 | Reward:     9.11
Total T:   10193 | Ep:  453 | Steps:   13 | Reward:     8.78
Total T:   10212 | Ep:  454 | Steps:   19 | Reward:    17.89
Total T:   10287 | Ep:  455 | Steps:   75 | Reward:   107.24
Total T:   10301 | Ep:  456 | Steps:   14 | Reward:    11.97
Total T:   10322 | Ep:  457 | Steps:   21 | Reward:    19.21
Total T:   10335 | Ep:  458 | Steps:   13 | Reward:     7.20
Total T:   10363 | Ep:  459 | Steps:   28 | Reward:    20.68
Total T:   10378 | Ep:  460 | Steps:   15 | Reward:    11.89
Total T:   10396 | Ep:  461 | Steps:   18 | Reward:    18.22
Total T:   10413 | Ep:  462 | Steps:   17 | Reward:    11.68
Total T:   10427 | Ep:  463 | Steps:   14 | Reward:    14.26
Total T:   10450 | Ep:  464 | Steps:   23 | Reward:    25.65
Total T:   10472 | Ep:  465 | Steps:   22 | Reward:    23.75
Total T:   10485 | Ep:  466 | Steps:   13 | Reward:    10.46
Total T:   10496 | Ep:  467 | Steps:   11 | Reward:     8.72
Total T:   10515 | Ep:  468 | Steps:   19 | Reward:    16.99
Total T:   10530 | Ep:  469 | Steps:   15 | Reward:     9.85
Total T:   10558 | Ep:  470 | Steps:   28 | Reward:    18.93
Total T:   10585 | Ep:  471 | Steps:   27 | Reward:    18.35
Total T:   10618 | Ep:  472 | Steps:   33 | Reward:    17.41
Total T:   10656 | Ep:  473 | Steps:   38 | Reward:    32.36
Total T:   10674 | Ep:  474 | Steps:   18 | Reward:    11.57
Total T:   10686 | Ep:  475 | Steps:   12 | Reward:     6.12
Total T:   10712 | Ep:  476 | Steps:   26 | Reward:    20.10
Total T:   10729 | Ep:  477 | Steps:   17 | Reward:    15.49
Total T:   10754 | Ep:  478 | Steps:   25 | Reward:    26.89
Total T:   10795 | Ep:  479 | Steps:   41 | Reward:    19.43
Total T:   10837 | Ep:  480 | Steps:   42 | Reward:    12.23
Total T:   10849 | Ep:  481 | Steps:   12 | Reward:     9.12
Total T:   10865 | Ep:  482 | Steps:   16 | Reward:    12.35
Total T:   10891 | Ep:  483 | Steps:   26 | Reward:    14.90
Total T:   10912 | Ep:  484 | Steps:   21 | Reward:    17.37
Total T:   10929 | Ep:  485 | Steps:   17 | Reward:     9.77
Total T:   10948 | Ep:  486 | Steps:   19 | Reward:    11.02
Total T:   10971 | Ep:  487 | Steps:   23 | Reward:    11.33
Total T:   11001 | Ep:  488 | Steps:   30 | Reward:    26.02
Total T:   11021 | Ep:  489 | Steps:   20 | Reward:    18.03
Total T:   11047 | Ep:  490 | Steps:   26 | Reward:    18.38
Total T:   11061 | Ep:  491 | Steps:   14 | Reward:     8.19
Total T:   11086 | Ep:  492 | Steps:   25 | Reward:    16.83
Total T:   11110 | Ep:  493 | Steps:   24 | Reward:    20.37
Total T:   11146 | Ep:  494 | Steps:   36 | Reward:    34.71
Total T:   11158 | Ep:  495 | Steps:   12 | Reward:     7.49
Total T:   11170 | Ep:  496 | Steps:   12 | Reward:     8.73
Total T:   11199 | Ep:  497 | Steps:   29 | Reward:    23.81
Total T:   11217 | Ep:  498 | Steps:   18 | Reward:    15.04
Total T:   11258 | Ep:  499 | Steps:   41 | Reward:    24.49
Total T:   11270 | Ep:  500 | Steps:   12 | Reward:    10.11
Total T:   11291 | Ep:  501 | Steps:   21 | Reward:    14.98
Total T:   11310 | Ep:  502 | Steps:   19 | Reward:    12.36
Total T:   11325 | Ep:  503 | Steps:   15 | Reward:     8.62
Total T:   11337 | Ep:  504 | Steps:   12 | Reward:     9.57
Total T:   11355 | Ep:  505 | Steps:   18 | Reward:    15.17
Total T:   11407 | Ep:  506 | Steps:   52 | Reward:    79.58
Total T:   11461 | Ep:  507 | Steps:   54 | Reward:    38.54
Total T:   11475 | Ep:  508 | Steps:   14 | Reward:     9.25
Total T:   11495 | Ep:  509 | Steps:   20 | Reward:    19.96
Total T:   11521 | Ep:  510 | Steps:   26 | Reward:    17.87
Total T:   11546 | Ep:  511 | Steps:   25 | Reward:    15.61
Total T:   11570 | Ep:  512 | Steps:   24 | Reward:    13.22
Total T:   11588 | Ep:  513 | Steps:   18 | Reward:     8.10
Total T:   11604 | Ep:  514 | Steps:   16 | Reward:    11.81
Total T:   11622 | Ep:  515 | Steps:   18 | Reward:    18.54
Total T:   11646 | Ep:  516 | Steps:   24 | Reward:    12.37
Total T:   11659 | Ep:  517 | Steps:   13 | Reward:    10.48
Total T:   11669 | Ep:  518 | Steps:   10 | Reward:     7.21
Total T:   11686 | Ep:  519 | Steps:   17 | Reward:    10.71
Total T:   11699 | Ep:  520 | Steps:   13 | Reward:     8.41
Total T:   11716 | Ep:  521 | Steps:   17 | Reward:     8.14
Total T:   11733 | Ep:  522 | Steps:   17 | Reward:    16.26
Total T:   11749 | Ep:  523 | Steps:   16 | Reward:    11.13
Total T:   11790 | Ep:  524 | Steps:   41 | Reward:    46.09
Total T:   11810 | Ep:  525 | Steps:   20 | Reward:    17.43
Total T:   11831 | Ep:  526 | Steps:   21 | Reward:     7.96
Total T:   11852 | Ep:  527 | Steps:   21 | Reward:    12.82
Total T:   11863 | Ep:  528 | Steps:   11 | Reward:     7.19
Total T:   11874 | Ep:  529 | Steps:   11 | Reward:     7.70
Total T:   11898 | Ep:  530 | Steps:   24 | Reward:    23.29
Total T:   11920 | Ep:  531 | Steps:   22 | Reward:    16.62
Total T:   11933 | Ep:  532 | Steps:   13 | Reward:     9.72
Total T:   11962 | Ep:  533 | Steps:   29 | Reward:    26.84
Total T:   11985 | Ep:  534 | Steps:   23 | Reward:    16.85
Total T:   12008 | Ep:  535 | Steps:   23 | Reward:    26.81
Total T:   12069 | Ep:  536 | Steps:   61 | Reward:   111.74
Total T:   12087 | Ep:  537 | Steps:   18 | Reward:    14.38
Total T:   12098 | Ep:  538 | Steps:   11 | Reward:     9.13
Total T:   12122 | Ep:  539 | Steps:   24 | Reward:    13.86
Total T:   12140 | Ep:  540 | Steps:   18 | Reward:    15.27
Total T:   12192 | Ep:  541 | Steps:   52 | Reward:    51.91
Total T:   12209 | Ep:  542 | Steps:   17 | Reward:    16.29
Total T:   12230 | Ep:  543 | Steps:   21 | Reward:    18.14
Total T:   12265 | Ep:  544 | Steps:   35 | Reward:    48.10
Total T:   12299 | Ep:  545 | Steps:   34 | Reward:    36.23
Total T:   12323 | Ep:  546 | Steps:   24 | Reward:    15.83
Total T:   12358 | Ep:  547 | Steps:   35 | Reward:    34.83
Total T:   12378 | Ep:  548 | Steps:   20 | Reward:    15.62
Total T:   12394 | Ep:  549 | Steps:   16 | Reward:    14.69
Total T:   12409 | Ep:  550 | Steps:   15 | Reward:     9.43
Total T:   12427 | Ep:  551 | Steps:   18 | Reward:    11.25
Total T:   12444 | Ep:  552 | Steps:   17 | Reward:    16.21
Total T:   12469 | Ep:  553 | Steps:   25 | Reward:    13.36
Total T:   12558 | Ep:  554 | Steps:   89 | Reward:    98.57
Total T:   12587 | Ep:  555 | Steps:   29 | Reward:    33.24
Total T:   12608 | Ep:  556 | Steps:   21 | Reward:    22.02
Total T:   12631 | Ep:  557 | Steps:   23 | Reward:    21.47
Total T:   12643 | Ep:  558 | Steps:   12 | Reward:     7.76
Total T:   12656 | Ep:  559 | Steps:   13 | Reward:     8.96
Total T:   12671 | Ep:  560 | Steps:   15 | Reward:    12.43
Total T:   12694 | Ep:  561 | Steps:   23 | Reward:    15.58
Total T:   12714 | Ep:  562 | Steps:   20 | Reward:    18.83
Total T:   12729 | Ep:  563 | Steps:   15 | Reward:    14.31
Total T:   12761 | Ep:  564 | Steps:   32 | Reward:    34.19
Total T:   12778 | Ep:  565 | Steps:   17 | Reward:    16.43
Total T:   12802 | Ep:  566 | Steps:   24 | Reward:    28.91
Total T:   12815 | Ep:  567 | Steps:   13 | Reward:     7.41
Total T:   12835 | Ep:  568 | Steps:   20 | Reward:    14.33
Total T:   12855 | Ep:  569 | Steps:   20 | Reward:    19.64
Total T:   12882 | Ep:  570 | Steps:   27 | Reward:    23.95
Total T:   12898 | Ep:  571 | Steps:   16 | Reward:    11.78
Total T:   12911 | Ep:  572 | Steps:   13 | Reward:     9.05
Total T:   12933 | Ep:  573 | Steps:   22 | Reward:    24.04
Total T:   12945 | Ep:  574 | Steps:   12 | Reward:     6.58
Total T:   13035 | Ep:  575 | Steps:   90 | Reward:   139.12
Total T:   13054 | Ep:  576 | Steps:   19 | Reward:    15.23
Total T:   13078 | Ep:  577 | Steps:   24 | Reward:    31.64
Total T:   13104 | Ep:  578 | Steps:   26 | Reward:    28.42
Total T:   13138 | Ep:  579 | Steps:   34 | Reward:    28.59
Total T:   13160 | Ep:  580 | Steps:   22 | Reward:    23.54
Total T:   13179 | Ep:  581 | Steps:   19 | Reward:    19.52
Total T:   13204 | Ep:  582 | Steps:   25 | Reward:    24.52
Total T:   13232 | Ep:  583 | Steps:   28 | Reward:    12.58
Total T:   13253 | Ep:  584 | Steps:   21 | Reward:    23.27
Total T:   13267 | Ep:  585 | Steps:   14 | Reward:    12.50
Total T:   13278 | Ep:  586 | Steps:   11 | Reward:     9.57
Total T:   13302 | Ep:  587 | Steps:   24 | Reward:    15.01
Total T:   13338 | Ep:  588 | Steps:   36 | Reward:    34.66
Total T:   13362 | Ep:  589 | Steps:   24 | Reward:    15.82
Total T:   13392 | Ep:  590 | Steps:   30 | Reward:    22.93
Total T:   13417 | Ep:  591 | Steps:   25 | Reward:    22.03
Total T:   13463 | Ep:  592 | Steps:   46 | Reward:    46.22
Total T:   13481 | Ep:  593 | Steps:   18 | Reward:    15.92
Total T:   13496 | Ep:  594 | Steps:   15 | Reward:    11.45
Total T:   13511 | Ep:  595 | Steps:   15 | Reward:    11.73
Total T:   13526 | Ep:  596 | Steps:   15 | Reward:    10.77
Total T:   13547 | Ep:  597 | Steps:   21 | Reward:    21.85
Total T:   13563 | Ep:  598 | Steps:   16 | Reward:    16.54
Total T:   13581 | Ep:  599 | Steps:   18 | Reward:    17.33
Total T:   13607 | Ep:  600 | Steps:   26 | Reward:    29.25
Total T:   13637 | Ep:  601 | Steps:   30 | Reward:    31.95
Total T:   13672 | Ep:  602 | Steps:   35 | Reward:    31.27
Total T:   13697 | Ep:  603 | Steps:   25 | Reward:    15.17
Total T:   13726 | Ep:  604 | Steps:   29 | Reward:    19.76
Total T:   13742 | Ep:  605 | Steps:   16 | Reward:    12.44
Total T:   13756 | Ep:  606 | Steps:   14 | Reward:     7.75
Total T:   13771 | Ep:  607 | Steps:   15 | Reward:     8.24
Total T:   13786 | Ep:  608 | Steps:   15 | Reward:     8.84
Total T:   13806 | Ep:  609 | Steps:   20 | Reward:    10.86
Total T:   13816 | Ep:  610 | Steps:   10 | Reward:     6.67
Total T:   13884 | Ep:  611 | Steps:   68 | Reward:    53.58
Total T:   13898 | Ep:  612 | Steps:   14 | Reward:    12.43
Total T:   13907 | Ep:  613 | Steps:    9 | Reward:     7.27
Total T:   13925 | Ep:  614 | Steps:   18 | Reward:    18.03
Total T:   13934 | Ep:  615 | Steps:    9 | Reward:     7.09
Total T:   13984 | Ep:  616 | Steps:   50 | Reward:    77.10
Total T:   13996 | Ep:  617 | Steps:   12 | Reward:     8.71
Total T:   14011 | Ep:  618 | Steps:   15 | Reward:    11.63
Total T:   14023 | Ep:  619 | Steps:   12 | Reward:     8.95
Total T:   14049 | Ep:  620 | Steps:   26 | Reward:    14.57
Total T:   14071 | Ep:  621 | Steps:   22 | Reward:    14.00
Total T:   14091 | Ep:  622 | Steps:   20 | Reward:    15.40
Total T:   14112 | Ep:  623 | Steps:   21 | Reward:    14.71
Total T:   14175 | Ep:  624 | Steps:   63 | Reward:    47.25
Total T:   14201 | Ep:  625 | Steps:   26 | Reward:    23.66
Total T:   14219 | Ep:  626 | Steps:   18 | Reward:    15.64
Total T:   14234 | Ep:  627 | Steps:   15 | Reward:    13.83
Total T:   14244 | Ep:  628 | Steps:   10 | Reward:     7.27
Total T:   14276 | Ep:  629 | Steps:   32 | Reward:    21.66
Total T:   14296 | Ep:  630 | Steps:   20 | Reward:    23.21
Total T:   14336 | Ep:  631 | Steps:   40 | Reward:    50.06
Total T:   14355 | Ep:  632 | Steps:   19 | Reward:     9.48
Total T:   14368 | Ep:  633 | Steps:   13 | Reward:     9.99
Total T:   14380 | Ep:  634 | Steps:   12 | Reward:    10.08
Total T:   14393 | Ep:  635 | Steps:   13 | Reward:    10.88
Total T:   14415 | Ep:  636 | Steps:   22 | Reward:    19.02
Total T:   14435 | Ep:  637 | Steps:   20 | Reward:    16.12
Total T:   14450 | Ep:  638 | Steps:   15 | Reward:     7.62
Total T:   14474 | Ep:  639 | Steps:   24 | Reward:    13.63
Total T:   14490 | Ep:  640 | Steps:   16 | Reward:    17.29
Total T:   14515 | Ep:  641 | Steps:   25 | Reward:    20.67
Total T:   14525 | Ep:  642 | Steps:   10 | Reward:     5.77
Total T:   14541 | Ep:  643 | Steps:   16 | Reward:    14.18
Total T:   14562 | Ep:  644 | Steps:   21 | Reward:    11.86
Total T:   14572 | Ep:  645 | Steps:   10 | Reward:     8.08
Total T:   14593 | Ep:  646 | Steps:   21 | Reward:    20.91
Total T:   14626 | Ep:  647 | Steps:   33 | Reward:    30.78
Total T:   14642 | Ep:  648 | Steps:   16 | Reward:    11.79
Total T:   14653 | Ep:  649 | Steps:   11 | Reward:     6.79
Total T:   14687 | Ep:  650 | Steps:   34 | Reward:    14.80
Total T:   14697 | Ep:  651 | Steps:   10 | Reward:     7.51
Total T:   14744 | Ep:  652 | Steps:   47 | Reward:    47.06
Total T:   14793 | Ep:  653 | Steps:   49 | Reward:    78.01
Total T:   14812 | Ep:  654 | Steps:   19 | Reward:    18.04
Total T:   14826 | Ep:  655 | Steps:   14 | Reward:    13.90
Total T:   14879 | Ep:  656 | Steps:   53 | Reward:    82.16
Total T:   14893 | Ep:  657 | Steps:   14 | Reward:    10.25
Total T:   14905 | Ep:  658 | Steps:   12 | Reward:    10.26
Total T:   14920 | Ep:  659 | Steps:   15 | Reward:    10.69
Total T:   14939 | Ep:  660 | Steps:   19 | Reward:    19.55
Total T:   14960 | Ep:  661 | Steps:   21 | Reward:    15.64
Total T:   14979 | Ep:  662 | Steps:   19 | Reward:    11.11
Total T:   15009 | Ep:  663 | Steps:   30 | Reward:    19.02
Total T:   15038 | Ep:  664 | Steps:   29 | Reward:    33.41
Total T:   15054 | Ep:  665 | Steps:   16 | Reward:     9.83
Total T:   15104 | Ep:  666 | Steps:   50 | Reward:    43.36
Total T:   15114 | Ep:  667 | Steps:   10 | Reward:     7.59
Total T:   15148 | Ep:  668 | Steps:   34 | Reward:    33.13
Total T:   15158 | Ep:  669 | Steps:   10 | Reward:     5.55
Total T:   15170 | Ep:  670 | Steps:   12 | Reward:     9.05
Total T:   15198 | Ep:  671 | Steps:   28 | Reward:    11.82
Total T:   15211 | Ep:  672 | Steps:   13 | Reward:     6.80
Total T:   15228 | Ep:  673 | Steps:   17 | Reward:    10.86
Total T:   15253 | Ep:  674 | Steps:   25 | Reward:    18.37
Total T:   15262 | Ep:  675 | Steps:    9 | Reward:     7.21
Total T:   15272 | Ep:  676 | Steps:   10 | Reward:     6.36
Total T:   15287 | Ep:  677 | Steps:   15 | Reward:     7.47
Total T:   15301 | Ep:  678 | Steps:   14 | Reward:     9.25
Total T:   15309 | Ep:  679 | Steps:    8 | Reward:     4.71
Total T:   15326 | Ep:  680 | Steps:   17 | Reward:    14.43
Total T:   15343 | Ep:  681 | Steps:   17 | Reward:    18.52
Total T:   15358 | Ep:  682 | Steps:   15 | Reward:    11.37
Total T:   15381 | Ep:  683 | Steps:   23 | Reward:    24.70
Total T:   15391 | Ep:  684 | Steps:   10 | Reward:     7.05
Total T:   15404 | Ep:  685 | Steps:   13 | Reward:     9.31
Total T:   15422 | Ep:  686 | Steps:   18 | Reward:    12.53
Total T:   15439 | Ep:  687 | Steps:   17 | Reward:    13.50
Total T:   15460 | Ep:  688 | Steps:   21 | Reward:    10.74
Total T:   15476 | Ep:  689 | Steps:   16 | Reward:     9.99
Total T:   15506 | Ep:  690 | Steps:   30 | Reward:    17.28
Total T:   15525 | Ep:  691 | Steps:   19 | Reward:    21.40
Total T:   15560 | Ep:  692 | Steps:   35 | Reward:    34.18
Total T:   15573 | Ep:  693 | Steps:   13 | Reward:     9.82
Total T:   15623 | Ep:  694 | Steps:   50 | Reward:    47.09
Total T:   15648 | Ep:  695 | Steps:   25 | Reward:    11.64
Total T:   15665 | Ep:  696 | Steps:   17 | Reward:    13.28
Total T:   15678 | Ep:  697 | Steps:   13 | Reward:    10.55
Total T:   15690 | Ep:  698 | Steps:   12 | Reward:     9.42
Total T:   15707 | Ep:  699 | Steps:   17 | Reward:    10.48
Total T:   15733 | Ep:  700 | Steps:   26 | Reward:     9.43
Total T:   15747 | Ep:  701 | Steps:   14 | Reward:    11.86
Total T:   15760 | Ep:  702 | Steps:   13 | Reward:     6.94
Total T:   15781 | Ep:  703 | Steps:   21 | Reward:    16.68
Total T:   15817 | Ep:  704 | Steps:   36 | Reward:    34.93
Total T:   15838 | Ep:  705 | Steps:   21 | Reward:    17.66
Total T:   15867 | Ep:  706 | Steps:   29 | Reward:    11.17
Total T:   15885 | Ep:  707 | Steps:   18 | Reward:    13.44
Total T:   15897 | Ep:  708 | Steps:   12 | Reward:    10.23
Total T:   15965 | Ep:  709 | Steps:   68 | Reward:    82.44
Total T:   15987 | Ep:  710 | Steps:   22 | Reward:    14.41
Total T:   15999 | Ep:  711 | Steps:   12 | Reward:     7.33
Total T:   16027 | Ep:  712 | Steps:   28 | Reward:    19.28
Total T:   16053 | Ep:  713 | Steps:   26 | Reward:    24.18
Total T:   16062 | Ep:  714 | Steps:    9 | Reward:     7.04
Total T:   16074 | Ep:  715 | Steps:   12 | Reward:     9.69
Total T:   16120 | Ep:  716 | Steps:   46 | Reward:    65.49
Total T:   16130 | Ep:  717 | Steps:   10 | Reward:     8.21
Total T:   16171 | Ep:  718 | Steps:   41 | Reward:    33.74
Total T:   16194 | Ep:  719 | Steps:   23 | Reward:    20.00
Total T:   16207 | Ep:  720 | Steps:   13 | Reward:     8.32
Total T:   16242 | Ep:  721 | Steps:   35 | Reward:     9.99
Total T:   16286 | Ep:  722 | Steps:   44 | Reward:    27.78
Total T:   16301 | Ep:  723 | Steps:   15 | Reward:     8.88
Total T:   16339 | Ep:  724 | Steps:   38 | Reward:    12.85
Total T:   16354 | Ep:  725 | Steps:   15 | Reward:    12.60
Total T:   16403 | Ep:  726 | Steps:   49 | Reward:    33.35
Total T:   16507 | Ep:  727 | Steps:  104 | Reward:   221.51
Total T:   16522 | Ep:  728 | Steps:   15 | Reward:    11.00
Total T:   16573 | Ep:  729 | Steps:   51 | Reward:    46.89
Total T:   16595 | Ep:  730 | Steps:   22 | Reward:    26.22
Total T:   16604 | Ep:  731 | Steps:    9 | Reward:     5.78
Total T:   16616 | Ep:  732 | Steps:   12 | Reward:    10.89
Total T:   16624 | Ep:  733 | Steps:    8 | Reward:     6.11
Total T:   16636 | Ep:  734 | Steps:   12 | Reward:     7.69
Total T:   16655 | Ep:  735 | Steps:   19 | Reward:    10.34
Total T:   16673 | Ep:  736 | Steps:   18 | Reward:    12.31
Total T:   16699 | Ep:  737 | Steps:   26 | Reward:    20.28
Total T:   16718 | Ep:  738 | Steps:   19 | Reward:    19.13
Total T:   16755 | Ep:  739 | Steps:   37 | Reward:    50.03
Total T:   16770 | Ep:  740 | Steps:   15 | Reward:    12.10
Total T:   16794 | Ep:  741 | Steps:   24 | Reward:    26.44
Total T:   16809 | Ep:  742 | Steps:   15 | Reward:    11.31
Total T:   16837 | Ep:  743 | Steps:   28 | Reward:    26.96
Total T:   16856 | Ep:  744 | Steps:   19 | Reward:    15.11
Total T:   16880 | Ep:  745 | Steps:   24 | Reward:    22.44
Total T:   16894 | Ep:  746 | Steps:   14 | Reward:    13.20
Total T:   16914 | Ep:  747 | Steps:   20 | Reward:     8.92
Total T:   16940 | Ep:  748 | Steps:   26 | Reward:    17.49
Total T:   16958 | Ep:  749 | Steps:   18 | Reward:    18.62
Total T:   16987 | Ep:  750 | Steps:   29 | Reward:    14.59
Total T:   17001 | Ep:  751 | Steps:   14 | Reward:     9.33
Total T:   17019 | Ep:  752 | Steps:   18 | Reward:    11.63
Total T:   17041 | Ep:  753 | Steps:   22 | Reward:    17.44
Total T:   17051 | Ep:  754 | Steps:   10 | Reward:     7.12
Total T:   17061 | Ep:  755 | Steps:   10 | Reward:     8.77
Total T:   17115 | Ep:  756 | Steps:   54 | Reward:    59.50
Total T:   17145 | Ep:  757 | Steps:   30 | Reward:    19.29
Total T:   17165 | Ep:  758 | Steps:   20 | Reward:    23.10
Total T:   17184 | Ep:  759 | Steps:   19 | Reward:    16.95
Total T:   17197 | Ep:  760 | Steps:   13 | Reward:    10.74
Total T:   17217 | Ep:  761 | Steps:   20 | Reward:    16.55
Total T:   17233 | Ep:  762 | Steps:   16 | Reward:    15.18
Total T:   17304 | Ep:  763 | Steps:   71 | Reward:    89.22
Total T:   17315 | Ep:  764 | Steps:   11 | Reward:     9.31
Total T:   17323 | Ep:  765 | Steps:    8 | Reward:     4.84
Total T:   17337 | Ep:  766 | Steps:   14 | Reward:    10.70
Total T:   17356 | Ep:  767 | Steps:   19 | Reward:    17.72
Total T:   17382 | Ep:  768 | Steps:   26 | Reward:    14.74
Total T:   17404 | Ep:  769 | Steps:   22 | Reward:    12.74
Total T:   17431 | Ep:  770 | Steps:   27 | Reward:    12.44
Total T:   17444 | Ep:  771 | Steps:   13 | Reward:    10.22
Total T:   17462 | Ep:  772 | Steps:   18 | Reward:    10.65
Total T:   17472 | Ep:  773 | Steps:   10 | Reward:     6.04
Total T:   17490 | Ep:  774 | Steps:   18 | Reward:     6.17
Total T:   17503 | Ep:  775 | Steps:   13 | Reward:     7.17
Total T:   17523 | Ep:  776 | Steps:   20 | Reward:    20.25
Total T:   17583 | Ep:  777 | Steps:   60 | Reward:    61.88
Total T:   17598 | Ep:  778 | Steps:   15 | Reward:    13.93
Total T:   17609 | Ep:  779 | Steps:   11 | Reward:     9.53
Total T:   17625 | Ep:  780 | Steps:   16 | Reward:    16.13
Total T:   17638 | Ep:  781 | Steps:   13 | Reward:     9.13
Total T:   17655 | Ep:  782 | Steps:   17 | Reward:    12.39
Total T:   17667 | Ep:  783 | Steps:   12 | Reward:     9.84
Total T:   17686 | Ep:  784 | Steps:   19 | Reward:    15.22
Total T:   17715 | Ep:  785 | Steps:   29 | Reward:    16.83
Total T:   17732 | Ep:  786 | Steps:   17 | Reward:    14.66
Total T:   17753 | Ep:  787 | Steps:   21 | Reward:    20.46
Total T:   17812 | Ep:  788 | Steps:   59 | Reward:    85.13
Total T:   17841 | Ep:  789 | Steps:   29 | Reward:    21.34
Total T:   17870 | Ep:  790 | Steps:   29 | Reward:    19.61
Total T:   17888 | Ep:  791 | Steps:   18 | Reward:    15.21
Total T:   17906 | Ep:  792 | Steps:   18 | Reward:    14.61
Total T:   17922 | Ep:  793 | Steps:   16 | Reward:    10.82
Total T:   17940 | Ep:  794 | Steps:   18 | Reward:    15.22
Total T:   17970 | Ep:  795 | Steps:   30 | Reward:    21.71
Total T:   18002 | Ep:  796 | Steps:   32 | Reward:    18.75
Total T:   18021 | Ep:  797 | Steps:   19 | Reward:    19.36
Total T:   18035 | Ep:  798 | Steps:   14 | Reward:     6.90
Total T:   18048 | Ep:  799 | Steps:   13 | Reward:    12.75
Total T:   18058 | Ep:  800 | Steps:   10 | Reward:     7.93
Total T:   18110 | Ep:  801 | Steps:   52 | Reward:    60.57
Total T:   18141 | Ep:  802 | Steps:   31 | Reward:    44.27
Total T:   18153 | Ep:  803 | Steps:   12 | Reward:    10.14
Total T:   18167 | Ep:  804 | Steps:   14 | Reward:     8.79
Total T:   18183 | Ep:  805 | Steps:   16 | Reward:    14.96
Total T:   18204 | Ep:  806 | Steps:   21 | Reward:    17.32
Total T:   18217 | Ep:  807 | Steps:   13 | Reward:     9.59
Total T:   18230 | Ep:  808 | Steps:   13 | Reward:     9.29
Total T:   18259 | Ep:  809 | Steps:   29 | Reward:    26.22
Total T:   18272 | Ep:  810 | Steps:   13 | Reward:    11.75
Total T:   18295 | Ep:  811 | Steps:   23 | Reward:    16.72
Total T:   18320 | Ep:  812 | Steps:   25 | Reward:    16.46
Total T:   18330 | Ep:  813 | Steps:   10 | Reward:     5.26
Total T:   18345 | Ep:  814 | Steps:   15 | Reward:    11.09
Total T:   18359 | Ep:  815 | Steps:   14 | Reward:    13.10
Total T:   18371 | Ep:  816 | Steps:   12 | Reward:     8.17
Total T:   18388 | Ep:  817 | Steps:   17 | Reward:    16.56
Total T:   18422 | Ep:  818 | Steps:   34 | Reward:    18.63
Total T:   18437 | Ep:  819 | Steps:   15 | Reward:    11.00
Total T:   18450 | Ep:  820 | Steps:   13 | Reward:    11.14
Total T:   18459 | Ep:  821 | Steps:    9 | Reward:     6.26
Total T:   18472 | Ep:  822 | Steps:   13 | Reward:    10.91
Total T:   18488 | Ep:  823 | Steps:   16 | Reward:     8.42
Total T:   18502 | Ep:  824 | Steps:   14 | Reward:    10.70
Total T:   18517 | Ep:  825 | Steps:   15 | Reward:    12.63
Total T:   18553 | Ep:  826 | Steps:   36 | Reward:    55.45
Total T:   18580 | Ep:  827 | Steps:   27 | Reward:    17.42
Total T:   18610 | Ep:  828 | Steps:   30 | Reward:    20.84
Total T:   18631 | Ep:  829 | Steps:   21 | Reward:    24.59
Total T:   18655 | Ep:  830 | Steps:   24 | Reward:    11.15
Total T:   18675 | Ep:  831 | Steps:   20 | Reward:    18.16
Total T:   18711 | Ep:  832 | Steps:   36 | Reward:    28.24
Total T:   18733 | Ep:  833 | Steps:   22 | Reward:    23.78
Total T:   18749 | Ep:  834 | Steps:   16 | Reward:    14.41
Total T:   18759 | Ep:  835 | Steps:   10 | Reward:     7.21
Total T:   18778 | Ep:  836 | Steps:   19 | Reward:    10.88
Total T:   18793 | Ep:  837 | Steps:   15 | Reward:    15.74
Total T:   18809 | Ep:  838 | Steps:   16 | Reward:     9.16
Total T:   18830 | Ep:  839 | Steps:   21 | Reward:    20.45
Total T:   18858 | Ep:  840 | Steps:   28 | Reward:    15.04
Total T:   18884 | Ep:  841 | Steps:   26 | Reward:    15.20
Total T:   18913 | Ep:  842 | Steps:   29 | Reward:    13.34
Total T:   18966 | Ep:  843 | Steps:   53 | Reward:    67.32
Total T:   18992 | Ep:  844 | Steps:   26 | Reward:    17.85
Total T:   19014 | Ep:  845 | Steps:   22 | Reward:    17.81
Total T:   19039 | Ep:  846 | Steps:   25 | Reward:    21.75
Total T:   19061 | Ep:  847 | Steps:   22 | Reward:    19.10
Total T:   19075 | Ep:  848 | Steps:   14 | Reward:     7.73
Total T:   19087 | Ep:  849 | Steps:   12 | Reward:     9.55
Total T:   19108 | Ep:  850 | Steps:   21 | Reward:    12.70
Total T:   19119 | Ep:  851 | Steps:   11 | Reward:     7.53
Total T:   19132 | Ep:  852 | Steps:   13 | Reward:    10.47
Total T:   19147 | Ep:  853 | Steps:   15 | Reward:    11.86
Total T:   19165 | Ep:  854 | Steps:   18 | Reward:    14.86
Total T:   19180 | Ep:  855 | Steps:   15 | Reward:    13.36
Total T:   19194 | Ep:  856 | Steps:   14 | Reward:    10.39
Total T:   19204 | Ep:  857 | Steps:   10 | Reward:     7.90
Total T:   19224 | Ep:  858 | Steps:   20 | Reward:    16.35
Total T:   19252 | Ep:  859 | Steps:   28 | Reward:    25.13
Total T:   19318 | Ep:  860 | Steps:   66 | Reward:   120.81
Total T:   19330 | Ep:  861 | Steps:   12 | Reward:     8.61
Total T:   19344 | Ep:  862 | Steps:   14 | Reward:    12.09
Total T:   19360 | Ep:  863 | Steps:   16 | Reward:    11.83
Total T:   19373 | Ep:  864 | Steps:   13 | Reward:    10.32
Total T:   19396 | Ep:  865 | Steps:   23 | Reward:    16.25
Total T:   19405 | Ep:  866 | Steps:    9 | Reward:     6.20
Total T:   19426 | Ep:  867 | Steps:   21 | Reward:    14.60
Total T:   19439 | Ep:  868 | Steps:   13 | Reward:    11.73
Total T:   19453 | Ep:  869 | Steps:   14 | Reward:    11.62
Total T:   19480 | Ep:  870 | Steps:   27 | Reward:    19.94
Total T:   19492 | Ep:  871 | Steps:   12 | Reward:     9.58
Total T:   19518 | Ep:  872 | Steps:   26 | Reward:    12.03
Total T:   19532 | Ep:  873 | Steps:   14 | Reward:     6.62
Total T:   19547 | Ep:  874 | Steps:   15 | Reward:    11.06
Total T:   19584 | Ep:  875 | Steps:   37 | Reward:    13.71
Total T:   19612 | Ep:  876 | Steps:   28 | Reward:    18.56
Total T:   19621 | Ep:  877 | Steps:    9 | Reward:     7.76
Total T:   19643 | Ep:  878 | Steps:   22 | Reward:    17.68
Total T:   19656 | Ep:  879 | Steps:   13 | Reward:     9.75
Total T:   19670 | Ep:  880 | Steps:   14 | Reward:    11.20
Total T:   19685 | Ep:  881 | Steps:   15 | Reward:    13.57
Total T:   19734 | Ep:  882 | Steps:   49 | Reward:    72.23
Total T:   19748 | Ep:  883 | Steps:   14 | Reward:     9.98
Total T:   19765 | Ep:  884 | Steps:   17 | Reward:    15.98
Total T:   19778 | Ep:  885 | Steps:   13 | Reward:     9.82
Total T:   19806 | Ep:  886 | Steps:   28 | Reward:    17.57
Total T:   19864 | Ep:  887 | Steps:   58 | Reward:    67.66
Total T:   19874 | Ep:  888 | Steps:   10 | Reward:     8.54
Total T:   19905 | Ep:  889 | Steps:   31 | Reward:    15.66
Total T:   19929 | Ep:  890 | Steps:   24 | Reward:    24.46
Total T:   19951 | Ep:  891 | Steps:   22 | Reward:    26.36
Total T:   19993 | Ep:  892 | Steps:   42 | Reward:    31.69
---------------------------------------
Evaluation over 10 episodes: 16.029
---------------------------------------
Total T:   20008 | Ep:  893 | Steps:   15 | Reward:    10.62
Total T:   20027 | Ep:  894 | Steps:   19 | Reward:    13.91
Total T:   20039 | Ep:  895 | Steps:   12 | Reward:     9.85
Total T:   20066 | Ep:  896 | Steps:   27 | Reward:    29.61
Total T:   20094 | Ep:  897 | Steps:   28 | Reward:    17.87
Total T:   20121 | Ep:  898 | Steps:   27 | Reward:    26.09
Total T:   20146 | Ep:  899 | Steps:   25 | Reward:    14.66
Total T:   20166 | Ep:  900 | Steps:   20 | Reward:    12.37
Total T:   20200 | Ep:  901 | Steps:   34 | Reward:    31.19
Total T:   20213 | Ep:  902 | Steps:   13 | Reward:    11.28
Total T:   20221 | Ep:  903 | Steps:    8 | Reward:     5.89
Total T:   20252 | Ep:  904 | Steps:   31 | Reward:    29.47
Total T:   20284 | Ep:  905 | Steps:   32 | Reward:    17.33
Total T:   20311 | Ep:  906 | Steps:   27 | Reward:    19.41
Total T:   20383 | Ep:  907 | Steps:   72 | Reward:    47.79
Total T:   20506 | Ep:  908 | Steps:  123 | Reward:   108.15
Total T:   20525 | Ep:  909 | Steps:   19 | Reward:    17.21
Total T:   20583 | Ep:  910 | Steps:   58 | Reward:    72.61
Total T:   20594 | Ep:  911 | Steps:   11 | Reward:     8.21
Total T:   20618 | Ep:  912 | Steps:   24 | Reward:    18.86
Total T:   20639 | Ep:  913 | Steps:   21 | Reward:    17.72
Total T:   20652 | Ep:  914 | Steps:   13 | Reward:     8.43
Total T:   20667 | Ep:  915 | Steps:   15 | Reward:    10.06
Total T:   20699 | Ep:  916 | Steps:   32 | Reward:    16.70
Total T:   20718 | Ep:  917 | Steps:   19 | Reward:    15.67
Total T:   20733 | Ep:  918 | Steps:   15 | Reward:     8.00
Total T:   20781 | Ep:  919 | Steps:   48 | Reward:    70.02
Total T:   20791 | Ep:  920 | Steps:   10 | Reward:     6.63
Total T:   20803 | Ep:  921 | Steps:   12 | Reward:     9.54
Total T:   20844 | Ep:  922 | Steps:   41 | Reward:    26.01
Total T:   20863 | Ep:  923 | Steps:   19 | Reward:    19.74
Total T:   20889 | Ep:  924 | Steps:   26 | Reward:    21.80
Total T:   20907 | Ep:  925 | Steps:   18 | Reward:    10.01
Total T:   20923 | Ep:  926 | Steps:   16 | Reward:    12.93
Total T:   20945 | Ep:  927 | Steps:   22 | Reward:    11.23
Total T:   20965 | Ep:  928 | Steps:   20 | Reward:    14.80
Total T:   20978 | Ep:  929 | Steps:   13 | Reward:     9.11
Total T:   20994 | Ep:  930 | Steps:   16 | Reward:    12.89
Total T:   21005 | Ep:  931 | Steps:   11 | Reward:     7.38
Total T:   21016 | Ep:  932 | Steps:   11 | Reward:     6.87
Total T:   21043 | Ep:  933 | Steps:   27 | Reward:    26.06
Total T:   21068 | Ep:  934 | Steps:   25 | Reward:    13.62
Total T:   21087 | Ep:  935 | Steps:   19 | Reward:    14.01
Total T:   21112 | Ep:  936 | Steps:   25 | Reward:    29.39
Total T:   21150 | Ep:  937 | Steps:   38 | Reward:    22.23
Total T:   21166 | Ep:  938 | Steps:   16 | Reward:    11.88
Total T:   21212 | Ep:  939 | Steps:   46 | Reward:    22.21
Total T:   21225 | Ep:  940 | Steps:   13 | Reward:    10.89
Total T:   21243 | Ep:  941 | Steps:   18 | Reward:    14.32
Total T:   21301 | Ep:  942 | Steps:   58 | Reward:    51.47
Total T:   21313 | Ep:  943 | Steps:   12 | Reward:    10.47
Total T:   21338 | Ep:  944 | Steps:   25 | Reward:    26.58
Total T:   21359 | Ep:  945 | Steps:   21 | Reward:    20.12
Total T:   21372 | Ep:  946 | Steps:   13 | Reward:    10.63
Total T:   21387 | Ep:  947 | Steps:   15 | Reward:     7.03
Total T:   21408 | Ep:  948 | Steps:   21 | Reward:    23.77
Total T:   21424 | Ep:  949 | Steps:   16 | Reward:    12.19
Total T:   21437 | Ep:  950 | Steps:   13 | Reward:    10.24
Total T:   21484 | Ep:  951 | Steps:   47 | Reward:    53.03
Total T:   21507 | Ep:  952 | Steps:   23 | Reward:    15.42
Total T:   21547 | Ep:  953 | Steps:   40 | Reward:    37.50
Total T:   21565 | Ep:  954 | Steps:   18 | Reward:    11.85
Total T:   21593 | Ep:  955 | Steps:   28 | Reward:    19.66
Total T:   21609 | Ep:  956 | Steps:   16 | Reward:     8.23
Total T:   21631 | Ep:  957 | Steps:   22 | Reward:    18.09
Total T:   21655 | Ep:  958 | Steps:   24 | Reward:    14.16
Total T:   21697 | Ep:  959 | Steps:   42 | Reward:    44.22
Total T:   21719 | Ep:  960 | Steps:   22 | Reward:    11.93
Total T:   21741 | Ep:  961 | Steps:   22 | Reward:     6.61
Total T:   21757 | Ep:  962 | Steps:   16 | Reward:    12.80
Total T:   21773 | Ep:  963 | Steps:   16 | Reward:     8.67
Total T:   21789 | Ep:  964 | Steps:   16 | Reward:    10.64
Total T:   21806 | Ep:  965 | Steps:   17 | Reward:    16.36
Total T:   21839 | Ep:  966 | Steps:   33 | Reward:    14.00
Total T:   21849 | Ep:  967 | Steps:   10 | Reward:     8.02
Total T:   21870 | Ep:  968 | Steps:   21 | Reward:    18.38
Total T:   21896 | Ep:  969 | Steps:   26 | Reward:    21.68
Total T:   21957 | Ep:  970 | Steps:   61 | Reward:    73.05
Total T:   21975 | Ep:  971 | Steps:   18 | Reward:    13.26
Total T:   21995 | Ep:  972 | Steps:   20 | Reward:    15.95
Total T:   22035 | Ep:  973 | Steps:   40 | Reward:    25.26
Total T:   22051 | Ep:  974 | Steps:   16 | Reward:    10.94
Total T:   22059 | Ep:  975 | Steps:    8 | Reward:     5.94
Total T:   22083 | Ep:  976 | Steps:   24 | Reward:    26.16
Total T:   22130 | Ep:  977 | Steps:   47 | Reward:    41.46
Total T:   22209 | Ep:  978 | Steps:   79 | Reward:    76.88
Total T:   22228 | Ep:  979 | Steps:   19 | Reward:    18.62
Total T:   22241 | Ep:  980 | Steps:   13 | Reward:     9.62
Total T:   22343 | Ep:  981 | Steps:  102 | Reward:   143.42
Total T:   22362 | Ep:  982 | Steps:   19 | Reward:    11.47
Total T:   22377 | Ep:  983 | Steps:   15 | Reward:     7.32
Total T:   22411 | Ep:  984 | Steps:   34 | Reward:    22.21
Total T:   22449 | Ep:  985 | Steps:   38 | Reward:    33.36
Total T:   22460 | Ep:  986 | Steps:   11 | Reward:     6.86
Total T:   22481 | Ep:  987 | Steps:   21 | Reward:    13.31
Total T:   22509 | Ep:  988 | Steps:   28 | Reward:    33.19
Total T:   22521 | Ep:  989 | Steps:   12 | Reward:     7.89
Total T:   22533 | Ep:  990 | Steps:   12 | Reward:     9.08
Total T:   22561 | Ep:  991 | Steps:   28 | Reward:    29.91
Total T:   22576 | Ep:  992 | Steps:   15 | Reward:    13.98
Total T:   22588 | Ep:  993 | Steps:   12 | Reward:    10.78
Total T:   22604 | Ep:  994 | Steps:   16 | Reward:    12.95
Total T:   22619 | Ep:  995 | Steps:   15 | Reward:     9.92
Total T:   22636 | Ep:  996 | Steps:   17 | Reward:    12.60
Total T:   22658 | Ep:  997 | Steps:   22 | Reward:    14.60
Total T:   22679 | Ep:  998 | Steps:   21 | Reward:    16.89
Total T:   22691 | Ep:  999 | Steps:   12 | Reward:     9.59
Total T:   22701 | Ep: 1000 | Steps:   10 | Reward:     7.56
Total T:   22720 | Ep: 1001 | Steps:   19 | Reward:    13.37
Total T:   22734 | Ep: 1002 | Steps:   14 | Reward:    13.12
Total T:   22756 | Ep: 1003 | Steps:   22 | Reward:    13.95
Total T:   22774 | Ep: 1004 | Steps:   18 | Reward:    15.33
Total T:   22786 | Ep: 1005 | Steps:   12 | Reward:     6.83
Total T:   22811 | Ep: 1006 | Steps:   25 | Reward:    24.48
Total T:   22835 | Ep: 1007 | Steps:   24 | Reward:    12.94
Total T:   22844 | Ep: 1008 | Steps:    9 | Reward:     6.16
Total T:   22859 | Ep: 1009 | Steps:   15 | Reward:    13.63
Total T:   22869 | Ep: 1010 | Steps:   10 | Reward:     8.33
Total T:   22892 | Ep: 1011 | Steps:   23 | Reward:    22.24
Total T:   22908 | Ep: 1012 | Steps:   16 | Reward:     9.61
Total T:   22929 | Ep: 1013 | Steps:   21 | Reward:    16.75
Total T:   22942 | Ep: 1014 | Steps:   13 | Reward:     8.46
Total T:   22975 | Ep: 1015 | Steps:   33 | Reward:    24.64
Total T:   22995 | Ep: 1016 | Steps:   20 | Reward:    20.89
Total T:   23010 | Ep: 1017 | Steps:   15 | Reward:    13.42
Total T:   23051 | Ep: 1018 | Steps:   41 | Reward:    53.34
Total T:   23100 | Ep: 1019 | Steps:   49 | Reward:    61.59
Total T:   23116 | Ep: 1020 | Steps:   16 | Reward:     8.87
Total T:   23165 | Ep: 1021 | Steps:   49 | Reward:    46.07
Total T:   23201 | Ep: 1022 | Steps:   36 | Reward:    38.70
Total T:   23220 | Ep: 1023 | Steps:   19 | Reward:    19.06
Total T:   23231 | Ep: 1024 | Steps:   11 | Reward:     9.79
Total T:   23255 | Ep: 1025 | Steps:   24 | Reward:    14.12
Total T:   23271 | Ep: 1026 | Steps:   16 | Reward:    17.33
Total T:   23285 | Ep: 1027 | Steps:   14 | Reward:     7.75
Total T:   23314 | Ep: 1028 | Steps:   29 | Reward:    32.52
Total T:   23324 | Ep: 1029 | Steps:   10 | Reward:     6.38
Total T:   23358 | Ep: 1030 | Steps:   34 | Reward:    42.63
Total T:   23386 | Ep: 1031 | Steps:   28 | Reward:    14.65
Total T:   23435 | Ep: 1032 | Steps:   49 | Reward:    64.33
Total T:   23476 | Ep: 1033 | Steps:   41 | Reward:    32.55
Total T:   23486 | Ep: 1034 | Steps:   10 | Reward:     8.67
Total T:   23509 | Ep: 1035 | Steps:   23 | Reward:    23.57
Total T:   23526 | Ep: 1036 | Steps:   17 | Reward:    17.85
Total T:   23539 | Ep: 1037 | Steps:   13 | Reward:     9.43
Total T:   23556 | Ep: 1038 | Steps:   17 | Reward:    16.43
Total T:   23577 | Ep: 1039 | Steps:   21 | Reward:    20.23
Total T:   23589 | Ep: 1040 | Steps:   12 | Reward:     7.40
Total T:   23603 | Ep: 1041 | Steps:   14 | Reward:    10.66
Total T:   23645 | Ep: 1042 | Steps:   42 | Reward:    57.64
Total T:   23654 | Ep: 1043 | Steps:    9 | Reward:     6.46
Total T:   23667 | Ep: 1044 | Steps:   13 | Reward:    10.59
Total T:   23685 | Ep: 1045 | Steps:   18 | Reward:    14.65
Total T:   23700 | Ep: 1046 | Steps:   15 | Reward:    13.23
Total T:   23732 | Ep: 1047 | Steps:   32 | Reward:    25.92
Total T:   23741 | Ep: 1048 | Steps:    9 | Reward:     6.54
Total T:   23757 | Ep: 1049 | Steps:   16 | Reward:    15.50
Total T:   23775 | Ep: 1050 | Steps:   18 | Reward:     7.19
Total T:   23820 | Ep: 1051 | Steps:   45 | Reward:    33.55
Total T:   23827 | Ep: 1052 | Steps:    7 | Reward:     3.91
Total T:   23847 | Ep: 1053 | Steps:   20 | Reward:    13.11
Total T:   23871 | Ep: 1054 | Steps:   24 | Reward:    13.80
Total T:   23887 | Ep: 1055 | Steps:   16 | Reward:     7.44
Total T:   23941 | Ep: 1056 | Steps:   54 | Reward:    77.84
Total T:   23969 | Ep: 1057 | Steps:   28 | Reward:    29.72
Total T:   23981 | Ep: 1058 | Steps:   12 | Reward:     8.78
Total T:   23990 | Ep: 1059 | Steps:    9 | Reward:     6.49
Total T:   24007 | Ep: 1060 | Steps:   17 | Reward:     8.24
Total T:   24018 | Ep: 1061 | Steps:   11 | Reward:     7.82
Total T:   24028 | Ep: 1062 | Steps:   10 | Reward:     8.40
Total T:   24059 | Ep: 1063 | Steps:   31 | Reward:    31.57
Total T:   24127 | Ep: 1064 | Steps:   68 | Reward:   117.24
Total T:   24149 | Ep: 1065 | Steps:   22 | Reward:    18.78
Total T:   24168 | Ep: 1066 | Steps:   19 | Reward:    11.20
Total T:   24185 | Ep: 1067 | Steps:   17 | Reward:    16.20
Total T:   24211 | Ep: 1068 | Steps:   26 | Reward:    20.64
Total T:   24235 | Ep: 1069 | Steps:   24 | Reward:    22.27
Total T:   24253 | Ep: 1070 | Steps:   18 | Reward:    18.32
Total T:   24266 | Ep: 1071 | Steps:   13 | Reward:    10.50
Total T:   24285 | Ep: 1072 | Steps:   19 | Reward:    14.44
Total T:   24336 | Ep: 1073 | Steps:   51 | Reward:    31.00
Total T:   24356 | Ep: 1074 | Steps:   20 | Reward:    20.39
Total T:   24369 | Ep: 1075 | Steps:   13 | Reward:    10.88
Total T:   24384 | Ep: 1076 | Steps:   15 | Reward:     8.37
Total T:   24405 | Ep: 1077 | Steps:   21 | Reward:    23.04
Total T:   24424 | Ep: 1078 | Steps:   19 | Reward:     9.83
Total T:   24460 | Ep: 1079 | Steps:   36 | Reward:    32.64
Total T:   24481 | Ep: 1080 | Steps:   21 | Reward:    23.07
Total T:   24501 | Ep: 1081 | Steps:   20 | Reward:    17.95
Total T:   24514 | Ep: 1082 | Steps:   13 | Reward:    11.05
Total T:   24530 | Ep: 1083 | Steps:   16 | Reward:    12.99
Total T:   24543 | Ep: 1084 | Steps:   13 | Reward:    12.18
Total T:   24559 | Ep: 1085 | Steps:   16 | Reward:    11.10
Total T:   24597 | Ep: 1086 | Steps:   38 | Reward:    46.46
Total T:   24610 | Ep: 1087 | Steps:   13 | Reward:    11.38
Total T:   24626 | Ep: 1088 | Steps:   16 | Reward:    12.81
Total T:   24641 | Ep: 1089 | Steps:   15 | Reward:    11.63
Total T:   24668 | Ep: 1090 | Steps:   27 | Reward:    18.43
Total T:   24695 | Ep: 1091 | Steps:   27 | Reward:    21.50
Total T:   24717 | Ep: 1092 | Steps:   22 | Reward:    21.04
Total T:   24727 | Ep: 1093 | Steps:   10 | Reward:     5.90
Total T:   24748 | Ep: 1094 | Steps:   21 | Reward:    16.63
Total T:   24800 | Ep: 1095 | Steps:   52 | Reward:    79.75
Total T:   24812 | Ep: 1096 | Steps:   12 | Reward:    10.42
Total T:   24833 | Ep: 1097 | Steps:   21 | Reward:    16.39
Total T:   24852 | Ep: 1098 | Steps:   19 | Reward:    19.51
Total T:   24864 | Ep: 1099 | Steps:   12 | Reward:    10.47
Total T:   24912 | Ep: 1100 | Steps:   48 | Reward:    30.41
Total T:   24924 | Ep: 1101 | Steps:   12 | Reward:    11.08
Total T:   24944 | Ep: 1102 | Steps:   20 | Reward:     8.64
Total T:   24977 | Ep: 1103 | Steps:   33 | Reward:    30.87
Total T:   24995 | Ep: 1104 | Steps:   18 | Reward:    13.34
Total T:   25014 | Ep: 1105 | Steps:   19 | Reward:    12.64
Total T:   25025 | Ep: 1106 | Steps:   11 | Reward:     6.09
Total T:   25033 | Ep: 1107 | Steps:    8 | Reward:     4.69
Total T:   25041 | Ep: 1108 | Steps:    8 | Reward:     3.68
Total T:   25048 | Ep: 1109 | Steps:    7 | Reward:     3.53
Total T:   25055 | Ep: 1110 | Steps:    7 | Reward:     2.77
Total T:   25061 | Ep: 1111 | Steps:    6 | Reward:     2.80
Total T:   25067 | Ep: 1112 | Steps:    6 | Reward:     2.67
Total T:   25073 | Ep: 1113 | Steps:    6 | Reward:     2.50
Total T:   25079 | Ep: 1114 | Steps:    6 | Reward:     2.37
Total T:   25085 | Ep: 1115 | Steps:    6 | Reward:     2.35
Total T:   25091 | Ep: 1116 | Steps:    6 | Reward:     2.01
Total T:   25097 | Ep: 1117 | Steps:    6 | Reward:     2.21
Total T:   25103 | Ep: 1118 | Steps:    6 | Reward:     2.15
Total T:   25109 | Ep: 1119 | Steps:    6 | Reward:     2.33
Total T:   25115 | Ep: 1120 | Steps:    6 | Reward:     2.16
Total T:   25121 | Ep: 1121 | Steps:    6 | Reward:     2.23
Total T:   25127 | Ep: 1122 | Steps:    6 | Reward:     2.13
Total T:   25133 | Ep: 1123 | Steps:    6 | Reward:     2.16
Total T:   25139 | Ep: 1124 | Steps:    6 | Reward:     2.18
Total T:   25145 | Ep: 1125 | Steps:    6 | Reward:     2.04
Total T:   25151 | Ep: 1126 | Steps:    6 | Reward:     2.39
Total T:   25157 | Ep: 1127 | Steps:    6 | Reward:     2.12
Total T:   25163 | Ep: 1128 | Steps:    6 | Reward:     2.16
Total T:   25169 | Ep: 1129 | Steps:    6 | Reward:     2.47
Total T:   25175 | Ep: 1130 | Steps:    6 | Reward:     2.39
Total T:   25181 | Ep: 1131 | Steps:    6 | Reward:     2.70
Total T:   25187 | Ep: 1132 | Steps:    6 | Reward:     3.00
Total T:   25193 | Ep: 1133 | Steps:    6 | Reward:     3.14
Total T:   25199 | Ep: 1134 | Steps:    6 | Reward:     3.20
Total T:   25205 | Ep: 1135 | Steps:    6 | Reward:     3.21
Total T:   25211 | Ep: 1136 | Steps:    6 | Reward:     3.16
Total T:   25217 | Ep: 1137 | Steps:    6 | Reward:     3.20
Total T:   25223 | Ep: 1138 | Steps:    6 | Reward:     3.23
Total T:   25229 | Ep: 1139 | Steps:    6 | Reward:     3.29
Total T:   25235 | Ep: 1140 | Steps:    6 | Reward:     3.22
Total T:   25241 | Ep: 1141 | Steps:    6 | Reward:     3.22
Total T:   25247 | Ep: 1142 | Steps:    6 | Reward:     3.28
Total T:   25253 | Ep: 1143 | Steps:    6 | Reward:     3.27
Total T:   25259 | Ep: 1144 | Steps:    6 | Reward:     3.37
Total T:   25265 | Ep: 1145 | Steps:    6 | Reward:     3.24
Total T:   25271 | Ep: 1146 | Steps:    6 | Reward:     3.23
Total T:   25277 | Ep: 1147 | Steps:    6 | Reward:     3.24
Total T:   25283 | Ep: 1148 | Steps:    6 | Reward:     3.22
Total T:   25289 | Ep: 1149 | Steps:    6 | Reward:     3.34
Total T:   25295 | Ep: 1150 | Steps:    6 | Reward:     3.27
Total T:   25301 | Ep: 1151 | Steps:    6 | Reward:     3.39
Total T:   25307 | Ep: 1152 | Steps:    6 | Reward:     3.38
Total T:   25313 | Ep: 1153 | Steps:    6 | Reward:     3.28
Total T:   25319 | Ep: 1154 | Steps:    6 | Reward:     3.35
Total T:   25325 | Ep: 1155 | Steps:    6 | Reward:     3.33
Total T:   25331 | Ep: 1156 | Steps:    6 | Reward:     3.38
Total T:   25337 | Ep: 1157 | Steps:    6 | Reward:     3.31
Total T:   25343 | Ep: 1158 | Steps:    6 | Reward:     3.34
Total T:   25349 | Ep: 1159 | Steps:    6 | Reward:     3.34
Total T:   25355 | Ep: 1160 | Steps:    6 | Reward:     3.27
Total T:   25361 | Ep: 1161 | Steps:    6 | Reward:     3.46
Total T:   25367 | Ep: 1162 | Steps:    6 | Reward:     3.42
Total T:   25373 | Ep: 1163 | Steps:    6 | Reward:     3.51
Total T:   25380 | Ep: 1164 | Steps:    7 | Reward:     3.85
Total T:   25390 | Ep: 1165 | Steps:   10 | Reward:     5.57
Total T:   25400 | Ep: 1166 | Steps:   10 | Reward:     5.99
Total T:   25410 | Ep: 1167 | Steps:   10 | Reward:     5.80
Total T:   25421 | Ep: 1168 | Steps:   11 | Reward:     7.78
Total T:   25444 | Ep: 1169 | Steps:   23 | Reward:    40.38
Total T:   25466 | Ep: 1170 | Steps:   22 | Reward:    38.95
Total T:   25488 | Ep: 1171 | Steps:   22 | Reward:    38.96
Total T:   25511 | Ep: 1172 | Steps:   23 | Reward:    40.38
Total T:   25533 | Ep: 1173 | Steps:   22 | Reward:    38.64
Total T:   25555 | Ep: 1174 | Steps:   22 | Reward:    39.20
Total T:   25577 | Ep: 1175 | Steps:   22 | Reward:    38.27
Total T:   25600 | Ep: 1176 | Steps:   23 | Reward:    40.65
Total T:   25622 | Ep: 1177 | Steps:   22 | Reward:    38.57
Total T:   25645 | Ep: 1178 | Steps:   23 | Reward:    40.14
Total T:   25669 | Ep: 1179 | Steps:   24 | Reward:    41.65
Total T:   25691 | Ep: 1180 | Steps:   22 | Reward:    38.47
Total T:   25713 | Ep: 1181 | Steps:   22 | Reward:    39.05
Total T:   25734 | Ep: 1182 | Steps:   21 | Reward:    37.13
Total T:   25755 | Ep: 1183 | Steps:   21 | Reward:    36.89
Total T:   25777 | Ep: 1184 | Steps:   22 | Reward:    38.33
Total T:   25799 | Ep: 1185 | Steps:   22 | Reward:    39.01
Total T:   25821 | Ep: 1186 | Steps:   22 | Reward:    38.33
Total T:   25844 | Ep: 1187 | Steps:   23 | Reward:    40.32
Total T:   25867 | Ep: 1188 | Steps:   23 | Reward:    40.04
Total T:   25890 | Ep: 1189 | Steps:   23 | Reward:    40.02
Total T:   25912 | Ep: 1190 | Steps:   22 | Reward:    38.92
Total T:   25934 | Ep: 1191 | Steps:   22 | Reward:    38.84
Total T:   25956 | Ep: 1192 | Steps:   22 | Reward:    38.76
Total T:   25979 | Ep: 1193 | Steps:   23 | Reward:    40.31
Total T:   26000 | Ep: 1194 | Steps:   21 | Reward:    37.12
Total T:   26021 | Ep: 1195 | Steps:   21 | Reward:    37.00
Total T:   26044 | Ep: 1196 | Steps:   23 | Reward:    40.64
Total T:   26066 | Ep: 1197 | Steps:   22 | Reward:    39.12
Total T:   26089 | Ep: 1198 | Steps:   23 | Reward:    40.38
Total T:   26111 | Ep: 1199 | Steps:   22 | Reward:    38.77
Total T:   26133 | Ep: 1200 | Steps:   22 | Reward:    38.54
Total T:   26155 | Ep: 1201 | Steps:   22 | Reward:    38.81
Total T:   26178 | Ep: 1202 | Steps:   23 | Reward:    40.55
Total T:   26200 | Ep: 1203 | Steps:   22 | Reward:    38.80
Total T:   26222 | Ep: 1204 | Steps:   22 | Reward:    39.14
Total T:   26243 | Ep: 1205 | Steps:   21 | Reward:    37.29
Total T:   26265 | Ep: 1206 | Steps:   22 | Reward:    38.82
Total T:   26287 | Ep: 1207 | Steps:   22 | Reward:    38.59
Total T:   26309 | Ep: 1208 | Steps:   22 | Reward:    38.77
Total T:   26331 | Ep: 1209 | Steps:   22 | Reward:    38.59
Total T:   26354 | Ep: 1210 | Steps:   23 | Reward:    40.17
Total T:   26376 | Ep: 1211 | Steps:   22 | Reward:    39.09
Total T:   26398 | Ep: 1212 | Steps:   22 | Reward:    38.97
Total T:   26420 | Ep: 1213 | Steps:   22 | Reward:    38.66
Total T:   26442 | Ep: 1214 | Steps:   22 | Reward:    38.77
Total T:   26492 | Ep: 1215 | Steps:   50 | Reward:    92.90
Total T:   26579 | Ep: 1216 | Steps:   87 | Reward:   169.92
Total T:   26665 | Ep: 1217 | Steps:   86 | Reward:   169.25
Total T:   26696 | Ep: 1218 | Steps:   31 | Reward:    51.80
Total T:   26782 | Ep: 1219 | Steps:   86 | Reward:   168.20
Total T:   26869 | Ep: 1220 | Steps:   87 | Reward:   175.02
Total T:   26894 | Ep: 1221 | Steps:   25 | Reward:    40.79
Total T:   26918 | Ep: 1222 | Steps:   24 | Reward:    38.23
Total T:   27005 | Ep: 1223 | Steps:   87 | Reward:   170.02
Total T:   27031 | Ep: 1224 | Steps:   26 | Reward:    42.16
Total T:   27117 | Ep: 1225 | Steps:   86 | Reward:   172.10
Total T:   27204 | Ep: 1226 | Steps:   87 | Reward:   174.70
Total T:   27290 | Ep: 1227 | Steps:   86 | Reward:   178.45
Total T:   27375 | Ep: 1228 | Steps:   85 | Reward:   177.64
Total T:   27461 | Ep: 1229 | Steps:   86 | Reward:   174.30
Total T:   27546 | Ep: 1230 | Steps:   85 | Reward:   174.94
Total T:   27631 | Ep: 1231 | Steps:   85 | Reward:   172.28
Total T:   27716 | Ep: 1232 | Steps:   85 | Reward:   174.01
Total T:   27800 | Ep: 1233 | Steps:   84 | Reward:   172.89
Total T:   27886 | Ep: 1234 | Steps:   86 | Reward:   169.14
Total T:   27972 | Ep: 1235 | Steps:   86 | Reward:   171.08
Total T:   28058 | Ep: 1236 | Steps:   86 | Reward:   169.67
Total T:   28144 | Ep: 1237 | Steps:   86 | Reward:   173.60
Total T:   28228 | Ep: 1238 | Steps:   84 | Reward:   162.49
Total T:   28314 | Ep: 1239 | Steps:   86 | Reward:   171.20
Total T:   28400 | Ep: 1240 | Steps:   86 | Reward:   171.39
Total T:   28484 | Ep: 1241 | Steps:   84 | Reward:   161.26
Total T:   28571 | Ep: 1242 | Steps:   87 | Reward:   168.73
Total T:   28658 | Ep: 1243 | Steps:   87 | Reward:   170.74
Total T:   28745 | Ep: 1244 | Steps:   87 | Reward:   169.71
Total T:   28832 | Ep: 1245 | Steps:   87 | Reward:   168.87
Total T:   28919 | Ep: 1246 | Steps:   87 | Reward:   170.67
Total T:   29004 | Ep: 1247 | Steps:   85 | Reward:   163.86
Total T:   29089 | Ep: 1248 | Steps:   85 | Reward:   164.47
Total T:   29174 | Ep: 1249 | Steps:   85 | Reward:   164.98
Total T:   29259 | Ep: 1250 | Steps:   85 | Reward:   163.18
Total T:   29345 | Ep: 1251 | Steps:   86 | Reward:   166.29
Total T:   29431 | Ep: 1252 | Steps:   86 | Reward:   166.97
Total T:   29518 | Ep: 1253 | Steps:   87 | Reward:   168.83
Total T:   29605 | Ep: 1254 | Steps:   87 | Reward:   170.13
Total T:   29692 | Ep: 1255 | Steps:   87 | Reward:   169.97
Total T:   29777 | Ep: 1256 | Steps:   85 | Reward:   163.53
Total T:   29864 | Ep: 1257 | Steps:   87 | Reward:   169.34
Total T:   29950 | Ep: 1258 | Steps:   86 | Reward:   166.11
---------------------------------------
Evaluation over 10 episodes: 165.884
---------------------------------------
Total T:   30037 | Ep: 1259 | Steps:   87 | Reward:   167.87
Total T:   30124 | Ep: 1260 | Steps:   87 | Reward:   168.73
Total T:   30210 | Ep: 1261 | Steps:   86 | Reward:   165.66
Total T:   30296 | Ep: 1262 | Steps:   86 | Reward:   168.57
Total T:   30382 | Ep: 1263 | Steps:   86 | Reward:   165.63
Total T:   30465 | Ep: 1264 | Steps:   83 | Reward:   160.86
Total T:   30551 | Ep: 1265 | Steps:   86 | Reward:   167.24
Total T:   30637 | Ep: 1266 | Steps:   86 | Reward:   166.22
Total T:   30723 | Ep: 1267 | Steps:   86 | Reward:   166.21
Total T:   30807 | Ep: 1268 | Steps:   84 | Reward:   161.80
Total T:   30891 | Ep: 1269 | Steps:   84 | Reward:   161.52
Total T:   30975 | Ep: 1270 | Steps:   84 | Reward:   161.82
Total T:   31060 | Ep: 1271 | Steps:   85 | Reward:   164.01
Total T:   31147 | Ep: 1272 | Steps:   87 | Reward:   167.65
Total T:   31233 | Ep: 1273 | Steps:   86 | Reward:   165.57
Total T:   31319 | Ep: 1274 | Steps:   86 | Reward:   165.40
Total T:   31406 | Ep: 1275 | Steps:   87 | Reward:   168.54
Total T:   31492 | Ep: 1276 | Steps:   86 | Reward:   167.36
Total T:   31578 | Ep: 1277 | Steps:   86 | Reward:   165.70
Total T:   31662 | Ep: 1278 | Steps:   84 | Reward:   161.02
Total T:   31746 | Ep: 1279 | Steps:   84 | Reward:   162.48
Total T:   31830 | Ep: 1280 | Steps:   84 | Reward:   161.59
Total T:   31910 | Ep: 1281 | Steps:   80 | Reward:   152.80
Total T:   31993 | Ep: 1282 | Steps:   83 | Reward:   160.24
Total T:   32074 | Ep: 1283 | Steps:   81 | Reward:   155.90
Total T:   32153 | Ep: 1284 | Steps:   79 | Reward:   149.80
Total T:   32240 | Ep: 1285 | Steps:   87 | Reward:   168.62
Total T:   32326 | Ep: 1286 | Steps:   86 | Reward:   168.76
Total T:   32414 | Ep: 1287 | Steps:   88 | Reward:   164.62
Total T:   32501 | Ep: 1288 | Steps:   87 | Reward:   156.82
Total T:   32576 | Ep: 1289 | Steps:   75 | Reward:   128.34
Total T:   32646 | Ep: 1290 | Steps:   70 | Reward:   121.07
Total T:   32720 | Ep: 1291 | Steps:   74 | Reward:   130.51
Total T:   32793 | Ep: 1292 | Steps:   73 | Reward:   130.95
Total T:   32868 | Ep: 1293 | Steps:   75 | Reward:   144.19
Total T:   32944 | Ep: 1294 | Steps:   76 | Reward:   147.70
Total T:   33021 | Ep: 1295 | Steps:   77 | Reward:   151.69
Total T:   33110 | Ep: 1296 | Steps:   89 | Reward:   174.82
Total T:   33202 | Ep: 1297 | Steps:   92 | Reward:   185.59
Total T:   33300 | Ep: 1298 | Steps:   98 | Reward:   198.29
Total T:   33377 | Ep: 1299 | Steps:   77 | Reward:   146.85
Total T:   33460 | Ep: 1300 | Steps:   83 | Reward:   162.12
Total T:   33542 | Ep: 1301 | Steps:   82 | Reward:   159.12
Total T:   33626 | Ep: 1302 | Steps:   84 | Reward:   162.43
Total T:   33713 | Ep: 1303 | Steps:   87 | Reward:   169.73
Total T:   33799 | Ep: 1304 | Steps:   86 | Reward:   166.97
Total T:   33876 | Ep: 1305 | Steps:   77 | Reward:   144.55
Total T:   33965 | Ep: 1306 | Steps:   89 | Reward:   174.23
Total T:   34057 | Ep: 1307 | Steps:   92 | Reward:   182.16
Total T:   34138 | Ep: 1308 | Steps:   81 | Reward:   158.03
Total T:   34245 | Ep: 1309 | Steps:  107 | Reward:   207.60
Total T:   34334 | Ep: 1310 | Steps:   89 | Reward:   177.71
Total T:   34411 | Ep: 1311 | Steps:   77 | Reward:   147.64
Total T:   34496 | Ep: 1312 | Steps:   85 | Reward:   167.53
Total T:   34588 | Ep: 1313 | Steps:   92 | Reward:   182.03
Total T:   34674 | Ep: 1314 | Steps:   86 | Reward:   171.92
Total T:   34766 | Ep: 1315 | Steps:   92 | Reward:   181.64
Total T:   34858 | Ep: 1316 | Steps:   92 | Reward:   181.98
Total T:   34955 | Ep: 1317 | Steps:   97 | Reward:   191.20
Total T:   35049 | Ep: 1318 | Steps:   94 | Reward:   186.23
Total T:   35143 | Ep: 1319 | Steps:   94 | Reward:   186.00
Total T:   35239 | Ep: 1320 | Steps:   96 | Reward:   190.99
Total T:   35321 | Ep: 1321 | Steps:   82 | Reward:   163.85
Total T:   35408 | Ep: 1322 | Steps:   87 | Reward:   181.16
Total T:   35493 | Ep: 1323 | Steps:   85 | Reward:   170.47
Total T:   35597 | Ep: 1324 | Steps:  104 | Reward:   230.16
Total T:   35695 | Ep: 1325 | Steps:   98 | Reward:   221.38
Total T:   35790 | Ep: 1326 | Steps:   95 | Reward:   221.81
Total T:   35890 | Ep: 1327 | Steps:  100 | Reward:   239.05
Total T:   35988 | Ep: 1328 | Steps:   98 | Reward:   231.45
Total T:   36086 | Ep: 1329 | Steps:   98 | Reward:   229.32
Total T:   36179 | Ep: 1330 | Steps:   93 | Reward:   214.20
Total T:   36276 | Ep: 1331 | Steps:   97 | Reward:   226.27
Total T:   36372 | Ep: 1332 | Steps:   96 | Reward:   228.20
Total T:   36466 | Ep: 1333 | Steps:   94 | Reward:   218.15
Total T:   36555 | Ep: 1334 | Steps:   89 | Reward:   201.66
Total T:   36641 | Ep: 1335 | Steps:   86 | Reward:   191.87
Total T:   36725 | Ep: 1336 | Steps:   84 | Reward:   184.50
Total T:   36808 | Ep: 1337 | Steps:   83 | Reward:   181.10
Total T:   36892 | Ep: 1338 | Steps:   84 | Reward:   179.87
Total T:   36979 | Ep: 1339 | Steps:   87 | Reward:   180.06
Total T:   37064 | Ep: 1340 | Steps:   85 | Reward:   180.01
Total T:   37153 | Ep: 1341 | Steps:   89 | Reward:   175.69
Total T:   37239 | Ep: 1342 | Steps:   86 | Reward:   174.35
Total T:   37321 | Ep: 1343 | Steps:   82 | Reward:   174.86
Total T:   37403 | Ep: 1344 | Steps:   82 | Reward:   170.47
Total T:   37489 | Ep: 1345 | Steps:   86 | Reward:   167.71
Total T:   37574 | Ep: 1346 | Steps:   85 | Reward:   166.33
Total T:   37659 | Ep: 1347 | Steps:   85 | Reward:   166.74
Total T:   37748 | Ep: 1348 | Steps:   89 | Reward:   174.05
Total T:   37837 | Ep: 1349 | Steps:   89 | Reward:   175.22
Total T:   37923 | Ep: 1350 | Steps:   86 | Reward:   176.01
Total T:   38013 | Ep: 1351 | Steps:   90 | Reward:   178.87
Total T:   38100 | Ep: 1352 | Steps:   87 | Reward:   171.51
Total T:   38193 | Ep: 1353 | Steps:   93 | Reward:   190.16
Total T:   38278 | Ep: 1354 | Steps:   85 | Reward:   186.08
Total T:   38367 | Ep: 1355 | Steps:   89 | Reward:   177.79
Total T:   38457 | Ep: 1356 | Steps:   90 | Reward:   187.48
Total T:   38551 | Ep: 1357 | Steps:   94 | Reward:   190.33
Total T:   38646 | Ep: 1358 | Steps:   95 | Reward:   198.48
Total T:   38743 | Ep: 1359 | Steps:   97 | Reward:   201.37
Total T:   38837 | Ep: 1360 | Steps:   94 | Reward:   193.13
Total T:   38931 | Ep: 1361 | Steps:   94 | Reward:   196.81
Total T:   39020 | Ep: 1362 | Steps:   89 | Reward:   185.88
Total T:   39115 | Ep: 1363 | Steps:   95 | Reward:   205.75
Total T:   39211 | Ep: 1364 | Steps:   96 | Reward:   205.07
Total T:   39307 | Ep: 1365 | Steps:   96 | Reward:   205.18
Total T:   39405 | Ep: 1366 | Steps:   98 | Reward:   207.46
Total T:   39503 | Ep: 1367 | Steps:   98 | Reward:   211.58
Total T:   39589 | Ep: 1368 | Steps:   86 | Reward:   176.68
Total T:   39679 | Ep: 1369 | Steps:   90 | Reward:   179.21
Total T:   39776 | Ep: 1370 | Steps:   97 | Reward:   203.50
Total T:   39875 | Ep: 1371 | Steps:   99 | Reward:   213.12
Total T:   39970 | Ep: 1372 | Steps:   95 | Reward:   205.49
---------------------------------------
Evaluation over 10 episodes: 186.337
---------------------------------------
Total T:   40050 | Ep: 1373 | Steps:   80 | Reward:   157.24
Total T:   40126 | Ep: 1374 | Steps:   76 | Reward:   142.83
Total T:   40217 | Ep: 1375 | Steps:   91 | Reward:   192.00
Total T:   40318 | Ep: 1376 | Steps:  101 | Reward:   219.75
Total T:   40404 | Ep: 1377 | Steps:   86 | Reward:   174.97
Total T:   40493 | Ep: 1378 | Steps:   89 | Reward:   195.71
Total T:   40587 | Ep: 1379 | Steps:   94 | Reward:   199.67
Total T:   40668 | Ep: 1380 | Steps:   81 | Reward:   160.53
Total T:   40748 | Ep: 1381 | Steps:   80 | Reward:   152.90
Total T:   40830 | Ep: 1382 | Steps:   82 | Reward:   186.51
Total T:   40937 | Ep: 1383 | Steps:  107 | Reward:   227.13
Total T:   41018 | Ep: 1384 | Steps:   81 | Reward:   182.45
Total T:   41118 | Ep: 1385 | Steps:  100 | Reward:   242.93
Total T:   41205 | Ep: 1386 | Steps:   87 | Reward:   200.71
Total T:   41297 | Ep: 1387 | Steps:   92 | Reward:   218.50
Total T:   41395 | Ep: 1388 | Steps:   98 | Reward:   237.88
Total T:   41474 | Ep: 1389 | Steps:   79 | Reward:   176.10
Total T:   41571 | Ep: 1390 | Steps:   97 | Reward:   236.50
Total T:   41667 | Ep: 1391 | Steps:   96 | Reward:   232.81
Total T:   41764 | Ep: 1392 | Steps:   97 | Reward:   231.30
Total T:   41859 | Ep: 1393 | Steps:   95 | Reward:   220.40
Total T:   41961 | Ep: 1394 | Steps:  102 | Reward:   243.58
Total T:   42060 | Ep: 1395 | Steps:   99 | Reward:   234.41
Total T:   42162 | Ep: 1396 | Steps:  102 | Reward:   246.13
Total T:   42258 | Ep: 1397 | Steps:   96 | Reward:   226.49
Total T:   42355 | Ep: 1398 | Steps:   97 | Reward:   230.33
Total T:   42458 | Ep: 1399 | Steps:  103 | Reward:   249.95
Total T:   42559 | Ep: 1400 | Steps:  101 | Reward:   239.46
Total T:   42657 | Ep: 1401 | Steps:   98 | Reward:   233.23
Total T:   42753 | Ep: 1402 | Steps:   96 | Reward:   226.59
Total T:   42854 | Ep: 1403 | Steps:  101 | Reward:   244.12
Total T:   42954 | Ep: 1404 | Steps:  100 | Reward:   238.27
Total T:   43058 | Ep: 1405 | Steps:  104 | Reward:   258.16
Total T:   43159 | Ep: 1406 | Steps:  101 | Reward:   244.17
Total T:   43259 | Ep: 1407 | Steps:  100 | Reward:   239.04
Total T:   43354 | Ep: 1408 | Steps:   95 | Reward:   221.70
Total T:   43446 | Ep: 1409 | Steps:   92 | Reward:   211.98
Total T:   43542 | Ep: 1410 | Steps:   96 | Reward:   223.94
Total T:   43641 | Ep: 1411 | Steps:   99 | Reward:   235.46
Total T:   43738 | Ep: 1412 | Steps:   97 | Reward:   227.33
Total T:   43836 | Ep: 1413 | Steps:   98 | Reward:   231.13
Total T:   43927 | Ep: 1414 | Steps:   91 | Reward:   208.32
Total T:   44021 | Ep: 1415 | Steps:   94 | Reward:   216.89
Total T:   44113 | Ep: 1416 | Steps:   92 | Reward:   207.84
Total T:   44222 | Ep: 1417 | Steps:  109 | Reward:   260.73
Total T:   44320 | Ep: 1418 | Steps:   98 | Reward:   227.01
Total T:   44424 | Ep: 1419 | Steps:  104 | Reward:   246.32
Total T:   44526 | Ep: 1420 | Steps:  102 | Reward:   239.91
Total T:   44626 | Ep: 1421 | Steps:  100 | Reward:   230.98
Total T:   44725 | Ep: 1422 | Steps:   99 | Reward:   231.09
Total T:   44826 | Ep: 1423 | Steps:  101 | Reward:   237.23
Total T:   44926 | Ep: 1424 | Steps:  100 | Reward:   234.82
Total T:   45024 | Ep: 1425 | Steps:   98 | Reward:   229.33
Total T:   45122 | Ep: 1426 | Steps:   98 | Reward:   232.16
Total T:   45203 | Ep: 1427 | Steps:   81 | Reward:   157.79
Total T:   45295 | Ep: 1428 | Steps:   92 | Reward:   179.49
Total T:   45384 | Ep: 1429 | Steps:   89 | Reward:   175.17
Total T:   45473 | Ep: 1430 | Steps:   89 | Reward:   174.33
Total T:   45573 | Ep: 1431 | Steps:  100 | Reward:   195.96
Total T:   45660 | Ep: 1432 | Steps:   87 | Reward:   169.67
Total T:   45739 | Ep: 1433 | Steps:   79 | Reward:   154.45
Total T:   45841 | Ep: 1434 | Steps:  102 | Reward:   226.13
Total T:   45941 | Ep: 1435 | Steps:  100 | Reward:   206.56
Total T:   46043 | Ep: 1436 | Steps:  102 | Reward:   214.95
Total T:   46145 | Ep: 1437 | Steps:  102 | Reward:   196.99
Total T:   46237 | Ep: 1438 | Steps:   92 | Reward:   190.43
Total T:   46339 | Ep: 1439 | Steps:  102 | Reward:   210.11
Total T:   46443 | Ep: 1440 | Steps:  104 | Reward:   201.88
Total T:   46545 | Ep: 1441 | Steps:  102 | Reward:   206.08
Total T:   46646 | Ep: 1442 | Steps:  101 | Reward:   209.09
Total T:   46745 | Ep: 1443 | Steps:   99 | Reward:   207.18
Total T:   46849 | Ep: 1444 | Steps:  104 | Reward:   239.84
Total T:   46952 | Ep: 1445 | Steps:  103 | Reward:   212.97
Total T:   47048 | Ep: 1446 | Steps:   96 | Reward:   226.96
Total T:   47151 | Ep: 1447 | Steps:  103 | Reward:   226.13
Total T:   47251 | Ep: 1448 | Steps:  100 | Reward:   227.01
Total T:   47352 | Ep: 1449 | Steps:  101 | Reward:   246.51
Total T:   47455 | Ep: 1450 | Steps:  103 | Reward:   220.22
Total T:   47559 | Ep: 1451 | Steps:  104 | Reward:   211.14
Total T:   47661 | Ep: 1452 | Steps:  102 | Reward:   228.50
Total T:   47774 | Ep: 1453 | Steps:  113 | Reward:   264.85
Total T:   47879 | Ep: 1454 | Steps:  105 | Reward:   210.49
Total T:   47980 | Ep: 1455 | Steps:  101 | Reward:   206.65
Total T:   48085 | Ep: 1456 | Steps:  105 | Reward:   223.66
Total T:   48189 | Ep: 1457 | Steps:  104 | Reward:   243.63
Total T:   48292 | Ep: 1458 | Steps:  103 | Reward:   235.62
Total T:   48399 | Ep: 1459 | Steps:  107 | Reward:   231.83
Total T:   48507 | Ep: 1460 | Steps:  108 | Reward:   224.99
Total T:   48622 | Ep: 1461 | Steps:  115 | Reward:   242.37
Total T:   48729 | Ep: 1462 | Steps:  107 | Reward:   212.81
Total T:   48843 | Ep: 1463 | Steps:  114 | Reward:   242.53
Total T:   48946 | Ep: 1464 | Steps:  103 | Reward:   229.21
Total T:   49049 | Ep: 1465 | Steps:  103 | Reward:   230.87
Total T:   49149 | Ep: 1466 | Steps:  100 | Reward:   208.39
Total T:   49254 | Ep: 1467 | Steps:  105 | Reward:   243.48
Total T:   49374 | Ep: 1468 | Steps:  120 | Reward:   264.45
Total T:   49494 | Ep: 1469 | Steps:  120 | Reward:   253.05
Total T:   49598 | Ep: 1470 | Steps:  104 | Reward:   233.39
Total T:   49702 | Ep: 1471 | Steps:  104 | Reward:   227.87
Total T:   49808 | Ep: 1472 | Steps:  106 | Reward:   244.58
Total T:   49912 | Ep: 1473 | Steps:  104 | Reward:   223.90
---------------------------------------
Evaluation over 10 episodes: 235.076
---------------------------------------
Total T:   50014 | Ep: 1474 | Steps:  102 | Reward:   231.67
Total T:   50122 | Ep: 1475 | Steps:  108 | Reward:   235.05
Total T:   50225 | Ep: 1476 | Steps:  103 | Reward:   227.04
Total T:   50333 | Ep: 1477 | Steps:  108 | Reward:   249.57
Total T:   50455 | Ep: 1478 | Steps:  122 | Reward:   251.54
Total T:   50570 | Ep: 1479 | Steps:  115 | Reward:   259.29
Total T:   50685 | Ep: 1480 | Steps:  115 | Reward:   252.82
Total T:   50800 | Ep: 1481 | Steps:  115 | Reward:   245.51
Total T:   50908 | Ep: 1482 | Steps:  108 | Reward:   258.67
Total T:   51026 | Ep: 1483 | Steps:  118 | Reward:   268.75
Total T:   51136 | Ep: 1484 | Steps:  110 | Reward:   245.85
Total T:   51254 | Ep: 1485 | Steps:  118 | Reward:   252.66
Total T:   51366 | Ep: 1486 | Steps:  112 | Reward:   254.42
Total T:   51481 | Ep: 1487 | Steps:  115 | Reward:   256.59
Total T:   51577 | Ep: 1488 | Steps:   96 | Reward:   215.43
Total T:   51680 | Ep: 1489 | Steps:  103 | Reward:   253.60
Total T:   51791 | Ep: 1490 | Steps:  111 | Reward:   254.72
Total T:   51900 | Ep: 1491 | Steps:  109 | Reward:   271.78
Total T:   52003 | Ep: 1492 | Steps:  103 | Reward:   253.02
Total T:   52110 | Ep: 1493 | Steps:  107 | Reward:   268.87
Total T:   52211 | Ep: 1494 | Steps:  101 | Reward:   245.96
Total T:   52318 | Ep: 1495 | Steps:  107 | Reward:   268.31
Total T:   52425 | Ep: 1496 | Steps:  107 | Reward:   267.32
Total T:   52529 | Ep: 1497 | Steps:  104 | Reward:   260.35
Total T:   52631 | Ep: 1498 | Steps:  102 | Reward:   250.12
Total T:   52734 | Ep: 1499 | Steps:  103 | Reward:   257.01
Total T:   52837 | Ep: 1500 | Steps:  103 | Reward:   255.66
Total T:   52941 | Ep: 1501 | Steps:  104 | Reward:   256.97
Total T:   53039 | Ep: 1502 | Steps:   98 | Reward:   240.77
Total T:   53145 | Ep: 1503 | Steps:  106 | Reward:   264.26
Total T:   53253 | Ep: 1504 | Steps:  108 | Reward:   268.33
Total T:   53352 | Ep: 1505 | Steps:   99 | Reward:   239.43
Total T:   53454 | Ep: 1506 | Steps:  102 | Reward:   250.46
Total T:   53562 | Ep: 1507 | Steps:  108 | Reward:   269.38
Total T:   53667 | Ep: 1508 | Steps:  105 | Reward:   261.81
Total T:   53775 | Ep: 1509 | Steps:  108 | Reward:   267.60
Total T:   53883 | Ep: 1510 | Steps:  108 | Reward:   264.77
Total T:   53982 | Ep: 1511 | Steps:   99 | Reward:   240.69
Total T:   54089 | Ep: 1512 | Steps:  107 | Reward:   264.62
Total T:   54189 | Ep: 1513 | Steps:  100 | Reward:   241.80
Total T:   54295 | Ep: 1514 | Steps:  106 | Reward:   260.95
Total T:   54401 | Ep: 1515 | Steps:  106 | Reward:   259.80
Total T:   54509 | Ep: 1516 | Steps:  108 | Reward:   268.73
Total T:   54616 | Ep: 1517 | Steps:  107 | Reward:   263.77
Total T:   54722 | Ep: 1518 | Steps:  106 | Reward:   259.86
Total T:   54824 | Ep: 1519 | Steps:  102 | Reward:   246.54
Total T:   54931 | Ep: 1520 | Steps:  107 | Reward:   260.76
Total T:   55037 | Ep: 1521 | Steps:  106 | Reward:   262.46
Total T:   55144 | Ep: 1522 | Steps:  107 | Reward:   264.13
Total T:   55253 | Ep: 1523 | Steps:  109 | Reward:   269.63
Total T:   55360 | Ep: 1524 | Steps:  107 | Reward:   263.10
Total T:   55460 | Ep: 1525 | Steps:  100 | Reward:   240.23
Total T:   55560 | Ep: 1526 | Steps:  100 | Reward:   242.19
Total T:   55666 | Ep: 1527 | Steps:  106 | Reward:   262.11
Total T:   55768 | Ep: 1528 | Steps:  102 | Reward:   243.33
Total T:   55861 | Ep: 1529 | Steps:   93 | Reward:   221.84
Total T:   55966 | Ep: 1530 | Steps:  105 | Reward:   255.75
Total T:   56068 | Ep: 1531 | Steps:  102 | Reward:   243.05
Total T:   56169 | Ep: 1532 | Steps:  101 | Reward:   233.43
Total T:   56266 | Ep: 1533 | Steps:   97 | Reward:   233.76
Total T:   56373 | Ep: 1534 | Steps:  107 | Reward:   260.70
Total T:   56477 | Ep: 1535 | Steps:  104 | Reward:   252.80
Total T:   56581 | Ep: 1536 | Steps:  104 | Reward:   247.66
Total T:   56680 | Ep: 1537 | Steps:   99 | Reward:   241.69
Total T:   56769 | Ep: 1538 | Steps:   89 | Reward:   216.30
Total T:   56862 | Ep: 1539 | Steps:   93 | Reward:   224.16
Total T:   56960 | Ep: 1540 | Steps:   98 | Reward:   233.38
Total T:   57060 | Ep: 1541 | Steps:  100 | Reward:   242.00
Total T:   57158 | Ep: 1542 | Steps:   98 | Reward:   238.36
Total T:   57248 | Ep: 1543 | Steps:   90 | Reward:   211.65
Total T:   57338 | Ep: 1544 | Steps:   90 | Reward:   213.90
Total T:   57439 | Ep: 1545 | Steps:  101 | Reward:   239.87
Total T:   57534 | Ep: 1546 | Steps:   95 | Reward:   230.53
Total T:   57626 | Ep: 1547 | Steps:   92 | Reward:   219.23
Total T:   57722 | Ep: 1548 | Steps:   96 | Reward:   227.24
Total T:   57831 | Ep: 1549 | Steps:  109 | Reward:   265.20
Total T:   57926 | Ep: 1550 | Steps:   95 | Reward:   228.03
Total T:   58034 | Ep: 1551 | Steps:  108 | Reward:   262.74
Total T:   58131 | Ep: 1552 | Steps:   97 | Reward:   230.88
Total T:   58234 | Ep: 1553 | Steps:  103 | Reward:   246.98
Total T:   58337 | Ep: 1554 | Steps:  103 | Reward:   243.25
Total T:   58441 | Ep: 1555 | Steps:  104 | Reward:   246.03
Total T:   58542 | Ep: 1556 | Steps:  101 | Reward:   239.90
Total T:   58637 | Ep: 1557 | Steps:   95 | Reward:   224.72
Total T:   58745 | Ep: 1558 | Steps:  108 | Reward:   256.89
Total T:   58845 | Ep: 1559 | Steps:  100 | Reward:   233.44
Total T:   58953 | Ep: 1560 | Steps:  108 | Reward:   262.78
Total T:   59057 | Ep: 1561 | Steps:  104 | Reward:   243.60
Total T:   59165 | Ep: 1562 | Steps:  108 | Reward:   256.95
Total T:   59271 | Ep: 1563 | Steps:  106 | Reward:   245.79
Total T:   59376 | Ep: 1564 | Steps:  105 | Reward:   249.74
Total T:   59479 | Ep: 1565 | Steps:  103 | Reward:   242.80
Total T:   59589 | Ep: 1566 | Steps:  110 | Reward:   264.97
Total T:   59689 | Ep: 1567 | Steps:  100 | Reward:   237.99
Total T:   59794 | Ep: 1568 | Steps:  105 | Reward:   251.61
Total T:   59901 | Ep: 1569 | Steps:  107 | Reward:   255.07
---------------------------------------
Evaluation over 10 episodes: 258.099
---------------------------------------
Total T:   60008 | Ep: 1570 | Steps:  107 | Reward:   253.32
Total T:   60110 | Ep: 1571 | Steps:  102 | Reward:   247.14
Total T:   60218 | Ep: 1572 | Steps:  108 | Reward:   259.66
Total T:   60318 | Ep: 1573 | Steps:  100 | Reward:   239.27
Total T:   60425 | Ep: 1574 | Steps:  107 | Reward:   252.33
Total T:   60527 | Ep: 1575 | Steps:  102 | Reward:   237.38
Total T:   60624 | Ep: 1576 | Steps:   97 | Reward:   234.87
Total T:   60723 | Ep: 1577 | Steps:   99 | Reward:   241.10
Total T:   60831 | Ep: 1578 | Steps:  108 | Reward:   252.85
Total T:   60935 | Ep: 1579 | Steps:  104 | Reward:   255.33
Total T:   61038 | Ep: 1580 | Steps:  103 | Reward:   244.38
Total T:   61140 | Ep: 1581 | Steps:  102 | Reward:   240.93
Total T:   61241 | Ep: 1582 | Steps:  101 | Reward:   231.97
Total T:   61339 | Ep: 1583 | Steps:   98 | Reward:   226.98
Total T:   61445 | Ep: 1584 | Steps:  106 | Reward:   242.73
Total T:   61549 | Ep: 1585 | Steps:  104 | Reward:   242.17
Total T:   61650 | Ep: 1586 | Steps:  101 | Reward:   228.03
Total T:   61752 | Ep: 1587 | Steps:  102 | Reward:   241.09
Total T:   61854 | Ep: 1588 | Steps:  102 | Reward:   247.65
Total T:   61959 | Ep: 1589 | Steps:  105 | Reward:   232.70
Total T:   62061 | Ep: 1590 | Steps:  102 | Reward:   246.98
Total T:   62162 | Ep: 1591 | Steps:  101 | Reward:   244.47
Total T:   62264 | Ep: 1592 | Steps:  102 | Reward:   237.16
Total T:   62369 | Ep: 1593 | Steps:  105 | Reward:   236.71
Total T:   62471 | Ep: 1594 | Steps:  102 | Reward:   232.41
Total T:   62565 | Ep: 1595 | Steps:   94 | Reward:   213.65
Total T:   62675 | Ep: 1596 | Steps:  110 | Reward:   254.71
Total T:   62777 | Ep: 1597 | Steps:  102 | Reward:   241.49
Total T:   62887 | Ep: 1598 | Steps:  110 | Reward:   228.01
Total T:   62990 | Ep: 1599 | Steps:  103 | Reward:   212.58
Total T:   63097 | Ep: 1600 | Steps:  107 | Reward:   226.76
Total T:   63198 | Ep: 1601 | Steps:  101 | Reward:   223.28
Total T:   63305 | Ep: 1602 | Steps:  107 | Reward:   234.85
Total T:   63414 | Ep: 1603 | Steps:  109 | Reward:   243.32
Total T:   63523 | Ep: 1604 | Steps:  109 | Reward:   254.20
Total T:   63632 | Ep: 1605 | Steps:  109 | Reward:   237.43
Total T:   63731 | Ep: 1606 | Steps:   99 | Reward:   199.41
Total T:   63840 | Ep: 1607 | Steps:  109 | Reward:   233.05
Total T:   63949 | Ep: 1608 | Steps:  109 | Reward:   224.13
Total T:   64058 | Ep: 1609 | Steps:  109 | Reward:   234.99
Total T:   64169 | Ep: 1610 | Steps:  111 | Reward:   246.81
Total T:   64270 | Ep: 1611 | Steps:  101 | Reward:   208.11
Total T:   64381 | Ep: 1612 | Steps:  111 | Reward:   248.07
Total T:   64491 | Ep: 1613 | Steps:  110 | Reward:   248.29
Total T:   64601 | Ep: 1614 | Steps:  110 | Reward:   249.87
Total T:   64710 | Ep: 1615 | Steps:  109 | Reward:   245.98
Total T:   64821 | Ep: 1616 | Steps:  111 | Reward:   250.28
Total T:   64931 | Ep: 1617 | Steps:  110 | Reward:   255.54
Total T:   65036 | Ep: 1618 | Steps:  105 | Reward:   232.18
Total T:   65145 | Ep: 1619 | Steps:  109 | Reward:   251.08
Total T:   65254 | Ep: 1620 | Steps:  109 | Reward:   244.34
Total T:   65367 | Ep: 1621 | Steps:  113 | Reward:   252.75
Total T:   65479 | Ep: 1622 | Steps:  112 | Reward:   252.70
Total T:   65586 | Ep: 1623 | Steps:  107 | Reward:   242.71
Total T:   65688 | Ep: 1624 | Steps:  102 | Reward:   223.18
Total T:   65801 | Ep: 1625 | Steps:  113 | Reward:   259.62
Total T:   65910 | Ep: 1626 | Steps:  109 | Reward:   232.34
Total T:   66019 | Ep: 1627 | Steps:  109 | Reward:   241.39
Total T:   66148 | Ep: 1628 | Steps:  129 | Reward:   331.49
Total T:   66264 | Ep: 1629 | Steps:  116 | Reward:   265.22
Total T:   66380 | Ep: 1630 | Steps:  116 | Reward:   258.17
Total T:   66493 | Ep: 1631 | Steps:  113 | Reward:   253.60
Total T:   66607 | Ep: 1632 | Steps:  114 | Reward:   256.52
Total T:   66718 | Ep: 1633 | Steps:  111 | Reward:   250.51
Total T:   66832 | Ep: 1634 | Steps:  114 | Reward:   251.93
Total T:   66945 | Ep: 1635 | Steps:  113 | Reward:   254.74
Total T:   67060 | Ep: 1636 | Steps:  115 | Reward:   264.70
Total T:   67174 | Ep: 1637 | Steps:  114 | Reward:   265.59
Total T:   67290 | Ep: 1638 | Steps:  116 | Reward:   270.69
Total T:   67407 | Ep: 1639 | Steps:  117 | Reward:   264.92
Total T:   67524 | Ep: 1640 | Steps:  117 | Reward:   275.16
Total T:   67647 | Ep: 1641 | Steps:  123 | Reward:   282.64
Total T:   67763 | Ep: 1642 | Steps:  116 | Reward:   261.14
Total T:   67887 | Ep: 1643 | Steps:  124 | Reward:   292.73
Total T:   68012 | Ep: 1644 | Steps:  125 | Reward:   295.85
Total T:   68135 | Ep: 1645 | Steps:  123 | Reward:   290.14
Total T:   68264 | Ep: 1646 | Steps:  129 | Reward:   308.68
Total T:   68390 | Ep: 1647 | Steps:  126 | Reward:   302.95
Total T:   68517 | Ep: 1648 | Steps:  127 | Reward:   294.47
Total T:   68634 | Ep: 1649 | Steps:  117 | Reward:   263.00
Total T:   68756 | Ep: 1650 | Steps:  122 | Reward:   290.07
Total T:   68876 | Ep: 1651 | Steps:  120 | Reward:   269.22
Total T:   68996 | Ep: 1652 | Steps:  120 | Reward:   280.10
Total T:   69113 | Ep: 1653 | Steps:  117 | Reward:   251.14
Total T:   69239 | Ep: 1654 | Steps:  126 | Reward:   292.91
Total T:   69359 | Ep: 1655 | Steps:  120 | Reward:   268.65
Total T:   69493 | Ep: 1656 | Steps:  134 | Reward:   314.92
Total T:   69623 | Ep: 1657 | Steps:  130 | Reward:   305.70
Total T:   69739 | Ep: 1658 | Steps:  116 | Reward:   250.47
Total T:   69870 | Ep: 1659 | Steps:  131 | Reward:   306.09
Total T:   70000 | Ep: 1660 | Steps:  130 | Reward:   305.07
---------------------------------------
Evaluation over 10 episodes: 279.566
---------------------------------------
Total T:   70134 | Ep: 1661 | Steps:  134 | Reward:   316.44
Total T:   70266 | Ep: 1662 | Steps:  132 | Reward:   296.82
Total T:   70399 | Ep: 1663 | Steps:  133 | Reward:   307.26
Total T:   70487 | Ep: 1664 | Steps:   88 | Reward:   169.23
Total T:   70618 | Ep: 1665 | Steps:  131 | Reward:   302.53
Total T:   70751 | Ep: 1666 | Steps:  133 | Reward:   303.63
Total T:   70899 | Ep: 1667 | Steps:  148 | Reward:   352.44
Total T:   71039 | Ep: 1668 | Steps:  140 | Reward:   322.77
Total T:   71198 | Ep: 1669 | Steps:  159 | Reward:   378.68
Total T:   71328 | Ep: 1670 | Steps:  130 | Reward:   289.10
Total T:   71461 | Ep: 1671 | Steps:  133 | Reward:   300.39
Total T:   71604 | Ep: 1672 | Steps:  143 | Reward:   327.10
Total T:   71738 | Ep: 1673 | Steps:  134 | Reward:   292.16
Total T:   71883 | Ep: 1674 | Steps:  145 | Reward:   325.03
Total T:   72013 | Ep: 1675 | Steps:  130 | Reward:   286.31
Total T:   72154 | Ep: 1676 | Steps:  141 | Reward:   311.90
Total T:   72293 | Ep: 1677 | Steps:  139 | Reward:   318.82
Total T:   72428 | Ep: 1678 | Steps:  135 | Reward:   301.07
Total T:   72566 | Ep: 1679 | Steps:  138 | Reward:   308.70
Total T:   72697 | Ep: 1680 | Steps:  131 | Reward:   282.60
Total T:   72824 | Ep: 1681 | Steps:  127 | Reward:   275.58
Total T:   72951 | Ep: 1682 | Steps:  127 | Reward:   274.40
Total T:   73077 | Ep: 1683 | Steps:  126 | Reward:   268.39
Total T:   73210 | Ep: 1684 | Steps:  133 | Reward:   287.91
Total T:   73339 | Ep: 1685 | Steps:  129 | Reward:   272.49
Total T:   73466 | Ep: 1686 | Steps:  127 | Reward:   262.56
Total T:   73593 | Ep: 1687 | Steps:  127 | Reward:   269.56
Total T:   73714 | Ep: 1688 | Steps:  121 | Reward:   258.05
Total T:   73838 | Ep: 1689 | Steps:  124 | Reward:   257.04
Total T:   73970 | Ep: 1690 | Steps:  132 | Reward:   285.16
Total T:   74092 | Ep: 1691 | Steps:  122 | Reward:   255.57
Total T:   74227 | Ep: 1692 | Steps:  135 | Reward:   294.48
Total T:   74353 | Ep: 1693 | Steps:  126 | Reward:   271.28
Total T:   74474 | Ep: 1694 | Steps:  121 | Reward:   258.81
Total T:   74597 | Ep: 1695 | Steps:  123 | Reward:   256.62
Total T:   74725 | Ep: 1696 | Steps:  128 | Reward:   273.85
Total T:   74847 | Ep: 1697 | Steps:  122 | Reward:   260.55
Total T:   74975 | Ep: 1698 | Steps:  128 | Reward:   275.73
Total T:   75104 | Ep: 1699 | Steps:  129 | Reward:   281.81
Total T:   75231 | Ep: 1700 | Steps:  127 | Reward:   281.37
Total T:   75363 | Ep: 1701 | Steps:  132 | Reward:   290.63
Total T:   75487 | Ep: 1702 | Steps:  124 | Reward:   260.94
Total T:   75620 | Ep: 1703 | Steps:  133 | Reward:   302.16
Total T:   75742 | Ep: 1704 | Steps:  122 | Reward:   262.13
Total T:   75868 | Ep: 1705 | Steps:  126 | Reward:   278.45
Total T:   75990 | Ep: 1706 | Steps:  122 | Reward:   260.87
Total T:   76131 | Ep: 1707 | Steps:  141 | Reward:   314.87
Total T:   76256 | Ep: 1708 | Steps:  125 | Reward:   278.12
Total T:   76380 | Ep: 1709 | Steps:  124 | Reward:   268.73
Total T:   76513 | Ep: 1710 | Steps:  133 | Reward:   309.51
Total T:   76648 | Ep: 1711 | Steps:  135 | Reward:   308.60
Total T:   76776 | Ep: 1712 | Steps:  128 | Reward:   286.25
Total T:   76912 | Ep: 1713 | Steps:  136 | Reward:   310.40
Total T:   77045 | Ep: 1714 | Steps:  133 | Reward:   299.01
Total T:   77175 | Ep: 1715 | Steps:  130 | Reward:   297.19
Total T:   77312 | Ep: 1716 | Steps:  137 | Reward:   287.25
Total T:   77442 | Ep: 1717 | Steps:  130 | Reward:   283.91
Total T:   77576 | Ep: 1718 | Steps:  134 | Reward:   294.17
Total T:   77715 | Ep: 1719 | Steps:  139 | Reward:   296.81
Total T:   77854 | Ep: 1720 | Steps:  139 | Reward:   300.84
Total T:   77978 | Ep: 1721 | Steps:  124 | Reward:   266.30
Total T:   78112 | Ep: 1722 | Steps:  134 | Reward:   263.74
Total T:   78251 | Ep: 1723 | Steps:  139 | Reward:   298.95
Total T:   78392 | Ep: 1724 | Steps:  141 | Reward:   296.91
Total T:   78536 | Ep: 1725 | Steps:  144 | Reward:   297.03
Total T:   78678 | Ep: 1726 | Steps:  142 | Reward:   298.57
Total T:   78832 | Ep: 1727 | Steps:  154 | Reward:   321.51
Total T:   78977 | Ep: 1728 | Steps:  145 | Reward:   300.49
Total T:   79118 | Ep: 1729 | Steps:  141 | Reward:   295.00
Total T:   79270 | Ep: 1730 | Steps:  152 | Reward:   303.74
Total T:   79420 | Ep: 1731 | Steps:  150 | Reward:   307.73
Total T:   79575 | Ep: 1732 | Steps:  155 | Reward:   314.02
Total T:   79730 | Ep: 1733 | Steps:  155 | Reward:   310.54
Total T:   79880 | Ep: 1734 | Steps:  150 | Reward:   307.33
---------------------------------------
Evaluation over 10 episodes: 319.607
---------------------------------------
Total T:   80036 | Ep: 1735 | Steps:  156 | Reward:   312.31
Total T:   80201 | Ep: 1736 | Steps:  165 | Reward:   322.56
Total T:   80345 | Ep: 1737 | Steps:  144 | Reward:   287.80
Total T:   80471 | Ep: 1738 | Steps:  126 | Reward:   261.93
Total T:   80618 | Ep: 1739 | Steps:  147 | Reward:   296.12
Total T:   80766 | Ep: 1740 | Steps:  148 | Reward:   296.90
Total T:   80941 | Ep: 1741 | Steps:  175 | Reward:   342.12
Total T:   81075 | Ep: 1742 | Steps:  134 | Reward:   286.43
Total T:   81244 | Ep: 1743 | Steps:  169 | Reward:   328.67
Total T:   81366 | Ep: 1744 | Steps:  122 | Reward:   255.88
Total T:   81536 | Ep: 1745 | Steps:  170 | Reward:   324.13
Total T:   81690 | Ep: 1746 | Steps:  154 | Reward:   303.21
Total T:   81866 | Ep: 1747 | Steps:  176 | Reward:   329.00
Total T:   82028 | Ep: 1748 | Steps:  162 | Reward:   318.03
Total T:   82177 | Ep: 1749 | Steps:  149 | Reward:   301.59
Total T:   82330 | Ep: 1750 | Steps:  153 | Reward:   314.90
Total T:   82488 | Ep: 1751 | Steps:  158 | Reward:   317.20
Total T:   82646 | Ep: 1752 | Steps:  158 | Reward:   313.93
Total T:   82803 | Ep: 1753 | Steps:  157 | Reward:   306.99
Total T:   82949 | Ep: 1754 | Steps:  146 | Reward:   301.34
Total T:   83109 | Ep: 1755 | Steps:  160 | Reward:   313.55
Total T:   83260 | Ep: 1756 | Steps:  151 | Reward:   298.93
Total T:   83402 | Ep: 1757 | Steps:  142 | Reward:   295.11
Total T:   83538 | Ep: 1758 | Steps:  136 | Reward:   295.59
Total T:   83677 | Ep: 1759 | Steps:  139 | Reward:   296.09
Total T:   83830 | Ep: 1760 | Steps:  153 | Reward:   304.03
Total T:   83982 | Ep: 1761 | Steps:  152 | Reward:   304.45
Total T:   84133 | Ep: 1762 | Steps:  151 | Reward:   298.71
Total T:   84283 | Ep: 1763 | Steps:  150 | Reward:   309.51
Total T:   84444 | Ep: 1764 | Steps:  161 | Reward:   322.42
Total T:   84606 | Ep: 1765 | Steps:  162 | Reward:   323.02
Total T:   84744 | Ep: 1766 | Steps:  138 | Reward:   293.02
Total T:   84933 | Ep: 1767 | Steps:  189 | Reward:   361.13
Total T:   85091 | Ep: 1768 | Steps:  158 | Reward:   318.88
Total T:   85270 | Ep: 1769 | Steps:  179 | Reward:   349.01
Total T:   85435 | Ep: 1770 | Steps:  165 | Reward:   331.84
Total T:   85595 | Ep: 1771 | Steps:  160 | Reward:   318.60
Total T:   85756 | Ep: 1772 | Steps:  161 | Reward:   325.98
Total T:   85895 | Ep: 1773 | Steps:  139 | Reward:   297.33
Total T:   86062 | Ep: 1774 | Steps:  167 | Reward:   323.51
Total T:   86224 | Ep: 1775 | Steps:  162 | Reward:   319.65
Total T:   86423 | Ep: 1776 | Steps:  199 | Reward:   371.97
Total T:   86616 | Ep: 1777 | Steps:  193 | Reward:   365.43
Total T:   86782 | Ep: 1778 | Steps:  166 | Reward:   322.22
Total T:   86921 | Ep: 1779 | Steps:  139 | Reward:   299.07
Total T:   87081 | Ep: 1780 | Steps:  160 | Reward:   321.91
Total T:   87262 | Ep: 1781 | Steps:  181 | Reward:   345.03
Total T:   87399 | Ep: 1782 | Steps:  137 | Reward:   298.27
Total T:   87552 | Ep: 1783 | Steps:  153 | Reward:   307.35
Total T:   87713 | Ep: 1784 | Steps:  161 | Reward:   320.56
Total T:   87866 | Ep: 1785 | Steps:  153 | Reward:   317.88
Total T:   88057 | Ep: 1786 | Steps:  191 | Reward:   362.60
Total T:   88187 | Ep: 1787 | Steps:  130 | Reward:   285.13
Total T:   88334 | Ep: 1788 | Steps:  147 | Reward:   309.05
Total T:   88468 | Ep: 1789 | Steps:  134 | Reward:   293.08
Total T:   88588 | Ep: 1790 | Steps:  120 | Reward:   276.49
Total T:   88707 | Ep: 1791 | Steps:  119 | Reward:   268.75
Total T:   88843 | Ep: 1792 | Steps:  136 | Reward:   299.50
Total T:   88993 | Ep: 1793 | Steps:  150 | Reward:   320.13
Total T:   89132 | Ep: 1794 | Steps:  139 | Reward:   308.51
Total T:   89278 | Ep: 1795 | Steps:  146 | Reward:   314.93
Total T:   89430 | Ep: 1796 | Steps:  152 | Reward:   322.19
Total T:   89568 | Ep: 1797 | Steps:  138 | Reward:   304.81
Total T:   89711 | Ep: 1798 | Steps:  143 | Reward:   312.96
Total T:   89853 | Ep: 1799 | Steps:  142 | Reward:   310.70
Total T:   89979 | Ep: 1800 | Steps:  126 | Reward:   292.12
---------------------------------------
Evaluation over 10 episodes: 314.441
---------------------------------------
Total T:   90127 | Ep: 1801 | Steps:  148 | Reward:   310.02
Total T:   90248 | Ep: 1802 | Steps:  121 | Reward:   268.49
Total T:   90405 | Ep: 1803 | Steps:  157 | Reward:   323.15
Total T:   90540 | Ep: 1804 | Steps:  135 | Reward:   304.51
Total T:   90681 | Ep: 1805 | Steps:  141 | Reward:   310.92
Total T:   90822 | Ep: 1806 | Steps:  141 | Reward:   309.52
Total T:   90961 | Ep: 1807 | Steps:  139 | Reward:   305.25
Total T:   91107 | Ep: 1808 | Steps:  146 | Reward:   306.71
Total T:   91245 | Ep: 1809 | Steps:  138 | Reward:   306.94
Total T:   91383 | Ep: 1810 | Steps:  138 | Reward:   308.34
Total T:   91533 | Ep: 1811 | Steps:  150 | Reward:   310.29
Total T:   91682 | Ep: 1812 | Steps:  149 | Reward:   309.45
Total T:   91850 | Ep: 1813 | Steps:  168 | Reward:   325.45
Total T:   92017 | Ep: 1814 | Steps:  167 | Reward:   320.09
Total T:   92186 | Ep: 1815 | Steps:  169 | Reward:   324.38
Total T:   92328 | Ep: 1816 | Steps:  142 | Reward:   306.28
Total T:   92474 | Ep: 1817 | Steps:  146 | Reward:   311.99
Total T:   92620 | Ep: 1818 | Steps:  146 | Reward:   304.06
Total T:   92763 | Ep: 1819 | Steps:  143 | Reward:   303.88
Total T:   92898 | Ep: 1820 | Steps:  135 | Reward:   276.73
Total T:   93046 | Ep: 1821 | Steps:  148 | Reward:   297.49
Total T:   93196 | Ep: 1822 | Steps:  150 | Reward:   296.71
Total T:   93345 | Ep: 1823 | Steps:  149 | Reward:   293.61
Total T:   93496 | Ep: 1824 | Steps:  151 | Reward:   312.36
Total T:   93634 | Ep: 1825 | Steps:  138 | Reward:   308.43
Total T:   93776 | Ep: 1826 | Steps:  142 | Reward:   309.07
Total T:   93904 | Ep: 1827 | Steps:  128 | Reward:   296.11
Total T:   94056 | Ep: 1828 | Steps:  152 | Reward:   313.44
Total T:   94186 | Ep: 1829 | Steps:  130 | Reward:   286.89
Total T:   94326 | Ep: 1830 | Steps:  140 | Reward:   293.05
Total T:   94460 | Ep: 1831 | Steps:  134 | Reward:   283.44
Total T:   94591 | Ep: 1832 | Steps:  131 | Reward:   290.65
Total T:   94739 | Ep: 1833 | Steps:  148 | Reward:   301.87
Total T:   94887 | Ep: 1834 | Steps:  148 | Reward:   305.46
Total T:   95019 | Ep: 1835 | Steps:  132 | Reward:   299.22
Total T:   95157 | Ep: 1836 | Steps:  138 | Reward:   300.55
Total T:   95290 | Ep: 1837 | Steps:  133 | Reward:   295.67
Total T:   95426 | Ep: 1838 | Steps:  136 | Reward:   294.92
Total T:   95572 | Ep: 1839 | Steps:  146 | Reward:   304.85
Total T:   95715 | Ep: 1840 | Steps:  143 | Reward:   299.05
Total T:   95852 | Ep: 1841 | Steps:  137 | Reward:   304.02
Total T:   95985 | Ep: 1842 | Steps:  133 | Reward:   303.49
Total T:   96122 | Ep: 1843 | Steps:  137 | Reward:   305.35
Total T:   96286 | Ep: 1844 | Steps:  164 | Reward:   354.80
Total T:   96425 | Ep: 1845 | Steps:  139 | Reward:   308.58
Total T:   96563 | Ep: 1846 | Steps:  138 | Reward:   308.10
Total T:   96701 | Ep: 1847 | Steps:  138 | Reward:   305.61
Total T:   96846 | Ep: 1848 | Steps:  145 | Reward:   317.74
Total T:   96984 | Ep: 1849 | Steps:  138 | Reward:   310.07
Total T:   97142 | Ep: 1850 | Steps:  158 | Reward:   329.28
Total T:   97267 | Ep: 1851 | Steps:  125 | Reward:   268.05
Total T:   97412 | Ep: 1852 | Steps:  145 | Reward:   316.42
Total T:   97552 | Ep: 1853 | Steps:  140 | Reward:   306.96
Total T:   97697 | Ep: 1854 | Steps:  145 | Reward:   313.03
Total T:   97845 | Ep: 1855 | Steps:  148 | Reward:   322.06
Total T:   97986 | Ep: 1856 | Steps:  141 | Reward:   309.71
Total T:   98123 | Ep: 1857 | Steps:  137 | Reward:   307.75
Total T:   98258 | Ep: 1858 | Steps:  135 | Reward:   304.41
Total T:   98403 | Ep: 1859 | Steps:  145 | Reward:   320.04
Total T:   98552 | Ep: 1860 | Steps:  149 | Reward:   324.87
Total T:   98700 | Ep: 1861 | Steps:  148 | Reward:   324.89
Total T:   98846 | Ep: 1862 | Steps:  146 | Reward:   321.57
Total T:   98982 | Ep: 1863 | Steps:  136 | Reward:   304.57
Total T:   99125 | Ep: 1864 | Steps:  143 | Reward:   310.19
Total T:   99270 | Ep: 1865 | Steps:  145 | Reward:   309.97
Total T:   99412 | Ep: 1866 | Steps:  142 | Reward:   307.56
Total T:   99556 | Ep: 1867 | Steps:  144 | Reward:   309.89
Total T:   99704 | Ep: 1868 | Steps:  148 | Reward:   318.83
Total T:   99842 | Ep: 1869 | Steps:  138 | Reward:   296.62
Total T:   99979 | Ep: 1870 | Steps:  137 | Reward:   308.61
---------------------------------------
Evaluation over 10 episodes: 310.813
---------------------------------------
Total T:  100116 | Ep: 1871 | Steps:  137 | Reward:   296.94
Total T:  100248 | Ep: 1872 | Steps:  132 | Reward:   288.68
Total T:  100375 | Ep: 1873 | Steps:  127 | Reward:   285.97
Total T:  100522 | Ep: 1874 | Steps:  147 | Reward:   319.39
Total T:  100654 | Ep: 1875 | Steps:  132 | Reward:   299.93
Total T:  100795 | Ep: 1876 | Steps:  141 | Reward:   314.70
Total T:  100941 | Ep: 1877 | Steps:  146 | Reward:   313.10
Total T:  101064 | Ep: 1878 | Steps:  123 | Reward:   279.14
Total T:  101195 | Ep: 1879 | Steps:  131 | Reward:   305.00
Total T:  101330 | Ep: 1880 | Steps:  135 | Reward:   307.48
Total T:  101479 | Ep: 1881 | Steps:  149 | Reward:   333.97
Total T:  101611 | Ep: 1882 | Steps:  132 | Reward:   297.47
Total T:  101746 | Ep: 1883 | Steps:  135 | Reward:   310.12
Total T:  101878 | Ep: 1884 | Steps:  132 | Reward:   302.43
Total T:  102018 | Ep: 1885 | Steps:  140 | Reward:   309.29
Total T:  102144 | Ep: 1886 | Steps:  126 | Reward:   297.41
Total T:  102275 | Ep: 1887 | Steps:  131 | Reward:   304.74
Total T:  102404 | Ep: 1888 | Steps:  129 | Reward:   305.17
Total T:  102536 | Ep: 1889 | Steps:  132 | Reward:   307.50
Total T:  102656 | Ep: 1890 | Steps:  120 | Reward:   256.42
Total T:  102787 | Ep: 1891 | Steps:  131 | Reward:   305.90
Total T:  102909 | Ep: 1892 | Steps:  122 | Reward:   284.81
Total T:  103043 | Ep: 1893 | Steps:  134 | Reward:   297.69
Total T:  103168 | Ep: 1894 | Steps:  125 | Reward:   290.64
Total T:  103287 | Ep: 1895 | Steps:  119 | Reward:   270.65
Total T:  103419 | Ep: 1896 | Steps:  132 | Reward:   304.06
Total T:  103548 | Ep: 1897 | Steps:  129 | Reward:   304.23
Total T:  103676 | Ep: 1898 | Steps:  128 | Reward:   298.28
Total T:  103806 | Ep: 1899 | Steps:  130 | Reward:   302.13
Total T:  103938 | Ep: 1900 | Steps:  132 | Reward:   307.90
Total T:  104066 | Ep: 1901 | Steps:  128 | Reward:   295.51
Total T:  104197 | Ep: 1902 | Steps:  131 | Reward:   302.59
Total T:  104325 | Ep: 1903 | Steps:  128 | Reward:   290.65
Total T:  104459 | Ep: 1904 | Steps:  134 | Reward:   308.99
Total T:  104596 | Ep: 1905 | Steps:  137 | Reward:   313.67
Total T:  104722 | Ep: 1906 | Steps:  126 | Reward:   287.64
Total T:  104854 | Ep: 1907 | Steps:  132 | Reward:   303.44
Total T:  104986 | Ep: 1908 | Steps:  132 | Reward:   306.05
Total T:  105119 | Ep: 1909 | Steps:  133 | Reward:   302.68
Total T:  105254 | Ep: 1910 | Steps:  135 | Reward:   297.00
Total T:  105382 | Ep: 1911 | Steps:  128 | Reward:   287.36
Total T:  105518 | Ep: 1912 | Steps:  136 | Reward:   296.42
Total T:  105649 | Ep: 1913 | Steps:  131 | Reward:   292.32
Total T:  105786 | Ep: 1914 | Steps:  137 | Reward:   308.39
Total T:  105927 | Ep: 1915 | Steps:  141 | Reward:   313.47
Total T:  106064 | Ep: 1916 | Steps:  137 | Reward:   299.70
Total T:  106198 | Ep: 1917 | Steps:  134 | Reward:   296.69
Total T:  106329 | Ep: 1918 | Steps:  131 | Reward:   292.34
Total T:  106466 | Ep: 1919 | Steps:  137 | Reward:   301.44
Total T:  106594 | Ep: 1920 | Steps:  128 | Reward:   276.66
Total T:  106726 | Ep: 1921 | Steps:  132 | Reward:   283.11
Total T:  106859 | Ep: 1922 | Steps:  133 | Reward:   293.27
Total T:  106990 | Ep: 1923 | Steps:  131 | Reward:   290.03
Total T:  107130 | Ep: 1924 | Steps:  140 | Reward:   310.59
Total T:  107263 | Ep: 1925 | Steps:  133 | Reward:   296.13
Total T:  107387 | Ep: 1926 | Steps:  124 | Reward:   273.38
Total T:  107523 | Ep: 1927 | Steps:  136 | Reward:   297.52
Total T:  107654 | Ep: 1928 | Steps:  131 | Reward:   294.03
Total T:  107791 | Ep: 1929 | Steps:  137 | Reward:   302.36
Total T:  107923 | Ep: 1930 | Steps:  132 | Reward:   296.58
Total T:  108062 | Ep: 1931 | Steps:  139 | Reward:   301.34
Total T:  108195 | Ep: 1932 | Steps:  133 | Reward:   298.76
Total T:  108334 | Ep: 1933 | Steps:  139 | Reward:   300.87
Total T:  108471 | Ep: 1934 | Steps:  137 | Reward:   303.52
Total T:  108609 | Ep: 1935 | Steps:  138 | Reward:   305.21
Total T:  108748 | Ep: 1936 | Steps:  139 | Reward:   312.30
Total T:  108892 | Ep: 1937 | Steps:  144 | Reward:   323.78
Total T:  109032 | Ep: 1938 | Steps:  140 | Reward:   307.68
Total T:  109171 | Ep: 1939 | Steps:  139 | Reward:   310.82
Total T:  109308 | Ep: 1940 | Steps:  137 | Reward:   313.22
Total T:  109443 | Ep: 1941 | Steps:  135 | Reward:   304.35
Total T:  109579 | Ep: 1942 | Steps:  136 | Reward:   307.83
Total T:  109720 | Ep: 1943 | Steps:  141 | Reward:   312.62
Total T:  109860 | Ep: 1944 | Steps:  140 | Reward:   310.59
Total T:  109997 | Ep: 1945 | Steps:  137 | Reward:   309.77
---------------------------------------
Evaluation over 10 episodes: 305.047
---------------------------------------
Total T:  110135 | Ep: 1946 | Steps:  138 | Reward:   310.80
Total T:  110272 | Ep: 1947 | Steps:  137 | Reward:   311.95
Total T:  110411 | Ep: 1948 | Steps:  139 | Reward:   311.34
Total T:  110549 | Ep: 1949 | Steps:  138 | Reward:   308.16
Total T:  110684 | Ep: 1950 | Steps:  135 | Reward:   304.44
Total T:  110828 | Ep: 1951 | Steps:  144 | Reward:   317.66
Total T:  110968 | Ep: 1952 | Steps:  140 | Reward:   318.75
Total T:  111119 | Ep: 1953 | Steps:  151 | Reward:   331.41
Total T:  111259 | Ep: 1954 | Steps:  140 | Reward:   316.46
Total T:  111398 | Ep: 1955 | Steps:  139 | Reward:   315.33
Total T:  111537 | Ep: 1956 | Steps:  139 | Reward:   310.09
Total T:  111675 | Ep: 1957 | Steps:  138 | Reward:   312.69
Total T:  111817 | Ep: 1958 | Steps:  142 | Reward:   317.94
Total T:  111961 | Ep: 1959 | Steps:  144 | Reward:   322.84
Total T:  112106 | Ep: 1960 | Steps:  145 | Reward:   318.44
Total T:  112248 | Ep: 1961 | Steps:  142 | Reward:   315.40
Total T:  112385 | Ep: 1962 | Steps:  137 | Reward:   306.50
Total T:  112528 | Ep: 1963 | Steps:  143 | Reward:   318.64
Total T:  112668 | Ep: 1964 | Steps:  140 | Reward:   310.85
Total T:  112811 | Ep: 1965 | Steps:  143 | Reward:   317.55
Total T:  112960 | Ep: 1966 | Steps:  149 | Reward:   327.09
Total T:  113123 | Ep: 1967 | Steps:  163 | Reward:   345.13
Total T:  113268 | Ep: 1968 | Steps:  145 | Reward:   327.41
Total T:  113411 | Ep: 1969 | Steps:  143 | Reward:   326.53
Total T:  113551 | Ep: 1970 | Steps:  140 | Reward:   314.42
Total T:  113691 | Ep: 1971 | Steps:  140 | Reward:   321.49
Total T:  113825 | Ep: 1972 | Steps:  134 | Reward:   306.85
Total T:  113969 | Ep: 1973 | Steps:  144 | Reward:   322.19
Total T:  114112 | Ep: 1974 | Steps:  143 | Reward:   320.96
Total T:  114251 | Ep: 1975 | Steps:  139 | Reward:   314.13
Total T:  114397 | Ep: 1976 | Steps:  146 | Reward:   319.37
Total T:  114540 | Ep: 1977 | Steps:  143 | Reward:   314.81
Total T:  114681 | Ep: 1978 | Steps:  141 | Reward:   310.86
Total T:  114822 | Ep: 1979 | Steps:  141 | Reward:   315.13
Total T:  114965 | Ep: 1980 | Steps:  143 | Reward:   312.38
Total T:  115114 | Ep: 1981 | Steps:  149 | Reward:   329.34
Total T:  115256 | Ep: 1982 | Steps:  142 | Reward:   317.26
Total T:  115384 | Ep: 1983 | Steps:  128 | Reward:   298.24
Total T:  115532 | Ep: 1984 | Steps:  148 | Reward:   326.19
Total T:  115665 | Ep: 1985 | Steps:  133 | Reward:   304.29
Total T:  115811 | Ep: 1986 | Steps:  146 | Reward:   323.08
Total T:  115962 | Ep: 1987 | Steps:  151 | Reward:   339.43
Total T:  116095 | Ep: 1988 | Steps:  133 | Reward:   305.77
Total T:  116249 | Ep: 1989 | Steps:  154 | Reward:   333.32
Total T:  116400 | Ep: 1990 | Steps:  151 | Reward:   339.93
Total T:  116568 | Ep: 1991 | Steps:  168 | Reward:   363.37
Total T:  116700 | Ep: 1992 | Steps:  132 | Reward:   304.51
Total T:  116848 | Ep: 1993 | Steps:  148 | Reward:   327.73
Total T:  116981 | Ep: 1994 | Steps:  133 | Reward:   306.06
Total T:  117117 | Ep: 1995 | Steps:  136 | Reward:   307.66
Total T:  117260 | Ep: 1996 | Steps:  143 | Reward:   323.46
Total T:  117416 | Ep: 1997 | Steps:  156 | Reward:   343.80
Total T:  117565 | Ep: 1998 | Steps:  149 | Reward:   331.94
Total T:  117706 | Ep: 1999 | Steps:  141 | Reward:   316.84
Total T:  117855 | Ep: 2000 | Steps:  149 | Reward:   325.96
Total T:  118004 | Ep: 2001 | Steps:  149 | Reward:   333.31
Total T:  118148 | Ep: 2002 | Steps:  144 | Reward:   325.27
Total T:  118298 | Ep: 2003 | Steps:  150 | Reward:   333.47
Total T:  118449 | Ep: 2004 | Steps:  151 | Reward:   336.26
Total T:  118602 | Ep: 2005 | Steps:  153 | Reward:   345.15
Total T:  118750 | Ep: 2006 | Steps:  148 | Reward:   334.15
Total T:  118899 | Ep: 2007 | Steps:  149 | Reward:   334.09
Total T:  119040 | Ep: 2008 | Steps:  141 | Reward:   313.79
Total T:  119182 | Ep: 2009 | Steps:  142 | Reward:   322.58
Total T:  119335 | Ep: 2010 | Steps:  153 | Reward:   340.00
Total T:  119494 | Ep: 2011 | Steps:  159 | Reward:   359.08
Total T:  119662 | Ep: 2012 | Steps:  168 | Reward:   370.79
Total T:  119802 | Ep: 2013 | Steps:  140 | Reward:   319.86
Total T:  119962 | Ep: 2014 | Steps:  160 | Reward:   351.45
---------------------------------------
Evaluation over 10 episodes: 338.310
---------------------------------------
Total T:  120115 | Ep: 2015 | Steps:  153 | Reward:   339.70
Total T:  120292 | Ep: 2016 | Steps:  177 | Reward:   365.48
Total T:  120471 | Ep: 2017 | Steps:  179 | Reward:   365.13
Total T:  120666 | Ep: 2018 | Steps:  195 | Reward:   385.86
Total T:  120835 | Ep: 2019 | Steps:  169 | Reward:   358.61
Total T:  120979 | Ep: 2020 | Steps:  144 | Reward:   323.69
Total T:  121142 | Ep: 2021 | Steps:  163 | Reward:   349.41
Total T:  121303 | Ep: 2022 | Steps:  161 | Reward:   350.06
Total T:  121453 | Ep: 2023 | Steps:  150 | Reward:   329.96
Total T:  121651 | Ep: 2024 | Steps:  198 | Reward:   385.93
Total T:  121838 | Ep: 2025 | Steps:  187 | Reward:   376.04
Total T:  122020 | Ep: 2026 | Steps:  182 | Reward:   363.29
Total T:  122218 | Ep: 2027 | Steps:  198 | Reward:   382.96
Total T:  122394 | Ep: 2028 | Steps:  176 | Reward:   356.82
Total T:  122561 | Ep: 2029 | Steps:  167 | Reward:   347.34
Total T:  122710 | Ep: 2030 | Steps:  149 | Reward:   324.61
Total T:  122868 | Ep: 2031 | Steps:  158 | Reward:   338.59
Total T:  123015 | Ep: 2032 | Steps:  147 | Reward:   322.12
Total T:  123179 | Ep: 2033 | Steps:  164 | Reward:   343.97
Total T:  123346 | Ep: 2034 | Steps:  167 | Reward:   346.15
Total T:  123518 | Ep: 2035 | Steps:  172 | Reward:   338.57
Total T:  123672 | Ep: 2036 | Steps:  154 | Reward:   327.74
Total T:  123827 | Ep: 2037 | Steps:  155 | Reward:   337.95
Total T:  123981 | Ep: 2038 | Steps:  154 | Reward:   339.10
Total T:  124139 | Ep: 2039 | Steps:  158 | Reward:   336.46
Total T:  124296 | Ep: 2040 | Steps:  157 | Reward:   338.12
Total T:  124457 | Ep: 2041 | Steps:  161 | Reward:   342.98
Total T:  124609 | Ep: 2042 | Steps:  152 | Reward:   335.49
Total T:  124759 | Ep: 2043 | Steps:  150 | Reward:   326.59
Total T:  124923 | Ep: 2044 | Steps:  164 | Reward:   351.06
Total T:  125059 | Ep: 2045 | Steps:  136 | Reward:   315.74
Total T:  125209 | Ep: 2046 | Steps:  150 | Reward:   335.90
Total T:  125358 | Ep: 2047 | Steps:  149 | Reward:   343.89
Total T:  125536 | Ep: 2048 | Steps:  178 | Reward:   377.05
Total T:  125696 | Ep: 2049 | Steps:  160 | Reward:   343.47
Total T:  125837 | Ep: 2050 | Steps:  141 | Reward:   322.19
Total T:  125990 | Ep: 2051 | Steps:  153 | Reward:   340.24
Total T:  126148 | Ep: 2052 | Steps:  158 | Reward:   331.70
Total T:  126289 | Ep: 2053 | Steps:  141 | Reward:   320.48
Total T:  126458 | Ep: 2054 | Steps:  169 | Reward:   385.59
Total T:  126626 | Ep: 2055 | Steps:  168 | Reward:   354.13
Total T:  126791 | Ep: 2056 | Steps:  165 | Reward:   350.97
Total T:  126941 | Ep: 2057 | Steps:  150 | Reward:   332.39
Total T:  127079 | Ep: 2058 | Steps:  138 | Reward:   320.61
Total T:  127206 | Ep: 2059 | Steps:  127 | Reward:   293.70
Total T:  127362 | Ep: 2060 | Steps:  156 | Reward:   334.14
Total T:  127515 | Ep: 2061 | Steps:  153 | Reward:   352.35
Total T:  127610 | Ep: 2062 | Steps:   95 | Reward:   163.88
Total T:  127698 | Ep: 2063 | Steps:   88 | Reward:   173.09
Total T:  127854 | Ep: 2064 | Steps:  156 | Reward:   330.81
Total T:  127998 | Ep: 2065 | Steps:  144 | Reward:   320.57
Total T:  128128 | Ep: 2066 | Steps:  130 | Reward:   302.19
Total T:  128262 | Ep: 2067 | Steps:  134 | Reward:   309.28
Total T:  128405 | Ep: 2068 | Steps:  143 | Reward:   325.24
Total T:  128539 | Ep: 2069 | Steps:  134 | Reward:   296.87
Total T:  128683 | Ep: 2070 | Steps:  144 | Reward:   325.48
Total T:  128840 | Ep: 2071 | Steps:  157 | Reward:   340.31
Total T:  129015 | Ep: 2072 | Steps:  175 | Reward:   354.06
Total T:  129177 | Ep: 2073 | Steps:  162 | Reward:   335.12
Total T:  129329 | Ep: 2074 | Steps:  152 | Reward:   334.29
Total T:  129491 | Ep: 2075 | Steps:  162 | Reward:   346.03
Total T:  129678 | Ep: 2076 | Steps:  187 | Reward:   375.83
Total T:  129847 | Ep: 2077 | Steps:  169 | Reward:   356.13
Total T:  130000 | Ep: 2078 | Steps:  153 | Reward:   331.73
---------------------------------------
Evaluation over 10 episodes: 321.288
---------------------------------------
Total T:  130191 | Ep: 2079 | Steps:  191 | Reward:   384.55
Total T:  130352 | Ep: 2080 | Steps:  161 | Reward:   344.87
Total T:  130554 | Ep: 2081 | Steps:  202 | Reward:   406.66
Total T:  130785 | Ep: 2082 | Steps:  231 | Reward:   435.53
Total T:  130950 | Ep: 2083 | Steps:  165 | Reward:   347.44
Total T:  131155 | Ep: 2084 | Steps:  205 | Reward:   394.04
Total T:  131367 | Ep: 2085 | Steps:  212 | Reward:   401.59
Total T:  131530 | Ep: 2086 | Steps:  163 | Reward:   343.46
Total T:  131701 | Ep: 2087 | Steps:  171 | Reward:   354.09
Total T:  131899 | Ep: 2088 | Steps:  198 | Reward:   388.30
Total T:  132109 | Ep: 2089 | Steps:  210 | Reward:   405.47
Total T:  132320 | Ep: 2090 | Steps:  211 | Reward:   402.25
Total T:  132502 | Ep: 2091 | Steps:  182 | Reward:   377.32
Total T:  132739 | Ep: 2092 | Steps:  237 | Reward:   446.41
Total T:  132986 | Ep: 2093 | Steps:  247 | Reward:   443.00
Total T:  133196 | Ep: 2094 | Steps:  210 | Reward:   400.22
Total T:  133401 | Ep: 2095 | Steps:  205 | Reward:   393.42
Total T:  133584 | Ep: 2096 | Steps:  183 | Reward:   371.29
Total T:  133786 | Ep: 2097 | Steps:  202 | Reward:   393.49
Total T:  134008 | Ep: 2098 | Steps:  222 | Reward:   411.59
Total T:  134251 | Ep: 2099 | Steps:  243 | Reward:   437.31
Total T:  134454 | Ep: 2100 | Steps:  203 | Reward:   390.66
Total T:  134658 | Ep: 2101 | Steps:  204 | Reward:   393.67
Total T:  134925 | Ep: 2102 | Steps:  267 | Reward:   461.91
Total T:  135136 | Ep: 2103 | Steps:  211 | Reward:   404.38
Total T:  135340 | Ep: 2104 | Steps:  204 | Reward:   394.20
Total T:  135568 | Ep: 2105 | Steps:  228 | Reward:   419.63
Total T:  135811 | Ep: 2106 | Steps:  243 | Reward:   435.13
Total T:  136082 | Ep: 2107 | Steps:  271 | Reward:   474.96
Total T:  136320 | Ep: 2108 | Steps:  238 | Reward:   438.11
Total T:  136537 | Ep: 2109 | Steps:  217 | Reward:   415.58
Total T:  136841 | Ep: 2110 | Steps:  304 | Reward:   510.02
Total T:  137066 | Ep: 2111 | Steps:  225 | Reward:   417.26
Total T:  137308 | Ep: 2112 | Steps:  242 | Reward:   436.51
Total T:  137553 | Ep: 2113 | Steps:  245 | Reward:   441.24
Total T:  137725 | Ep: 2114 | Steps:  172 | Reward:   359.51
Total T:  137965 | Ep: 2115 | Steps:  240 | Reward:   434.77
Total T:  138135 | Ep: 2116 | Steps:  170 | Reward:   357.52
Total T:  138315 | Ep: 2117 | Steps:  180 | Reward:   369.17
Total T:  138542 | Ep: 2118 | Steps:  227 | Reward:   416.25
Total T:  138773 | Ep: 2119 | Steps:  231 | Reward:   424.54
Total T:  138991 | Ep: 2120 | Steps:  218 | Reward:   407.84
Total T:  139207 | Ep: 2121 | Steps:  216 | Reward:   404.80
Total T:  139487 | Ep: 2122 | Steps:  280 | Reward:   474.54
Total T:  139721 | Ep: 2123 | Steps:  234 | Reward:   427.62
Total T:  139918 | Ep: 2124 | Steps:  197 | Reward:   386.64
---------------------------------------
Evaluation over 10 episodes: 413.783
---------------------------------------
Total T:  140073 | Ep: 2125 | Steps:  155 | Reward:   343.95
Total T:  140234 | Ep: 2126 | Steps:  161 | Reward:   351.27
Total T:  140459 | Ep: 2127 | Steps:  225 | Reward:   413.21
Total T:  140628 | Ep: 2128 | Steps:  169 | Reward:   359.78
Total T:  140813 | Ep: 2129 | Steps:  185 | Reward:   370.07
Total T:  141027 | Ep: 2130 | Steps:  214 | Reward:   407.47
Total T:  141177 | Ep: 2131 | Steps:  150 | Reward:   339.80
Total T:  141398 | Ep: 2132 | Steps:  221 | Reward:   414.51
Total T:  141589 | Ep: 2133 | Steps:  191 | Reward:   377.67
Total T:  141738 | Ep: 2134 | Steps:  149 | Reward:   339.09
Total T:  141907 | Ep: 2135 | Steps:  169 | Reward:   348.94
Total T:  142031 | Ep: 2136 | Steps:  124 | Reward:   293.07
Total T:  142161 | Ep: 2137 | Steps:  130 | Reward:   309.57
Total T:  142287 | Ep: 2138 | Steps:  126 | Reward:   306.22
Total T:  142411 | Ep: 2139 | Steps:  124 | Reward:   298.00
Total T:  142542 | Ep: 2140 | Steps:  131 | Reward:   317.80
Total T:  142678 | Ep: 2141 | Steps:  136 | Reward:   326.24
Total T:  142810 | Ep: 2142 | Steps:  132 | Reward:   315.08
Total T:  142943 | Ep: 2143 | Steps:  133 | Reward:   319.55
Total T:  143077 | Ep: 2144 | Steps:  134 | Reward:   322.24
Total T:  143209 | Ep: 2145 | Steps:  132 | Reward:   316.49
Total T:  143339 | Ep: 2146 | Steps:  130 | Reward:   317.00
Total T:  143474 | Ep: 2147 | Steps:  135 | Reward:   322.70
Total T:  143605 | Ep: 2148 | Steps:  131 | Reward:   320.19
Total T:  143737 | Ep: 2149 | Steps:  132 | Reward:   317.50
Total T:  143871 | Ep: 2150 | Steps:  134 | Reward:   324.05
Total T:  144011 | Ep: 2151 | Steps:  140 | Reward:   330.36
Total T:  144144 | Ep: 2152 | Steps:  133 | Reward:   322.44
Total T:  144278 | Ep: 2153 | Steps:  134 | Reward:   317.82
Total T:  144414 | Ep: 2154 | Steps:  136 | Reward:   320.56
Total T:  144549 | Ep: 2155 | Steps:  135 | Reward:   320.34
Total T:  144681 | Ep: 2156 | Steps:  132 | Reward:   317.17
Total T:  144812 | Ep: 2157 | Steps:  131 | Reward:   315.77
Total T:  144945 | Ep: 2158 | Steps:  133 | Reward:   316.61
Total T:  145085 | Ep: 2159 | Steps:  140 | Reward:   322.60
Total T:  145224 | Ep: 2160 | Steps:  139 | Reward:   323.01
Total T:  145361 | Ep: 2161 | Steps:  137 | Reward:   320.11
Total T:  145497 | Ep: 2162 | Steps:  136 | Reward:   327.74
Total T:  145630 | Ep: 2163 | Steps:  133 | Reward:   321.78
Total T:  145769 | Ep: 2164 | Steps:  139 | Reward:   322.60
Total T:  145904 | Ep: 2165 | Steps:  135 | Reward:   322.13
Total T:  146045 | Ep: 2166 | Steps:  141 | Reward:   332.80
Total T:  146181 | Ep: 2167 | Steps:  136 | Reward:   320.91
Total T:  146314 | Ep: 2168 | Steps:  133 | Reward:   321.46
Total T:  146450 | Ep: 2169 | Steps:  136 | Reward:   318.99
Total T:  146589 | Ep: 2170 | Steps:  139 | Reward:   324.35
Total T:  146728 | Ep: 2171 | Steps:  139 | Reward:   325.64
Total T:  146867 | Ep: 2172 | Steps:  139 | Reward:   328.39
Total T:  147010 | Ep: 2173 | Steps:  143 | Reward:   329.02
Total T:  147149 | Ep: 2174 | Steps:  139 | Reward:   324.87
Total T:  147284 | Ep: 2175 | Steps:  135 | Reward:   320.27
Total T:  147424 | Ep: 2176 | Steps:  140 | Reward:   324.11
Total T:  147564 | Ep: 2177 | Steps:  140 | Reward:   321.83
Total T:  147702 | Ep: 2178 | Steps:  138 | Reward:   319.74
Total T:  147836 | Ep: 2179 | Steps:  134 | Reward:   319.36
Total T:  147974 | Ep: 2180 | Steps:  138 | Reward:   322.99
Total T:  148111 | Ep: 2181 | Steps:  137 | Reward:   321.79
Total T:  148249 | Ep: 2182 | Steps:  138 | Reward:   322.92
Total T:  148383 | Ep: 2183 | Steps:  134 | Reward:   310.81
Total T:  148517 | Ep: 2184 | Steps:  134 | Reward:   324.20
Total T:  148656 | Ep: 2185 | Steps:  139 | Reward:   324.27
Total T:  148792 | Ep: 2186 | Steps:  136 | Reward:   320.52
Total T:  148930 | Ep: 2187 | Steps:  138 | Reward:   320.59
Total T:  149065 | Ep: 2188 | Steps:  135 | Reward:   313.24
Total T:  149199 | Ep: 2189 | Steps:  134 | Reward:   316.90
Total T:  149338 | Ep: 2190 | Steps:  139 | Reward:   321.89
Total T:  149473 | Ep: 2191 | Steps:  135 | Reward:   319.91
Total T:  149605 | Ep: 2192 | Steps:  132 | Reward:   312.74
Total T:  149741 | Ep: 2193 | Steps:  136 | Reward:   322.51
Total T:  149881 | Ep: 2194 | Steps:  140 | Reward:   326.24
---------------------------------------
Evaluation over 10 episodes: 316.283
---------------------------------------
Total T:  150020 | Ep: 2195 | Steps:  139 | Reward:   321.38
Total T:  150155 | Ep: 2196 | Steps:  135 | Reward:   317.69
Total T:  150295 | Ep: 2197 | Steps:  140 | Reward:   324.09
Total T:  150437 | Ep: 2198 | Steps:  142 | Reward:   322.86
Total T:  150578 | Ep: 2199 | Steps:  141 | Reward:   321.12
Total T:  150715 | Ep: 2200 | Steps:  137 | Reward:   320.94
Total T:  150857 | Ep: 2201 | Steps:  142 | Reward:   325.00
Total T:  150995 | Ep: 2202 | Steps:  138 | Reward:   316.65
Total T:  151130 | Ep: 2203 | Steps:  135 | Reward:   319.18
Total T:  151271 | Ep: 2204 | Steps:  141 | Reward:   327.04
Total T:  151407 | Ep: 2205 | Steps:  136 | Reward:   315.00
Total T:  151547 | Ep: 2206 | Steps:  140 | Reward:   323.64
Total T:  151693 | Ep: 2207 | Steps:  146 | Reward:   334.74
Total T:  151832 | Ep: 2208 | Steps:  139 | Reward:   332.60
Total T:  151975 | Ep: 2209 | Steps:  143 | Reward:   329.46
Total T:  152119 | Ep: 2210 | Steps:  144 | Reward:   329.67
Total T:  152258 | Ep: 2211 | Steps:  139 | Reward:   321.44
Total T:  152398 | Ep: 2212 | Steps:  140 | Reward:   324.12
Total T:  152539 | Ep: 2213 | Steps:  141 | Reward:   321.43
Total T:  152680 | Ep: 2214 | Steps:  141 | Reward:   328.77
Total T:  152819 | Ep: 2215 | Steps:  139 | Reward:   319.75
Total T:  152961 | Ep: 2216 | Steps:  142 | Reward:   323.34
Total T:  153102 | Ep: 2217 | Steps:  141 | Reward:   326.72
Total T:  153243 | Ep: 2218 | Steps:  141 | Reward:   327.78
Total T:  153381 | Ep: 2219 | Steps:  138 | Reward:   324.93
Total T:  153521 | Ep: 2220 | Steps:  140 | Reward:   328.28
Total T:  153665 | Ep: 2221 | Steps:  144 | Reward:   336.05
Total T:  153807 | Ep: 2222 | Steps:  142 | Reward:   329.68
Total T:  153947 | Ep: 2223 | Steps:  140 | Reward:   330.20
Total T:  154086 | Ep: 2224 | Steps:  139 | Reward:   323.76
Total T:  154227 | Ep: 2225 | Steps:  141 | Reward:   330.21
Total T:  154367 | Ep: 2226 | Steps:  140 | Reward:   328.70
Total T:  154508 | Ep: 2227 | Steps:  141 | Reward:   333.27
Total T:  154647 | Ep: 2228 | Steps:  139 | Reward:   325.48
Total T:  154787 | Ep: 2229 | Steps:  140 | Reward:   327.71
Total T:  154926 | Ep: 2230 | Steps:  139 | Reward:   325.79
Total T:  155064 | Ep: 2231 | Steps:  138 | Reward:   323.35
Total T:  155201 | Ep: 2232 | Steps:  137 | Reward:   322.58
Total T:  155337 | Ep: 2233 | Steps:  136 | Reward:   319.45
Total T:  155476 | Ep: 2234 | Steps:  139 | Reward:   327.47
Total T:  155620 | Ep: 2235 | Steps:  144 | Reward:   333.60
Total T:  155755 | Ep: 2236 | Steps:  135 | Reward:   313.38
Total T:  155893 | Ep: 2237 | Steps:  138 | Reward:   322.80
Total T:  156033 | Ep: 2238 | Steps:  140 | Reward:   326.52
Total T:  156169 | Ep: 2239 | Steps:  136 | Reward:   324.66
Total T:  156303 | Ep: 2240 | Steps:  134 | Reward:   316.22
Total T:  156443 | Ep: 2241 | Steps:  140 | Reward:   329.93
Total T:  156581 | Ep: 2242 | Steps:  138 | Reward:   326.28
Total T:  156719 | Ep: 2243 | Steps:  138 | Reward:   324.12
Total T:  156858 | Ep: 2244 | Steps:  139 | Reward:   327.11
Total T:  156995 | Ep: 2245 | Steps:  137 | Reward:   324.14
Total T:  157134 | Ep: 2246 | Steps:  139 | Reward:   325.30
Total T:  157276 | Ep: 2247 | Steps:  142 | Reward:   330.41
Total T:  157414 | Ep: 2248 | Steps:  138 | Reward:   324.42
Total T:  157551 | Ep: 2249 | Steps:  137 | Reward:   320.17
Total T:  157683 | Ep: 2250 | Steps:  132 | Reward:   313.72
Total T:  157819 | Ep: 2251 | Steps:  136 | Reward:   318.68
Total T:  157954 | Ep: 2252 | Steps:  135 | Reward:   319.24
Total T:  158070 | Ep: 2253 | Steps:  116 | Reward:   270.98
Total T:  158205 | Ep: 2254 | Steps:  135 | Reward:   319.98
Total T:  158328 | Ep: 2255 | Steps:  123 | Reward:   298.53
Total T:  158455 | Ep: 2256 | Steps:  127 | Reward:   307.04
Total T:  158577 | Ep: 2257 | Steps:  122 | Reward:   291.08
Total T:  158700 | Ep: 2258 | Steps:  123 | Reward:   293.60
Total T:  158823 | Ep: 2259 | Steps:  123 | Reward:   293.25
Total T:  158946 | Ep: 2260 | Steps:  123 | Reward:   293.88
Total T:  159070 | Ep: 2261 | Steps:  124 | Reward:   302.08
Total T:  159194 | Ep: 2262 | Steps:  124 | Reward:   297.09
Total T:  159317 | Ep: 2263 | Steps:  123 | Reward:   292.79
Total T:  159441 | Ep: 2264 | Steps:  124 | Reward:   293.50
Total T:  159564 | Ep: 2265 | Steps:  123 | Reward:   294.94
Total T:  159687 | Ep: 2266 | Steps:  123 | Reward:   295.12
Total T:  159809 | Ep: 2267 | Steps:  122 | Reward:   292.50
Total T:  159931 | Ep: 2268 | Steps:  122 | Reward:   292.19
---------------------------------------
Evaluation over 10 episodes: 164.743
---------------------------------------
Total T:  160052 | Ep: 2269 | Steps:  121 | Reward:   296.46
Total T:  160174 | Ep: 2270 | Steps:  122 | Reward:   296.78
Total T:  160300 | Ep: 2271 | Steps:  126 | Reward:   308.81
Total T:  160426 | Ep: 2272 | Steps:  126 | Reward:   312.49
Total T:  160549 | Ep: 2273 | Steps:  123 | Reward:   302.59
Total T:  160673 | Ep: 2274 | Steps:  124 | Reward:   300.99
Total T:  160797 | Ep: 2275 | Steps:  124 | Reward:   303.50
Total T:  160919 | Ep: 2276 | Steps:  122 | Reward:   282.82
Total T:  161044 | Ep: 2277 | Steps:  125 | Reward:   299.99
Total T:  161167 | Ep: 2278 | Steps:  123 | Reward:   299.59
Total T:  161288 | Ep: 2279 | Steps:  121 | Reward:   291.75
Total T:  161410 | Ep: 2280 | Steps:  122 | Reward:   289.68
Total T:  161530 | Ep: 2281 | Steps:  120 | Reward:   288.13
Total T:  161653 | Ep: 2282 | Steps:  123 | Reward:   297.20
Total T:  161777 | Ep: 2283 | Steps:  124 | Reward:   299.05
Total T:  161898 | Ep: 2284 | Steps:  121 | Reward:   290.08
Total T:  162025 | Ep: 2285 | Steps:  127 | Reward:   304.81
Total T:  162149 | Ep: 2286 | Steps:  124 | Reward:   298.55
Total T:  162277 | Ep: 2287 | Steps:  128 | Reward:   307.73
Total T:  162398 | Ep: 2288 | Steps:  121 | Reward:   288.62
Total T:  162533 | Ep: 2289 | Steps:  135 | Reward:   322.74
Total T:  162658 | Ep: 2290 | Steps:  125 | Reward:   299.77
Total T:  162785 | Ep: 2291 | Steps:  127 | Reward:   302.12
Total T:  162908 | Ep: 2292 | Steps:  123 | Reward:   297.16
Total T:  163032 | Ep: 2293 | Steps:  124 | Reward:   297.94
Total T:  163167 | Ep: 2294 | Steps:  135 | Reward:   320.71
Total T:  163297 | Ep: 2295 | Steps:  130 | Reward:   319.97
Total T:  163442 | Ep: 2296 | Steps:  145 | Reward:   348.23
Total T:  163577 | Ep: 2297 | Steps:  135 | Reward:   323.53
Total T:  163708 | Ep: 2298 | Steps:  131 | Reward:   308.63
Total T:  163838 | Ep: 2299 | Steps:  130 | Reward:   303.63
Total T:  163970 | Ep: 2300 | Steps:  132 | Reward:   310.21
Total T:  164109 | Ep: 2301 | Steps:  139 | Reward:   327.23
Total T:  164238 | Ep: 2302 | Steps:  129 | Reward:   307.61
Total T:  164367 | Ep: 2303 | Steps:  129 | Reward:   305.01
Total T:  164504 | Ep: 2304 | Steps:  137 | Reward:   319.87
Total T:  164628 | Ep: 2305 | Steps:  124 | Reward:   293.36
Total T:  164754 | Ep: 2306 | Steps:  126 | Reward:   300.56
Total T:  164887 | Ep: 2307 | Steps:  133 | Reward:   314.62
Total T:  165024 | Ep: 2308 | Steps:  137 | Reward:   324.81
Total T:  165162 | Ep: 2309 | Steps:  138 | Reward:   327.30
Total T:  165304 | Ep: 2310 | Steps:  142 | Reward:   334.83
Total T:  165447 | Ep: 2311 | Steps:  143 | Reward:   330.75
Total T:  165587 | Ep: 2312 | Steps:  140 | Reward:   333.22
Total T:  165732 | Ep: 2313 | Steps:  145 | Reward:   347.39
Total T:  165872 | Ep: 2314 | Steps:  140 | Reward:   333.88
Total T:  166006 | Ep: 2315 | Steps:  134 | Reward:   322.97
Total T:  166142 | Ep: 2316 | Steps:  136 | Reward:   319.48
Total T:  166280 | Ep: 2317 | Steps:  138 | Reward:   322.34
Total T:  166419 | Ep: 2318 | Steps:  139 | Reward:   321.40
Total T:  166555 | Ep: 2319 | Steps:  136 | Reward:   321.60
Total T:  166692 | Ep: 2320 | Steps:  137 | Reward:   328.38
Total T:  166828 | Ep: 2321 | Steps:  136 | Reward:   320.99
Total T:  166968 | Ep: 2322 | Steps:  140 | Reward:   330.62
Total T:  167107 | Ep: 2323 | Steps:  139 | Reward:   328.08
Total T:  167243 | Ep: 2324 | Steps:  136 | Reward:   321.22
Total T:  167385 | Ep: 2325 | Steps:  142 | Reward:   334.08
Total T:  167522 | Ep: 2326 | Steps:  137 | Reward:   322.17
Total T:  167662 | Ep: 2327 | Steps:  140 | Reward:   334.76
Total T:  167799 | Ep: 2328 | Steps:  137 | Reward:   325.91
Total T:  167939 | Ep: 2329 | Steps:  140 | Reward:   327.89
Total T:  168080 | Ep: 2330 | Steps:  141 | Reward:   341.15
Total T:  168219 | Ep: 2331 | Steps:  139 | Reward:   332.07
Total T:  168352 | Ep: 2332 | Steps:  133 | Reward:   305.62
Total T:  168488 | Ep: 2333 | Steps:  136 | Reward:   323.48
Total T:  168628 | Ep: 2334 | Steps:  140 | Reward:   327.08
Total T:  168770 | Ep: 2335 | Steps:  142 | Reward:   341.85
Total T:  168907 | Ep: 2336 | Steps:  137 | Reward:   321.93
Total T:  169042 | Ep: 2337 | Steps:  135 | Reward:   318.94
Total T:  169176 | Ep: 2338 | Steps:  134 | Reward:   318.35
Total T:  169315 | Ep: 2339 | Steps:  139 | Reward:   330.41
Total T:  169453 | Ep: 2340 | Steps:  138 | Reward:   334.96
Total T:  169595 | Ep: 2341 | Steps:  142 | Reward:   332.42
Total T:  169737 | Ep: 2342 | Steps:  142 | Reward:   341.74
Total T:  169883 | Ep: 2343 | Steps:  146 | Reward:   344.35
---------------------------------------
Evaluation over 10 episodes: 347.635
---------------------------------------
Total T:  170021 | Ep: 2344 | Steps:  138 | Reward:   320.76
Total T:  170162 | Ep: 2345 | Steps:  141 | Reward:   335.85
Total T:  170307 | Ep: 2346 | Steps:  145 | Reward:   341.11
Total T:  170447 | Ep: 2347 | Steps:  140 | Reward:   327.98
Total T:  170590 | Ep: 2348 | Steps:  143 | Reward:   353.25
Total T:  170734 | Ep: 2349 | Steps:  144 | Reward:   344.59
Total T:  170870 | Ep: 2350 | Steps:  136 | Reward:   320.48
Total T:  171010 | Ep: 2351 | Steps:  140 | Reward:   345.95
Total T:  171152 | Ep: 2352 | Steps:  142 | Reward:   335.59
Total T:  171295 | Ep: 2353 | Steps:  143 | Reward:   343.38
Total T:  171433 | Ep: 2354 | Steps:  138 | Reward:   334.72
Total T:  171573 | Ep: 2355 | Steps:  140 | Reward:   336.67
Total T:  171708 | Ep: 2356 | Steps:  135 | Reward:   328.95
Total T:  171845 | Ep: 2357 | Steps:  137 | Reward:   334.84
Total T:  171988 | Ep: 2358 | Steps:  143 | Reward:   342.47
Total T:  172121 | Ep: 2359 | Steps:  133 | Reward:   318.56
Total T:  172255 | Ep: 2360 | Steps:  134 | Reward:   322.57
Total T:  172387 | Ep: 2361 | Steps:  132 | Reward:   321.74
Total T:  172523 | Ep: 2362 | Steps:  136 | Reward:   334.39
Total T:  172653 | Ep: 2363 | Steps:  130 | Reward:   318.97
Total T:  172785 | Ep: 2364 | Steps:  132 | Reward:   321.90
Total T:  172924 | Ep: 2365 | Steps:  139 | Reward:   342.98
Total T:  173050 | Ep: 2366 | Steps:  126 | Reward:   307.63
Total T:  173189 | Ep: 2367 | Steps:  139 | Reward:   351.80
Total T:  173318 | Ep: 2368 | Steps:  129 | Reward:   320.23
Total T:  173446 | Ep: 2369 | Steps:  128 | Reward:   315.20
Total T:  173574 | Ep: 2370 | Steps:  128 | Reward:   319.70
Total T:  173703 | Ep: 2371 | Steps:  129 | Reward:   326.24
Total T:  173815 | Ep: 2372 | Steps:  112 | Reward:   261.34
Total T:  173948 | Ep: 2373 | Steps:  133 | Reward:   332.52
Total T:  174075 | Ep: 2374 | Steps:  127 | Reward:   312.66
Total T:  174199 | Ep: 2375 | Steps:  124 | Reward:   303.85
Total T:  174320 | Ep: 2376 | Steps:  121 | Reward:   292.93
Total T:  174443 | Ep: 2377 | Steps:  123 | Reward:   302.11
Total T:  174558 | Ep: 2378 | Steps:  115 | Reward:   274.65
Total T:  174689 | Ep: 2379 | Steps:  131 | Reward:   332.15
Total T:  174815 | Ep: 2380 | Steps:  126 | Reward:   316.50
Total T:  174945 | Ep: 2381 | Steps:  130 | Reward:   330.30
Total T:  175064 | Ep: 2382 | Steps:  119 | Reward:   285.69
Total T:  175192 | Ep: 2383 | Steps:  128 | Reward:   316.04
Total T:  175316 | Ep: 2384 | Steps:  124 | Reward:   309.60
Total T:  175444 | Ep: 2385 | Steps:  128 | Reward:   325.94
Total T:  175569 | Ep: 2386 | Steps:  125 | Reward:   305.17
Total T:  175695 | Ep: 2387 | Steps:  126 | Reward:   316.34
Total T:  175818 | Ep: 2388 | Steps:  123 | Reward:   300.87
Total T:  175955 | Ep: 2389 | Steps:  137 | Reward:   362.79
Total T:  176079 | Ep: 2390 | Steps:  124 | Reward:   308.51
Total T:  176204 | Ep: 2391 | Steps:  125 | Reward:   311.87
Total T:  176329 | Ep: 2392 | Steps:  125 | Reward:   308.50
Total T:  176455 | Ep: 2393 | Steps:  126 | Reward:   308.94
Total T:  176582 | Ep: 2394 | Steps:  127 | Reward:   323.17
Total T:  176707 | Ep: 2395 | Steps:  125 | Reward:   310.14
Total T:  176828 | Ep: 2396 | Steps:  121 | Reward:   294.80
Total T:  176960 | Ep: 2397 | Steps:  132 | Reward:   336.53
Total T:  177092 | Ep: 2398 | Steps:  132 | Reward:   339.54
Total T:  177226 | Ep: 2399 | Steps:  134 | Reward:   347.23
Total T:  177355 | Ep: 2400 | Steps:  129 | Reward:   332.04
Total T:  177459 | Ep: 2401 | Steps:  104 | Reward:   244.08
Total T:  177586 | Ep: 2402 | Steps:  127 | Reward:   326.54
Total T:  177711 | Ep: 2403 | Steps:  125 | Reward:   314.99
Total T:  177843 | Ep: 2404 | Steps:  132 | Reward:   334.38
Total T:  177974 | Ep: 2405 | Steps:  131 | Reward:   340.40
Total T:  178106 | Ep: 2406 | Steps:  132 | Reward:   340.91
Total T:  178238 | Ep: 2407 | Steps:  132 | Reward:   345.55
Total T:  178365 | Ep: 2408 | Steps:  127 | Reward:   326.58
Total T:  178494 | Ep: 2409 | Steps:  129 | Reward:   334.06
Total T:  178626 | Ep: 2410 | Steps:  132 | Reward:   344.77
Total T:  178754 | Ep: 2411 | Steps:  128 | Reward:   332.29
Total T:  178892 | Ep: 2412 | Steps:  138 | Reward:   368.80
Total T:  179033 | Ep: 2413 | Steps:  141 | Reward:   381.37
Total T:  179169 | Ep: 2414 | Steps:  136 | Reward:   358.13
Total T:  179306 | Ep: 2415 | Steps:  137 | Reward:   362.39
Total T:  179438 | Ep: 2416 | Steps:  132 | Reward:   347.02
Total T:  179566 | Ep: 2417 | Steps:  128 | Reward:   325.93
Total T:  179700 | Ep: 2418 | Steps:  134 | Reward:   348.46
Total T:  179754 | Ep: 2419 | Steps:   54 | Reward:    93.61
Total T:  179886 | Ep: 2420 | Steps:  132 | Reward:   342.64
---------------------------------------
Evaluation over 10 episodes: 359.163
---------------------------------------
Total T:  180018 | Ep: 2421 | Steps:  132 | Reward:   345.21
Total T:  180152 | Ep: 2422 | Steps:  134 | Reward:   342.61
Total T:  180287 | Ep: 2423 | Steps:  135 | Reward:   350.44
Total T:  180416 | Ep: 2424 | Steps:  129 | Reward:   332.36
Total T:  180548 | Ep: 2425 | Steps:  132 | Reward:   340.29
Total T:  180685 | Ep: 2426 | Steps:  137 | Reward:   354.93
Total T:  180825 | Ep: 2427 | Steps:  140 | Reward:   362.04
Total T:  180964 | Ep: 2428 | Steps:  139 | Reward:   359.11
Total T:  181104 | Ep: 2429 | Steps:  140 | Reward:   362.96
Total T:  181246 | Ep: 2430 | Steps:  142 | Reward:   373.98
Total T:  181384 | Ep: 2431 | Steps:  138 | Reward:   357.98
Total T:  181526 | Ep: 2432 | Steps:  142 | Reward:   365.14
Total T:  181668 | Ep: 2433 | Steps:  142 | Reward:   373.99
Total T:  181804 | Ep: 2434 | Steps:  136 | Reward:   351.88
Total T:  181945 | Ep: 2435 | Steps:  141 | Reward:   362.46
Total T:  182083 | Ep: 2436 | Steps:  138 | Reward:   359.06
Total T:  182221 | Ep: 2437 | Steps:  138 | Reward:   355.69
Total T:  182362 | Ep: 2438 | Steps:  141 | Reward:   361.78
Total T:  182501 | Ep: 2439 | Steps:  139 | Reward:   356.13
Total T:  182588 | Ep: 2440 | Steps:   87 | Reward:   177.62
Total T:  182728 | Ep: 2441 | Steps:  140 | Reward:   371.30
Total T:  182868 | Ep: 2442 | Steps:  140 | Reward:   363.64
Total T:  183016 | Ep: 2443 | Steps:  148 | Reward:   390.57
Total T:  183153 | Ep: 2444 | Steps:  137 | Reward:   357.89
Total T:  183294 | Ep: 2445 | Steps:  141 | Reward:   370.33
Total T:  183431 | Ep: 2446 | Steps:  137 | Reward:   364.31
Total T:  183569 | Ep: 2447 | Steps:  138 | Reward:   365.97
Total T:  183705 | Ep: 2448 | Steps:  136 | Reward:   365.76
Total T:  183840 | Ep: 2449 | Steps:  135 | Reward:   350.29
Total T:  183981 | Ep: 2450 | Steps:  141 | Reward:   367.49
Total T:  184118 | Ep: 2451 | Steps:  137 | Reward:   360.37
Total T:  184251 | Ep: 2452 | Steps:  133 | Reward:   349.00
Total T:  184383 | Ep: 2453 | Steps:  132 | Reward:   355.88
Total T:  184512 | Ep: 2454 | Steps:  129 | Reward:   345.40
Total T:  184643 | Ep: 2455 | Steps:  131 | Reward:   352.34
Total T:  184777 | Ep: 2456 | Steps:  134 | Reward:   359.92
Total T:  184914 | Ep: 2457 | Steps:  137 | Reward:   360.14
Total T:  185040 | Ep: 2458 | Steps:  126 | Reward:   335.87
Total T:  185181 | Ep: 2459 | Steps:  141 | Reward:   369.86
Total T:  185324 | Ep: 2460 | Steps:  143 | Reward:   384.11
Total T:  185455 | Ep: 2461 | Steps:  131 | Reward:   347.60
Total T:  185597 | Ep: 2462 | Steps:  142 | Reward:   378.93
Total T:  185731 | Ep: 2463 | Steps:  134 | Reward:   353.24
Total T:  185864 | Ep: 2464 | Steps:  133 | Reward:   354.71
Total T:  185998 | Ep: 2465 | Steps:  134 | Reward:   354.25
Total T:  186137 | Ep: 2466 | Steps:  139 | Reward:   374.32
Total T:  186272 | Ep: 2467 | Steps:  135 | Reward:   363.95
Total T:  186413 | Ep: 2468 | Steps:  141 | Reward:   381.69
Total T:  186552 | Ep: 2469 | Steps:  139 | Reward:   378.64
Total T:  186688 | Ep: 2470 | Steps:  136 | Reward:   376.16
Total T:  186824 | Ep: 2471 | Steps:  136 | Reward:   367.91
Total T:  186962 | Ep: 2472 | Steps:  138 | Reward:   381.51
Total T:  187103 | Ep: 2473 | Steps:  141 | Reward:   400.85
Total T:  187240 | Ep: 2474 | Steps:  137 | Reward:   381.73
Total T:  187378 | Ep: 2475 | Steps:  138 | Reward:   378.27
Total T:  187518 | Ep: 2476 | Steps:  140 | Reward:   387.26
Total T:  187653 | Ep: 2477 | Steps:  135 | Reward:   372.47
Total T:  187786 | Ep: 2478 | Steps:  133 | Reward:   364.63
Total T:  187925 | Ep: 2479 | Steps:  139 | Reward:   385.75
Total T:  188066 | Ep: 2480 | Steps:  141 | Reward:   405.35
Total T:  188201 | Ep: 2481 | Steps:  135 | Reward:   371.98
Total T:  188332 | Ep: 2482 | Steps:  131 | Reward:   355.30
Total T:  188460 | Ep: 2483 | Steps:  128 | Reward:   349.94
Total T:  188587 | Ep: 2484 | Steps:  127 | Reward:   349.86
Total T:  188720 | Ep: 2485 | Steps:  133 | Reward:   374.43
Total T:  188846 | Ep: 2486 | Steps:  126 | Reward:   348.10
Total T:  188974 | Ep: 2487 | Steps:  128 | Reward:   355.20
Total T:  189109 | Ep: 2488 | Steps:  135 | Reward:   378.98
Total T:  189237 | Ep: 2489 | Steps:  128 | Reward:   345.66
Total T:  189366 | Ep: 2490 | Steps:  129 | Reward:   358.39
Total T:  189499 | Ep: 2491 | Steps:  133 | Reward:   383.00
Total T:  189630 | Ep: 2492 | Steps:  131 | Reward:   365.31
Total T:  189764 | Ep: 2493 | Steps:  134 | Reward:   378.87
Total T:  189897 | Ep: 2494 | Steps:  133 | Reward:   368.39
---------------------------------------
Evaluation over 10 episodes: 380.689
---------------------------------------
Total T:  190034 | Ep: 2495 | Steps:  137 | Reward:   393.75
Total T:  190171 | Ep: 2496 | Steps:  137 | Reward:   388.07
Total T:  190300 | Ep: 2497 | Steps:  129 | Reward:   358.94
Total T:  190429 | Ep: 2498 | Steps:  129 | Reward:   352.52
Total T:  190560 | Ep: 2499 | Steps:  131 | Reward:   366.97
Total T:  190684 | Ep: 2500 | Steps:  124 | Reward:   344.51
Total T:  190813 | Ep: 2501 | Steps:  129 | Reward:   352.76
Total T:  190941 | Ep: 2502 | Steps:  128 | Reward:   350.46
Total T:  191066 | Ep: 2503 | Steps:  125 | Reward:   336.98
Total T:  191191 | Ep: 2504 | Steps:  125 | Reward:   340.51
Total T:  191321 | Ep: 2505 | Steps:  130 | Reward:   367.00
Total T:  191449 | Ep: 2506 | Steps:  128 | Reward:   362.00
Total T:  191571 | Ep: 2507 | Steps:  122 | Reward:   328.96
Total T:  191697 | Ep: 2508 | Steps:  126 | Reward:   348.86
Total T:  191824 | Ep: 2509 | Steps:  127 | Reward:   348.46
Total T:  191956 | Ep: 2510 | Steps:  132 | Reward:   362.47
Total T:  192084 | Ep: 2511 | Steps:  128 | Reward:   355.10
Total T:  192206 | Ep: 2512 | Steps:  122 | Reward:   326.40
Total T:  192330 | Ep: 2513 | Steps:  124 | Reward:   341.45
Total T:  192451 | Ep: 2514 | Steps:  121 | Reward:   323.33
Total T:  192571 | Ep: 2515 | Steps:  120 | Reward:   319.28
Total T:  192692 | Ep: 2516 | Steps:  121 | Reward:   308.56
Total T:  192806 | Ep: 2517 | Steps:  114 | Reward:   287.76
Total T:  192918 | Ep: 2518 | Steps:  112 | Reward:   280.73
Total T:  193038 | Ep: 2519 | Steps:  120 | Reward:   317.87
Total T:  193154 | Ep: 2520 | Steps:  116 | Reward:   307.82
Total T:  193277 | Ep: 2521 | Steps:  123 | Reward:   334.50
Total T:  193394 | Ep: 2522 | Steps:  117 | Reward:   306.33
Total T:  193517 | Ep: 2523 | Steps:  123 | Reward:   333.43
Total T:  193639 | Ep: 2524 | Steps:  122 | Reward:   321.22
Total T:  193764 | Ep: 2525 | Steps:  125 | Reward:   341.30
Total T:  193893 | Ep: 2526 | Steps:  129 | Reward:   347.79
Total T:  194015 | Ep: 2527 | Steps:  122 | Reward:   329.52
Total T:  194131 | Ep: 2528 | Steps:  116 | Reward:   293.33
Total T:  194247 | Ep: 2529 | Steps:  116 | Reward:   298.77
Total T:  194365 | Ep: 2530 | Steps:  118 | Reward:   310.58
Total T:  194485 | Ep: 2531 | Steps:  120 | Reward:   318.59
Total T:  194615 | Ep: 2532 | Steps:  130 | Reward:   359.67
Total T:  194740 | Ep: 2533 | Steps:  125 | Reward:   331.60
Total T:  194871 | Ep: 2534 | Steps:  131 | Reward:   358.78
Total T:  194996 | Ep: 2535 | Steps:  125 | Reward:   338.28
Total T:  195126 | Ep: 2536 | Steps:  130 | Reward:   353.01
Total T:  195245 | Ep: 2537 | Steps:  119 | Reward:   310.27
Total T:  195361 | Ep: 2538 | Steps:  116 | Reward:   300.79
Total T:  195477 | Ep: 2539 | Steps:  116 | Reward:   300.43
Total T:  195601 | Ep: 2540 | Steps:  124 | Reward:   328.96
Total T:  195730 | Ep: 2541 | Steps:  129 | Reward:   342.81
Total T:  195857 | Ep: 2542 | Steps:  127 | Reward:   327.05
Total T:  195988 | Ep: 2543 | Steps:  131 | Reward:   352.18
Total T:  196115 | Ep: 2544 | Steps:  127 | Reward:   339.51
Total T:  196248 | Ep: 2545 | Steps:  133 | Reward:   354.93
Total T:  196375 | Ep: 2546 | Steps:  127 | Reward:   331.82
Total T:  196505 | Ep: 2547 | Steps:  130 | Reward:   336.63
Total T:  196638 | Ep: 2548 | Steps:  133 | Reward:   348.23
Total T:  196773 | Ep: 2549 | Steps:  135 | Reward:   343.32
Total T:  196904 | Ep: 2550 | Steps:  131 | Reward:   340.46
Total T:  197036 | Ep: 2551 | Steps:  132 | Reward:   347.94
Total T:  197172 | Ep: 2552 | Steps:  136 | Reward:   359.81
Total T:  197308 | Ep: 2553 | Steps:  136 | Reward:   356.12
Total T:  197443 | Ep: 2554 | Steps:  135 | Reward:   362.26
Total T:  197576 | Ep: 2555 | Steps:  133 | Reward:   346.47
Total T:  197716 | Ep: 2556 | Steps:  140 | Reward:   369.82
Total T:  197848 | Ep: 2557 | Steps:  132 | Reward:   342.67
Total T:  197984 | Ep: 2558 | Steps:  136 | Reward:   355.68
Total T:  198123 | Ep: 2559 | Steps:  139 | Reward:   365.28
Total T:  198262 | Ep: 2560 | Steps:  139 | Reward:   364.90
Total T:  198393 | Ep: 2561 | Steps:  131 | Reward:   340.65
Total T:  198524 | Ep: 2562 | Steps:  131 | Reward:   343.51
Total T:  198657 | Ep: 2563 | Steps:  133 | Reward:   356.41
Total T:  198787 | Ep: 2564 | Steps:  130 | Reward:   346.45
Total T:  198919 | Ep: 2565 | Steps:  132 | Reward:   354.89
Total T:  199055 | Ep: 2566 | Steps:  136 | Reward:   349.66
Total T:  199195 | Ep: 2567 | Steps:  140 | Reward:   370.03
Total T:  199328 | Ep: 2568 | Steps:  133 | Reward:   348.80
Total T:  199471 | Ep: 2569 | Steps:  143 | Reward:   375.53
Total T:  199607 | Ep: 2570 | Steps:  136 | Reward:   369.05
Total T:  199739 | Ep: 2571 | Steps:  132 | Reward:   350.85
Total T:  199863 | Ep: 2572 | Steps:  124 | Reward:   313.88
Total T:  199994 | Ep: 2573 | Steps:  131 | Reward:   342.48
---------------------------------------
Evaluation over 10 episodes: 344.079
---------------------------------------
Total T:  200129 | Ep: 2574 | Steps:  135 | Reward:   356.49
Total T:  200268 | Ep: 2575 | Steps:  139 | Reward:   370.55
Total T:  200399 | Ep: 2576 | Steps:  131 | Reward:   343.54
Total T:  200537 | Ep: 2577 | Steps:  138 | Reward:   366.64
Total T:  200670 | Ep: 2578 | Steps:  133 | Reward:   344.75
Total T:  200811 | Ep: 2579 | Steps:  141 | Reward:   376.77
Total T:  200950 | Ep: 2580 | Steps:  139 | Reward:   371.20
Total T:  201091 | Ep: 2581 | Steps:  141 | Reward:   359.41
Total T:  201234 | Ep: 2582 | Steps:  143 | Reward:   372.92
Total T:  201377 | Ep: 2583 | Steps:  143 | Reward:   379.06
Total T:  201516 | Ep: 2584 | Steps:  139 | Reward:   372.11
Total T:  201654 | Ep: 2585 | Steps:  138 | Reward:   355.97
Total T:  201793 | Ep: 2586 | Steps:  139 | Reward:   344.59
Total T:  201931 | Ep: 2587 | Steps:  138 | Reward:   348.34
Total T:  202070 | Ep: 2588 | Steps:  139 | Reward:   330.37
Total T:  202210 | Ep: 2589 | Steps:  140 | Reward:   357.33
Total T:  202348 | Ep: 2590 | Steps:  138 | Reward:   339.01
Total T:  202491 | Ep: 2591 | Steps:  143 | Reward:   369.98
Total T:  202628 | Ep: 2592 | Steps:  137 | Reward:   329.53
Total T:  202769 | Ep: 2593 | Steps:  141 | Reward:   361.75
Total T:  202909 | Ep: 2594 | Steps:  140 | Reward:   342.86
Total T:  203052 | Ep: 2595 | Steps:  143 | Reward:   374.43
Total T:  203197 | Ep: 2596 | Steps:  145 | Reward:   367.99
Total T:  203338 | Ep: 2597 | Steps:  141 | Reward:   351.72
Total T:  203472 | Ep: 2598 | Steps:  134 | Reward:   318.80
Total T:  203605 | Ep: 2599 | Steps:  133 | Reward:   304.69
Total T:  203738 | Ep: 2600 | Steps:  133 | Reward:   322.59
Total T:  203876 | Ep: 2601 | Steps:  138 | Reward:   327.85
Total T:  204013 | Ep: 2602 | Steps:  137 | Reward:   334.67
Total T:  204148 | Ep: 2603 | Steps:  135 | Reward:   318.87
Total T:  204287 | Ep: 2604 | Steps:  139 | Reward:   331.15
Total T:  204428 | Ep: 2605 | Steps:  141 | Reward:   336.07
Total T:  204562 | Ep: 2606 | Steps:  134 | Reward:   317.95
Total T:  204710 | Ep: 2607 | Steps:  148 | Reward:   367.88
Total T:  204851 | Ep: 2608 | Steps:  141 | Reward:   335.50
Total T:  204988 | Ep: 2609 | Steps:  137 | Reward:   323.41
Total T:  205130 | Ep: 2610 | Steps:  142 | Reward:   344.96
Total T:  205273 | Ep: 2611 | Steps:  143 | Reward:   372.24
Total T:  205418 | Ep: 2612 | Steps:  145 | Reward:   348.50
Total T:  205560 | Ep: 2613 | Steps:  142 | Reward:   348.90
Total T:  205697 | Ep: 2614 | Steps:  137 | Reward:   329.67
Total T:  205838 | Ep: 2615 | Steps:  141 | Reward:   333.79
Total T:  205982 | Ep: 2616 | Steps:  144 | Reward:   346.28
Total T:  206126 | Ep: 2617 | Steps:  144 | Reward:   362.93
Total T:  206277 | Ep: 2618 | Steps:  151 | Reward:   362.53
Total T:  206422 | Ep: 2619 | Steps:  145 | Reward:   349.80
Total T:  206556 | Ep: 2620 | Steps:  134 | Reward:   320.39
Total T:  206695 | Ep: 2621 | Steps:  139 | Reward:   349.91
Total T:  206838 | Ep: 2622 | Steps:  143 | Reward:   362.54
Total T:  206976 | Ep: 2623 | Steps:  138 | Reward:   353.72
Total T:  207118 | Ep: 2624 | Steps:  142 | Reward:   371.42
Total T:  207325 | Ep: 2625 | Steps:  207 | Reward:   413.63
Total T:  207469 | Ep: 2626 | Steps:  144 | Reward:   353.62
Total T:  207607 | Ep: 2627 | Steps:  138 | Reward:   325.44
Total T:  207753 | Ep: 2628 | Steps:  146 | Reward:   356.55
Total T:  207906 | Ep: 2629 | Steps:  153 | Reward:   366.15
Total T:  208046 | Ep: 2630 | Steps:  140 | Reward:   354.04
Total T:  208184 | Ep: 2631 | Steps:  138 | Reward:   326.86
Total T:  208322 | Ep: 2632 | Steps:  138 | Reward:   326.06
Total T:  208474 | Ep: 2633 | Steps:  152 | Reward:   365.83
Total T:  208611 | Ep: 2634 | Steps:  137 | Reward:   326.67
Total T:  208764 | Ep: 2635 | Steps:  153 | Reward:   391.55
Total T:  208917 | Ep: 2636 | Steps:  153 | Reward:   390.54
Total T:  209054 | Ep: 2637 | Steps:  137 | Reward:   328.30
Total T:  209189 | Ep: 2638 | Steps:  135 | Reward:   332.06
Total T:  209333 | Ep: 2639 | Steps:  144 | Reward:   361.71
Total T:  209492 | Ep: 2640 | Steps:  159 | Reward:   396.14
Total T:  209631 | Ep: 2641 | Steps:  139 | Reward:   339.70
Total T:  209784 | Ep: 2642 | Steps:  153 | Reward:   367.65
Total T:  209929 | Ep: 2643 | Steps:  145 | Reward:   376.00
---------------------------------------
Evaluation over 10 episodes: 324.843
---------------------------------------
Total T:  210064 | Ep: 2644 | Steps:  135 | Reward:   322.91
Total T:  210200 | Ep: 2645 | Steps:  136 | Reward:   323.40
Total T:  210342 | Ep: 2646 | Steps:  142 | Reward:   358.80
Total T:  210487 | Ep: 2647 | Steps:  145 | Reward:   374.55
Total T:  210625 | Ep: 2648 | Steps:  138 | Reward:   349.48
Total T:  210774 | Ep: 2649 | Steps:  149 | Reward:   375.45
Total T:  210914 | Ep: 2650 | Steps:  140 | Reward:   361.33
Total T:  211066 | Ep: 2651 | Steps:  152 | Reward:   387.00
Total T:  211212 | Ep: 2652 | Steps:  146 | Reward:   373.77
Total T:  211358 | Ep: 2653 | Steps:  146 | Reward:   373.97
Total T:  211503 | Ep: 2654 | Steps:  145 | Reward:   379.65
Total T:  211650 | Ep: 2655 | Steps:  147 | Reward:   368.74
Total T:  211795 | Ep: 2656 | Steps:  145 | Reward:   383.79
Total T:  211942 | Ep: 2657 | Steps:  147 | Reward:   393.06
Total T:  212087 | Ep: 2658 | Steps:  145 | Reward:   372.39
Total T:  212238 | Ep: 2659 | Steps:  151 | Reward:   395.10
Total T:  212378 | Ep: 2660 | Steps:  140 | Reward:   336.57
Total T:  212512 | Ep: 2661 | Steps:  134 | Reward:   320.57
Total T:  212658 | Ep: 2662 | Steps:  146 | Reward:   371.27
Total T:  212807 | Ep: 2663 | Steps:  149 | Reward:   374.22
Total T:  212954 | Ep: 2664 | Steps:  147 | Reward:   381.72
Total T:  213096 | Ep: 2665 | Steps:  142 | Reward:   352.86
Total T:  213242 | Ep: 2666 | Steps:  146 | Reward:   358.26
Total T:  213391 | Ep: 2667 | Steps:  149 | Reward:   366.33
Total T:  213538 | Ep: 2668 | Steps:  147 | Reward:   373.55
Total T:  213685 | Ep: 2669 | Steps:  147 | Reward:   372.63
Total T:  213819 | Ep: 2670 | Steps:  134 | Reward:   318.39
Total T:  213969 | Ep: 2671 | Steps:  150 | Reward:   378.24
Total T:  214114 | Ep: 2672 | Steps:  145 | Reward:   360.96
Total T:  214260 | Ep: 2673 | Steps:  146 | Reward:   371.97
Total T:  214408 | Ep: 2674 | Steps:  148 | Reward:   373.14
Total T:  214553 | Ep: 2675 | Steps:  145 | Reward:   387.01
Total T:  214700 | Ep: 2676 | Steps:  147 | Reward:   367.50
Total T:  214847 | Ep: 2677 | Steps:  147 | Reward:   367.69
Total T:  214984 | Ep: 2678 | Steps:  137 | Reward:   367.04
Total T:  215125 | Ep: 2679 | Steps:  141 | Reward:   338.50
Total T:  215266 | Ep: 2680 | Steps:  141 | Reward:   354.67
Total T:  215411 | Ep: 2681 | Steps:  145 | Reward:   359.29
Total T:  215549 | Ep: 2682 | Steps:  138 | Reward:   363.62
Total T:  215691 | Ep: 2683 | Steps:  142 | Reward:   367.65
Total T:  215834 | Ep: 2684 | Steps:  143 | Reward:   378.20
Total T:  215974 | Ep: 2685 | Steps:  140 | Reward:   370.34
Total T:  216117 | Ep: 2686 | Steps:  143 | Reward:   340.75
Total T:  216264 | Ep: 2687 | Steps:  147 | Reward:   382.92
Total T:  216408 | Ep: 2688 | Steps:  144 | Reward:   386.77
Total T:  216554 | Ep: 2689 | Steps:  146 | Reward:   371.50
Total T:  216705 | Ep: 2690 | Steps:  151 | Reward:   377.53
Total T:  216846 | Ep: 2691 | Steps:  141 | Reward:   377.61
Total T:  216996 | Ep: 2692 | Steps:  150 | Reward:   371.93
Total T:  217143 | Ep: 2693 | Steps:  147 | Reward:   394.20
Total T:  217288 | Ep: 2694 | Steps:  145 | Reward:   376.36
Total T:  217435 | Ep: 2695 | Steps:  147 | Reward:   365.57
Total T:  217580 | Ep: 2696 | Steps:  145 | Reward:   390.04
Total T:  217726 | Ep: 2697 | Steps:  146 | Reward:   382.52
Total T:  217872 | Ep: 2698 | Steps:  146 | Reward:   368.95
Total T:  218028 | Ep: 2699 | Steps:  156 | Reward:   376.82
Total T:  218173 | Ep: 2700 | Steps:  145 | Reward:   348.04
Total T:  218319 | Ep: 2701 | Steps:  146 | Reward:   355.18
Total T:  218473 | Ep: 2702 | Steps:  154 | Reward:   401.07
Total T:  218621 | Ep: 2703 | Steps:  148 | Reward:   351.34
Total T:  218770 | Ep: 2704 | Steps:  149 | Reward:   378.70
Total T:  218920 | Ep: 2705 | Steps:  150 | Reward:   368.49
Total T:  219073 | Ep: 2706 | Steps:  153 | Reward:   388.09
Total T:  219224 | Ep: 2707 | Steps:  151 | Reward:   384.24
Total T:  219359 | Ep: 2708 | Steps:  135 | Reward:   314.23
Total T:  219507 | Ep: 2709 | Steps:  148 | Reward:   355.98
Total T:  219658 | Ep: 2710 | Steps:  151 | Reward:   375.31
Total T:  219803 | Ep: 2711 | Steps:  145 | Reward:   344.80
Total T:  219949 | Ep: 2712 | Steps:  146 | Reward:   369.67
---------------------------------------
Evaluation over 10 episodes: 406.446
---------------------------------------
Total T:  220099 | Ep: 2713 | Steps:  150 | Reward:   373.33
Total T:  220250 | Ep: 2714 | Steps:  151 | Reward:   376.72
Total T:  220397 | Ep: 2715 | Steps:  147 | Reward:   376.66
Total T:  220550 | Ep: 2716 | Steps:  153 | Reward:   397.89
Total T:  220702 | Ep: 2717 | Steps:  152 | Reward:   379.48
Total T:  220853 | Ep: 2718 | Steps:  151 | Reward:   376.61
Total T:  221007 | Ep: 2719 | Steps:  154 | Reward:   389.49
Total T:  221160 | Ep: 2720 | Steps:  153 | Reward:   384.41
Total T:  221312 | Ep: 2721 | Steps:  152 | Reward:   379.55
Total T:  221468 | Ep: 2722 | Steps:  156 | Reward:   374.03
Total T:  221624 | Ep: 2723 | Steps:  156 | Reward:   374.99
Total T:  221771 | Ep: 2724 | Steps:  147 | Reward:   357.94
Total T:  221919 | Ep: 2725 | Steps:  148 | Reward:   372.38
Total T:  222071 | Ep: 2726 | Steps:  152 | Reward:   373.19
Total T:  222234 | Ep: 2727 | Steps:  163 | Reward:   417.73
Total T:  222390 | Ep: 2728 | Steps:  156 | Reward:   388.58
Total T:  222550 | Ep: 2729 | Steps:  160 | Reward:   405.57
Total T:  222696 | Ep: 2730 | Steps:  146 | Reward:   342.50
Total T:  222856 | Ep: 2731 | Steps:  160 | Reward:   425.11
Total T:  223005 | Ep: 2732 | Steps:  149 | Reward:   337.11
Total T:  223162 | Ep: 2733 | Steps:  157 | Reward:   384.88
Total T:  223315 | Ep: 2734 | Steps:  153 | Reward:   364.44
Total T:  223473 | Ep: 2735 | Steps:  158 | Reward:   371.80
Total T:  223625 | Ep: 2736 | Steps:  152 | Reward:   390.20
Total T:  223781 | Ep: 2737 | Steps:  156 | Reward:   393.97
Total T:  223936 | Ep: 2738 | Steps:  155 | Reward:   383.95
Total T:  224087 | Ep: 2739 | Steps:  151 | Reward:   388.82
Total T:  224233 | Ep: 2740 | Steps:  146 | Reward:   360.38
Total T:  224381 | Ep: 2741 | Steps:  148 | Reward:   366.94
Total T:  224534 | Ep: 2742 | Steps:  153 | Reward:   385.15
Total T:  224687 | Ep: 2743 | Steps:  153 | Reward:   390.76
Total T:  224836 | Ep: 2744 | Steps:  149 | Reward:   372.65
Total T:  224981 | Ep: 2745 | Steps:  145 | Reward:   342.92
Total T:  225130 | Ep: 2746 | Steps:  149 | Reward:   375.90
Total T:  225280 | Ep: 2747 | Steps:  150 | Reward:   376.29
Total T:  225432 | Ep: 2748 | Steps:  152 | Reward:   378.68
Total T:  225578 | Ep: 2749 | Steps:  146 | Reward:   383.58
Total T:  225730 | Ep: 2750 | Steps:  152 | Reward:   380.78
Total T:  225884 | Ep: 2751 | Steps:  154 | Reward:   391.71
Total T:  226035 | Ep: 2752 | Steps:  151 | Reward:   376.48
Total T:  226184 | Ep: 2753 | Steps:  149 | Reward:   370.83
Total T:  226332 | Ep: 2754 | Steps:  148 | Reward:   389.84
Total T:  226482 | Ep: 2755 | Steps:  150 | Reward:   382.38
Total T:  226641 | Ep: 2756 | Steps:  159 | Reward:   405.08
Total T:  226793 | Ep: 2757 | Steps:  152 | Reward:   405.05
Total T:  226934 | Ep: 2758 | Steps:  141 | Reward:   325.04
Total T:  227088 | Ep: 2759 | Steps:  154 | Reward:   383.15
Total T:  227238 | Ep: 2760 | Steps:  150 | Reward:   389.23
Total T:  227410 | Ep: 2761 | Steps:  172 | Reward:   476.12
Total T:  227566 | Ep: 2762 | Steps:  156 | Reward:   382.92
Total T:  227722 | Ep: 2763 | Steps:  156 | Reward:   392.33
Total T:  227878 | Ep: 2764 | Steps:  156 | Reward:   392.15
Total T:  228027 | Ep: 2765 | Steps:  149 | Reward:   371.23
Total T:  228175 | Ep: 2766 | Steps:  148 | Reward:   364.18
Total T:  228337 | Ep: 2767 | Steps:  162 | Reward:   398.94
Total T:  228485 | Ep: 2768 | Steps:  148 | Reward:   368.32
Total T:  228637 | Ep: 2769 | Steps:  152 | Reward:   369.90
Total T:  228788 | Ep: 2770 | Steps:  151 | Reward:   393.38
Total T:  228940 | Ep: 2771 | Steps:  152 | Reward:   378.37
Total T:  229095 | Ep: 2772 | Steps:  155 | Reward:   378.99
Total T:  229265 | Ep: 2773 | Steps:  170 | Reward:   427.13
Total T:  229423 | Ep: 2774 | Steps:  158 | Reward:   404.16
Total T:  229571 | Ep: 2775 | Steps:  148 | Reward:   375.64
Total T:  229722 | Ep: 2776 | Steps:  151 | Reward:   373.11
Total T:  229879 | Ep: 2777 | Steps:  157 | Reward:   388.36
---------------------------------------
Evaluation over 10 episodes: 386.473
---------------------------------------
Total T:  230040 | Ep: 2778 | Steps:  161 | Reward:   401.50
Total T:  230197 | Ep: 2779 | Steps:  157 | Reward:   390.30
Total T:  230349 | Ep: 2780 | Steps:  152 | Reward:   382.27
Total T:  230518 | Ep: 2781 | Steps:  169 | Reward:   445.55
Total T:  230671 | Ep: 2782 | Steps:  153 | Reward:   376.12
Total T:  230824 | Ep: 2783 | Steps:  153 | Reward:   385.47
Total T:  230978 | Ep: 2784 | Steps:  154 | Reward:   382.00
Total T:  231129 | Ep: 2785 | Steps:  151 | Reward:   371.04
Total T:  231281 | Ep: 2786 | Steps:  152 | Reward:   379.78
Total T:  231436 | Ep: 2787 | Steps:  155 | Reward:   383.39
Total T:  231598 | Ep: 2788 | Steps:  162 | Reward:   412.24
Total T:  231749 | Ep: 2789 | Steps:  151 | Reward:   398.82
Total T:  231901 | Ep: 2790 | Steps:  152 | Reward:   369.64
Total T:  232055 | Ep: 2791 | Steps:  154 | Reward:   390.94
Total T:  232216 | Ep: 2792 | Steps:  161 | Reward:   414.60
Total T:  232376 | Ep: 2793 | Steps:  160 | Reward:   395.52
Total T:  232528 | Ep: 2794 | Steps:  152 | Reward:   388.31
Total T:  232679 | Ep: 2795 | Steps:  151 | Reward:   387.35
Total T:  232832 | Ep: 2796 | Steps:  153 | Reward:   407.28
Total T:  232980 | Ep: 2797 | Steps:  148 | Reward:   377.50
Total T:  233133 | Ep: 2798 | Steps:  153 | Reward:   379.35
Total T:  233280 | Ep: 2799 | Steps:  147 | Reward:   382.44
Total T:  233431 | Ep: 2800 | Steps:  151 | Reward:   393.04
Total T:  233584 | Ep: 2801 | Steps:  153 | Reward:   387.69
Total T:  233733 | Ep: 2802 | Steps:  149 | Reward:   377.91
Total T:  233887 | Ep: 2803 | Steps:  154 | Reward:   385.28
Total T:  234062 | Ep: 2804 | Steps:  175 | Reward:   465.89
Total T:  234216 | Ep: 2805 | Steps:  154 | Reward:   385.09
Total T:  234371 | Ep: 2806 | Steps:  155 | Reward:   387.84
Total T:  234530 | Ep: 2807 | Steps:  159 | Reward:   392.00
Total T:  234689 | Ep: 2808 | Steps:  159 | Reward:   410.19
Total T:  234850 | Ep: 2809 | Steps:  161 | Reward:   397.97
Total T:  235015 | Ep: 2810 | Steps:  165 | Reward:   413.96
Total T:  235180 | Ep: 2811 | Steps:  165 | Reward:   410.11
Total T:  235338 | Ep: 2812 | Steps:  158 | Reward:   404.36
Total T:  235490 | Ep: 2813 | Steps:  152 | Reward:   390.55
Total T:  235643 | Ep: 2814 | Steps:  153 | Reward:   402.18
Total T:  235795 | Ep: 2815 | Steps:  152 | Reward:   401.63
Total T:  235943 | Ep: 2816 | Steps:  148 | Reward:   368.57
Total T:  236091 | Ep: 2817 | Steps:  148 | Reward:   386.44
Total T:  236247 | Ep: 2818 | Steps:  156 | Reward:   401.99
Total T:  236402 | Ep: 2819 | Steps:  155 | Reward:   395.81
Total T:  236556 | Ep: 2820 | Steps:  154 | Reward:   383.34
Total T:  236709 | Ep: 2821 | Steps:  153 | Reward:   401.54
Total T:  236860 | Ep: 2822 | Steps:  151 | Reward:   384.97
Total T:  237015 | Ep: 2823 | Steps:  155 | Reward:   385.04
Total T:  237173 | Ep: 2824 | Steps:  158 | Reward:   395.48
Total T:  237332 | Ep: 2825 | Steps:  159 | Reward:   395.96
Total T:  237494 | Ep: 2826 | Steps:  162 | Reward:   406.48
Total T:  237647 | Ep: 2827 | Steps:  153 | Reward:   384.51
Total T:  237809 | Ep: 2828 | Steps:  162 | Reward:   410.84
Total T:  237969 | Ep: 2829 | Steps:  160 | Reward:   425.53
Total T:  238126 | Ep: 2830 | Steps:  157 | Reward:   405.29
Total T:  238284 | Ep: 2831 | Steps:  158 | Reward:   401.59
Total T:  238438 | Ep: 2832 | Steps:  154 | Reward:   425.01
Total T:  238595 | Ep: 2833 | Steps:  157 | Reward:   418.83
Total T:  238744 | Ep: 2834 | Steps:  149 | Reward:   392.55
Total T:  238903 | Ep: 2835 | Steps:  159 | Reward:   415.04
Total T:  239060 | Ep: 2836 | Steps:  157 | Reward:   403.76
Total T:  239223 | Ep: 2837 | Steps:  163 | Reward:   418.45
Total T:  239380 | Ep: 2838 | Steps:  157 | Reward:   384.99
Total T:  239537 | Ep: 2839 | Steps:  157 | Reward:   403.31
Total T:  239693 | Ep: 2840 | Steps:  156 | Reward:   429.15
Total T:  239852 | Ep: 2841 | Steps:  159 | Reward:   457.23
---------------------------------------
Evaluation over 10 episodes: 396.688
---------------------------------------
Total T:  240009 | Ep: 2842 | Steps:  157 | Reward:   414.10
Total T:  240162 | Ep: 2843 | Steps:  153 | Reward:   419.75
Total T:  240321 | Ep: 2844 | Steps:  159 | Reward:   416.80
Total T:  240483 | Ep: 2845 | Steps:  162 | Reward:   428.58
Total T:  240637 | Ep: 2846 | Steps:  154 | Reward:   413.16
Total T:  240789 | Ep: 2847 | Steps:  152 | Reward:   416.57
Total T:  240948 | Ep: 2848 | Steps:  159 | Reward:   439.92
Total T:  241100 | Ep: 2849 | Steps:  152 | Reward:   378.17
Total T:  241257 | Ep: 2850 | Steps:  157 | Reward:   436.69
Total T:  241411 | Ep: 2851 | Steps:  154 | Reward:   419.00
Total T:  241567 | Ep: 2852 | Steps:  156 | Reward:   410.62
Total T:  241725 | Ep: 2853 | Steps:  158 | Reward:   422.69
Total T:  241886 | Ep: 2854 | Steps:  161 | Reward:   431.40
Total T:  242051 | Ep: 2855 | Steps:  165 | Reward:   462.94
Total T:  242206 | Ep: 2856 | Steps:  155 | Reward:   423.27
Total T:  242362 | Ep: 2857 | Steps:  156 | Reward:   424.06
Total T:  242520 | Ep: 2858 | Steps:  158 | Reward:   440.58
Total T:  242677 | Ep: 2859 | Steps:  157 | Reward:   442.01
Total T:  242834 | Ep: 2860 | Steps:  157 | Reward:   419.07
Total T:  242994 | Ep: 2861 | Steps:  160 | Reward:   428.92
Total T:  243156 | Ep: 2862 | Steps:  162 | Reward:   448.22
Total T:  243317 | Ep: 2863 | Steps:  161 | Reward:   428.69
Total T:  243470 | Ep: 2864 | Steps:  153 | Reward:   397.73
Total T:  243635 | Ep: 2865 | Steps:  165 | Reward:   446.33
Total T:  243788 | Ep: 2866 | Steps:  153 | Reward:   390.31
Total T:  243953 | Ep: 2867 | Steps:  165 | Reward:   444.03
Total T:  244107 | Ep: 2868 | Steps:  154 | Reward:   416.39
Total T:  244263 | Ep: 2869 | Steps:  156 | Reward:   411.69
Total T:  244423 | Ep: 2870 | Steps:  160 | Reward:   456.58
Total T:  244581 | Ep: 2871 | Steps:  158 | Reward:   432.35
Total T:  244738 | Ep: 2872 | Steps:  157 | Reward:   455.99
Total T:  244895 | Ep: 2873 | Steps:  157 | Reward:   436.81
Total T:  245045 | Ep: 2874 | Steps:  150 | Reward:   427.11
Total T:  245205 | Ep: 2875 | Steps:  160 | Reward:   455.57
Total T:  245356 | Ep: 2876 | Steps:  151 | Reward:   430.03
Total T:  245512 | Ep: 2877 | Steps:  156 | Reward:   456.48
Total T:  245660 | Ep: 2878 | Steps:  148 | Reward:   425.79
Total T:  245820 | Ep: 2879 | Steps:  160 | Reward:   436.47
Total T:  245979 | Ep: 2880 | Steps:  159 | Reward:   436.37
Total T:  246139 | Ep: 2881 | Steps:  160 | Reward:   451.49
Total T:  246294 | Ep: 2882 | Steps:  155 | Reward:   444.24
Total T:  246459 | Ep: 2883 | Steps:  165 | Reward:   471.16
Total T:  246621 | Ep: 2884 | Steps:  162 | Reward:   454.35
Total T:  246790 | Ep: 2885 | Steps:  169 | Reward:   505.18
Total T:  246948 | Ep: 2886 | Steps:  158 | Reward:   470.31
Total T:  247110 | Ep: 2887 | Steps:  162 | Reward:   468.13
Total T:  247264 | Ep: 2888 | Steps:  154 | Reward:   410.45
Total T:  247417 | Ep: 2889 | Steps:  153 | Reward:   445.31
Total T:  247575 | Ep: 2890 | Steps:  158 | Reward:   437.81
Total T:  247720 | Ep: 2891 | Steps:  145 | Reward:   401.29
Total T:  247885 | Ep: 2892 | Steps:  165 | Reward:   484.82
Total T:  248042 | Ep: 2893 | Steps:  157 | Reward:   446.80
Total T:  248200 | Ep: 2894 | Steps:  158 | Reward:   456.40
Total T:  248343 | Ep: 2895 | Steps:  143 | Reward:   406.58
Total T:  248493 | Ep: 2896 | Steps:  150 | Reward:   427.63
Total T:  248653 | Ep: 2897 | Steps:  160 | Reward:   447.15
Total T:  248816 | Ep: 2898 | Steps:  163 | Reward:   472.20
Total T:  248985 | Ep: 2899 | Steps:  169 | Reward:   486.79
Total T:  249150 | Ep: 2900 | Steps:  165 | Reward:   475.45
Total T:  249306 | Ep: 2901 | Steps:  156 | Reward:   453.57
Total T:  249470 | Ep: 2902 | Steps:  164 | Reward:   477.75
Total T:  249640 | Ep: 2903 | Steps:  170 | Reward:   488.10
Total T:  249809 | Ep: 2904 | Steps:  169 | Reward:   474.91
Total T:  249976 | Ep: 2905 | Steps:  167 | Reward:   449.91
---------------------------------------
Evaluation over 10 episodes: 459.514
---------------------------------------
Total T:  250136 | Ep: 2906 | Steps:  160 | Reward:   446.06
Total T:  250290 | Ep: 2907 | Steps:  154 | Reward:   455.01
Total T:  250453 | Ep: 2908 | Steps:  163 | Reward:   457.99
Total T:  250617 | Ep: 2909 | Steps:  164 | Reward:   476.82
Total T:  250771 | Ep: 2910 | Steps:  154 | Reward:   450.98
Total T:  250938 | Ep: 2911 | Steps:  167 | Reward:   470.44
Total T:  251103 | Ep: 2912 | Steps:  165 | Reward:   448.25
Total T:  251274 | Ep: 2913 | Steps:  171 | Reward:   458.37
Total T:  251436 | Ep: 2914 | Steps:  162 | Reward:   426.99
Total T:  251614 | Ep: 2915 | Steps:  178 | Reward:   487.84
Total T:  251775 | Ep: 2916 | Steps:  161 | Reward:   412.08
Total T:  251937 | Ep: 2917 | Steps:  162 | Reward:   437.96
Total T:  252083 | Ep: 2918 | Steps:  146 | Reward:   415.97
Total T:  252241 | Ep: 2919 | Steps:  158 | Reward:   443.73
Total T:  252387 | Ep: 2920 | Steps:  146 | Reward:   420.87
Total T:  252546 | Ep: 2921 | Steps:  159 | Reward:   421.44
Total T:  252705 | Ep: 2922 | Steps:  159 | Reward:   441.63
Total T:  252866 | Ep: 2923 | Steps:  161 | Reward:   426.29
Total T:  253025 | Ep: 2924 | Steps:  159 | Reward:   429.24
Total T:  253174 | Ep: 2925 | Steps:  149 | Reward:   416.23
Total T:  253328 | Ep: 2926 | Steps:  154 | Reward:   395.27
Total T:  253477 | Ep: 2927 | Steps:  149 | Reward:   424.63
Total T:  253630 | Ep: 2928 | Steps:  153 | Reward:   439.80
Total T:  253785 | Ep: 2929 | Steps:  155 | Reward:   379.44
Total T:  253954 | Ep: 2930 | Steps:  169 | Reward:   451.28
Total T:  254109 | Ep: 2931 | Steps:  155 | Reward:   386.91
Total T:  254264 | Ep: 2932 | Steps:  155 | Reward:   436.32
Total T:  254428 | Ep: 2933 | Steps:  164 | Reward:   419.78
Total T:  254593 | Ep: 2934 | Steps:  165 | Reward:   487.59
Total T:  254776 | Ep: 2935 | Steps:  183 | Reward:   476.10
Total T:  254934 | Ep: 2936 | Steps:  158 | Reward:   438.56
Total T:  255085 | Ep: 2937 | Steps:  151 | Reward:   432.00
Total T:  255243 | Ep: 2938 | Steps:  158 | Reward:   421.14
Total T:  255393 | Ep: 2939 | Steps:  150 | Reward:   416.90
Total T:  255544 | Ep: 2940 | Steps:  151 | Reward:   431.76
Total T:  255691 | Ep: 2941 | Steps:  147 | Reward:   410.36
Total T:  255860 | Ep: 2942 | Steps:  169 | Reward:   415.59
Total T:  256023 | Ep: 2943 | Steps:  163 | Reward:   422.52
Total T:  256166 | Ep: 2944 | Steps:  143 | Reward:   398.95
Total T:  256311 | Ep: 2945 | Steps:  145 | Reward:   333.49
Total T:  256457 | Ep: 2946 | Steps:  146 | Reward:   332.59
Total T:  256609 | Ep: 2947 | Steps:  152 | Reward:   364.09
Total T:  256760 | Ep: 2948 | Steps:  151 | Reward:   426.65
Total T:  256919 | Ep: 2949 | Steps:  159 | Reward:   402.27
Total T:  257080 | Ep: 2950 | Steps:  161 | Reward:   436.53
Total T:  257237 | Ep: 2951 | Steps:  157 | Reward:   430.02
Total T:  257383 | Ep: 2952 | Steps:  146 | Reward:   329.92
Total T:  257551 | Ep: 2953 | Steps:  168 | Reward:   426.16
Total T:  257699 | Ep: 2954 | Steps:  148 | Reward:   347.44
Total T:  257863 | Ep: 2955 | Steps:  164 | Reward:   414.83
Total T:  258003 | Ep: 2956 | Steps:  140 | Reward:   389.49
Total T:  258152 | Ep: 2957 | Steps:  149 | Reward:   419.02
Total T:  258291 | Ep: 2958 | Steps:  139 | Reward:   373.05
Total T:  258437 | Ep: 2959 | Steps:  146 | Reward:   415.96
Total T:  258583 | Ep: 2960 | Steps:  146 | Reward:   415.40
Total T:  258732 | Ep: 2961 | Steps:  149 | Reward:   418.57
Total T:  258882 | Ep: 2962 | Steps:  150 | Reward:   432.42
Total T:  259026 | Ep: 2963 | Steps:  144 | Reward:   412.00
Total T:  259174 | Ep: 2964 | Steps:  148 | Reward:   409.13
Total T:  259331 | Ep: 2965 | Steps:  157 | Reward:   422.29
Total T:  259482 | Ep: 2966 | Steps:  151 | Reward:   400.66
Total T:  259627 | Ep: 2967 | Steps:  145 | Reward:   402.38
Total T:  259786 | Ep: 2968 | Steps:  159 | Reward:   447.71
Total T:  259932 | Ep: 2969 | Steps:  146 | Reward:   418.45
---------------------------------------
Evaluation over 10 episodes: 384.529
---------------------------------------
Total T:  260083 | Ep: 2970 | Steps:  151 | Reward:   434.46
Total T:  260233 | Ep: 2971 | Steps:  150 | Reward:   421.02
Total T:  260389 | Ep: 2972 | Steps:  156 | Reward:   442.26
Total T:  260540 | Ep: 2973 | Steps:  151 | Reward:   427.02
Total T:  260690 | Ep: 2974 | Steps:  150 | Reward:   416.01
Total T:  260839 | Ep: 2975 | Steps:  149 | Reward:   423.54
Total T:  260976 | Ep: 2976 | Steps:  137 | Reward:   370.30
Total T:  261123 | Ep: 2977 | Steps:  147 | Reward:   422.57
Total T:  261271 | Ep: 2978 | Steps:  148 | Reward:   425.77
Total T:  261423 | Ep: 2979 | Steps:  152 | Reward:   431.13
Total T:  261561 | Ep: 2980 | Steps:  138 | Reward:   376.11
Total T:  261713 | Ep: 2981 | Steps:  152 | Reward:   438.03
Total T:  261854 | Ep: 2982 | Steps:  141 | Reward:   392.36
Total T:  262006 | Ep: 2983 | Steps:  152 | Reward:   442.72
Total T:  262156 | Ep: 2984 | Steps:  150 | Reward:   422.19
Total T:  262299 | Ep: 2985 | Steps:  143 | Reward:   404.04
Total T:  262434 | Ep: 2986 | Steps:  135 | Reward:   370.21
Total T:  262584 | Ep: 2987 | Steps:  150 | Reward:   436.30
Total T:  262719 | Ep: 2988 | Steps:  135 | Reward:   367.47
Total T:  262858 | Ep: 2989 | Steps:  139 | Reward:   388.41
Total T:  263000 | Ep: 2990 | Steps:  142 | Reward:   400.47
Total T:  263132 | Ep: 2991 | Steps:  132 | Reward:   360.96
Total T:  263283 | Ep: 2992 | Steps:  151 | Reward:   439.41
Total T:  263422 | Ep: 2993 | Steps:  139 | Reward:   381.65
Total T:  263557 | Ep: 2994 | Steps:  135 | Reward:   366.65
Total T:  263703 | Ep: 2995 | Steps:  146 | Reward:   425.44
Total T:  263839 | Ep: 2996 | Steps:  136 | Reward:   380.71
Total T:  263988 | Ep: 2997 | Steps:  149 | Reward:   433.15
Total T:  264136 | Ep: 2998 | Steps:  148 | Reward:   435.54
Total T:  264284 | Ep: 2999 | Steps:  148 | Reward:   439.05
Total T:  264418 | Ep: 3000 | Steps:  134 | Reward:   365.14
Total T:  264551 | Ep: 3001 | Steps:  133 | Reward:   364.09
Total T:  264693 | Ep: 3002 | Steps:  142 | Reward:   403.64
Total T:  264830 | Ep: 3003 | Steps:  137 | Reward:   371.71
Total T:  264968 | Ep: 3004 | Steps:  138 | Reward:   374.34
Total T:  265108 | Ep: 3005 | Steps:  140 | Reward:   398.28
Total T:  265263 | Ep: 3006 | Steps:  155 | Reward:   448.43
Total T:  265405 | Ep: 3007 | Steps:  142 | Reward:   401.89
Total T:  265558 | Ep: 3008 | Steps:  153 | Reward:   453.07
Total T:  265691 | Ep: 3009 | Steps:  133 | Reward:   368.43
Total T:  265830 | Ep: 3010 | Steps:  139 | Reward:   393.38
Total T:  265978 | Ep: 3011 | Steps:  148 | Reward:   428.74
Total T:  266118 | Ep: 3012 | Steps:  140 | Reward:   387.11
Total T:  266258 | Ep: 3013 | Steps:  140 | Reward:   393.82
Total T:  266399 | Ep: 3014 | Steps:  141 | Reward:   407.31
Total T:  266538 | Ep: 3015 | Steps:  139 | Reward:   391.65
Total T:  266677 | Ep: 3016 | Steps:  139 | Reward:   393.22
Total T:  266814 | Ep: 3017 | Steps:  137 | Reward:   390.04
Total T:  266967 | Ep: 3018 | Steps:  153 | Reward:   467.11
Total T:  267110 | Ep: 3019 | Steps:  143 | Reward:   409.64
Total T:  267262 | Ep: 3020 | Steps:  152 | Reward:   452.16
Total T:  267398 | Ep: 3021 | Steps:  136 | Reward:   381.62
Total T:  267543 | Ep: 3022 | Steps:  145 | Reward:   430.06
Total T:  267674 | Ep: 3023 | Steps:  131 | Reward:   368.38
Total T:  267814 | Ep: 3024 | Steps:  140 | Reward:   403.31
Total T:  267960 | Ep: 3025 | Steps:  146 | Reward:   442.90
Total T:  268101 | Ep: 3026 | Steps:  141 | Reward:   418.41
Total T:  268245 | Ep: 3027 | Steps:  144 | Reward:   416.64
Total T:  268391 | Ep: 3028 | Steps:  146 | Reward:   424.10
Total T:  268538 | Ep: 3029 | Steps:  147 | Reward:   446.43
Total T:  268688 | Ep: 3030 | Steps:  150 | Reward:   454.27
Total T:  268844 | Ep: 3031 | Steps:  156 | Reward:   479.46
Total T:  268988 | Ep: 3032 | Steps:  144 | Reward:   414.37
Total T:  269136 | Ep: 3033 | Steps:  148 | Reward:   455.28
Total T:  269292 | Ep: 3034 | Steps:  156 | Reward:   469.04
Total T:  269445 | Ep: 3035 | Steps:  153 | Reward:   469.58
Total T:  269599 | Ep: 3036 | Steps:  154 | Reward:   462.98
Total T:  269740 | Ep: 3037 | Steps:  141 | Reward:   419.80
Total T:  269896 | Ep: 3038 | Steps:  156 | Reward:   482.22
---------------------------------------
Evaluation over 10 episodes: 432.293
---------------------------------------
Total T:  270058 | Ep: 3039 | Steps:  162 | Reward:   494.81
Total T:  270211 | Ep: 3040 | Steps:  153 | Reward:   468.65
Total T:  270368 | Ep: 3041 | Steps:  157 | Reward:   470.86
Total T:  270521 | Ep: 3042 | Steps:  153 | Reward:   471.43
Total T:  270675 | Ep: 3043 | Steps:  154 | Reward:   474.56
Total T:  270825 | Ep: 3044 | Steps:  150 | Reward:   450.06
Total T:  270972 | Ep: 3045 | Steps:  147 | Reward:   415.63
Total T:  271129 | Ep: 3046 | Steps:  157 | Reward:   486.79
Total T:  271279 | Ep: 3047 | Steps:  150 | Reward:   418.84
Total T:  271426 | Ep: 3048 | Steps:  147 | Reward:   427.34
Total T:  271584 | Ep: 3049 | Steps:  158 | Reward:   478.67
Total T:  271742 | Ep: 3050 | Steps:  158 | Reward:   459.17
Total T:  271887 | Ep: 3051 | Steps:  145 | Reward:   400.66
Total T:  272032 | Ep: 3052 | Steps:  145 | Reward:   387.97
Total T:  272183 | Ep: 3053 | Steps:  151 | Reward:   406.69
Total T:  272334 | Ep: 3054 | Steps:  151 | Reward:   412.76
Total T:  272488 | Ep: 3055 | Steps:  154 | Reward:   445.23
Total T:  272639 | Ep: 3056 | Steps:  151 | Reward:   435.96
Total T:  272812 | Ep: 3057 | Steps:  173 | Reward:   493.84
Total T:  272959 | Ep: 3058 | Steps:  147 | Reward:   399.53
Total T:  273112 | Ep: 3059 | Steps:  153 | Reward:   430.15
Total T:  273269 | Ep: 3060 | Steps:  157 | Reward:   447.45
Total T:  273422 | Ep: 3061 | Steps:  153 | Reward:   429.18
Total T:  273575 | Ep: 3062 | Steps:  153 | Reward:   445.90
Total T:  273725 | Ep: 3063 | Steps:  150 | Reward:   438.43
Total T:  273879 | Ep: 3064 | Steps:  154 | Reward:   464.14
Total T:  274024 | Ep: 3065 | Steps:  145 | Reward:   407.95
Total T:  274181 | Ep: 3066 | Steps:  157 | Reward:   476.92
Total T:  274344 | Ep: 3067 | Steps:  163 | Reward:   489.07
Total T:  274511 | Ep: 3068 | Steps:  167 | Reward:   477.92
Total T:  274673 | Ep: 3069 | Steps:  162 | Reward:   490.36
Total T:  274832 | Ep: 3070 | Steps:  159 | Reward:   474.64
Total T:  275001 | Ep: 3071 | Steps:  169 | Reward:   510.09
Total T:  275164 | Ep: 3072 | Steps:  163 | Reward:   481.04
Total T:  275325 | Ep: 3073 | Steps:  161 | Reward:   481.46
Total T:  275485 | Ep: 3074 | Steps:  160 | Reward:   479.17
Total T:  275650 | Ep: 3075 | Steps:  165 | Reward:   494.01
Total T:  275808 | Ep: 3076 | Steps:  158 | Reward:   467.74
Total T:  275973 | Ep: 3077 | Steps:  165 | Reward:   491.07
Total T:  276139 | Ep: 3078 | Steps:  166 | Reward:   503.31
Total T:  276305 | Ep: 3079 | Steps:  166 | Reward:   495.28
Total T:  276469 | Ep: 3080 | Steps:  164 | Reward:   487.99
Total T:  276630 | Ep: 3081 | Steps:  161 | Reward:   462.43
Total T:  276789 | Ep: 3082 | Steps:  159 | Reward:   478.10
Total T:  276953 | Ep: 3083 | Steps:  164 | Reward:   494.47
Total T:  277107 | Ep: 3084 | Steps:  154 | Reward:   463.79
Total T:  277266 | Ep: 3085 | Steps:  159 | Reward:   485.78
Total T:  277423 | Ep: 3086 | Steps:  157 | Reward:   465.97
Total T:  277584 | Ep: 3087 | Steps:  161 | Reward:   500.74
Total T:  277741 | Ep: 3088 | Steps:  157 | Reward:   484.35
Total T:  277896 | Ep: 3089 | Steps:  155 | Reward:   456.54
Total T:  278061 | Ep: 3090 | Steps:  165 | Reward:   529.69
Total T:  278220 | Ep: 3091 | Steps:  159 | Reward:   470.85
Total T:  278387 | Ep: 3092 | Steps:  167 | Reward:   530.66
Total T:  278539 | Ep: 3093 | Steps:  152 | Reward:   433.81
Total T:  278704 | Ep: 3094 | Steps:  165 | Reward:   515.85
Total T:  278861 | Ep: 3095 | Steps:  157 | Reward:   472.32
Total T:  279026 | Ep: 3096 | Steps:  165 | Reward:   529.40
Total T:  279187 | Ep: 3097 | Steps:  161 | Reward:   495.67
Total T:  279331 | Ep: 3098 | Steps:  144 | Reward:   422.65
Total T:  279473 | Ep: 3099 | Steps:  142 | Reward:   411.77
Total T:  279616 | Ep: 3100 | Steps:  143 | Reward:   419.11
Total T:  279773 | Ep: 3101 | Steps:  157 | Reward:   483.39
Total T:  279922 | Ep: 3102 | Steps:  149 | Reward:   434.89
---------------------------------------
Evaluation over 10 episodes: 450.530
---------------------------------------
Total T:  280080 | Ep: 3103 | Steps:  158 | Reward:   483.09
Total T:  280243 | Ep: 3104 | Steps:  163 | Reward:   507.19
Total T:  280394 | Ep: 3105 | Steps:  151 | Reward:   470.31
Total T:  280547 | Ep: 3106 | Steps:  153 | Reward:   471.50
Total T:  280715 | Ep: 3107 | Steps:  168 | Reward:   548.09
Total T:  280871 | Ep: 3108 | Steps:  156 | Reward:   480.84
Total T:  281036 | Ep: 3109 | Steps:  165 | Reward:   512.69
Total T:  281197 | Ep: 3110 | Steps:  161 | Reward:   503.56
Total T:  281361 | Ep: 3111 | Steps:  164 | Reward:   501.88
Total T:  281517 | Ep: 3112 | Steps:  156 | Reward:   483.20
Total T:  281668 | Ep: 3113 | Steps:  151 | Reward:   451.34
Total T:  281829 | Ep: 3114 | Steps:  161 | Reward:   475.49
Total T:  281984 | Ep: 3115 | Steps:  155 | Reward:   487.53
Total T:  282142 | Ep: 3116 | Steps:  158 | Reward:   485.90
Total T:  282287 | Ep: 3117 | Steps:  145 | Reward:   438.38
Total T:  282451 | Ep: 3118 | Steps:  164 | Reward:   483.16
Total T:  282593 | Ep: 3119 | Steps:  142 | Reward:   415.41
Total T:  282751 | Ep: 3120 | Steps:  158 | Reward:   486.45
Total T:  282897 | Ep: 3121 | Steps:  146 | Reward:   435.99
Total T:  283053 | Ep: 3122 | Steps:  156 | Reward:   464.85
Total T:  283214 | Ep: 3123 | Steps:  161 | Reward:   498.51
Total T:  283374 | Ep: 3124 | Steps:  160 | Reward:   464.05
Total T:  283531 | Ep: 3125 | Steps:  157 | Reward:   476.44
Total T:  283694 | Ep: 3126 | Steps:  163 | Reward:   503.67
Total T:  283859 | Ep: 3127 | Steps:  165 | Reward:   511.26
Total T:  284030 | Ep: 3128 | Steps:  171 | Reward:   498.10
Total T:  284194 | Ep: 3129 | Steps:  164 | Reward:   481.54
Total T:  284371 | Ep: 3130 | Steps:  177 | Reward:   514.52
Total T:  284534 | Ep: 3131 | Steps:  163 | Reward:   516.68
Total T:  284702 | Ep: 3132 | Steps:  168 | Reward:   493.45
Total T:  284867 | Ep: 3133 | Steps:  165 | Reward:   506.61
Total T:  285035 | Ep: 3134 | Steps:  168 | Reward:   505.76
Total T:  285199 | Ep: 3135 | Steps:  164 | Reward:   485.77
Total T:  285401 | Ep: 3136 | Steps:  202 | Reward:   578.00
Total T:  285573 | Ep: 3137 | Steps:  172 | Reward:   529.22
Total T:  285734 | Ep: 3138 | Steps:  161 | Reward:   457.84
Total T:  285918 | Ep: 3139 | Steps:  184 | Reward:   555.37
Total T:  286088 | Ep: 3140 | Steps:  170 | Reward:   498.28
Total T:  286260 | Ep: 3141 | Steps:  172 | Reward:   493.91
Total T:  286429 | Ep: 3142 | Steps:  169 | Reward:   466.07
Total T:  286648 | Ep: 3143 | Steps:  219 | Reward:   637.28
Total T:  286849 | Ep: 3144 | Steps:  201 | Reward:   557.99
Total T:  287042 | Ep: 3145 | Steps:  193 | Reward:   525.95
Total T:  287214 | Ep: 3146 | Steps:  172 | Reward:   486.08
Total T:  287383 | Ep: 3147 | Steps:  169 | Reward:   492.05
Total T:  287551 | Ep: 3148 | Steps:  168 | Reward:   475.96
Total T:  287718 | Ep: 3149 | Steps:  167 | Reward:   450.08
Total T:  287907 | Ep: 3150 | Steps:  189 | Reward:   541.12
Total T:  288072 | Ep: 3151 | Steps:  165 | Reward:   494.22
Total T:  288248 | Ep: 3152 | Steps:  176 | Reward:   521.99
Total T:  288415 | Ep: 3153 | Steps:  167 | Reward:   487.93
Total T:  288551 | Ep: 3154 | Steps:  136 | Reward:   317.00
Total T:  288739 | Ep: 3155 | Steps:  188 | Reward:   539.15
Total T:  288915 | Ep: 3156 | Steps:  176 | Reward:   548.74
Total T:  289094 | Ep: 3157 | Steps:  179 | Reward:   554.48
Total T:  289132 | Ep: 3158 | Steps:   38 | Reward:    62.72
Total T:  289285 | Ep: 3159 | Steps:  153 | Reward:   448.51
Total T:  289469 | Ep: 3160 | Steps:  184 | Reward:   559.74
Total T:  289664 | Ep: 3161 | Steps:  195 | Reward:   597.49
Total T:  289829 | Ep: 3162 | Steps:  165 | Reward:   448.83
Total T:  290000 | Ep: 3163 | Steps:  171 | Reward:   526.84
---------------------------------------
Evaluation over 10 episodes: 313.840
---------------------------------------
Total T:  290143 | Ep: 3164 | Steps:  143 | Reward:   342.02
Total T:  290279 | Ep: 3165 | Steps:  136 | Reward:   326.33
Total T:  290467 | Ep: 3166 | Steps:  188 | Reward:   534.15
Total T:  290600 | Ep: 3167 | Steps:  133 | Reward:   308.56
Total T:  290758 | Ep: 3168 | Steps:  158 | Reward:   493.21
Total T:  290953 | Ep: 3169 | Steps:  195 | Reward:   542.49
Total T:  291080 | Ep: 3170 | Steps:  127 | Reward:   290.01
Total T:  291212 | Ep: 3171 | Steps:  132 | Reward:   302.27
Total T:  291347 | Ep: 3172 | Steps:  135 | Reward:   316.84
Total T:  291478 | Ep: 3173 | Steps:  131 | Reward:   361.57
Total T:  291636 | Ep: 3174 | Steps:  158 | Reward:   412.73
Total T:  291815 | Ep: 3175 | Steps:  179 | Reward:   470.12
Total T:  291981 | Ep: 3176 | Steps:  166 | Reward:   500.56
Total T:  292110 | Ep: 3177 | Steps:  129 | Reward:   348.94
Total T:  292249 | Ep: 3178 | Steps:  139 | Reward:   404.45
Total T:  292394 | Ep: 3179 | Steps:  145 | Reward:   441.69
Total T:  292556 | Ep: 3180 | Steps:  162 | Reward:   504.31
Total T:  292708 | Ep: 3181 | Steps:  152 | Reward:   396.16
Total T:  292890 | Ep: 3182 | Steps:  182 | Reward:   506.10
Total T:  293053 | Ep: 3183 | Steps:  163 | Reward:   496.97
Total T:  293230 | Ep: 3184 | Steps:  177 | Reward:   533.83
Total T:  293359 | Ep: 3185 | Steps:  129 | Reward:   350.59
Total T:  293543 | Ep: 3186 | Steps:  184 | Reward:   559.53
Total T:  293675 | Ep: 3187 | Steps:  132 | Reward:   371.81
Total T:  293829 | Ep: 3188 | Steps:  154 | Reward:   474.43
Total T:  293977 | Ep: 3189 | Steps:  148 | Reward:   455.50
Total T:  294121 | Ep: 3190 | Steps:  144 | Reward:   430.26
Total T:  294270 | Ep: 3191 | Steps:  149 | Reward:   429.80
Total T:  294432 | Ep: 3192 | Steps:  162 | Reward:   520.58
Total T:  294596 | Ep: 3193 | Steps:  164 | Reward:   491.41
Total T:  294725 | Ep: 3194 | Steps:  129 | Reward:   354.59
Total T:  294883 | Ep: 3195 | Steps:  158 | Reward:   493.76
Total T:  295037 | Ep: 3196 | Steps:  154 | Reward:   480.74
Total T:  295171 | Ep: 3197 | Steps:  134 | Reward:   379.04
Total T:  295328 | Ep: 3198 | Steps:  157 | Reward:   469.56
Total T:  295456 | Ep: 3199 | Steps:  128 | Reward:   344.09
Total T:  295587 | Ep: 3200 | Steps:  131 | Reward:   367.42
Total T:  295729 | Ep: 3201 | Steps:  142 | Reward:   414.87
Total T:  295864 | Ep: 3202 | Steps:  135 | Reward:   376.75
Total T:  296007 | Ep: 3203 | Steps:  143 | Reward:   425.58
Total T:  296141 | Ep: 3204 | Steps:  134 | Reward:   377.99
Total T:  296290 | Ep: 3205 | Steps:  149 | Reward:   453.80
Total T:  296424 | Ep: 3206 | Steps:  134 | Reward:   382.70
Total T:  296566 | Ep: 3207 | Steps:  142 | Reward:   413.37
Total T:  296711 | Ep: 3208 | Steps:  145 | Reward:   438.58
Total T:  296855 | Ep: 3209 | Steps:  144 | Reward:   425.66
Total T:  296982 | Ep: 3210 | Steps:  127 | Reward:   345.54
Total T:  297116 | Ep: 3211 | Steps:  134 | Reward:   383.67
Total T:  297254 | Ep: 3212 | Steps:  138 | Reward:   402.42
Total T:  297393 | Ep: 3213 | Steps:  139 | Reward:   400.05
Total T:  297545 | Ep: 3214 | Steps:  152 | Reward:   472.32
Total T:  297691 | Ep: 3215 | Steps:  146 | Reward:   440.55
Total T:  297830 | Ep: 3216 | Steps:  139 | Reward:   414.73
Total T:  297978 | Ep: 3217 | Steps:  148 | Reward:   448.76
Total T:  298127 | Ep: 3218 | Steps:  149 | Reward:   435.71
Total T:  298276 | Ep: 3219 | Steps:  149 | Reward:   454.27
Total T:  298424 | Ep: 3220 | Steps:  148 | Reward:   444.01
Total T:  298565 | Ep: 3221 | Steps:  141 | Reward:   411.64
Total T:  298708 | Ep: 3222 | Steps:  143 | Reward:   414.99
Total T:  298850 | Ep: 3223 | Steps:  142 | Reward:   418.98
Total T:  298996 | Ep: 3224 | Steps:  146 | Reward:   437.78
Total T:  299142 | Ep: 3225 | Steps:  146 | Reward:   432.54
Total T:  299281 | Ep: 3226 | Steps:  139 | Reward:   399.95
Total T:  299425 | Ep: 3227 | Steps:  144 | Reward:   423.48
Total T:  299568 | Ep: 3228 | Steps:  143 | Reward:   416.73
Total T:  299714 | Ep: 3229 | Steps:  146 | Reward:   436.05
Total T:  299868 | Ep: 3230 | Steps:  154 | Reward:   462.49
---------------------------------------
Evaluation over 10 episodes: 440.113
---------------------------------------
Total T:  300010 | Ep: 3231 | Steps:  142 | Reward:   419.96
Total T:  300169 | Ep: 3232 | Steps:  159 | Reward:   475.42
Total T:  300327 | Ep: 3233 | Steps:  158 | Reward:   454.99
Total T:  300481 | Ep: 3234 | Steps:  154 | Reward:   448.48
Total T:  300637 | Ep: 3235 | Steps:  156 | Reward:   462.07
Total T:  300796 | Ep: 3236 | Steps:  159 | Reward:   503.12
Total T:  300943 | Ep: 3237 | Steps:  147 | Reward:   426.95
Total T:  301103 | Ep: 3238 | Steps:  160 | Reward:   512.75
Total T:  301241 | Ep: 3239 | Steps:  138 | Reward:   386.55
Total T:  301395 | Ep: 3240 | Steps:  154 | Reward:   460.38
Total T:  301549 | Ep: 3241 | Steps:  154 | Reward:   461.84
Total T:  301699 | Ep: 3242 | Steps:  150 | Reward:   444.50
Total T:  301846 | Ep: 3243 | Steps:  147 | Reward:   443.98
Total T:  301990 | Ep: 3244 | Steps:  144 | Reward:   421.24
Total T:  302155 | Ep: 3245 | Steps:  165 | Reward:   514.37
Total T:  302303 | Ep: 3246 | Steps:  148 | Reward:   425.70
Total T:  302457 | Ep: 3247 | Steps:  154 | Reward:   484.00
Total T:  302621 | Ep: 3248 | Steps:  164 | Reward:   483.58
Total T:  302775 | Ep: 3249 | Steps:  154 | Reward:   447.98
Total T:  302922 | Ep: 3250 | Steps:  147 | Reward:   436.92
Total T:  303083 | Ep: 3251 | Steps:  161 | Reward:   478.27
Total T:  303237 | Ep: 3252 | Steps:  154 | Reward:   456.40
Total T:  303394 | Ep: 3253 | Steps:  157 | Reward:   484.74
Total T:  303557 | Ep: 3254 | Steps:  163 | Reward:   494.12
Total T:  303725 | Ep: 3255 | Steps:  168 | Reward:   532.40
Total T:  303875 | Ep: 3256 | Steps:  150 | Reward:   441.90
Total T:  304031 | Ep: 3257 | Steps:  156 | Reward:   465.18
Total T:  304190 | Ep: 3258 | Steps:  159 | Reward:   488.93
Total T:  304352 | Ep: 3259 | Steps:  162 | Reward:   505.26
Total T:  304508 | Ep: 3260 | Steps:  156 | Reward:   476.49
Total T:  304653 | Ep: 3261 | Steps:  145 | Reward:   400.71
Total T:  304802 | Ep: 3262 | Steps:  149 | Reward:   423.81
Total T:  304958 | Ep: 3263 | Steps:  156 | Reward:   458.81
Total T:  305120 | Ep: 3264 | Steps:  162 | Reward:   476.62
Total T:  305281 | Ep: 3265 | Steps:  161 | Reward:   491.76
Total T:  305430 | Ep: 3266 | Steps:  149 | Reward:   414.67
Total T:  305589 | Ep: 3267 | Steps:  159 | Reward:   465.37
Total T:  305750 | Ep: 3268 | Steps:  161 | Reward:   485.31
Total T:  305904 | Ep: 3269 | Steps:  154 | Reward:   453.44
Total T:  306054 | Ep: 3270 | Steps:  150 | Reward:   427.14
Total T:  306217 | Ep: 3271 | Steps:  163 | Reward:   492.41
Total T:  306376 | Ep: 3272 | Steps:  159 | Reward:   457.55
Total T:  306535 | Ep: 3273 | Steps:  159 | Reward:   478.90
Total T:  306688 | Ep: 3274 | Steps:  153 | Reward:   446.64
Total T:  306845 | Ep: 3275 | Steps:  157 | Reward:   437.65
Total T:  307021 | Ep: 3276 | Steps:  176 | Reward:   527.53
Total T:  307180 | Ep: 3277 | Steps:  159 | Reward:   458.87
Total T:  307326 | Ep: 3278 | Steps:  146 | Reward:   424.09
Total T:  307477 | Ep: 3279 | Steps:  151 | Reward:   442.92
Total T:  307641 | Ep: 3280 | Steps:  164 | Reward:   493.94
Total T:  307808 | Ep: 3281 | Steps:  167 | Reward:   485.36
Total T:  307966 | Ep: 3282 | Steps:  158 | Reward:   460.73
Total T:  308134 | Ep: 3283 | Steps:  168 | Reward:   517.18
Total T:  308328 | Ep: 3284 | Steps:  194 | Reward:   567.82
Total T:  308500 | Ep: 3285 | Steps:  172 | Reward:   517.51
Total T:  308662 | Ep: 3286 | Steps:  162 | Reward:   496.13
Total T:  308849 | Ep: 3287 | Steps:  187 | Reward:   558.19
Total T:  308999 | Ep: 3288 | Steps:  150 | Reward:   432.22
Total T:  309162 | Ep: 3289 | Steps:  163 | Reward:   500.88
Total T:  309319 | Ep: 3290 | Steps:  157 | Reward:   466.61
Total T:  309482 | Ep: 3291 | Steps:  163 | Reward:   490.00
Total T:  309644 | Ep: 3292 | Steps:  162 | Reward:   487.86
Total T:  309795 | Ep: 3293 | Steps:  151 | Reward:   456.24
Total T:  309945 | Ep: 3294 | Steps:  150 | Reward:   441.05
---------------------------------------
Evaluation over 10 episodes: 432.792
---------------------------------------
Total T:  310101 | Ep: 3295 | Steps:  156 | Reward:   447.45
Total T:  310257 | Ep: 3296 | Steps:  156 | Reward:   467.10
Total T:  310425 | Ep: 3297 | Steps:  168 | Reward:   534.50
Total T:  310583 | Ep: 3298 | Steps:  158 | Reward:   468.33
Total T:  310751 | Ep: 3299 | Steps:  168 | Reward:   507.25
Total T:  310924 | Ep: 3300 | Steps:  173 | Reward:   546.40
Total T:  311070 | Ep: 3301 | Steps:  146 | Reward:   410.39
Total T:  311234 | Ep: 3302 | Steps:  164 | Reward:   509.29
Total T:  311381 | Ep: 3303 | Steps:  147 | Reward:   433.29
Total T:  311538 | Ep: 3304 | Steps:  157 | Reward:   485.28
Total T:  311692 | Ep: 3305 | Steps:  154 | Reward:   431.74
Total T:  311853 | Ep: 3306 | Steps:  161 | Reward:   479.19
Total T:  312041 | Ep: 3307 | Steps:  188 | Reward:   596.04
Total T:  312183 | Ep: 3308 | Steps:  142 | Reward:   408.43
Total T:  312352 | Ep: 3309 | Steps:  169 | Reward:   539.35
Total T:  312522 | Ep: 3310 | Steps:  170 | Reward:   527.64
Total T:  312712 | Ep: 3311 | Steps:  190 | Reward:   548.93
Total T:  312845 | Ep: 3312 | Steps:  133 | Reward:   333.09
Total T:  313030 | Ep: 3313 | Steps:  185 | Reward:   554.45
Total T:  313218 | Ep: 3314 | Steps:  188 | Reward:   554.28
Total T:  313387 | Ep: 3315 | Steps:  169 | Reward:   538.45
Total T:  313560 | Ep: 3316 | Steps:  173 | Reward:   543.06
Total T:  313734 | Ep: 3317 | Steps:  174 | Reward:   553.99
Total T:  313907 | Ep: 3318 | Steps:  173 | Reward:   539.63
Total T:  314057 | Ep: 3319 | Steps:  150 | Reward:   433.44
Total T:  314226 | Ep: 3320 | Steps:  169 | Reward:   541.08
Total T:  314408 | Ep: 3321 | Steps:  182 | Reward:   558.53
Total T:  314580 | Ep: 3322 | Steps:  172 | Reward:   553.79
Total T:  314761 | Ep: 3323 | Steps:  181 | Reward:   582.26
Total T:  314947 | Ep: 3324 | Steps:  186 | Reward:   585.25
Total T:  315114 | Ep: 3325 | Steps:  167 | Reward:   502.13
Total T:  315289 | Ep: 3326 | Steps:  175 | Reward:   555.91
Total T:  315457 | Ep: 3327 | Steps:  168 | Reward:   516.72
Total T:  315642 | Ep: 3328 | Steps:  185 | Reward:   589.83
Total T:  315823 | Ep: 3329 | Steps:  181 | Reward:   565.97
Total T:  316011 | Ep: 3330 | Steps:  188 | Reward:   594.70
Total T:  316198 | Ep: 3331 | Steps:  187 | Reward:   618.88
Total T:  316374 | Ep: 3332 | Steps:  176 | Reward:   559.49
Total T:  316558 | Ep: 3333 | Steps:  184 | Reward:   580.18
Total T:  316752 | Ep: 3334 | Steps:  194 | Reward:   590.21
Total T:  316923 | Ep: 3335 | Steps:  171 | Reward:   526.33
Total T:  317109 | Ep: 3336 | Steps:  186 | Reward:   603.63
Total T:  317294 | Ep: 3337 | Steps:  185 | Reward:   579.02
Total T:  317483 | Ep: 3338 | Steps:  189 | Reward:   622.59
Total T:  317656 | Ep: 3339 | Steps:  173 | Reward:   546.58
Total T:  317825 | Ep: 3340 | Steps:  169 | Reward:   518.29
Total T:  318024 | Ep: 3341 | Steps:  199 | Reward:   629.41
Total T:  318208 | Ep: 3342 | Steps:  184 | Reward:   599.27
Total T:  318390 | Ep: 3343 | Steps:  182 | Reward:   586.55
Total T:  318563 | Ep: 3344 | Steps:  173 | Reward:   551.64
Total T:  318726 | Ep: 3345 | Steps:  163 | Reward:   493.87
Total T:  318899 | Ep: 3346 | Steps:  173 | Reward:   558.87
Total T:  319083 | Ep: 3347 | Steps:  184 | Reward:   588.50
Total T:  319266 | Ep: 3348 | Steps:  183 | Reward:   583.67
Total T:  319452 | Ep: 3349 | Steps:  186 | Reward:   562.02
Total T:  319638 | Ep: 3350 | Steps:  186 | Reward:   567.98
Total T:  319811 | Ep: 3351 | Steps:  173 | Reward:   549.39
Total T:  319986 | Ep: 3352 | Steps:  175 | Reward:   572.30
---------------------------------------
Evaluation over 10 episodes: 603.002
---------------------------------------
Total T:  320172 | Ep: 3353 | Steps:  186 | Reward:   595.33
Total T:  320360 | Ep: 3354 | Steps:  188 | Reward:   607.10
Total T:  320550 | Ep: 3355 | Steps:  190 | Reward:   612.63
Total T:  320719 | Ep: 3356 | Steps:  169 | Reward:   534.61
Total T:  320894 | Ep: 3357 | Steps:  175 | Reward:   545.67
Total T:  321057 | Ep: 3358 | Steps:  163 | Reward:   498.29
Total T:  321225 | Ep: 3359 | Steps:  168 | Reward:   516.26
Total T:  321385 | Ep: 3360 | Steps:  160 | Reward:   482.40
Total T:  321546 | Ep: 3361 | Steps:  161 | Reward:   482.43
Total T:  321691 | Ep: 3362 | Steps:  145 | Reward:   423.94
Total T:  321871 | Ep: 3363 | Steps:  180 | Reward:   593.20
Total T:  322039 | Ep: 3364 | Steps:  168 | Reward:   533.37
Total T:  322192 | Ep: 3365 | Steps:  153 | Reward:   447.28
Total T:  322367 | Ep: 3366 | Steps:  175 | Reward:   575.62
Total T:  322516 | Ep: 3367 | Steps:  149 | Reward:   442.24
Total T:  322660 | Ep: 3368 | Steps:  144 | Reward:   416.95
Total T:  322807 | Ep: 3369 | Steps:  147 | Reward:   436.24
Total T:  322963 | Ep: 3370 | Steps:  156 | Reward:   460.35
Total T:  323136 | Ep: 3371 | Steps:  173 | Reward:   544.91
Total T:  323317 | Ep: 3372 | Steps:  181 | Reward:   596.79
Total T:  323498 | Ep: 3373 | Steps:  181 | Reward:   584.96
Total T:  323654 | Ep: 3374 | Steps:  156 | Reward:   464.06
Total T:  323832 | Ep: 3375 | Steps:  178 | Reward:   566.79
Total T:  324001 | Ep: 3376 | Steps:  169 | Reward:   519.78
Total T:  324163 | Ep: 3377 | Steps:  162 | Reward:   490.40
Total T:  324337 | Ep: 3378 | Steps:  174 | Reward:   559.20
Total T:  324498 | Ep: 3379 | Steps:  161 | Reward:   485.16
Total T:  324686 | Ep: 3380 | Steps:  188 | Reward:   636.90
Total T:  324865 | Ep: 3381 | Steps:  179 | Reward:   566.65
Total T:  325040 | Ep: 3382 | Steps:  175 | Reward:   557.45
Total T:  325221 | Ep: 3383 | Steps:  181 | Reward:   596.94
Total T:  325373 | Ep: 3384 | Steps:  152 | Reward:   451.45
Total T:  325529 | Ep: 3385 | Steps:  156 | Reward:   476.25
Total T:  325680 | Ep: 3386 | Steps:  151 | Reward:   430.46
Total T:  325857 | Ep: 3387 | Steps:  177 | Reward:   553.49
Total T:  326003 | Ep: 3388 | Steps:  146 | Reward:   406.72
Total T:  326162 | Ep: 3389 | Steps:  159 | Reward:   472.68
Total T:  326323 | Ep: 3390 | Steps:  161 | Reward:   473.19
Total T:  326476 | Ep: 3391 | Steps:  153 | Reward:   444.26
Total T:  326635 | Ep: 3392 | Steps:  159 | Reward:   477.24
Total T:  326773 | Ep: 3393 | Steps:  138 | Reward:   392.05
Total T:  326950 | Ep: 3394 | Steps:  177 | Reward:   574.07
Total T:  327115 | Ep: 3395 | Steps:  165 | Reward:   499.27
Total T:  327276 | Ep: 3396 | Steps:  161 | Reward:   491.70
Total T:  327438 | Ep: 3397 | Steps:  162 | Reward:   477.82
Total T:  327579 | Ep: 3398 | Steps:  141 | Reward:   393.23
Total T:  327754 | Ep: 3399 | Steps:  175 | Reward:   546.61
Total T:  327908 | Ep: 3400 | Steps:  154 | Reward:   447.45
Total T:  328087 | Ep: 3401 | Steps:  179 | Reward:   589.26
Total T:  328237 | Ep: 3402 | Steps:  150 | Reward:   429.16
Total T:  328390 | Ep: 3403 | Steps:  153 | Reward:   435.74
Total T:  328533 | Ep: 3404 | Steps:  143 | Reward:   386.77
Total T:  328706 | Ep: 3405 | Steps:  173 | Reward:   545.98
Total T:  328862 | Ep: 3406 | Steps:  156 | Reward:   448.48
Total T:  329005 | Ep: 3407 | Steps:  143 | Reward:   404.33
Total T:  329149 | Ep: 3408 | Steps:  144 | Reward:   402.37
Total T:  329325 | Ep: 3409 | Steps:  176 | Reward:   563.98
Total T:  329503 | Ep: 3410 | Steps:  178 | Reward:   574.21
Total T:  329647 | Ep: 3411 | Steps:  144 | Reward:   395.15
Total T:  329795 | Ep: 3412 | Steps:  148 | Reward:   410.23
Total T:  329952 | Ep: 3413 | Steps:  157 | Reward:   458.85
---------------------------------------
Evaluation over 10 episodes: 391.948
---------------------------------------
Total T:  330102 | Ep: 3414 | Steps:  150 | Reward:   426.80
Total T:  330265 | Ep: 3415 | Steps:  163 | Reward:   473.72
Total T:  330423 | Ep: 3416 | Steps:  158 | Reward:   452.62
Total T:  330607 | Ep: 3417 | Steps:  184 | Reward:   597.36
Total T:  330781 | Ep: 3418 | Steps:  174 | Reward:   541.35
Total T:  330927 | Ep: 3419 | Steps:  146 | Reward:   405.43
Total T:  331078 | Ep: 3420 | Steps:  151 | Reward:   422.78
Total T:  331227 | Ep: 3421 | Steps:  149 | Reward:   411.62
Total T:  331411 | Ep: 3422 | Steps:  184 | Reward:   584.83
Total T:  331556 | Ep: 3423 | Steps:  145 | Reward:   401.22
Total T:  331701 | Ep: 3424 | Steps:  145 | Reward:   395.05
Total T:  331881 | Ep: 3425 | Steps:  180 | Reward:   563.73
Total T:  332055 | Ep: 3426 | Steps:  174 | Reward:   537.14
Total T:  332207 | Ep: 3427 | Steps:  152 | Reward:   426.45
Total T:  332357 | Ep: 3428 | Steps:  150 | Reward:   425.91
Total T:  332531 | Ep: 3429 | Steps:  174 | Reward:   517.15
Total T:  332726 | Ep: 3430 | Steps:  195 | Reward:   634.57
Total T:  332913 | Ep: 3431 | Steps:  187 | Reward:   599.72
Total T:  333073 | Ep: 3432 | Steps:  160 | Reward:   459.60
Total T:  333249 | Ep: 3433 | Steps:  176 | Reward:   556.39
Total T:  333424 | Ep: 3434 | Steps:  175 | Reward:   565.18
Total T:  333602 | Ep: 3435 | Steps:  178 | Reward:   569.38
Total T:  333747 | Ep: 3436 | Steps:  145 | Reward:   395.93
Total T:  333909 | Ep: 3437 | Steps:  162 | Reward:   461.76
Total T:  334089 | Ep: 3438 | Steps:  180 | Reward:   581.63
Total T:  334235 | Ep: 3439 | Steps:  146 | Reward:   405.81
Total T:  334417 | Ep: 3440 | Steps:  182 | Reward:   582.88
Total T:  334562 | Ep: 3441 | Steps:  145 | Reward:   409.96
Total T:  334726 | Ep: 3442 | Steps:  164 | Reward:   481.68
Total T:  334876 | Ep: 3443 | Steps:  150 | Reward:   424.29
Total T:  335063 | Ep: 3444 | Steps:  187 | Reward:   607.94
Total T:  335213 | Ep: 3445 | Steps:  150 | Reward:   424.39
Total T:  335397 | Ep: 3446 | Steps:  184 | Reward:   582.49
Total T:  335600 | Ep: 3447 | Steps:  203 | Reward:   641.05
Total T:  335765 | Ep: 3448 | Steps:  165 | Reward:   488.94
Total T:  335936 | Ep: 3449 | Steps:  171 | Reward:   536.16
Total T:  336120 | Ep: 3450 | Steps:  184 | Reward:   606.69
Total T:  336310 | Ep: 3451 | Steps:  190 | Reward:   609.50
Total T:  336486 | Ep: 3452 | Steps:  176 | Reward:   556.12
Total T:  336669 | Ep: 3453 | Steps:  183 | Reward:   574.45
Total T:  336857 | Ep: 3454 | Steps:  188 | Reward:   608.75
Total T:  337052 | Ep: 3455 | Steps:  195 | Reward:   619.71
Total T:  337239 | Ep: 3456 | Steps:  187 | Reward:   602.99
Total T:  337406 | Ep: 3457 | Steps:  167 | Reward:   496.89
Total T:  337593 | Ep: 3458 | Steps:  187 | Reward:   604.07
Total T:  337786 | Ep: 3459 | Steps:  193 | Reward:   615.41
Total T:  337992 | Ep: 3460 | Steps:  206 | Reward:   672.13
Total T:  338179 | Ep: 3461 | Steps:  187 | Reward:   579.30
Total T:  338354 | Ep: 3462 | Steps:  175 | Reward:   537.79
Total T:  338535 | Ep: 3463 | Steps:  181 | Reward:   588.06
Total T:  338695 | Ep: 3464 | Steps:  160 | Reward:   471.19
Total T:  338882 | Ep: 3465 | Steps:  187 | Reward:   579.99
Total T:  339075 | Ep: 3466 | Steps:  193 | Reward:   618.14
Total T:  339250 | Ep: 3467 | Steps:  175 | Reward:   533.11
Total T:  339440 | Ep: 3468 | Steps:  190 | Reward:   607.41
Total T:  339701 | Ep: 3469 | Steps:  261 | Reward:   893.37
Total T:  339902 | Ep: 3470 | Steps:  201 | Reward:   634.79
---------------------------------------
Evaluation over 10 episodes: 632.415
---------------------------------------
Total T:  340101 | Ep: 3471 | Steps:  199 | Reward:   618.12
Total T:  340292 | Ep: 3472 | Steps:  191 | Reward:   572.40
Total T:  340481 | Ep: 3473 | Steps:  189 | Reward:   578.47
Total T:  340663 | Ep: 3474 | Steps:  182 | Reward:   591.27
Total T:  340845 | Ep: 3475 | Steps:  182 | Reward:   582.80
Total T:  341039 | Ep: 3476 | Steps:  194 | Reward:   627.98
Total T:  341219 | Ep: 3477 | Steps:  180 | Reward:   574.32
Total T:  341402 | Ep: 3478 | Steps:  183 | Reward:   580.65
Total T:  341587 | Ep: 3479 | Steps:  185 | Reward:   568.44
Total T:  341785 | Ep: 3480 | Steps:  198 | Reward:   624.05
Total T:  341977 | Ep: 3481 | Steps:  192 | Reward:   595.56
Total T:  342173 | Ep: 3482 | Steps:  196 | Reward:   613.63
Total T:  342380 | Ep: 3483 | Steps:  207 | Reward:   619.41
Total T:  342571 | Ep: 3484 | Steps:  191 | Reward:   583.65
Total T:  342761 | Ep: 3485 | Steps:  190 | Reward:   592.34
Total T:  342969 | Ep: 3486 | Steps:  208 | Reward:   647.43
Total T:  343164 | Ep: 3487 | Steps:  195 | Reward:   603.45
Total T:  343361 | Ep: 3488 | Steps:  197 | Reward:   630.02
Total T:  343554 | Ep: 3489 | Steps:  193 | Reward:   588.13
Total T:  343748 | Ep: 3490 | Steps:  194 | Reward:   591.80
Total T:  343939 | Ep: 3491 | Steps:  191 | Reward:   621.07
Total T:  344139 | Ep: 3492 | Steps:  200 | Reward:   623.52
Total T:  344338 | Ep: 3493 | Steps:  199 | Reward:   634.06
Total T:  344536 | Ep: 3494 | Steps:  198 | Reward:   624.36
Total T:  344739 | Ep: 3495 | Steps:  203 | Reward:   643.55
Total T:  344936 | Ep: 3496 | Steps:  197 | Reward:   639.78
Total T:  345132 | Ep: 3497 | Steps:  196 | Reward:   607.52
Total T:  345330 | Ep: 3498 | Steps:  198 | Reward:   626.92
Total T:  345528 | Ep: 3499 | Steps:  198 | Reward:   614.44
Total T:  345716 | Ep: 3500 | Steps:  188 | Reward:   578.70
Total T:  345907 | Ep: 3501 | Steps:  191 | Reward:   584.12
Total T:  346105 | Ep: 3502 | Steps:  198 | Reward:   647.59
Total T:  346301 | Ep: 3503 | Steps:  196 | Reward:   639.81
Total T:  346493 | Ep: 3504 | Steps:  192 | Reward:   605.75
Total T:  346684 | Ep: 3505 | Steps:  191 | Reward:   578.43
Total T:  346874 | Ep: 3506 | Steps:  190 | Reward:   586.57
Total T:  347061 | Ep: 3507 | Steps:  187 | Reward:   574.35
Total T:  347240 | Ep: 3508 | Steps:  179 | Reward:   545.54
Total T:  347421 | Ep: 3509 | Steps:  181 | Reward:   550.42
Total T:  347615 | Ep: 3510 | Steps:  194 | Reward:   588.93
Total T:  347808 | Ep: 3511 | Steps:  193 | Reward:   590.83
Total T:  348008 | Ep: 3512 | Steps:  200 | Reward:   642.31
Total T:  348192 | Ep: 3513 | Steps:  184 | Reward:   586.00
Total T:  348378 | Ep: 3514 | Steps:  186 | Reward:   575.22
Total T:  348562 | Ep: 3515 | Steps:  184 | Reward:   561.27
Total T:  348747 | Ep: 3516 | Steps:  185 | Reward:   558.29
Total T:  348934 | Ep: 3517 | Steps:  187 | Reward:   571.00
Total T:  349120 | Ep: 3518 | Steps:  186 | Reward:   565.23
Total T:  349322 | Ep: 3519 | Steps:  202 | Reward:   654.69
Total T:  349506 | Ep: 3520 | Steps:  184 | Reward:   560.13
Total T:  349718 | Ep: 3521 | Steps:  212 | Reward:   661.45
Total T:  349904 | Ep: 3522 | Steps:  186 | Reward:   570.13
---------------------------------------
Evaluation over 10 episodes: 632.381
---------------------------------------
Total T:  350108 | Ep: 3523 | Steps:  204 | Reward:   642.43
Total T:  350297 | Ep: 3524 | Steps:  189 | Reward:   577.51
Total T:  350507 | Ep: 3525 | Steps:  210 | Reward:   658.07
Total T:  350702 | Ep: 3526 | Steps:  195 | Reward:   597.49
Total T:  350904 | Ep: 3527 | Steps:  202 | Reward:   617.72
Total T:  351101 | Ep: 3528 | Steps:  197 | Reward:   624.21
Total T:  351297 | Ep: 3529 | Steps:  196 | Reward:   625.08
Total T:  351493 | Ep: 3530 | Steps:  196 | Reward:   591.71
Total T:  351695 | Ep: 3531 | Steps:  202 | Reward:   639.17
Total T:  351882 | Ep: 3532 | Steps:  187 | Reward:   575.46
Total T:  352089 | Ep: 3533 | Steps:  207 | Reward:   654.55
Total T:  352281 | Ep: 3534 | Steps:  192 | Reward:   591.13
Total T:  352484 | Ep: 3535 | Steps:  203 | Reward:   619.32
Total T:  352664 | Ep: 3536 | Steps:  180 | Reward:   550.34
Total T:  352861 | Ep: 3537 | Steps:  197 | Reward:   600.26
Total T:  353055 | Ep: 3538 | Steps:  194 | Reward:   622.97
Total T:  353245 | Ep: 3539 | Steps:  190 | Reward:   573.49
Total T:  353443 | Ep: 3540 | Steps:  198 | Reward:   618.28
Total T:  353646 | Ep: 3541 | Steps:  203 | Reward:   627.03
Total T:  353850 | Ep: 3542 | Steps:  204 | Reward:   637.19
Total T:  354047 | Ep: 3543 | Steps:  197 | Reward:   608.07
Total T:  354249 | Ep: 3544 | Steps:  202 | Reward:   619.69
Total T:  354414 | Ep: 3545 | Steps:  165 | Reward:   460.17
Total T:  354611 | Ep: 3546 | Steps:  197 | Reward:   611.25
Total T:  354812 | Ep: 3547 | Steps:  201 | Reward:   626.94
Total T:  355004 | Ep: 3548 | Steps:  192 | Reward:   586.62
Total T:  355215 | Ep: 3549 | Steps:  211 | Reward:   670.20
Total T:  355419 | Ep: 3550 | Steps:  204 | Reward:   645.39
Total T:  355667 | Ep: 3551 | Steps:  248 | Reward:   803.74
Total T:  355856 | Ep: 3552 | Steps:  189 | Reward:   570.03
Total T:  356048 | Ep: 3553 | Steps:  192 | Reward:   591.73
Total T:  356259 | Ep: 3554 | Steps:  211 | Reward:   669.49
Total T:  356461 | Ep: 3555 | Steps:  202 | Reward:   637.46
Total T:  356673 | Ep: 3556 | Steps:  212 | Reward:   649.67
Total T:  356874 | Ep: 3557 | Steps:  201 | Reward:   619.60
Total T:  357075 | Ep: 3558 | Steps:  201 | Reward:   646.47
Total T:  357275 | Ep: 3559 | Steps:  200 | Reward:   622.51
Total T:  357546 | Ep: 3560 | Steps:  271 | Reward:   872.56
Total T:  357766 | Ep: 3561 | Steps:  220 | Reward:   691.33
Total T:  357975 | Ep: 3562 | Steps:  209 | Reward:   665.58
Total T:  358207 | Ep: 3563 | Steps:  232 | Reward:   733.45
Total T:  358448 | Ep: 3564 | Steps:  241 | Reward:   775.30
Total T:  358658 | Ep: 3565 | Steps:  210 | Reward:   669.20
Total T:  358858 | Ep: 3566 | Steps:  200 | Reward:   615.70
Total T:  359130 | Ep: 3567 | Steps:  272 | Reward:   883.78
Total T:  359390 | Ep: 3568 | Steps:  260 | Reward:   837.06
Total T:  359594 | Ep: 3569 | Steps:  204 | Reward:   607.17
Total T:  359865 | Ep: 3570 | Steps:  271 | Reward:   865.87
---------------------------------------
Evaluation over 10 episodes: 619.475
---------------------------------------
Total T:  360136 | Ep: 3571 | Steps:  271 | Reward:   858.48
Total T:  360393 | Ep: 3572 | Steps:  257 | Reward:   841.45
Total T:  360544 | Ep: 3573 | Steps:  151 | Reward:   397.85
Total T:  360751 | Ep: 3574 | Steps:  207 | Reward:   612.24
Total T:  360971 | Ep: 3575 | Steps:  220 | Reward:   678.54
Total T:  361221 | Ep: 3576 | Steps:  250 | Reward:   796.61
Total T:  361453 | Ep: 3577 | Steps:  232 | Reward:   722.34
Total T:  361682 | Ep: 3578 | Steps:  229 | Reward:   716.05
Total T:  361930 | Ep: 3579 | Steps:  248 | Reward:   791.25
Total T:  362136 | Ep: 3580 | Steps:  206 | Reward:   646.62
Total T:  362395 | Ep: 3581 | Steps:  259 | Reward:   823.61
Total T:  362595 | Ep: 3582 | Steps:  200 | Reward:   619.39
Total T:  362804 | Ep: 3583 | Steps:  209 | Reward:   664.16
Total T:  363043 | Ep: 3584 | Steps:  239 | Reward:   754.63
Total T:  363272 | Ep: 3585 | Steps:  229 | Reward:   725.45
Total T:  363438 | Ep: 3586 | Steps:  166 | Reward:   465.97
Total T:  363637 | Ep: 3587 | Steps:  199 | Reward:   621.41
Total T:  363874 | Ep: 3588 | Steps:  237 | Reward:   756.35
Total T:  364111 | Ep: 3589 | Steps:  237 | Reward:   746.89
Total T:  364342 | Ep: 3590 | Steps:  231 | Reward:   718.35
Total T:  364541 | Ep: 3591 | Steps:  199 | Reward:   628.47
Total T:  364749 | Ep: 3592 | Steps:  208 | Reward:   662.11
Total T:  364965 | Ep: 3593 | Steps:  216 | Reward:   694.99
Total T:  365226 | Ep: 3594 | Steps:  261 | Reward:   894.77
Total T:  365427 | Ep: 3595 | Steps:  201 | Reward:   630.22
Total T:  365626 | Ep: 3596 | Steps:  199 | Reward:   623.94
Total T:  365840 | Ep: 3597 | Steps:  214 | Reward:   671.96
Total T:  366074 | Ep: 3598 | Steps:  234 | Reward:   725.70
Total T:  366324 | Ep: 3599 | Steps:  250 | Reward:   759.93
Total T:  366539 | Ep: 3600 | Steps:  215 | Reward:   669.38
Total T:  366753 | Ep: 3601 | Steps:  214 | Reward:   637.13
Total T:  366939 | Ep: 3602 | Steps:  186 | Reward:   562.64
Total T:  367137 | Ep: 3603 | Steps:  198 | Reward:   627.27
Total T:  367348 | Ep: 3604 | Steps:  211 | Reward:   664.27
Total T:  367560 | Ep: 3605 | Steps:  212 | Reward:   677.06
Total T:  367955 | Ep: 3606 | Steps:  395 | Reward:  1230.21
Total T:  368042 | Ep: 3607 | Steps:   87 | Reward:   183.41
Total T:  368338 | Ep: 3608 | Steps:  296 | Reward:   944.03
Total T:  368501 | Ep: 3609 | Steps:  163 | Reward:   439.93
Total T:  368741 | Ep: 3610 | Steps:  240 | Reward:   747.25
Total T:  368904 | Ep: 3611 | Steps:  163 | Reward:   426.87
Total T:  369134 | Ep: 3612 | Steps:  230 | Reward:   665.06
Total T:  369387 | Ep: 3613 | Steps:  253 | Reward:   784.86
Total T:  369623 | Ep: 3614 | Steps:  236 | Reward:   692.57
---------------------------------------
Evaluation over 10 episodes: 508.928
---------------------------------------
Total T:  370056 | Ep: 3615 | Steps:  433 | Reward:  1371.21
Total T:  370273 | Ep: 3616 | Steps:  217 | Reward:   672.55
Total T:  370486 | Ep: 3617 | Steps:  213 | Reward:   591.90
Total T:  370704 | Ep: 3618 | Steps:  218 | Reward:   705.30
Total T:  370939 | Ep: 3619 | Steps:  235 | Reward:   717.23
Total T:  371103 | Ep: 3620 | Steps:  164 | Reward:   422.51
Total T:  371400 | Ep: 3621 | Steps:  297 | Reward:   921.69
Total T:  371563 | Ep: 3622 | Steps:  163 | Reward:   427.21
Total T:  371785 | Ep: 3623 | Steps:  222 | Reward:   716.34
Total T:  372195 | Ep: 3624 | Steps:  410 | Reward:  1315.75
Total T:  372711 | Ep: 3625 | Steps:  516 | Reward:  1600.25
Total T:  373134 | Ep: 3626 | Steps:  423 | Reward:  1322.89
Total T:  373349 | Ep: 3627 | Steps:  215 | Reward:   647.05
Total T:  373579 | Ep: 3628 | Steps:  230 | Reward:   748.25
Total T:  373824 | Ep: 3629 | Steps:  245 | Reward:   679.34
Total T:  374045 | Ep: 3630 | Steps:  221 | Reward:   697.21
Total T:  374103 | Ep: 3631 | Steps:   58 | Reward:   104.86
Total T:  374291 | Ep: 3632 | Steps:  188 | Reward:   537.15
Total T:  374569 | Ep: 3633 | Steps:  278 | Reward:   919.52
Total T:  374853 | Ep: 3634 | Steps:  284 | Reward:   961.62
Total T:  375148 | Ep: 3635 | Steps:  295 | Reward:   991.12
Total T:  375429 | Ep: 3636 | Steps:  281 | Reward:   917.70
Total T:  375573 | Ep: 3637 | Steps:  144 | Reward:   398.82
Total T:  375746 | Ep: 3638 | Steps:  173 | Reward:   508.46
Total T:  375925 | Ep: 3639 | Steps:  179 | Reward:   565.54
Total T:  376164 | Ep: 3640 | Steps:  239 | Reward:   768.04
Total T:  376408 | Ep: 3641 | Steps:  244 | Reward:   789.57
Total T:  376625 | Ep: 3642 | Steps:  217 | Reward:   582.74
Total T:  376938 | Ep: 3643 | Steps:  313 | Reward:  1003.80
Total T:  377139 | Ep: 3644 | Steps:  201 | Reward:   648.94
Total T:  377517 | Ep: 3645 | Steps:  378 | Reward:  1194.23
Total T:  377859 | Ep: 3646 | Steps:  342 | Reward:  1132.54
Total T:  378368 | Ep: 3647 | Steps:  509 | Reward:  1544.08
Total T:  378714 | Ep: 3648 | Steps:  346 | Reward:  1041.20
Total T:  379006 | Ep: 3649 | Steps:  292 | Reward:   922.08
Total T:  379278 | Ep: 3650 | Steps:  272 | Reward:   904.45
Total T:  379627 | Ep: 3651 | Steps:  349 | Reward:  1080.46
Total T:  379791 | Ep: 3652 | Steps:  164 | Reward:   428.32
---------------------------------------
Evaluation over 10 episodes: 637.014
---------------------------------------
Total T:  380096 | Ep: 3653 | Steps:  305 | Reward:   845.26
Total T:  380285 | Ep: 3654 | Steps:  189 | Reward:   523.56
Total T:  380590 | Ep: 3655 | Steps:  305 | Reward:   886.59
Total T:  380831 | Ep: 3656 | Steps:  241 | Reward:   664.19
Total T:  381067 | Ep: 3657 | Steps:  236 | Reward:   631.29
Total T:  381429 | Ep: 3658 | Steps:  362 | Reward:  1068.41
Total T:  381722 | Ep: 3659 | Steps:  293 | Reward:   911.31
Total T:  382252 | Ep: 3660 | Steps:  530 | Reward:  1625.95
Total T:  382438 | Ep: 3661 | Steps:  186 | Reward:   500.84
Total T:  382663 | Ep: 3662 | Steps:  225 | Reward:   713.23
Total T:  383219 | Ep: 3663 | Steps:  556 | Reward:  1686.64
Total T:  383516 | Ep: 3664 | Steps:  297 | Reward:   961.94
Total T:  383733 | Ep: 3665 | Steps:  217 | Reward:   665.53
Total T:  384065 | Ep: 3666 | Steps:  332 | Reward:  1107.97
Total T:  384298 | Ep: 3667 | Steps:  233 | Reward:   730.80
Total T:  384558 | Ep: 3668 | Steps:  260 | Reward:   858.88
Total T:  384964 | Ep: 3669 | Steps:  406 | Reward:  1330.98
Total T:  385408 | Ep: 3670 | Steps:  444 | Reward:  1321.57
Total T:  385675 | Ep: 3671 | Steps:  267 | Reward:   812.26
Total T:  386153 | Ep: 3672 | Steps:  478 | Reward:  1460.13
Total T:  386674 | Ep: 3673 | Steps:  521 | Reward:  1485.64
Total T:  386949 | Ep: 3674 | Steps:  275 | Reward:   885.17
Total T:  387252 | Ep: 3675 | Steps:  303 | Reward:   956.48
Total T:  387523 | Ep: 3676 | Steps:  271 | Reward:   893.39
Total T:  387776 | Ep: 3677 | Steps:  253 | Reward:   811.63
Total T:  388029 | Ep: 3678 | Steps:  253 | Reward:   806.12
Total T:  388464 | Ep: 3679 | Steps:  435 | Reward:  1426.78
Total T:  388835 | Ep: 3680 | Steps:  371 | Reward:  1079.37
Total T:  389195 | Ep: 3681 | Steps:  360 | Reward:  1113.93
Total T:  389496 | Ep: 3682 | Steps:  301 | Reward:   952.61
Total T:  389838 | Ep: 3683 | Steps:  342 | Reward:   976.77
---------------------------------------
Evaluation over 10 episodes: 839.899
---------------------------------------
Total T:  390349 | Ep: 3684 | Steps:  511 | Reward:  1488.16
Total T:  390628 | Ep: 3685 | Steps:  279 | Reward:   956.55
Total T:  390977 | Ep: 3686 | Steps:  349 | Reward:  1094.22
Total T:  391263 | Ep: 3687 | Steps:  286 | Reward:   914.84
Total T:  391545 | Ep: 3688 | Steps:  282 | Reward:   956.67
Total T:  391890 | Ep: 3689 | Steps:  345 | Reward:  1172.21
Total T:  392154 | Ep: 3690 | Steps:  264 | Reward:   852.29
Total T:  392445 | Ep: 3691 | Steps:  291 | Reward:   909.19
Total T:  392885 | Ep: 3692 | Steps:  440 | Reward:  1496.09
Total T:  393109 | Ep: 3693 | Steps:  224 | Reward:   721.48
Total T:  393390 | Ep: 3694 | Steps:  281 | Reward:   963.66
Total T:  393733 | Ep: 3695 | Steps:  343 | Reward:  1169.91
Total T:  394124 | Ep: 3696 | Steps:  391 | Reward:  1286.99
Total T:  394516 | Ep: 3697 | Steps:  392 | Reward:  1194.05
Total T:  394809 | Ep: 3698 | Steps:  293 | Reward:   952.80
Total T:  395053 | Ep: 3699 | Steps:  244 | Reward:   767.97
Total T:  395574 | Ep: 3700 | Steps:  521 | Reward:  1625.80
Total T:  395927 | Ep: 3701 | Steps:  353 | Reward:  1224.06
Total T:  396224 | Ep: 3702 | Steps:  297 | Reward:   988.33
Total T:  396712 | Ep: 3703 | Steps:  488 | Reward:  1521.14
Total T:  397136 | Ep: 3704 | Steps:  424 | Reward:  1384.53
Total T:  397478 | Ep: 3705 | Steps:  342 | Reward:  1060.84
Total T:  397768 | Ep: 3706 | Steps:  290 | Reward:   923.90
Total T:  398081 | Ep: 3707 | Steps:  313 | Reward:  1003.45
Total T:  399057 | Ep: 3708 | Steps:  976 | Reward:  3199.60
Total T:  399432 | Ep: 3709 | Steps:  375 | Reward:  1275.06
Total T:  399824 | Ep: 3710 | Steps:  392 | Reward:  1233.44
---------------------------------------
Evaluation over 10 episodes: 1237.544
---------------------------------------
Total T:  400214 | Ep: 3711 | Steps:  390 | Reward:  1139.33
Total T:  400841 | Ep: 3712 | Steps:  627 | Reward:  2084.12
Total T:  401021 | Ep: 3713 | Steps:  180 | Reward:   496.14
Total T:  401305 | Ep: 3714 | Steps:  284 | Reward:   938.16
Total T:  401740 | Ep: 3715 | Steps:  435 | Reward:  1417.64
Total T:  402740 | Ep: 3716 | Steps: 1000 | Reward:  3046.26
Total T:  403059 | Ep: 3717 | Steps:  319 | Reward:  1059.48
Total T:  403798 | Ep: 3718 | Steps:  739 | Reward:  2309.65
Total T:  404674 | Ep: 3719 | Steps:  876 | Reward:  2792.08
Total T:  405181 | Ep: 3720 | Steps:  507 | Reward:  1440.73
Total T:  405317 | Ep: 3721 | Steps:  136 | Reward:   349.74
Total T:  405556 | Ep: 3722 | Steps:  239 | Reward:   675.31
Total T:  405958 | Ep: 3723 | Steps:  402 | Reward:  1113.45
Total T:  406115 | Ep: 3724 | Steps:  157 | Reward:   409.98
Total T:  406515 | Ep: 3725 | Steps:  400 | Reward:  1118.84
Total T:  407149 | Ep: 3726 | Steps:  634 | Reward:  1868.77
Total T:  407652 | Ep: 3727 | Steps:  503 | Reward:  1597.56
Total T:  408179 | Ep: 3728 | Steps:  527 | Reward:  1486.06
Total T:  408422 | Ep: 3729 | Steps:  243 | Reward:   721.56
Total T:  409188 | Ep: 3730 | Steps:  766 | Reward:  2140.13
Total T:  409465 | Ep: 3731 | Steps:  277 | Reward:   901.42
Total T:  409747 | Ep: 3732 | Steps:  282 | Reward:   920.58
---------------------------------------
Evaluation over 10 episodes: 1542.953
---------------------------------------
Total T:  410190 | Ep: 3733 | Steps:  443 | Reward:  1312.42
Total T:  410501 | Ep: 3734 | Steps:  311 | Reward:   861.61
Total T:  410792 | Ep: 3735 | Steps:  291 | Reward:   945.21
Total T:  411264 | Ep: 3736 | Steps:  472 | Reward:  1467.00
Total T:  411479 | Ep: 3737 | Steps:  215 | Reward:   547.20
Total T:  411695 | Ep: 3738 | Steps:  216 | Reward:   576.95
Total T:  412029 | Ep: 3739 | Steps:  334 | Reward:   931.19
Total T:  412584 | Ep: 3740 | Steps:  555 | Reward:  1498.46
Total T:  412876 | Ep: 3741 | Steps:  292 | Reward:   862.49
Total T:  413373 | Ep: 3742 | Steps:  497 | Reward:  1235.67
Total T:  413647 | Ep: 3743 | Steps:  274 | Reward:   927.92
Total T:  413859 | Ep: 3744 | Steps:  212 | Reward:   556.04
Total T:  414134 | Ep: 3745 | Steps:  275 | Reward:   910.09
Total T:  414736 | Ep: 3746 | Steps:  602 | Reward:  1728.14
Total T:  415289 | Ep: 3747 | Steps:  553 | Reward:  1761.67
Total T:  416226 | Ep: 3748 | Steps:  937 | Reward:  2589.86
Total T:  416502 | Ep: 3749 | Steps:  276 | Reward:   762.81
Total T:  417210 | Ep: 3750 | Steps:  708 | Reward:  2032.51
Total T:  417587 | Ep: 3751 | Steps:  377 | Reward:  1218.55
Total T:  418047 | Ep: 3752 | Steps:  460 | Reward:  1327.40
Total T:  418393 | Ep: 3753 | Steps:  346 | Reward:  1131.07
Total T:  418991 | Ep: 3754 | Steps:  598 | Reward:  1804.47
Total T:  419787 | Ep: 3755 | Steps:  796 | Reward:  2391.19
---------------------------------------
Evaluation over 10 episodes: 874.270
---------------------------------------
Total T:  420291 | Ep: 3756 | Steps:  504 | Reward:  1559.18
Total T:  420754 | Ep: 3757 | Steps:  463 | Reward:  1503.71
Total T:  421727 | Ep: 3758 | Steps:  973 | Reward:  2895.81
Total T:  422086 | Ep: 3759 | Steps:  359 | Reward:  1132.18
Total T:  422360 | Ep: 3760 | Steps:  274 | Reward:   881.52
Total T:  422660 | Ep: 3761 | Steps:  300 | Reward:   931.56
Total T:  422969 | Ep: 3762 | Steps:  309 | Reward:   936.34
Total T:  423205 | Ep: 3763 | Steps:  236 | Reward:   743.28
Total T:  423425 | Ep: 3764 | Steps:  220 | Reward:   644.87
Total T:  423707 | Ep: 3765 | Steps:  282 | Reward:   848.31
Total T:  424002 | Ep: 3766 | Steps:  295 | Reward:   896.86
Total T:  424549 | Ep: 3767 | Steps:  547 | Reward:  1624.88
Total T:  425143 | Ep: 3768 | Steps:  594 | Reward:  1744.88
Total T:  425371 | Ep: 3769 | Steps:  228 | Reward:   722.77
Total T:  425664 | Ep: 3770 | Steps:  293 | Reward:   956.00
Total T:  425891 | Ep: 3771 | Steps:  227 | Reward:   719.12
Total T:  426164 | Ep: 3772 | Steps:  273 | Reward:   888.92
Total T:  426381 | Ep: 3773 | Steps:  217 | Reward:   666.29
Total T:  426615 | Ep: 3774 | Steps:  234 | Reward:   725.16
Total T:  426945 | Ep: 3775 | Steps:  330 | Reward:  1098.98
Total T:  427171 | Ep: 3776 | Steps:  226 | Reward:   731.09
Total T:  427430 | Ep: 3777 | Steps:  259 | Reward:   820.55
Total T:  427653 | Ep: 3778 | Steps:  223 | Reward:   703.74
Total T:  427942 | Ep: 3779 | Steps:  289 | Reward:   899.74
Total T:  428157 | Ep: 3780 | Steps:  215 | Reward:   690.06
Total T:  428409 | Ep: 3781 | Steps:  252 | Reward:   763.23
Total T:  428685 | Ep: 3782 | Steps:  276 | Reward:   876.02
Total T:  428882 | Ep: 3783 | Steps:  197 | Reward:   608.87
Total T:  429091 | Ep: 3784 | Steps:  209 | Reward:   581.30
Total T:  429311 | Ep: 3785 | Steps:  220 | Reward:   711.46
Total T:  429550 | Ep: 3786 | Steps:  239 | Reward:   727.92
Total T:  429787 | Ep: 3787 | Steps:  237 | Reward:   741.77
---------------------------------------
Evaluation over 10 episodes: 858.144
---------------------------------------
Total T:  430010 | Ep: 3788 | Steps:  223 | Reward:   688.66
Total T:  430243 | Ep: 3789 | Steps:  233 | Reward:   724.05
Total T:  430490 | Ep: 3790 | Steps:  247 | Reward:   762.84
Total T:  430781 | Ep: 3791 | Steps:  291 | Reward:   918.28
Total T:  430990 | Ep: 3792 | Steps:  209 | Reward:   680.04
Total T:  431228 | Ep: 3793 | Steps:  238 | Reward:   757.17
Total T:  431763 | Ep: 3794 | Steps:  535 | Reward:  1646.40
Total T:  432012 | Ep: 3795 | Steps:  249 | Reward:   808.07
Total T:  432260 | Ep: 3796 | Steps:  248 | Reward:   777.71
Total T:  432614 | Ep: 3797 | Steps:  354 | Reward:  1146.88
Total T:  433017 | Ep: 3798 | Steps:  403 | Reward:  1262.70
Total T:  433380 | Ep: 3799 | Steps:  363 | Reward:  1151.75
Total T:  433671 | Ep: 3800 | Steps:  291 | Reward:   878.56
Total T:  434223 | Ep: 3801 | Steps:  552 | Reward:  1689.66
Total T:  435105 | Ep: 3802 | Steps:  882 | Reward:  2752.28
Total T:  436105 | Ep: 3803 | Steps: 1000 | Reward:  3003.12
Total T:  437105 | Ep: 3804 | Steps: 1000 | Reward:  3027.02
Total T:  437898 | Ep: 3805 | Steps:  793 | Reward:  2597.93
Total T:  438421 | Ep: 3806 | Steps:  523 | Reward:  1627.79
Total T:  439007 | Ep: 3807 | Steps:  586 | Reward:  1842.49
Total T:  439863 | Ep: 3808 | Steps:  856 | Reward:  2649.61
---------------------------------------
Evaluation over 10 episodes: 1105.611
---------------------------------------
Total T:  440151 | Ep: 3809 | Steps:  288 | Reward:   974.31
Total T:  440670 | Ep: 3810 | Steps:  519 | Reward:  1639.87
Total T:  441638 | Ep: 3811 | Steps:  968 | Reward:  2974.71
Total T:  442192 | Ep: 3812 | Steps:  554 | Reward:  1708.66
Total T:  442489 | Ep: 3813 | Steps:  297 | Reward:   955.07
Total T:  442867 | Ep: 3814 | Steps:  378 | Reward:  1171.82
Total T:  443660 | Ep: 3815 | Steps:  793 | Reward:  2567.54
Total T:  443958 | Ep: 3816 | Steps:  298 | Reward:  1015.18
Total T:  444261 | Ep: 3817 | Steps:  303 | Reward:  1010.62
Total T:  444563 | Ep: 3818 | Steps:  302 | Reward:  1044.01
Total T:  444805 | Ep: 3819 | Steps:  242 | Reward:   778.58
Total T:  445098 | Ep: 3820 | Steps:  293 | Reward:   974.11
Total T:  445895 | Ep: 3821 | Steps:  797 | Reward:  2492.06
Total T:  446261 | Ep: 3822 | Steps:  366 | Reward:  1246.99
Total T:  446905 | Ep: 3823 | Steps:  644 | Reward:  2116.80
Total T:  447207 | Ep: 3824 | Steps:  302 | Reward:  1020.11
Total T:  447496 | Ep: 3825 | Steps:  289 | Reward:   983.09
Total T:  447794 | Ep: 3826 | Steps:  298 | Reward:   996.99
Total T:  448084 | Ep: 3827 | Steps:  290 | Reward:   970.29
Total T:  448412 | Ep: 3828 | Steps:  328 | Reward:  1078.61
Total T:  448809 | Ep: 3829 | Steps:  397 | Reward:  1307.22
Total T:  449171 | Ep: 3830 | Steps:  362 | Reward:  1271.52
Total T:  449455 | Ep: 3831 | Steps:  284 | Reward:   978.10
Total T:  449674 | Ep: 3832 | Steps:  219 | Reward:   723.94
Total T:  449914 | Ep: 3833 | Steps:  240 | Reward:   772.65
---------------------------------------
Evaluation over 10 episodes: 918.559
---------------------------------------
Total T:  450221 | Ep: 3834 | Steps:  307 | Reward:  1011.51
Total T:  450591 | Ep: 3835 | Steps:  370 | Reward:  1258.20
Total T:  450815 | Ep: 3836 | Steps:  224 | Reward:   720.80
Total T:  451105 | Ep: 3837 | Steps:  290 | Reward:  1011.84
Total T:  451379 | Ep: 3838 | Steps:  274 | Reward:   918.93
Total T:  451656 | Ep: 3839 | Steps:  277 | Reward:   958.38
Total T:  452141 | Ep: 3840 | Steps:  485 | Reward:  1599.99
Total T:  452446 | Ep: 3841 | Steps:  305 | Reward:   977.63
Total T:  452884 | Ep: 3842 | Steps:  438 | Reward:  1445.88
Total T:  453173 | Ep: 3843 | Steps:  289 | Reward:   994.33
Total T:  453456 | Ep: 3844 | Steps:  283 | Reward:   960.39
Total T:  453722 | Ep: 3845 | Steps:  266 | Reward:   895.09
Total T:  454175 | Ep: 3846 | Steps:  453 | Reward:  1487.20
Total T:  454654 | Ep: 3847 | Steps:  479 | Reward:  1576.28
Total T:  454987 | Ep: 3848 | Steps:  333 | Reward:  1129.89
Total T:  455229 | Ep: 3849 | Steps:  242 | Reward:   783.49
Total T:  455517 | Ep: 3850 | Steps:  288 | Reward:   963.37
Total T:  455856 | Ep: 3851 | Steps:  339 | Reward:  1143.62
Total T:  456856 | Ep: 3852 | Steps: 1000 | Reward:  3235.42
Total T:  457396 | Ep: 3853 | Steps:  540 | Reward:  1821.20
Total T:  457646 | Ep: 3854 | Steps:  250 | Reward:   846.14
Total T:  457936 | Ep: 3855 | Steps:  290 | Reward:   972.20
Total T:  458493 | Ep: 3856 | Steps:  557 | Reward:  1747.23
Total T:  459317 | Ep: 3857 | Steps:  824 | Reward:  2540.87
Total T:  459595 | Ep: 3858 | Steps:  278 | Reward:   974.57
Total T:  459985 | Ep: 3859 | Steps:  390 | Reward:  1177.68
---------------------------------------
Evaluation over 10 episodes: 1989.839
---------------------------------------
Total T:  460985 | Ep: 3860 | Steps: 1000 | Reward:  3050.44
Total T:  461260 | Ep: 3861 | Steps:  275 | Reward:   901.88
Total T:  462260 | Ep: 3862 | Steps: 1000 | Reward:  2930.05
Total T:  462679 | Ep: 3863 | Steps:  419 | Reward:  1366.89
Total T:  463261 | Ep: 3864 | Steps:  582 | Reward:  1715.98
Total T:  463525 | Ep: 3865 | Steps:  264 | Reward:   888.93
Total T:  464525 | Ep: 3866 | Steps: 1000 | Reward:  2952.60
Total T:  464789 | Ep: 3867 | Steps:  264 | Reward:   879.93
Total T:  465036 | Ep: 3868 | Steps:  247 | Reward:   791.39
Total T:  466036 | Ep: 3869 | Steps: 1000 | Reward:  2843.55
Total T:  466606 | Ep: 3870 | Steps:  570 | Reward:  1828.73
Total T:  466983 | Ep: 3871 | Steps:  377 | Reward:  1121.28
Total T:  467983 | Ep: 3872 | Steps: 1000 | Reward:  2958.72
Total T:  468379 | Ep: 3873 | Steps:  396 | Reward:  1246.92
Total T:  468648 | Ep: 3874 | Steps:  269 | Reward:   925.18
Total T:  469648 | Ep: 3875 | Steps: 1000 | Reward:  2880.95
---------------------------------------
Evaluation over 10 episodes: 1292.498
---------------------------------------
Total T:  470233 | Ep: 3876 | Steps:  585 | Reward:  1763.84
Total T:  470526 | Ep: 3877 | Steps:  293 | Reward:   969.70
Total T:  471395 | Ep: 3878 | Steps:  869 | Reward:  2679.72
Total T:  471820 | Ep: 3879 | Steps:  425 | Reward:  1271.78
Total T:  472820 | Ep: 3880 | Steps: 1000 | Reward:  2901.30
Total T:  473124 | Ep: 3881 | Steps:  304 | Reward:   915.42
Total T:  473444 | Ep: 3882 | Steps:  320 | Reward:   979.38
Total T:  473930 | Ep: 3883 | Steps:  486 | Reward:  1562.67
Total T:  474532 | Ep: 3884 | Steps:  602 | Reward:  1878.15
Total T:  475100 | Ep: 3885 | Steps:  568 | Reward:  1784.74
Total T:  475502 | Ep: 3886 | Steps:  402 | Reward:  1267.04
Total T:  475828 | Ep: 3887 | Steps:  326 | Reward:   956.30
Total T:  476113 | Ep: 3888 | Steps:  285 | Reward:   803.85
Total T:  476523 | Ep: 3889 | Steps:  410 | Reward:  1307.68
Total T:  476994 | Ep: 3890 | Steps:  471 | Reward:  1475.52
Total T:  477994 | Ep: 3891 | Steps: 1000 | Reward:  3004.50
Total T:  478288 | Ep: 3892 | Steps:  294 | Reward:   957.35
Total T:  478722 | Ep: 3893 | Steps:  434 | Reward:  1353.96
Total T:  479368 | Ep: 3894 | Steps:  646 | Reward:  2090.22
Total T:  479748 | Ep: 3895 | Steps:  380 | Reward:  1107.94
---------------------------------------
Evaluation over 10 episodes: 1322.216
---------------------------------------
Total T:  480469 | Ep: 3896 | Steps:  721 | Reward:  2086.94
Total T:  481177 | Ep: 3897 | Steps:  708 | Reward:  2211.52
Total T:  482177 | Ep: 3898 | Steps: 1000 | Reward:  3091.87
Total T:  482746 | Ep: 3899 | Steps:  569 | Reward:  1889.15
Total T:  483009 | Ep: 3900 | Steps:  263 | Reward:   899.64
Total T:  483286 | Ep: 3901 | Steps:  277 | Reward:   944.81
Total T:  484025 | Ep: 3902 | Steps:  739 | Reward:  2329.30
Total T:  484453 | Ep: 3903 | Steps:  428 | Reward:  1366.14
Total T:  484942 | Ep: 3904 | Steps:  489 | Reward:  1641.76
Total T:  485223 | Ep: 3905 | Steps:  281 | Reward:   943.33
Total T:  485502 | Ep: 3906 | Steps:  279 | Reward:   956.32
Total T:  485771 | Ep: 3907 | Steps:  269 | Reward:   909.18
Total T:  486115 | Ep: 3908 | Steps:  344 | Reward:  1024.61
Total T:  486400 | Ep: 3909 | Steps:  285 | Reward:   952.76
Total T:  486685 | Ep: 3910 | Steps:  285 | Reward:   969.65
Total T:  487659 | Ep: 3911 | Steps:  974 | Reward:  3034.92
Total T:  488659 | Ep: 3912 | Steps: 1000 | Reward:  3008.44
Total T:  488932 | Ep: 3913 | Steps:  273 | Reward:   768.90
Total T:  489460 | Ep: 3914 | Steps:  528 | Reward:  1720.52
Total T:  489921 | Ep: 3915 | Steps:  461 | Reward:  1541.94
---------------------------------------
Evaluation over 10 episodes: 993.203
---------------------------------------
Total T:  490921 | Ep: 3916 | Steps: 1000 | Reward:  3054.72
Total T:  491307 | Ep: 3917 | Steps:  386 | Reward:  1137.25
Total T:  492172 | Ep: 3918 | Steps:  865 | Reward:  2719.91
Total T:  492610 | Ep: 3919 | Steps:  438 | Reward:  1372.84
Total T:  493199 | Ep: 3920 | Steps:  589 | Reward:  1886.88
Total T:  494049 | Ep: 3921 | Steps:  850 | Reward:  2556.39
Total T:  495049 | Ep: 3922 | Steps: 1000 | Reward:  2968.10
Total T:  495407 | Ep: 3923 | Steps:  358 | Reward:  1110.57
Total T:  495785 | Ep: 3924 | Steps:  378 | Reward:  1122.26
Total T:  496244 | Ep: 3925 | Steps:  459 | Reward:  1430.06
Total T:  496576 | Ep: 3926 | Steps:  332 | Reward:  1014.03
Total T:  497381 | Ep: 3927 | Steps:  805 | Reward:  2427.76
Total T:  497928 | Ep: 3928 | Steps:  547 | Reward:  1660.93
Total T:  498498 | Ep: 3929 | Steps:  570 | Reward:  1767.87
Total T:  499498 | Ep: 3930 | Steps: 1000 | Reward:  3077.35
---------------------------------------
Evaluation over 10 episodes: 1972.485
---------------------------------------
Total T:  500153 | Ep: 3931 | Steps:  655 | Reward:  2110.34
Total T:  500638 | Ep: 3932 | Steps:  485 | Reward:  1437.75
Total T:  501217 | Ep: 3933 | Steps:  579 | Reward:  1927.56
Total T:  501768 | Ep: 3934 | Steps:  551 | Reward:  1820.30
Total T:  502768 | Ep: 3935 | Steps: 1000 | Reward:  3129.85
Total T:  503024 | Ep: 3936 | Steps:  256 | Reward:   710.19
Total T:  504024 | Ep: 3937 | Steps: 1000 | Reward:  3052.49
Total T:  505024 | Ep: 3938 | Steps: 1000 | Reward:  3058.60
Total T:  506024 | Ep: 3939 | Steps: 1000 | Reward:  3072.20
Total T:  506538 | Ep: 3940 | Steps:  514 | Reward:  1579.31
Total T:  507034 | Ep: 3941 | Steps:  496 | Reward:  1593.32
Total T:  507985 | Ep: 3942 | Steps:  951 | Reward:  2978.00
Total T:  508985 | Ep: 3943 | Steps: 1000 | Reward:  3046.98
Total T:  509985 | Ep: 3944 | Steps: 1000 | Reward:  3169.81
---------------------------------------
Evaluation over 10 episodes: 2253.670
---------------------------------------
Total T:  510985 | Ep: 3945 | Steps: 1000 | Reward:  3091.60
Total T:  511843 | Ep: 3946 | Steps:  858 | Reward:  2723.44
Total T:  512843 | Ep: 3947 | Steps: 1000 | Reward:  3118.72
Total T:  513843 | Ep: 3948 | Steps: 1000 | Reward:  3059.43
Total T:  514843 | Ep: 3949 | Steps: 1000 | Reward:  3153.44
Total T:  515159 | Ep: 3950 | Steps:  316 | Reward:   951.88
Total T:  515836 | Ep: 3951 | Steps:  677 | Reward:  2080.91
Total T:  516443 | Ep: 3952 | Steps:  607 | Reward:  1815.05
Total T:  517355 | Ep: 3953 | Steps:  912 | Reward:  2956.40
Total T:  517766 | Ep: 3954 | Steps:  411 | Reward:  1346.68
Total T:  518468 | Ep: 3955 | Steps:  702 | Reward:  2258.16
Total T:  519398 | Ep: 3956 | Steps:  930 | Reward:  3095.74
---------------------------------------
Evaluation over 10 episodes: 2528.650
---------------------------------------
Total T:  520398 | Ep: 3957 | Steps: 1000 | Reward:  3108.79
Total T:  521223 | Ep: 3958 | Steps:  825 | Reward:  2668.79
Total T:  522223 | Ep: 3959 | Steps: 1000 | Reward:  3203.12
Total T:  523012 | Ep: 3960 | Steps:  789 | Reward:  2658.83
Total T:  523709 | Ep: 3961 | Steps:  697 | Reward:  2373.16
Total T:  524709 | Ep: 3962 | Steps: 1000 | Reward:  3122.61
Total T:  525429 | Ep: 3963 | Steps:  720 | Reward:  2364.50
Total T:  526227 | Ep: 3964 | Steps:  798 | Reward:  2517.96
Total T:  527170 | Ep: 3965 | Steps:  943 | Reward:  3002.28
Total T:  528034 | Ep: 3966 | Steps:  864 | Reward:  2881.91
Total T:  529034 | Ep: 3967 | Steps: 1000 | Reward:  3197.32
Total T:  529859 | Ep: 3968 | Steps:  825 | Reward:  2663.04
---------------------------------------
Evaluation over 10 episodes: 3124.273
---------------------------------------
Total T:  530476 | Ep: 3969 | Steps:  617 | Reward:  2109.00
Total T:  531476 | Ep: 3970 | Steps: 1000 | Reward:  3205.88
Total T:  532476 | Ep: 3971 | Steps: 1000 | Reward:  3230.33
Total T:  533476 | Ep: 3972 | Steps: 1000 | Reward:  3203.31
Total T:  533640 | Ep: 3973 | Steps:  164 | Reward:   444.93
Total T:  534640 | Ep: 3974 | Steps: 1000 | Reward:  3250.69
Total T:  535640 | Ep: 3975 | Steps: 1000 | Reward:  3214.04
Total T:  536522 | Ep: 3976 | Steps:  882 | Reward:  2827.74
Total T:  536903 | Ep: 3977 | Steps:  381 | Reward:  1298.85
Total T:  537903 | Ep: 3978 | Steps: 1000 | Reward:  3256.70
Total T:  538903 | Ep: 3979 | Steps: 1000 | Reward:  3179.62
Total T:  539903 | Ep: 3980 | Steps: 1000 | Reward:  3179.68
---------------------------------------
Evaluation over 10 episodes: 3180.326
---------------------------------------
Total T:  540903 | Ep: 3981 | Steps: 1000 | Reward:  3269.88
Total T:  541903 | Ep: 3982 | Steps: 1000 | Reward:  3200.77
Total T:  542513 | Ep: 3983 | Steps:  610 | Reward:  1924.74
Total T:  543225 | Ep: 3984 | Steps:  712 | Reward:  2212.75
Total T:  543736 | Ep: 3985 | Steps:  511 | Reward:  1622.20
Total T:  544169 | Ep: 3986 | Steps:  433 | Reward:  1360.34
Total T:  545169 | Ep: 3987 | Steps: 1000 | Reward:  3294.06
Total T:  546169 | Ep: 3988 | Steps: 1000 | Reward:  3250.26
Total T:  547169 | Ep: 3989 | Steps: 1000 | Reward:  3306.40
Total T:  548169 | Ep: 3990 | Steps: 1000 | Reward:  3342.33
Total T:  548606 | Ep: 3991 | Steps:  437 | Reward:  1346.47
Total T:  549606 | Ep: 3992 | Steps: 1000 | Reward:  3265.50
Total T:  549895 | Ep: 3993 | Steps:  289 | Reward:  1004.52
---------------------------------------
Evaluation over 10 episodes: 2594.269
---------------------------------------
Total T:  550188 | Ep: 3994 | Steps:  293 | Reward:  1011.57
Total T:  550661 | Ep: 3995 | Steps:  473 | Reward:  1651.86
Total T:  551661 | Ep: 3996 | Steps: 1000 | Reward:  3331.46
Total T:  552208 | Ep: 3997 | Steps:  547 | Reward:  1872.41
Total T:  553208 | Ep: 3998 | Steps: 1000 | Reward:  3351.49
Total T:  553649 | Ep: 3999 | Steps:  441 | Reward:  1506.38
Total T:  554649 | Ep: 4000 | Steps: 1000 | Reward:  3295.72
Total T:  555384 | Ep: 4001 | Steps:  735 | Reward:  2508.17
Total T:  555667 | Ep: 4002 | Steps:  283 | Reward:  1010.51
Total T:  556667 | Ep: 4003 | Steps: 1000 | Reward:  3284.06
Total T:  556959 | Ep: 4004 | Steps:  292 | Reward:  1031.45
Total T:  557959 | Ep: 4005 | Steps: 1000 | Reward:  3337.30
Total T:  558741 | Ep: 4006 | Steps:  782 | Reward:  2692.41
Total T:  559741 | Ep: 4007 | Steps: 1000 | Reward:  3319.23
---------------------------------------
Evaluation over 10 episodes: 3246.822
---------------------------------------
Total T:  560741 | Ep: 4008 | Steps: 1000 | Reward:  3190.86
Total T:  561741 | Ep: 4009 | Steps: 1000 | Reward:  3288.88
Total T:  562741 | Ep: 4010 | Steps: 1000 | Reward:  3345.51
Total T:  563546 | Ep: 4011 | Steps:  805 | Reward:  2752.35
Total T:  563840 | Ep: 4012 | Steps:  294 | Reward:  1048.99
Total T:  564139 | Ep: 4013 | Steps:  299 | Reward:  1037.00
Total T:  564438 | Ep: 4014 | Steps:  299 | Reward:  1048.87
Total T:  565427 | Ep: 4015 | Steps:  989 | Reward:  3432.75
Total T:  565761 | Ep: 4016 | Steps:  334 | Reward:  1208.89
Total T:  566761 | Ep: 4017 | Steps: 1000 | Reward:  3239.17
Total T:  567170 | Ep: 4018 | Steps:  409 | Reward:  1390.74
Total T:  567541 | Ep: 4019 | Steps:  371 | Reward:  1284.34
Total T:  567917 | Ep: 4020 | Steps:  376 | Reward:  1293.54
Total T:  568261 | Ep: 4021 | Steps:  344 | Reward:  1220.09
Total T:  569261 | Ep: 4022 | Steps: 1000 | Reward:  3358.52
---------------------------------------
Evaluation over 10 episodes: 2931.351
---------------------------------------
Total T:  570261 | Ep: 4023 | Steps: 1000 | Reward:  3315.01
Total T:  571261 | Ep: 4024 | Steps: 1000 | Reward:  3225.61
Total T:  571690 | Ep: 4025 | Steps:  429 | Reward:  1475.68
Total T:  572690 | Ep: 4026 | Steps: 1000 | Reward:  3325.02
Total T:  573690 | Ep: 4027 | Steps: 1000 | Reward:  3258.55
Total T:  574690 | Ep: 4028 | Steps: 1000 | Reward:  3279.70
Total T:  575154 | Ep: 4029 | Steps:  464 | Reward:  1556.07
Total T:  576154 | Ep: 4030 | Steps: 1000 | Reward:  3283.32
Total T:  577154 | Ep: 4031 | Steps: 1000 | Reward:  3226.88
Total T:  578154 | Ep: 4032 | Steps: 1000 | Reward:  3341.45
Total T:  578452 | Ep: 4033 | Steps:  298 | Reward:  1037.28
Total T:  578805 | Ep: 4034 | Steps:  353 | Reward:  1258.42
Total T:  579805 | Ep: 4035 | Steps: 1000 | Reward:  3305.50
---------------------------------------
Evaluation over 10 episodes: 3033.268
---------------------------------------
Total T:  580117 | Ep: 4036 | Steps:  312 | Reward:  1016.23
Total T:  580763 | Ep: 4037 | Steps:  646 | Reward:  2221.05
Total T:  581763 | Ep: 4038 | Steps: 1000 | Reward:  3315.90
Total T:  582137 | Ep: 4039 | Steps:  374 | Reward:  1341.58
Total T:  583137 | Ep: 4040 | Steps: 1000 | Reward:  3357.65
Total T:  583436 | Ep: 4041 | Steps:  299 | Reward:  1046.60
Total T:  583792 | Ep: 4042 | Steps:  356 | Reward:  1296.53
Total T:  584792 | Ep: 4043 | Steps: 1000 | Reward:  3357.35
Total T:  585792 | Ep: 4044 | Steps: 1000 | Reward:  3347.86
Total T:  586792 | Ep: 4045 | Steps: 1000 | Reward:  3371.51
Total T:  587792 | Ep: 4046 | Steps: 1000 | Reward:  3355.54
Total T:  588792 | Ep: 4047 | Steps: 1000 | Reward:  3277.96
Total T:  589792 | Ep: 4048 | Steps: 1000 | Reward:  3350.20
---------------------------------------
Evaluation over 10 episodes: 3378.177
---------------------------------------
Total T:  590118 | Ep: 4049 | Steps:  326 | Reward:  1179.37
Total T:  590536 | Ep: 4050 | Steps:  418 | Reward:  1525.45
Total T:  591536 | Ep: 4051 | Steps: 1000 | Reward:  3367.13
Total T:  592420 | Ep: 4052 | Steps:  884 | Reward:  2901.56
Total T:  592708 | Ep: 4053 | Steps:  288 | Reward:   984.25
Total T:  593708 | Ep: 4054 | Steps: 1000 | Reward:  3340.54
Total T:  594708 | Ep: 4055 | Steps: 1000 | Reward:  3313.55
Total T:  595323 | Ep: 4056 | Steps:  615 | Reward:  2030.36
Total T:  595621 | Ep: 4057 | Steps:  298 | Reward:  1041.81
Total T:  595920 | Ep: 4058 | Steps:  299 | Reward:  1043.35
Total T:  596239 | Ep: 4059 | Steps:  319 | Reward:  1134.06
Total T:  596601 | Ep: 4060 | Steps:  362 | Reward:  1329.62
Total T:  597601 | Ep: 4061 | Steps: 1000 | Reward:  3262.21
Total T:  597935 | Ep: 4062 | Steps:  334 | Reward:  1195.95
Total T:  598935 | Ep: 4063 | Steps: 1000 | Reward:  3347.82
Total T:  599935 | Ep: 4064 | Steps: 1000 | Reward:  3315.22
---------------------------------------
Evaluation over 10 episodes: 3172.596
---------------------------------------
Total T:  600935 | Ep: 4065 | Steps: 1000 | Reward:  3281.85
Total T:  601893 | Ep: 4066 | Steps:  958 | Reward:  3291.88
Total T:  602893 | Ep: 4067 | Steps: 1000 | Reward:  3316.47
Total T:  603893 | Ep: 4068 | Steps: 1000 | Reward:  3316.03
Total T:  604519 | Ep: 4069 | Steps:  626 | Reward:  2185.62
Total T:  604895 | Ep: 4070 | Steps:  376 | Reward:  1331.25
Total T:  605200 | Ep: 4071 | Steps:  305 | Reward:  1062.17
Total T:  606200 | Ep: 4072 | Steps: 1000 | Reward:  3332.02
Total T:  607200 | Ep: 4073 | Steps: 1000 | Reward:  3325.56
Total T:  608200 | Ep: 4074 | Steps: 1000 | Reward:  3358.68
Total T:  609200 | Ep: 4075 | Steps: 1000 | Reward:  3339.93
Total T:  609997 | Ep: 4076 | Steps:  797 | Reward:  2751.50
---------------------------------------
Evaluation over 10 episodes: 2640.735
---------------------------------------
Total T:  610997 | Ep: 4077 | Steps: 1000 | Reward:  3385.89
Total T:  611938 | Ep: 4078 | Steps:  941 | Reward:  3277.20
Total T:  612938 | Ep: 4079 | Steps: 1000 | Reward:  3394.72
Total T:  613938 | Ep: 4080 | Steps: 1000 | Reward:  3456.22
Total T:  614938 | Ep: 4081 | Steps: 1000 | Reward:  3398.26
Total T:  615938 | Ep: 4082 | Steps: 1000 | Reward:  3385.82
Total T:  616938 | Ep: 4083 | Steps: 1000 | Reward:  3400.70
Total T:  617443 | Ep: 4084 | Steps:  505 | Reward:  1772.45
Total T:  618443 | Ep: 4085 | Steps: 1000 | Reward:  3442.04
Total T:  619443 | Ep: 4086 | Steps: 1000 | Reward:  3382.97
---------------------------------------
Evaluation over 10 episodes: 2991.471
---------------------------------------
Total T:  620397 | Ep: 4087 | Steps:  954 | Reward:  3207.77
Total T:  621397 | Ep: 4088 | Steps: 1000 | Reward:  3498.16
Total T:  622397 | Ep: 4089 | Steps: 1000 | Reward:  3415.04
Total T:  623364 | Ep: 4090 | Steps:  967 | Reward:  3388.42
Total T:  624364 | Ep: 4091 | Steps: 1000 | Reward:  3401.01
Total T:  624863 | Ep: 4092 | Steps:  499 | Reward:  1745.34
Total T:  625863 | Ep: 4093 | Steps: 1000 | Reward:  3488.46
Total T:  626450 | Ep: 4094 | Steps:  587 | Reward:  2053.19
Total T:  627419 | Ep: 4095 | Steps:  969 | Reward:  3431.69
Total T:  627838 | Ep: 4096 | Steps:  419 | Reward:  1313.59
Total T:  628838 | Ep: 4097 | Steps: 1000 | Reward:  3444.96
Total T:  629838 | Ep: 4098 | Steps: 1000 | Reward:  3395.01
---------------------------------------
Evaluation over 10 episodes: 2496.937
---------------------------------------
Total T:  630838 | Ep: 4099 | Steps: 1000 | Reward:  3499.84
Total T:  631838 | Ep: 4100 | Steps: 1000 | Reward:  3431.66
Total T:  632599 | Ep: 4101 | Steps:  761 | Reward:  2651.01
Total T:  633553 | Ep: 4102 | Steps:  954 | Reward:  3359.28
Total T:  634227 | Ep: 4103 | Steps:  674 | Reward:  2400.10
Total T:  635227 | Ep: 4104 | Steps: 1000 | Reward:  3465.02
Total T:  635545 | Ep: 4105 | Steps:  318 | Reward:   954.54
Total T:  636545 | Ep: 4106 | Steps: 1000 | Reward:  3429.01
Total T:  637498 | Ep: 4107 | Steps:  953 | Reward:  3324.11
Total T:  638498 | Ep: 4108 | Steps: 1000 | Reward:  3408.73
Total T:  639498 | Ep: 4109 | Steps: 1000 | Reward:  3403.39
Total T:  639994 | Ep: 4110 | Steps:  496 | Reward:  1715.02
---------------------------------------
Evaluation over 10 episodes: 2436.374
---------------------------------------
Total T:  640524 | Ep: 4111 | Steps:  530 | Reward:  1857.11
Total T:  641444 | Ep: 4112 | Steps:  920 | Reward:  3231.27
Total T:  642318 | Ep: 4113 | Steps:  874 | Reward:  3063.95
Total T:  642961 | Ep: 4114 | Steps:  643 | Reward:  2264.39
Total T:  643855 | Ep: 4115 | Steps:  894 | Reward:  3133.31
Total T:  644551 | Ep: 4116 | Steps:  696 | Reward:  2409.55
Total T:  645551 | Ep: 4117 | Steps: 1000 | Reward:  3315.75
Total T:  646514 | Ep: 4118 | Steps:  963 | Reward:  3367.81
Total T:  647514 | Ep: 4119 | Steps: 1000 | Reward:  3422.01
Total T:  648514 | Ep: 4120 | Steps: 1000 | Reward:  3409.42
Total T:  648991 | Ep: 4121 | Steps:  477 | Reward:  1654.21
Total T:  649581 | Ep: 4122 | Steps:  590 | Reward:  2060.52
---------------------------------------
Evaluation over 10 episodes: 2224.101
---------------------------------------
Total T:  650086 | Ep: 4123 | Steps:  505 | Reward:  1777.75
Total T:  650928 | Ep: 4124 | Steps:  842 | Reward:  2889.77
Total T:  651537 | Ep: 4125 | Steps:  609 | Reward:  2114.62
Total T:  652537 | Ep: 4126 | Steps: 1000 | Reward:  3324.51
Total T:  653537 | Ep: 4127 | Steps: 1000 | Reward:  3481.41
Total T:  654375 | Ep: 4128 | Steps:  838 | Reward:  2986.30
Total T:  655375 | Ep: 4129 | Steps: 1000 | Reward:  3476.36
Total T:  656375 | Ep: 4130 | Steps: 1000 | Reward:  3473.53
Total T:  657375 | Ep: 4131 | Steps: 1000 | Reward:  3453.06
Total T:  658375 | Ep: 4132 | Steps: 1000 | Reward:  3429.18
Total T:  659375 | Ep: 4133 | Steps: 1000 | Reward:  3407.59
---------------------------------------
Evaluation over 10 episodes: 2075.776
---------------------------------------
Total T:  660375 | Ep: 4134 | Steps: 1000 | Reward:  3424.37
Total T:  660957 | Ep: 4135 | Steps:  582 | Reward:  2051.69
Total T:  661957 | Ep: 4136 | Steps: 1000 | Reward:  3463.35
Total T:  662778 | Ep: 4137 | Steps:  821 | Reward:  2915.94
Total T:  663778 | Ep: 4138 | Steps: 1000 | Reward:  3450.88
Total T:  664575 | Ep: 4139 | Steps:  797 | Reward:  2801.89
Total T:  665549 | Ep: 4140 | Steps:  974 | Reward:  3462.17
Total T:  666135 | Ep: 4141 | Steps:  586 | Reward:  2043.10
Total T:  667135 | Ep: 4142 | Steps: 1000 | Reward:  3473.25
Total T:  668135 | Ep: 4143 | Steps: 1000 | Reward:  3407.10
Total T:  669135 | Ep: 4144 | Steps: 1000 | Reward:  3500.12
---------------------------------------
Evaluation over 10 episodes: 2538.210
---------------------------------------
Total T:  670135 | Ep: 4145 | Steps: 1000 | Reward:  3519.15
Total T:  670744 | Ep: 4146 | Steps:  609 | Reward:  2162.46
Total T:  671417 | Ep: 4147 | Steps:  673 | Reward:  2395.52
Total T:  672417 | Ep: 4148 | Steps: 1000 | Reward:  3482.56
Total T:  672925 | Ep: 4149 | Steps:  508 | Reward:  1781.28
Total T:  672982 | Ep: 4150 | Steps:   57 | Reward:   102.37
Total T:  673571 | Ep: 4151 | Steps:  589 | Reward:  2087.72
Total T:  674571 | Ep: 4152 | Steps: 1000 | Reward:  3356.53
Total T:  675571 | Ep: 4153 | Steps: 1000 | Reward:  3489.34
Total T:  676571 | Ep: 4154 | Steps: 1000 | Reward:  3432.50
Total T:  677188 | Ep: 4155 | Steps:  617 | Reward:  2174.06
Total T:  677704 | Ep: 4156 | Steps:  516 | Reward:  1726.17
Total T:  678704 | Ep: 4157 | Steps: 1000 | Reward:  3411.48
Total T:  679704 | Ep: 4158 | Steps: 1000 | Reward:  3494.54
---------------------------------------
Evaluation over 10 episodes: 2954.575
---------------------------------------
Total T:  680704 | Ep: 4159 | Steps: 1000 | Reward:  3470.73
Total T:  681666 | Ep: 4160 | Steps:  962 | Reward:  3357.20
Total T:  682666 | Ep: 4161 | Steps: 1000 | Reward:  3526.78
Total T:  683666 | Ep: 4162 | Steps: 1000 | Reward:  3478.25
Total T:  684275 | Ep: 4163 | Steps:  609 | Reward:  2174.52
Total T:  684875 | Ep: 4164 | Steps:  600 | Reward:  2162.06
Total T:  685039 | Ep: 4165 | Steps:  164 | Reward:   438.58
Total T:  686039 | Ep: 4166 | Steps: 1000 | Reward:  3503.27
Total T:  686771 | Ep: 4167 | Steps:  732 | Reward:  2680.95
Total T:  687771 | Ep: 4168 | Steps: 1000 | Reward:  3564.81
Total T:  688458 | Ep: 4169 | Steps:  687 | Reward:  2343.65
Total T:  689458 | Ep: 4170 | Steps: 1000 | Reward:  3550.77
---------------------------------------
Evaluation over 10 episodes: 1465.569
---------------------------------------
Total T:  690458 | Ep: 4171 | Steps: 1000 | Reward:  3536.31
Total T:  691458 | Ep: 4172 | Steps: 1000 | Reward:  3563.22
Total T:  692049 | Ep: 4173 | Steps:  591 | Reward:  2092.88
Total T:  692162 | Ep: 4174 | Steps:  113 | Reward:   266.58
Total T:  693162 | Ep: 4175 | Steps: 1000 | Reward:  3540.34
Total T:  694162 | Ep: 4176 | Steps: 1000 | Reward:  3545.86
Total T:  695162 | Ep: 4177 | Steps: 1000 | Reward:  3457.82
Total T:  695975 | Ep: 4178 | Steps:  813 | Reward:  3014.62
Total T:  696617 | Ep: 4179 | Steps:  642 | Reward:  2336.37
Total T:  697617 | Ep: 4180 | Steps: 1000 | Reward:  3490.44
Total T:  698024 | Ep: 4181 | Steps:  407 | Reward:  1286.64
Total T:  698135 | Ep: 4182 | Steps:  111 | Reward:   259.83
Total T:  698737 | Ep: 4183 | Steps:  602 | Reward:  2157.60
Total T:  699737 | Ep: 4184 | Steps: 1000 | Reward:  3528.10
---------------------------------------
Evaluation over 10 episodes: 2447.370
---------------------------------------
Total T:  700737 | Ep: 4185 | Steps: 1000 | Reward:  3561.64
Total T:  701334 | Ep: 4186 | Steps:  597 | Reward:  2010.55
Total T:  702334 | Ep: 4187 | Steps: 1000 | Reward:  3520.57
Total T:  702839 | Ep: 4188 | Steps:  505 | Reward:  1789.13
Total T:  703839 | Ep: 4189 | Steps: 1000 | Reward:  3533.02
Total T:  704201 | Ep: 4190 | Steps:  362 | Reward:  1156.15
Total T:  705201 | Ep: 4191 | Steps: 1000 | Reward:  3435.38
Total T:  706201 | Ep: 4192 | Steps: 1000 | Reward:  3445.94
Total T:  707201 | Ep: 4193 | Steps: 1000 | Reward:  3463.07
Total T:  708000 | Ep: 4194 | Steps:  799 | Reward:  2915.73
Total T:  708761 | Ep: 4195 | Steps:  761 | Reward:  2718.47
Total T:  709761 | Ep: 4196 | Steps: 1000 | Reward:  3487.50
---------------------------------------
Evaluation over 10 episodes: 2746.025
---------------------------------------
Total T:  710761 | Ep: 4197 | Steps: 1000 | Reward:  3550.94
Total T:  711761 | Ep: 4198 | Steps: 1000 | Reward:  3576.47
Total T:  712542 | Ep: 4199 | Steps:  781 | Reward:  2668.21
Total T:  713542 | Ep: 4200 | Steps: 1000 | Reward:  3521.83
Total T:  714542 | Ep: 4201 | Steps: 1000 | Reward:  3547.49
Total T:  715239 | Ep: 4202 | Steps:  697 | Reward:  2391.84
Total T:  715817 | Ep: 4203 | Steps:  578 | Reward:  1901.93
Total T:  716817 | Ep: 4204 | Steps: 1000 | Reward:  3436.40
Total T:  717432 | Ep: 4205 | Steps:  615 | Reward:  2215.86
Total T:  718432 | Ep: 4206 | Steps: 1000 | Reward:  3539.01
Total T:  719236 | Ep: 4207 | Steps:  804 | Reward:  2926.84
---------------------------------------
Evaluation over 10 episodes: 3631.161
---------------------------------------
Total T:  720236 | Ep: 4208 | Steps: 1000 | Reward:  3507.98
Total T:  721236 | Ep: 4209 | Steps: 1000 | Reward:  3513.91
Total T:  722236 | Ep: 4210 | Steps: 1000 | Reward:  3514.28
Total T:  723236 | Ep: 4211 | Steps: 1000 | Reward:  3550.61
Total T:  724091 | Ep: 4212 | Steps:  855 | Reward:  3140.48
Total T:  725091 | Ep: 4213 | Steps: 1000 | Reward:  3501.37
Total T:  726091 | Ep: 4214 | Steps: 1000 | Reward:  3477.00
Total T:  727091 | Ep: 4215 | Steps: 1000 | Reward:  3502.98
Total T:  728091 | Ep: 4216 | Steps: 1000 | Reward:  3507.50
Total T:  729091 | Ep: 4217 | Steps: 1000 | Reward:  3497.92
---------------------------------------
Evaluation over 10 episodes: 2732.004
---------------------------------------
Total T:  730091 | Ep: 4218 | Steps: 1000 | Reward:  3514.79
Total T:  731091 | Ep: 4219 | Steps: 1000 | Reward:  3487.35
Total T:  732091 | Ep: 4220 | Steps: 1000 | Reward:  3483.09
Total T:  733091 | Ep: 4221 | Steps: 1000 | Reward:  3453.96
Total T:  734091 | Ep: 4222 | Steps: 1000 | Reward:  3403.26
Total T:  734346 | Ep: 4223 | Steps:  255 | Reward:   757.81
Total T:  735346 | Ep: 4224 | Steps: 1000 | Reward:  3512.12
Total T:  736047 | Ep: 4225 | Steps:  701 | Reward:  2462.08
Total T:  736140 | Ep: 4226 | Steps:   93 | Reward:   199.52
Total T:  737140 | Ep: 4227 | Steps: 1000 | Reward:  3539.83
Total T:  737941 | Ep: 4228 | Steps:  801 | Reward:  2756.31
Total T:  738383 | Ep: 4229 | Steps:  442 | Reward:  1459.76
Total T:  739383 | Ep: 4230 | Steps: 1000 | Reward:  3455.47
---------------------------------------
Evaluation over 10 episodes: 3433.123
---------------------------------------
Total T:  740142 | Ep: 4231 | Steps:  759 | Reward:  2607.80
Total T:  741142 | Ep: 4232 | Steps: 1000 | Reward:  3426.66
Total T:  741308 | Ep: 4233 | Steps:  166 | Reward:   436.62
Total T:  741759 | Ep: 4234 | Steps:  451 | Reward:  1585.25
Total T:  742611 | Ep: 4235 | Steps:  852 | Reward:  3004.64
Total T:  743611 | Ep: 4236 | Steps: 1000 | Reward:  3498.05
Total T:  744611 | Ep: 4237 | Steps: 1000 | Reward:  3488.76
Total T:  745611 | Ep: 4238 | Steps: 1000 | Reward:  3519.42
Total T:  745956 | Ep: 4239 | Steps:  345 | Reward:  1080.32
Total T:  746956 | Ep: 4240 | Steps: 1000 | Reward:  3495.14
Total T:  747956 | Ep: 4241 | Steps: 1000 | Reward:  3462.30
Total T:  748356 | Ep: 4242 | Steps:  400 | Reward:  1373.90
Total T:  748790 | Ep: 4243 | Steps:  434 | Reward:  1537.41
Total T:  749790 | Ep: 4244 | Steps: 1000 | Reward:  3485.20
---------------------------------------
Evaluation over 10 episodes: 3491.759
---------------------------------------
Total T:  750188 | Ep: 4245 | Steps:  398 | Reward:  1390.65
Total T:  750607 | Ep: 4246 | Steps:  419 | Reward:  1452.45
Total T:  750994 | Ep: 4247 | Steps:  387 | Reward:  1315.47
Total T:  751639 | Ep: 4248 | Steps:  645 | Reward:  2294.17
Total T:  752131 | Ep: 4249 | Steps:  492 | Reward:  1721.02
Total T:  753030 | Ep: 4250 | Steps:  899 | Reward:  3190.09
Total T:  753618 | Ep: 4251 | Steps:  588 | Reward:  2168.79
Total T:  754111 | Ep: 4252 | Steps:  493 | Reward:  1783.52
Total T:  755042 | Ep: 4253 | Steps:  931 | Reward:  3320.19
Total T:  755891 | Ep: 4254 | Steps:  849 | Reward:  3059.22
Total T:  756706 | Ep: 4255 | Steps:  815 | Reward:  2919.18
Total T:  757089 | Ep: 4256 | Steps:  383 | Reward:  1316.65
Total T:  757515 | Ep: 4257 | Steps:  426 | Reward:  1472.22
Total T:  757884 | Ep: 4258 | Steps:  369 | Reward:  1244.18
Total T:  758864 | Ep: 4259 | Steps:  980 | Reward:  3347.87
Total T:  759864 | Ep: 4260 | Steps: 1000 | Reward:  3472.78
---------------------------------------
Evaluation over 10 episodes: 2779.714
---------------------------------------
Total T:  760250 | Ep: 4261 | Steps:  386 | Reward:  1217.44
Total T:  760928 | Ep: 4262 | Steps:  678 | Reward:  2408.88
Total T:  761822 | Ep: 4263 | Steps:  894 | Reward:  3121.72
Total T:  762822 | Ep: 4264 | Steps: 1000 | Reward:  3492.65
Total T:  763523 | Ep: 4265 | Steps:  701 | Reward:  2449.61
Total T:  764523 | Ep: 4266 | Steps: 1000 | Reward:  3479.48
Total T:  764998 | Ep: 4267 | Steps:  475 | Reward:  1599.78
Total T:  765584 | Ep: 4268 | Steps:  586 | Reward:  2056.73
Total T:  765978 | Ep: 4269 | Steps:  394 | Reward:  1339.48
Total T:  766393 | Ep: 4270 | Steps:  415 | Reward:  1459.32
Total T:  767310 | Ep: 4271 | Steps:  917 | Reward:  3216.06
Total T:  767866 | Ep: 4272 | Steps:  556 | Reward:  1928.77
Total T:  768670 | Ep: 4273 | Steps:  804 | Reward:  2799.65
Total T:  769670 | Ep: 4274 | Steps: 1000 | Reward:  3454.98
---------------------------------------
Evaluation over 10 episodes: 3315.813
---------------------------------------
Total T:  770106 | Ep: 4275 | Steps:  436 | Reward:  1553.95
Total T:  771106 | Ep: 4276 | Steps: 1000 | Reward:  3488.78
Total T:  772106 | Ep: 4277 | Steps: 1000 | Reward:  3473.06
Total T:  772533 | Ep: 4278 | Steps:  427 | Reward:  1498.98
Total T:  772985 | Ep: 4279 | Steps:  452 | Reward:  1568.42
Total T:  773985 | Ep: 4280 | Steps: 1000 | Reward:  3490.43
Total T:  774985 | Ep: 4281 | Steps: 1000 | Reward:  3540.07
Total T:  775443 | Ep: 4282 | Steps:  458 | Reward:  1664.03
Total T:  775576 | Ep: 4283 | Steps:  133 | Reward:   328.93
Total T:  776547 | Ep: 4284 | Steps:  971 | Reward:  3418.88
Total T:  777547 | Ep: 4285 | Steps: 1000 | Reward:  3372.32
Total T:  778476 | Ep: 4286 | Steps:  929 | Reward:  3295.87
Total T:  779123 | Ep: 4287 | Steps:  647 | Reward:  2241.48
---------------------------------------
Evaluation over 10 episodes: 3022.185
---------------------------------------
Total T:  780123 | Ep: 4288 | Steps: 1000 | Reward:  3443.90
Total T:  780508 | Ep: 4289 | Steps:  385 | Reward:  1320.55
Total T:  781063 | Ep: 4290 | Steps:  555 | Reward:  1947.38
Total T:  781447 | Ep: 4291 | Steps:  384 | Reward:  1327.40
Total T:  781885 | Ep: 4292 | Steps:  438 | Reward:  1594.47
Total T:  782885 | Ep: 4293 | Steps: 1000 | Reward:  3486.79
Total T:  783269 | Ep: 4294 | Steps:  384 | Reward:  1313.74
Total T:  783943 | Ep: 4295 | Steps:  674 | Reward:  2381.43
Total T:  784759 | Ep: 4296 | Steps:  816 | Reward:  2934.70
Total T:  785089 | Ep: 4297 | Steps:  330 | Reward:  1089.73
Total T:  785634 | Ep: 4298 | Steps:  545 | Reward:  2008.09
Total T:  786542 | Ep: 4299 | Steps:  908 | Reward:  3100.59
Total T:  787337 | Ep: 4300 | Steps:  795 | Reward:  2864.15
Total T:  787759 | Ep: 4301 | Steps:  422 | Reward:  1493.79
Total T:  788374 | Ep: 4302 | Steps:  615 | Reward:  2283.34
Total T:  788493 | Ep: 4303 | Steps:  119 | Reward:   283.37
Total T:  789493 | Ep: 4304 | Steps: 1000 | Reward:  3471.43
---------------------------------------
Evaluation over 10 episodes: 3491.969
---------------------------------------
Total T:  790493 | Ep: 4305 | Steps: 1000 | Reward:  3490.75
Total T:  790999 | Ep: 4306 | Steps:  506 | Reward:  1803.34
Total T:  791475 | Ep: 4307 | Steps:  476 | Reward:  1674.05
Total T:  792475 | Ep: 4308 | Steps: 1000 | Reward:  3459.31
Total T:  793475 | Ep: 4309 | Steps: 1000 | Reward:  3477.27
Total T:  793901 | Ep: 4310 | Steps:  426 | Reward:  1458.60
Total T:  794901 | Ep: 4311 | Steps: 1000 | Reward:  3392.77
Total T:  795901 | Ep: 4312 | Steps: 1000 | Reward:  3489.55
Total T:  796901 | Ep: 4313 | Steps: 1000 | Reward:  3437.94
Total T:  797901 | Ep: 4314 | Steps: 1000 | Reward:  3430.18
Total T:  798722 | Ep: 4315 | Steps:  821 | Reward:  2885.33
Total T:  799722 | Ep: 4316 | Steps: 1000 | Reward:  3431.72
---------------------------------------
Evaluation over 10 episodes: 2817.296
---------------------------------------
Total T:  800722 | Ep: 4317 | Steps: 1000 | Reward:  3418.01
Total T:  801722 | Ep: 4318 | Steps: 1000 | Reward:  3449.97
Total T:  802722 | Ep: 4319 | Steps: 1000 | Reward:  3427.66
Total T:  803722 | Ep: 4320 | Steps: 1000 | Reward:  3410.66
Total T:  804722 | Ep: 4321 | Steps: 1000 | Reward:  3366.61
Total T:  805722 | Ep: 4322 | Steps: 1000 | Reward:  3239.67
Total T:  806722 | Ep: 4323 | Steps: 1000 | Reward:  3423.97
Total T:  807722 | Ep: 4324 | Steps: 1000 | Reward:  3426.37
Total T:  808722 | Ep: 4325 | Steps: 1000 | Reward:  3395.93
Total T:  809722 | Ep: 4326 | Steps: 1000 | Reward:  3330.49
---------------------------------------
Evaluation over 10 episodes: 3356.017
---------------------------------------
Total T:  810417 | Ep: 4327 | Steps:  695 | Reward:  2317.71
Total T:  811417 | Ep: 4328 | Steps: 1000 | Reward:  3380.35
Total T:  812417 | Ep: 4329 | Steps: 1000 | Reward:  3421.77
Total T:  812913 | Ep: 4330 | Steps:  496 | Reward:  1658.31
Total T:  813913 | Ep: 4331 | Steps: 1000 | Reward:  3367.03
Total T:  814913 | Ep: 4332 | Steps: 1000 | Reward:  3404.82
Total T:  815913 | Ep: 4333 | Steps: 1000 | Reward:  3364.05
Total T:  816336 | Ep: 4334 | Steps:  423 | Reward:  1448.58
Total T:  817336 | Ep: 4335 | Steps: 1000 | Reward:  3392.96
Total T:  818336 | Ep: 4336 | Steps: 1000 | Reward:  3356.18
Total T:  819336 | Ep: 4337 | Steps: 1000 | Reward:  3331.92
---------------------------------------
Evaluation over 10 episodes: 3446.180
---------------------------------------
Total T:  820336 | Ep: 4338 | Steps: 1000 | Reward:  3367.37
Total T:  821336 | Ep: 4339 | Steps: 1000 | Reward:  3406.96
Total T:  822336 | Ep: 4340 | Steps: 1000 | Reward:  3267.76
Total T:  823336 | Ep: 4341 | Steps: 1000 | Reward:  3373.35
Total T:  824336 | Ep: 4342 | Steps: 1000 | Reward:  3296.05
Total T:  825336 | Ep: 4343 | Steps: 1000 | Reward:  3402.18
Total T:  826336 | Ep: 4344 | Steps: 1000 | Reward:  3415.86
Total T:  827336 | Ep: 4345 | Steps: 1000 | Reward:  3482.30
Total T:  828336 | Ep: 4346 | Steps: 1000 | Reward:  3372.09
Total T:  829336 | Ep: 4347 | Steps: 1000 | Reward:  3473.54
---------------------------------------
Evaluation over 10 episodes: 3440.280
---------------------------------------
Total T:  830107 | Ep: 4348 | Steps:  771 | Reward:  2726.09
Total T:  830624 | Ep: 4349 | Steps:  517 | Reward:  1872.40
Total T:  831174 | Ep: 4350 | Steps:  550 | Reward:  1995.43
Total T:  832174 | Ep: 4351 | Steps: 1000 | Reward:  3491.03
Total T:  832840 | Ep: 4352 | Steps:  666 | Reward:  2372.11
Total T:  833805 | Ep: 4353 | Steps:  965 | Reward:  3444.33
Total T:  834359 | Ep: 4354 | Steps:  554 | Reward:  1984.37
Total T:  834898 | Ep: 4355 | Steps:  539 | Reward:  1899.70
Total T:  835628 | Ep: 4356 | Steps:  730 | Reward:  2567.39
Total T:  835889 | Ep: 4357 | Steps:  261 | Reward:   773.00
Total T:  836889 | Ep: 4358 | Steps: 1000 | Reward:  3446.21
Total T:  837889 | Ep: 4359 | Steps: 1000 | Reward:  3473.08
Total T:  838876 | Ep: 4360 | Steps:  987 | Reward:  3498.67
Total T:  839876 | Ep: 4361 | Steps: 1000 | Reward:  3420.94
---------------------------------------
Evaluation over 10 episodes: 3436.706
---------------------------------------
Total T:  840876 | Ep: 4362 | Steps: 1000 | Reward:  3439.70
Total T:  841876 | Ep: 4363 | Steps: 1000 | Reward:  3388.10
Total T:  842876 | Ep: 4364 | Steps: 1000 | Reward:  3471.89
Total T:  843876 | Ep: 4365 | Steps: 1000 | Reward:  3457.33
Total T:  844876 | Ep: 4366 | Steps: 1000 | Reward:  3450.74
Total T:  845876 | Ep: 4367 | Steps: 1000 | Reward:  3469.70
Total T:  846876 | Ep: 4368 | Steps: 1000 | Reward:  3492.14
Total T:  847668 | Ep: 4369 | Steps:  792 | Reward:  2733.10
Total T:  848668 | Ep: 4370 | Steps: 1000 | Reward:  3474.96
Total T:  849590 | Ep: 4371 | Steps:  922 | Reward:  3324.28
---------------------------------------
Evaluation over 10 episodes: 3477.324
---------------------------------------
Total T:  850590 | Ep: 4372 | Steps: 1000 | Reward:  3472.57
Total T:  851590 | Ep: 4373 | Steps: 1000 | Reward:  3512.45
Total T:  852469 | Ep: 4374 | Steps:  879 | Reward:  3048.88
Total T:  853469 | Ep: 4375 | Steps: 1000 | Reward:  3540.65
Total T:  854281 | Ep: 4376 | Steps:  812 | Reward:  2853.96
Total T:  854804 | Ep: 4377 | Steps:  523 | Reward:  1857.03
Total T:  855769 | Ep: 4378 | Steps:  965 | Reward:  3435.19
Total T:  856769 | Ep: 4379 | Steps: 1000 | Reward:  3503.08
Total T:  857769 | Ep: 4380 | Steps: 1000 | Reward:  3506.29
Total T:  858769 | Ep: 4381 | Steps: 1000 | Reward:  3517.02
Total T:  859769 | Ep: 4382 | Steps: 1000 | Reward:  3492.87
---------------------------------------
Evaluation over 10 episodes: 3446.509
---------------------------------------
Total T:  860769 | Ep: 4383 | Steps: 1000 | Reward:  3467.77
Total T:  861769 | Ep: 4384 | Steps: 1000 | Reward:  3463.91
Total T:  862769 | Ep: 4385 | Steps: 1000 | Reward:  3498.68
Total T:  863152 | Ep: 4386 | Steps:  383 | Reward:  1323.89
Total T:  864152 | Ep: 4387 | Steps: 1000 | Reward:  3505.63
Total T:  865152 | Ep: 4388 | Steps: 1000 | Reward:  3487.34
Total T:  866152 | Ep: 4389 | Steps: 1000 | Reward:  3475.79
Total T:  867152 | Ep: 4390 | Steps: 1000 | Reward:  3505.69
Total T:  868152 | Ep: 4391 | Steps: 1000 | Reward:  3528.82
Total T:  868465 | Ep: 4392 | Steps:  313 | Reward:  1058.87
Total T:  869465 | Ep: 4393 | Steps: 1000 | Reward:  3490.84
---------------------------------------
Evaluation over 10 episodes: 674.767
---------------------------------------
Total T:  870465 | Ep: 4394 | Steps: 1000 | Reward:  3529.12
Total T:  871465 | Ep: 4395 | Steps: 1000 | Reward:  3483.37
Total T:  872465 | Ep: 4396 | Steps: 1000 | Reward:  3509.15
Total T:  873199 | Ep: 4397 | Steps:  734 | Reward:  2522.16
Total T:  874199 | Ep: 4398 | Steps: 1000 | Reward:  3445.99
Total T:  874761 | Ep: 4399 | Steps:  562 | Reward:  1988.29
Total T:  875761 | Ep: 4400 | Steps: 1000 | Reward:  3432.00
Total T:  876761 | Ep: 4401 | Steps: 1000 | Reward:  3412.32
Total T:  877761 | Ep: 4402 | Steps: 1000 | Reward:  3443.60
Total T:  878761 | Ep: 4403 | Steps: 1000 | Reward:  3448.65
Total T:  879761 | Ep: 4404 | Steps: 1000 | Reward:  3462.53
---------------------------------------
Evaluation over 10 episodes: 3422.270
---------------------------------------
Total T:  880761 | Ep: 4405 | Steps: 1000 | Reward:  3463.14
Total T:  881761 | Ep: 4406 | Steps: 1000 | Reward:  3410.79
Total T:  882761 | Ep: 4407 | Steps: 1000 | Reward:  3454.24
Total T:  883761 | Ep: 4408 | Steps: 1000 | Reward:  3485.87
Total T:  884761 | Ep: 4409 | Steps: 1000 | Reward:  3436.13
Total T:  885761 | Ep: 4410 | Steps: 1000 | Reward:  3462.61
Total T:  886761 | Ep: 4411 | Steps: 1000 | Reward:  3445.74
Total T:  887761 | Ep: 4412 | Steps: 1000 | Reward:  3473.54
Total T:  888761 | Ep: 4413 | Steps: 1000 | Reward:  3501.54
Total T:  889761 | Ep: 4414 | Steps: 1000 | Reward:  3408.80
---------------------------------------
Evaluation over 10 episodes: 3489.113
---------------------------------------
Total T:  890152 | Ep: 4415 | Steps:  391 | Reward:  1356.03
Total T:  890855 | Ep: 4416 | Steps:  703 | Reward:  2493.41
Total T:  891855 | Ep: 4417 | Steps: 1000 | Reward:  3338.05
Total T:  892235 | Ep: 4418 | Steps:  380 | Reward:  1359.77
Total T:  893235 | Ep: 4419 | Steps: 1000 | Reward:  3457.58
Total T:  893712 | Ep: 4420 | Steps:  477 | Reward:  1612.67
Total T:  894712 | Ep: 4421 | Steps: 1000 | Reward:  3401.08
Total T:  895712 | Ep: 4422 | Steps: 1000 | Reward:  3425.06
Total T:  896712 | Ep: 4423 | Steps: 1000 | Reward:  3508.41
Total T:  897264 | Ep: 4424 | Steps:  552 | Reward:  1998.48
Total T:  897957 | Ep: 4425 | Steps:  693 | Reward:  2446.67
Total T:  898511 | Ep: 4426 | Steps:  554 | Reward:  1994.46
Total T:  899511 | Ep: 4427 | Steps: 1000 | Reward:  3544.51
---------------------------------------
Evaluation over 10 episodes: 2215.511
---------------------------------------
Total T:  900178 | Ep: 4428 | Steps:  667 | Reward:  2345.12
Total T:  900796 | Ep: 4429 | Steps:  618 | Reward:  2263.44
Total T:  901142 | Ep: 4430 | Steps:  346 | Reward:  1203.94
Total T:  901634 | Ep: 4431 | Steps:  492 | Reward:  1736.52
Total T:  902031 | Ep: 4432 | Steps:  397 | Reward:  1440.39
Total T:  902397 | Ep: 4433 | Steps:  366 | Reward:  1278.29
Total T:  903217 | Ep: 4434 | Steps:  820 | Reward:  2891.58
Total T:  903607 | Ep: 4435 | Steps:  390 | Reward:  1422.54
Total T:  904095 | Ep: 4436 | Steps:  488 | Reward:  1785.61
Total T:  904724 | Ep: 4437 | Steps:  629 | Reward:  2307.80
Total T:  905379 | Ep: 4438 | Steps:  655 | Reward:  2408.48
Total T:  906227 | Ep: 4439 | Steps:  848 | Reward:  3026.79
Total T:  906736 | Ep: 4440 | Steps:  509 | Reward:  1812.20
Total T:  907286 | Ep: 4441 | Steps:  550 | Reward:  1933.37
Total T:  907677 | Ep: 4442 | Steps:  391 | Reward:  1396.17
Total T:  908677 | Ep: 4443 | Steps: 1000 | Reward:  3519.44
Total T:  909515 | Ep: 4444 | Steps:  838 | Reward:  3075.50
---------------------------------------
Evaluation over 10 episodes: 3159.700
---------------------------------------
Total T:  910515 | Ep: 4445 | Steps: 1000 | Reward:  3415.76
Total T:  911515 | Ep: 4446 | Steps: 1000 | Reward:  3360.65
Total T:  912515 | Ep: 4447 | Steps: 1000 | Reward:  3371.60
Total T:  913515 | Ep: 4448 | Steps: 1000 | Reward:  3363.53
Total T:  914515 | Ep: 4449 | Steps: 1000 | Reward:  3467.23
Total T:  915515 | Ep: 4450 | Steps: 1000 | Reward:  3407.64
Total T:  916515 | Ep: 4451 | Steps: 1000 | Reward:  3338.66
Total T:  917515 | Ep: 4452 | Steps: 1000 | Reward:  3411.79
Total T:  918515 | Ep: 4453 | Steps: 1000 | Reward:  3433.89
Total T:  919515 | Ep: 4454 | Steps: 1000 | Reward:  3391.32
---------------------------------------
Evaluation over 10 episodes: 3406.671
---------------------------------------
Total T:  920515 | Ep: 4455 | Steps: 1000 | Reward:  3420.02
Total T:  921515 | Ep: 4456 | Steps: 1000 | Reward:  3473.13
Total T:  922515 | Ep: 4457 | Steps: 1000 | Reward:  3475.96
Total T:  923515 | Ep: 4458 | Steps: 1000 | Reward:  3490.67
Total T:  924515 | Ep: 4459 | Steps: 1000 | Reward:  3465.29
Total T:  925515 | Ep: 4460 | Steps: 1000 | Reward:  3500.01
Total T:  926515 | Ep: 4461 | Steps: 1000 | Reward:  3404.56
Total T:  927515 | Ep: 4462 | Steps: 1000 | Reward:  3451.94
Total T:  928515 | Ep: 4463 | Steps: 1000 | Reward:  3400.47
Total T:  929515 | Ep: 4464 | Steps: 1000 | Reward:  3347.08
---------------------------------------
Evaluation over 10 episodes: 3417.058
---------------------------------------
Total T:  930515 | Ep: 4465 | Steps: 1000 | Reward:  3436.05
Total T:  931515 | Ep: 4466 | Steps: 1000 | Reward:  3462.13
Total T:  932515 | Ep: 4467 | Steps: 1000 | Reward:  3412.03
Total T:  933515 | Ep: 4468 | Steps: 1000 | Reward:  3489.41
Total T:  934515 | Ep: 4469 | Steps: 1000 | Reward:  3491.07
Total T:  935515 | Ep: 4470 | Steps: 1000 | Reward:  3501.31
Total T:  936515 | Ep: 4471 | Steps: 1000 | Reward:  3406.79
Total T:  937515 | Ep: 4472 | Steps: 1000 | Reward:  3429.20
Total T:  938515 | Ep: 4473 | Steps: 1000 | Reward:  3459.95
Total T:  939515 | Ep: 4474 | Steps: 1000 | Reward:  3475.80
---------------------------------------
Evaluation over 10 episodes: 3569.794
---------------------------------------
Total T:  940515 | Ep: 4475 | Steps: 1000 | Reward:  3510.88
Total T:  941515 | Ep: 4476 | Steps: 1000 | Reward:  3464.23
Total T:  942515 | Ep: 4477 | Steps: 1000 | Reward:  3382.05
Total T:  943515 | Ep: 4478 | Steps: 1000 | Reward:  3460.46
Total T:  944515 | Ep: 4479 | Steps: 1000 | Reward:  3503.20
Total T:  945515 | Ep: 4480 | Steps: 1000 | Reward:  3468.22
Total T:  946515 | Ep: 4481 | Steps: 1000 | Reward:  3389.41
Total T:  947515 | Ep: 4482 | Steps: 1000 | Reward:  3476.67
Total T:  948515 | Ep: 4483 | Steps: 1000 | Reward:  3419.92
Total T:  949515 | Ep: 4484 | Steps: 1000 | Reward:  3459.82
---------------------------------------
Evaluation over 10 episodes: 3541.342
---------------------------------------
Total T:  950515 | Ep: 4485 | Steps: 1000 | Reward:  3482.22
Total T:  951515 | Ep: 4486 | Steps: 1000 | Reward:  3501.67
Total T:  952515 | Ep: 4487 | Steps: 1000 | Reward:  3530.75
Total T:  953515 | Ep: 4488 | Steps: 1000 | Reward:  3523.80
Total T:  954144 | Ep: 4489 | Steps:  629 | Reward:  2118.53
Total T:  955144 | Ep: 4490 | Steps: 1000 | Reward:  3522.91
Total T:  956144 | Ep: 4491 | Steps: 1000 | Reward:  3470.15
Total T:  957144 | Ep: 4492 | Steps: 1000 | Reward:  3516.73
Total T:  958144 | Ep: 4493 | Steps: 1000 | Reward:  3546.31
Total T:  959144 | Ep: 4494 | Steps: 1000 | Reward:  3530.69
---------------------------------------
Evaluation over 10 episodes: 3624.005
---------------------------------------
Total T:  960144 | Ep: 4495 | Steps: 1000 | Reward:  3481.99
Total T:  961144 | Ep: 4496 | Steps: 1000 | Reward:  3567.02
Total T:  962144 | Ep: 4497 | Steps: 1000 | Reward:  3555.18
Total T:  963144 | Ep: 4498 | Steps: 1000 | Reward:  3509.45
Total T:  964144 | Ep: 4499 | Steps: 1000 | Reward:  3578.84
Total T:  965144 | Ep: 4500 | Steps: 1000 | Reward:  3567.13
Total T:  966144 | Ep: 4501 | Steps: 1000 | Reward:  3517.88
Total T:  967144 | Ep: 4502 | Steps: 1000 | Reward:  3527.61
Total T:  968144 | Ep: 4503 | Steps: 1000 | Reward:  3580.43
Total T:  969144 | Ep: 4504 | Steps: 1000 | Reward:  3560.97
---------------------------------------
Evaluation over 10 episodes: 3586.469
---------------------------------------
Total T:  970144 | Ep: 4505 | Steps: 1000 | Reward:  3514.96
Total T:  971144 | Ep: 4506 | Steps: 1000 | Reward:  3447.10
Total T:  972144 | Ep: 4507 | Steps: 1000 | Reward:  3565.61
Total T:  973144 | Ep: 4508 | Steps: 1000 | Reward:  3521.27
Total T:  974144 | Ep: 4509 | Steps: 1000 | Reward:  3588.00
Total T:  975144 | Ep: 4510 | Steps: 1000 | Reward:  3487.38
Total T:  976144 | Ep: 4511 | Steps: 1000 | Reward:  3566.52
Total T:  977144 | Ep: 4512 | Steps: 1000 | Reward:  3556.21
Total T:  978144 | Ep: 4513 | Steps: 1000 | Reward:  3602.27
Total T:  979144 | Ep: 4514 | Steps: 1000 | Reward:  3562.85
---------------------------------------
Evaluation over 10 episodes: 3643.225
---------------------------------------
Total T:  980144 | Ep: 4515 | Steps: 1000 | Reward:  3544.42
Total T:  981144 | Ep: 4516 | Steps: 1000 | Reward:  3596.72
Total T:  982144 | Ep: 4517 | Steps: 1000 | Reward:  3541.49
Total T:  983144 | Ep: 4518 | Steps: 1000 | Reward:  3541.78
Total T:  984144 | Ep: 4519 | Steps: 1000 | Reward:  3529.73
Total T:  985144 | Ep: 4520 | Steps: 1000 | Reward:  3545.81
Total T:  986144 | Ep: 4521 | Steps: 1000 | Reward:  3579.72
Total T:  987144 | Ep: 4522 | Steps: 1000 | Reward:  3526.38
Total T:  988144 | Ep: 4523 | Steps: 1000 | Reward:  3538.90
Total T:  989144 | Ep: 4524 | Steps: 1000 | Reward:  3545.10
---------------------------------------
Evaluation over 10 episodes: 3591.849
---------------------------------------
Total T:  990144 | Ep: 4525 | Steps: 1000 | Reward:  3569.10
Total T:  991144 | Ep: 4526 | Steps: 1000 | Reward:  3539.30
Total T:  992144 | Ep: 4527 | Steps: 1000 | Reward:  3580.20
Total T:  993144 | Ep: 4528 | Steps: 1000 | Reward:  3553.42
Total T:  994144 | Ep: 4529 | Steps: 1000 | Reward:  3512.40
Total T:  995144 | Ep: 4530 | Steps: 1000 | Reward:  3571.53
Total T:  996144 | Ep: 4531 | Steps: 1000 | Reward:  3518.76
Total T:  997144 | Ep: 4532 | Steps: 1000 | Reward:  3544.61
Total T:  998144 | Ep: 4533 | Steps: 1000 | Reward:  3544.78
Total T:  999144 | Ep: 4534 | Steps: 1000 | Reward:  3572.05
---------------------------------------
Evaluation over 10 episodes: 3550.209
---------------------------------------

[main] Model saved:
        actor  -> /home/naida/Desktop/CS515-Deep-RL/TD3_algorithm/runs/td3_sweep_hopper-v4_seed4_Hopper-v4_10-05-2026_21-37-21/model_actor
        critic -> /home/naida/Desktop/CS515-Deep-RL/TD3_algorithm/runs/td3_sweep_hopper-v4_seed4_Hopper-v4_10-05-2026_21-37-21/model_critic
[main] Training history -> /home/naida/Desktop/CS515-Deep-RL/TD3_algorithm/runs/td3_sweep_hopper-v4_seed4_Hopper-v4_10-05-2026_21-37-21/episode_rewards.csv
[main] Eval history     -> /home/naida/Desktop/CS515-Deep-RL/TD3_algorithm/runs/td3_sweep_hopper-v4_seed4_Hopper-v4_10-05-2026_21-37-21/eval_rewards.csv
[main] Summary          -> /home/naida/Desktop/CS515-Deep-RL/TD3_algorithm/runs/td3_sweep_hopper-v4_seed4_Hopper-v4_10-05-2026_21-37-21/summary.json
[main] Unified eval -> /home/naida/Desktop/CS515-Deep-RL/results/continuous/td3/hopper-v4/seed_4.npy
[main] Wallclock    -> /home/naida/Desktop/CS515-Deep-RL/results/wallclock/continuous/td3/hopper-v4/seed_4.npy
[plot] Saved plot to /home/naida/Desktop/CS515-Deep-RL/TD3_algorithm/runs/td3_sweep_hopper-v4_seed4_Hopper-v4_10-05-2026_21-37-21/training_curves.png

============================================================
Training complete. To watch the trained agent play:
  python test.py --env_name Hopper-v4 --load_dir "/home/naida/Desktop/CS515-Deep-RL/TD3_algorithm/runs/td3_sweep_hopper-v4_seed4_Hopper-v4_10-05-2026_21-37-21"
============================================================
