/home/naida/anaconda3/envs/deep_rl/lib/python3.10/site-packages/gymnasium/core.py:311: UserWarning: [33mWARN: env.seed to get variables from other wrappers is deprecated and will be removed in v1.0, to get this variable you can do `env.unwrapped.seed` for environment variables or `env.get_wrapper_attr('seed')` that will search the reminding wrappers.[0m
  logger.warn(
--------------------------------------------------
Env:        Hopper-v4
  ob_dim    = 11
  ac_dim    = 3
  max_action= 1.0
Logdir:     /home/naida/Desktop/CS515-Deep-RL/TD3_algorithm/runs/td3_sweep_hopper-v4_seed1_Hopper-v4_10-05-2026_21-27-54
Rendering:  off
--------------------------------------------------
/home/naida/anaconda3/envs/deep_rl/lib/python3.10/site-packages/gymnasium/core.py:311: UserWarning: [33mWARN: env.seed to get variables from other wrappers is deprecated and will be removed in v1.0, to get this variable you can do `env.unwrapped.seed` for environment variables or `env.get_wrapper_attr('seed')` that will search the reminding wrappers.[0m
  logger.warn(
---------------------------------------
Evaluation over 10 episodes: 21.455
---------------------------------------
Total T:      28 | Ep:    1 | Steps:   28 | Reward:    23.63
Total T:      46 | Ep:    2 | Steps:   18 | Reward:    16.06
Total T:      77 | Ep:    3 | Steps:   31 | Reward:    18.55
Total T:     104 | Ep:    4 | Steps:   27 | Reward:    22.64
Total T:     133 | Ep:    5 | Steps:   29 | Reward:    25.08
Total T:     167 | Ep:    6 | Steps:   34 | Reward:    38.47
Total T:     188 | Ep:    7 | Steps:   21 | Reward:    17.15
Total T:     212 | Ep:    8 | Steps:   24 | Reward:    23.47
Total T:     233 | Ep:    9 | Steps:   21 | Reward:     9.94
Total T:     244 | Ep:   10 | Steps:   11 | Reward:     6.58
Total T:     269 | Ep:   11 | Steps:   25 | Reward:    12.48
Total T:     288 | Ep:   12 | Steps:   19 | Reward:    20.78
Total T:     317 | Ep:   13 | Steps:   29 | Reward:    26.54
Total T:     333 | Ep:   14 | Steps:   16 | Reward:    14.68
Total T:     352 | Ep:   15 | Steps:   19 | Reward:    12.69
Total T:     370 | Ep:   16 | Steps:   18 | Reward:    10.96
Total T:     383 | Ep:   17 | Steps:   13 | Reward:     6.81
Total T:     412 | Ep:   18 | Steps:   29 | Reward:    26.16
Total T:     426 | Ep:   19 | Steps:   14 | Reward:    11.69
Total T:     434 | Ep:   20 | Steps:    8 | Reward:     5.98
Total T:     448 | Ep:   21 | Steps:   14 | Reward:     6.85
Total T:     462 | Ep:   22 | Steps:   14 | Reward:    11.18
Total T:     485 | Ep:   23 | Steps:   23 | Reward:    13.60
Total T:     515 | Ep:   24 | Steps:   30 | Reward:    28.76
Total T:     525 | Ep:   25 | Steps:   10 | Reward:     7.28
Total T:     584 | Ep:   26 | Steps:   59 | Reward:    93.96
Total T:     602 | Ep:   27 | Steps:   18 | Reward:    14.90
Total T:     712 | Ep:   28 | Steps:  110 | Reward:   100.20
Total T:     723 | Ep:   29 | Steps:   11 | Reward:     8.22
Total T:     753 | Ep:   30 | Steps:   30 | Reward:    19.90
Total T:     789 | Ep:   31 | Steps:   36 | Reward:    29.82
Total T:     821 | Ep:   32 | Steps:   32 | Reward:    40.16
Total T:     860 | Ep:   33 | Steps:   39 | Reward:    20.65
Total T:     884 | Ep:   34 | Steps:   24 | Reward:    10.45
Total T:     904 | Ep:   35 | Steps:   20 | Reward:     7.55
Total T:     917 | Ep:   36 | Steps:   13 | Reward:    11.50
Total T:     933 | Ep:   37 | Steps:   16 | Reward:    14.29
Total T:     951 | Ep:   38 | Steps:   18 | Reward:    15.72
Total T:     966 | Ep:   39 | Steps:   15 | Reward:    10.85
Total T:     987 | Ep:   40 | Steps:   21 | Reward:    10.42
Total T:    1001 | Ep:   41 | Steps:   14 | Reward:    11.06
Total T:    1023 | Ep:   42 | Steps:   22 | Reward:    21.66
Total T:    1040 | Ep:   43 | Steps:   17 | Reward:    14.89
Total T:    1050 | Ep:   44 | Steps:   10 | Reward:     7.24
Total T:    1069 | Ep:   45 | Steps:   19 | Reward:    18.65
Total T:    1081 | Ep:   46 | Steps:   12 | Reward:     6.34
Total T:    1097 | Ep:   47 | Steps:   16 | Reward:     7.09
Total T:    1111 | Ep:   48 | Steps:   14 | Reward:     8.19
Total T:    1132 | Ep:   49 | Steps:   21 | Reward:    17.69
Total T:    1153 | Ep:   50 | Steps:   21 | Reward:     8.33
Total T:    1278 | Ep:   51 | Steps:  125 | Reward:   196.20
Total T:    1301 | Ep:   52 | Steps:   23 | Reward:    26.33
Total T:    1310 | Ep:   53 | Steps:    9 | Reward:     6.86
Total T:    1322 | Ep:   54 | Steps:   12 | Reward:     7.50
Total T:    1341 | Ep:   55 | Steps:   19 | Reward:    13.06
Total T:    1367 | Ep:   56 | Steps:   26 | Reward:    33.21
Total T:    1401 | Ep:   57 | Steps:   34 | Reward:    21.21
Total T:    1426 | Ep:   58 | Steps:   25 | Reward:    16.56
Total T:    1437 | Ep:   59 | Steps:   11 | Reward:     7.17
Total T:    1448 | Ep:   60 | Steps:   11 | Reward:     8.07
Total T:    1493 | Ep:   61 | Steps:   45 | Reward:    64.65
Total T:    1517 | Ep:   62 | Steps:   24 | Reward:    18.86
Total T:    1548 | Ep:   63 | Steps:   31 | Reward:     8.62
Total T:    1572 | Ep:   64 | Steps:   24 | Reward:    23.74
Total T:    1584 | Ep:   65 | Steps:   12 | Reward:    10.01
Total T:    1604 | Ep:   66 | Steps:   20 | Reward:    16.53
Total T:    1613 | Ep:   67 | Steps:    9 | Reward:     7.02
Total T:    1625 | Ep:   68 | Steps:   12 | Reward:     9.74
Total T:    1662 | Ep:   69 | Steps:   37 | Reward:    40.77
Total T:    1704 | Ep:   70 | Steps:   42 | Reward:    38.54
Total T:    1740 | Ep:   71 | Steps:   36 | Reward:    38.04
Total T:    1760 | Ep:   72 | Steps:   20 | Reward:    18.96
Total T:    1788 | Ep:   73 | Steps:   28 | Reward:    23.93
Total T:    1801 | Ep:   74 | Steps:   13 | Reward:     7.16
Total T:    1820 | Ep:   75 | Steps:   19 | Reward:    19.53
Total T:    1842 | Ep:   76 | Steps:   22 | Reward:    11.26
Total T:    1862 | Ep:   77 | Steps:   20 | Reward:    12.66
Total T:    1882 | Ep:   78 | Steps:   20 | Reward:    21.18
Total T:    1899 | Ep:   79 | Steps:   17 | Reward:    16.59
Total T:    1917 | Ep:   80 | Steps:   18 | Reward:    16.85
Total T:    1933 | Ep:   81 | Steps:   16 | Reward:     8.89
Total T:    1955 | Ep:   82 | Steps:   22 | Reward:    22.77
Total T:    1966 | Ep:   83 | Steps:   11 | Reward:     8.11
Total T:    1978 | Ep:   84 | Steps:   12 | Reward:     7.19
Total T:    1995 | Ep:   85 | Steps:   17 | Reward:    15.95
Total T:    2014 | Ep:   86 | Steps:   19 | Reward:     8.44
Total T:    2034 | Ep:   87 | Steps:   20 | Reward:    12.13
Total T:    2056 | Ep:   88 | Steps:   22 | Reward:    16.31
Total T:    2092 | Ep:   89 | Steps:   36 | Reward:    14.65
Total T:    2123 | Ep:   90 | Steps:   31 | Reward:     7.05
Total T:    2140 | Ep:   91 | Steps:   17 | Reward:    14.30
Total T:    2160 | Ep:   92 | Steps:   20 | Reward:    20.79
Total T:    2171 | Ep:   93 | Steps:   11 | Reward:     8.79
Total T:    2186 | Ep:   94 | Steps:   15 | Reward:    10.56
Total T:    2203 | Ep:   95 | Steps:   17 | Reward:    17.66
Total T:    2218 | Ep:   96 | Steps:   15 | Reward:     7.48
Total T:    2227 | Ep:   97 | Steps:    9 | Reward:     6.48
Total T:    2255 | Ep:   98 | Steps:   28 | Reward:    25.77
Total T:    2266 | Ep:   99 | Steps:   11 | Reward:     8.54
Total T:    2283 | Ep:  100 | Steps:   17 | Reward:    18.16
Total T:    2320 | Ep:  101 | Steps:   37 | Reward:    18.64
Total T:    2330 | Ep:  102 | Steps:   10 | Reward:     7.07
Total T:    2343 | Ep:  103 | Steps:   13 | Reward:     9.85
Total T:    2357 | Ep:  104 | Steps:   14 | Reward:    11.37
Total T:    2372 | Ep:  105 | Steps:   15 | Reward:    14.16
Total T:    2390 | Ep:  106 | Steps:   18 | Reward:    11.81
Total T:    2415 | Ep:  107 | Steps:   25 | Reward:    24.19
Total T:    2442 | Ep:  108 | Steps:   27 | Reward:    26.40
Total T:    2464 | Ep:  109 | Steps:   22 | Reward:    22.87
Total T:    2484 | Ep:  110 | Steps:   20 | Reward:    10.52
Total T:    2503 | Ep:  111 | Steps:   19 | Reward:    11.67
Total T:    2528 | Ep:  112 | Steps:   25 | Reward:    22.98
Total T:    2548 | Ep:  113 | Steps:   20 | Reward:     9.63
Total T:    2560 | Ep:  114 | Steps:   12 | Reward:     9.88
Total T:    2578 | Ep:  115 | Steps:   18 | Reward:    15.52
Total T:    2596 | Ep:  116 | Steps:   18 | Reward:    12.41
Total T:    2619 | Ep:  117 | Steps:   23 | Reward:    17.50
Total T:    2628 | Ep:  118 | Steps:    9 | Reward:     6.69
Total T:    2642 | Ep:  119 | Steps:   14 | Reward:     8.84
Total T:    2665 | Ep:  120 | Steps:   23 | Reward:    13.38
Total T:    2677 | Ep:  121 | Steps:   12 | Reward:     9.82
Total T:    2703 | Ep:  122 | Steps:   26 | Reward:    11.48
Total T:    2722 | Ep:  123 | Steps:   19 | Reward:     9.34
Total T:    2749 | Ep:  124 | Steps:   27 | Reward:    26.48
Total T:    2819 | Ep:  125 | Steps:   70 | Reward:    85.91
Total T:    2835 | Ep:  126 | Steps:   16 | Reward:     9.16
Total T:    2849 | Ep:  127 | Steps:   14 | Reward:    12.03
Total T:    2865 | Ep:  128 | Steps:   16 | Reward:    13.87
Total T:    2885 | Ep:  129 | Steps:   20 | Reward:    21.21
Total T:    2912 | Ep:  130 | Steps:   27 | Reward:    32.82
Total T:    2952 | Ep:  131 | Steps:   40 | Reward:    24.82
Total T:    2967 | Ep:  132 | Steps:   15 | Reward:    13.43
Total T:    3017 | Ep:  133 | Steps:   50 | Reward:    70.80
Total T:    3053 | Ep:  134 | Steps:   36 | Reward:    12.76
Total T:    3069 | Ep:  135 | Steps:   16 | Reward:    12.03
Total T:    3085 | Ep:  136 | Steps:   16 | Reward:    11.47
Total T:    3095 | Ep:  137 | Steps:   10 | Reward:     8.49
Total T:    3116 | Ep:  138 | Steps:   21 | Reward:    18.60
Total T:    3136 | Ep:  139 | Steps:   20 | Reward:    14.94
Total T:    3146 | Ep:  140 | Steps:   10 | Reward:     6.67
Total T:    3158 | Ep:  141 | Steps:   12 | Reward:     7.38
Total T:    3183 | Ep:  142 | Steps:   25 | Reward:    26.36
Total T:    3213 | Ep:  143 | Steps:   30 | Reward:    24.12
Total T:    3253 | Ep:  144 | Steps:   40 | Reward:    41.57
Total T:    3285 | Ep:  145 | Steps:   32 | Reward:    16.50
Total T:    3304 | Ep:  146 | Steps:   19 | Reward:    13.10
Total T:    3330 | Ep:  147 | Steps:   26 | Reward:    13.17
Total T:    3357 | Ep:  148 | Steps:   27 | Reward:    21.45
Total T:    3370 | Ep:  149 | Steps:   13 | Reward:    11.11
Total T:    3398 | Ep:  150 | Steps:   28 | Reward:    22.02
Total T:    3410 | Ep:  151 | Steps:   12 | Reward:     7.07
Total T:    3422 | Ep:  152 | Steps:   12 | Reward:     8.22
Total T:    3438 | Ep:  153 | Steps:   16 | Reward:    12.45
Total T:    3448 | Ep:  154 | Steps:   10 | Reward:     7.11
Total T:    3461 | Ep:  155 | Steps:   13 | Reward:    10.24
Total T:    3487 | Ep:  156 | Steps:   26 | Reward:    16.47
Total T:    3518 | Ep:  157 | Steps:   31 | Reward:    25.67
Total T:    3530 | Ep:  158 | Steps:   12 | Reward:     9.35
Total T:    3543 | Ep:  159 | Steps:   13 | Reward:     7.92
Total T:    3575 | Ep:  160 | Steps:   32 | Reward:    23.17
Total T:    3594 | Ep:  161 | Steps:   19 | Reward:    19.80
Total T:    3608 | Ep:  162 | Steps:   14 | Reward:     9.02
Total T:    3627 | Ep:  163 | Steps:   19 | Reward:    13.56
Total T:    3646 | Ep:  164 | Steps:   19 | Reward:    14.04
Total T:    3697 | Ep:  165 | Steps:   51 | Reward:    83.01
Total T:    3729 | Ep:  166 | Steps:   32 | Reward:    16.23
Total T:    3739 | Ep:  167 | Steps:   10 | Reward:     7.24
Total T:    3748 | Ep:  168 | Steps:    9 | Reward:     7.14
Total T:    3768 | Ep:  169 | Steps:   20 | Reward:    23.13
Total T:    3783 | Ep:  170 | Steps:   15 | Reward:    13.05
Total T:    3811 | Ep:  171 | Steps:   28 | Reward:    33.52
Total T:    3823 | Ep:  172 | Steps:   12 | Reward:     9.83
Total T:    3834 | Ep:  173 | Steps:   11 | Reward:     9.32
Total T:    3861 | Ep:  174 | Steps:   27 | Reward:    11.98
Total T:    3877 | Ep:  175 | Steps:   16 | Reward:    14.25
Total T:    3890 | Ep:  176 | Steps:   13 | Reward:     8.20
Total T:    3907 | Ep:  177 | Steps:   17 | Reward:    14.43
Total T:    3932 | Ep:  178 | Steps:   25 | Reward:    16.43
Total T:    3945 | Ep:  179 | Steps:   13 | Reward:    11.39
Total T:    3957 | Ep:  180 | Steps:   12 | Reward:     8.66
Total T:    3967 | Ep:  181 | Steps:   10 | Reward:     8.03
Total T:    3987 | Ep:  182 | Steps:   20 | Reward:    14.82
Total T:    4001 | Ep:  183 | Steps:   14 | Reward:    12.56
Total T:    4041 | Ep:  184 | Steps:   40 | Reward:    12.39
Total T:    4051 | Ep:  185 | Steps:   10 | Reward:     8.39
Total T:    4079 | Ep:  186 | Steps:   28 | Reward:    23.75
Total T:    4102 | Ep:  187 | Steps:   23 | Reward:    24.92
Total T:    4125 | Ep:  188 | Steps:   23 | Reward:    20.61
Total T:    4146 | Ep:  189 | Steps:   21 | Reward:    14.36
Total T:    4176 | Ep:  190 | Steps:   30 | Reward:    10.47
Total T:    4197 | Ep:  191 | Steps:   21 | Reward:    18.74
Total T:    4221 | Ep:  192 | Steps:   24 | Reward:     9.64
Total T:    4241 | Ep:  193 | Steps:   20 | Reward:    17.57
Total T:    4258 | Ep:  194 | Steps:   17 | Reward:    18.95
Total T:    4287 | Ep:  195 | Steps:   29 | Reward:    21.19
Total T:    4323 | Ep:  196 | Steps:   36 | Reward:     9.69
Total T:    4338 | Ep:  197 | Steps:   15 | Reward:    13.64
Total T:    4356 | Ep:  198 | Steps:   18 | Reward:    12.42
Total T:    4370 | Ep:  199 | Steps:   14 | Reward:    12.01
Total T:    4454 | Ep:  200 | Steps:   84 | Reward:    87.73
Total T:    4476 | Ep:  201 | Steps:   22 | Reward:    16.15
Total T:    4492 | Ep:  202 | Steps:   16 | Reward:    14.95
Total T:    4522 | Ep:  203 | Steps:   30 | Reward:    27.69
Total T:    4554 | Ep:  204 | Steps:   32 | Reward:    16.47
Total T:    4568 | Ep:  205 | Steps:   14 | Reward:    11.04
Total T:    4579 | Ep:  206 | Steps:   11 | Reward:     8.53
Total T:    4591 | Ep:  207 | Steps:   12 | Reward:     9.54
Total T:    4601 | Ep:  208 | Steps:   10 | Reward:     7.25
Total T:    4616 | Ep:  209 | Steps:   15 | Reward:    10.92
Total T:    4637 | Ep:  210 | Steps:   21 | Reward:    20.46
Total T:    4663 | Ep:  211 | Steps:   26 | Reward:    19.27
Total T:    4680 | Ep:  212 | Steps:   17 | Reward:    17.60
Total T:    4706 | Ep:  213 | Steps:   26 | Reward:    21.19
Total T:    4722 | Ep:  214 | Steps:   16 | Reward:     8.07
Total T:    4763 | Ep:  215 | Steps:   41 | Reward:    33.84
Total T:    4772 | Ep:  216 | Steps:    9 | Reward:     7.35
Total T:    4814 | Ep:  217 | Steps:   42 | Reward:    47.33
Total T:    4824 | Ep:  218 | Steps:   10 | Reward:     8.57
Total T:    4834 | Ep:  219 | Steps:   10 | Reward:     6.84
Total T:    4859 | Ep:  220 | Steps:   25 | Reward:    11.37
Total T:    4870 | Ep:  221 | Steps:   11 | Reward:     9.63
Total T:    4886 | Ep:  222 | Steps:   16 | Reward:     7.92
Total T:    4930 | Ep:  223 | Steps:   44 | Reward:    34.51
Total T:    4941 | Ep:  224 | Steps:   11 | Reward:     7.59
Total T:    4960 | Ep:  225 | Steps:   19 | Reward:    11.70
Total T:    4985 | Ep:  226 | Steps:   25 | Reward:    13.50
Total T:    5003 | Ep:  227 | Steps:   18 | Reward:    12.24
Total T:    5018 | Ep:  228 | Steps:   15 | Reward:    14.09
Total T:    5030 | Ep:  229 | Steps:   12 | Reward:    10.21
Total T:    5049 | Ep:  230 | Steps:   19 | Reward:     8.00
Total T:    5059 | Ep:  231 | Steps:   10 | Reward:     8.45
Total T:    5093 | Ep:  232 | Steps:   34 | Reward:    19.61
Total T:    5106 | Ep:  233 | Steps:   13 | Reward:     8.66
Total T:    5124 | Ep:  234 | Steps:   18 | Reward:    15.53
Total T:    5154 | Ep:  235 | Steps:   30 | Reward:    35.00
Total T:    5175 | Ep:  236 | Steps:   21 | Reward:    11.87
Total T:    5202 | Ep:  237 | Steps:   27 | Reward:    16.24
Total T:    5225 | Ep:  238 | Steps:   23 | Reward:    20.21
Total T:    5262 | Ep:  239 | Steps:   37 | Reward:    48.40
Total T:    5276 | Ep:  240 | Steps:   14 | Reward:     9.67
Total T:    5293 | Ep:  241 | Steps:   17 | Reward:     5.85
Total T:    5302 | Ep:  242 | Steps:    9 | Reward:     5.00
Total T:    5326 | Ep:  243 | Steps:   24 | Reward:    12.00
Total T:    5347 | Ep:  244 | Steps:   21 | Reward:    12.19
Total T:    5357 | Ep:  245 | Steps:   10 | Reward:     8.28
Total T:    5373 | Ep:  246 | Steps:   16 | Reward:    11.56
Total T:    5387 | Ep:  247 | Steps:   14 | Reward:     9.57
Total T:    5408 | Ep:  248 | Steps:   21 | Reward:     9.61
Total T:    5417 | Ep:  249 | Steps:    9 | Reward:     5.58
Total T:    5435 | Ep:  250 | Steps:   18 | Reward:    11.60
Total T:    5465 | Ep:  251 | Steps:   30 | Reward:    18.65
Total T:    5481 | Ep:  252 | Steps:   16 | Reward:     6.91
Total T:    5501 | Ep:  253 | Steps:   20 | Reward:    15.73
Total T:    5517 | Ep:  254 | Steps:   16 | Reward:    11.47
Total T:    5539 | Ep:  255 | Steps:   22 | Reward:    17.35
Total T:    5559 | Ep:  256 | Steps:   20 | Reward:    10.97
Total T:    5583 | Ep:  257 | Steps:   24 | Reward:    11.07
Total T:    5596 | Ep:  258 | Steps:   13 | Reward:    11.73
Total T:    5612 | Ep:  259 | Steps:   16 | Reward:    12.68
Total T:    5627 | Ep:  260 | Steps:   15 | Reward:    11.75
Total T:    5641 | Ep:  261 | Steps:   14 | Reward:    12.90
Total T:    5675 | Ep:  262 | Steps:   34 | Reward:    20.93
Total T:    5691 | Ep:  263 | Steps:   16 | Reward:    11.05
Total T:    5704 | Ep:  264 | Steps:   13 | Reward:    11.21
Total T:    5723 | Ep:  265 | Steps:   19 | Reward:    17.89
Total T:    5736 | Ep:  266 | Steps:   13 | Reward:    10.70
Total T:    5820 | Ep:  267 | Steps:   84 | Reward:    75.66
Total T:    5851 | Ep:  268 | Steps:   31 | Reward:     5.21
Total T:    5862 | Ep:  269 | Steps:   11 | Reward:     9.32
Total T:    5900 | Ep:  270 | Steps:   38 | Reward:    63.10
Total T:    5915 | Ep:  271 | Steps:   15 | Reward:    11.94
Total T:    5936 | Ep:  272 | Steps:   21 | Reward:    19.95
Total T:    5959 | Ep:  273 | Steps:   23 | Reward:    17.21
Total T:    5974 | Ep:  274 | Steps:   15 | Reward:    12.67
Total T:    5988 | Ep:  275 | Steps:   14 | Reward:    10.81
Total T:    6007 | Ep:  276 | Steps:   19 | Reward:    17.61
Total T:    6027 | Ep:  277 | Steps:   20 | Reward:    11.56
Total T:    6048 | Ep:  278 | Steps:   21 | Reward:    13.84
Total T:    6061 | Ep:  279 | Steps:   13 | Reward:     5.20
Total T:    6074 | Ep:  280 | Steps:   13 | Reward:    11.31
Total T:    6090 | Ep:  281 | Steps:   16 | Reward:    12.33
Total T:    6127 | Ep:  282 | Steps:   37 | Reward:    14.02
Total T:    6138 | Ep:  283 | Steps:   11 | Reward:     8.93
Total T:    6151 | Ep:  284 | Steps:   13 | Reward:    10.42
Total T:    6163 | Ep:  285 | Steps:   12 | Reward:     8.36
Total T:    6172 | Ep:  286 | Steps:    9 | Reward:     6.21
Total T:    6197 | Ep:  287 | Steps:   25 | Reward:    21.75
Total T:    6238 | Ep:  288 | Steps:   41 | Reward:    46.86
Total T:    6253 | Ep:  289 | Steps:   15 | Reward:    12.43
Total T:    6265 | Ep:  290 | Steps:   12 | Reward:    11.01
Total T:    6285 | Ep:  291 | Steps:   20 | Reward:    15.83
Total T:    6315 | Ep:  292 | Steps:   30 | Reward:    13.19
Total T:    6337 | Ep:  293 | Steps:   22 | Reward:    13.96
Total T:    6360 | Ep:  294 | Steps:   23 | Reward:    14.77
Total T:    6374 | Ep:  295 | Steps:   14 | Reward:    11.24
Total T:    6383 | Ep:  296 | Steps:    9 | Reward:     5.96
Total T:    6412 | Ep:  297 | Steps:   29 | Reward:    14.19
Total T:    6427 | Ep:  298 | Steps:   15 | Reward:    11.13
Total T:    6441 | Ep:  299 | Steps:   14 | Reward:     9.15
Total T:    6461 | Ep:  300 | Steps:   20 | Reward:    14.79
Total T:    6473 | Ep:  301 | Steps:   12 | Reward:     9.83
Total T:    6519 | Ep:  302 | Steps:   46 | Reward:    25.67
Total T:    6539 | Ep:  303 | Steps:   20 | Reward:    14.48
Total T:    6564 | Ep:  304 | Steps:   25 | Reward:    16.30
Total T:    6579 | Ep:  305 | Steps:   15 | Reward:    13.21
Total T:    6590 | Ep:  306 | Steps:   11 | Reward:     8.50
Total T:    6624 | Ep:  307 | Steps:   34 | Reward:    37.62
Total T:    6646 | Ep:  308 | Steps:   22 | Reward:    26.93
Total T:    6665 | Ep:  309 | Steps:   19 | Reward:    11.96
Total T:    6693 | Ep:  310 | Steps:   28 | Reward:    28.81
Total T:    6711 | Ep:  311 | Steps:   18 | Reward:    10.18
Total T:    6729 | Ep:  312 | Steps:   18 | Reward:    14.81
Total T:    6748 | Ep:  313 | Steps:   19 | Reward:    16.77
Total T:    6766 | Ep:  314 | Steps:   18 | Reward:    14.44
Total T:    6782 | Ep:  315 | Steps:   16 | Reward:    12.90
Total T:    6808 | Ep:  316 | Steps:   26 | Reward:    14.63
Total T:    6846 | Ep:  317 | Steps:   38 | Reward:    44.67
Total T:    6862 | Ep:  318 | Steps:   16 | Reward:     9.55
Total T:    6892 | Ep:  319 | Steps:   30 | Reward:    17.12
Total T:    6915 | Ep:  320 | Steps:   23 | Reward:    10.62
Total T:    6928 | Ep:  321 | Steps:   13 | Reward:     9.42
Total T:    6952 | Ep:  322 | Steps:   24 | Reward:    19.38
Total T:    6972 | Ep:  323 | Steps:   20 | Reward:    15.80
Total T:    6989 | Ep:  324 | Steps:   17 | Reward:    18.18
Total T:    7012 | Ep:  325 | Steps:   23 | Reward:    10.02
Total T:    7031 | Ep:  326 | Steps:   19 | Reward:    13.31
Total T:    7046 | Ep:  327 | Steps:   15 | Reward:    11.98
Total T:    7060 | Ep:  328 | Steps:   14 | Reward:     9.56
Total T:    7080 | Ep:  329 | Steps:   20 | Reward:    21.64
Total T:    7095 | Ep:  330 | Steps:   15 | Reward:    11.82
Total T:    7123 | Ep:  331 | Steps:   28 | Reward:    33.89
Total T:    7140 | Ep:  332 | Steps:   17 | Reward:    11.55
Total T:    7171 | Ep:  333 | Steps:   31 | Reward:    31.30
Total T:    7197 | Ep:  334 | Steps:   26 | Reward:    12.36
Total T:    7213 | Ep:  335 | Steps:   16 | Reward:    10.09
Total T:    7234 | Ep:  336 | Steps:   21 | Reward:    14.44
Total T:    7285 | Ep:  337 | Steps:   51 | Reward:    76.97
Total T:    7308 | Ep:  338 | Steps:   23 | Reward:    17.18
Total T:    7337 | Ep:  339 | Steps:   29 | Reward:    26.50
Total T:    7366 | Ep:  340 | Steps:   29 | Reward:    13.32
Total T:    7384 | Ep:  341 | Steps:   18 | Reward:    13.93
Total T:    7402 | Ep:  342 | Steps:   18 | Reward:    13.95
Total T:    7417 | Ep:  343 | Steps:   15 | Reward:    12.13
Total T:    7434 | Ep:  344 | Steps:   17 | Reward:    12.11
Total T:    7465 | Ep:  345 | Steps:   31 | Reward:    35.62
Total T:    7488 | Ep:  346 | Steps:   23 | Reward:    13.40
Total T:    7525 | Ep:  347 | Steps:   37 | Reward:    13.62
Total T:    7536 | Ep:  348 | Steps:   11 | Reward:     7.46
Total T:    7552 | Ep:  349 | Steps:   16 | Reward:    13.35
Total T:    7568 | Ep:  350 | Steps:   16 | Reward:     9.89
Total T:    7577 | Ep:  351 | Steps:    9 | Reward:     6.13
Total T:    7590 | Ep:  352 | Steps:   13 | Reward:     6.69
Total T:    7611 | Ep:  353 | Steps:   21 | Reward:    12.17
Total T:    7624 | Ep:  354 | Steps:   13 | Reward:     9.58
Total T:    7653 | Ep:  355 | Steps:   29 | Reward:    13.18
Total T:    7665 | Ep:  356 | Steps:   12 | Reward:     9.55
Total T:    7684 | Ep:  357 | Steps:   19 | Reward:    16.08
Total T:    7747 | Ep:  358 | Steps:   63 | Reward:    70.02
Total T:    7760 | Ep:  359 | Steps:   13 | Reward:    11.72
Total T:    7785 | Ep:  360 | Steps:   25 | Reward:    12.45
Total T:    7798 | Ep:  361 | Steps:   13 | Reward:     9.58
Total T:    7824 | Ep:  362 | Steps:   26 | Reward:    15.87
Total T:    7843 | Ep:  363 | Steps:   19 | Reward:    17.05
Total T:    7893 | Ep:  364 | Steps:   50 | Reward:    52.89
Total T:    7921 | Ep:  365 | Steps:   28 | Reward:    26.38
Total T:    7950 | Ep:  366 | Steps:   29 | Reward:     9.83
Total T:    7971 | Ep:  367 | Steps:   21 | Reward:     7.00
Total T:    8007 | Ep:  368 | Steps:   36 | Reward:    33.43
Total T:    8026 | Ep:  369 | Steps:   19 | Reward:    13.48
Total T:    8037 | Ep:  370 | Steps:   11 | Reward:     9.64
Total T:    8064 | Ep:  371 | Steps:   27 | Reward:    16.70
Total T:    8092 | Ep:  372 | Steps:   28 | Reward:    32.60
Total T:    8109 | Ep:  373 | Steps:   17 | Reward:    13.13
Total T:    8152 | Ep:  374 | Steps:   43 | Reward:    45.70
Total T:    8219 | Ep:  375 | Steps:   67 | Reward:    59.95
Total T:    8236 | Ep:  376 | Steps:   17 | Reward:    11.98
Total T:    8269 | Ep:  377 | Steps:   33 | Reward:    14.23
Total T:    8280 | Ep:  378 | Steps:   11 | Reward:     9.30
Total T:    8313 | Ep:  379 | Steps:   33 | Reward:    20.58
Total T:    8344 | Ep:  380 | Steps:   31 | Reward:    10.46
Total T:    8363 | Ep:  381 | Steps:   19 | Reward:    10.62
Total T:    8380 | Ep:  382 | Steps:   17 | Reward:    10.62
Total T:    8400 | Ep:  383 | Steps:   20 | Reward:    18.50
Total T:    8416 | Ep:  384 | Steps:   16 | Reward:    12.26
Total T:    8427 | Ep:  385 | Steps:   11 | Reward:     8.58
Total T:    8445 | Ep:  386 | Steps:   18 | Reward:    10.77
Total T:    8459 | Ep:  387 | Steps:   14 | Reward:    13.16
Total T:    8471 | Ep:  388 | Steps:   12 | Reward:    10.54
Total T:    8483 | Ep:  389 | Steps:   12 | Reward:     8.70
Total T:    8506 | Ep:  390 | Steps:   23 | Reward:     8.98
Total T:    8517 | Ep:  391 | Steps:   11 | Reward:     9.10
Total T:    8532 | Ep:  392 | Steps:   15 | Reward:     8.05
Total T:    8552 | Ep:  393 | Steps:   20 | Reward:    12.91
Total T:    8577 | Ep:  394 | Steps:   25 | Reward:     5.35
Total T:    8632 | Ep:  395 | Steps:   55 | Reward:    61.27
Total T:    8655 | Ep:  396 | Steps:   23 | Reward:    11.07
Total T:    8680 | Ep:  397 | Steps:   25 | Reward:    23.32
Total T:    8712 | Ep:  398 | Steps:   32 | Reward:    20.42
Total T:    8733 | Ep:  399 | Steps:   21 | Reward:    22.98
Total T:    8767 | Ep:  400 | Steps:   34 | Reward:    24.40
Total T:    8784 | Ep:  401 | Steps:   17 | Reward:    17.03
Total T:    8802 | Ep:  402 | Steps:   18 | Reward:    18.36
Total T:    8814 | Ep:  403 | Steps:   12 | Reward:     7.14
Total T:    8825 | Ep:  404 | Steps:   11 | Reward:     9.25
Total T:    8841 | Ep:  405 | Steps:   16 | Reward:    11.35
Total T:    8861 | Ep:  406 | Steps:   20 | Reward:    11.42
Total T:    8896 | Ep:  407 | Steps:   35 | Reward:    44.46
Total T:    8909 | Ep:  408 | Steps:   13 | Reward:     9.08
Total T:    8939 | Ep:  409 | Steps:   30 | Reward:    31.37
Total T:    8961 | Ep:  410 | Steps:   22 | Reward:    12.01
Total T:    8973 | Ep:  411 | Steps:   12 | Reward:     9.05
Total T:    8990 | Ep:  412 | Steps:   17 | Reward:    17.33
Total T:    9012 | Ep:  413 | Steps:   22 | Reward:     9.12
Total T:    9039 | Ep:  414 | Steps:   27 | Reward:    14.14
Total T:    9055 | Ep:  415 | Steps:   16 | Reward:    16.34
Total T:    9079 | Ep:  416 | Steps:   24 | Reward:    15.27
Total T:    9105 | Ep:  417 | Steps:   26 | Reward:    20.62
Total T:    9129 | Ep:  418 | Steps:   24 | Reward:    15.41
Total T:    9277 | Ep:  419 | Steps:  148 | Reward:   168.90
Total T:    9300 | Ep:  420 | Steps:   23 | Reward:    23.94
Total T:    9333 | Ep:  421 | Steps:   33 | Reward:    39.29
Total T:    9352 | Ep:  422 | Steps:   19 | Reward:    18.38
Total T:    9382 | Ep:  423 | Steps:   30 | Reward:    17.12
Total T:    9397 | Ep:  424 | Steps:   15 | Reward:    12.99
Total T:    9438 | Ep:  425 | Steps:   41 | Reward:    64.79
Total T:    9467 | Ep:  426 | Steps:   29 | Reward:    14.86
Total T:    9485 | Ep:  427 | Steps:   18 | Reward:    12.83
Total T:    9497 | Ep:  428 | Steps:   12 | Reward:    10.67
Total T:    9517 | Ep:  429 | Steps:   20 | Reward:     9.08
Total T:    9538 | Ep:  430 | Steps:   21 | Reward:    23.37
Total T:    9552 | Ep:  431 | Steps:   14 | Reward:    12.72
Total T:    9572 | Ep:  432 | Steps:   20 | Reward:    10.50
Total T:    9587 | Ep:  433 | Steps:   15 | Reward:    12.60
Total T:    9673 | Ep:  434 | Steps:   86 | Reward:   170.44
Total T:    9691 | Ep:  435 | Steps:   18 | Reward:    13.69
Total T:    9730 | Ep:  436 | Steps:   39 | Reward:    37.94
Total T:    9742 | Ep:  437 | Steps:   12 | Reward:     8.49
Total T:    9762 | Ep:  438 | Steps:   20 | Reward:    17.78
Total T:    9776 | Ep:  439 | Steps:   14 | Reward:    10.74
Total T:    9790 | Ep:  440 | Steps:   14 | Reward:     9.09
Total T:    9826 | Ep:  441 | Steps:   36 | Reward:    30.55
Total T:    9876 | Ep:  442 | Steps:   50 | Reward:    39.71
Total T:    9887 | Ep:  443 | Steps:   11 | Reward:     8.63
Total T:    9913 | Ep:  444 | Steps:   26 | Reward:    16.03
Total T:    9926 | Ep:  445 | Steps:   13 | Reward:     9.84
Total T:    9952 | Ep:  446 | Steps:   26 | Reward:    28.22
Total T:    9963 | Ep:  447 | Steps:   11 | Reward:     7.72
Total T:    9980 | Ep:  448 | Steps:   17 | Reward:    16.05
Total T:    9997 | Ep:  449 | Steps:   17 | Reward:     9.72
---------------------------------------
Evaluation over 10 episodes: 21.463
---------------------------------------
Total T:   10013 | Ep:  450 | Steps:   16 | Reward:    10.18
Total T:   10029 | Ep:  451 | Steps:   16 | Reward:    10.25
Total T:   10041 | Ep:  452 | Steps:   12 | Reward:     9.13
Total T:   10055 | Ep:  453 | Steps:   14 | Reward:    11.39
Total T:   10076 | Ep:  454 | Steps:   21 | Reward:    17.24
Total T:   10111 | Ep:  455 | Steps:   35 | Reward:    30.46
Total T:   10162 | Ep:  456 | Steps:   51 | Reward:    38.87
Total T:   10181 | Ep:  457 | Steps:   19 | Reward:    15.91
Total T:   10194 | Ep:  458 | Steps:   13 | Reward:    11.13
Total T:   10275 | Ep:  459 | Steps:   81 | Reward:    99.75
Total T:   10305 | Ep:  460 | Steps:   30 | Reward:    17.20
Total T:   10316 | Ep:  461 | Steps:   11 | Reward:     9.38
Total T:   10333 | Ep:  462 | Steps:   17 | Reward:    18.08
Total T:   10355 | Ep:  463 | Steps:   22 | Reward:    21.09
Total T:   10373 | Ep:  464 | Steps:   18 | Reward:    11.16
Total T:   10400 | Ep:  465 | Steps:   27 | Reward:    14.21
Total T:   10417 | Ep:  466 | Steps:   17 | Reward:    16.18
Total T:   10439 | Ep:  467 | Steps:   22 | Reward:    19.02
Total T:   10509 | Ep:  468 | Steps:   70 | Reward:   105.87
Total T:   10546 | Ep:  469 | Steps:   37 | Reward:    55.93
Total T:   10563 | Ep:  470 | Steps:   17 | Reward:    14.89
Total T:   10578 | Ep:  471 | Steps:   15 | Reward:    11.89
Total T:   10597 | Ep:  472 | Steps:   19 | Reward:     6.55
Total T:   10625 | Ep:  473 | Steps:   28 | Reward:    12.80
Total T:   10651 | Ep:  474 | Steps:   26 | Reward:    18.20
Total T:   10662 | Ep:  475 | Steps:   11 | Reward:     7.95
Total T:   10708 | Ep:  476 | Steps:   46 | Reward:    56.53
Total T:   10720 | Ep:  477 | Steps:   12 | Reward:    10.58
Total T:   10773 | Ep:  478 | Steps:   53 | Reward:    61.75
Total T:   10793 | Ep:  479 | Steps:   20 | Reward:    19.27
Total T:   10813 | Ep:  480 | Steps:   20 | Reward:    10.24
Total T:   10831 | Ep:  481 | Steps:   18 | Reward:    16.00
Total T:   10855 | Ep:  482 | Steps:   24 | Reward:    18.41
Total T:   10864 | Ep:  483 | Steps:    9 | Reward:     7.19
Total T:   10876 | Ep:  484 | Steps:   12 | Reward:     7.75
Total T:   10915 | Ep:  485 | Steps:   39 | Reward:    54.91
Total T:   10962 | Ep:  486 | Steps:   47 | Reward:    72.37
Total T:   10978 | Ep:  487 | Steps:   16 | Reward:    10.75
Total T:   11000 | Ep:  488 | Steps:   22 | Reward:    14.78
Total T:   11016 | Ep:  489 | Steps:   16 | Reward:    11.68
Total T:   11031 | Ep:  490 | Steps:   15 | Reward:    12.55
Total T:   11044 | Ep:  491 | Steps:   13 | Reward:     9.48
Total T:   11056 | Ep:  492 | Steps:   12 | Reward:     8.93
Total T:   11074 | Ep:  493 | Steps:   18 | Reward:    16.69
Total T:   11101 | Ep:  494 | Steps:   27 | Reward:    23.87
Total T:   11112 | Ep:  495 | Steps:   11 | Reward:     9.42
Total T:   11137 | Ep:  496 | Steps:   25 | Reward:    16.43
Total T:   11165 | Ep:  497 | Steps:   28 | Reward:    29.72
Total T:   11192 | Ep:  498 | Steps:   27 | Reward:    12.15
Total T:   11209 | Ep:  499 | Steps:   17 | Reward:    11.42
Total T:   11230 | Ep:  500 | Steps:   21 | Reward:    14.61
Total T:   11271 | Ep:  501 | Steps:   41 | Reward:    62.69
Total T:   11294 | Ep:  502 | Steps:   23 | Reward:    26.05
Total T:   11308 | Ep:  503 | Steps:   14 | Reward:    13.19
Total T:   11382 | Ep:  504 | Steps:   74 | Reward:   149.41
Total T:   11413 | Ep:  505 | Steps:   31 | Reward:    28.98
Total T:   11426 | Ep:  506 | Steps:   13 | Reward:    10.20
Total T:   11435 | Ep:  507 | Steps:    9 | Reward:     6.24
Total T:   11453 | Ep:  508 | Steps:   18 | Reward:    19.48
Total T:   11470 | Ep:  509 | Steps:   17 | Reward:    14.53
Total T:   11487 | Ep:  510 | Steps:   17 | Reward:    14.39
Total T:   11508 | Ep:  511 | Steps:   21 | Reward:    16.14
Total T:   11524 | Ep:  512 | Steps:   16 | Reward:    12.50
Total T:   11544 | Ep:  513 | Steps:   20 | Reward:    18.29
Total T:   11569 | Ep:  514 | Steps:   25 | Reward:    17.85
Total T:   11590 | Ep:  515 | Steps:   21 | Reward:    19.84
Total T:   11621 | Ep:  516 | Steps:   31 | Reward:    34.79
Total T:   11635 | Ep:  517 | Steps:   14 | Reward:    10.53
Total T:   11650 | Ep:  518 | Steps:   15 | Reward:    10.97
Total T:   11671 | Ep:  519 | Steps:   21 | Reward:    20.48
Total T:   11709 | Ep:  520 | Steps:   38 | Reward:    37.39
Total T:   11726 | Ep:  521 | Steps:   17 | Reward:    11.16
Total T:   11740 | Ep:  522 | Steps:   14 | Reward:    13.18
Total T:   11752 | Ep:  523 | Steps:   12 | Reward:    11.65
Total T:   11770 | Ep:  524 | Steps:   18 | Reward:    18.19
Total T:   11783 | Ep:  525 | Steps:   13 | Reward:     6.97
Total T:   11796 | Ep:  526 | Steps:   13 | Reward:    11.75
Total T:   11807 | Ep:  527 | Steps:   11 | Reward:     8.68
Total T:   11856 | Ep:  528 | Steps:   49 | Reward:    49.45
Total T:   11867 | Ep:  529 | Steps:   11 | Reward:     9.70
Total T:   11881 | Ep:  530 | Steps:   14 | Reward:    10.00
Total T:   11898 | Ep:  531 | Steps:   17 | Reward:    17.84
Total T:   11914 | Ep:  532 | Steps:   16 | Reward:    11.94
Total T:   11956 | Ep:  533 | Steps:   42 | Reward:    40.67
Total T:   12007 | Ep:  534 | Steps:   51 | Reward:    61.85
Total T:   12016 | Ep:  535 | Steps:    9 | Reward:     7.29
Total T:   12027 | Ep:  536 | Steps:   11 | Reward:     6.26
Total T:   12046 | Ep:  537 | Steps:   19 | Reward:    19.22
Total T:   12056 | Ep:  538 | Steps:   10 | Reward:     6.82
Total T:   12073 | Ep:  539 | Steps:   17 | Reward:    18.36
Total T:   12088 | Ep:  540 | Steps:   15 | Reward:     8.23
Total T:   12153 | Ep:  541 | Steps:   65 | Reward:    74.47
Total T:   12170 | Ep:  542 | Steps:   17 | Reward:    17.14
Total T:   12194 | Ep:  543 | Steps:   24 | Reward:    21.90
Total T:   12219 | Ep:  544 | Steps:   25 | Reward:     6.33
Total T:   12246 | Ep:  545 | Steps:   27 | Reward:    15.37
Total T:   12273 | Ep:  546 | Steps:   27 | Reward:     9.75
Total T:   12316 | Ep:  547 | Steps:   43 | Reward:    46.34
Total T:   12347 | Ep:  548 | Steps:   31 | Reward:    37.22
Total T:   12359 | Ep:  549 | Steps:   12 | Reward:    11.06
Total T:   12378 | Ep:  550 | Steps:   19 | Reward:    12.73
Total T:   12412 | Ep:  551 | Steps:   34 | Reward:    20.01
Total T:   12431 | Ep:  552 | Steps:   19 | Reward:    15.96
Total T:   12444 | Ep:  553 | Steps:   13 | Reward:     8.18
Total T:   12458 | Ep:  554 | Steps:   14 | Reward:    11.84
Total T:   12470 | Ep:  555 | Steps:   12 | Reward:     9.17
Total T:   12488 | Ep:  556 | Steps:   18 | Reward:    10.65
Total T:   12509 | Ep:  557 | Steps:   21 | Reward:    11.03
Total T:   12527 | Ep:  558 | Steps:   18 | Reward:    11.17
Total T:   12548 | Ep:  559 | Steps:   21 | Reward:    14.51
Total T:   12576 | Ep:  560 | Steps:   28 | Reward:    20.96
Total T:   12595 | Ep:  561 | Steps:   19 | Reward:    14.68
Total T:   12615 | Ep:  562 | Steps:   20 | Reward:    19.20
Total T:   12643 | Ep:  563 | Steps:   28 | Reward:    24.83
Total T:   12669 | Ep:  564 | Steps:   26 | Reward:    17.14
Total T:   12683 | Ep:  565 | Steps:   14 | Reward:    11.10
Total T:   12717 | Ep:  566 | Steps:   34 | Reward:    21.41
Total T:   12730 | Ep:  567 | Steps:   13 | Reward:     8.15
Total T:   12742 | Ep:  568 | Steps:   12 | Reward:     8.18
Total T:   12751 | Ep:  569 | Steps:    9 | Reward:     7.16
Total T:   12784 | Ep:  570 | Steps:   33 | Reward:    20.36
Total T:   12801 | Ep:  571 | Steps:   17 | Reward:     9.41
Total T:   12849 | Ep:  572 | Steps:   48 | Reward:    81.45
Total T:   12867 | Ep:  573 | Steps:   18 | Reward:     9.92
Total T:   12884 | Ep:  574 | Steps:   17 | Reward:    12.20
Total T:   12899 | Ep:  575 | Steps:   15 | Reward:    12.50
Total T:   12919 | Ep:  576 | Steps:   20 | Reward:    13.55
Total T:   12929 | Ep:  577 | Steps:   10 | Reward:     7.99
Total T:   12951 | Ep:  578 | Steps:   22 | Reward:     9.90
Total T:   12977 | Ep:  579 | Steps:   26 | Reward:    27.05
Total T:   13000 | Ep:  580 | Steps:   23 | Reward:    17.94
Total T:   13040 | Ep:  581 | Steps:   40 | Reward:    33.99
Total T:   13052 | Ep:  582 | Steps:   12 | Reward:    10.68
Total T:   13064 | Ep:  583 | Steps:   12 | Reward:     7.21
Total T:   13087 | Ep:  584 | Steps:   23 | Reward:    19.17
Total T:   13124 | Ep:  585 | Steps:   37 | Reward:    34.19
Total T:   13149 | Ep:  586 | Steps:   25 | Reward:     9.71
Total T:   13163 | Ep:  587 | Steps:   14 | Reward:    12.88
Total T:   13181 | Ep:  588 | Steps:   18 | Reward:    10.26
Total T:   13194 | Ep:  589 | Steps:   13 | Reward:    11.16
Total T:   13211 | Ep:  590 | Steps:   17 | Reward:    12.79
Total T:   13225 | Ep:  591 | Steps:   14 | Reward:     8.65
Total T:   13241 | Ep:  592 | Steps:   16 | Reward:    11.83
Total T:   13268 | Ep:  593 | Steps:   27 | Reward:    33.47
Total T:   13305 | Ep:  594 | Steps:   37 | Reward:    43.71
Total T:   13327 | Ep:  595 | Steps:   22 | Reward:    15.71
Total T:   13341 | Ep:  596 | Steps:   14 | Reward:    11.00
Total T:   13361 | Ep:  597 | Steps:   20 | Reward:    14.25
Total T:   13372 | Ep:  598 | Steps:   11 | Reward:     7.89
Total T:   13389 | Ep:  599 | Steps:   17 | Reward:    12.21
Total T:   13424 | Ep:  600 | Steps:   35 | Reward:    49.28
Total T:   13440 | Ep:  601 | Steps:   16 | Reward:     7.68
Total T:   13461 | Ep:  602 | Steps:   21 | Reward:    18.53
Total T:   13474 | Ep:  603 | Steps:   13 | Reward:    11.95
Total T:   13492 | Ep:  604 | Steps:   18 | Reward:    10.86
Total T:   13509 | Ep:  605 | Steps:   17 | Reward:    15.98
Total T:   13534 | Ep:  606 | Steps:   25 | Reward:    22.68
Total T:   13546 | Ep:  607 | Steps:   12 | Reward:    10.53
Total T:   13580 | Ep:  608 | Steps:   34 | Reward:    42.80
Total T:   13591 | Ep:  609 | Steps:   11 | Reward:     8.87
Total T:   13617 | Ep:  610 | Steps:   26 | Reward:     8.11
Total T:   13629 | Ep:  611 | Steps:   12 | Reward:     9.96
Total T:   13647 | Ep:  612 | Steps:   18 | Reward:    19.05
Total T:   13661 | Ep:  613 | Steps:   14 | Reward:    12.20
Total T:   13698 | Ep:  614 | Steps:   37 | Reward:    40.59
Total T:   13718 | Ep:  615 | Steps:   20 | Reward:    19.08
Total T:   13733 | Ep:  616 | Steps:   15 | Reward:    13.06
Total T:   13764 | Ep:  617 | Steps:   31 | Reward:    12.88
Total T:   13787 | Ep:  618 | Steps:   23 | Reward:    15.11
Total T:   13834 | Ep:  619 | Steps:   47 | Reward:    59.25
Total T:   13853 | Ep:  620 | Steps:   19 | Reward:    10.88
Total T:   13865 | Ep:  621 | Steps:   12 | Reward:     9.09
Total T:   13897 | Ep:  622 | Steps:   32 | Reward:    30.42
Total T:   13918 | Ep:  623 | Steps:   21 | Reward:    11.56
Total T:   13940 | Ep:  624 | Steps:   22 | Reward:    18.07
Total T:   13970 | Ep:  625 | Steps:   30 | Reward:    19.21
Total T:   13992 | Ep:  626 | Steps:   22 | Reward:    18.21
Total T:   14014 | Ep:  627 | Steps:   22 | Reward:    22.86
Total T:   14028 | Ep:  628 | Steps:   14 | Reward:     8.71
Total T:   14051 | Ep:  629 | Steps:   23 | Reward:    21.04
Total T:   14075 | Ep:  630 | Steps:   24 | Reward:    20.67
Total T:   14092 | Ep:  631 | Steps:   17 | Reward:    13.27
Total T:   14114 | Ep:  632 | Steps:   22 | Reward:    18.56
Total T:   14125 | Ep:  633 | Steps:   11 | Reward:     8.44
Total T:   14175 | Ep:  634 | Steps:   50 | Reward:    49.66
Total T:   14212 | Ep:  635 | Steps:   37 | Reward:    61.17
Total T:   14232 | Ep:  636 | Steps:   20 | Reward:    12.61
Total T:   14252 | Ep:  637 | Steps:   20 | Reward:    12.34
Total T:   14266 | Ep:  638 | Steps:   14 | Reward:     7.97
Total T:   14284 | Ep:  639 | Steps:   18 | Reward:    19.09
Total T:   14299 | Ep:  640 | Steps:   15 | Reward:    15.23
Total T:   14310 | Ep:  641 | Steps:   11 | Reward:     8.05
Total T:   14337 | Ep:  642 | Steps:   27 | Reward:    11.93
Total T:   14362 | Ep:  643 | Steps:   25 | Reward:    15.04
Total T:   14382 | Ep:  644 | Steps:   20 | Reward:    19.19
Total T:   14397 | Ep:  645 | Steps:   15 | Reward:    11.76
Total T:   14420 | Ep:  646 | Steps:   23 | Reward:    25.23
Total T:   14432 | Ep:  647 | Steps:   12 | Reward:     6.15
Total T:   14445 | Ep:  648 | Steps:   13 | Reward:     7.83
Total T:   14455 | Ep:  649 | Steps:   10 | Reward:     7.57
Total T:   14473 | Ep:  650 | Steps:   18 | Reward:    15.90
Total T:   14518 | Ep:  651 | Steps:   45 | Reward:    47.13
Total T:   14531 | Ep:  652 | Steps:   13 | Reward:     8.78
Total T:   14557 | Ep:  653 | Steps:   26 | Reward:    27.11
Total T:   14566 | Ep:  654 | Steps:    9 | Reward:     5.88
Total T:   14590 | Ep:  655 | Steps:   24 | Reward:    19.67
Total T:   14606 | Ep:  656 | Steps:   16 | Reward:     6.99
Total T:   14621 | Ep:  657 | Steps:   15 | Reward:    13.14
Total T:   14653 | Ep:  658 | Steps:   32 | Reward:    22.24
Total T:   14666 | Ep:  659 | Steps:   13 | Reward:    10.75
Total T:   14675 | Ep:  660 | Steps:    9 | Reward:     6.38
Total T:   14691 | Ep:  661 | Steps:   16 | Reward:    16.73
Total T:   14704 | Ep:  662 | Steps:   13 | Reward:     6.39
Total T:   14728 | Ep:  663 | Steps:   24 | Reward:    14.36
Total T:   14745 | Ep:  664 | Steps:   17 | Reward:    13.97
Total T:   14760 | Ep:  665 | Steps:   15 | Reward:    13.83
Total T:   14782 | Ep:  666 | Steps:   22 | Reward:    22.72
Total T:   14822 | Ep:  667 | Steps:   40 | Reward:    38.33
Total T:   14840 | Ep:  668 | Steps:   18 | Reward:    16.09
Total T:   14878 | Ep:  669 | Steps:   38 | Reward:    44.61
Total T:   14895 | Ep:  670 | Steps:   17 | Reward:    14.75
Total T:   14918 | Ep:  671 | Steps:   23 | Reward:    17.39
Total T:   14953 | Ep:  672 | Steps:   35 | Reward:    34.20
Total T:   14966 | Ep:  673 | Steps:   13 | Reward:    10.78
Total T:   15002 | Ep:  674 | Steps:   36 | Reward:    11.67
Total T:   15023 | Ep:  675 | Steps:   21 | Reward:    12.60
Total T:   15039 | Ep:  676 | Steps:   16 | Reward:    10.03
Total T:   15054 | Ep:  677 | Steps:   15 | Reward:    11.15
Total T:   15080 | Ep:  678 | Steps:   26 | Reward:     9.97
Total T:   15105 | Ep:  679 | Steps:   25 | Reward:    12.39
Total T:   15118 | Ep:  680 | Steps:   13 | Reward:     7.72
Total T:   15150 | Ep:  681 | Steps:   32 | Reward:    16.01
Total T:   15198 | Ep:  682 | Steps:   48 | Reward:    56.83
Total T:   15208 | Ep:  683 | Steps:   10 | Reward:     6.87
Total T:   15223 | Ep:  684 | Steps:   15 | Reward:    14.89
Total T:   15241 | Ep:  685 | Steps:   18 | Reward:    10.22
Total T:   15268 | Ep:  686 | Steps:   27 | Reward:    28.09
Total T:   15291 | Ep:  687 | Steps:   23 | Reward:    28.75
Total T:   15303 | Ep:  688 | Steps:   12 | Reward:    10.11
Total T:   15318 | Ep:  689 | Steps:   15 | Reward:    12.02
Total T:   15373 | Ep:  690 | Steps:   55 | Reward:    39.39
Total T:   15422 | Ep:  691 | Steps:   49 | Reward:    84.72
Total T:   15450 | Ep:  692 | Steps:   28 | Reward:    22.52
Total T:   15463 | Ep:  693 | Steps:   13 | Reward:    10.73
Total T:   15482 | Ep:  694 | Steps:   19 | Reward:    13.26
Total T:   15502 | Ep:  695 | Steps:   20 | Reward:    13.65
Total T:   15517 | Ep:  696 | Steps:   15 | Reward:     9.44
Total T:   15546 | Ep:  697 | Steps:   29 | Reward:    25.91
Total T:   15580 | Ep:  698 | Steps:   34 | Reward:    22.46
Total T:   15593 | Ep:  699 | Steps:   13 | Reward:    11.83
Total T:   15605 | Ep:  700 | Steps:   12 | Reward:    10.24
Total T:   15655 | Ep:  701 | Steps:   50 | Reward:    41.33
Total T:   15686 | Ep:  702 | Steps:   31 | Reward:    31.49
Total T:   15710 | Ep:  703 | Steps:   24 | Reward:    16.90
Total T:   15732 | Ep:  704 | Steps:   22 | Reward:    17.72
Total T:   15748 | Ep:  705 | Steps:   16 | Reward:     8.32
Total T:   15761 | Ep:  706 | Steps:   13 | Reward:    11.72
Total T:   15794 | Ep:  707 | Steps:   33 | Reward:    19.09
Total T:   15849 | Ep:  708 | Steps:   55 | Reward:    43.51
Total T:   15871 | Ep:  709 | Steps:   22 | Reward:    11.96
Total T:   15891 | Ep:  710 | Steps:   20 | Reward:    19.05
Total T:   15903 | Ep:  711 | Steps:   12 | Reward:     5.75
Total T:   15913 | Ep:  712 | Steps:   10 | Reward:     5.85
Total T:   15927 | Ep:  713 | Steps:   14 | Reward:    13.05
Total T:   15960 | Ep:  714 | Steps:   33 | Reward:    13.11
Total T:   15973 | Ep:  715 | Steps:   13 | Reward:    12.36
Total T:   15995 | Ep:  716 | Steps:   22 | Reward:    12.88
Total T:   16022 | Ep:  717 | Steps:   27 | Reward:    29.28
Total T:   16033 | Ep:  718 | Steps:   11 | Reward:     9.50
Total T:   16043 | Ep:  719 | Steps:   10 | Reward:     6.11
Total T:   16062 | Ep:  720 | Steps:   19 | Reward:    19.51
Total T:   16075 | Ep:  721 | Steps:   13 | Reward:     9.13
Total T:   16094 | Ep:  722 | Steps:   19 | Reward:    12.54
Total T:   16124 | Ep:  723 | Steps:   30 | Reward:    14.41
Total T:   16140 | Ep:  724 | Steps:   16 | Reward:     9.53
Total T:   16157 | Ep:  725 | Steps:   17 | Reward:    11.59
Total T:   16181 | Ep:  726 | Steps:   24 | Reward:    15.35
Total T:   16209 | Ep:  727 | Steps:   28 | Reward:    13.42
Total T:   16220 | Ep:  728 | Steps:   11 | Reward:     8.08
Total T:   16248 | Ep:  729 | Steps:   28 | Reward:    14.86
Total T:   16270 | Ep:  730 | Steps:   22 | Reward:    25.57
Total T:   16297 | Ep:  731 | Steps:   27 | Reward:    10.21
Total T:   16310 | Ep:  732 | Steps:   13 | Reward:     9.98
Total T:   16340 | Ep:  733 | Steps:   30 | Reward:    26.84
Total T:   16357 | Ep:  734 | Steps:   17 | Reward:    11.70
Total T:   16394 | Ep:  735 | Steps:   37 | Reward:    42.82
Total T:   16422 | Ep:  736 | Steps:   28 | Reward:    33.44
Total T:   16452 | Ep:  737 | Steps:   30 | Reward:    18.31
Total T:   16466 | Ep:  738 | Steps:   14 | Reward:    11.18
Total T:   16485 | Ep:  739 | Steps:   19 | Reward:    11.87
Total T:   16508 | Ep:  740 | Steps:   23 | Reward:    14.15
Total T:   16520 | Ep:  741 | Steps:   12 | Reward:    11.25
Total T:   16541 | Ep:  742 | Steps:   21 | Reward:    15.44
Total T:   16562 | Ep:  743 | Steps:   21 | Reward:    17.17
Total T:   16573 | Ep:  744 | Steps:   11 | Reward:     7.50
Total T:   16605 | Ep:  745 | Steps:   32 | Reward:    27.70
Total T:   16627 | Ep:  746 | Steps:   22 | Reward:    13.88
Total T:   16663 | Ep:  747 | Steps:   36 | Reward:    18.81
Total T:   16678 | Ep:  748 | Steps:   15 | Reward:    12.73
Total T:   16697 | Ep:  749 | Steps:   19 | Reward:    13.92
Total T:   16732 | Ep:  750 | Steps:   35 | Reward:    27.81
Total T:   16755 | Ep:  751 | Steps:   23 | Reward:    11.79
Total T:   16771 | Ep:  752 | Steps:   16 | Reward:     8.76
Total T:   16787 | Ep:  753 | Steps:   16 | Reward:    15.76
Total T:   16822 | Ep:  754 | Steps:   35 | Reward:    34.03
Total T:   16836 | Ep:  755 | Steps:   14 | Reward:    12.50
Total T:   16862 | Ep:  756 | Steps:   26 | Reward:    15.35
Total T:   16885 | Ep:  757 | Steps:   23 | Reward:    13.96
Total T:   16921 | Ep:  758 | Steps:   36 | Reward:    31.33
Total T:   16946 | Ep:  759 | Steps:   25 | Reward:    14.40
Total T:   16960 | Ep:  760 | Steps:   14 | Reward:    10.56
Total T:   16975 | Ep:  761 | Steps:   15 | Reward:     9.91
Total T:   17005 | Ep:  762 | Steps:   30 | Reward:    21.19
Total T:   17022 | Ep:  763 | Steps:   17 | Reward:    13.56
Total T:   17044 | Ep:  764 | Steps:   22 | Reward:    22.61
Total T:   17070 | Ep:  765 | Steps:   26 | Reward:    18.76
Total T:   17088 | Ep:  766 | Steps:   18 | Reward:    15.45
Total T:   17102 | Ep:  767 | Steps:   14 | Reward:     9.44
Total T:   17157 | Ep:  768 | Steps:   55 | Reward:    45.52
Total T:   17177 | Ep:  769 | Steps:   20 | Reward:    13.44
Total T:   17198 | Ep:  770 | Steps:   21 | Reward:    16.45
Total T:   17218 | Ep:  771 | Steps:   20 | Reward:     7.80
Total T:   17234 | Ep:  772 | Steps:   16 | Reward:     8.83
Total T:   17263 | Ep:  773 | Steps:   29 | Reward:    19.95
Total T:   17306 | Ep:  774 | Steps:   43 | Reward:    21.82
Total T:   17321 | Ep:  775 | Steps:   15 | Reward:    12.56
Total T:   17341 | Ep:  776 | Steps:   20 | Reward:    14.04
Total T:   17358 | Ep:  777 | Steps:   17 | Reward:    10.08
Total T:   17376 | Ep:  778 | Steps:   18 | Reward:    10.09
Total T:   17387 | Ep:  779 | Steps:   11 | Reward:     7.29
Total T:   17403 | Ep:  780 | Steps:   16 | Reward:     5.61
Total T:   17415 | Ep:  781 | Steps:   12 | Reward:     8.87
Total T:   17449 | Ep:  782 | Steps:   34 | Reward:    15.15
Total T:   17462 | Ep:  783 | Steps:   13 | Reward:     8.95
Total T:   17486 | Ep:  784 | Steps:   24 | Reward:    13.31
Total T:   17508 | Ep:  785 | Steps:   22 | Reward:    18.69
Total T:   17530 | Ep:  786 | Steps:   22 | Reward:     8.08
Total T:   17542 | Ep:  787 | Steps:   12 | Reward:     6.54
Total T:   17619 | Ep:  788 | Steps:   77 | Reward:   117.72
Total T:   17639 | Ep:  789 | Steps:   20 | Reward:    11.07
Total T:   17652 | Ep:  790 | Steps:   13 | Reward:     7.34
Total T:   17674 | Ep:  791 | Steps:   22 | Reward:    26.66
Total T:   17699 | Ep:  792 | Steps:   25 | Reward:    12.62
Total T:   17710 | Ep:  793 | Steps:   11 | Reward:     8.57
Total T:   17744 | Ep:  794 | Steps:   34 | Reward:    15.50
Total T:   17774 | Ep:  795 | Steps:   30 | Reward:    17.64
Total T:   17787 | Ep:  796 | Steps:   13 | Reward:     9.13
Total T:   17806 | Ep:  797 | Steps:   19 | Reward:     7.99
Total T:   17826 | Ep:  798 | Steps:   20 | Reward:    11.13
Total T:   17839 | Ep:  799 | Steps:   13 | Reward:    11.05
Total T:   17850 | Ep:  800 | Steps:   11 | Reward:     9.20
Total T:   17875 | Ep:  801 | Steps:   25 | Reward:    17.86
Total T:   17891 | Ep:  802 | Steps:   16 | Reward:     7.15
Total T:   17910 | Ep:  803 | Steps:   19 | Reward:    13.35
Total T:   17946 | Ep:  804 | Steps:   36 | Reward:    18.06
Total T:   17987 | Ep:  805 | Steps:   41 | Reward:    34.77
Total T:   18012 | Ep:  806 | Steps:   25 | Reward:    13.78
Total T:   18032 | Ep:  807 | Steps:   20 | Reward:    16.32
Total T:   18050 | Ep:  808 | Steps:   18 | Reward:    13.30
Total T:   18073 | Ep:  809 | Steps:   23 | Reward:    26.33
Total T:   18106 | Ep:  810 | Steps:   33 | Reward:    17.33
Total T:   18120 | Ep:  811 | Steps:   14 | Reward:    10.88
Total T:   18144 | Ep:  812 | Steps:   24 | Reward:    18.30
Total T:   18159 | Ep:  813 | Steps:   15 | Reward:     9.50
Total T:   18219 | Ep:  814 | Steps:   60 | Reward:    53.28
Total T:   18256 | Ep:  815 | Steps:   37 | Reward:    10.28
Total T:   18287 | Ep:  816 | Steps:   31 | Reward:    26.99
Total T:   18315 | Ep:  817 | Steps:   28 | Reward:    15.12
Total T:   18332 | Ep:  818 | Steps:   17 | Reward:     9.37
Total T:   18351 | Ep:  819 | Steps:   19 | Reward:    11.56
Total T:   18360 | Ep:  820 | Steps:    9 | Reward:     4.38
Total T:   18371 | Ep:  821 | Steps:   11 | Reward:     9.92
Total T:   18380 | Ep:  822 | Steps:    9 | Reward:     6.86
Total T:   18395 | Ep:  823 | Steps:   15 | Reward:    11.55
Total T:   18411 | Ep:  824 | Steps:   16 | Reward:    11.58
Total T:   18424 | Ep:  825 | Steps:   13 | Reward:     8.07
Total T:   18454 | Ep:  826 | Steps:   30 | Reward:    32.99
Total T:   18474 | Ep:  827 | Steps:   20 | Reward:    16.06
Total T:   18496 | Ep:  828 | Steps:   22 | Reward:    23.73
Total T:   18528 | Ep:  829 | Steps:   32 | Reward:    37.78
Total T:   18543 | Ep:  830 | Steps:   15 | Reward:    11.53
Total T:   18564 | Ep:  831 | Steps:   21 | Reward:    20.22
Total T:   18597 | Ep:  832 | Steps:   33 | Reward:    21.34
Total T:   18609 | Ep:  833 | Steps:   12 | Reward:     8.93
Total T:   18632 | Ep:  834 | Steps:   23 | Reward:    25.05
Total T:   18646 | Ep:  835 | Steps:   14 | Reward:    10.50
Total T:   18661 | Ep:  836 | Steps:   15 | Reward:    13.72
Total T:   18693 | Ep:  837 | Steps:   32 | Reward:    12.52
Total T:   18706 | Ep:  838 | Steps:   13 | Reward:    10.83
Total T:   18724 | Ep:  839 | Steps:   18 | Reward:    11.59
Total T:   18750 | Ep:  840 | Steps:   26 | Reward:    18.51
Total T:   18792 | Ep:  841 | Steps:   42 | Reward:    43.32
Total T:   18806 | Ep:  842 | Steps:   14 | Reward:    10.80
Total T:   18826 | Ep:  843 | Steps:   20 | Reward:    19.82
Total T:   18890 | Ep:  844 | Steps:   64 | Reward:   109.29
Total T:   18976 | Ep:  845 | Steps:   86 | Reward:    69.93
Total T:   18994 | Ep:  846 | Steps:   18 | Reward:    16.36
Total T:   19025 | Ep:  847 | Steps:   31 | Reward:    27.30
Total T:   19048 | Ep:  848 | Steps:   23 | Reward:     6.92
Total T:   19106 | Ep:  849 | Steps:   58 | Reward:    78.48
Total T:   19140 | Ep:  850 | Steps:   34 | Reward:    34.67
Total T:   19157 | Ep:  851 | Steps:   17 | Reward:    14.26
Total T:   19185 | Ep:  852 | Steps:   28 | Reward:    27.45
Total T:   19213 | Ep:  853 | Steps:   28 | Reward:    15.27
Total T:   19233 | Ep:  854 | Steps:   20 | Reward:     9.24
Total T:   19246 | Ep:  855 | Steps:   13 | Reward:     8.68
Total T:   19263 | Ep:  856 | Steps:   17 | Reward:    12.61
Total T:   19277 | Ep:  857 | Steps:   14 | Reward:    10.89
Total T:   19317 | Ep:  858 | Steps:   40 | Reward:    49.56
Total T:   19329 | Ep:  859 | Steps:   12 | Reward:     9.12
Total T:   19342 | Ep:  860 | Steps:   13 | Reward:    10.24
Total T:   19360 | Ep:  861 | Steps:   18 | Reward:    15.43
Total T:   19371 | Ep:  862 | Steps:   11 | Reward:     8.00
Total T:   19385 | Ep:  863 | Steps:   14 | Reward:     9.46
Total T:   19404 | Ep:  864 | Steps:   19 | Reward:    14.96
Total T:   19427 | Ep:  865 | Steps:   23 | Reward:    20.91
Total T:   19444 | Ep:  866 | Steps:   17 | Reward:    14.91
Total T:   19459 | Ep:  867 | Steps:   15 | Reward:     5.72
Total T:   19470 | Ep:  868 | Steps:   11 | Reward:     7.33
Total T:   19497 | Ep:  869 | Steps:   27 | Reward:    26.17
Total T:   19523 | Ep:  870 | Steps:   26 | Reward:    31.33
Total T:   19535 | Ep:  871 | Steps:   12 | Reward:     8.56
Total T:   19554 | Ep:  872 | Steps:   19 | Reward:    15.95
Total T:   19570 | Ep:  873 | Steps:   16 | Reward:    13.11
Total T:   19589 | Ep:  874 | Steps:   19 | Reward:    11.49
Total T:   19600 | Ep:  875 | Steps:   11 | Reward:     7.40
Total T:   19613 | Ep:  876 | Steps:   13 | Reward:     7.38
Total T:   19670 | Ep:  877 | Steps:   57 | Reward:    60.91
Total T:   19698 | Ep:  878 | Steps:   28 | Reward:    19.35
Total T:   19715 | Ep:  879 | Steps:   17 | Reward:     8.68
Total T:   19737 | Ep:  880 | Steps:   22 | Reward:    25.29
Total T:   19754 | Ep:  881 | Steps:   17 | Reward:    17.25
Total T:   19771 | Ep:  882 | Steps:   17 | Reward:    15.07
Total T:   19801 | Ep:  883 | Steps:   30 | Reward:    29.10
Total T:   19813 | Ep:  884 | Steps:   12 | Reward:     8.45
Total T:   19840 | Ep:  885 | Steps:   27 | Reward:    11.28
Total T:   19853 | Ep:  886 | Steps:   13 | Reward:    12.00
Total T:   19866 | Ep:  887 | Steps:   13 | Reward:    10.74
Total T:   19880 | Ep:  888 | Steps:   14 | Reward:    11.54
Total T:   19909 | Ep:  889 | Steps:   29 | Reward:    20.75
Total T:   19945 | Ep:  890 | Steps:   36 | Reward:    22.63
Total T:   19958 | Ep:  891 | Steps:   13 | Reward:    12.78
Total T:   19969 | Ep:  892 | Steps:   11 | Reward:     9.20
Total T:   19986 | Ep:  893 | Steps:   17 | Reward:    10.57
---------------------------------------
Evaluation over 10 episodes: 21.743
---------------------------------------
Total T:   20028 | Ep:  894 | Steps:   42 | Reward:    44.34
Total T:   20036 | Ep:  895 | Steps:    8 | Reward:     5.57
Total T:   20059 | Ep:  896 | Steps:   23 | Reward:    27.73
Total T:   20090 | Ep:  897 | Steps:   31 | Reward:    17.02
Total T:   20124 | Ep:  898 | Steps:   34 | Reward:    16.36
Total T:   20140 | Ep:  899 | Steps:   16 | Reward:    14.50
Total T:   20150 | Ep:  900 | Steps:   10 | Reward:     8.50
Total T:   20177 | Ep:  901 | Steps:   27 | Reward:    26.92
Total T:   20195 | Ep:  902 | Steps:   18 | Reward:    10.30
Total T:   20231 | Ep:  903 | Steps:   36 | Reward:    48.00
Total T:   20247 | Ep:  904 | Steps:   16 | Reward:    14.56
Total T:   20260 | Ep:  905 | Steps:   13 | Reward:    11.46
Total T:   20285 | Ep:  906 | Steps:   25 | Reward:    21.63
Total T:   20297 | Ep:  907 | Steps:   12 | Reward:     7.47
Total T:   20315 | Ep:  908 | Steps:   18 | Reward:    10.78
Total T:   20327 | Ep:  909 | Steps:   12 | Reward:    10.05
Total T:   20361 | Ep:  910 | Steps:   34 | Reward:    29.66
Total T:   20388 | Ep:  911 | Steps:   27 | Reward:    17.82
Total T:   20406 | Ep:  912 | Steps:   18 | Reward:    14.47
Total T:   20438 | Ep:  913 | Steps:   32 | Reward:    22.92
Total T:   20449 | Ep:  914 | Steps:   11 | Reward:     7.95
Total T:   20465 | Ep:  915 | Steps:   16 | Reward:    14.14
Total T:   20480 | Ep:  916 | Steps:   15 | Reward:    10.80
Total T:   20505 | Ep:  917 | Steps:   25 | Reward:    13.16
Total T:   20528 | Ep:  918 | Steps:   23 | Reward:    28.35
Total T:   20560 | Ep:  919 | Steps:   32 | Reward:    29.16
Total T:   20572 | Ep:  920 | Steps:   12 | Reward:     7.94
Total T:   20581 | Ep:  921 | Steps:    9 | Reward:     7.04
Total T:   20598 | Ep:  922 | Steps:   17 | Reward:     7.38
Total T:   20622 | Ep:  923 | Steps:   24 | Reward:    12.08
Total T:   20639 | Ep:  924 | Steps:   17 | Reward:    12.26
Total T:   20675 | Ep:  925 | Steps:   36 | Reward:     5.46
Total T:   20686 | Ep:  926 | Steps:   11 | Reward:     8.58
Total T:   20696 | Ep:  927 | Steps:   10 | Reward:     6.74
Total T:   20755 | Ep:  928 | Steps:   59 | Reward:    78.14
Total T:   20773 | Ep:  929 | Steps:   18 | Reward:    12.98
Total T:   20793 | Ep:  930 | Steps:   20 | Reward:    11.13
Total T:   20811 | Ep:  931 | Steps:   18 | Reward:    10.12
Total T:   20828 | Ep:  932 | Steps:   17 | Reward:    14.52
Total T:   20847 | Ep:  933 | Steps:   19 | Reward:    16.10
Total T:   20865 | Ep:  934 | Steps:   18 | Reward:    17.26
Total T:   20878 | Ep:  935 | Steps:   13 | Reward:     9.05
Total T:   20899 | Ep:  936 | Steps:   21 | Reward:    16.67
Total T:   20914 | Ep:  937 | Steps:   15 | Reward:    13.10
Total T:   20940 | Ep:  938 | Steps:   26 | Reward:    20.10
Total T:   20954 | Ep:  939 | Steps:   14 | Reward:    11.73
Total T:   20983 | Ep:  940 | Steps:   29 | Reward:    16.66
Total T:   21004 | Ep:  941 | Steps:   21 | Reward:    19.84
Total T:   21058 | Ep:  942 | Steps:   54 | Reward:    27.68
Total T:   21077 | Ep:  943 | Steps:   19 | Reward:    11.79
Total T:   21113 | Ep:  944 | Steps:   36 | Reward:    24.73
Total T:   21129 | Ep:  945 | Steps:   16 | Reward:    11.93
Total T:   21141 | Ep:  946 | Steps:   12 | Reward:     7.56
Total T:   21163 | Ep:  947 | Steps:   22 | Reward:    23.68
Total T:   21191 | Ep:  948 | Steps:   28 | Reward:    32.86
Total T:   21216 | Ep:  949 | Steps:   25 | Reward:    18.70
Total T:   21228 | Ep:  950 | Steps:   12 | Reward:     6.83
Total T:   21242 | Ep:  951 | Steps:   14 | Reward:    10.61
Total T:   21286 | Ep:  952 | Steps:   44 | Reward:    28.75
Total T:   21296 | Ep:  953 | Steps:   10 | Reward:     5.69
Total T:   21324 | Ep:  954 | Steps:   28 | Reward:    15.30
Total T:   21347 | Ep:  955 | Steps:   23 | Reward:    16.55
Total T:   21385 | Ep:  956 | Steps:   38 | Reward:    42.53
Total T:   21409 | Ep:  957 | Steps:   24 | Reward:    10.52
Total T:   21435 | Ep:  958 | Steps:   26 | Reward:    14.02
Total T:   21448 | Ep:  959 | Steps:   13 | Reward:    10.26
Total T:   21469 | Ep:  960 | Steps:   21 | Reward:    20.82
Total T:   21488 | Ep:  961 | Steps:   19 | Reward:    11.86
Total T:   21503 | Ep:  962 | Steps:   15 | Reward:    12.98
Total T:   21530 | Ep:  963 | Steps:   27 | Reward:    11.98
Total T:   21540 | Ep:  964 | Steps:   10 | Reward:     5.89
Total T:   21556 | Ep:  965 | Steps:   16 | Reward:    15.24
Total T:   21574 | Ep:  966 | Steps:   18 | Reward:    14.82
Total T:   21603 | Ep:  967 | Steps:   29 | Reward:    22.57
Total T:   21612 | Ep:  968 | Steps:    9 | Reward:     7.52
Total T:   21627 | Ep:  969 | Steps:   15 | Reward:     8.64
Total T:   21646 | Ep:  970 | Steps:   19 | Reward:    11.15
Total T:   21698 | Ep:  971 | Steps:   52 | Reward:    52.36
Total T:   21726 | Ep:  972 | Steps:   28 | Reward:    11.03
Total T:   21738 | Ep:  973 | Steps:   12 | Reward:    10.16
Total T:   21762 | Ep:  974 | Steps:   24 | Reward:    19.20
Total T:   21774 | Ep:  975 | Steps:   12 | Reward:     9.36
Total T:   21800 | Ep:  976 | Steps:   26 | Reward:    10.61
Total T:   21814 | Ep:  977 | Steps:   14 | Reward:     9.87
Total T:   21892 | Ep:  978 | Steps:   78 | Reward:   109.14
Total T:   21913 | Ep:  979 | Steps:   21 | Reward:    18.76
Total T:   21933 | Ep:  980 | Steps:   20 | Reward:    22.63
Total T:   21946 | Ep:  981 | Steps:   13 | Reward:    11.86
Total T:   21971 | Ep:  982 | Steps:   25 | Reward:    24.96
Total T:   22010 | Ep:  983 | Steps:   39 | Reward:    25.08
Total T:   22037 | Ep:  984 | Steps:   27 | Reward:    15.86
Total T:   22054 | Ep:  985 | Steps:   17 | Reward:     9.80
Total T:   22066 | Ep:  986 | Steps:   12 | Reward:     8.38
Total T:   22082 | Ep:  987 | Steps:   16 | Reward:     9.87
Total T:   22098 | Ep:  988 | Steps:   16 | Reward:    11.59
Total T:   22111 | Ep:  989 | Steps:   13 | Reward:    11.75
Total T:   22127 | Ep:  990 | Steps:   16 | Reward:     7.67
Total T:   22145 | Ep:  991 | Steps:   18 | Reward:    18.66
Total T:   22183 | Ep:  992 | Steps:   38 | Reward:    33.98
Total T:   22199 | Ep:  993 | Steps:   16 | Reward:     8.92
Total T:   22212 | Ep:  994 | Steps:   13 | Reward:    10.28
Total T:   22274 | Ep:  995 | Steps:   62 | Reward:    37.88
Total T:   22290 | Ep:  996 | Steps:   16 | Reward:    14.73
Total T:   22322 | Ep:  997 | Steps:   32 | Reward:    53.61
Total T:   22341 | Ep:  998 | Steps:   19 | Reward:    15.37
Total T:   22354 | Ep:  999 | Steps:   13 | Reward:    10.54
Total T:   22376 | Ep: 1000 | Steps:   22 | Reward:    17.03
Total T:   22395 | Ep: 1001 | Steps:   19 | Reward:    17.68
Total T:   22404 | Ep: 1002 | Steps:    9 | Reward:     6.17
Total T:   22430 | Ep: 1003 | Steps:   26 | Reward:    11.04
Total T:   22445 | Ep: 1004 | Steps:   15 | Reward:    12.07
Total T:   22459 | Ep: 1005 | Steps:   14 | Reward:     9.99
Total T:   22473 | Ep: 1006 | Steps:   14 | Reward:     7.10
Total T:   22489 | Ep: 1007 | Steps:   16 | Reward:    11.68
Total T:   22510 | Ep: 1008 | Steps:   21 | Reward:    21.33
Total T:   22523 | Ep: 1009 | Steps:   13 | Reward:     9.12
Total T:   22557 | Ep: 1010 | Steps:   34 | Reward:    37.22
Total T:   22569 | Ep: 1011 | Steps:   12 | Reward:     5.85
Total T:   22598 | Ep: 1012 | Steps:   29 | Reward:    26.63
Total T:   22622 | Ep: 1013 | Steps:   24 | Reward:    25.70
Total T:   22641 | Ep: 1014 | Steps:   19 | Reward:    13.72
Total T:   22658 | Ep: 1015 | Steps:   17 | Reward:     8.25
Total T:   22673 | Ep: 1016 | Steps:   15 | Reward:     9.42
Total T:   22683 | Ep: 1017 | Steps:   10 | Reward:     7.77
Total T:   22703 | Ep: 1018 | Steps:   20 | Reward:    12.16
Total T:   22757 | Ep: 1019 | Steps:   54 | Reward:    41.84
Total T:   22775 | Ep: 1020 | Steps:   18 | Reward:    10.24
Total T:   22823 | Ep: 1021 | Steps:   48 | Reward:    31.22
Total T:   22843 | Ep: 1022 | Steps:   20 | Reward:     9.54
Total T:   22862 | Ep: 1023 | Steps:   19 | Reward:    18.43
Total T:   22882 | Ep: 1024 | Steps:   20 | Reward:    10.57
Total T:   22895 | Ep: 1025 | Steps:   13 | Reward:     8.36
Total T:   22918 | Ep: 1026 | Steps:   23 | Reward:    22.69
Total T:   22933 | Ep: 1027 | Steps:   15 | Reward:    10.58
Total T:   22950 | Ep: 1028 | Steps:   17 | Reward:    17.74
Total T:   23008 | Ep: 1029 | Steps:   58 | Reward:    92.92
Total T:   23022 | Ep: 1030 | Steps:   14 | Reward:     9.34
Total T:   23047 | Ep: 1031 | Steps:   25 | Reward:    18.12
Total T:   23059 | Ep: 1032 | Steps:   12 | Reward:     8.23
Total T:   23078 | Ep: 1033 | Steps:   19 | Reward:    14.43
Total T:   23123 | Ep: 1034 | Steps:   45 | Reward:    64.72
Total T:   23134 | Ep: 1035 | Steps:   11 | Reward:     8.22
Total T:   23200 | Ep: 1036 | Steps:   66 | Reward:   100.53
Total T:   23224 | Ep: 1037 | Steps:   24 | Reward:    25.51
Total T:   23240 | Ep: 1038 | Steps:   16 | Reward:     8.55
Total T:   23253 | Ep: 1039 | Steps:   13 | Reward:     7.91
Total T:   23277 | Ep: 1040 | Steps:   24 | Reward:    23.21
Total T:   23293 | Ep: 1041 | Steps:   16 | Reward:    14.64
Total T:   23306 | Ep: 1042 | Steps:   13 | Reward:     7.46
Total T:   23330 | Ep: 1043 | Steps:   24 | Reward:    21.15
Total T:   23354 | Ep: 1044 | Steps:   24 | Reward:    26.04
Total T:   23375 | Ep: 1045 | Steps:   21 | Reward:    10.36
Total T:   23414 | Ep: 1046 | Steps:   39 | Reward:    42.13
Total T:   23441 | Ep: 1047 | Steps:   27 | Reward:    10.89
Total T:   23456 | Ep: 1048 | Steps:   15 | Reward:    12.30
Total T:   23475 | Ep: 1049 | Steps:   19 | Reward:    14.58
Total T:   23491 | Ep: 1050 | Steps:   16 | Reward:    15.42
Total T:   23509 | Ep: 1051 | Steps:   18 | Reward:    19.63
Total T:   23556 | Ep: 1052 | Steps:   47 | Reward:    43.02
Total T:   23587 | Ep: 1053 | Steps:   31 | Reward:     6.78
Total T:   23616 | Ep: 1054 | Steps:   29 | Reward:    16.76
Total T:   23630 | Ep: 1055 | Steps:   14 | Reward:    11.61
Total T:   23642 | Ep: 1056 | Steps:   12 | Reward:     6.03
Total T:   23657 | Ep: 1057 | Steps:   15 | Reward:    14.13
Total T:   23689 | Ep: 1058 | Steps:   32 | Reward:    17.26
Total T:   23705 | Ep: 1059 | Steps:   16 | Reward:    14.58
Total T:   23722 | Ep: 1060 | Steps:   17 | Reward:    16.27
Total T:   23741 | Ep: 1061 | Steps:   19 | Reward:    11.60
Total T:   23757 | Ep: 1062 | Steps:   16 | Reward:    14.53
Total T:   23767 | Ep: 1063 | Steps:   10 | Reward:     7.85
Total T:   23801 | Ep: 1064 | Steps:   34 | Reward:    26.34
Total T:   23811 | Ep: 1065 | Steps:   10 | Reward:     7.55
Total T:   23825 | Ep: 1066 | Steps:   14 | Reward:     6.91
Total T:   23848 | Ep: 1067 | Steps:   23 | Reward:    25.66
Total T:   23866 | Ep: 1068 | Steps:   18 | Reward:    16.25
Total T:   23881 | Ep: 1069 | Steps:   15 | Reward:    10.44
Total T:   23898 | Ep: 1070 | Steps:   17 | Reward:    13.16
Total T:   23920 | Ep: 1071 | Steps:   22 | Reward:    21.01
Total T:   23950 | Ep: 1072 | Steps:   30 | Reward:    22.15
Total T:   23963 | Ep: 1073 | Steps:   13 | Reward:    10.40
Total T:   23973 | Ep: 1074 | Steps:   10 | Reward:     7.48
Total T:   23984 | Ep: 1075 | Steps:   11 | Reward:     8.82
Total T:   24013 | Ep: 1076 | Steps:   29 | Reward:    24.82
Total T:   24040 | Ep: 1077 | Steps:   27 | Reward:    16.84
Total T:   24061 | Ep: 1078 | Steps:   21 | Reward:    14.93
Total T:   24081 | Ep: 1079 | Steps:   20 | Reward:    19.13
Total T:   24092 | Ep: 1080 | Steps:   11 | Reward:     9.33
Total T:   24120 | Ep: 1081 | Steps:   28 | Reward:     9.58
Total T:   24139 | Ep: 1082 | Steps:   19 | Reward:     8.77
Total T:   24153 | Ep: 1083 | Steps:   14 | Reward:     9.26
Total T:   24171 | Ep: 1084 | Steps:   18 | Reward:    13.78
Total T:   24186 | Ep: 1085 | Steps:   15 | Reward:    13.14
Total T:   24209 | Ep: 1086 | Steps:   23 | Reward:     6.85
Total T:   24227 | Ep: 1087 | Steps:   18 | Reward:     7.36
Total T:   24243 | Ep: 1088 | Steps:   16 | Reward:     9.25
Total T:   24264 | Ep: 1089 | Steps:   21 | Reward:    20.45
Total T:   24273 | Ep: 1090 | Steps:    9 | Reward:     5.92
Total T:   24294 | Ep: 1091 | Steps:   21 | Reward:    15.34
Total T:   24310 | Ep: 1092 | Steps:   16 | Reward:    12.20
Total T:   24329 | Ep: 1093 | Steps:   19 | Reward:    13.61
Total T:   24347 | Ep: 1094 | Steps:   18 | Reward:    11.75
Total T:   24361 | Ep: 1095 | Steps:   14 | Reward:    10.30
Total T:   24378 | Ep: 1096 | Steps:   17 | Reward:    16.80
Total T:   24389 | Ep: 1097 | Steps:   11 | Reward:     8.79
Total T:   24412 | Ep: 1098 | Steps:   23 | Reward:    10.08
Total T:   24444 | Ep: 1099 | Steps:   32 | Reward:    15.04
Total T:   24467 | Ep: 1100 | Steps:   23 | Reward:    20.55
Total T:   24481 | Ep: 1101 | Steps:   14 | Reward:    12.58
Total T:   24492 | Ep: 1102 | Steps:   11 | Reward:     9.17
Total T:   24512 | Ep: 1103 | Steps:   20 | Reward:    12.56
Total T:   24532 | Ep: 1104 | Steps:   20 | Reward:    13.84
Total T:   24563 | Ep: 1105 | Steps:   31 | Reward:    13.34
Total T:   24586 | Ep: 1106 | Steps:   23 | Reward:    19.93
Total T:   24611 | Ep: 1107 | Steps:   25 | Reward:    11.37
Total T:   24626 | Ep: 1108 | Steps:   15 | Reward:     9.41
Total T:   24639 | Ep: 1109 | Steps:   13 | Reward:     9.77
Total T:   24670 | Ep: 1110 | Steps:   31 | Reward:    25.43
Total T:   24689 | Ep: 1111 | Steps:   19 | Reward:    11.23
Total T:   24702 | Ep: 1112 | Steps:   13 | Reward:     9.29
Total T:   24715 | Ep: 1113 | Steps:   13 | Reward:    10.21
Total T:   24737 | Ep: 1114 | Steps:   22 | Reward:    18.65
Total T:   24749 | Ep: 1115 | Steps:   12 | Reward:    10.15
Total T:   24766 | Ep: 1116 | Steps:   17 | Reward:    14.57
Total T:   24783 | Ep: 1117 | Steps:   17 | Reward:    13.03
Total T:   24849 | Ep: 1118 | Steps:   66 | Reward:    78.93
Total T:   24866 | Ep: 1119 | Steps:   17 | Reward:    16.78
Total T:   24878 | Ep: 1120 | Steps:   12 | Reward:     7.96
Total T:   24889 | Ep: 1121 | Steps:   11 | Reward:     7.88
Total T:   24916 | Ep: 1122 | Steps:   27 | Reward:    11.65
Total T:   24932 | Ep: 1123 | Steps:   16 | Reward:    15.59
Total T:   24952 | Ep: 1124 | Steps:   20 | Reward:    17.17
Total T:   24966 | Ep: 1125 | Steps:   14 | Reward:    10.29
Total T:   24981 | Ep: 1126 | Steps:   15 | Reward:     9.29
Total T:   24998 | Ep: 1127 | Steps:   17 | Reward:    12.49
Total T:   25012 | Ep: 1128 | Steps:   14 | Reward:    11.52
Total T:   25038 | Ep: 1129 | Steps:   26 | Reward:     2.32
Total T:   25057 | Ep: 1130 | Steps:   19 | Reward:     0.18
Total T:   25075 | Ep: 1131 | Steps:   18 | Reward:    -0.51
Total T:   25094 | Ep: 1132 | Steps:   19 | Reward:    -0.80
Total T:   25113 | Ep: 1133 | Steps:   19 | Reward:    -1.40
Total T:   25132 | Ep: 1134 | Steps:   19 | Reward:    -0.34
Total T:   25269 | Ep: 1135 | Steps:  137 | Reward:   115.53
Total T:   25291 | Ep: 1136 | Steps:   22 | Reward:    38.84
Total T:   25313 | Ep: 1137 | Steps:   22 | Reward:    38.96
Total T:   25335 | Ep: 1138 | Steps:   22 | Reward:    38.61
Total T:   25357 | Ep: 1139 | Steps:   22 | Reward:    38.70
Total T:   25379 | Ep: 1140 | Steps:   22 | Reward:    38.66
Total T:   25401 | Ep: 1141 | Steps:   22 | Reward:    38.93
Total T:   25424 | Ep: 1142 | Steps:   23 | Reward:    40.29
Total T:   25447 | Ep: 1143 | Steps:   23 | Reward:    40.18
Total T:   25470 | Ep: 1144 | Steps:   23 | Reward:    40.04
Total T:   25492 | Ep: 1145 | Steps:   22 | Reward:    38.70
Total T:   25515 | Ep: 1146 | Steps:   23 | Reward:    40.08
Total T:   25537 | Ep: 1147 | Steps:   22 | Reward:    38.45
Total T:   25559 | Ep: 1148 | Steps:   22 | Reward:    38.84
Total T:   25582 | Ep: 1149 | Steps:   23 | Reward:    40.20
Total T:   25605 | Ep: 1150 | Steps:   23 | Reward:    40.33
Total T:   25628 | Ep: 1151 | Steps:   23 | Reward:    40.08
Total T:   25650 | Ep: 1152 | Steps:   22 | Reward:    38.30
Total T:   25672 | Ep: 1153 | Steps:   22 | Reward:    38.60
Total T:   25693 | Ep: 1154 | Steps:   21 | Reward:    37.02
Total T:   25715 | Ep: 1155 | Steps:   22 | Reward:    38.41
Total T:   25737 | Ep: 1156 | Steps:   22 | Reward:    38.95
Total T:   25759 | Ep: 1157 | Steps:   22 | Reward:    38.59
Total T:   25782 | Ep: 1158 | Steps:   23 | Reward:    40.39
Total T:   25804 | Ep: 1159 | Steps:   22 | Reward:    38.80
Total T:   25825 | Ep: 1160 | Steps:   21 | Reward:    37.04
Total T:   25848 | Ep: 1161 | Steps:   23 | Reward:    40.15
Total T:   25870 | Ep: 1162 | Steps:   22 | Reward:    38.96
Total T:   25892 | Ep: 1163 | Steps:   22 | Reward:    38.33
Total T:   25915 | Ep: 1164 | Steps:   23 | Reward:    40.39
Total T:   25938 | Ep: 1165 | Steps:   23 | Reward:    40.43
Total T:   25961 | Ep: 1166 | Steps:   23 | Reward:    40.15
Total T:   25983 | Ep: 1167 | Steps:   22 | Reward:    38.90
Total T:   26005 | Ep: 1168 | Steps:   22 | Reward:    38.18
Total T:   26027 | Ep: 1169 | Steps:   22 | Reward:    38.98
Total T:   26049 | Ep: 1170 | Steps:   22 | Reward:    38.54
Total T:   26071 | Ep: 1171 | Steps:   22 | Reward:    38.44
Total T:   26094 | Ep: 1172 | Steps:   23 | Reward:    40.29
Total T:   26116 | Ep: 1173 | Steps:   22 | Reward:    38.56
Total T:   26139 | Ep: 1174 | Steps:   23 | Reward:    40.59
Total T:   26161 | Ep: 1175 | Steps:   22 | Reward:    39.03
Total T:   26184 | Ep: 1176 | Steps:   23 | Reward:    40.20
Total T:   26207 | Ep: 1177 | Steps:   23 | Reward:    40.42
Total T:   26229 | Ep: 1178 | Steps:   22 | Reward:    38.26
Total T:   26251 | Ep: 1179 | Steps:   22 | Reward:    39.03
Total T:   26273 | Ep: 1180 | Steps:   22 | Reward:    38.56
Total T:   26295 | Ep: 1181 | Steps:   22 | Reward:    38.73
Total T:   26318 | Ep: 1182 | Steps:   23 | Reward:    39.99
Total T:   26380 | Ep: 1183 | Steps:   62 | Reward:   113.20
Total T:   26467 | Ep: 1184 | Steps:   87 | Reward:   170.79
Total T:   26535 | Ep: 1185 | Steps:   68 | Reward:   120.13
Total T:   26622 | Ep: 1186 | Steps:   87 | Reward:   168.58
Total T:   26708 | Ep: 1187 | Steps:   86 | Reward:   170.88
Total T:   26795 | Ep: 1188 | Steps:   87 | Reward:   172.53
Total T:   26879 | Ep: 1189 | Steps:   84 | Reward:   169.09
Total T:   26957 | Ep: 1190 | Steps:   78 | Reward:   151.95
Total T:   27035 | Ep: 1191 | Steps:   78 | Reward:   155.01
Total T:   27115 | Ep: 1192 | Steps:   80 | Reward:   157.86
Total T:   27190 | Ep: 1193 | Steps:   75 | Reward:   142.79
Total T:   27271 | Ep: 1194 | Steps:   81 | Reward:   166.92
Total T:   27348 | Ep: 1195 | Steps:   77 | Reward:   152.47
Total T:   27422 | Ep: 1196 | Steps:   74 | Reward:   142.14
Total T:   27490 | Ep: 1197 | Steps:   68 | Reward:   126.71
Total T:   27560 | Ep: 1198 | Steps:   70 | Reward:   131.84
Total T:   27627 | Ep: 1199 | Steps:   67 | Reward:   123.97
Total T:   27695 | Ep: 1200 | Steps:   68 | Reward:   126.35
Total T:   27760 | Ep: 1201 | Steps:   65 | Reward:   120.77
Total T:   27833 | Ep: 1202 | Steps:   73 | Reward:   138.49
Total T:   27913 | Ep: 1203 | Steps:   80 | Reward:   156.89
Total T:   27989 | Ep: 1204 | Steps:   76 | Reward:   146.31
Total T:   28076 | Ep: 1205 | Steps:   87 | Reward:   176.12
Total T:   28163 | Ep: 1206 | Steps:   87 | Reward:   175.97
Total T:   28250 | Ep: 1207 | Steps:   87 | Reward:   177.33
Total T:   28337 | Ep: 1208 | Steps:   87 | Reward:   179.03
Total T:   28422 | Ep: 1209 | Steps:   85 | Reward:   177.22
Total T:   28508 | Ep: 1210 | Steps:   86 | Reward:   173.83
Total T:   28594 | Ep: 1211 | Steps:   86 | Reward:   179.90
Total T:   28679 | Ep: 1212 | Steps:   85 | Reward:   178.70
Total T:   28765 | Ep: 1213 | Steps:   86 | Reward:   174.65
Total T:   28850 | Ep: 1214 | Steps:   85 | Reward:   177.39
Total T:   28936 | Ep: 1215 | Steps:   86 | Reward:   178.74
Total T:   29023 | Ep: 1216 | Steps:   87 | Reward:   177.54
Total T:   29111 | Ep: 1217 | Steps:   88 | Reward:   178.15
Total T:   29197 | Ep: 1218 | Steps:   86 | Reward:   178.21
Total T:   29283 | Ep: 1219 | Steps:   86 | Reward:   169.26
Total T:   29369 | Ep: 1220 | Steps:   86 | Reward:   179.10
Total T:   29454 | Ep: 1221 | Steps:   85 | Reward:   177.84
Total T:   29540 | Ep: 1222 | Steps:   86 | Reward:   175.68
Total T:   29626 | Ep: 1223 | Steps:   86 | Reward:   174.43
Total T:   29712 | Ep: 1224 | Steps:   86 | Reward:   173.90
Total T:   29797 | Ep: 1225 | Steps:   85 | Reward:   172.82
Total T:   29884 | Ep: 1226 | Steps:   87 | Reward:   177.58
Total T:   29971 | Ep: 1227 | Steps:   87 | Reward:   172.49
---------------------------------------
Evaluation over 10 episodes: 174.702
---------------------------------------
Total T:   30058 | Ep: 1228 | Steps:   87 | Reward:   172.31
Total T:   30144 | Ep: 1229 | Steps:   86 | Reward:   174.47
Total T:   30231 | Ep: 1230 | Steps:   87 | Reward:   172.48
Total T:   30319 | Ep: 1231 | Steps:   88 | Reward:   175.29
Total T:   30405 | Ep: 1232 | Steps:   86 | Reward:   173.00
Total T:   30491 | Ep: 1233 | Steps:   86 | Reward:   172.49
Total T:   30578 | Ep: 1234 | Steps:   87 | Reward:   172.98
Total T:   30665 | Ep: 1235 | Steps:   87 | Reward:   174.68
Total T:   30751 | Ep: 1236 | Steps:   86 | Reward:   173.50
Total T:   30837 | Ep: 1237 | Steps:   86 | Reward:   174.24
Total T:   30924 | Ep: 1238 | Steps:   87 | Reward:   175.34
Total T:   31010 | Ep: 1239 | Steps:   86 | Reward:   174.60
Total T:   31097 | Ep: 1240 | Steps:   87 | Reward:   173.26
Total T:   31183 | Ep: 1241 | Steps:   86 | Reward:   171.66
Total T:   31269 | Ep: 1242 | Steps:   86 | Reward:   175.12
Total T:   31354 | Ep: 1243 | Steps:   85 | Reward:   172.42
Total T:   31439 | Ep: 1244 | Steps:   85 | Reward:   177.39
Total T:   31519 | Ep: 1245 | Steps:   80 | Reward:   173.43
Total T:   31603 | Ep: 1246 | Steps:   84 | Reward:   181.00
Total T:   31688 | Ep: 1247 | Steps:   85 | Reward:   185.59
Total T:   31771 | Ep: 1248 | Steps:   83 | Reward:   176.98
Total T:   31857 | Ep: 1249 | Steps:   86 | Reward:   186.26
Total T:   31942 | Ep: 1250 | Steps:   85 | Reward:   186.63
Total T:   32028 | Ep: 1251 | Steps:   86 | Reward:   188.44
Total T:   32113 | Ep: 1252 | Steps:   85 | Reward:   181.64
Total T:   32199 | Ep: 1253 | Steps:   86 | Reward:   192.46
Total T:   32286 | Ep: 1254 | Steps:   87 | Reward:   194.74
Total T:   32370 | Ep: 1255 | Steps:   84 | Reward:   183.74
Total T:   32457 | Ep: 1256 | Steps:   87 | Reward:   194.73
Total T:   32543 | Ep: 1257 | Steps:   86 | Reward:   190.57
Total T:   32627 | Ep: 1258 | Steps:   84 | Reward:   185.95
Total T:   32712 | Ep: 1259 | Steps:   85 | Reward:   189.38
Total T:   32798 | Ep: 1260 | Steps:   86 | Reward:   190.67
Total T:   32882 | Ep: 1261 | Steps:   84 | Reward:   184.64
Total T:   32964 | Ep: 1262 | Steps:   82 | Reward:   159.84
Total T:   33048 | Ep: 1263 | Steps:   84 | Reward:   184.50
Total T:   33131 | Ep: 1264 | Steps:   83 | Reward:   182.18
Total T:   33204 | Ep: 1265 | Steps:   73 | Reward:   137.49
Total T:   33290 | Ep: 1266 | Steps:   86 | Reward:   190.86
Total T:   33373 | Ep: 1267 | Steps:   83 | Reward:   183.60
Total T:   33459 | Ep: 1268 | Steps:   86 | Reward:   192.53
Total T:   33544 | Ep: 1269 | Steps:   85 | Reward:   187.05
Total T:   33629 | Ep: 1270 | Steps:   85 | Reward:   189.50
Total T:   33713 | Ep: 1271 | Steps:   84 | Reward:   187.06
Total T:   33800 | Ep: 1272 | Steps:   87 | Reward:   171.83
Total T:   33883 | Ep: 1273 | Steps:   83 | Reward:   183.08
Total T:   33968 | Ep: 1274 | Steps:   85 | Reward:   171.69
Total T:   34050 | Ep: 1275 | Steps:   82 | Reward:   178.44
Total T:   34133 | Ep: 1276 | Steps:   83 | Reward:   184.58
Total T:   34219 | Ep: 1277 | Steps:   86 | Reward:   192.91
Total T:   34303 | Ep: 1278 | Steps:   84 | Reward:   187.02
Total T:   34387 | Ep: 1279 | Steps:   84 | Reward:   186.97
Total T:   34472 | Ep: 1280 | Steps:   85 | Reward:   191.91
Total T:   34557 | Ep: 1281 | Steps:   85 | Reward:   191.78
Total T:   34638 | Ep: 1282 | Steps:   81 | Reward:   177.50
Total T:   34721 | Ep: 1283 | Steps:   83 | Reward:   182.55
Total T:   34804 | Ep: 1284 | Steps:   83 | Reward:   181.22
Total T:   34889 | Ep: 1285 | Steps:   85 | Reward:   190.70
Total T:   34974 | Ep: 1286 | Steps:   85 | Reward:   190.82
Total T:   35060 | Ep: 1287 | Steps:   86 | Reward:   195.68
Total T:   35143 | Ep: 1288 | Steps:   83 | Reward:   185.79
Total T:   35226 | Ep: 1289 | Steps:   83 | Reward:   184.19
Total T:   35309 | Ep: 1290 | Steps:   83 | Reward:   184.56
Total T:   35390 | Ep: 1291 | Steps:   81 | Reward:   180.02
Total T:   35474 | Ep: 1292 | Steps:   84 | Reward:   169.07
Total T:   35556 | Ep: 1293 | Steps:   82 | Reward:   184.67
Total T:   35640 | Ep: 1294 | Steps:   84 | Reward:   175.14
Total T:   35722 | Ep: 1295 | Steps:   82 | Reward:   183.39
Total T:   35807 | Ep: 1296 | Steps:   85 | Reward:   192.03
Total T:   35890 | Ep: 1297 | Steps:   83 | Reward:   185.50
Total T:   35973 | Ep: 1298 | Steps:   83 | Reward:   186.09
Total T:   36060 | Ep: 1299 | Steps:   87 | Reward:   200.76
Total T:   36147 | Ep: 1300 | Steps:   87 | Reward:   196.95
Total T:   36234 | Ep: 1301 | Steps:   87 | Reward:   197.46
Total T:   36320 | Ep: 1302 | Steps:   86 | Reward:   196.93
Total T:   36404 | Ep: 1303 | Steps:   84 | Reward:   188.52
Total T:   36487 | Ep: 1304 | Steps:   83 | Reward:   184.41
Total T:   36577 | Ep: 1305 | Steps:   90 | Reward:   207.84
Total T:   36667 | Ep: 1306 | Steps:   90 | Reward:   209.13
Total T:   36757 | Ep: 1307 | Steps:   90 | Reward:   207.79
Total T:   36849 | Ep: 1308 | Steps:   92 | Reward:   211.41
Total T:   36936 | Ep: 1309 | Steps:   87 | Reward:   199.27
Total T:   37025 | Ep: 1310 | Steps:   89 | Reward:   182.35
Total T:   37114 | Ep: 1311 | Steps:   89 | Reward:   183.52
Total T:   37202 | Ep: 1312 | Steps:   88 | Reward:   182.07
Total T:   37291 | Ep: 1313 | Steps:   89 | Reward:   183.43
Total T:   37380 | Ep: 1314 | Steps:   89 | Reward:   180.81
Total T:   37464 | Ep: 1315 | Steps:   84 | Reward:   175.66
Total T:   37558 | Ep: 1316 | Steps:   94 | Reward:   208.11
Total T:   37651 | Ep: 1317 | Steps:   93 | Reward:   217.31
Total T:   37748 | Ep: 1318 | Steps:   97 | Reward:   193.16
Total T:   37837 | Ep: 1319 | Steps:   89 | Reward:   183.93
Total T:   37930 | Ep: 1320 | Steps:   93 | Reward:   213.70
Total T:   38028 | Ep: 1321 | Steps:   98 | Reward:   223.29
Total T:   38120 | Ep: 1322 | Steps:   92 | Reward:   211.82
Total T:   38208 | Ep: 1323 | Steps:   88 | Reward:   196.38
Total T:   38300 | Ep: 1324 | Steps:   92 | Reward:   212.08
Total T:   38391 | Ep: 1325 | Steps:   91 | Reward:   209.94
Total T:   38479 | Ep: 1326 | Steps:   88 | Reward:   202.79
Total T:   38568 | Ep: 1327 | Steps:   89 | Reward:   206.08
Total T:   38654 | Ep: 1328 | Steps:   86 | Reward:   191.83
Total T:   38743 | Ep: 1329 | Steps:   89 | Reward:   203.25
Total T:   38827 | Ep: 1330 | Steps:   84 | Reward:   193.16
Total T:   38917 | Ep: 1331 | Steps:   90 | Reward:   204.48
Total T:   39006 | Ep: 1332 | Steps:   89 | Reward:   204.00
Total T:   39095 | Ep: 1333 | Steps:   89 | Reward:   202.22
Total T:   39186 | Ep: 1334 | Steps:   91 | Reward:   207.15
Total T:   39275 | Ep: 1335 | Steps:   89 | Reward:   206.53
Total T:   39363 | Ep: 1336 | Steps:   88 | Reward:   205.62
Total T:   39449 | Ep: 1337 | Steps:   86 | Reward:   198.62
Total T:   39538 | Ep: 1338 | Steps:   89 | Reward:   202.43
Total T:   39631 | Ep: 1339 | Steps:   93 | Reward:   214.03
Total T:   39722 | Ep: 1340 | Steps:   91 | Reward:   203.22
Total T:   39812 | Ep: 1341 | Steps:   90 | Reward:   204.46
Total T:   39902 | Ep: 1342 | Steps:   90 | Reward:   201.52
---------------------------------------
Evaluation over 10 episodes: 213.715
---------------------------------------
Total T:   40008 | Ep: 1343 | Steps:  106 | Reward:   245.07
Total T:   40108 | Ep: 1344 | Steps:  100 | Reward:   221.83
Total T:   40220 | Ep: 1345 | Steps:  112 | Reward:   255.24
Total T:   40331 | Ep: 1346 | Steps:  111 | Reward:   256.81
Total T:   40441 | Ep: 1347 | Steps:  110 | Reward:   254.88
Total T:   40549 | Ep: 1348 | Steps:  108 | Reward:   247.97
Total T:   40664 | Ep: 1349 | Steps:  115 | Reward:   264.92
Total T:   40767 | Ep: 1350 | Steps:  103 | Reward:   240.95
Total T:   40880 | Ep: 1351 | Steps:  113 | Reward:   255.99
Total T:   40987 | Ep: 1352 | Steps:  107 | Reward:   242.68
Total T:   41095 | Ep: 1353 | Steps:  108 | Reward:   246.47
Total T:   41201 | Ep: 1354 | Steps:  106 | Reward:   237.14
Total T:   41308 | Ep: 1355 | Steps:  107 | Reward:   239.69
Total T:   41419 | Ep: 1356 | Steps:  111 | Reward:   251.99
Total T:   41527 | Ep: 1357 | Steps:  108 | Reward:   248.56
Total T:   41641 | Ep: 1358 | Steps:  114 | Reward:   259.20
Total T:   41757 | Ep: 1359 | Steps:  116 | Reward:   262.39
Total T:   41872 | Ep: 1360 | Steps:  115 | Reward:   271.43
Total T:   41993 | Ep: 1361 | Steps:  121 | Reward:   280.05
Total T:   42111 | Ep: 1362 | Steps:  118 | Reward:   267.41
Total T:   42230 | Ep: 1363 | Steps:  119 | Reward:   271.98
Total T:   42348 | Ep: 1364 | Steps:  118 | Reward:   274.39
Total T:   42463 | Ep: 1365 | Steps:  115 | Reward:   266.71
Total T:   42588 | Ep: 1366 | Steps:  125 | Reward:   292.53
Total T:   42711 | Ep: 1367 | Steps:  123 | Reward:   285.03
Total T:   42840 | Ep: 1368 | Steps:  129 | Reward:   296.29
Total T:   42936 | Ep: 1369 | Steps:   96 | Reward:   200.34
Total T:   43062 | Ep: 1370 | Steps:  126 | Reward:   288.42
Total T:   43194 | Ep: 1371 | Steps:  132 | Reward:   298.44
Total T:   43328 | Ep: 1372 | Steps:  134 | Reward:   302.57
Total T:   43453 | Ep: 1373 | Steps:  125 | Reward:   297.52
Total T:   43575 | Ep: 1374 | Steps:  122 | Reward:   286.73
Total T:   43697 | Ep: 1375 | Steps:  122 | Reward:   284.35
Total T:   43815 | Ep: 1376 | Steps:  118 | Reward:   279.89
Total T:   43942 | Ep: 1377 | Steps:  127 | Reward:   292.83
Total T:   44061 | Ep: 1378 | Steps:  119 | Reward:   279.03
Total T:   44182 | Ep: 1379 | Steps:  121 | Reward:   279.78
Total T:   44301 | Ep: 1380 | Steps:  119 | Reward:   280.21
Total T:   44418 | Ep: 1381 | Steps:  117 | Reward:   273.53
Total T:   44519 | Ep: 1382 | Steps:  101 | Reward:   234.01
Total T:   44635 | Ep: 1383 | Steps:  116 | Reward:   268.58
Total T:   44749 | Ep: 1384 | Steps:  114 | Reward:   266.57
Total T:   44864 | Ep: 1385 | Steps:  115 | Reward:   269.17
Total T:   44979 | Ep: 1386 | Steps:  115 | Reward:   271.03
Total T:   45091 | Ep: 1387 | Steps:  112 | Reward:   265.37
Total T:   45204 | Ep: 1388 | Steps:  113 | Reward:   267.34
Total T:   45313 | Ep: 1389 | Steps:  109 | Reward:   263.63
Total T:   45436 | Ep: 1390 | Steps:  123 | Reward:   273.29
Total T:   45556 | Ep: 1391 | Steps:  120 | Reward:   271.67
Total T:   45672 | Ep: 1392 | Steps:  116 | Reward:   269.97
Total T:   45790 | Ep: 1393 | Steps:  118 | Reward:   272.04
Total T:   45897 | Ep: 1394 | Steps:  107 | Reward:   257.60
Total T:   46005 | Ep: 1395 | Steps:  108 | Reward:   262.42
Total T:   46111 | Ep: 1396 | Steps:  106 | Reward:   256.72
Total T:   46222 | Ep: 1397 | Steps:  111 | Reward:   268.92
Total T:   46343 | Ep: 1398 | Steps:  121 | Reward:   281.76
Total T:   46450 | Ep: 1399 | Steps:  107 | Reward:   259.84
Total T:   46552 | Ep: 1400 | Steps:  102 | Reward:   248.78
Total T:   46671 | Ep: 1401 | Steps:  119 | Reward:   274.54
Total T:   46789 | Ep: 1402 | Steps:  118 | Reward:   277.03
Total T:   46901 | Ep: 1403 | Steps:  112 | Reward:   267.23
Total T:   47004 | Ep: 1404 | Steps:  103 | Reward:   251.01
Total T:   47113 | Ep: 1405 | Steps:  109 | Reward:   264.42
Total T:   47243 | Ep: 1406 | Steps:  130 | Reward:   289.95
Total T:   47368 | Ep: 1407 | Steps:  125 | Reward:   284.57
Total T:   47493 | Ep: 1408 | Steps:  125 | Reward:   283.10
Total T:   47623 | Ep: 1409 | Steps:  130 | Reward:   299.13
Total T:   47740 | Ep: 1410 | Steps:  117 | Reward:   285.35
Total T:   47866 | Ep: 1411 | Steps:  126 | Reward:   295.06
Total T:   47994 | Ep: 1412 | Steps:  128 | Reward:   296.77
Total T:   48109 | Ep: 1413 | Steps:  115 | Reward:   278.95
Total T:   48246 | Ep: 1414 | Steps:  137 | Reward:   310.60
Total T:   48382 | Ep: 1415 | Steps:  136 | Reward:   304.94
Total T:   48506 | Ep: 1416 | Steps:  124 | Reward:   294.65
Total T:   48635 | Ep: 1417 | Steps:  129 | Reward:   306.59
Total T:   48770 | Ep: 1418 | Steps:  135 | Reward:   304.90
Total T:   48901 | Ep: 1419 | Steps:  131 | Reward:   308.19
Total T:   49037 | Ep: 1420 | Steps:  136 | Reward:   309.93
Total T:   49172 | Ep: 1421 | Steps:  135 | Reward:   307.86
Total T:   49309 | Ep: 1422 | Steps:  137 | Reward:   304.91
Total T:   49444 | Ep: 1423 | Steps:  135 | Reward:   303.51
Total T:   49573 | Ep: 1424 | Steps:  129 | Reward:   303.50
Total T:   49709 | Ep: 1425 | Steps:  136 | Reward:   306.69
Total T:   49842 | Ep: 1426 | Steps:  133 | Reward:   296.67
Total T:   49973 | Ep: 1427 | Steps:  131 | Reward:   295.33
---------------------------------------
Evaluation over 10 episodes: 300.214
---------------------------------------
Total T:   50102 | Ep: 1428 | Steps:  129 | Reward:   301.66
Total T:   50231 | Ep: 1429 | Steps:  129 | Reward:   296.60
Total T:   50356 | Ep: 1430 | Steps:  125 | Reward:   290.89
Total T:   50488 | Ep: 1431 | Steps:  132 | Reward:   300.26
Total T:   50610 | Ep: 1432 | Steps:  122 | Reward:   291.73
Total T:   50733 | Ep: 1433 | Steps:  123 | Reward:   295.60
Total T:   50860 | Ep: 1434 | Steps:  127 | Reward:   296.71
Total T:   50980 | Ep: 1435 | Steps:  120 | Reward:   288.60
Total T:   51098 | Ep: 1436 | Steps:  118 | Reward:   285.93
Total T:   51218 | Ep: 1437 | Steps:  120 | Reward:   285.04
Total T:   51340 | Ep: 1438 | Steps:  122 | Reward:   286.67
Total T:   51458 | Ep: 1439 | Steps:  118 | Reward:   286.09
Total T:   51575 | Ep: 1440 | Steps:  117 | Reward:   279.09
Total T:   51696 | Ep: 1441 | Steps:  121 | Reward:   289.43
Total T:   51816 | Ep: 1442 | Steps:  120 | Reward:   284.99
Total T:   51936 | Ep: 1443 | Steps:  120 | Reward:   286.37
Total T:   52055 | Ep: 1444 | Steps:  119 | Reward:   282.72
Total T:   52174 | Ep: 1445 | Steps:  119 | Reward:   279.50
Total T:   52296 | Ep: 1446 | Steps:  122 | Reward:   291.06
Total T:   52412 | Ep: 1447 | Steps:  116 | Reward:   276.74
Total T:   52528 | Ep: 1448 | Steps:  116 | Reward:   282.55
Total T:   52645 | Ep: 1449 | Steps:  117 | Reward:   290.57
Total T:   52765 | Ep: 1450 | Steps:  120 | Reward:   288.91
Total T:   52882 | Ep: 1451 | Steps:  117 | Reward:   285.86
Total T:   53002 | Ep: 1452 | Steps:  120 | Reward:   294.90
Total T:   53123 | Ep: 1453 | Steps:  121 | Reward:   295.01
Total T:   53241 | Ep: 1454 | Steps:  118 | Reward:   297.25
Total T:   53335 | Ep: 1455 | Steps:   94 | Reward:   212.38
Total T:   53461 | Ep: 1456 | Steps:  126 | Reward:   319.62
Total T:   53585 | Ep: 1457 | Steps:  124 | Reward:   322.40
Total T:   53698 | Ep: 1458 | Steps:  113 | Reward:   283.07
Total T:   53812 | Ep: 1459 | Steps:  114 | Reward:   282.77
Total T:   53933 | Ep: 1460 | Steps:  121 | Reward:   305.98
Total T:   54051 | Ep: 1461 | Steps:  118 | Reward:   286.27
Total T:   54168 | Ep: 1462 | Steps:  117 | Reward:   282.50
Total T:   54296 | Ep: 1463 | Steps:  128 | Reward:   277.13
Total T:   54411 | Ep: 1464 | Steps:  115 | Reward:   278.85
Total T:   54527 | Ep: 1465 | Steps:  116 | Reward:   286.02
Total T:   54645 | Ep: 1466 | Steps:  118 | Reward:   285.70
Total T:   54759 | Ep: 1467 | Steps:  114 | Reward:   271.39
Total T:   54871 | Ep: 1468 | Steps:  112 | Reward:   266.77
Total T:   54982 | Ep: 1469 | Steps:  111 | Reward:   268.35
Total T:   55102 | Ep: 1470 | Steps:  120 | Reward:   293.94
Total T:   55227 | Ep: 1471 | Steps:  125 | Reward:   318.91
Total T:   55352 | Ep: 1472 | Steps:  125 | Reward:   319.95
Total T:   55471 | Ep: 1473 | Steps:  119 | Reward:   295.33
Total T:   55591 | Ep: 1474 | Steps:  120 | Reward:   304.12
Total T:   55709 | Ep: 1475 | Steps:  118 | Reward:   297.72
Total T:   55828 | Ep: 1476 | Steps:  119 | Reward:   304.66
Total T:   55943 | Ep: 1477 | Steps:  115 | Reward:   289.96
Total T:   56065 | Ep: 1478 | Steps:  122 | Reward:   312.93
Total T:   56185 | Ep: 1479 | Steps:  120 | Reward:   310.95
Total T:   56309 | Ep: 1480 | Steps:  124 | Reward:   318.64
Total T:   56431 | Ep: 1481 | Steps:  122 | Reward:   311.79
Total T:   56547 | Ep: 1482 | Steps:  116 | Reward:   289.48
Total T:   56669 | Ep: 1483 | Steps:  122 | Reward:   318.10
Total T:   56787 | Ep: 1484 | Steps:  118 | Reward:   295.11
Total T:   56907 | Ep: 1485 | Steps:  120 | Reward:   302.91
Total T:   57027 | Ep: 1486 | Steps:  120 | Reward:   302.59
Total T:   57149 | Ep: 1487 | Steps:  122 | Reward:   310.29
Total T:   57266 | Ep: 1488 | Steps:  117 | Reward:   293.40
Total T:   57384 | Ep: 1489 | Steps:  118 | Reward:   297.22
Total T:   57503 | Ep: 1490 | Steps:  119 | Reward:   298.70
Total T:   57622 | Ep: 1491 | Steps:  119 | Reward:   297.89
Total T:   57739 | Ep: 1492 | Steps:  117 | Reward:   293.91
Total T:   57856 | Ep: 1493 | Steps:  117 | Reward:   290.54
Total T:   57973 | Ep: 1494 | Steps:  117 | Reward:   285.89
Total T:   58089 | Ep: 1495 | Steps:  116 | Reward:   280.11
Total T:   58201 | Ep: 1496 | Steps:  112 | Reward:   272.27
Total T:   58318 | Ep: 1497 | Steps:  117 | Reward:   288.53
Total T:   58433 | Ep: 1498 | Steps:  115 | Reward:   276.68
Total T:   58548 | Ep: 1499 | Steps:  115 | Reward:   280.60
Total T:   58664 | Ep: 1500 | Steps:  116 | Reward:   285.47
Total T:   58778 | Ep: 1501 | Steps:  114 | Reward:   277.65
Total T:   58892 | Ep: 1502 | Steps:  114 | Reward:   276.06
Total T:   59004 | Ep: 1503 | Steps:  112 | Reward:   267.89
Total T:   59114 | Ep: 1504 | Steps:  110 | Reward:   263.47
Total T:   59225 | Ep: 1505 | Steps:  111 | Reward:   267.64
Total T:   59337 | Ep: 1506 | Steps:  112 | Reward:   269.80
Total T:   59449 | Ep: 1507 | Steps:  112 | Reward:   270.67
Total T:   59560 | Ep: 1508 | Steps:  111 | Reward:   267.10
Total T:   59672 | Ep: 1509 | Steps:  112 | Reward:   270.85
Total T:   59779 | Ep: 1510 | Steps:  107 | Reward:   257.99
Total T:   59887 | Ep: 1511 | Steps:  108 | Reward:   257.17
Total T:   59999 | Ep: 1512 | Steps:  112 | Reward:   268.94
---------------------------------------
Evaluation over 10 episodes: 259.184
---------------------------------------
Total T:   60105 | Ep: 1513 | Steps:  106 | Reward:   256.06
Total T:   60211 | Ep: 1514 | Steps:  106 | Reward:   253.97
Total T:   60320 | Ep: 1515 | Steps:  109 | Reward:   260.22
Total T:   60423 | Ep: 1516 | Steps:  103 | Reward:   247.35
Total T:   60527 | Ep: 1517 | Steps:  104 | Reward:   248.50
Total T:   60629 | Ep: 1518 | Steps:  102 | Reward:   240.65
Total T:   60732 | Ep: 1519 | Steps:  103 | Reward:   244.48
Total T:   60833 | Ep: 1520 | Steps:  101 | Reward:   242.32
Total T:   60934 | Ep: 1521 | Steps:  101 | Reward:   238.96
Total T:   61035 | Ep: 1522 | Steps:  101 | Reward:   237.93
Total T:   61136 | Ep: 1523 | Steps:  101 | Reward:   241.38
Total T:   61234 | Ep: 1524 | Steps:   98 | Reward:   216.95
Total T:   61332 | Ep: 1525 | Steps:   98 | Reward:   217.78
Total T:   61429 | Ep: 1526 | Steps:   97 | Reward:   213.39
Total T:   61525 | Ep: 1527 | Steps:   96 | Reward:   223.46
Total T:   61621 | Ep: 1528 | Steps:   96 | Reward:   216.28
Total T:   61722 | Ep: 1529 | Steps:  101 | Reward:   237.33
Total T:   61822 | Ep: 1530 | Steps:  100 | Reward:   236.94
Total T:   61918 | Ep: 1531 | Steps:   96 | Reward:   222.06
Total T:   62013 | Ep: 1532 | Steps:   95 | Reward:   215.12
Total T:   62111 | Ep: 1533 | Steps:   98 | Reward:   225.14
Total T:   62208 | Ep: 1534 | Steps:   97 | Reward:   229.51
Total T:   62310 | Ep: 1535 | Steps:  102 | Reward:   220.41
Total T:   62407 | Ep: 1536 | Steps:   97 | Reward:   226.28
Total T:   62507 | Ep: 1537 | Steps:  100 | Reward:   235.32
Total T:   62608 | Ep: 1538 | Steps:  101 | Reward:   238.52
Total T:   62707 | Ep: 1539 | Steps:   99 | Reward:   231.57
Total T:   62803 | Ep: 1540 | Steps:   96 | Reward:   212.66
Total T:   62902 | Ep: 1541 | Steps:   99 | Reward:   232.02
Total T:   63004 | Ep: 1542 | Steps:  102 | Reward:   240.36
Total T:   63104 | Ep: 1543 | Steps:  100 | Reward:   232.29
Total T:   63203 | Ep: 1544 | Steps:   99 | Reward:   233.26
Total T:   63305 | Ep: 1545 | Steps:  102 | Reward:   240.27
Total T:   63407 | Ep: 1546 | Steps:  102 | Reward:   243.18
Total T:   63505 | Ep: 1547 | Steps:   98 | Reward:   227.42
Total T:   63609 | Ep: 1548 | Steps:  104 | Reward:   244.12
Total T:   63715 | Ep: 1549 | Steps:  106 | Reward:   251.17
Total T:   63816 | Ep: 1550 | Steps:  101 | Reward:   239.77
Total T:   63922 | Ep: 1551 | Steps:  106 | Reward:   251.59
Total T:   64024 | Ep: 1552 | Steps:  102 | Reward:   238.81
Total T:   64128 | Ep: 1553 | Steps:  104 | Reward:   246.09
Total T:   64233 | Ep: 1554 | Steps:  105 | Reward:   247.81
Total T:   64339 | Ep: 1555 | Steps:  106 | Reward:   249.52
Total T:   64442 | Ep: 1556 | Steps:  103 | Reward:   241.11
Total T:   64550 | Ep: 1557 | Steps:  108 | Reward:   255.91
Total T:   64655 | Ep: 1558 | Steps:  105 | Reward:   246.45
Total T:   64763 | Ep: 1559 | Steps:  108 | Reward:   255.29
Total T:   64870 | Ep: 1560 | Steps:  107 | Reward:   253.12
Total T:   64975 | Ep: 1561 | Steps:  105 | Reward:   248.96
Total T:   65078 | Ep: 1562 | Steps:  103 | Reward:   242.90
Total T:   65180 | Ep: 1563 | Steps:  102 | Reward:   240.77
Total T:   65283 | Ep: 1564 | Steps:  103 | Reward:   243.71
Total T:   65389 | Ep: 1565 | Steps:  106 | Reward:   249.66
Total T:   65491 | Ep: 1566 | Steps:  102 | Reward:   242.17
Total T:   65595 | Ep: 1567 | Steps:  104 | Reward:   248.18
Total T:   65702 | Ep: 1568 | Steps:  107 | Reward:   252.42
Total T:   65809 | Ep: 1569 | Steps:  107 | Reward:   250.36
Total T:   65915 | Ep: 1570 | Steps:  106 | Reward:   249.40
Total T:   66023 | Ep: 1571 | Steps:  108 | Reward:   255.12
Total T:   66127 | Ep: 1572 | Steps:  104 | Reward:   247.09
Total T:   66232 | Ep: 1573 | Steps:  105 | Reward:   248.63
Total T:   66335 | Ep: 1574 | Steps:  103 | Reward:   245.97
Total T:   66437 | Ep: 1575 | Steps:  102 | Reward:   244.08
Total T:   66539 | Ep: 1576 | Steps:  102 | Reward:   240.34
Total T:   66640 | Ep: 1577 | Steps:  101 | Reward:   239.37
Total T:   66745 | Ep: 1578 | Steps:  105 | Reward:   251.12
Total T:   66845 | Ep: 1579 | Steps:  100 | Reward:   239.49
Total T:   66946 | Ep: 1580 | Steps:  101 | Reward:   240.19
Total T:   67052 | Ep: 1581 | Steps:  106 | Reward:   256.08
Total T:   67154 | Ep: 1582 | Steps:  102 | Reward:   244.90
Total T:   67259 | Ep: 1583 | Steps:  105 | Reward:   249.27
Total T:   67359 | Ep: 1584 | Steps:  100 | Reward:   236.20
Total T:   67462 | Ep: 1585 | Steps:  103 | Reward:   246.50
Total T:   67563 | Ep: 1586 | Steps:  101 | Reward:   242.51
Total T:   67665 | Ep: 1587 | Steps:  102 | Reward:   241.32
Total T:   67768 | Ep: 1588 | Steps:  103 | Reward:   245.15
Total T:   67871 | Ep: 1589 | Steps:  103 | Reward:   245.63
Total T:   67973 | Ep: 1590 | Steps:  102 | Reward:   241.45
Total T:   68075 | Ep: 1591 | Steps:  102 | Reward:   243.77
Total T:   68179 | Ep: 1592 | Steps:  104 | Reward:   251.42
Total T:   68284 | Ep: 1593 | Steps:  105 | Reward:   252.43
Total T:   68389 | Ep: 1594 | Steps:  105 | Reward:   249.22
Total T:   68496 | Ep: 1595 | Steps:  107 | Reward:   251.95
Total T:   68601 | Ep: 1596 | Steps:  105 | Reward:   247.27
Total T:   68707 | Ep: 1597 | Steps:  106 | Reward:   254.10
Total T:   68814 | Ep: 1598 | Steps:  107 | Reward:   254.26
Total T:   68920 | Ep: 1599 | Steps:  106 | Reward:   255.15
Total T:   69026 | Ep: 1600 | Steps:  106 | Reward:   259.53
Total T:   69132 | Ep: 1601 | Steps:  106 | Reward:   252.55
Total T:   69237 | Ep: 1602 | Steps:  105 | Reward:   245.75
Total T:   69347 | Ep: 1603 | Steps:  110 | Reward:   267.90
Total T:   69459 | Ep: 1604 | Steps:  112 | Reward:   271.74
Total T:   69565 | Ep: 1605 | Steps:  106 | Reward:   254.42
Total T:   69678 | Ep: 1606 | Steps:  113 | Reward:   289.18
Total T:   69792 | Ep: 1607 | Steps:  114 | Reward:   288.32
Total T:   69903 | Ep: 1608 | Steps:  111 | Reward:   274.18
---------------------------------------
Evaluation over 10 episodes: 263.503
---------------------------------------
Total T:   70006 | Ep: 1609 | Steps:  103 | Reward:   250.35
Total T:   70128 | Ep: 1610 | Steps:  122 | Reward:   321.79
Total T:   70230 | Ep: 1611 | Steps:  102 | Reward:   251.07
Total T:   70345 | Ep: 1612 | Steps:  115 | Reward:   297.54
Total T:   70463 | Ep: 1613 | Steps:  118 | Reward:   313.01
Total T:   70585 | Ep: 1614 | Steps:  122 | Reward:   314.00
Total T:   70705 | Ep: 1615 | Steps:  120 | Reward:   316.90
Total T:   70815 | Ep: 1616 | Steps:  110 | Reward:   280.22
Total T:   70935 | Ep: 1617 | Steps:  120 | Reward:   302.37
Total T:   71057 | Ep: 1618 | Steps:  122 | Reward:   291.37
Total T:   71181 | Ep: 1619 | Steps:  124 | Reward:   306.41
Total T:   71304 | Ep: 1620 | Steps:  123 | Reward:   305.29
Total T:   71427 | Ep: 1621 | Steps:  123 | Reward:   305.41
Total T:   71553 | Ep: 1622 | Steps:  126 | Reward:   306.67
Total T:   71679 | Ep: 1623 | Steps:  126 | Reward:   307.23
Total T:   71805 | Ep: 1624 | Steps:  126 | Reward:   308.60
Total T:   71938 | Ep: 1625 | Steps:  133 | Reward:   315.75
Total T:   72061 | Ep: 1626 | Steps:  123 | Reward:   296.02
Total T:   72202 | Ep: 1627 | Steps:  141 | Reward:   344.93
Total T:   72332 | Ep: 1628 | Steps:  130 | Reward:   313.84
Total T:   72480 | Ep: 1629 | Steps:  148 | Reward:   319.03
Total T:   72596 | Ep: 1630 | Steps:  116 | Reward:   266.65
Total T:   72721 | Ep: 1631 | Steps:  125 | Reward:   292.82
Total T:   72856 | Ep: 1632 | Steps:  135 | Reward:   340.92
Total T:   72993 | Ep: 1633 | Steps:  137 | Reward:   296.36
Total T:   73140 | Ep: 1634 | Steps:  147 | Reward:   318.17
Total T:   73286 | Ep: 1635 | Steps:  146 | Reward:   317.24
Total T:   73425 | Ep: 1636 | Steps:  139 | Reward:   312.26
Total T:   73546 | Ep: 1637 | Steps:  121 | Reward:   290.29
Total T:   73691 | Ep: 1638 | Steps:  145 | Reward:   315.33
Total T:   73826 | Ep: 1639 | Steps:  135 | Reward:   306.40
Total T:   73956 | Ep: 1640 | Steps:  130 | Reward:   312.36
Total T:   74090 | Ep: 1641 | Steps:  134 | Reward:   323.43
Total T:   74241 | Ep: 1642 | Steps:  151 | Reward:   310.42
Total T:   74385 | Ep: 1643 | Steps:  144 | Reward:   301.48
Total T:   74531 | Ep: 1644 | Steps:  146 | Reward:   314.05
Total T:   74670 | Ep: 1645 | Steps:  139 | Reward:   304.93
Total T:   74791 | Ep: 1646 | Steps:  121 | Reward:   274.36
Total T:   74916 | Ep: 1647 | Steps:  125 | Reward:   308.87
Total T:   75041 | Ep: 1648 | Steps:  125 | Reward:   268.84
Total T:   75169 | Ep: 1649 | Steps:  128 | Reward:   309.24
Total T:   75291 | Ep: 1650 | Steps:  122 | Reward:   257.99
Total T:   75416 | Ep: 1651 | Steps:  125 | Reward:   302.15
Total T:   75547 | Ep: 1652 | Steps:  131 | Reward:   316.20
Total T:   75673 | Ep: 1653 | Steps:  126 | Reward:   309.35
Total T:   75795 | Ep: 1654 | Steps:  122 | Reward:   287.88
Total T:   75929 | Ep: 1655 | Steps:  134 | Reward:   326.82
Total T:   76064 | Ep: 1656 | Steps:  135 | Reward:   295.61
Total T:   76193 | Ep: 1657 | Steps:  129 | Reward:   307.48
Total T:   76322 | Ep: 1658 | Steps:  129 | Reward:   273.83
Total T:   76455 | Ep: 1659 | Steps:  133 | Reward:   290.93
Total T:   76597 | Ep: 1660 | Steps:  142 | Reward:   311.80
Total T:   76728 | Ep: 1661 | Steps:  131 | Reward:   297.84
Total T:   76858 | Ep: 1662 | Steps:  130 | Reward:   309.29
Total T:   76997 | Ep: 1663 | Steps:  139 | Reward:   303.56
Total T:   77121 | Ep: 1664 | Steps:  124 | Reward:   269.78
Total T:   77254 | Ep: 1665 | Steps:  133 | Reward:   309.09
Total T:   77381 | Ep: 1666 | Steps:  127 | Reward:   306.52
Total T:   77499 | Ep: 1667 | Steps:  118 | Reward:   272.85
Total T:   77632 | Ep: 1668 | Steps:  133 | Reward:   300.92
Total T:   77764 | Ep: 1669 | Steps:  132 | Reward:   295.10
Total T:   77891 | Ep: 1670 | Steps:  127 | Reward:   279.56
Total T:   78020 | Ep: 1671 | Steps:  129 | Reward:   317.04
Total T:   78151 | Ep: 1672 | Steps:  131 | Reward:   290.29
Total T:   78282 | Ep: 1673 | Steps:  131 | Reward:   305.68
Total T:   78409 | Ep: 1674 | Steps:  127 | Reward:   301.83
Total T:   78537 | Ep: 1675 | Steps:  128 | Reward:   316.58
Total T:   78675 | Ep: 1676 | Steps:  138 | Reward:   300.36
Total T:   78813 | Ep: 1677 | Steps:  138 | Reward:   330.73
Total T:   78938 | Ep: 1678 | Steps:  125 | Reward:   292.70
Total T:   79070 | Ep: 1679 | Steps:  132 | Reward:   302.61
Total T:   79206 | Ep: 1680 | Steps:  136 | Reward:   326.72
Total T:   79336 | Ep: 1681 | Steps:  130 | Reward:   307.98
Total T:   79470 | Ep: 1682 | Steps:  134 | Reward:   318.29
Total T:   79604 | Ep: 1683 | Steps:  134 | Reward:   320.33
Total T:   79739 | Ep: 1684 | Steps:  135 | Reward:   328.60
Total T:   79878 | Ep: 1685 | Steps:  139 | Reward:   332.34
---------------------------------------
Evaluation over 10 episodes: 310.296
---------------------------------------
Total T:   80022 | Ep: 1686 | Steps:  144 | Reward:   335.93
Total T:   80164 | Ep: 1687 | Steps:  142 | Reward:   330.97
Total T:   80293 | Ep: 1688 | Steps:  129 | Reward:   310.25
Total T:   80429 | Ep: 1689 | Steps:  136 | Reward:   319.06
Total T:   80569 | Ep: 1690 | Steps:  140 | Reward:   331.40
Total T:   80718 | Ep: 1691 | Steps:  149 | Reward:   335.18
Total T:   80863 | Ep: 1692 | Steps:  145 | Reward:   339.54
Total T:   81008 | Ep: 1693 | Steps:  145 | Reward:   334.66
Total T:   81139 | Ep: 1694 | Steps:  131 | Reward:   312.93
Total T:   81280 | Ep: 1695 | Steps:  141 | Reward:   323.84
Total T:   81427 | Ep: 1696 | Steps:  147 | Reward:   334.47
Total T:   81564 | Ep: 1697 | Steps:  137 | Reward:   308.36
Total T:   81701 | Ep: 1698 | Steps:  137 | Reward:   318.61
Total T:   81841 | Ep: 1699 | Steps:  140 | Reward:   323.53
Total T:   81986 | Ep: 1700 | Steps:  145 | Reward:   335.05
Total T:   82125 | Ep: 1701 | Steps:  139 | Reward:   323.02
Total T:   82260 | Ep: 1702 | Steps:  135 | Reward:   316.77
Total T:   82408 | Ep: 1703 | Steps:  148 | Reward:   315.12
Total T:   82563 | Ep: 1704 | Steps:  155 | Reward:   321.14
Total T:   82729 | Ep: 1705 | Steps:  166 | Reward:   335.42
Total T:   82863 | Ep: 1706 | Steps:  134 | Reward:   317.71
Total T:   83029 | Ep: 1707 | Steps:  166 | Reward:   335.01
Total T:   83182 | Ep: 1708 | Steps:  153 | Reward:   330.13
Total T:   83315 | Ep: 1709 | Steps:  133 | Reward:   311.02
Total T:   83466 | Ep: 1710 | Steps:  151 | Reward:   334.02
Total T:   83629 | Ep: 1711 | Steps:  163 | Reward:   333.99
Total T:   83774 | Ep: 1712 | Steps:  145 | Reward:   321.76
Total T:   83939 | Ep: 1713 | Steps:  165 | Reward:   334.75
Total T:   84073 | Ep: 1714 | Steps:  134 | Reward:   319.38
Total T:   84210 | Ep: 1715 | Steps:  137 | Reward:   321.30
Total T:   84347 | Ep: 1716 | Steps:  137 | Reward:   312.35
Total T:   84484 | Ep: 1717 | Steps:  137 | Reward:   306.42
Total T:   84629 | Ep: 1718 | Steps:  145 | Reward:   314.65
Total T:   84758 | Ep: 1719 | Steps:  129 | Reward:   311.18
Total T:   84915 | Ep: 1720 | Steps:  157 | Reward:   332.27
Total T:   85057 | Ep: 1721 | Steps:  142 | Reward:   321.51
Total T:   85211 | Ep: 1722 | Steps:  154 | Reward:   338.57
Total T:   85341 | Ep: 1723 | Steps:  130 | Reward:   307.81
Total T:   85479 | Ep: 1724 | Steps:  138 | Reward:   325.34
Total T:   85610 | Ep: 1725 | Steps:  131 | Reward:   311.48
Total T:   85741 | Ep: 1726 | Steps:  131 | Reward:   322.87
Total T:   85869 | Ep: 1727 | Steps:  128 | Reward:   309.37
Total T:   86018 | Ep: 1728 | Steps:  149 | Reward:   328.63
Total T:   86149 | Ep: 1729 | Steps:  131 | Reward:   322.53
Total T:   86272 | Ep: 1730 | Steps:  123 | Reward:   297.71
Total T:   86422 | Ep: 1731 | Steps:  150 | Reward:   324.70
Total T:   86576 | Ep: 1732 | Steps:  154 | Reward:   323.80
Total T:   86718 | Ep: 1733 | Steps:  142 | Reward:   332.29
Total T:   86863 | Ep: 1734 | Steps:  145 | Reward:   324.73
Total T:   86992 | Ep: 1735 | Steps:  129 | Reward:   316.15
Total T:   87121 | Ep: 1736 | Steps:  129 | Reward:   320.26
Total T:   87244 | Ep: 1737 | Steps:  123 | Reward:   301.03
Total T:   87392 | Ep: 1738 | Steps:  148 | Reward:   320.30
Total T:   87519 | Ep: 1739 | Steps:  127 | Reward:   309.94
Total T:   87659 | Ep: 1740 | Steps:  140 | Reward:   310.73
Total T:   87795 | Ep: 1741 | Steps:  136 | Reward:   327.53
Total T:   87930 | Ep: 1742 | Steps:  135 | Reward:   330.82
Total T:   88059 | Ep: 1743 | Steps:  129 | Reward:   319.60
Total T:   88183 | Ep: 1744 | Steps:  124 | Reward:   308.98
Total T:   88316 | Ep: 1745 | Steps:  133 | Reward:   311.02
Total T:   88440 | Ep: 1746 | Steps:  124 | Reward:   307.94
Total T:   88566 | Ep: 1747 | Steps:  126 | Reward:   308.45
Total T:   88691 | Ep: 1748 | Steps:  125 | Reward:   308.08
Total T:   88817 | Ep: 1749 | Steps:  126 | Reward:   318.18
Total T:   88945 | Ep: 1750 | Steps:  128 | Reward:   321.32
Total T:   89069 | Ep: 1751 | Steps:  124 | Reward:   302.05
Total T:   89201 | Ep: 1752 | Steps:  132 | Reward:   331.84
Total T:   89329 | Ep: 1753 | Steps:  128 | Reward:   306.03
Total T:   89456 | Ep: 1754 | Steps:  127 | Reward:   318.07
Total T:   89583 | Ep: 1755 | Steps:  127 | Reward:   308.28
Total T:   89713 | Ep: 1756 | Steps:  130 | Reward:   307.71
Total T:   89838 | Ep: 1757 | Steps:  125 | Reward:   305.18
Total T:   89972 | Ep: 1758 | Steps:  134 | Reward:   332.70
---------------------------------------
Evaluation over 10 episodes: 310.713
---------------------------------------
Total T:   90100 | Ep: 1759 | Steps:  128 | Reward:   302.25
Total T:   90231 | Ep: 1760 | Steps:  131 | Reward:   323.31
Total T:   90366 | Ep: 1761 | Steps:  135 | Reward:   332.37
Total T:   90499 | Ep: 1762 | Steps:  133 | Reward:   328.80
Total T:   90631 | Ep: 1763 | Steps:  132 | Reward:   329.82
Total T:   90762 | Ep: 1764 | Steps:  131 | Reward:   311.34
Total T:   90893 | Ep: 1765 | Steps:  131 | Reward:   310.21
Total T:   91021 | Ep: 1766 | Steps:  128 | Reward:   309.15
Total T:   91153 | Ep: 1767 | Steps:  132 | Reward:   325.63
Total T:   91287 | Ep: 1768 | Steps:  134 | Reward:   334.36
Total T:   91417 | Ep: 1769 | Steps:  130 | Reward:   317.22
Total T:   91549 | Ep: 1770 | Steps:  132 | Reward:   324.77
Total T:   91680 | Ep: 1771 | Steps:  131 | Reward:   318.09
Total T:   91812 | Ep: 1772 | Steps:  132 | Reward:   306.69
Total T:   91949 | Ep: 1773 | Steps:  137 | Reward:   332.94
Total T:   92085 | Ep: 1774 | Steps:  136 | Reward:   334.08
Total T:   92219 | Ep: 1775 | Steps:  134 | Reward:   322.34
Total T:   92357 | Ep: 1776 | Steps:  138 | Reward:   335.30
Total T:   92491 | Ep: 1777 | Steps:  134 | Reward:   326.59
Total T:   92624 | Ep: 1778 | Steps:  133 | Reward:   326.51
Total T:   92755 | Ep: 1779 | Steps:  131 | Reward:   317.89
Total T:   92887 | Ep: 1780 | Steps:  132 | Reward:   333.05
Total T:   93023 | Ep: 1781 | Steps:  136 | Reward:   337.46
Total T:   93158 | Ep: 1782 | Steps:  135 | Reward:   330.56
Total T:   93295 | Ep: 1783 | Steps:  137 | Reward:   332.42
Total T:   93429 | Ep: 1784 | Steps:  134 | Reward:   329.92
Total T:   93590 | Ep: 1785 | Steps:  161 | Reward:   352.09
Total T:   93725 | Ep: 1786 | Steps:  135 | Reward:   317.21
Total T:   93861 | Ep: 1787 | Steps:  136 | Reward:   334.49
Total T:   93996 | Ep: 1788 | Steps:  135 | Reward:   332.82
Total T:   94127 | Ep: 1789 | Steps:  131 | Reward:   317.82
Total T:   94258 | Ep: 1790 | Steps:  131 | Reward:   327.20
Total T:   94408 | Ep: 1791 | Steps:  150 | Reward:   347.48
Total T:   94576 | Ep: 1792 | Steps:  168 | Reward:   356.50
Total T:   94733 | Ep: 1793 | Steps:  157 | Reward:   345.44
Total T:   94869 | Ep: 1794 | Steps:  136 | Reward:   330.14
Total T:   95001 | Ep: 1795 | Steps:  132 | Reward:   314.26
Total T:   95140 | Ep: 1796 | Steps:  139 | Reward:   329.79
Total T:   95288 | Ep: 1797 | Steps:  148 | Reward:   333.31
Total T:   95426 | Ep: 1798 | Steps:  138 | Reward:   326.00
Total T:   95559 | Ep: 1799 | Steps:  133 | Reward:   313.79
Total T:   95694 | Ep: 1800 | Steps:  135 | Reward:   327.60
Total T:   95829 | Ep: 1801 | Steps:  135 | Reward:   323.98
Total T:   95964 | Ep: 1802 | Steps:  135 | Reward:   337.86
Total T:   96103 | Ep: 1803 | Steps:  139 | Reward:   323.38
Total T:   96233 | Ep: 1804 | Steps:  130 | Reward:   309.12
Total T:   96373 | Ep: 1805 | Steps:  140 | Reward:   327.39
Total T:   96512 | Ep: 1806 | Steps:  139 | Reward:   321.00
Total T:   96645 | Ep: 1807 | Steps:  133 | Reward:   327.26
Total T:   96776 | Ep: 1808 | Steps:  131 | Reward:   296.76
Total T:   96907 | Ep: 1809 | Steps:  131 | Reward:   303.01
Total T:   97041 | Ep: 1810 | Steps:  134 | Reward:   329.68
Total T:   97176 | Ep: 1811 | Steps:  135 | Reward:   322.79
Total T:   97313 | Ep: 1812 | Steps:  137 | Reward:   329.77
Total T:   97450 | Ep: 1813 | Steps:  137 | Reward:   332.90
Total T:   97581 | Ep: 1814 | Steps:  131 | Reward:   328.03
Total T:   97713 | Ep: 1815 | Steps:  132 | Reward:   315.26
Total T:   97842 | Ep: 1816 | Steps:  129 | Reward:   311.46
Total T:   97973 | Ep: 1817 | Steps:  131 | Reward:   313.16
Total T:   98113 | Ep: 1818 | Steps:  140 | Reward:   328.15
Total T:   98243 | Ep: 1819 | Steps:  130 | Reward:   322.55
Total T:   98377 | Ep: 1820 | Steps:  134 | Reward:   327.58
Total T:   98508 | Ep: 1821 | Steps:  131 | Reward:   326.60
Total T:   98655 | Ep: 1822 | Steps:  147 | Reward:   338.95
Total T:   98785 | Ep: 1823 | Steps:  130 | Reward:   321.31
Total T:   98920 | Ep: 1824 | Steps:  135 | Reward:   331.43
Total T:   99050 | Ep: 1825 | Steps:  130 | Reward:   315.71
Total T:   99184 | Ep: 1826 | Steps:  134 | Reward:   328.60
Total T:   99324 | Ep: 1827 | Steps:  140 | Reward:   331.18
Total T:   99468 | Ep: 1828 | Steps:  144 | Reward:   332.56
Total T:   99608 | Ep: 1829 | Steps:  140 | Reward:   337.53
Total T:   99741 | Ep: 1830 | Steps:  133 | Reward:   326.90
Total T:   99878 | Ep: 1831 | Steps:  137 | Reward:   331.21
---------------------------------------
Evaluation over 10 episodes: 326.168
---------------------------------------
Total T:  100031 | Ep: 1832 | Steps:  153 | Reward:   345.15
Total T:  100168 | Ep: 1833 | Steps:  137 | Reward:   323.59
Total T:  100310 | Ep: 1834 | Steps:  142 | Reward:   331.17
Total T:  100454 | Ep: 1835 | Steps:  144 | Reward:   332.91
Total T:  100593 | Ep: 1836 | Steps:  139 | Reward:   330.24
Total T:  100731 | Ep: 1837 | Steps:  138 | Reward:   327.04
Total T:  100865 | Ep: 1838 | Steps:  134 | Reward:   322.05
Total T:  101003 | Ep: 1839 | Steps:  138 | Reward:   326.95
Total T:  101146 | Ep: 1840 | Steps:  143 | Reward:   325.94
Total T:  101275 | Ep: 1841 | Steps:  129 | Reward:   321.37
Total T:  101412 | Ep: 1842 | Steps:  137 | Reward:   331.49
Total T:  101543 | Ep: 1843 | Steps:  131 | Reward:   320.53
Total T:  101684 | Ep: 1844 | Steps:  141 | Reward:   334.76
Total T:  101828 | Ep: 1845 | Steps:  144 | Reward:   336.76
Total T:  101974 | Ep: 1846 | Steps:  146 | Reward:   340.94
Total T:  102113 | Ep: 1847 | Steps:  139 | Reward:   330.61
Total T:  102249 | Ep: 1848 | Steps:  136 | Reward:   327.61
Total T:  102386 | Ep: 1849 | Steps:  137 | Reward:   329.92
Total T:  102526 | Ep: 1850 | Steps:  140 | Reward:   331.37
Total T:  102695 | Ep: 1851 | Steps:  169 | Reward:   361.20
Total T:  102844 | Ep: 1852 | Steps:  149 | Reward:   338.66
Total T:  102991 | Ep: 1853 | Steps:  147 | Reward:   337.36
Total T:  103122 | Ep: 1854 | Steps:  131 | Reward:   326.14
Total T:  103264 | Ep: 1855 | Steps:  142 | Reward:   337.17
Total T:  103422 | Ep: 1856 | Steps:  158 | Reward:   354.63
Total T:  103562 | Ep: 1857 | Steps:  140 | Reward:   332.61
Total T:  103705 | Ep: 1858 | Steps:  143 | Reward:   336.41
Total T:  103833 | Ep: 1859 | Steps:  128 | Reward:   318.21
Total T:  103975 | Ep: 1860 | Steps:  142 | Reward:   335.28
Total T:  104110 | Ep: 1861 | Steps:  135 | Reward:   326.90
Total T:  104264 | Ep: 1862 | Steps:  154 | Reward:   347.42
Total T:  104437 | Ep: 1863 | Steps:  173 | Reward:   361.06
Total T:  104599 | Ep: 1864 | Steps:  162 | Reward:   356.22
Total T:  104736 | Ep: 1865 | Steps:  137 | Reward:   328.37
Total T:  104892 | Ep: 1866 | Steps:  156 | Reward:   347.41
Total T:  105039 | Ep: 1867 | Steps:  147 | Reward:   339.59
Total T:  105185 | Ep: 1868 | Steps:  146 | Reward:   341.50
Total T:  105329 | Ep: 1869 | Steps:  144 | Reward:   335.37
Total T:  105491 | Ep: 1870 | Steps:  162 | Reward:   354.93
Total T:  105620 | Ep: 1871 | Steps:  129 | Reward:   322.53
Total T:  105753 | Ep: 1872 | Steps:  133 | Reward:   327.39
Total T:  105899 | Ep: 1873 | Steps:  146 | Reward:   340.58
Total T:  106046 | Ep: 1874 | Steps:  147 | Reward:   339.87
Total T:  106194 | Ep: 1875 | Steps:  148 | Reward:   341.09
Total T:  106330 | Ep: 1876 | Steps:  136 | Reward:   326.05
Total T:  106472 | Ep: 1877 | Steps:  142 | Reward:   335.53
Total T:  106607 | Ep: 1878 | Steps:  135 | Reward:   324.79
Total T:  106749 | Ep: 1879 | Steps:  142 | Reward:   333.99
Total T:  106902 | Ep: 1880 | Steps:  153 | Reward:   345.04
Total T:  107025 | Ep: 1881 | Steps:  123 | Reward:   301.79
Total T:  107171 | Ep: 1882 | Steps:  146 | Reward:   339.34
Total T:  107293 | Ep: 1883 | Steps:  122 | Reward:   307.60
Total T:  107411 | Ep: 1884 | Steps:  118 | Reward:   281.90
Total T:  107531 | Ep: 1885 | Steps:  120 | Reward:   293.55
Total T:  107676 | Ep: 1886 | Steps:  145 | Reward:   339.73
Total T:  107798 | Ep: 1887 | Steps:  122 | Reward:   305.68
Total T:  107928 | Ep: 1888 | Steps:  130 | Reward:   322.68
Total T:  108046 | Ep: 1889 | Steps:  118 | Reward:   282.47
Total T:  108168 | Ep: 1890 | Steps:  122 | Reward:   306.45
Total T:  108299 | Ep: 1891 | Steps:  131 | Reward:   317.85
Total T:  108434 | Ep: 1892 | Steps:  135 | Reward:   322.01
Total T:  108579 | Ep: 1893 | Steps:  145 | Reward:   337.59
Total T:  108719 | Ep: 1894 | Steps:  140 | Reward:   335.73
Total T:  108839 | Ep: 1895 | Steps:  120 | Reward:   296.92
Total T:  108959 | Ep: 1896 | Steps:  120 | Reward:   304.82
Total T:  109078 | Ep: 1897 | Steps:  119 | Reward:   304.86
Total T:  109198 | Ep: 1898 | Steps:  120 | Reward:   307.99
Total T:  109349 | Ep: 1899 | Steps:  151 | Reward:   345.85
Total T:  109469 | Ep: 1900 | Steps:  120 | Reward:   297.00
Total T:  109574 | Ep: 1901 | Steps:  105 | Reward:   257.68
Total T:  109721 | Ep: 1902 | Steps:  147 | Reward:   334.76
Total T:  109869 | Ep: 1903 | Steps:  148 | Reward:   346.10
---------------------------------------
Evaluation over 10 episodes: 309.889
---------------------------------------
Total T:  110010 | Ep: 1904 | Steps:  141 | Reward:   333.86
Total T:  110146 | Ep: 1905 | Steps:  136 | Reward:   329.15
Total T:  110272 | Ep: 1906 | Steps:  126 | Reward:   313.91
Total T:  110407 | Ep: 1907 | Steps:  135 | Reward:   331.73
Total T:  110538 | Ep: 1908 | Steps:  131 | Reward:   320.11
Total T:  110639 | Ep: 1909 | Steps:  101 | Reward:   246.62
Total T:  110758 | Ep: 1910 | Steps:  119 | Reward:   292.65
Total T:  110890 | Ep: 1911 | Steps:  132 | Reward:   322.37
Total T:  111021 | Ep: 1912 | Steps:  131 | Reward:   318.38
Total T:  111169 | Ep: 1913 | Steps:  148 | Reward:   343.57
Total T:  111288 | Ep: 1914 | Steps:  119 | Reward:   305.65
Total T:  111410 | Ep: 1915 | Steps:  122 | Reward:   310.15
Total T:  111539 | Ep: 1916 | Steps:  129 | Reward:   316.58
Total T:  111657 | Ep: 1917 | Steps:  118 | Reward:   300.58
Total T:  111800 | Ep: 1918 | Steps:  143 | Reward:   335.26
Total T:  111939 | Ep: 1919 | Steps:  139 | Reward:   330.48
Total T:  112041 | Ep: 1920 | Steps:  102 | Reward:   249.57
Total T:  112174 | Ep: 1921 | Steps:  133 | Reward:   324.21
Total T:  112300 | Ep: 1922 | Steps:  126 | Reward:   317.47
Total T:  112427 | Ep: 1923 | Steps:  127 | Reward:   312.45
Total T:  112561 | Ep: 1924 | Steps:  134 | Reward:   326.34
Total T:  112692 | Ep: 1925 | Steps:  131 | Reward:   322.31
Total T:  112821 | Ep: 1926 | Steps:  129 | Reward:   321.76
Total T:  112958 | Ep: 1927 | Steps:  137 | Reward:   318.93
Total T:  113100 | Ep: 1928 | Steps:  142 | Reward:   341.67
Total T:  113231 | Ep: 1929 | Steps:  131 | Reward:   320.40
Total T:  113349 | Ep: 1930 | Steps:  118 | Reward:   302.42
Total T:  113468 | Ep: 1931 | Steps:  119 | Reward:   300.88
Total T:  113593 | Ep: 1932 | Steps:  125 | Reward:   309.82
Total T:  113722 | Ep: 1933 | Steps:  129 | Reward:   318.77
Total T:  113854 | Ep: 1934 | Steps:  132 | Reward:   321.55
Total T:  113973 | Ep: 1935 | Steps:  119 | Reward:   305.70
Total T:  114097 | Ep: 1936 | Steps:  124 | Reward:   311.94
Total T:  114221 | Ep: 1937 | Steps:  124 | Reward:   313.31
Total T:  114338 | Ep: 1938 | Steps:  117 | Reward:   301.73
Total T:  114465 | Ep: 1939 | Steps:  127 | Reward:   315.43
Total T:  114591 | Ep: 1940 | Steps:  126 | Reward:   311.98
Total T:  114709 | Ep: 1941 | Steps:  118 | Reward:   305.98
Total T:  114829 | Ep: 1942 | Steps:  120 | Reward:   300.78
Total T:  114949 | Ep: 1943 | Steps:  120 | Reward:   310.36
Total T:  115067 | Ep: 1944 | Steps:  118 | Reward:   305.62
Total T:  115196 | Ep: 1945 | Steps:  129 | Reward:   316.07
Total T:  115311 | Ep: 1946 | Steps:  115 | Reward:   299.33
Total T:  115437 | Ep: 1947 | Steps:  126 | Reward:   318.36
Total T:  115564 | Ep: 1948 | Steps:  127 | Reward:   311.36
Total T:  115684 | Ep: 1949 | Steps:  120 | Reward:   304.09
Total T:  115802 | Ep: 1950 | Steps:  118 | Reward:   293.81
Total T:  115931 | Ep: 1951 | Steps:  129 | Reward:   317.77
Total T:  116046 | Ep: 1952 | Steps:  115 | Reward:   289.06
Total T:  116170 | Ep: 1953 | Steps:  124 | Reward:   309.49
Total T:  116296 | Ep: 1954 | Steps:  126 | Reward:   315.32
Total T:  116425 | Ep: 1955 | Steps:  129 | Reward:   318.77
Total T:  116556 | Ep: 1956 | Steps:  131 | Reward:   318.34
Total T:  116671 | Ep: 1957 | Steps:  115 | Reward:   291.80
Total T:  116803 | Ep: 1958 | Steps:  132 | Reward:   323.61
Total T:  116933 | Ep: 1959 | Steps:  130 | Reward:   318.87
Total T:  117057 | Ep: 1960 | Steps:  124 | Reward:   310.28
Total T:  117176 | Ep: 1961 | Steps:  119 | Reward:   304.07
Total T:  117294 | Ep: 1962 | Steps:  118 | Reward:   298.07
Total T:  117424 | Ep: 1963 | Steps:  130 | Reward:   319.66
Total T:  117541 | Ep: 1964 | Steps:  117 | Reward:   294.68
Total T:  117660 | Ep: 1965 | Steps:  119 | Reward:   310.00
Total T:  117777 | Ep: 1966 | Steps:  117 | Reward:   296.65
Total T:  117903 | Ep: 1967 | Steps:  126 | Reward:   316.51
Total T:  118029 | Ep: 1968 | Steps:  126 | Reward:   313.84
Total T:  118156 | Ep: 1969 | Steps:  127 | Reward:   318.18
Total T:  118273 | Ep: 1970 | Steps:  117 | Reward:   295.31
Total T:  118401 | Ep: 1971 | Steps:  128 | Reward:   317.48
Total T:  118523 | Ep: 1972 | Steps:  122 | Reward:   307.31
Total T:  118650 | Ep: 1973 | Steps:  127 | Reward:   319.42
Total T:  118778 | Ep: 1974 | Steps:  128 | Reward:   315.70
Total T:  118892 | Ep: 1975 | Steps:  114 | Reward:   285.19
Total T:  119015 | Ep: 1976 | Steps:  123 | Reward:   307.00
Total T:  119131 | Ep: 1977 | Steps:  116 | Reward:   293.92
Total T:  119249 | Ep: 1978 | Steps:  118 | Reward:   294.31
Total T:  119367 | Ep: 1979 | Steps:  118 | Reward:   297.85
Total T:  119482 | Ep: 1980 | Steps:  115 | Reward:   296.20
Total T:  119598 | Ep: 1981 | Steps:  116 | Reward:   295.46
Total T:  119718 | Ep: 1982 | Steps:  120 | Reward:   307.18
Total T:  119838 | Ep: 1983 | Steps:  120 | Reward:   306.24
Total T:  119959 | Ep: 1984 | Steps:  121 | Reward:   305.44
---------------------------------------
Evaluation over 10 episodes: 297.900
---------------------------------------
Total T:  120076 | Ep: 1985 | Steps:  117 | Reward:   299.26
Total T:  120199 | Ep: 1986 | Steps:  123 | Reward:   311.36
Total T:  120321 | Ep: 1987 | Steps:  122 | Reward:   309.64
Total T:  120439 | Ep: 1988 | Steps:  118 | Reward:   300.52
Total T:  120570 | Ep: 1989 | Steps:  131 | Reward:   315.36
Total T:  120691 | Ep: 1990 | Steps:  121 | Reward:   304.64
Total T:  120810 | Ep: 1991 | Steps:  119 | Reward:   300.50
Total T:  120929 | Ep: 1992 | Steps:  119 | Reward:   301.47
Total T:  121045 | Ep: 1993 | Steps:  116 | Reward:   293.34
Total T:  121170 | Ep: 1994 | Steps:  125 | Reward:   309.37
Total T:  121291 | Ep: 1995 | Steps:  121 | Reward:   303.28
Total T:  121428 | Ep: 1996 | Steps:  137 | Reward:   318.37
Total T:  121555 | Ep: 1997 | Steps:  127 | Reward:   312.31
Total T:  121686 | Ep: 1998 | Steps:  131 | Reward:   311.52
Total T:  121816 | Ep: 1999 | Steps:  130 | Reward:   309.87
Total T:  121940 | Ep: 2000 | Steps:  124 | Reward:   309.07
Total T:  122059 | Ep: 2001 | Steps:  119 | Reward:   299.95
Total T:  122177 | Ep: 2002 | Steps:  118 | Reward:   299.35
Total T:  122294 | Ep: 2003 | Steps:  117 | Reward:   300.09
Total T:  122423 | Ep: 2004 | Steps:  129 | Reward:   318.57
Total T:  122570 | Ep: 2005 | Steps:  147 | Reward:   328.46
Total T:  122689 | Ep: 2006 | Steps:  119 | Reward:   305.49
Total T:  122808 | Ep: 2007 | Steps:  119 | Reward:   304.31
Total T:  122922 | Ep: 2008 | Steps:  114 | Reward:   288.76
Total T:  123049 | Ep: 2009 | Steps:  127 | Reward:   314.59
Total T:  123170 | Ep: 2010 | Steps:  121 | Reward:   302.40
Total T:  123306 | Ep: 2011 | Steps:  136 | Reward:   322.29
Total T:  123423 | Ep: 2012 | Steps:  117 | Reward:   292.90
Total T:  123555 | Ep: 2013 | Steps:  132 | Reward:   317.88
Total T:  123729 | Ep: 2014 | Steps:  174 | Reward:   358.97
Total T:  123857 | Ep: 2015 | Steps:  128 | Reward:   317.27
Total T:  123974 | Ep: 2016 | Steps:  117 | Reward:   299.99
Total T:  124090 | Ep: 2017 | Steps:  116 | Reward:   285.04
Total T:  124239 | Ep: 2018 | Steps:  149 | Reward:   335.59
Total T:  124361 | Ep: 2019 | Steps:  122 | Reward:   306.53
Total T:  124510 | Ep: 2020 | Steps:  149 | Reward:   333.26
Total T:  124642 | Ep: 2021 | Steps:  132 | Reward:   313.55
Total T:  124760 | Ep: 2022 | Steps:  118 | Reward:   303.26
Total T:  124902 | Ep: 2023 | Steps:  142 | Reward:   326.13
Total T:  125014 | Ep: 2024 | Steps:  112 | Reward:   278.91
Total T:  125151 | Ep: 2025 | Steps:  137 | Reward:   318.11
Total T:  125293 | Ep: 2026 | Steps:  142 | Reward:   321.05
Total T:  125430 | Ep: 2027 | Steps:  137 | Reward:   329.70
Total T:  125555 | Ep: 2028 | Steps:  125 | Reward:   301.08
Total T:  125695 | Ep: 2029 | Steps:  140 | Reward:   317.18
Total T:  125823 | Ep: 2030 | Steps:  128 | Reward:   312.01
Total T:  125954 | Ep: 2031 | Steps:  131 | Reward:   308.31
Total T:  126074 | Ep: 2032 | Steps:  120 | Reward:   305.44
Total T:  126194 | Ep: 2033 | Steps:  120 | Reward:   304.97
Total T:  126309 | Ep: 2034 | Steps:  115 | Reward:   283.58
Total T:  126421 | Ep: 2035 | Steps:  112 | Reward:   275.40
Total T:  126539 | Ep: 2036 | Steps:  118 | Reward:   289.52
Total T:  126650 | Ep: 2037 | Steps:  111 | Reward:   269.91
Total T:  126689 | Ep: 2038 | Steps:   39 | Reward:    57.81
Total T:  126806 | Ep: 2039 | Steps:  117 | Reward:   282.06
Total T:  126926 | Ep: 2040 | Steps:  120 | Reward:   306.48
Total T:  127069 | Ep: 2041 | Steps:  143 | Reward:   313.87
Total T:  127221 | Ep: 2042 | Steps:  152 | Reward:   338.55
Total T:  127341 | Ep: 2043 | Steps:  120 | Reward:   303.18
Total T:  127471 | Ep: 2044 | Steps:  130 | Reward:   306.68
Total T:  127616 | Ep: 2045 | Steps:  145 | Reward:   329.60
Total T:  127731 | Ep: 2046 | Steps:  115 | Reward:   280.38
Total T:  127850 | Ep: 2047 | Steps:  119 | Reward:   302.51
Total T:  127971 | Ep: 2048 | Steps:  121 | Reward:   308.18
Total T:  128085 | Ep: 2049 | Steps:  114 | Reward:   277.64
Total T:  128234 | Ep: 2050 | Steps:  149 | Reward:   326.57
Total T:  128277 | Ep: 2051 | Steps:   43 | Reward:    58.89
Total T:  128438 | Ep: 2052 | Steps:  161 | Reward:   332.06
Total T:  128588 | Ep: 2053 | Steps:  150 | Reward:   329.62
Total T:  128717 | Ep: 2054 | Steps:  129 | Reward:   309.30
Total T:  128846 | Ep: 2055 | Steps:  129 | Reward:   325.56
Total T:  128968 | Ep: 2056 | Steps:  122 | Reward:   313.80
Total T:  129092 | Ep: 2057 | Steps:  124 | Reward:   320.46
Total T:  129206 | Ep: 2058 | Steps:  114 | Reward:   276.96
Total T:  129329 | Ep: 2059 | Steps:  123 | Reward:   317.29
Total T:  129452 | Ep: 2060 | Steps:  123 | Reward:   309.28
Total T:  129576 | Ep: 2061 | Steps:  124 | Reward:   317.17
Total T:  129698 | Ep: 2062 | Steps:  122 | Reward:   307.10
Total T:  129880 | Ep: 2063 | Steps:  182 | Reward:   364.82
Total T:  129998 | Ep: 2064 | Steps:  118 | Reward:   282.16
---------------------------------------
Evaluation over 10 episodes: 312.927
---------------------------------------
Total T:  130145 | Ep: 2065 | Steps:  147 | Reward:   322.61
Total T:  130315 | Ep: 2066 | Steps:  170 | Reward:   350.77
Total T:  130438 | Ep: 2067 | Steps:  123 | Reward:   312.86
Total T:  130557 | Ep: 2068 | Steps:  119 | Reward:   298.20
Total T:  130672 | Ep: 2069 | Steps:  115 | Reward:   281.53
Total T:  130794 | Ep: 2070 | Steps:  122 | Reward:   312.30
Total T:  130932 | Ep: 2071 | Steps:  138 | Reward:   318.16
Total T:  131056 | Ep: 2072 | Steps:  124 | Reward:   323.12
Total T:  131178 | Ep: 2073 | Steps:  122 | Reward:   315.66
Total T:  131353 | Ep: 2074 | Steps:  175 | Reward:   352.66
Total T:  131477 | Ep: 2075 | Steps:  124 | Reward:   311.83
Total T:  131598 | Ep: 2076 | Steps:  121 | Reward:   302.51
Total T:  131718 | Ep: 2077 | Steps:  120 | Reward:   306.51
Total T:  131840 | Ep: 2078 | Steps:  122 | Reward:   311.87
Total T:  131964 | Ep: 2079 | Steps:  124 | Reward:   317.42
Total T:  132108 | Ep: 2080 | Steps:  144 | Reward:   321.40
Total T:  132231 | Ep: 2081 | Steps:  123 | Reward:   313.23
Total T:  132354 | Ep: 2082 | Steps:  123 | Reward:   308.54
Total T:  132473 | Ep: 2083 | Steps:  119 | Reward:   294.05
Total T:  132595 | Ep: 2084 | Steps:  122 | Reward:   312.16
Total T:  132717 | Ep: 2085 | Steps:  122 | Reward:   307.32
Total T:  132842 | Ep: 2086 | Steps:  125 | Reward:   317.94
Total T:  132963 | Ep: 2087 | Steps:  121 | Reward:   305.29
Total T:  133086 | Ep: 2088 | Steps:  123 | Reward:   317.08
Total T:  133245 | Ep: 2089 | Steps:  159 | Reward:   335.69
Total T:  133368 | Ep: 2090 | Steps:  123 | Reward:   305.79
Total T:  133491 | Ep: 2091 | Steps:  123 | Reward:   309.95
Total T:  133614 | Ep: 2092 | Steps:  123 | Reward:   307.37
Total T:  133743 | Ep: 2093 | Steps:  129 | Reward:   314.64
Total T:  133865 | Ep: 2094 | Steps:  122 | Reward:   305.64
Total T:  133980 | Ep: 2095 | Steps:  115 | Reward:   275.89
Total T:  134099 | Ep: 2096 | Steps:  119 | Reward:   297.94
Total T:  134219 | Ep: 2097 | Steps:  120 | Reward:   302.62
Total T:  134340 | Ep: 2098 | Steps:  121 | Reward:   301.39
Total T:  134462 | Ep: 2099 | Steps:  122 | Reward:   301.88
Total T:  134585 | Ep: 2100 | Steps:  123 | Reward:   305.25
Total T:  134709 | Ep: 2101 | Steps:  124 | Reward:   313.06
Total T:  134828 | Ep: 2102 | Steps:  119 | Reward:   288.32
Total T:  134952 | Ep: 2103 | Steps:  124 | Reward:   307.29
Total T:  135117 | Ep: 2104 | Steps:  165 | Reward:   343.64
Total T:  135238 | Ep: 2105 | Steps:  121 | Reward:   302.98
Total T:  135357 | Ep: 2106 | Steps:  119 | Reward:   298.76
Total T:  135475 | Ep: 2107 | Steps:  118 | Reward:   287.25
Total T:  135594 | Ep: 2108 | Steps:  119 | Reward:   287.94
Total T:  135717 | Ep: 2109 | Steps:  123 | Reward:   303.84
Total T:  135831 | Ep: 2110 | Steps:  114 | Reward:   274.73
Total T:  135955 | Ep: 2111 | Steps:  124 | Reward:   307.92
Total T:  136079 | Ep: 2112 | Steps:  124 | Reward:   312.65
Total T:  136195 | Ep: 2113 | Steps:  116 | Reward:   283.02
Total T:  136311 | Ep: 2114 | Steps:  116 | Reward:   291.17
Total T:  136434 | Ep: 2115 | Steps:  123 | Reward:   314.45
Total T:  136555 | Ep: 2116 | Steps:  121 | Reward:   300.37
Total T:  136677 | Ep: 2117 | Steps:  122 | Reward:   311.10
Total T:  136799 | Ep: 2118 | Steps:  122 | Reward:   304.10
Total T:  136912 | Ep: 2119 | Steps:  113 | Reward:   273.02
Total T:  137038 | Ep: 2120 | Steps:  126 | Reward:   320.25
Total T:  137164 | Ep: 2121 | Steps:  126 | Reward:   315.29
Total T:  137277 | Ep: 2122 | Steps:  113 | Reward:   275.60
Total T:  137395 | Ep: 2123 | Steps:  118 | Reward:   285.76
Total T:  137521 | Ep: 2124 | Steps:  126 | Reward:   321.78
Total T:  137640 | Ep: 2125 | Steps:  119 | Reward:   289.00
Total T:  137764 | Ep: 2126 | Steps:  124 | Reward:   311.93
Total T:  137887 | Ep: 2127 | Steps:  123 | Reward:   312.52
Total T:  138003 | Ep: 2128 | Steps:  116 | Reward:   278.38
Total T:  138128 | Ep: 2129 | Steps:  125 | Reward:   316.39
Total T:  138252 | Ep: 2130 | Steps:  124 | Reward:   312.43
Total T:  138374 | Ep: 2131 | Steps:  122 | Reward:   304.74
Total T:  138493 | Ep: 2132 | Steps:  119 | Reward:   295.42
Total T:  138614 | Ep: 2133 | Steps:  121 | Reward:   302.56
Total T:  138730 | Ep: 2134 | Steps:  116 | Reward:   290.99
Total T:  138852 | Ep: 2135 | Steps:  122 | Reward:   306.26
Total T:  138976 | Ep: 2136 | Steps:  124 | Reward:   312.53
Total T:  139098 | Ep: 2137 | Steps:  122 | Reward:   302.36
Total T:  139218 | Ep: 2138 | Steps:  120 | Reward:   296.52
Total T:  139341 | Ep: 2139 | Steps:  123 | Reward:   305.02
Total T:  139460 | Ep: 2140 | Steps:  119 | Reward:   287.02
Total T:  139581 | Ep: 2141 | Steps:  121 | Reward:   307.21
Total T:  139705 | Ep: 2142 | Steps:  124 | Reward:   318.65
Total T:  139824 | Ep: 2143 | Steps:  119 | Reward:   295.94
Total T:  139947 | Ep: 2144 | Steps:  123 | Reward:   316.63
---------------------------------------
Evaluation over 10 episodes: 290.391
---------------------------------------
Total T:  140068 | Ep: 2145 | Steps:  121 | Reward:   303.36
Total T:  140181 | Ep: 2146 | Steps:  113 | Reward:   275.08
Total T:  140298 | Ep: 2147 | Steps:  117 | Reward:   289.85
Total T:  140420 | Ep: 2148 | Steps:  122 | Reward:   308.27
Total T:  140542 | Ep: 2149 | Steps:  122 | Reward:   302.86
Total T:  140659 | Ep: 2150 | Steps:  117 | Reward:   286.47
Total T:  140780 | Ep: 2151 | Steps:  121 | Reward:   309.55
Total T:  140898 | Ep: 2152 | Steps:  118 | Reward:   299.80
Total T:  141018 | Ep: 2153 | Steps:  120 | Reward:   309.60
Total T:  141133 | Ep: 2154 | Steps:  115 | Reward:   285.89
Total T:  141252 | Ep: 2155 | Steps:  119 | Reward:   298.64
Total T:  141372 | Ep: 2156 | Steps:  120 | Reward:   305.04
Total T:  141491 | Ep: 2157 | Steps:  119 | Reward:   297.67
Total T:  141610 | Ep: 2158 | Steps:  119 | Reward:   301.76
Total T:  141725 | Ep: 2159 | Steps:  115 | Reward:   280.02
Total T:  141844 | Ep: 2160 | Steps:  119 | Reward:   304.43
Total T:  141966 | Ep: 2161 | Steps:  122 | Reward:   311.83
Total T:  142088 | Ep: 2162 | Steps:  122 | Reward:   310.47
Total T:  142210 | Ep: 2163 | Steps:  122 | Reward:   312.71
Total T:  142331 | Ep: 2164 | Steps:  121 | Reward:   305.70
Total T:  142451 | Ep: 2165 | Steps:  120 | Reward:   309.59
Total T:  142571 | Ep: 2166 | Steps:  120 | Reward:   308.24
Total T:  142690 | Ep: 2167 | Steps:  119 | Reward:   306.80
Total T:  142813 | Ep: 2168 | Steps:  123 | Reward:   311.44
Total T:  142930 | Ep: 2169 | Steps:  117 | Reward:   282.27
Total T:  143043 | Ep: 2170 | Steps:  113 | Reward:   271.68
Total T:  143158 | Ep: 2171 | Steps:  115 | Reward:   278.25
Total T:  143281 | Ep: 2172 | Steps:  123 | Reward:   310.77
Total T:  143399 | Ep: 2173 | Steps:  118 | Reward:   290.85
Total T:  143521 | Ep: 2174 | Steps:  122 | Reward:   303.96
Total T:  143643 | Ep: 2175 | Steps:  122 | Reward:   309.41
Total T:  143762 | Ep: 2176 | Steps:  119 | Reward:   299.76
Total T:  143881 | Ep: 2177 | Steps:  119 | Reward:   305.07
Total T:  143999 | Ep: 2178 | Steps:  118 | Reward:   300.47
Total T:  144116 | Ep: 2179 | Steps:  117 | Reward:   297.39
Total T:  144239 | Ep: 2180 | Steps:  123 | Reward:   315.84
Total T:  144359 | Ep: 2181 | Steps:  120 | Reward:   299.68
Total T:  144477 | Ep: 2182 | Steps:  118 | Reward:   296.49
Total T:  144595 | Ep: 2183 | Steps:  118 | Reward:   288.78
Total T:  144713 | Ep: 2184 | Steps:  118 | Reward:   293.59
Total T:  144832 | Ep: 2185 | Steps:  119 | Reward:   298.85
Total T:  144952 | Ep: 2186 | Steps:  120 | Reward:   312.23
Total T:  145075 | Ep: 2187 | Steps:  123 | Reward:   319.04
Total T:  145193 | Ep: 2188 | Steps:  118 | Reward:   292.90
Total T:  145306 | Ep: 2189 | Steps:  113 | Reward:   279.66
Total T:  145423 | Ep: 2190 | Steps:  117 | Reward:   298.15
Total T:  145544 | Ep: 2191 | Steps:  121 | Reward:   303.12
Total T:  145664 | Ep: 2192 | Steps:  120 | Reward:   303.50
Total T:  145779 | Ep: 2193 | Steps:  115 | Reward:   280.61
Total T:  145894 | Ep: 2194 | Steps:  115 | Reward:   291.84
Total T:  146008 | Ep: 2195 | Steps:  114 | Reward:   280.86
Total T:  146124 | Ep: 2196 | Steps:  116 | Reward:   291.29
Total T:  146243 | Ep: 2197 | Steps:  119 | Reward:   299.77
Total T:  146361 | Ep: 2198 | Steps:  118 | Reward:   303.86
Total T:  146479 | Ep: 2199 | Steps:  118 | Reward:   289.67
Total T:  146596 | Ep: 2200 | Steps:  117 | Reward:   304.02
Total T:  146716 | Ep: 2201 | Steps:  120 | Reward:   305.45
Total T:  146835 | Ep: 2202 | Steps:  119 | Reward:   309.68
Total T:  146952 | Ep: 2203 | Steps:  117 | Reward:   296.49
Total T:  147069 | Ep: 2204 | Steps:  117 | Reward:   296.93
Total T:  147188 | Ep: 2205 | Steps:  119 | Reward:   308.53
Total T:  147309 | Ep: 2206 | Steps:  121 | Reward:   316.76
Total T:  147420 | Ep: 2207 | Steps:  111 | Reward:   264.46
Total T:  147539 | Ep: 2208 | Steps:  119 | Reward:   305.35
Total T:  147657 | Ep: 2209 | Steps:  118 | Reward:   304.63
Total T:  147775 | Ep: 2210 | Steps:  118 | Reward:   302.95
Total T:  147898 | Ep: 2211 | Steps:  123 | Reward:   307.14
Total T:  148019 | Ep: 2212 | Steps:  121 | Reward:   312.27
Total T:  148133 | Ep: 2213 | Steps:  114 | Reward:   296.80
Total T:  148256 | Ep: 2214 | Steps:  123 | Reward:   307.75
Total T:  148375 | Ep: 2215 | Steps:  119 | Reward:   298.46
Total T:  148496 | Ep: 2216 | Steps:  121 | Reward:   307.23
Total T:  148617 | Ep: 2217 | Steps:  121 | Reward:   303.18
Total T:  148730 | Ep: 2218 | Steps:  113 | Reward:   267.56
Total T:  148845 | Ep: 2219 | Steps:  115 | Reward:   285.05
Total T:  148964 | Ep: 2220 | Steps:  119 | Reward:   304.95
Total T:  149087 | Ep: 2221 | Steps:  123 | Reward:   307.45
Total T:  149203 | Ep: 2222 | Steps:  116 | Reward:   288.73
Total T:  149320 | Ep: 2223 | Steps:  117 | Reward:   280.32
Total T:  149438 | Ep: 2224 | Steps:  118 | Reward:   283.45
Total T:  149557 | Ep: 2225 | Steps:  119 | Reward:   308.41
Total T:  149675 | Ep: 2226 | Steps:  118 | Reward:   296.61
Total T:  149794 | Ep: 2227 | Steps:  119 | Reward:   308.29
Total T:  149914 | Ep: 2228 | Steps:  120 | Reward:   304.68
---------------------------------------
Evaluation over 10 episodes: 288.789
---------------------------------------
Total T:  150032 | Ep: 2229 | Steps:  118 | Reward:   307.11
Total T:  150153 | Ep: 2230 | Steps:  121 | Reward:   313.86
Total T:  150276 | Ep: 2231 | Steps:  123 | Reward:   311.16
Total T:  150398 | Ep: 2232 | Steps:  122 | Reward:   315.87
Total T:  150517 | Ep: 2233 | Steps:  119 | Reward:   313.29
Total T:  150636 | Ep: 2234 | Steps:  119 | Reward:   302.13
Total T:  150751 | Ep: 2235 | Steps:  115 | Reward:   291.22
Total T:  150868 | Ep: 2236 | Steps:  117 | Reward:   303.33
Total T:  150988 | Ep: 2237 | Steps:  120 | Reward:   305.46
Total T:  151103 | Ep: 2238 | Steps:  115 | Reward:   275.46
Total T:  151224 | Ep: 2239 | Steps:  121 | Reward:   318.53
Total T:  151343 | Ep: 2240 | Steps:  119 | Reward:   308.54
Total T:  151463 | Ep: 2241 | Steps:  120 | Reward:   317.68
Total T:  151584 | Ep: 2242 | Steps:  121 | Reward:   316.01
Total T:  151700 | Ep: 2243 | Steps:  116 | Reward:   284.37
Total T:  151823 | Ep: 2244 | Steps:  123 | Reward:   323.32
Total T:  151944 | Ep: 2245 | Steps:  121 | Reward:   313.37
Total T:  152065 | Ep: 2246 | Steps:  121 | Reward:   310.55
Total T:  152183 | Ep: 2247 | Steps:  118 | Reward:   302.88
Total T:  152305 | Ep: 2248 | Steps:  122 | Reward:   315.40
Total T:  152429 | Ep: 2249 | Steps:  124 | Reward:   317.64
Total T:  152550 | Ep: 2250 | Steps:  121 | Reward:   305.99
Total T:  152672 | Ep: 2251 | Steps:  122 | Reward:   317.27
Total T:  152799 | Ep: 2252 | Steps:  127 | Reward:   318.29
Total T:  152924 | Ep: 2253 | Steps:  125 | Reward:   329.06
Total T:  153048 | Ep: 2254 | Steps:  124 | Reward:   312.29
Total T:  153172 | Ep: 2255 | Steps:  124 | Reward:   329.82
Total T:  153295 | Ep: 2256 | Steps:  123 | Reward:   333.51
Total T:  153419 | Ep: 2257 | Steps:  124 | Reward:   326.72
Total T:  153543 | Ep: 2258 | Steps:  124 | Reward:   321.67
Total T:  153669 | Ep: 2259 | Steps:  126 | Reward:   316.52
Total T:  153790 | Ep: 2260 | Steps:  121 | Reward:   307.19
Total T:  153913 | Ep: 2261 | Steps:  123 | Reward:   326.11
Total T:  154034 | Ep: 2262 | Steps:  121 | Reward:   316.93
Total T:  154157 | Ep: 2263 | Steps:  123 | Reward:   313.84
Total T:  154280 | Ep: 2264 | Steps:  123 | Reward:   332.09
Total T:  154400 | Ep: 2265 | Steps:  120 | Reward:   313.67
Total T:  154524 | Ep: 2266 | Steps:  124 | Reward:   318.72
Total T:  154646 | Ep: 2267 | Steps:  122 | Reward:   331.32
Total T:  154769 | Ep: 2268 | Steps:  123 | Reward:   320.31
Total T:  154890 | Ep: 2269 | Steps:  121 | Reward:   322.99
Total T:  155015 | Ep: 2270 | Steps:  125 | Reward:   318.72
Total T:  155140 | Ep: 2271 | Steps:  125 | Reward:   322.18
Total T:  155263 | Ep: 2272 | Steps:  123 | Reward:   317.98
Total T:  155387 | Ep: 2273 | Steps:  124 | Reward:   318.67
Total T:  155524 | Ep: 2274 | Steps:  137 | Reward:   319.09
Total T:  155646 | Ep: 2275 | Steps:  122 | Reward:   311.91
Total T:  155772 | Ep: 2276 | Steps:  126 | Reward:   316.88
Total T:  155895 | Ep: 2277 | Steps:  123 | Reward:   317.82
Total T:  156024 | Ep: 2278 | Steps:  129 | Reward:   331.10
Total T:  156151 | Ep: 2279 | Steps:  127 | Reward:   347.08
Total T:  156280 | Ep: 2280 | Steps:  129 | Reward:   338.90
Total T:  156407 | Ep: 2281 | Steps:  127 | Reward:   335.88
Total T:  156536 | Ep: 2282 | Steps:  129 | Reward:   334.83
Total T:  156661 | Ep: 2283 | Steps:  125 | Reward:   340.54
Total T:  156787 | Ep: 2284 | Steps:  126 | Reward:   318.28
Total T:  156913 | Ep: 2285 | Steps:  126 | Reward:   326.52
Total T:  157044 | Ep: 2286 | Steps:  131 | Reward:   330.19
Total T:  157175 | Ep: 2287 | Steps:  131 | Reward:   320.88
Total T:  157301 | Ep: 2288 | Steps:  126 | Reward:   318.20
Total T:  157424 | Ep: 2289 | Steps:  123 | Reward:   316.27
Total T:  157557 | Ep: 2290 | Steps:  133 | Reward:   338.03
Total T:  157689 | Ep: 2291 | Steps:  132 | Reward:   323.73
Total T:  157816 | Ep: 2292 | Steps:  127 | Reward:   305.36
Total T:  157947 | Ep: 2293 | Steps:  131 | Reward:   327.86
Total T:  158074 | Ep: 2294 | Steps:  127 | Reward:   319.26
Total T:  158211 | Ep: 2295 | Steps:  137 | Reward:   343.21
Total T:  158335 | Ep: 2296 | Steps:  124 | Reward:   333.00
Total T:  158471 | Ep: 2297 | Steps:  136 | Reward:   348.29
Total T:  158600 | Ep: 2298 | Steps:  129 | Reward:   318.55
Total T:  158727 | Ep: 2299 | Steps:  127 | Reward:   326.66
Total T:  158836 | Ep: 2300 | Steps:  109 | Reward:   263.70
Total T:  158971 | Ep: 2301 | Steps:  135 | Reward:   343.40
Total T:  159106 | Ep: 2302 | Steps:  135 | Reward:   345.42
Total T:  159240 | Ep: 2303 | Steps:  134 | Reward:   346.44
Total T:  159367 | Ep: 2304 | Steps:  127 | Reward:   326.91
Total T:  159498 | Ep: 2305 | Steps:  131 | Reward:   330.57
Total T:  159629 | Ep: 2306 | Steps:  131 | Reward:   321.82
Total T:  159761 | Ep: 2307 | Steps:  132 | Reward:   328.21
Total T:  159892 | Ep: 2308 | Steps:  131 | Reward:   324.97
---------------------------------------
Evaluation over 10 episodes: 335.056
---------------------------------------
Total T:  160027 | Ep: 2309 | Steps:  135 | Reward:   346.80
Total T:  160164 | Ep: 2310 | Steps:  137 | Reward:   328.81
Total T:  160296 | Ep: 2311 | Steps:  132 | Reward:   316.83
Total T:  160429 | Ep: 2312 | Steps:  133 | Reward:   323.62
Total T:  160561 | Ep: 2313 | Steps:  132 | Reward:   318.71
Total T:  160692 | Ep: 2314 | Steps:  131 | Reward:   319.81
Total T:  160830 | Ep: 2315 | Steps:  138 | Reward:   333.21
Total T:  160965 | Ep: 2316 | Steps:  135 | Reward:   322.44
Total T:  161096 | Ep: 2317 | Steps:  131 | Reward:   319.95
Total T:  161226 | Ep: 2318 | Steps:  130 | Reward:   324.54
Total T:  161363 | Ep: 2319 | Steps:  137 | Reward:   329.11
Total T:  161495 | Ep: 2320 | Steps:  132 | Reward:   318.67
Total T:  161631 | Ep: 2321 | Steps:  136 | Reward:   329.52
Total T:  161763 | Ep: 2322 | Steps:  132 | Reward:   327.86
Total T:  161897 | Ep: 2323 | Steps:  134 | Reward:   332.41
Total T:  162025 | Ep: 2324 | Steps:  128 | Reward:   319.84
Total T:  162159 | Ep: 2325 | Steps:  134 | Reward:   329.83
Total T:  162293 | Ep: 2326 | Steps:  134 | Reward:   330.68
Total T:  162422 | Ep: 2327 | Steps:  129 | Reward:   321.79
Total T:  162555 | Ep: 2328 | Steps:  133 | Reward:   321.98
Total T:  162688 | Ep: 2329 | Steps:  133 | Reward:   323.41
Total T:  162822 | Ep: 2330 | Steps:  134 | Reward:   325.59
Total T:  162955 | Ep: 2331 | Steps:  133 | Reward:   320.19
Total T:  163091 | Ep: 2332 | Steps:  136 | Reward:   326.83
Total T:  163226 | Ep: 2333 | Steps:  135 | Reward:   331.41
Total T:  163362 | Ep: 2334 | Steps:  136 | Reward:   325.54
Total T:  163494 | Ep: 2335 | Steps:  132 | Reward:   321.00
Total T:  163631 | Ep: 2336 | Steps:  137 | Reward:   328.21
Total T:  163779 | Ep: 2337 | Steps:  148 | Reward:   362.01
Total T:  163910 | Ep: 2338 | Steps:  131 | Reward:   316.60
Total T:  164048 | Ep: 2339 | Steps:  138 | Reward:   334.16
Total T:  164184 | Ep: 2340 | Steps:  136 | Reward:   328.40
Total T:  164327 | Ep: 2341 | Steps:  143 | Reward:   355.30
Total T:  164446 | Ep: 2342 | Steps:  119 | Reward:   273.48
Total T:  164582 | Ep: 2343 | Steps:  136 | Reward:   322.55
Total T:  164721 | Ep: 2344 | Steps:  139 | Reward:   331.75
Total T:  164857 | Ep: 2345 | Steps:  136 | Reward:   327.56
Total T:  165004 | Ep: 2346 | Steps:  147 | Reward:   377.89
Total T:  165136 | Ep: 2347 | Steps:  132 | Reward:   329.36
Total T:  165282 | Ep: 2348 | Steps:  146 | Reward:   337.13
Total T:  165418 | Ep: 2349 | Steps:  136 | Reward:   330.37
Total T:  165553 | Ep: 2350 | Steps:  135 | Reward:   327.58
Total T:  165691 | Ep: 2351 | Steps:  138 | Reward:   329.37
Total T:  165827 | Ep: 2352 | Steps:  136 | Reward:   330.89
Total T:  165962 | Ep: 2353 | Steps:  135 | Reward:   332.03
Total T:  166097 | Ep: 2354 | Steps:  135 | Reward:   322.82
Total T:  166234 | Ep: 2355 | Steps:  137 | Reward:   333.41
Total T:  166365 | Ep: 2356 | Steps:  131 | Reward:   330.75
Total T:  166502 | Ep: 2357 | Steps:  137 | Reward:   329.12
Total T:  166636 | Ep: 2358 | Steps:  134 | Reward:   327.51
Total T:  166772 | Ep: 2359 | Steps:  136 | Reward:   328.12
Total T:  166905 | Ep: 2360 | Steps:  133 | Reward:   329.46
Total T:  167038 | Ep: 2361 | Steps:  133 | Reward:   332.53
Total T:  167172 | Ep: 2362 | Steps:  134 | Reward:   322.17
Total T:  167309 | Ep: 2363 | Steps:  137 | Reward:   327.74
Total T:  167440 | Ep: 2364 | Steps:  131 | Reward:   325.83
Total T:  167572 | Ep: 2365 | Steps:  132 | Reward:   315.42
Total T:  167706 | Ep: 2366 | Steps:  134 | Reward:   331.18
Total T:  167835 | Ep: 2367 | Steps:  129 | Reward:   317.04
Total T:  167969 | Ep: 2368 | Steps:  134 | Reward:   329.69
Total T:  168104 | Ep: 2369 | Steps:  135 | Reward:   325.64
Total T:  168241 | Ep: 2370 | Steps:  137 | Reward:   328.51
Total T:  168372 | Ep: 2371 | Steps:  131 | Reward:   322.15
Total T:  168506 | Ep: 2372 | Steps:  134 | Reward:   326.70
Total T:  168642 | Ep: 2373 | Steps:  136 | Reward:   327.08
Total T:  168778 | Ep: 2374 | Steps:  136 | Reward:   325.58
Total T:  168910 | Ep: 2375 | Steps:  132 | Reward:   318.14
Total T:  169043 | Ep: 2376 | Steps:  133 | Reward:   325.52
Total T:  169179 | Ep: 2377 | Steps:  136 | Reward:   324.88
Total T:  169312 | Ep: 2378 | Steps:  133 | Reward:   320.24
Total T:  169445 | Ep: 2379 | Steps:  133 | Reward:   318.74
Total T:  169578 | Ep: 2380 | Steps:  133 | Reward:   324.90
Total T:  169713 | Ep: 2381 | Steps:  135 | Reward:   323.12
Total T:  169850 | Ep: 2382 | Steps:  137 | Reward:   327.11
Total T:  169987 | Ep: 2383 | Steps:  137 | Reward:   338.14
---------------------------------------
Evaluation over 10 episodes: 327.442
---------------------------------------
Total T:  170120 | Ep: 2384 | Steps:  133 | Reward:   326.05
Total T:  170253 | Ep: 2385 | Steps:  133 | Reward:   316.63
Total T:  170385 | Ep: 2386 | Steps:  132 | Reward:   321.96
Total T:  170515 | Ep: 2387 | Steps:  130 | Reward:   316.60
Total T:  170643 | Ep: 2388 | Steps:  128 | Reward:   310.96
Total T:  170774 | Ep: 2389 | Steps:  131 | Reward:   328.18
Total T:  170907 | Ep: 2390 | Steps:  133 | Reward:   323.37
Total T:  171045 | Ep: 2391 | Steps:  138 | Reward:   331.62
Total T:  171177 | Ep: 2392 | Steps:  132 | Reward:   331.72
Total T:  171305 | Ep: 2393 | Steps:  128 | Reward:   316.09
Total T:  171440 | Ep: 2394 | Steps:  135 | Reward:   331.32
Total T:  171568 | Ep: 2395 | Steps:  128 | Reward:   315.16
Total T:  171704 | Ep: 2396 | Steps:  136 | Reward:   325.61
Total T:  171841 | Ep: 2397 | Steps:  137 | Reward:   337.35
Total T:  171967 | Ep: 2398 | Steps:  126 | Reward:   318.91
Total T:  172093 | Ep: 2399 | Steps:  126 | Reward:   308.12
Total T:  172224 | Ep: 2400 | Steps:  131 | Reward:   317.86
Total T:  172358 | Ep: 2401 | Steps:  134 | Reward:   339.08
Total T:  172487 | Ep: 2402 | Steps:  129 | Reward:   324.76
Total T:  172618 | Ep: 2403 | Steps:  131 | Reward:   329.04
Total T:  172733 | Ep: 2404 | Steps:  115 | Reward:   272.81
Total T:  172863 | Ep: 2405 | Steps:  130 | Reward:   318.93
Total T:  172993 | Ep: 2406 | Steps:  130 | Reward:   321.40
Total T:  173126 | Ep: 2407 | Steps:  133 | Reward:   330.21
Total T:  173260 | Ep: 2408 | Steps:  134 | Reward:   328.35
Total T:  173387 | Ep: 2409 | Steps:  127 | Reward:   314.54
Total T:  173519 | Ep: 2410 | Steps:  132 | Reward:   329.73
Total T:  173649 | Ep: 2411 | Steps:  130 | Reward:   324.41
Total T:  173787 | Ep: 2412 | Steps:  138 | Reward:   329.35
Total T:  173920 | Ep: 2413 | Steps:  133 | Reward:   315.89
Total T:  174047 | Ep: 2414 | Steps:  127 | Reward:   314.32
Total T:  174179 | Ep: 2415 | Steps:  132 | Reward:   335.29
Total T:  174321 | Ep: 2416 | Steps:  142 | Reward:   342.21
Total T:  174447 | Ep: 2417 | Steps:  126 | Reward:   323.16
Total T:  174577 | Ep: 2418 | Steps:  130 | Reward:   341.41
Total T:  174708 | Ep: 2419 | Steps:  131 | Reward:   323.08
Total T:  174836 | Ep: 2420 | Steps:  128 | Reward:   310.73
Total T:  174968 | Ep: 2421 | Steps:  132 | Reward:   328.14
Total T:  175095 | Ep: 2422 | Steps:  127 | Reward:   314.23
Total T:  175224 | Ep: 2423 | Steps:  129 | Reward:   323.72
Total T:  175353 | Ep: 2424 | Steps:  129 | Reward:   325.88
Total T:  175481 | Ep: 2425 | Steps:  128 | Reward:   316.93
Total T:  175611 | Ep: 2426 | Steps:  130 | Reward:   333.51
Total T:  175737 | Ep: 2427 | Steps:  126 | Reward:   311.68
Total T:  175862 | Ep: 2428 | Steps:  125 | Reward:   312.14
Total T:  175987 | Ep: 2429 | Steps:  125 | Reward:   312.17
Total T:  176113 | Ep: 2430 | Steps:  126 | Reward:   315.54
Total T:  176252 | Ep: 2431 | Steps:  139 | Reward:   332.65
Total T:  176386 | Ep: 2432 | Steps:  134 | Reward:   325.66
Total T:  176520 | Ep: 2433 | Steps:  134 | Reward:   322.03
Total T:  176646 | Ep: 2434 | Steps:  126 | Reward:   318.36
Total T:  176782 | Ep: 2435 | Steps:  136 | Reward:   318.78
Total T:  176923 | Ep: 2436 | Steps:  141 | Reward:   330.67
Total T:  177059 | Ep: 2437 | Steps:  136 | Reward:   335.37
Total T:  177192 | Ep: 2438 | Steps:  133 | Reward:   332.80
Total T:  177335 | Ep: 2439 | Steps:  143 | Reward:   336.50
Total T:  177484 | Ep: 2440 | Steps:  149 | Reward:   346.31
Total T:  177623 | Ep: 2441 | Steps:  139 | Reward:   337.24
Total T:  177756 | Ep: 2442 | Steps:  133 | Reward:   330.14
Total T:  177903 | Ep: 2443 | Steps:  147 | Reward:   347.80
Total T:  178042 | Ep: 2444 | Steps:  139 | Reward:   327.26
Total T:  178173 | Ep: 2445 | Steps:  131 | Reward:   337.41
Total T:  178305 | Ep: 2446 | Steps:  132 | Reward:   329.31
Total T:  178425 | Ep: 2447 | Steps:  120 | Reward:   300.05
Total T:  178567 | Ep: 2448 | Steps:  142 | Reward:   355.30
Total T:  178702 | Ep: 2449 | Steps:  135 | Reward:   340.01
Total T:  178833 | Ep: 2450 | Steps:  131 | Reward:   326.54
Total T:  178973 | Ep: 2451 | Steps:  140 | Reward:   338.89
Total T:  179112 | Ep: 2452 | Steps:  139 | Reward:   346.86
Total T:  179235 | Ep: 2453 | Steps:  123 | Reward:   316.06
Total T:  179363 | Ep: 2454 | Steps:  128 | Reward:   329.21
Total T:  179502 | Ep: 2455 | Steps:  139 | Reward:   347.41
Total T:  179655 | Ep: 2456 | Steps:  153 | Reward:   368.54
Total T:  179800 | Ep: 2457 | Steps:  145 | Reward:   341.37
Total T:  179924 | Ep: 2458 | Steps:  124 | Reward:   322.29
---------------------------------------
Evaluation over 10 episodes: 322.108
---------------------------------------
Total T:  180055 | Ep: 2459 | Steps:  131 | Reward:   336.08
Total T:  180198 | Ep: 2460 | Steps:  143 | Reward:   336.64
Total T:  180328 | Ep: 2461 | Steps:  130 | Reward:   330.19
Total T:  180457 | Ep: 2462 | Steps:  129 | Reward:   330.10
Total T:  180596 | Ep: 2463 | Steps:  139 | Reward:   330.60
Total T:  180718 | Ep: 2464 | Steps:  122 | Reward:   306.65
Total T:  180837 | Ep: 2465 | Steps:  119 | Reward:   285.93
Total T:  180959 | Ep: 2466 | Steps:  122 | Reward:   298.16
Total T:  181089 | Ep: 2467 | Steps:  130 | Reward:   354.64
Total T:  181206 | Ep: 2468 | Steps:  117 | Reward:   285.68
Total T:  181355 | Ep: 2469 | Steps:  149 | Reward:   356.68
Total T:  181501 | Ep: 2470 | Steps:  146 | Reward:   367.55
Total T:  181657 | Ep: 2471 | Steps:  156 | Reward:   363.71
Total T:  181800 | Ep: 2472 | Steps:  143 | Reward:   349.23
Total T:  181951 | Ep: 2473 | Steps:  151 | Reward:   362.32
Total T:  182091 | Ep: 2474 | Steps:  140 | Reward:   334.85
Total T:  182220 | Ep: 2475 | Steps:  129 | Reward:   334.04
Total T:  182342 | Ep: 2476 | Steps:  122 | Reward:   302.56
Total T:  182460 | Ep: 2477 | Steps:  118 | Reward:   288.25
Total T:  182579 | Ep: 2478 | Steps:  119 | Reward:   286.46
Total T:  182695 | Ep: 2479 | Steps:  116 | Reward:   282.73
Total T:  182844 | Ep: 2480 | Steps:  149 | Reward:   345.60
Total T:  182992 | Ep: 2481 | Steps:  148 | Reward:   350.04
Total T:  183139 | Ep: 2482 | Steps:  147 | Reward:   344.90
Total T:  183284 | Ep: 2483 | Steps:  145 | Reward:   330.54
Total T:  183402 | Ep: 2484 | Steps:  118 | Reward:   280.33
Total T:  183525 | Ep: 2485 | Steps:  123 | Reward:   303.51
Total T:  183646 | Ep: 2486 | Steps:  121 | Reward:   296.17
Total T:  183793 | Ep: 2487 | Steps:  147 | Reward:   338.45
Total T:  183929 | Ep: 2488 | Steps:  136 | Reward:   325.68
Total T:  184058 | Ep: 2489 | Steps:  129 | Reward:   326.12
Total T:  184191 | Ep: 2490 | Steps:  133 | Reward:   340.89
Total T:  184326 | Ep: 2491 | Steps:  135 | Reward:   322.24
Total T:  184475 | Ep: 2492 | Steps:  149 | Reward:   343.48
Total T:  184602 | Ep: 2493 | Steps:  127 | Reward:   326.14
Total T:  184739 | Ep: 2494 | Steps:  137 | Reward:   322.01
Total T:  184884 | Ep: 2495 | Steps:  145 | Reward:   338.02
Total T:  185015 | Ep: 2496 | Steps:  131 | Reward:   330.14
Total T:  185173 | Ep: 2497 | Steps:  158 | Reward:   346.16
Total T:  185315 | Ep: 2498 | Steps:  142 | Reward:   328.07
Total T:  185467 | Ep: 2499 | Steps:  152 | Reward:   350.60
Total T:  185598 | Ep: 2500 | Steps:  131 | Reward:   320.65
Total T:  185727 | Ep: 2501 | Steps:  129 | Reward:   319.51
Total T:  185875 | Ep: 2502 | Steps:  148 | Reward:   335.10
Total T:  186009 | Ep: 2503 | Steps:  134 | Reward:   325.92
Total T:  186136 | Ep: 2504 | Steps:  127 | Reward:   321.94
Total T:  186279 | Ep: 2505 | Steps:  143 | Reward:   333.64
Total T:  186424 | Ep: 2506 | Steps:  145 | Reward:   330.39
Total T:  186551 | Ep: 2507 | Steps:  127 | Reward:   327.35
Total T:  186677 | Ep: 2508 | Steps:  126 | Reward:   321.15
Total T:  186812 | Ep: 2509 | Steps:  135 | Reward:   350.15
Total T:  186942 | Ep: 2510 | Steps:  130 | Reward:   326.42
Total T:  187075 | Ep: 2511 | Steps:  133 | Reward:   324.03
Total T:  187205 | Ep: 2512 | Steps:  130 | Reward:   325.17
Total T:  187331 | Ep: 2513 | Steps:  126 | Reward:   302.16
Total T:  187470 | Ep: 2514 | Steps:  139 | Reward:   338.45
Total T:  187595 | Ep: 2515 | Steps:  125 | Reward:   317.70
Total T:  187726 | Ep: 2516 | Steps:  131 | Reward:   317.67
Total T:  187865 | Ep: 2517 | Steps:  139 | Reward:   339.79
Total T:  188014 | Ep: 2518 | Steps:  149 | Reward:   332.97
Total T:  188141 | Ep: 2519 | Steps:  127 | Reward:   320.32
Total T:  188274 | Ep: 2520 | Steps:  133 | Reward:   335.81
Total T:  188399 | Ep: 2521 | Steps:  125 | Reward:   313.02
Total T:  188535 | Ep: 2522 | Steps:  136 | Reward:   334.04
Total T:  188668 | Ep: 2523 | Steps:  133 | Reward:   338.84
Total T:  188802 | Ep: 2524 | Steps:  134 | Reward:   356.62
Total T:  188934 | Ep: 2525 | Steps:  132 | Reward:   345.11
Total T:  189063 | Ep: 2526 | Steps:  129 | Reward:   342.59
Total T:  189191 | Ep: 2527 | Steps:  128 | Reward:   317.37
Total T:  189324 | Ep: 2528 | Steps:  133 | Reward:   340.01
Total T:  189456 | Ep: 2529 | Steps:  132 | Reward:   343.44
Total T:  189588 | Ep: 2530 | Steps:  132 | Reward:   327.27
Total T:  189720 | Ep: 2531 | Steps:  132 | Reward:   336.44
Total T:  189860 | Ep: 2532 | Steps:  140 | Reward:   359.25
Total T:  189996 | Ep: 2533 | Steps:  136 | Reward:   359.07
---------------------------------------
Evaluation over 10 episodes: 338.857
---------------------------------------
Total T:  190128 | Ep: 2534 | Steps:  132 | Reward:   331.75
Total T:  190258 | Ep: 2535 | Steps:  130 | Reward:   343.23
Total T:  190387 | Ep: 2536 | Steps:  129 | Reward:   331.86
Total T:  190510 | Ep: 2537 | Steps:  123 | Reward:   307.99
Total T:  190642 | Ep: 2538 | Steps:  132 | Reward:   330.63
Total T:  190778 | Ep: 2539 | Steps:  136 | Reward:   364.53
Total T:  190906 | Ep: 2540 | Steps:  128 | Reward:   319.26
Total T:  191033 | Ep: 2541 | Steps:  127 | Reward:   334.63
Total T:  191174 | Ep: 2542 | Steps:  141 | Reward:   362.77
Total T:  191303 | Ep: 2543 | Steps:  129 | Reward:   335.97
Total T:  191443 | Ep: 2544 | Steps:  140 | Reward:   368.25
Total T:  191582 | Ep: 2545 | Steps:  139 | Reward:   364.49
Total T:  191719 | Ep: 2546 | Steps:  137 | Reward:   359.33
Total T:  191849 | Ep: 2547 | Steps:  130 | Reward:   334.44
Total T:  191988 | Ep: 2548 | Steps:  139 | Reward:   361.69
Total T:  192127 | Ep: 2549 | Steps:  139 | Reward:   351.52
Total T:  192264 | Ep: 2550 | Steps:  137 | Reward:   359.94
Total T:  192387 | Ep: 2551 | Steps:  123 | Reward:   313.61
Total T:  192524 | Ep: 2552 | Steps:  137 | Reward:   354.57
Total T:  192653 | Ep: 2553 | Steps:  129 | Reward:   329.58
Total T:  192783 | Ep: 2554 | Steps:  130 | Reward:   332.04
Total T:  192912 | Ep: 2555 | Steps:  129 | Reward:   336.86
Total T:  193046 | Ep: 2556 | Steps:  134 | Reward:   344.50
Total T:  193184 | Ep: 2557 | Steps:  138 | Reward:   359.85
Total T:  193319 | Ep: 2558 | Steps:  135 | Reward:   350.70
Total T:  193452 | Ep: 2559 | Steps:  133 | Reward:   344.77
Total T:  193581 | Ep: 2560 | Steps:  129 | Reward:   324.61
Total T:  193711 | Ep: 2561 | Steps:  130 | Reward:   332.43
Total T:  193849 | Ep: 2562 | Steps:  138 | Reward:   361.50
Total T:  193985 | Ep: 2563 | Steps:  136 | Reward:   339.74
Total T:  194122 | Ep: 2564 | Steps:  137 | Reward:   345.38
Total T:  194256 | Ep: 2565 | Steps:  134 | Reward:   351.81
Total T:  194388 | Ep: 2566 | Steps:  132 | Reward:   336.45
Total T:  194514 | Ep: 2567 | Steps:  126 | Reward:   318.38
Total T:  194647 | Ep: 2568 | Steps:  133 | Reward:   335.27
Total T:  194779 | Ep: 2569 | Steps:  132 | Reward:   331.77
Total T:  194907 | Ep: 2570 | Steps:  128 | Reward:   330.92
Total T:  195033 | Ep: 2571 | Steps:  126 | Reward:   314.13
Total T:  195164 | Ep: 2572 | Steps:  131 | Reward:   347.52
Total T:  195298 | Ep: 2573 | Steps:  134 | Reward:   336.99
Total T:  195436 | Ep: 2574 | Steps:  138 | Reward:   349.83
Total T:  195572 | Ep: 2575 | Steps:  136 | Reward:   346.86
Total T:  195707 | Ep: 2576 | Steps:  135 | Reward:   346.38
Total T:  195845 | Ep: 2577 | Steps:  138 | Reward:   354.50
Total T:  195977 | Ep: 2578 | Steps:  132 | Reward:   325.45
Total T:  196112 | Ep: 2579 | Steps:  135 | Reward:   345.12
Total T:  196240 | Ep: 2580 | Steps:  128 | Reward:   327.12
Total T:  196371 | Ep: 2581 | Steps:  131 | Reward:   347.44
Total T:  196511 | Ep: 2582 | Steps:  140 | Reward:   357.68
Total T:  196647 | Ep: 2583 | Steps:  136 | Reward:   332.14
Total T:  196782 | Ep: 2584 | Steps:  135 | Reward:   337.99
Total T:  196911 | Ep: 2585 | Steps:  129 | Reward:   330.25
Total T:  197049 | Ep: 2586 | Steps:  138 | Reward:   355.89
Total T:  197184 | Ep: 2587 | Steps:  135 | Reward:   331.81
Total T:  197318 | Ep: 2588 | Steps:  134 | Reward:   328.91
Total T:  197454 | Ep: 2589 | Steps:  136 | Reward:   358.76
Total T:  197589 | Ep: 2590 | Steps:  135 | Reward:   341.79
Total T:  197728 | Ep: 2591 | Steps:  139 | Reward:   360.67
Total T:  197866 | Ep: 2592 | Steps:  138 | Reward:   351.03
Total T:  198001 | Ep: 2593 | Steps:  135 | Reward:   365.91
Total T:  198131 | Ep: 2594 | Steps:  130 | Reward:   332.99
Total T:  198262 | Ep: 2595 | Steps:  131 | Reward:   335.88
Total T:  198394 | Ep: 2596 | Steps:  132 | Reward:   322.45
Total T:  198522 | Ep: 2597 | Steps:  128 | Reward:   330.80
Total T:  198648 | Ep: 2598 | Steps:  126 | Reward:   327.86
Total T:  198776 | Ep: 2599 | Steps:  128 | Reward:   332.58
Total T:  198909 | Ep: 2600 | Steps:  133 | Reward:   349.97
Total T:  199040 | Ep: 2601 | Steps:  131 | Reward:   333.34
Total T:  199175 | Ep: 2602 | Steps:  135 | Reward:   334.43
Total T:  199303 | Ep: 2603 | Steps:  128 | Reward:   323.73
Total T:  199435 | Ep: 2604 | Steps:  132 | Reward:   340.59
Total T:  199570 | Ep: 2605 | Steps:  135 | Reward:   350.43
Total T:  199703 | Ep: 2606 | Steps:  133 | Reward:   328.45
Total T:  199835 | Ep: 2607 | Steps:  132 | Reward:   346.25
Total T:  199961 | Ep: 2608 | Steps:  126 | Reward:   322.27
---------------------------------------
Evaluation over 10 episodes: 327.131
---------------------------------------
Total T:  200092 | Ep: 2609 | Steps:  131 | Reward:   347.27
Total T:  200222 | Ep: 2610 | Steps:  130 | Reward:   331.19
Total T:  200356 | Ep: 2611 | Steps:  134 | Reward:   342.18
Total T:  200495 | Ep: 2612 | Steps:  139 | Reward:   355.63
Total T:  200629 | Ep: 2613 | Steps:  134 | Reward:   333.33
Total T:  200764 | Ep: 2614 | Steps:  135 | Reward:   336.71
Total T:  200898 | Ep: 2615 | Steps:  134 | Reward:   346.58
Total T:  201034 | Ep: 2616 | Steps:  136 | Reward:   343.55
Total T:  201165 | Ep: 2617 | Steps:  131 | Reward:   330.12
Total T:  201285 | Ep: 2618 | Steps:  120 | Reward:   282.65
Total T:  201419 | Ep: 2619 | Steps:  134 | Reward:   346.14
Total T:  201551 | Ep: 2620 | Steps:  132 | Reward:   325.68
Total T:  201686 | Ep: 2621 | Steps:  135 | Reward:   339.34
Total T:  201812 | Ep: 2622 | Steps:  126 | Reward:   317.46
Total T:  201941 | Ep: 2623 | Steps:  129 | Reward:   327.24
Total T:  202077 | Ep: 2624 | Steps:  136 | Reward:   343.32
Total T:  202210 | Ep: 2625 | Steps:  133 | Reward:   327.05
Total T:  202336 | Ep: 2626 | Steps:  126 | Reward:   311.45
Total T:  202472 | Ep: 2627 | Steps:  136 | Reward:   350.67
Total T:  202603 | Ep: 2628 | Steps:  131 | Reward:   321.94
Total T:  202729 | Ep: 2629 | Steps:  126 | Reward:   313.72
Total T:  202865 | Ep: 2630 | Steps:  136 | Reward:   350.06
Total T:  202998 | Ep: 2631 | Steps:  133 | Reward:   327.29
Total T:  203120 | Ep: 2632 | Steps:  122 | Reward:   296.86
Total T:  203254 | Ep: 2633 | Steps:  134 | Reward:   326.72
Total T:  203385 | Ep: 2634 | Steps:  131 | Reward:   332.07
Total T:  203519 | Ep: 2635 | Steps:  134 | Reward:   350.15
Total T:  203657 | Ep: 2636 | Steps:  138 | Reward:   338.46
Total T:  203789 | Ep: 2637 | Steps:  132 | Reward:   329.56
Total T:  203928 | Ep: 2638 | Steps:  139 | Reward:   361.50
Total T:  204057 | Ep: 2639 | Steps:  129 | Reward:   316.67
Total T:  204191 | Ep: 2640 | Steps:  134 | Reward:   345.71
Total T:  204322 | Ep: 2641 | Steps:  131 | Reward:   324.86
Total T:  204445 | Ep: 2642 | Steps:  123 | Reward:   299.41
Total T:  204571 | Ep: 2643 | Steps:  126 | Reward:   321.70
Total T:  204697 | Ep: 2644 | Steps:  126 | Reward:   320.31
Total T:  204821 | Ep: 2645 | Steps:  124 | Reward:   310.45
Total T:  204954 | Ep: 2646 | Steps:  133 | Reward:   321.23
Total T:  205077 | Ep: 2647 | Steps:  123 | Reward:   306.73
Total T:  205211 | Ep: 2648 | Steps:  134 | Reward:   338.97
Total T:  205334 | Ep: 2649 | Steps:  123 | Reward:   302.81
Total T:  205472 | Ep: 2650 | Steps:  138 | Reward:   358.42
Total T:  205604 | Ep: 2651 | Steps:  132 | Reward:   332.72
Total T:  205740 | Ep: 2652 | Steps:  136 | Reward:   348.40
Total T:  205874 | Ep: 2653 | Steps:  134 | Reward:   335.97
Total T:  206012 | Ep: 2654 | Steps:  138 | Reward:   353.78
Total T:  206134 | Ep: 2655 | Steps:  122 | Reward:   301.64
Total T:  206257 | Ep: 2656 | Steps:  123 | Reward:   306.00
Total T:  206389 | Ep: 2657 | Steps:  132 | Reward:   329.48
Total T:  206524 | Ep: 2658 | Steps:  135 | Reward:   338.65
Total T:  206654 | Ep: 2659 | Steps:  130 | Reward:   331.38
Total T:  206775 | Ep: 2660 | Steps:  121 | Reward:   296.33
Total T:  206913 | Ep: 2661 | Steps:  138 | Reward:   333.95
Total T:  207048 | Ep: 2662 | Steps:  135 | Reward:   327.53
Total T:  207180 | Ep: 2663 | Steps:  132 | Reward:   342.07
Total T:  207317 | Ep: 2664 | Steps:  137 | Reward:   333.87
Total T:  207449 | Ep: 2665 | Steps:  132 | Reward:   334.52
Total T:  207585 | Ep: 2666 | Steps:  136 | Reward:   334.06
Total T:  207710 | Ep: 2667 | Steps:  125 | Reward:   312.15
Total T:  207845 | Ep: 2668 | Steps:  135 | Reward:   330.23
Total T:  207973 | Ep: 2669 | Steps:  128 | Reward:   321.37
Total T:  208104 | Ep: 2670 | Steps:  131 | Reward:   331.98
Total T:  208226 | Ep: 2671 | Steps:  122 | Reward:   303.91
Total T:  208359 | Ep: 2672 | Steps:  133 | Reward:   345.68
Total T:  208489 | Ep: 2673 | Steps:  130 | Reward:   333.98
Total T:  208626 | Ep: 2674 | Steps:  137 | Reward:   349.32
Total T:  208747 | Ep: 2675 | Steps:  121 | Reward:   298.87
Total T:  208875 | Ep: 2676 | Steps:  128 | Reward:   319.83
Total T:  208998 | Ep: 2677 | Steps:  123 | Reward:   308.99
Total T:  209128 | Ep: 2678 | Steps:  130 | Reward:   321.31
Total T:  209253 | Ep: 2679 | Steps:  125 | Reward:   321.68
Total T:  209380 | Ep: 2680 | Steps:  127 | Reward:   326.25
Total T:  209511 | Ep: 2681 | Steps:  131 | Reward:   354.25
Total T:  209634 | Ep: 2682 | Steps:  123 | Reward:   309.85
Total T:  209765 | Ep: 2683 | Steps:  131 | Reward:   334.62
Total T:  209895 | Ep: 2684 | Steps:  130 | Reward:   334.48
---------------------------------------
Evaluation over 10 episodes: 332.698
---------------------------------------
Total T:  210021 | Ep: 2685 | Steps:  126 | Reward:   320.79
Total T:  210151 | Ep: 2686 | Steps:  130 | Reward:   326.38
Total T:  210296 | Ep: 2687 | Steps:  145 | Reward:   341.90
Total T:  210433 | Ep: 2688 | Steps:  137 | Reward:   360.17
Total T:  210563 | Ep: 2689 | Steps:  130 | Reward:   327.25
Total T:  210696 | Ep: 2690 | Steps:  133 | Reward:   339.02
Total T:  210831 | Ep: 2691 | Steps:  135 | Reward:   347.30
Total T:  210961 | Ep: 2692 | Steps:  130 | Reward:   326.60
Total T:  211089 | Ep: 2693 | Steps:  128 | Reward:   329.72
Total T:  211213 | Ep: 2694 | Steps:  124 | Reward:   315.10
Total T:  211349 | Ep: 2695 | Steps:  136 | Reward:   350.30
Total T:  211479 | Ep: 2696 | Steps:  130 | Reward:   334.77
Total T:  211612 | Ep: 2697 | Steps:  133 | Reward:   338.70
Total T:  211747 | Ep: 2698 | Steps:  135 | Reward:   345.92
Total T:  211871 | Ep: 2699 | Steps:  124 | Reward:   320.40
Total T:  211999 | Ep: 2700 | Steps:  128 | Reward:   316.77
Total T:  212130 | Ep: 2701 | Steps:  131 | Reward:   331.20
Total T:  212265 | Ep: 2702 | Steps:  135 | Reward:   353.00
Total T:  212388 | Ep: 2703 | Steps:  123 | Reward:   307.57
Total T:  212523 | Ep: 2704 | Steps:  135 | Reward:   344.14
Total T:  212657 | Ep: 2705 | Steps:  134 | Reward:   338.79
Total T:  212791 | Ep: 2706 | Steps:  134 | Reward:   347.72
Total T:  212919 | Ep: 2707 | Steps:  128 | Reward:   325.09
Total T:  213051 | Ep: 2708 | Steps:  132 | Reward:   332.28
Total T:  213178 | Ep: 2709 | Steps:  127 | Reward:   320.74
Total T:  213310 | Ep: 2710 | Steps:  132 | Reward:   335.95
Total T:  213446 | Ep: 2711 | Steps:  136 | Reward:   342.83
Total T:  213582 | Ep: 2712 | Steps:  136 | Reward:   337.20
Total T:  213705 | Ep: 2713 | Steps:  123 | Reward:   310.11
Total T:  213831 | Ep: 2714 | Steps:  126 | Reward:   314.18
Total T:  213960 | Ep: 2715 | Steps:  129 | Reward:   330.75
Total T:  214091 | Ep: 2716 | Steps:  131 | Reward:   331.82
Total T:  214220 | Ep: 2717 | Steps:  129 | Reward:   324.74
Total T:  214345 | Ep: 2718 | Steps:  125 | Reward:   297.87
Total T:  214478 | Ep: 2719 | Steps:  133 | Reward:   334.09
Total T:  214592 | Ep: 2720 | Steps:  114 | Reward:   275.21
Total T:  214720 | Ep: 2721 | Steps:  128 | Reward:   337.78
Total T:  214851 | Ep: 2722 | Steps:  131 | Reward:   334.29
Total T:  214987 | Ep: 2723 | Steps:  136 | Reward:   340.53
Total T:  215114 | Ep: 2724 | Steps:  127 | Reward:   319.54
Total T:  215242 | Ep: 2725 | Steps:  128 | Reward:   332.58
Total T:  215371 | Ep: 2726 | Steps:  129 | Reward:   332.46
Total T:  215496 | Ep: 2727 | Steps:  125 | Reward:   314.84
Total T:  215622 | Ep: 2728 | Steps:  126 | Reward:   318.71
Total T:  215744 | Ep: 2729 | Steps:  122 | Reward:   300.73
Total T:  215871 | Ep: 2730 | Steps:  127 | Reward:   324.88
Total T:  216000 | Ep: 2731 | Steps:  129 | Reward:   323.36
Total T:  216131 | Ep: 2732 | Steps:  131 | Reward:   341.00
Total T:  216265 | Ep: 2733 | Steps:  134 | Reward:   347.76
Total T:  216393 | Ep: 2734 | Steps:  128 | Reward:   323.18
Total T:  216520 | Ep: 2735 | Steps:  127 | Reward:   313.26
Total T:  216654 | Ep: 2736 | Steps:  134 | Reward:   353.94
Total T:  216787 | Ep: 2737 | Steps:  133 | Reward:   340.45
Total T:  216916 | Ep: 2738 | Steps:  129 | Reward:   328.08
Total T:  217047 | Ep: 2739 | Steps:  131 | Reward:   339.49
Total T:  217177 | Ep: 2740 | Steps:  130 | Reward:   338.04
Total T:  217304 | Ep: 2741 | Steps:  127 | Reward:   324.85
Total T:  217437 | Ep: 2742 | Steps:  133 | Reward:   347.72
Total T:  217562 | Ep: 2743 | Steps:  125 | Reward:   315.16
Total T:  217700 | Ep: 2744 | Steps:  138 | Reward:   372.60
Total T:  217830 | Ep: 2745 | Steps:  130 | Reward:   323.55
Total T:  217967 | Ep: 2746 | Steps:  137 | Reward:   376.37
Total T:  218094 | Ep: 2747 | Steps:  127 | Reward:   323.05
Total T:  218229 | Ep: 2748 | Steps:  135 | Reward:   345.85
Total T:  218370 | Ep: 2749 | Steps:  141 | Reward:   389.95
Total T:  218501 | Ep: 2750 | Steps:  131 | Reward:   344.92
Total T:  218648 | Ep: 2751 | Steps:  147 | Reward:   413.24
Total T:  218781 | Ep: 2752 | Steps:  133 | Reward:   349.48
Total T:  218905 | Ep: 2753 | Steps:  124 | Reward:   309.91
Total T:  219042 | Ep: 2754 | Steps:  137 | Reward:   365.09
Total T:  219177 | Ep: 2755 | Steps:  135 | Reward:   356.20
Total T:  219318 | Ep: 2756 | Steps:  141 | Reward:   379.59
Total T:  219445 | Ep: 2757 | Steps:  127 | Reward:   319.72
Total T:  219582 | Ep: 2758 | Steps:  137 | Reward:   373.33
Total T:  219713 | Ep: 2759 | Steps:  131 | Reward:   327.87
Total T:  219844 | Ep: 2760 | Steps:  131 | Reward:   327.36
Total T:  219995 | Ep: 2761 | Steps:  151 | Reward:   437.78
---------------------------------------
Evaluation over 10 episodes: 410.185
---------------------------------------
Total T:  220138 | Ep: 2762 | Steps:  143 | Reward:   386.19
Total T:  220264 | Ep: 2763 | Steps:  126 | Reward:   314.28
Total T:  220396 | Ep: 2764 | Steps:  132 | Reward:   341.57
Total T:  220521 | Ep: 2765 | Steps:  125 | Reward:   303.96
Total T:  220662 | Ep: 2766 | Steps:  141 | Reward:   385.37
Total T:  220786 | Ep: 2767 | Steps:  124 | Reward:   306.53
Total T:  220922 | Ep: 2768 | Steps:  136 | Reward:   356.17
Total T:  221043 | Ep: 2769 | Steps:  121 | Reward:   290.10
Total T:  221190 | Ep: 2770 | Steps:  147 | Reward:   403.45
Total T:  221323 | Ep: 2771 | Steps:  133 | Reward:   325.45
Total T:  221465 | Ep: 2772 | Steps:  142 | Reward:   396.53
Total T:  221590 | Ep: 2773 | Steps:  125 | Reward:   308.23
Total T:  221728 | Ep: 2774 | Steps:  138 | Reward:   366.30
Total T:  221865 | Ep: 2775 | Steps:  137 | Reward:   363.00
Total T:  222009 | Ep: 2776 | Steps:  144 | Reward:   407.56
Total T:  222129 | Ep: 2777 | Steps:  120 | Reward:   295.09
Total T:  222271 | Ep: 2778 | Steps:  142 | Reward:   389.45
Total T:  222422 | Ep: 2779 | Steps:  151 | Reward:   371.16
Total T:  222565 | Ep: 2780 | Steps:  143 | Reward:   391.15
Total T:  222719 | Ep: 2781 | Steps:  154 | Reward:   446.93
Total T:  222858 | Ep: 2782 | Steps:  139 | Reward:   384.49
Total T:  222987 | Ep: 2783 | Steps:  129 | Reward:   331.02
Total T:  223112 | Ep: 2784 | Steps:  125 | Reward:   317.32
Total T:  223254 | Ep: 2785 | Steps:  142 | Reward:   400.36
Total T:  223409 | Ep: 2786 | Steps:  155 | Reward:   457.89
Total T:  223541 | Ep: 2787 | Steps:  132 | Reward:   347.00
Total T:  223678 | Ep: 2788 | Steps:  137 | Reward:   369.23
Total T:  223801 | Ep: 2789 | Steps:  123 | Reward:   307.91
Total T:  223934 | Ep: 2790 | Steps:  133 | Reward:   354.74
Total T:  224071 | Ep: 2791 | Steps:  137 | Reward:   370.21
Total T:  224205 | Ep: 2792 | Steps:  134 | Reward:   344.72
Total T:  224336 | Ep: 2793 | Steps:  131 | Reward:   347.04
Total T:  224465 | Ep: 2794 | Steps:  129 | Reward:   335.15
Total T:  224595 | Ep: 2795 | Steps:  130 | Reward:   349.74
Total T:  224728 | Ep: 2796 | Steps:  133 | Reward:   340.28
Total T:  224865 | Ep: 2797 | Steps:  137 | Reward:   371.87
Total T:  224987 | Ep: 2798 | Steps:  122 | Reward:   304.01
Total T:  225127 | Ep: 2799 | Steps:  140 | Reward:   383.62
Total T:  225267 | Ep: 2800 | Steps:  140 | Reward:   389.52
Total T:  225390 | Ep: 2801 | Steps:  123 | Reward:   315.57
Total T:  225535 | Ep: 2802 | Steps:  145 | Reward:   412.29
Total T:  225680 | Ep: 2803 | Steps:  145 | Reward:   401.92
Total T:  225809 | Ep: 2804 | Steps:  129 | Reward:   324.26
Total T:  225939 | Ep: 2805 | Steps:  130 | Reward:   325.53
Total T:  226068 | Ep: 2806 | Steps:  129 | Reward:   346.07
Total T:  226223 | Ep: 2807 | Steps:  155 | Reward:   468.66
Total T:  226352 | Ep: 2808 | Steps:  129 | Reward:   337.37
Total T:  226493 | Ep: 2809 | Steps:  141 | Reward:   393.16
Total T:  226640 | Ep: 2810 | Steps:  147 | Reward:   422.01
Total T:  226794 | Ep: 2811 | Steps:  154 | Reward:   456.82
Total T:  226925 | Ep: 2812 | Steps:  131 | Reward:   345.68
Total T:  227062 | Ep: 2813 | Steps:  137 | Reward:   361.84
Total T:  227210 | Ep: 2814 | Steps:  148 | Reward:   417.64
Total T:  227339 | Ep: 2815 | Steps:  129 | Reward:   329.40
Total T:  227489 | Ep: 2816 | Steps:  150 | Reward:   416.74
Total T:  227620 | Ep: 2817 | Steps:  131 | Reward:   351.37
Total T:  227757 | Ep: 2818 | Steps:  137 | Reward:   380.41
Total T:  227890 | Ep: 2819 | Steps:  133 | Reward:   366.37
Total T:  228039 | Ep: 2820 | Steps:  149 | Reward:   419.79
Total T:  228193 | Ep: 2821 | Steps:  154 | Reward:   443.23
Total T:  228347 | Ep: 2822 | Steps:  154 | Reward:   453.84
Total T:  228501 | Ep: 2823 | Steps:  154 | Reward:   466.22
Total T:  228649 | Ep: 2824 | Steps:  148 | Reward:   435.17
Total T:  228797 | Ep: 2825 | Steps:  148 | Reward:   438.98
Total T:  228927 | Ep: 2826 | Steps:  130 | Reward:   346.91
Total T:  229074 | Ep: 2827 | Steps:  147 | Reward:   429.86
Total T:  229216 | Ep: 2828 | Steps:  142 | Reward:   400.68
Total T:  229344 | Ep: 2829 | Steps:  128 | Reward:   332.34
Total T:  229488 | Ep: 2830 | Steps:  144 | Reward:   398.66
Total T:  229633 | Ep: 2831 | Steps:  145 | Reward:   413.55
Total T:  229784 | Ep: 2832 | Steps:  151 | Reward:   433.14
Total T:  229938 | Ep: 2833 | Steps:  154 | Reward:   455.95
---------------------------------------
Evaluation over 10 episodes: 422.408
---------------------------------------
Total T:  230058 | Ep: 2834 | Steps:  120 | Reward:   324.97
Total T:  230198 | Ep: 2835 | Steps:  140 | Reward:   390.93
Total T:  230343 | Ep: 2836 | Steps:  145 | Reward:   405.12
Total T:  230484 | Ep: 2837 | Steps:  141 | Reward:   400.45
Total T:  230621 | Ep: 2838 | Steps:  137 | Reward:   375.62
Total T:  230764 | Ep: 2839 | Steps:  143 | Reward:   408.62
Total T:  230908 | Ep: 2840 | Steps:  144 | Reward:   404.48
Total T:  231051 | Ep: 2841 | Steps:  143 | Reward:   411.95
Total T:  231197 | Ep: 2842 | Steps:  146 | Reward:   410.97
Total T:  231329 | Ep: 2843 | Steps:  132 | Reward:   334.70
Total T:  231479 | Ep: 2844 | Steps:  150 | Reward:   445.57
Total T:  231615 | Ep: 2845 | Steps:  136 | Reward:   371.22
Total T:  231760 | Ep: 2846 | Steps:  145 | Reward:   405.10
Total T:  231896 | Ep: 2847 | Steps:  136 | Reward:   355.86
Total T:  232037 | Ep: 2848 | Steps:  141 | Reward:   381.29
Total T:  232179 | Ep: 2849 | Steps:  142 | Reward:   383.29
Total T:  232336 | Ep: 2850 | Steps:  157 | Reward:   428.22
Total T:  232476 | Ep: 2851 | Steps:  140 | Reward:   376.52
Total T:  232620 | Ep: 2852 | Steps:  144 | Reward:   397.58
Total T:  232768 | Ep: 2853 | Steps:  148 | Reward:   399.99
Total T:  232910 | Ep: 2854 | Steps:  142 | Reward:   381.71
Total T:  233059 | Ep: 2855 | Steps:  149 | Reward:   428.40
Total T:  233187 | Ep: 2856 | Steps:  128 | Reward:   322.19
Total T:  233335 | Ep: 2857 | Steps:  148 | Reward:   416.77
Total T:  233477 | Ep: 2858 | Steps:  142 | Reward:   377.40
Total T:  233613 | Ep: 2859 | Steps:  136 | Reward:   347.42
Total T:  233756 | Ep: 2860 | Steps:  143 | Reward:   385.00
Total T:  233896 | Ep: 2861 | Steps:  140 | Reward:   375.09
Total T:  234050 | Ep: 2862 | Steps:  154 | Reward:   420.09
Total T:  234192 | Ep: 2863 | Steps:  142 | Reward:   382.14
Total T:  234337 | Ep: 2864 | Steps:  145 | Reward:   393.43
Total T:  234479 | Ep: 2865 | Steps:  142 | Reward:   375.04
Total T:  234627 | Ep: 2866 | Steps:  148 | Reward:   403.51
Total T:  234767 | Ep: 2867 | Steps:  140 | Reward:   368.27
Total T:  234890 | Ep: 2868 | Steps:  123 | Reward:   300.38
Total T:  235020 | Ep: 2869 | Steps:  130 | Reward:   334.18
Total T:  235162 | Ep: 2870 | Steps:  142 | Reward:   378.08
Total T:  235298 | Ep: 2871 | Steps:  136 | Reward:   354.49
Total T:  235446 | Ep: 2872 | Steps:  148 | Reward:   413.81
Total T:  235588 | Ep: 2873 | Steps:  142 | Reward:   386.19
Total T:  235733 | Ep: 2874 | Steps:  145 | Reward:   403.62
Total T:  235880 | Ep: 2875 | Steps:  147 | Reward:   404.83
Total T:  236031 | Ep: 2876 | Steps:  151 | Reward:   406.02
Total T:  236170 | Ep: 2877 | Steps:  139 | Reward:   354.69
Total T:  236276 | Ep: 2878 | Steps:  106 | Reward:   252.06
Total T:  236429 | Ep: 2879 | Steps:  153 | Reward:   430.76
Total T:  236570 | Ep: 2880 | Steps:  141 | Reward:   371.04
Total T:  236711 | Ep: 2881 | Steps:  141 | Reward:   375.55
Total T:  236857 | Ep: 2882 | Steps:  146 | Reward:   410.45
Total T:  237001 | Ep: 2883 | Steps:  144 | Reward:   392.76
Total T:  237144 | Ep: 2884 | Steps:  143 | Reward:   395.67
Total T:  237270 | Ep: 2885 | Steps:  126 | Reward:   318.01
Total T:  237416 | Ep: 2886 | Steps:  146 | Reward:   403.87
Total T:  237554 | Ep: 2887 | Steps:  138 | Reward:   361.17
Total T:  237695 | Ep: 2888 | Steps:  141 | Reward:   376.42
Total T:  237829 | Ep: 2889 | Steps:  134 | Reward:   340.20
Total T:  237965 | Ep: 2890 | Steps:  136 | Reward:   360.63
Total T:  238103 | Ep: 2891 | Steps:  138 | Reward:   356.44
Total T:  238249 | Ep: 2892 | Steps:  146 | Reward:   399.39
Total T:  238389 | Ep: 2893 | Steps:  140 | Reward:   367.04
Total T:  238529 | Ep: 2894 | Steps:  140 | Reward:   368.95
Total T:  238674 | Ep: 2895 | Steps:  145 | Reward:   370.17
Total T:  238820 | Ep: 2896 | Steps:  146 | Reward:   399.72
Total T:  238969 | Ep: 2897 | Steps:  149 | Reward:   409.55
Total T:  239108 | Ep: 2898 | Steps:  139 | Reward:   395.94
Total T:  239251 | Ep: 2899 | Steps:  143 | Reward:   384.78
Total T:  239394 | Ep: 2900 | Steps:  143 | Reward:   393.43
Total T:  239541 | Ep: 2901 | Steps:  147 | Reward:   404.26
Total T:  239695 | Ep: 2902 | Steps:  154 | Reward:   441.18
Total T:  239838 | Ep: 2903 | Steps:  143 | Reward:   368.23
Total T:  239992 | Ep: 2904 | Steps:  154 | Reward:   434.95
---------------------------------------
Evaluation over 10 episodes: 392.356
---------------------------------------
Total T:  240144 | Ep: 2905 | Steps:  152 | Reward:   447.74
Total T:  240290 | Ep: 2906 | Steps:  146 | Reward:   383.32
Total T:  240442 | Ep: 2907 | Steps:  152 | Reward:   427.76
Total T:  240578 | Ep: 2908 | Steps:  136 | Reward:   342.36
Total T:  240717 | Ep: 2909 | Steps:  139 | Reward:   360.07
Total T:  240853 | Ep: 2910 | Steps:  136 | Reward:   356.62
Total T:  240988 | Ep: 2911 | Steps:  135 | Reward:   334.95
Total T:  241124 | Ep: 2912 | Steps:  136 | Reward:   364.96
Total T:  241260 | Ep: 2913 | Steps:  136 | Reward:   346.50
Total T:  241405 | Ep: 2914 | Steps:  145 | Reward:   384.91
Total T:  241526 | Ep: 2915 | Steps:  121 | Reward:   299.54
Total T:  241668 | Ep: 2916 | Steps:  142 | Reward:   385.78
Total T:  241811 | Ep: 2917 | Steps:  143 | Reward:   377.13
Total T:  241950 | Ep: 2918 | Steps:  139 | Reward:   353.76
Total T:  242085 | Ep: 2919 | Steps:  135 | Reward:   353.95
Total T:  242223 | Ep: 2920 | Steps:  138 | Reward:   365.00
Total T:  242364 | Ep: 2921 | Steps:  141 | Reward:   370.33
Total T:  242503 | Ep: 2922 | Steps:  139 | Reward:   356.09
Total T:  242642 | Ep: 2923 | Steps:  139 | Reward:   371.01
Total T:  242780 | Ep: 2924 | Steps:  138 | Reward:   360.75
Total T:  242921 | Ep: 2925 | Steps:  141 | Reward:   366.39
Total T:  243056 | Ep: 2926 | Steps:  135 | Reward:   349.80
Total T:  243194 | Ep: 2927 | Steps:  138 | Reward:   365.56
Total T:  243337 | Ep: 2928 | Steps:  143 | Reward:   379.64
Total T:  243473 | Ep: 2929 | Steps:  136 | Reward:   352.80
Total T:  243610 | Ep: 2930 | Steps:  137 | Reward:   348.00
Total T:  243747 | Ep: 2931 | Steps:  137 | Reward:   359.06
Total T:  243885 | Ep: 2932 | Steps:  138 | Reward:   357.77
Total T:  244025 | Ep: 2933 | Steps:  140 | Reward:   362.15
Total T:  244167 | Ep: 2934 | Steps:  142 | Reward:   376.77
Total T:  244305 | Ep: 2935 | Steps:  138 | Reward:   363.83
Total T:  244445 | Ep: 2936 | Steps:  140 | Reward:   371.96
Total T:  244482 | Ep: 2937 | Steps:   37 | Reward:    47.76
Total T:  244628 | Ep: 2938 | Steps:  146 | Reward:   402.62
Total T:  244773 | Ep: 2939 | Steps:  145 | Reward:   405.79
Total T:  244919 | Ep: 2940 | Steps:  146 | Reward:   420.42
Total T:  245085 | Ep: 2941 | Steps:  166 | Reward:   506.66
Total T:  245215 | Ep: 2942 | Steps:  130 | Reward:   326.74
Total T:  245357 | Ep: 2943 | Steps:  142 | Reward:   400.70
Total T:  245503 | Ep: 2944 | Steps:  146 | Reward:   412.28
Total T:  245660 | Ep: 2945 | Steps:  157 | Reward:   468.63
Total T:  245805 | Ep: 2946 | Steps:  145 | Reward:   408.40
Total T:  245950 | Ep: 2947 | Steps:  145 | Reward:   416.91
Total T:  246122 | Ep: 2948 | Steps:  172 | Reward:   527.84
Total T:  246264 | Ep: 2949 | Steps:  142 | Reward:   402.47
Total T:  246409 | Ep: 2950 | Steps:  145 | Reward:   429.51
Total T:  246566 | Ep: 2951 | Steps:  157 | Reward:   476.55
Total T:  246712 | Ep: 2952 | Steps:  146 | Reward:   427.82
Total T:  246853 | Ep: 2953 | Steps:  141 | Reward:   393.17
Total T:  246998 | Ep: 2954 | Steps:  145 | Reward:   415.36
Total T:  247148 | Ep: 2955 | Steps:  150 | Reward:   445.14
Total T:  247300 | Ep: 2956 | Steps:  152 | Reward:   448.43
Total T:  247443 | Ep: 2957 | Steps:  143 | Reward:   406.56
Total T:  247608 | Ep: 2958 | Steps:  165 | Reward:   513.05
Total T:  247761 | Ep: 2959 | Steps:  153 | Reward:   451.05
Total T:  247916 | Ep: 2960 | Steps:  155 | Reward:   465.00
Total T:  248068 | Ep: 2961 | Steps:  152 | Reward:   438.20
Total T:  248230 | Ep: 2962 | Steps:  162 | Reward:   500.15
Total T:  248381 | Ep: 2963 | Steps:  151 | Reward:   437.30
Total T:  248539 | Ep: 2964 | Steps:  158 | Reward:   475.02
Total T:  248701 | Ep: 2965 | Steps:  162 | Reward:   500.22
Total T:  248857 | Ep: 2966 | Steps:  156 | Reward:   473.83
Total T:  249017 | Ep: 2967 | Steps:  160 | Reward:   488.51
Total T:  249167 | Ep: 2968 | Steps:  150 | Reward:   447.23
Total T:  249314 | Ep: 2969 | Steps:  147 | Reward:   430.41
Total T:  249460 | Ep: 2970 | Steps:  146 | Reward:   416.23
Total T:  249614 | Ep: 2971 | Steps:  154 | Reward:   462.67
Total T:  249757 | Ep: 2972 | Steps:  143 | Reward:   402.61
Total T:  249900 | Ep: 2973 | Steps:  143 | Reward:   407.49
---------------------------------------
Evaluation over 10 episodes: 452.630
---------------------------------------
Total T:  250045 | Ep: 2974 | Steps:  145 | Reward:   413.38
Total T:  250195 | Ep: 2975 | Steps:  150 | Reward:   439.70
Total T:  250340 | Ep: 2976 | Steps:  145 | Reward:   411.34
Total T:  250482 | Ep: 2977 | Steps:  142 | Reward:   394.86
Total T:  250630 | Ep: 2978 | Steps:  148 | Reward:   432.82
Total T:  250779 | Ep: 2979 | Steps:  149 | Reward:   430.45
Total T:  250931 | Ep: 2980 | Steps:  152 | Reward:   445.62
Total T:  251081 | Ep: 2981 | Steps:  150 | Reward:   430.16
Total T:  251234 | Ep: 2982 | Steps:  153 | Reward:   448.64
Total T:  251387 | Ep: 2983 | Steps:  153 | Reward:   442.58
Total T:  251534 | Ep: 2984 | Steps:  147 | Reward:   422.29
Total T:  251682 | Ep: 2985 | Steps:  148 | Reward:   426.84
Total T:  251830 | Ep: 2986 | Steps:  148 | Reward:   420.97
Total T:  251974 | Ep: 2987 | Steps:  144 | Reward:   397.95
Total T:  252122 | Ep: 2988 | Steps:  148 | Reward:   415.44
Total T:  252263 | Ep: 2989 | Steps:  141 | Reward:   382.58
Total T:  252415 | Ep: 2990 | Steps:  152 | Reward:   430.54
Total T:  252557 | Ep: 2991 | Steps:  142 | Reward:   386.24
Total T:  252705 | Ep: 2992 | Steps:  148 | Reward:   421.30
Total T:  252850 | Ep: 2993 | Steps:  145 | Reward:   400.41
Total T:  252992 | Ep: 2994 | Steps:  142 | Reward:   377.02
Total T:  253134 | Ep: 2995 | Steps:  142 | Reward:   378.70
Total T:  253276 | Ep: 2996 | Steps:  142 | Reward:   376.80
Total T:  253426 | Ep: 2997 | Steps:  150 | Reward:   425.73
Total T:  253552 | Ep: 2998 | Steps:  126 | Reward:   325.62
Total T:  253697 | Ep: 2999 | Steps:  145 | Reward:   404.65
Total T:  253826 | Ep: 3000 | Steps:  129 | Reward:   343.14
Total T:  253968 | Ep: 3001 | Steps:  142 | Reward:   389.49
Total T:  254109 | Ep: 3002 | Steps:  141 | Reward:   386.63
Total T:  254257 | Ep: 3003 | Steps:  148 | Reward:   424.62
Total T:  254401 | Ep: 3004 | Steps:  144 | Reward:   392.79
Total T:  254543 | Ep: 3005 | Steps:  142 | Reward:   383.32
Total T:  254689 | Ep: 3006 | Steps:  146 | Reward:   405.43
Total T:  254832 | Ep: 3007 | Steps:  143 | Reward:   387.93
Total T:  254979 | Ep: 3008 | Steps:  147 | Reward:   419.57
Total T:  255127 | Ep: 3009 | Steps:  148 | Reward:   419.47
Total T:  255275 | Ep: 3010 | Steps:  148 | Reward:   415.06
Total T:  255419 | Ep: 3011 | Steps:  144 | Reward:   401.97
Total T:  255568 | Ep: 3012 | Steps:  149 | Reward:   420.23
Total T:  255712 | Ep: 3013 | Steps:  144 | Reward:   381.94
Total T:  255859 | Ep: 3014 | Steps:  147 | Reward:   408.31
Total T:  255998 | Ep: 3015 | Steps:  139 | Reward:   367.56
Total T:  256148 | Ep: 3016 | Steps:  150 | Reward:   425.39
Total T:  256293 | Ep: 3017 | Steps:  145 | Reward:   394.21
Total T:  256452 | Ep: 3018 | Steps:  159 | Reward:   473.02
Total T:  256596 | Ep: 3019 | Steps:  144 | Reward:   381.50
Total T:  256743 | Ep: 3020 | Steps:  147 | Reward:   404.26
Total T:  256886 | Ep: 3021 | Steps:  143 | Reward:   368.60
Total T:  257033 | Ep: 3022 | Steps:  147 | Reward:   391.91
Total T:  257175 | Ep: 3023 | Steps:  142 | Reward:   377.68
Total T:  257319 | Ep: 3024 | Steps:  144 | Reward:   374.67
Total T:  257463 | Ep: 3025 | Steps:  144 | Reward:   374.47
Total T:  257607 | Ep: 3026 | Steps:  144 | Reward:   365.04
Total T:  257744 | Ep: 3027 | Steps:  137 | Reward:   332.40
Total T:  257886 | Ep: 3028 | Steps:  142 | Reward:   363.40
Total T:  258031 | Ep: 3029 | Steps:  145 | Reward:   369.70
Total T:  258174 | Ep: 3030 | Steps:  143 | Reward:   367.41
Total T:  258320 | Ep: 3031 | Steps:  146 | Reward:   383.24
Total T:  258464 | Ep: 3032 | Steps:  144 | Reward:   368.41
Total T:  258606 | Ep: 3033 | Steps:  142 | Reward:   360.75
Total T:  258745 | Ep: 3034 | Steps:  139 | Reward:   352.74
Total T:  258885 | Ep: 3035 | Steps:  140 | Reward:   345.06
Total T:  259027 | Ep: 3036 | Steps:  142 | Reward:   357.93
Total T:  259171 | Ep: 3037 | Steps:  144 | Reward:   374.83
Total T:  259312 | Ep: 3038 | Steps:  141 | Reward:   358.19
Total T:  259455 | Ep: 3039 | Steps:  143 | Reward:   362.85
Total T:  259597 | Ep: 3040 | Steps:  142 | Reward:   357.25
Total T:  259742 | Ep: 3041 | Steps:  145 | Reward:   371.72
Total T:  259885 | Ep: 3042 | Steps:  143 | Reward:   367.85
---------------------------------------
Evaluation over 10 episodes: 356.637
---------------------------------------
Total T:  260024 | Ep: 3043 | Steps:  139 | Reward:   350.61
Total T:  260165 | Ep: 3044 | Steps:  141 | Reward:   357.78
Total T:  260312 | Ep: 3045 | Steps:  147 | Reward:   391.89
Total T:  260455 | Ep: 3046 | Steps:  143 | Reward:   351.58
Total T:  260597 | Ep: 3047 | Steps:  142 | Reward:   355.17
Total T:  260744 | Ep: 3048 | Steps:  147 | Reward:   371.22
Total T:  260885 | Ep: 3049 | Steps:  141 | Reward:   357.09
Total T:  261028 | Ep: 3050 | Steps:  143 | Reward:   368.25
Total T:  261173 | Ep: 3051 | Steps:  145 | Reward:   371.72
Total T:  261319 | Ep: 3052 | Steps:  146 | Reward:   381.14
Total T:  261466 | Ep: 3053 | Steps:  147 | Reward:   379.53
Total T:  261621 | Ep: 3054 | Steps:  155 | Reward:   423.05
Total T:  261781 | Ep: 3055 | Steps:  160 | Reward:   453.42
Total T:  261922 | Ep: 3056 | Steps:  141 | Reward:   360.88
Total T:  262071 | Ep: 3057 | Steps:  149 | Reward:   406.92
Total T:  262214 | Ep: 3058 | Steps:  143 | Reward:   359.82
Total T:  262362 | Ep: 3059 | Steps:  148 | Reward:   389.23
Total T:  262514 | Ep: 3060 | Steps:  152 | Reward:   408.60
Total T:  262683 | Ep: 3061 | Steps:  169 | Reward:   494.94
Total T:  262834 | Ep: 3062 | Steps:  151 | Reward:   419.51
Total T:  262977 | Ep: 3063 | Steps:  143 | Reward:   367.04
Total T:  263128 | Ep: 3064 | Steps:  151 | Reward:   399.18
Total T:  263273 | Ep: 3065 | Steps:  145 | Reward:   384.72
Total T:  263414 | Ep: 3066 | Steps:  141 | Reward:   359.99
Total T:  263563 | Ep: 3067 | Steps:  149 | Reward:   399.10
Total T:  263709 | Ep: 3068 | Steps:  146 | Reward:   387.98
Total T:  263854 | Ep: 3069 | Steps:  145 | Reward:   374.62
Total T:  263999 | Ep: 3070 | Steps:  145 | Reward:   376.74
Total T:  264144 | Ep: 3071 | Steps:  145 | Reward:   375.31
Total T:  264293 | Ep: 3072 | Steps:  149 | Reward:   391.60
Total T:  264459 | Ep: 3073 | Steps:  166 | Reward:   460.23
Total T:  264613 | Ep: 3074 | Steps:  154 | Reward:   411.43
Total T:  264760 | Ep: 3075 | Steps:  147 | Reward:   385.87
Total T:  264914 | Ep: 3076 | Steps:  154 | Reward:   409.55
Total T:  265064 | Ep: 3077 | Steps:  150 | Reward:   392.95
Total T:  265205 | Ep: 3078 | Steps:  141 | Reward:   358.73
Total T:  265349 | Ep: 3079 | Steps:  144 | Reward:   366.62
Total T:  265496 | Ep: 3080 | Steps:  147 | Reward:   385.74
Total T:  265645 | Ep: 3081 | Steps:  149 | Reward:   392.12
Total T:  265788 | Ep: 3082 | Steps:  143 | Reward:   381.26
Total T:  265932 | Ep: 3083 | Steps:  144 | Reward:   378.25
Total T:  266075 | Ep: 3084 | Steps:  143 | Reward:   368.29
Total T:  266222 | Ep: 3085 | Steps:  147 | Reward:   386.43
Total T:  266369 | Ep: 3086 | Steps:  147 | Reward:   389.68
Total T:  266511 | Ep: 3087 | Steps:  142 | Reward:   367.68
Total T:  266663 | Ep: 3088 | Steps:  152 | Reward:   418.39
Total T:  266812 | Ep: 3089 | Steps:  149 | Reward:   403.42
Total T:  266962 | Ep: 3090 | Steps:  150 | Reward:   412.20
Total T:  267113 | Ep: 3091 | Steps:  151 | Reward:   411.57
Total T:  267272 | Ep: 3092 | Steps:  159 | Reward:   447.64
Total T:  267420 | Ep: 3093 | Steps:  148 | Reward:   396.45
Total T:  267562 | Ep: 3094 | Steps:  142 | Reward:   369.92
Total T:  267719 | Ep: 3095 | Steps:  157 | Reward:   460.51
Total T:  267867 | Ep: 3096 | Steps:  148 | Reward:   406.12
Total T:  268013 | Ep: 3097 | Steps:  146 | Reward:   392.04
Total T:  268166 | Ep: 3098 | Steps:  153 | Reward:   416.39
Total T:  268311 | Ep: 3099 | Steps:  145 | Reward:   394.04
Total T:  268463 | Ep: 3100 | Steps:  152 | Reward:   421.53
Total T:  268597 | Ep: 3101 | Steps:  134 | Reward:   324.75
Total T:  268745 | Ep: 3102 | Steps:  148 | Reward:   410.83
Total T:  268892 | Ep: 3103 | Steps:  147 | Reward:   405.77
Total T:  269046 | Ep: 3104 | Steps:  154 | Reward:   431.81
Total T:  269192 | Ep: 3105 | Steps:  146 | Reward:   378.26
Total T:  269339 | Ep: 3106 | Steps:  147 | Reward:   395.04
Total T:  269477 | Ep: 3107 | Steps:  138 | Reward:   352.65
Total T:  269619 | Ep: 3108 | Steps:  142 | Reward:   378.53
Total T:  269758 | Ep: 3109 | Steps:  139 | Reward:   365.14
Total T:  269897 | Ep: 3110 | Steps:  139 | Reward:   359.22
---------------------------------------
Evaluation over 10 episodes: 303.525
---------------------------------------
Total T:  270042 | Ep: 3111 | Steps:  145 | Reward:   378.13
Total T:  270191 | Ep: 3112 | Steps:  149 | Reward:   405.91
Total T:  270349 | Ep: 3113 | Steps:  158 | Reward:   462.95
Total T:  270483 | Ep: 3114 | Steps:  134 | Reward:   318.50
Total T:  270618 | Ep: 3115 | Steps:  135 | Reward:   316.80
Total T:  270756 | Ep: 3116 | Steps:  138 | Reward:   348.65
Total T:  270897 | Ep: 3117 | Steps:  141 | Reward:   358.62
Total T:  271049 | Ep: 3118 | Steps:  152 | Reward:   453.63
Total T:  271181 | Ep: 3119 | Steps:  132 | Reward:   305.91
Total T:  271313 | Ep: 3120 | Steps:  132 | Reward:   302.50
Total T:  271444 | Ep: 3121 | Steps:  131 | Reward:   304.02
Total T:  271574 | Ep: 3122 | Steps:  130 | Reward:   300.03
Total T:  271703 | Ep: 3123 | Steps:  129 | Reward:   285.64
Total T:  271832 | Ep: 3124 | Steps:  129 | Reward:   295.15
Total T:  271963 | Ep: 3125 | Steps:  131 | Reward:   305.75
Total T:  272097 | Ep: 3126 | Steps:  134 | Reward:   319.39
Total T:  272240 | Ep: 3127 | Steps:  143 | Reward:   378.26
Total T:  272376 | Ep: 3128 | Steps:  136 | Reward:   330.44
Total T:  272509 | Ep: 3129 | Steps:  133 | Reward:   318.50
Total T:  272645 | Ep: 3130 | Steps:  136 | Reward:   332.03
Total T:  272786 | Ep: 3131 | Steps:  141 | Reward:   365.90
Total T:  272928 | Ep: 3132 | Steps:  142 | Reward:   367.18
Total T:  273061 | Ep: 3133 | Steps:  133 | Reward:   314.83
Total T:  273196 | Ep: 3134 | Steps:  135 | Reward:   324.69
Total T:  273334 | Ep: 3135 | Steps:  138 | Reward:   350.17
Total T:  273477 | Ep: 3136 | Steps:  143 | Reward:   394.36
Total T:  273613 | Ep: 3137 | Steps:  136 | Reward:   322.96
Total T:  273751 | Ep: 3138 | Steps:  138 | Reward:   350.73
Total T:  273886 | Ep: 3139 | Steps:  135 | Reward:   335.34
Total T:  274025 | Ep: 3140 | Steps:  139 | Reward:   354.92
Total T:  274169 | Ep: 3141 | Steps:  144 | Reward:   399.88
Total T:  274316 | Ep: 3142 | Steps:  147 | Reward:   440.43
Total T:  274461 | Ep: 3143 | Steps:  145 | Reward:   389.60
Total T:  274606 | Ep: 3144 | Steps:  145 | Reward:   405.02
Total T:  274754 | Ep: 3145 | Steps:  148 | Reward:   405.88
Total T:  274888 | Ep: 3146 | Steps:  134 | Reward:   324.43
Total T:  275031 | Ep: 3147 | Steps:  143 | Reward:   383.97
Total T:  275168 | Ep: 3148 | Steps:  137 | Reward:   341.67
Total T:  275321 | Ep: 3149 | Steps:  153 | Reward:   435.59
Total T:  275465 | Ep: 3150 | Steps:  144 | Reward:   394.00
Total T:  275622 | Ep: 3151 | Steps:  157 | Reward:   480.46
Total T:  275767 | Ep: 3152 | Steps:  145 | Reward:   407.31
Total T:  275925 | Ep: 3153 | Steps:  158 | Reward:   479.19
Total T:  276088 | Ep: 3154 | Steps:  163 | Reward:   498.93
Total T:  276249 | Ep: 3155 | Steps:  161 | Reward:   491.92
Total T:  276399 | Ep: 3156 | Steps:  150 | Reward:   440.34
Total T:  276539 | Ep: 3157 | Steps:  140 | Reward:   365.73
Total T:  276679 | Ep: 3158 | Steps:  140 | Reward:   366.71
Total T:  276841 | Ep: 3159 | Steps:  162 | Reward:   500.40
Total T:  276980 | Ep: 3160 | Steps:  139 | Reward:   356.33
Total T:  277121 | Ep: 3161 | Steps:  141 | Reward:   363.66
Total T:  277275 | Ep: 3162 | Steps:  154 | Reward:   452.02
Total T:  277414 | Ep: 3163 | Steps:  139 | Reward:   355.46
Total T:  277566 | Ep: 3164 | Steps:  152 | Reward:   446.11
Total T:  277718 | Ep: 3165 | Steps:  152 | Reward:   438.51
Total T:  277899 | Ep: 3166 | Steps:  181 | Reward:   566.71
Total T:  278068 | Ep: 3167 | Steps:  169 | Reward:   532.41
Total T:  278235 | Ep: 3168 | Steps:  167 | Reward:   517.53
Total T:  278382 | Ep: 3169 | Steps:  147 | Reward:   411.59
Total T:  278524 | Ep: 3170 | Steps:  142 | Reward:   374.11
Total T:  278666 | Ep: 3171 | Steps:  142 | Reward:   386.99
Total T:  278811 | Ep: 3172 | Steps:  145 | Reward:   392.38
Total T:  278959 | Ep: 3173 | Steps:  148 | Reward:   422.13
Total T:  279103 | Ep: 3174 | Steps:  144 | Reward:   392.01
Total T:  279243 | Ep: 3175 | Steps:  140 | Reward:   357.03
Total T:  279390 | Ep: 3176 | Steps:  147 | Reward:   405.10
Total T:  279547 | Ep: 3177 | Steps:  157 | Reward:   468.14
Total T:  279702 | Ep: 3178 | Steps:  155 | Reward:   447.21
Total T:  279853 | Ep: 3179 | Steps:  151 | Reward:   429.83
Total T:  279999 | Ep: 3180 | Steps:  146 | Reward:   405.92
---------------------------------------
Evaluation over 10 episodes: 416.408
---------------------------------------
Total T:  280148 | Ep: 3181 | Steps:  149 | Reward:   405.53
Total T:  280303 | Ep: 3182 | Steps:  155 | Reward:   450.22
Total T:  280446 | Ep: 3183 | Steps:  143 | Reward:   393.21
Total T:  280619 | Ep: 3184 | Steps:  173 | Reward:   517.36
Total T:  280769 | Ep: 3185 | Steps:  150 | Reward:   417.44
Total T:  280939 | Ep: 3186 | Steps:  170 | Reward:   460.73
Total T:  281089 | Ep: 3187 | Steps:  150 | Reward:   424.77
Total T:  281235 | Ep: 3188 | Steps:  146 | Reward:   393.81
Total T:  281372 | Ep: 3189 | Steps:  137 | Reward:   347.73
Total T:  281517 | Ep: 3190 | Steps:  145 | Reward:   392.97
Total T:  281662 | Ep: 3191 | Steps:  145 | Reward:   397.20
Total T:  281843 | Ep: 3192 | Steps:  181 | Reward:   581.28
Total T:  282008 | Ep: 3193 | Steps:  165 | Reward:   501.43
Total T:  282187 | Ep: 3194 | Steps:  179 | Reward:   565.32
Total T:  282269 | Ep: 3195 | Steps:   82 | Reward:   175.00
Total T:  282434 | Ep: 3196 | Steps:  165 | Reward:   484.25
Total T:  282614 | Ep: 3197 | Steps:  180 | Reward:   583.90
Total T:  282789 | Ep: 3198 | Steps:  175 | Reward:   533.87
Total T:  282947 | Ep: 3199 | Steps:  158 | Reward:   453.78
Total T:  283138 | Ep: 3200 | Steps:  191 | Reward:   631.29
Total T:  283293 | Ep: 3201 | Steps:  155 | Reward:   449.77
Total T:  283438 | Ep: 3202 | Steps:  145 | Reward:   389.30
Total T:  283598 | Ep: 3203 | Steps:  160 | Reward:   472.85
Total T:  283756 | Ep: 3204 | Steps:  158 | Reward:   459.60
Total T:  283926 | Ep: 3205 | Steps:  170 | Reward:   520.94
Total T:  284078 | Ep: 3206 | Steps:  152 | Reward:   407.41
Total T:  284242 | Ep: 3207 | Steps:  164 | Reward:   487.27
Total T:  284417 | Ep: 3208 | Steps:  175 | Reward:   532.34
Total T:  284580 | Ep: 3209 | Steps:  163 | Reward:   486.27
Total T:  284753 | Ep: 3210 | Steps:  173 | Reward:   535.16
Total T:  284920 | Ep: 3211 | Steps:  167 | Reward:   497.32
Total T:  285068 | Ep: 3212 | Steps:  148 | Reward:   412.54
Total T:  285242 | Ep: 3213 | Steps:  174 | Reward:   545.17
Total T:  285416 | Ep: 3214 | Steps:  174 | Reward:   523.37
Total T:  285583 | Ep: 3215 | Steps:  167 | Reward:   509.71
Total T:  285762 | Ep: 3216 | Steps:  179 | Reward:   547.32
Total T:  285921 | Ep: 3217 | Steps:  159 | Reward:   464.83
Total T:  286088 | Ep: 3218 | Steps:  167 | Reward:   502.75
Total T:  286265 | Ep: 3219 | Steps:  177 | Reward:   530.45
Total T:  286441 | Ep: 3220 | Steps:  176 | Reward:   498.77
Total T:  286632 | Ep: 3221 | Steps:  191 | Reward:   625.03
Total T:  286813 | Ep: 3222 | Steps:  181 | Reward:   556.76
Total T:  287024 | Ep: 3223 | Steps:  211 | Reward:   535.89
Total T:  287233 | Ep: 3224 | Steps:  209 | Reward:   613.88
Total T:  287395 | Ep: 3225 | Steps:  162 | Reward:   477.07
Total T:  287615 | Ep: 3226 | Steps:  220 | Reward:   637.76
Total T:  287785 | Ep: 3227 | Steps:  170 | Reward:   528.78
Total T:  287953 | Ep: 3228 | Steps:  168 | Reward:   510.85
Total T:  288147 | Ep: 3229 | Steps:  194 | Reward:   561.61
Total T:  288308 | Ep: 3230 | Steps:  161 | Reward:   470.53
Total T:  288460 | Ep: 3231 | Steps:  152 | Reward:   402.62
Total T:  288628 | Ep: 3232 | Steps:  168 | Reward:   480.42
Total T:  288829 | Ep: 3233 | Steps:  201 | Reward:   564.22
Total T:  289044 | Ep: 3234 | Steps:  215 | Reward:   573.76
Total T:  289189 | Ep: 3235 | Steps:  145 | Reward:   380.00
Total T:  289331 | Ep: 3236 | Steps:  142 | Reward:   369.93
Total T:  289493 | Ep: 3237 | Steps:  162 | Reward:   438.34
Total T:  289635 | Ep: 3238 | Steps:  142 | Reward:   369.17
Total T:  289824 | Ep: 3239 | Steps:  189 | Reward:   586.43
---------------------------------------
Evaluation over 10 episodes: 440.642
---------------------------------------
Total T:  290016 | Ep: 3240 | Steps:  192 | Reward:   548.43
Total T:  290160 | Ep: 3241 | Steps:  144 | Reward:   373.45
Total T:  290306 | Ep: 3242 | Steps:  146 | Reward:   392.40
Total T:  290487 | Ep: 3243 | Steps:  181 | Reward:   565.28
Total T:  290693 | Ep: 3244 | Steps:  206 | Reward:   544.94
Total T:  290841 | Ep: 3245 | Steps:  148 | Reward:   395.33
Total T:  291037 | Ep: 3246 | Steps:  196 | Reward:   549.20
Total T:  291180 | Ep: 3247 | Steps:  143 | Reward:   362.45
Total T:  291366 | Ep: 3248 | Steps:  186 | Reward:   535.44
Total T:  291545 | Ep: 3249 | Steps:  179 | Reward:   540.91
Total T:  291736 | Ep: 3250 | Steps:  191 | Reward:   497.02
Total T:  291881 | Ep: 3251 | Steps:  145 | Reward:   383.86
Total T:  292077 | Ep: 3252 | Steps:  196 | Reward:   618.63
Total T:  292226 | Ep: 3253 | Steps:  149 | Reward:   389.50
Total T:  292428 | Ep: 3254 | Steps:  202 | Reward:   509.89
Total T:  292608 | Ep: 3255 | Steps:  180 | Reward:   592.31
Total T:  292794 | Ep: 3256 | Steps:  186 | Reward:   548.36
Total T:  292973 | Ep: 3257 | Steps:  179 | Reward:   540.83
Total T:  293155 | Ep: 3258 | Steps:  182 | Reward:   564.63
Total T:  293327 | Ep: 3259 | Steps:  172 | Reward:   544.50
Total T:  293510 | Ep: 3260 | Steps:  183 | Reward:   592.41
Total T:  293687 | Ep: 3261 | Steps:  177 | Reward:   543.21
Total T:  293870 | Ep: 3262 | Steps:  183 | Reward:   576.13
Total T:  294021 | Ep: 3263 | Steps:  151 | Reward:   382.63
Total T:  294184 | Ep: 3264 | Steps:  163 | Reward:   476.48
Total T:  294384 | Ep: 3265 | Steps:  200 | Reward:   533.86
Total T:  294565 | Ep: 3266 | Steps:  181 | Reward:   607.20
Total T:  294730 | Ep: 3267 | Steps:  165 | Reward:   489.39
Total T:  294907 | Ep: 3268 | Steps:  177 | Reward:   591.53
Total T:  295095 | Ep: 3269 | Steps:  188 | Reward:   607.67
Total T:  295280 | Ep: 3270 | Steps:  185 | Reward:   599.70
Total T:  295463 | Ep: 3271 | Steps:  183 | Reward:   621.32
Total T:  295641 | Ep: 3272 | Steps:  178 | Reward:   598.11
Total T:  295854 | Ep: 3273 | Steps:  213 | Reward:   504.35
Total T:  296025 | Ep: 3274 | Steps:  171 | Reward:   568.60
Total T:  296198 | Ep: 3275 | Steps:  173 | Reward:   576.61
Total T:  296375 | Ep: 3276 | Steps:  177 | Reward:   604.64
Total T:  296554 | Ep: 3277 | Steps:  179 | Reward:   585.28
Total T:  296735 | Ep: 3278 | Steps:  181 | Reward:   614.69
Total T:  296974 | Ep: 3279 | Steps:  239 | Reward:   542.11
Total T:  297157 | Ep: 3280 | Steps:  183 | Reward:   586.85
Total T:  297406 | Ep: 3281 | Steps:  249 | Reward:   682.06
Total T:  297589 | Ep: 3282 | Steps:  183 | Reward:   604.99
Total T:  297755 | Ep: 3283 | Steps:  166 | Reward:   540.93
Total T:  297927 | Ep: 3284 | Steps:  172 | Reward:   575.82
Total T:  298105 | Ep: 3285 | Steps:  178 | Reward:   580.57
Total T:  298279 | Ep: 3286 | Steps:  174 | Reward:   566.27
Total T:  298458 | Ep: 3287 | Steps:  179 | Reward:   610.14
Total T:  298632 | Ep: 3288 | Steps:  174 | Reward:   589.76
Total T:  298805 | Ep: 3289 | Steps:  173 | Reward:   587.88
Total T:  298968 | Ep: 3290 | Steps:  163 | Reward:   526.56
Total T:  299138 | Ep: 3291 | Steps:  170 | Reward:   571.47
Total T:  299311 | Ep: 3292 | Steps:  173 | Reward:   579.86
Total T:  299491 | Ep: 3293 | Steps:  180 | Reward:   601.35
Total T:  299649 | Ep: 3294 | Steps:  158 | Reward:   503.46
Total T:  299820 | Ep: 3295 | Steps:  171 | Reward:   574.61
Total T:  299994 | Ep: 3296 | Steps:  174 | Reward:   579.97
---------------------------------------
Evaluation over 10 episodes: 557.094
---------------------------------------
Total T:  300165 | Ep: 3297 | Steps:  171 | Reward:   564.31
Total T:  300330 | Ep: 3298 | Steps:  165 | Reward:   541.73
Total T:  300488 | Ep: 3299 | Steps:  158 | Reward:   507.90
Total T:  300657 | Ep: 3300 | Steps:  169 | Reward:   560.95
Total T:  300825 | Ep: 3301 | Steps:  168 | Reward:   549.52
Total T:  301000 | Ep: 3302 | Steps:  175 | Reward:   591.98
Total T:  301173 | Ep: 3303 | Steps:  173 | Reward:   577.88
Total T:  301342 | Ep: 3304 | Steps:  169 | Reward:   550.99
Total T:  301497 | Ep: 3305 | Steps:  155 | Reward:   495.51
Total T:  301669 | Ep: 3306 | Steps:  172 | Reward:   575.85
Total T:  301830 | Ep: 3307 | Steps:  161 | Reward:   525.19
Total T:  302005 | Ep: 3308 | Steps:  175 | Reward:   593.26
Total T:  302169 | Ep: 3309 | Steps:  164 | Reward:   535.85
Total T:  302336 | Ep: 3310 | Steps:  167 | Reward:   538.40
Total T:  302505 | Ep: 3311 | Steps:  169 | Reward:   552.96
Total T:  302663 | Ep: 3312 | Steps:  158 | Reward:   502.38
Total T:  302826 | Ep: 3313 | Steps:  163 | Reward:   528.27
Total T:  302991 | Ep: 3314 | Steps:  165 | Reward:   532.51
Total T:  303172 | Ep: 3315 | Steps:  181 | Reward:   602.70
Total T:  303345 | Ep: 3316 | Steps:  173 | Reward:   574.55
Total T:  303523 | Ep: 3317 | Steps:  178 | Reward:   593.53
Total T:  303704 | Ep: 3318 | Steps:  181 | Reward:   597.85
Total T:  303864 | Ep: 3319 | Steps:  160 | Reward:   491.38
Total T:  304025 | Ep: 3320 | Steps:  161 | Reward:   495.06
Total T:  304185 | Ep: 3321 | Steps:  160 | Reward:   502.18
Total T:  304352 | Ep: 3322 | Steps:  167 | Reward:   533.88
Total T:  304524 | Ep: 3323 | Steps:  172 | Reward:   563.10
Total T:  304708 | Ep: 3324 | Steps:  184 | Reward:   604.58
Total T:  304882 | Ep: 3325 | Steps:  174 | Reward:   554.99
Total T:  305046 | Ep: 3326 | Steps:  164 | Reward:   512.15
Total T:  305211 | Ep: 3327 | Steps:  165 | Reward:   525.94
Total T:  305388 | Ep: 3328 | Steps:  177 | Reward:   579.01
Total T:  305560 | Ep: 3329 | Steps:  172 | Reward:   559.40
Total T:  305735 | Ep: 3330 | Steps:  175 | Reward:   571.58
Total T:  305910 | Ep: 3331 | Steps:  175 | Reward:   568.85
Total T:  306090 | Ep: 3332 | Steps:  180 | Reward:   592.02
Total T:  306274 | Ep: 3333 | Steps:  184 | Reward:   608.20
Total T:  306458 | Ep: 3334 | Steps:  184 | Reward:   604.02
Total T:  306643 | Ep: 3335 | Steps:  185 | Reward:   611.53
Total T:  306826 | Ep: 3336 | Steps:  183 | Reward:   616.14
Total T:  307004 | Ep: 3337 | Steps:  178 | Reward:   578.23
Total T:  307185 | Ep: 3338 | Steps:  181 | Reward:   594.71
Total T:  307346 | Ep: 3339 | Steps:  161 | Reward:   469.36
Total T:  307526 | Ep: 3340 | Steps:  180 | Reward:   598.68
Total T:  307712 | Ep: 3341 | Steps:  186 | Reward:   604.97
Total T:  307895 | Ep: 3342 | Steps:  183 | Reward:   614.10
Total T:  308080 | Ep: 3343 | Steps:  185 | Reward:   621.17
Total T:  308258 | Ep: 3344 | Steps:  178 | Reward:   583.86
Total T:  308434 | Ep: 3345 | Steps:  176 | Reward:   568.83
Total T:  308610 | Ep: 3346 | Steps:  176 | Reward:   573.36
Total T:  308798 | Ep: 3347 | Steps:  188 | Reward:   619.22
Total T:  308981 | Ep: 3348 | Steps:  183 | Reward:   613.39
Total T:  309151 | Ep: 3349 | Steps:  170 | Reward:   544.05
Total T:  309340 | Ep: 3350 | Steps:  189 | Reward:   632.48
Total T:  309523 | Ep: 3351 | Steps:  183 | Reward:   614.12
Total T:  309702 | Ep: 3352 | Steps:  179 | Reward:   578.82
Total T:  309880 | Ep: 3353 | Steps:  178 | Reward:   583.01
---------------------------------------
Evaluation over 10 episodes: 591.091
---------------------------------------
Total T:  310058 | Ep: 3354 | Steps:  178 | Reward:   591.72
Total T:  310237 | Ep: 3355 | Steps:  179 | Reward:   595.09
Total T:  310416 | Ep: 3356 | Steps:  179 | Reward:   600.01
Total T:  310597 | Ep: 3357 | Steps:  181 | Reward:   610.33
Total T:  310773 | Ep: 3358 | Steps:  176 | Reward:   581.32
Total T:  310953 | Ep: 3359 | Steps:  180 | Reward:   596.86
Total T:  311123 | Ep: 3360 | Steps:  170 | Reward:   555.00
Total T:  311297 | Ep: 3361 | Steps:  174 | Reward:   576.09
Total T:  311460 | Ep: 3362 | Steps:  163 | Reward:   519.98
Total T:  311638 | Ep: 3363 | Steps:  178 | Reward:   594.34
Total T:  311812 | Ep: 3364 | Steps:  174 | Reward:   577.52
Total T:  311986 | Ep: 3365 | Steps:  174 | Reward:   572.65
Total T:  312161 | Ep: 3366 | Steps:  175 | Reward:   579.73
Total T:  312341 | Ep: 3367 | Steps:  180 | Reward:   614.49
Total T:  312520 | Ep: 3368 | Steps:  179 | Reward:   601.31
Total T:  312695 | Ep: 3369 | Steps:  175 | Reward:   590.55
Total T:  312867 | Ep: 3370 | Steps:  172 | Reward:   567.05
Total T:  313040 | Ep: 3371 | Steps:  173 | Reward:   576.05
Total T:  313221 | Ep: 3372 | Steps:  181 | Reward:   609.10
Total T:  313396 | Ep: 3373 | Steps:  175 | Reward:   590.19
Total T:  313567 | Ep: 3374 | Steps:  171 | Reward:   569.60
Total T:  313740 | Ep: 3375 | Steps:  173 | Reward:   564.81
Total T:  313913 | Ep: 3376 | Steps:  173 | Reward:   572.05
Total T:  314088 | Ep: 3377 | Steps:  175 | Reward:   561.47
Total T:  314256 | Ep: 3378 | Steps:  168 | Reward:   551.33
Total T:  314428 | Ep: 3379 | Steps:  172 | Reward:   567.45
Total T:  314602 | Ep: 3380 | Steps:  174 | Reward:   574.66
Total T:  314763 | Ep: 3381 | Steps:  161 | Reward:   513.72
Total T:  314933 | Ep: 3382 | Steps:  170 | Reward:   548.47
Total T:  315109 | Ep: 3383 | Steps:  176 | Reward:   585.24
Total T:  315280 | Ep: 3384 | Steps:  171 | Reward:   545.21
Total T:  315456 | Ep: 3385 | Steps:  176 | Reward:   586.88
Total T:  315633 | Ep: 3386 | Steps:  177 | Reward:   592.60
Total T:  315802 | Ep: 3387 | Steps:  169 | Reward:   551.26
Total T:  315982 | Ep: 3388 | Steps:  180 | Reward:   595.82
Total T:  316165 | Ep: 3389 | Steps:  183 | Reward:   613.16
Total T:  316347 | Ep: 3390 | Steps:  182 | Reward:   603.34
Total T:  316525 | Ep: 3391 | Steps:  178 | Reward:   594.82
Total T:  316702 | Ep: 3392 | Steps:  177 | Reward:   587.49
Total T:  316892 | Ep: 3393 | Steps:  190 | Reward:   631.13
Total T:  317086 | Ep: 3394 | Steps:  194 | Reward:   637.45
Total T:  317279 | Ep: 3395 | Steps:  193 | Reward:   624.15
Total T:  317473 | Ep: 3396 | Steps:  194 | Reward:   645.65
Total T:  317664 | Ep: 3397 | Steps:  191 | Reward:   628.04
Total T:  317859 | Ep: 3398 | Steps:  195 | Reward:   649.22
Total T:  318055 | Ep: 3399 | Steps:  196 | Reward:   637.94
Total T:  318243 | Ep: 3400 | Steps:  188 | Reward:   608.14
Total T:  318445 | Ep: 3401 | Steps:  202 | Reward:   673.59
Total T:  318639 | Ep: 3402 | Steps:  194 | Reward:   634.06
Total T:  318838 | Ep: 3403 | Steps:  199 | Reward:   646.60
Total T:  319029 | Ep: 3404 | Steps:  191 | Reward:   641.74
Total T:  319216 | Ep: 3405 | Steps:  187 | Reward:   619.49
Total T:  319405 | Ep: 3406 | Steps:  189 | Reward:   628.18
Total T:  319598 | Ep: 3407 | Steps:  193 | Reward:   636.11
Total T:  319784 | Ep: 3408 | Steps:  186 | Reward:   613.42
Total T:  319971 | Ep: 3409 | Steps:  187 | Reward:   627.53
---------------------------------------
Evaluation over 10 episodes: 647.728
---------------------------------------
Total T:  320162 | Ep: 3410 | Steps:  191 | Reward:   634.94
Total T:  320352 | Ep: 3411 | Steps:  190 | Reward:   639.90
Total T:  320541 | Ep: 3412 | Steps:  189 | Reward:   617.68
Total T:  320736 | Ep: 3413 | Steps:  195 | Reward:   648.40
Total T:  320930 | Ep: 3414 | Steps:  194 | Reward:   643.82
Total T:  321124 | Ep: 3415 | Steps:  194 | Reward:   643.60
Total T:  321318 | Ep: 3416 | Steps:  194 | Reward:   643.33
Total T:  321504 | Ep: 3417 | Steps:  186 | Reward:   621.34
Total T:  321697 | Ep: 3418 | Steps:  193 | Reward:   650.91
Total T:  321883 | Ep: 3419 | Steps:  186 | Reward:   606.89
Total T:  322068 | Ep: 3420 | Steps:  185 | Reward:   611.48
Total T:  322260 | Ep: 3421 | Steps:  192 | Reward:   640.27
Total T:  322456 | Ep: 3422 | Steps:  196 | Reward:   659.53
Total T:  322627 | Ep: 3423 | Steps:  171 | Reward:   543.22
Total T:  322814 | Ep: 3424 | Steps:  187 | Reward:   619.26
Total T:  323002 | Ep: 3425 | Steps:  188 | Reward:   630.55
Total T:  323190 | Ep: 3426 | Steps:  188 | Reward:   625.84
Total T:  323381 | Ep: 3427 | Steps:  191 | Reward:   637.32
Total T:  323574 | Ep: 3428 | Steps:  193 | Reward:   642.07
Total T:  323764 | Ep: 3429 | Steps:  190 | Reward:   628.08
Total T:  323948 | Ep: 3430 | Steps:  184 | Reward:   603.17
Total T:  324133 | Ep: 3431 | Steps:  185 | Reward:   605.15
Total T:  324318 | Ep: 3432 | Steps:  185 | Reward:   618.39
Total T:  324502 | Ep: 3433 | Steps:  184 | Reward:   611.82
Total T:  324692 | Ep: 3434 | Steps:  190 | Reward:   632.75
Total T:  324881 | Ep: 3435 | Steps:  189 | Reward:   638.31
Total T:  325071 | Ep: 3436 | Steps:  190 | Reward:   634.58
Total T:  325263 | Ep: 3437 | Steps:  192 | Reward:   642.74
Total T:  325454 | Ep: 3438 | Steps:  191 | Reward:   637.16
Total T:  325638 | Ep: 3439 | Steps:  184 | Reward:   614.39
Total T:  325821 | Ep: 3440 | Steps:  183 | Reward:   614.54
Total T:  326003 | Ep: 3441 | Steps:  182 | Reward:   605.94
Total T:  326187 | Ep: 3442 | Steps:  184 | Reward:   615.73
Total T:  326371 | Ep: 3443 | Steps:  184 | Reward:   618.99
Total T:  326553 | Ep: 3444 | Steps:  182 | Reward:   615.09
Total T:  326739 | Ep: 3445 | Steps:  186 | Reward:   625.88
Total T:  326931 | Ep: 3446 | Steps:  192 | Reward:   643.37
Total T:  327115 | Ep: 3447 | Steps:  184 | Reward:   618.61
Total T:  327297 | Ep: 3448 | Steps:  182 | Reward:   610.02
Total T:  327482 | Ep: 3449 | Steps:  185 | Reward:   625.54
Total T:  327665 | Ep: 3450 | Steps:  183 | Reward:   612.03
Total T:  327852 | Ep: 3451 | Steps:  187 | Reward:   629.97
Total T:  328032 | Ep: 3452 | Steps:  180 | Reward:   601.66
Total T:  328212 | Ep: 3453 | Steps:  180 | Reward:   579.49
Total T:  328392 | Ep: 3454 | Steps:  180 | Reward:   583.23
Total T:  328578 | Ep: 3455 | Steps:  186 | Reward:   602.35
Total T:  328760 | Ep: 3456 | Steps:  182 | Reward:   597.35
Total T:  328943 | Ep: 3457 | Steps:  183 | Reward:   612.13
Total T:  329128 | Ep: 3458 | Steps:  185 | Reward:   619.65
Total T:  329312 | Ep: 3459 | Steps:  184 | Reward:   601.13
Total T:  329496 | Ep: 3460 | Steps:  184 | Reward:   606.62
Total T:  329682 | Ep: 3461 | Steps:  186 | Reward:   612.27
Total T:  329869 | Ep: 3462 | Steps:  187 | Reward:   613.67
---------------------------------------
Evaluation over 10 episodes: 645.260
---------------------------------------
Total T:  330055 | Ep: 3463 | Steps:  186 | Reward:   612.29
Total T:  330243 | Ep: 3464 | Steps:  188 | Reward:   622.58
Total T:  330422 | Ep: 3465 | Steps:  179 | Reward:   574.57
Total T:  330611 | Ep: 3466 | Steps:  189 | Reward:   629.49
Total T:  330800 | Ep: 3467 | Steps:  189 | Reward:   623.32
Total T:  330993 | Ep: 3468 | Steps:  193 | Reward:   642.89
Total T:  331187 | Ep: 3469 | Steps:  194 | Reward:   641.76
Total T:  331380 | Ep: 3470 | Steps:  193 | Reward:   634.50
Total T:  331573 | Ep: 3471 | Steps:  193 | Reward:   652.57
Total T:  331763 | Ep: 3472 | Steps:  190 | Reward:   629.59
Total T:  331948 | Ep: 3473 | Steps:  185 | Reward:   597.23
Total T:  332139 | Ep: 3474 | Steps:  191 | Reward:   632.21
Total T:  332333 | Ep: 3475 | Steps:  194 | Reward:   636.20
Total T:  332517 | Ep: 3476 | Steps:  184 | Reward:   601.86
Total T:  332708 | Ep: 3477 | Steps:  191 | Reward:   630.67
Total T:  332893 | Ep: 3478 | Steps:  185 | Reward:   614.93
Total T:  333080 | Ep: 3479 | Steps:  187 | Reward:   608.65
Total T:  333267 | Ep: 3480 | Steps:  187 | Reward:   614.84
Total T:  333461 | Ep: 3481 | Steps:  194 | Reward:   634.96
Total T:  333654 | Ep: 3482 | Steps:  193 | Reward:   635.81
Total T:  333847 | Ep: 3483 | Steps:  193 | Reward:   632.77
Total T:  333999 | Ep: 3484 | Steps:  152 | Reward:   445.69
Total T:  334189 | Ep: 3485 | Steps:  190 | Reward:   622.31
Total T:  334374 | Ep: 3486 | Steps:  185 | Reward:   596.10
Total T:  334566 | Ep: 3487 | Steps:  192 | Reward:   627.19
Total T:  334758 | Ep: 3488 | Steps:  192 | Reward:   623.60
Total T:  334949 | Ep: 3489 | Steps:  191 | Reward:   595.28
Total T:  335139 | Ep: 3490 | Steps:  190 | Reward:   607.63
Total T:  335328 | Ep: 3491 | Steps:  189 | Reward:   602.49
Total T:  335522 | Ep: 3492 | Steps:  194 | Reward:   637.94
Total T:  335706 | Ep: 3493 | Steps:  184 | Reward:   599.23
Total T:  335896 | Ep: 3494 | Steps:  190 | Reward:   600.92
Total T:  336093 | Ep: 3495 | Steps:  197 | Reward:   638.10
Total T:  336291 | Ep: 3496 | Steps:  198 | Reward:   644.62
Total T:  336490 | Ep: 3497 | Steps:  199 | Reward:   645.95
Total T:  336682 | Ep: 3498 | Steps:  192 | Reward:   620.49
Total T:  336880 | Ep: 3499 | Steps:  198 | Reward:   651.57
Total T:  337081 | Ep: 3500 | Steps:  201 | Reward:   651.99
Total T:  337280 | Ep: 3501 | Steps:  199 | Reward:   640.61
Total T:  337482 | Ep: 3502 | Steps:  202 | Reward:   661.77
Total T:  337685 | Ep: 3503 | Steps:  203 | Reward:   646.54
Total T:  337886 | Ep: 3504 | Steps:  201 | Reward:   650.07
Total T:  338090 | Ep: 3505 | Steps:  204 | Reward:   661.66
Total T:  338283 | Ep: 3506 | Steps:  193 | Reward:   631.30
Total T:  338487 | Ep: 3507 | Steps:  204 | Reward:   665.10
Total T:  338677 | Ep: 3508 | Steps:  190 | Reward:   613.35
Total T:  338879 | Ep: 3509 | Steps:  202 | Reward:   660.85
Total T:  339078 | Ep: 3510 | Steps:  199 | Reward:   639.36
Total T:  339276 | Ep: 3511 | Steps:  198 | Reward:   640.15
Total T:  339476 | Ep: 3512 | Steps:  200 | Reward:   645.76
Total T:  339668 | Ep: 3513 | Steps:  192 | Reward:   626.98
Total T:  339870 | Ep: 3514 | Steps:  202 | Reward:   655.62
---------------------------------------
Evaluation over 10 episodes: 719.875
---------------------------------------
Total T:  340073 | Ep: 3515 | Steps:  203 | Reward:   655.39
Total T:  340265 | Ep: 3516 | Steps:  192 | Reward:   616.29
Total T:  340459 | Ep: 3517 | Steps:  194 | Reward:   623.90
Total T:  340659 | Ep: 3518 | Steps:  200 | Reward:   646.29
Total T:  340862 | Ep: 3519 | Steps:  203 | Reward:   643.14
Total T:  341058 | Ep: 3520 | Steps:  196 | Reward:   631.09
Total T:  341259 | Ep: 3521 | Steps:  201 | Reward:   644.51
Total T:  341458 | Ep: 3522 | Steps:  199 | Reward:   637.83
Total T:  341655 | Ep: 3523 | Steps:  197 | Reward:   639.57
Total T:  341859 | Ep: 3524 | Steps:  204 | Reward:   659.26
Total T:  342061 | Ep: 3525 | Steps:  202 | Reward:   654.85
Total T:  342263 | Ep: 3526 | Steps:  202 | Reward:   659.19
Total T:  342459 | Ep: 3527 | Steps:  196 | Reward:   632.57
Total T:  342659 | Ep: 3528 | Steps:  200 | Reward:   652.39
Total T:  342856 | Ep: 3529 | Steps:  197 | Reward:   646.78
Total T:  343069 | Ep: 3530 | Steps:  213 | Reward:   689.53
Total T:  343280 | Ep: 3531 | Steps:  211 | Reward:   677.74
Total T:  343491 | Ep: 3532 | Steps:  211 | Reward:   686.95
Total T:  343688 | Ep: 3533 | Steps:  197 | Reward:   641.45
Total T:  343882 | Ep: 3534 | Steps:  194 | Reward:   629.23
Total T:  344074 | Ep: 3535 | Steps:  192 | Reward:   632.31
Total T:  344274 | Ep: 3536 | Steps:  200 | Reward:   654.98
Total T:  344471 | Ep: 3537 | Steps:  197 | Reward:   654.69
Total T:  344670 | Ep: 3538 | Steps:  199 | Reward:   665.11
Total T:  344869 | Ep: 3539 | Steps:  199 | Reward:   652.93
Total T:  345065 | Ep: 3540 | Steps:  196 | Reward:   636.93
Total T:  345257 | Ep: 3541 | Steps:  192 | Reward:   631.35
Total T:  345456 | Ep: 3542 | Steps:  199 | Reward:   647.29
Total T:  345659 | Ep: 3543 | Steps:  203 | Reward:   662.98
Total T:  345853 | Ep: 3544 | Steps:  194 | Reward:   647.22
Total T:  346048 | Ep: 3545 | Steps:  195 | Reward:   647.39
Total T:  346244 | Ep: 3546 | Steps:  196 | Reward:   640.33
Total T:  346436 | Ep: 3547 | Steps:  192 | Reward:   626.58
Total T:  346636 | Ep: 3548 | Steps:  200 | Reward:   655.47
Total T:  346838 | Ep: 3549 | Steps:  202 | Reward:   649.64
Total T:  347035 | Ep: 3550 | Steps:  197 | Reward:   648.01
Total T:  347237 | Ep: 3551 | Steps:  202 | Reward:   661.02
Total T:  347433 | Ep: 3552 | Steps:  196 | Reward:   639.00
Total T:  347629 | Ep: 3553 | Steps:  196 | Reward:   631.31
Total T:  347826 | Ep: 3554 | Steps:  197 | Reward:   642.86
Total T:  348026 | Ep: 3555 | Steps:  200 | Reward:   658.74
Total T:  348226 | Ep: 3556 | Steps:  200 | Reward:   658.16
Total T:  348417 | Ep: 3557 | Steps:  191 | Reward:   624.22
Total T:  348607 | Ep: 3558 | Steps:  190 | Reward:   607.88
Total T:  348802 | Ep: 3559 | Steps:  195 | Reward:   619.88
Total T:  348997 | Ep: 3560 | Steps:  195 | Reward:   630.84
Total T:  349202 | Ep: 3561 | Steps:  205 | Reward:   672.93
Total T:  349390 | Ep: 3562 | Steps:  188 | Reward:   603.67
Total T:  349592 | Ep: 3563 | Steps:  202 | Reward:   657.95
Total T:  349790 | Ep: 3564 | Steps:  198 | Reward:   645.25
Total T:  349983 | Ep: 3565 | Steps:  193 | Reward:   632.63
---------------------------------------
Evaluation over 10 episodes: 660.365
---------------------------------------
Total T:  350186 | Ep: 3566 | Steps:  203 | Reward:   666.42
Total T:  350375 | Ep: 3567 | Steps:  189 | Reward:   617.83
Total T:  350576 | Ep: 3568 | Steps:  201 | Reward:   649.98
Total T:  350772 | Ep: 3569 | Steps:  196 | Reward:   638.37
Total T:  350973 | Ep: 3570 | Steps:  201 | Reward:   661.90
Total T:  351175 | Ep: 3571 | Steps:  202 | Reward:   668.51
Total T:  351383 | Ep: 3572 | Steps:  208 | Reward:   657.32
Total T:  351583 | Ep: 3573 | Steps:  200 | Reward:   616.93
Total T:  351773 | Ep: 3574 | Steps:  190 | Reward:   618.62
Total T:  351970 | Ep: 3575 | Steps:  197 | Reward:   646.71
Total T:  352168 | Ep: 3576 | Steps:  198 | Reward:   654.42
Total T:  352358 | Ep: 3577 | Steps:  190 | Reward:   615.89
Total T:  352554 | Ep: 3578 | Steps:  196 | Reward:   647.24
Total T:  352748 | Ep: 3579 | Steps:  194 | Reward:   634.76
Total T:  352945 | Ep: 3580 | Steps:  197 | Reward:   638.66
Total T:  353143 | Ep: 3581 | Steps:  198 | Reward:   653.45
Total T:  353340 | Ep: 3582 | Steps:  197 | Reward:   643.90
Total T:  353499 | Ep: 3583 | Steps:  159 | Reward:   512.24
Total T:  353716 | Ep: 3584 | Steps:  217 | Reward:   709.13
Total T:  353908 | Ep: 3585 | Steps:  192 | Reward:   626.59
Total T:  354100 | Ep: 3586 | Steps:  192 | Reward:   620.92
Total T:  354293 | Ep: 3587 | Steps:  193 | Reward:   643.74
Total T:  354496 | Ep: 3588 | Steps:  203 | Reward:   648.81
Total T:  354515 | Ep: 3589 | Steps:   19 | Reward:    19.83
Total T:  354715 | Ep: 3590 | Steps:  200 | Reward:   648.86
Total T:  354914 | Ep: 3591 | Steps:  199 | Reward:   651.80
Total T:  355094 | Ep: 3592 | Steps:  180 | Reward:   553.32
Total T:  355290 | Ep: 3593 | Steps:  196 | Reward:   635.35
Total T:  355484 | Ep: 3594 | Steps:  194 | Reward:   630.71
Total T:  355685 | Ep: 3595 | Steps:  201 | Reward:   658.64
Total T:  355885 | Ep: 3596 | Steps:  200 | Reward:   650.02
Total T:  356081 | Ep: 3597 | Steps:  196 | Reward:   634.21
Total T:  356279 | Ep: 3598 | Steps:  198 | Reward:   649.72
Total T:  356472 | Ep: 3599 | Steps:  193 | Reward:   637.01
Total T:  356667 | Ep: 3600 | Steps:  195 | Reward:   638.66
Total T:  356864 | Ep: 3601 | Steps:  197 | Reward:   646.18
Total T:  357070 | Ep: 3602 | Steps:  206 | Reward:   669.89
Total T:  357271 | Ep: 3603 | Steps:  201 | Reward:   654.19
Total T:  357473 | Ep: 3604 | Steps:  202 | Reward:   665.88
Total T:  357675 | Ep: 3605 | Steps:  202 | Reward:   651.83
Total T:  357876 | Ep: 3606 | Steps:  201 | Reward:   657.69
Total T:  358077 | Ep: 3607 | Steps:  201 | Reward:   653.62
Total T:  358261 | Ep: 3608 | Steps:  184 | Reward:   596.80
Total T:  358460 | Ep: 3609 | Steps:  199 | Reward:   641.59
Total T:  358659 | Ep: 3610 | Steps:  199 | Reward:   646.37
Total T:  358862 | Ep: 3611 | Steps:  203 | Reward:   660.10
Total T:  359061 | Ep: 3612 | Steps:  199 | Reward:   654.22
Total T:  359258 | Ep: 3613 | Steps:  197 | Reward:   649.97
Total T:  359451 | Ep: 3614 | Steps:  193 | Reward:   631.59
Total T:  359648 | Ep: 3615 | Steps:  197 | Reward:   633.74
Total T:  359831 | Ep: 3616 | Steps:  183 | Reward:   620.45
---------------------------------------
Evaluation over 10 episodes: 663.063
---------------------------------------
Total T:  360031 | Ep: 3617 | Steps:  200 | Reward:   654.20
Total T:  360237 | Ep: 3618 | Steps:  206 | Reward:   667.91
Total T:  360438 | Ep: 3619 | Steps:  201 | Reward:   649.98
Total T:  360633 | Ep: 3620 | Steps:  195 | Reward:   636.40
Total T:  360837 | Ep: 3621 | Steps:  204 | Reward:   661.41
Total T:  361031 | Ep: 3622 | Steps:  194 | Reward:   638.34
Total T:  361227 | Ep: 3623 | Steps:  196 | Reward:   641.99
Total T:  361434 | Ep: 3624 | Steps:  207 | Reward:   669.17
Total T:  361634 | Ep: 3625 | Steps:  200 | Reward:   659.42
Total T:  361842 | Ep: 3626 | Steps:  208 | Reward:   673.67
Total T:  362044 | Ep: 3627 | Steps:  202 | Reward:   648.83
Total T:  362252 | Ep: 3628 | Steps:  208 | Reward:   671.76
Total T:  362458 | Ep: 3629 | Steps:  206 | Reward:   665.61
Total T:  362656 | Ep: 3630 | Steps:  198 | Reward:   650.85
Total T:  362849 | Ep: 3631 | Steps:  193 | Reward:   623.72
Total T:  363055 | Ep: 3632 | Steps:  206 | Reward:   663.47
Total T:  363250 | Ep: 3633 | Steps:  195 | Reward:   633.26
Total T:  363449 | Ep: 3634 | Steps:  199 | Reward:   647.41
Total T:  363657 | Ep: 3635 | Steps:  208 | Reward:   671.70
Total T:  363864 | Ep: 3636 | Steps:  207 | Reward:   667.30
Total T:  364070 | Ep: 3637 | Steps:  206 | Reward:   661.40
Total T:  364264 | Ep: 3638 | Steps:  194 | Reward:   631.93
Total T:  364455 | Ep: 3639 | Steps:  191 | Reward:   628.39
Total T:  364656 | Ep: 3640 | Steps:  201 | Reward:   655.15
Total T:  364858 | Ep: 3641 | Steps:  202 | Reward:   661.58
Total T:  365061 | Ep: 3642 | Steps:  203 | Reward:   670.68
Total T:  365266 | Ep: 3643 | Steps:  205 | Reward:   677.30
Total T:  365463 | Ep: 3644 | Steps:  197 | Reward:   645.85
Total T:  365657 | Ep: 3645 | Steps:  194 | Reward:   633.28
Total T:  365859 | Ep: 3646 | Steps:  202 | Reward:   659.98
Total T:  366053 | Ep: 3647 | Steps:  194 | Reward:   634.74
Total T:  366252 | Ep: 3648 | Steps:  199 | Reward:   643.25
Total T:  366453 | Ep: 3649 | Steps:  201 | Reward:   653.32
Total T:  366647 | Ep: 3650 | Steps:  194 | Reward:   637.92
Total T:  366836 | Ep: 3651 | Steps:  189 | Reward:   616.86
Total T:  367035 | Ep: 3652 | Steps:  199 | Reward:   647.79
Total T:  367234 | Ep: 3653 | Steps:  199 | Reward:   648.34
Total T:  367436 | Ep: 3654 | Steps:  202 | Reward:   657.44
Total T:  367634 | Ep: 3655 | Steps:  198 | Reward:   646.20
Total T:  367836 | Ep: 3656 | Steps:  202 | Reward:   651.90
Total T:  368035 | Ep: 3657 | Steps:  199 | Reward:   649.23
Total T:  368228 | Ep: 3658 | Steps:  193 | Reward:   625.62
Total T:  368425 | Ep: 3659 | Steps:  197 | Reward:   646.89
Total T:  368618 | Ep: 3660 | Steps:  193 | Reward:   636.59
Total T:  368812 | Ep: 3661 | Steps:  194 | Reward:   640.71
Total T:  369004 | Ep: 3662 | Steps:  192 | Reward:   632.87
Total T:  369200 | Ep: 3663 | Steps:  196 | Reward:   644.97
Total T:  369390 | Ep: 3664 | Steps:  190 | Reward:   631.91
Total T:  369572 | Ep: 3665 | Steps:  182 | Reward:   606.21
Total T:  369773 | Ep: 3666 | Steps:  201 | Reward:   644.19
Total T:  369970 | Ep: 3667 | Steps:  197 | Reward:   646.22
---------------------------------------
Evaluation over 10 episodes: 659.190
---------------------------------------
Total T:  370164 | Ep: 3668 | Steps:  194 | Reward:   649.99
Total T:  370357 | Ep: 3669 | Steps:  193 | Reward:   630.21
Total T:  370545 | Ep: 3670 | Steps:  188 | Reward:   638.98
Total T:  370740 | Ep: 3671 | Steps:  195 | Reward:   642.96
Total T:  370930 | Ep: 3672 | Steps:  190 | Reward:   623.21
Total T:  371133 | Ep: 3673 | Steps:  203 | Reward:   652.77
Total T:  371322 | Ep: 3674 | Steps:  189 | Reward:   622.95
Total T:  371512 | Ep: 3675 | Steps:  190 | Reward:   623.82
Total T:  371706 | Ep: 3676 | Steps:  194 | Reward:   641.87
Total T:  371892 | Ep: 3677 | Steps:  186 | Reward:   611.90
Total T:  372089 | Ep: 3678 | Steps:  197 | Reward:   646.58
Total T:  372282 | Ep: 3679 | Steps:  193 | Reward:   645.64
Total T:  372474 | Ep: 3680 | Steps:  192 | Reward:   641.00
Total T:  372659 | Ep: 3681 | Steps:  185 | Reward:   609.84
Total T:  372851 | Ep: 3682 | Steps:  192 | Reward:   648.42
Total T:  373047 | Ep: 3683 | Steps:  196 | Reward:   652.51
Total T:  373248 | Ep: 3684 | Steps:  201 | Reward:   660.86
Total T:  373437 | Ep: 3685 | Steps:  189 | Reward:   633.61
Total T:  373644 | Ep: 3686 | Steps:  207 | Reward:   677.10
Total T:  373826 | Ep: 3687 | Steps:  182 | Reward:   607.72
Total T:  374013 | Ep: 3688 | Steps:  187 | Reward:   617.41
Total T:  374209 | Ep: 3689 | Steps:  196 | Reward:   655.54
Total T:  374404 | Ep: 3690 | Steps:  195 | Reward:   650.40
Total T:  374600 | Ep: 3691 | Steps:  196 | Reward:   650.59
Total T:  374784 | Ep: 3692 | Steps:  184 | Reward:   616.00
Total T:  374977 | Ep: 3693 | Steps:  193 | Reward:   634.41
Total T:  375166 | Ep: 3694 | Steps:  189 | Reward:   629.79
Total T:  375357 | Ep: 3695 | Steps:  191 | Reward:   637.72
Total T:  375547 | Ep: 3696 | Steps:  190 | Reward:   633.24
Total T:  375732 | Ep: 3697 | Steps:  185 | Reward:   622.37
Total T:  375917 | Ep: 3698 | Steps:  185 | Reward:   615.83
Total T:  376119 | Ep: 3699 | Steps:  202 | Reward:   667.58
Total T:  376310 | Ep: 3700 | Steps:  191 | Reward:   646.95
Total T:  376512 | Ep: 3701 | Steps:  202 | Reward:   663.62
Total T:  376704 | Ep: 3702 | Steps:  192 | Reward:   635.30
Total T:  376896 | Ep: 3703 | Steps:  192 | Reward:   640.78
Total T:  377096 | Ep: 3704 | Steps:  200 | Reward:   655.82
Total T:  377289 | Ep: 3705 | Steps:  193 | Reward:   640.83
Total T:  377485 | Ep: 3706 | Steps:  196 | Reward:   655.29
Total T:  377681 | Ep: 3707 | Steps:  196 | Reward:   649.16
Total T:  377870 | Ep: 3708 | Steps:  189 | Reward:   602.14
Total T:  378065 | Ep: 3709 | Steps:  195 | Reward:   650.74
Total T:  378266 | Ep: 3710 | Steps:  201 | Reward:   670.43
Total T:  378464 | Ep: 3711 | Steps:  198 | Reward:   645.81
Total T:  378660 | Ep: 3712 | Steps:  196 | Reward:   654.66
Total T:  378849 | Ep: 3713 | Steps:  189 | Reward:   623.24
Total T:  379046 | Ep: 3714 | Steps:  197 | Reward:   663.18
Total T:  379246 | Ep: 3715 | Steps:  200 | Reward:   669.87
Total T:  379449 | Ep: 3716 | Steps:  203 | Reward:   670.00
Total T:  379648 | Ep: 3717 | Steps:  199 | Reward:   657.08
Total T:  379846 | Ep: 3718 | Steps:  198 | Reward:   655.43
---------------------------------------
Evaluation over 10 episodes: 687.800
---------------------------------------
Total T:  380039 | Ep: 3719 | Steps:  193 | Reward:   652.80
Total T:  380224 | Ep: 3720 | Steps:  185 | Reward:   619.74
Total T:  380422 | Ep: 3721 | Steps:  198 | Reward:   669.50
Total T:  380615 | Ep: 3722 | Steps:  193 | Reward:   630.61
Total T:  380808 | Ep: 3723 | Steps:  193 | Reward:   644.08
Total T:  381002 | Ep: 3724 | Steps:  194 | Reward:   649.39
Total T:  381188 | Ep: 3725 | Steps:  186 | Reward:   615.62
Total T:  381370 | Ep: 3726 | Steps:  182 | Reward:   607.35
Total T:  381555 | Ep: 3727 | Steps:  185 | Reward:   612.36
Total T:  381747 | Ep: 3728 | Steps:  192 | Reward:   649.40
Total T:  381932 | Ep: 3729 | Steps:  185 | Reward:   618.15
Total T:  382126 | Ep: 3730 | Steps:  194 | Reward:   658.61
Total T:  382312 | Ep: 3731 | Steps:  186 | Reward:   620.84
Total T:  382499 | Ep: 3732 | Steps:  187 | Reward:   620.18
Total T:  382680 | Ep: 3733 | Steps:  181 | Reward:   600.40
Total T:  382871 | Ep: 3734 | Steps:  191 | Reward:   636.19
Total T:  383047 | Ep: 3735 | Steps:  176 | Reward:   588.90
Total T:  383234 | Ep: 3736 | Steps:  187 | Reward:   625.22
Total T:  383416 | Ep: 3737 | Steps:  182 | Reward:   601.28
Total T:  383599 | Ep: 3738 | Steps:  183 | Reward:   609.17
Total T:  383791 | Ep: 3739 | Steps:  192 | Reward:   642.60
Total T:  383989 | Ep: 3740 | Steps:  198 | Reward:   674.09
Total T:  384175 | Ep: 3741 | Steps:  186 | Reward:   624.99
Total T:  384357 | Ep: 3742 | Steps:  182 | Reward:   609.29
Total T:  384547 | Ep: 3743 | Steps:  190 | Reward:   627.62
Total T:  384736 | Ep: 3744 | Steps:  189 | Reward:   638.63
Total T:  384923 | Ep: 3745 | Steps:  187 | Reward:   613.55
Total T:  385110 | Ep: 3746 | Steps:  187 | Reward:   614.27
Total T:  385300 | Ep: 3747 | Steps:  190 | Reward:   642.29
Total T:  385487 | Ep: 3748 | Steps:  187 | Reward:   612.02
Total T:  385687 | Ep: 3749 | Steps:  200 | Reward:   665.93
Total T:  385877 | Ep: 3750 | Steps:  190 | Reward:   641.17
Total T:  386056 | Ep: 3751 | Steps:  179 | Reward:   578.31
Total T:  386242 | Ep: 3752 | Steps:  186 | Reward:   613.99
Total T:  386429 | Ep: 3753 | Steps:  187 | Reward:   622.12
Total T:  386633 | Ep: 3754 | Steps:  204 | Reward:   665.43
Total T:  386823 | Ep: 3755 | Steps:  190 | Reward:   606.99
Total T:  387022 | Ep: 3756 | Steps:  199 | Reward:   654.04
Total T:  387213 | Ep: 3757 | Steps:  191 | Reward:   644.17
Total T:  387395 | Ep: 3758 | Steps:  182 | Reward:   592.27
Total T:  387434 | Ep: 3759 | Steps:   39 | Reward:    53.94
Total T:  387476 | Ep: 3760 | Steps:   42 | Reward:    59.95
Total T:  387517 | Ep: 3761 | Steps:   41 | Reward:    57.56
Total T:  387702 | Ep: 3762 | Steps:  185 | Reward:   616.61
Total T:  387890 | Ep: 3763 | Steps:  188 | Reward:   595.05
Total T:  388071 | Ep: 3764 | Steps:  181 | Reward:   591.43
Total T:  388271 | Ep: 3765 | Steps:  200 | Reward:   627.64
Total T:  388456 | Ep: 3766 | Steps:  185 | Reward:   623.37
Total T:  388639 | Ep: 3767 | Steps:  183 | Reward:   597.44
Total T:  388809 | Ep: 3768 | Steps:  170 | Reward:   539.87
Total T:  388990 | Ep: 3769 | Steps:  181 | Reward:   599.80
Total T:  389172 | Ep: 3770 | Steps:  182 | Reward:   586.59
Total T:  389348 | Ep: 3771 | Steps:  176 | Reward:   560.15
Total T:  389428 | Ep: 3772 | Steps:   80 | Reward:   170.91
Total T:  389604 | Ep: 3773 | Steps:  176 | Reward:   572.37
Total T:  389780 | Ep: 3774 | Steps:  176 | Reward:   576.12
Total T:  389982 | Ep: 3775 | Steps:  202 | Reward:   666.01
---------------------------------------
Evaluation over 10 episodes: 726.595
---------------------------------------
Total T:  390175 | Ep: 3776 | Steps:  193 | Reward:   652.67
Total T:  390426 | Ep: 3777 | Steps:  251 | Reward:   851.62
Total T:  390605 | Ep: 3778 | Steps:  179 | Reward:   581.71
Total T:  390793 | Ep: 3779 | Steps:  188 | Reward:   622.68
Total T:  390988 | Ep: 3780 | Steps:  195 | Reward:   661.20
Total T:  391189 | Ep: 3781 | Steps:  201 | Reward:   666.63
Total T:  391387 | Ep: 3782 | Steps:  198 | Reward:   650.71
Total T:  391594 | Ep: 3783 | Steps:  207 | Reward:   671.29
Total T:  391799 | Ep: 3784 | Steps:  205 | Reward:   644.75
Total T:  391988 | Ep: 3785 | Steps:  189 | Reward:   621.80
Total T:  392177 | Ep: 3786 | Steps:  189 | Reward:   639.20
Total T:  392361 | Ep: 3787 | Steps:  184 | Reward:   612.89
Total T:  392551 | Ep: 3788 | Steps:  190 | Reward:   625.40
Total T:  392744 | Ep: 3789 | Steps:  193 | Reward:   636.13
Total T:  392948 | Ep: 3790 | Steps:  204 | Reward:   671.09
Total T:  393136 | Ep: 3791 | Steps:  188 | Reward:   624.34
Total T:  393319 | Ep: 3792 | Steps:  183 | Reward:   603.91
Total T:  393509 | Ep: 3793 | Steps:  190 | Reward:   589.13
Total T:  393714 | Ep: 3794 | Steps:  205 | Reward:   666.32
Total T:  393908 | Ep: 3795 | Steps:  194 | Reward:   634.17
Total T:  394091 | Ep: 3796 | Steps:  183 | Reward:   597.72
Total T:  394279 | Ep: 3797 | Steps:  188 | Reward:   625.14
Total T:  394483 | Ep: 3798 | Steps:  204 | Reward:   657.01
Total T:  394689 | Ep: 3799 | Steps:  206 | Reward:   635.82
Total T:  394895 | Ep: 3800 | Steps:  206 | Reward:   665.77
Total T:  395095 | Ep: 3801 | Steps:  200 | Reward:   658.56
Total T:  395298 | Ep: 3802 | Steps:  203 | Reward:   671.43
Total T:  395486 | Ep: 3803 | Steps:  188 | Reward:   579.40
Total T:  395684 | Ep: 3804 | Steps:  198 | Reward:   610.25
Total T:  395899 | Ep: 3805 | Steps:  215 | Reward:   701.31
Total T:  396104 | Ep: 3806 | Steps:  205 | Reward:   645.69
Total T:  396325 | Ep: 3807 | Steps:  221 | Reward:   699.07
Total T:  396533 | Ep: 3808 | Steps:  208 | Reward:   671.80
Total T:  396738 | Ep: 3809 | Steps:  205 | Reward:   671.37
Total T:  396940 | Ep: 3810 | Steps:  202 | Reward:   679.20
Total T:  397139 | Ep: 3811 | Steps:  199 | Reward:   640.28
Total T:  397353 | Ep: 3812 | Steps:  214 | Reward:   697.96
Total T:  397538 | Ep: 3813 | Steps:  185 | Reward:   615.39
Total T:  397736 | Ep: 3814 | Steps:  198 | Reward:   656.40
Total T:  397931 | Ep: 3815 | Steps:  195 | Reward:   665.30
Total T:  398148 | Ep: 3816 | Steps:  217 | Reward:   717.98
Total T:  398334 | Ep: 3817 | Steps:  186 | Reward:   585.50
Total T:  398559 | Ep: 3818 | Steps:  225 | Reward:   743.77
Total T:  398791 | Ep: 3819 | Steps:  232 | Reward:   789.28
Total T:  398991 | Ep: 3820 | Steps:  200 | Reward:   682.23
Total T:  399186 | Ep: 3821 | Steps:  195 | Reward:   616.35
Total T:  399386 | Ep: 3822 | Steps:  200 | Reward:   677.48
Total T:  399573 | Ep: 3823 | Steps:  187 | Reward:   627.67
Total T:  399787 | Ep: 3824 | Steps:  214 | Reward:   701.77
---------------------------------------
Evaluation over 10 episodes: 695.126
---------------------------------------
Total T:  400016 | Ep: 3825 | Steps:  229 | Reward:   766.74
Total T:  400197 | Ep: 3826 | Steps:  181 | Reward:   599.25
Total T:  400419 | Ep: 3827 | Steps:  222 | Reward:   730.42
Total T:  400628 | Ep: 3828 | Steps:  209 | Reward:   664.49
Total T:  400839 | Ep: 3829 | Steps:  211 | Reward:   686.31
Total T:  401040 | Ep: 3830 | Steps:  201 | Reward:   676.24
Total T:  401240 | Ep: 3831 | Steps:  200 | Reward:   659.38
Total T:  401431 | Ep: 3832 | Steps:  191 | Reward:   654.38
Total T:  401661 | Ep: 3833 | Steps:  230 | Reward:   774.10
Total T:  401858 | Ep: 3834 | Steps:  197 | Reward:   676.68
Total T:  402049 | Ep: 3835 | Steps:  191 | Reward:   645.20
Total T:  402257 | Ep: 3836 | Steps:  208 | Reward:   680.96
Total T:  402452 | Ep: 3837 | Steps:  195 | Reward:   660.54
Total T:  402645 | Ep: 3838 | Steps:  193 | Reward:   600.81
Total T:  402873 | Ep: 3839 | Steps:  228 | Reward:   765.11
Total T:  403084 | Ep: 3840 | Steps:  211 | Reward:   680.99
Total T:  403309 | Ep: 3841 | Steps:  225 | Reward:   754.15
Total T:  403508 | Ep: 3842 | Steps:  199 | Reward:   635.81
Total T:  403714 | Ep: 3843 | Steps:  206 | Reward:   688.00
Total T:  403917 | Ep: 3844 | Steps:  203 | Reward:   655.56
Total T:  404122 | Ep: 3845 | Steps:  205 | Reward:   680.39
Total T:  404331 | Ep: 3846 | Steps:  209 | Reward:   691.41
Total T:  404562 | Ep: 3847 | Steps:  231 | Reward:   780.00
Total T:  404757 | Ep: 3848 | Steps:  195 | Reward:   653.57
Total T:  404958 | Ep: 3849 | Steps:  201 | Reward:   678.06
Total T:  405170 | Ep: 3850 | Steps:  212 | Reward:   689.49
Total T:  405367 | Ep: 3851 | Steps:  197 | Reward:   670.23
Total T:  405573 | Ep: 3852 | Steps:  206 | Reward:   685.84
Total T:  405798 | Ep: 3853 | Steps:  225 | Reward:   746.43
Total T:  406007 | Ep: 3854 | Steps:  209 | Reward:   689.77
Total T:  406210 | Ep: 3855 | Steps:  203 | Reward:   674.73
Total T:  406420 | Ep: 3856 | Steps:  210 | Reward:   681.00
Total T:  406627 | Ep: 3857 | Steps:  207 | Reward:   694.69
Total T:  406858 | Ep: 3858 | Steps:  231 | Reward:   772.69
Total T:  407058 | Ep: 3859 | Steps:  200 | Reward:   672.71
Total T:  407246 | Ep: 3860 | Steps:  188 | Reward:   628.88
Total T:  407446 | Ep: 3861 | Steps:  200 | Reward:   656.46
Total T:  407634 | Ep: 3862 | Steps:  188 | Reward:   630.55
Total T:  407832 | Ep: 3863 | Steps:  198 | Reward:   657.71
Total T:  408044 | Ep: 3864 | Steps:  212 | Reward:   693.90
Total T:  408237 | Ep: 3865 | Steps:  193 | Reward:   652.97
Total T:  408443 | Ep: 3866 | Steps:  206 | Reward:   692.84
Total T:  408640 | Ep: 3867 | Steps:  197 | Reward:   675.68
Total T:  408833 | Ep: 3868 | Steps:  193 | Reward:   660.97
Total T:  409041 | Ep: 3869 | Steps:  208 | Reward:   685.69
Total T:  409233 | Ep: 3870 | Steps:  192 | Reward:   660.87
Total T:  409444 | Ep: 3871 | Steps:  211 | Reward:   685.13
Total T:  409642 | Ep: 3872 | Steps:  198 | Reward:   673.38
Total T:  409825 | Ep: 3873 | Steps:  183 | Reward:   610.04
---------------------------------------
Evaluation over 10 episodes: 672.867
---------------------------------------
Total T:  410004 | Ep: 3874 | Steps:  179 | Reward:   585.58
Total T:  410200 | Ep: 3875 | Steps:  196 | Reward:   671.89
Total T:  410392 | Ep: 3876 | Steps:  192 | Reward:   653.01
Total T:  410591 | Ep: 3877 | Steps:  199 | Reward:   674.11
Total T:  410780 | Ep: 3878 | Steps:  189 | Reward:   619.46
Total T:  410967 | Ep: 3879 | Steps:  187 | Reward:   620.67
Total T:  411150 | Ep: 3880 | Steps:  183 | Reward:   606.13
Total T:  411326 | Ep: 3881 | Steps:  176 | Reward:   578.89
Total T:  411504 | Ep: 3882 | Steps:  178 | Reward:   598.98
Total T:  411683 | Ep: 3883 | Steps:  179 | Reward:   595.37
Total T:  411875 | Ep: 3884 | Steps:  192 | Reward:   633.96
Total T:  412082 | Ep: 3885 | Steps:  207 | Reward:   692.31
Total T:  412276 | Ep: 3886 | Steps:  194 | Reward:   665.19
Total T:  412477 | Ep: 3887 | Steps:  201 | Reward:   685.57
Total T:  412655 | Ep: 3888 | Steps:  178 | Reward:   590.73
Total T:  412838 | Ep: 3889 | Steps:  183 | Reward:   598.21
Total T:  413045 | Ep: 3890 | Steps:  207 | Reward:   686.77
Total T:  413230 | Ep: 3891 | Steps:  185 | Reward:   621.80
Total T:  413407 | Ep: 3892 | Steps:  177 | Reward:   584.29
Total T:  413608 | Ep: 3893 | Steps:  201 | Reward:   680.03
Total T:  413792 | Ep: 3894 | Steps:  184 | Reward:   618.58
Total T:  413991 | Ep: 3895 | Steps:  199 | Reward:   681.01
Total T:  414199 | Ep: 3896 | Steps:  208 | Reward:   687.85
Total T:  414378 | Ep: 3897 | Steps:  179 | Reward:   591.85
Total T:  414570 | Ep: 3898 | Steps:  192 | Reward:   645.39
Total T:  414779 | Ep: 3899 | Steps:  209 | Reward:   693.28
Total T:  414964 | Ep: 3900 | Steps:  185 | Reward:   620.21
Total T:  415171 | Ep: 3901 | Steps:  207 | Reward:   683.61
Total T:  415382 | Ep: 3902 | Steps:  211 | Reward:   683.34
Total T:  415565 | Ep: 3903 | Steps:  183 | Reward:   605.66
Total T:  415768 | Ep: 3904 | Steps:  203 | Reward:   695.07
Total T:  415955 | Ep: 3905 | Steps:  187 | Reward:   620.97
Total T:  416172 | Ep: 3906 | Steps:  217 | Reward:   717.83
Total T:  416375 | Ep: 3907 | Steps:  203 | Reward:   686.00
Total T:  416569 | Ep: 3908 | Steps:  194 | Reward:   663.27
Total T:  416749 | Ep: 3909 | Steps:  180 | Reward:   587.22
Total T:  416926 | Ep: 3910 | Steps:  177 | Reward:   581.49
Total T:  417103 | Ep: 3911 | Steps:  177 | Reward:   582.03
Total T:  417282 | Ep: 3912 | Steps:  179 | Reward:   587.31
Total T:  417491 | Ep: 3913 | Steps:  209 | Reward:   688.80
Total T:  417705 | Ep: 3914 | Steps:  214 | Reward:   698.18
Total T:  417883 | Ep: 3915 | Steps:  178 | Reward:   593.03
Total T:  418066 | Ep: 3916 | Steps:  183 | Reward:   612.18
Total T:  418248 | Ep: 3917 | Steps:  182 | Reward:   608.93
Total T:  418455 | Ep: 3918 | Steps:  207 | Reward:   684.20
Total T:  418640 | Ep: 3919 | Steps:  185 | Reward:   611.16
Total T:  418824 | Ep: 3920 | Steps:  184 | Reward:   609.99
Total T:  419031 | Ep: 3921 | Steps:  207 | Reward:   706.27
Total T:  419238 | Ep: 3922 | Steps:  207 | Reward:   689.12
Total T:  419420 | Ep: 3923 | Steps:  182 | Reward:   610.61
Total T:  419659 | Ep: 3924 | Steps:  239 | Reward:   795.08
Total T:  419872 | Ep: 3925 | Steps:  213 | Reward:   688.00
---------------------------------------
Evaluation over 10 episodes: 680.607
---------------------------------------
Total T:  420066 | Ep: 3926 | Steps:  194 | Reward:   636.89
Total T:  420236 | Ep: 3927 | Steps:  170 | Reward:   543.38
Total T:  420492 | Ep: 3928 | Steps:  256 | Reward:   855.17
Total T:  420684 | Ep: 3929 | Steps:  192 | Reward:   644.89
Total T:  420866 | Ep: 3930 | Steps:  182 | Reward:   586.20
Total T:  421047 | Ep: 3931 | Steps:  181 | Reward:   599.13
Total T:  421272 | Ep: 3932 | Steps:  225 | Reward:   744.90
Total T:  421484 | Ep: 3933 | Steps:  212 | Reward:   703.45
Total T:  421666 | Ep: 3934 | Steps:  182 | Reward:   596.60
Total T:  421925 | Ep: 3935 | Steps:  259 | Reward:   850.75
Total T:  422248 | Ep: 3936 | Steps:  323 | Reward:  1060.93
Total T:  422436 | Ep: 3937 | Steps:  188 | Reward:   630.06
Total T:  422625 | Ep: 3938 | Steps:  189 | Reward:   629.26
Total T:  422828 | Ep: 3939 | Steps:  203 | Reward:   686.28
Total T:  423035 | Ep: 3940 | Steps:  207 | Reward:   703.16
Total T:  423234 | Ep: 3941 | Steps:  199 | Reward:   671.03
Total T:  423428 | Ep: 3942 | Steps:  194 | Reward:   655.32
Total T:  423653 | Ep: 3943 | Steps:  225 | Reward:   735.30
Total T:  423855 | Ep: 3944 | Steps:  202 | Reward:   690.60
Total T:  424043 | Ep: 3945 | Steps:  188 | Reward:   629.42
Total T:  424239 | Ep: 3946 | Steps:  196 | Reward:   665.40
Total T:  424432 | Ep: 3947 | Steps:  193 | Reward:   653.06
Total T:  424611 | Ep: 3948 | Steps:  179 | Reward:   588.95
Total T:  424812 | Ep: 3949 | Steps:  201 | Reward:   683.43
Total T:  425017 | Ep: 3950 | Steps:  205 | Reward:   697.34
Total T:  425212 | Ep: 3951 | Steps:  195 | Reward:   675.16
Total T:  425425 | Ep: 3952 | Steps:  213 | Reward:   715.45
Total T:  425614 | Ep: 3953 | Steps:  189 | Reward:   636.38
Total T:  425803 | Ep: 3954 | Steps:  189 | Reward:   638.87
Total T:  426006 | Ep: 3955 | Steps:  203 | Reward:   699.51
Total T:  426199 | Ep: 3956 | Steps:  193 | Reward:   654.31
Total T:  426410 | Ep: 3957 | Steps:  211 | Reward:   688.06
Total T:  426610 | Ep: 3958 | Steps:  200 | Reward:   675.82
Total T:  426850 | Ep: 3959 | Steps:  240 | Reward:   801.01
Total T:  427053 | Ep: 3960 | Steps:  203 | Reward:   696.45
Total T:  427247 | Ep: 3961 | Steps:  194 | Reward:   664.87
Total T:  427448 | Ep: 3962 | Steps:  201 | Reward:   685.50
Total T:  427638 | Ep: 3963 | Steps:  190 | Reward:   633.84
Total T:  427842 | Ep: 3964 | Steps:  204 | Reward:   702.10
Total T:  428051 | Ep: 3965 | Steps:  209 | Reward:   694.26
Total T:  428244 | Ep: 3966 | Steps:  193 | Reward:   650.40
Total T:  428448 | Ep: 3967 | Steps:  204 | Reward:   689.66
Total T:  428637 | Ep: 3968 | Steps:  189 | Reward:   639.40
Total T:  428846 | Ep: 3969 | Steps:  209 | Reward:   683.56
Total T:  429055 | Ep: 3970 | Steps:  209 | Reward:   691.98
Total T:  429256 | Ep: 3971 | Steps:  201 | Reward:   672.89
Total T:  429471 | Ep: 3972 | Steps:  215 | Reward:   717.71
Total T:  429665 | Ep: 3973 | Steps:  194 | Reward:   645.94
Total T:  429861 | Ep: 3974 | Steps:  196 | Reward:   648.11
---------------------------------------
Evaluation over 10 episodes: 721.060
---------------------------------------
Total T:  430059 | Ep: 3975 | Steps:  198 | Reward:   654.99
Total T:  430269 | Ep: 3976 | Steps:  210 | Reward:   685.88
Total T:  430466 | Ep: 3977 | Steps:  197 | Reward:   660.10
Total T:  430655 | Ep: 3978 | Steps:  189 | Reward:   632.39
Total T:  430843 | Ep: 3979 | Steps:  188 | Reward:   617.31
Total T:  431037 | Ep: 3980 | Steps:  194 | Reward:   644.08
Total T:  431239 | Ep: 3981 | Steps:  202 | Reward:   683.46
Total T:  431456 | Ep: 3982 | Steps:  217 | Reward:   708.56
Total T:  431664 | Ep: 3983 | Steps:  208 | Reward:   687.05
Total T:  431858 | Ep: 3984 | Steps:  194 | Reward:   644.34
Total T:  432057 | Ep: 3985 | Steps:  199 | Reward:   673.29
Total T:  432261 | Ep: 3986 | Steps:  204 | Reward:   670.40
Total T:  432462 | Ep: 3987 | Steps:  201 | Reward:   672.18
Total T:  432676 | Ep: 3988 | Steps:  214 | Reward:   709.12
Total T:  432873 | Ep: 3989 | Steps:  197 | Reward:   665.82
Total T:  433063 | Ep: 3990 | Steps:  190 | Reward:   622.91
Total T:  433272 | Ep: 3991 | Steps:  209 | Reward:   712.53
Total T:  433462 | Ep: 3992 | Steps:  190 | Reward:   628.77
Total T:  433670 | Ep: 3993 | Steps:  208 | Reward:   697.58
Total T:  433851 | Ep: 3994 | Steps:  181 | Reward:   594.75
Total T:  434038 | Ep: 3995 | Steps:  187 | Reward:   622.36
Total T:  434237 | Ep: 3996 | Steps:  199 | Reward:   670.89
Total T:  434443 | Ep: 3997 | Steps:  206 | Reward:   692.61
Total T:  434636 | Ep: 3998 | Steps:  193 | Reward:   647.64
Total T:  434826 | Ep: 3999 | Steps:  190 | Reward:   622.03
Total T:  435021 | Ep: 4000 | Steps:  195 | Reward:   652.80
Total T:  435219 | Ep: 4001 | Steps:  198 | Reward:   655.66
Total T:  435438 | Ep: 4002 | Steps:  219 | Reward:   705.00
Total T:  435635 | Ep: 4003 | Steps:  197 | Reward:   679.52
Total T:  435834 | Ep: 4004 | Steps:  199 | Reward:   672.23
Total T:  436038 | Ep: 4005 | Steps:  204 | Reward:   677.83
Total T:  436247 | Ep: 4006 | Steps:  209 | Reward:   698.20
Total T:  436444 | Ep: 4007 | Steps:  197 | Reward:   660.44
Total T:  436640 | Ep: 4008 | Steps:  196 | Reward:   674.57
Total T:  436837 | Ep: 4009 | Steps:  197 | Reward:   664.62
Total T:  437038 | Ep: 4010 | Steps:  201 | Reward:   668.19
Total T:  437233 | Ep: 4011 | Steps:  195 | Reward:   664.17
Total T:  437427 | Ep: 4012 | Steps:  194 | Reward:   651.31
Total T:  437622 | Ep: 4013 | Steps:  195 | Reward:   674.40
Total T:  437814 | Ep: 4014 | Steps:  192 | Reward:   650.47
Total T:  437996 | Ep: 4015 | Steps:  182 | Reward:   597.23
Total T:  438201 | Ep: 4016 | Steps:  205 | Reward:   700.37
Total T:  438390 | Ep: 4017 | Steps:  189 | Reward:   617.84
Total T:  438576 | Ep: 4018 | Steps:  186 | Reward:   605.26
Total T:  438778 | Ep: 4019 | Steps:  202 | Reward:   666.65
Total T:  438972 | Ep: 4020 | Steps:  194 | Reward:   643.48
Total T:  439171 | Ep: 4021 | Steps:  199 | Reward:   662.72
Total T:  439365 | Ep: 4022 | Steps:  194 | Reward:   649.26
Total T:  439565 | Ep: 4023 | Steps:  200 | Reward:   671.42
Total T:  439767 | Ep: 4024 | Steps:  202 | Reward:   675.71
Total T:  439956 | Ep: 4025 | Steps:  189 | Reward:   642.44
---------------------------------------
Evaluation over 10 episodes: 687.384
---------------------------------------
Total T:  440151 | Ep: 4026 | Steps:  195 | Reward:   661.04
Total T:  440336 | Ep: 4027 | Steps:  185 | Reward:   628.53
Total T:  440525 | Ep: 4028 | Steps:  189 | Reward:   639.58
Total T:  440718 | Ep: 4029 | Steps:  193 | Reward:   653.91
Total T:  440907 | Ep: 4030 | Steps:  189 | Reward:   642.84
Total T:  441104 | Ep: 4031 | Steps:  197 | Reward:   658.18
Total T:  441315 | Ep: 4032 | Steps:  211 | Reward:   704.37
Total T:  441508 | Ep: 4033 | Steps:  193 | Reward:   646.04
Total T:  441697 | Ep: 4034 | Steps:  189 | Reward:   636.74
Total T:  441893 | Ep: 4035 | Steps:  196 | Reward:   654.39
Total T:  442082 | Ep: 4036 | Steps:  189 | Reward:   639.75
Total T:  442272 | Ep: 4037 | Steps:  190 | Reward:   634.50
Total T:  442464 | Ep: 4038 | Steps:  192 | Reward:   644.95
Total T:  442653 | Ep: 4039 | Steps:  189 | Reward:   631.82
Total T:  442856 | Ep: 4040 | Steps:  203 | Reward:   667.71
Total T:  443054 | Ep: 4041 | Steps:  198 | Reward:   668.08
Total T:  443266 | Ep: 4042 | Steps:  212 | Reward:   704.09
Total T:  443466 | Ep: 4043 | Steps:  200 | Reward:   679.14
Total T:  443667 | Ep: 4044 | Steps:  201 | Reward:   677.94
Total T:  443864 | Ep: 4045 | Steps:  197 | Reward:   645.46
Total T:  444066 | Ep: 4046 | Steps:  202 | Reward:   681.64
Total T:  444257 | Ep: 4047 | Steps:  191 | Reward:   634.43
Total T:  444450 | Ep: 4048 | Steps:  193 | Reward:   632.14
Total T:  444632 | Ep: 4049 | Steps:  182 | Reward:   601.71
Total T:  444835 | Ep: 4050 | Steps:  203 | Reward:   689.44
Total T:  445023 | Ep: 4051 | Steps:  188 | Reward:   624.06
Total T:  445222 | Ep: 4052 | Steps:  199 | Reward:   663.93
Total T:  445413 | Ep: 4053 | Steps:  191 | Reward:   612.32
Total T:  445609 | Ep: 4054 | Steps:  196 | Reward:   640.80
Total T:  445807 | Ep: 4055 | Steps:  198 | Reward:   669.53
Total T:  446015 | Ep: 4056 | Steps:  208 | Reward:   689.87
Total T:  446212 | Ep: 4057 | Steps:  197 | Reward:   664.64
Total T:  446418 | Ep: 4058 | Steps:  206 | Reward:   700.42
Total T:  446627 | Ep: 4059 | Steps:  209 | Reward:   662.84
Total T:  446834 | Ep: 4060 | Steps:  207 | Reward:   697.02
Total T:  447035 | Ep: 4061 | Steps:  201 | Reward:   671.35
Total T:  447245 | Ep: 4062 | Steps:  210 | Reward:   713.16
Total T:  447444 | Ep: 4063 | Steps:  199 | Reward:   685.20
Total T:  447645 | Ep: 4064 | Steps:  201 | Reward:   673.27
Total T:  447852 | Ep: 4065 | Steps:  207 | Reward:   699.32
Total T:  448058 | Ep: 4066 | Steps:  206 | Reward:   698.92
Total T:  448257 | Ep: 4067 | Steps:  199 | Reward:   682.65
Total T:  448463 | Ep: 4068 | Steps:  206 | Reward:   692.49
Total T:  448671 | Ep: 4069 | Steps:  208 | Reward:   684.56
Total T:  448878 | Ep: 4070 | Steps:  207 | Reward:   706.07
Total T:  449082 | Ep: 4071 | Steps:  204 | Reward:   694.26
Total T:  449292 | Ep: 4072 | Steps:  210 | Reward:   686.36
Total T:  449495 | Ep: 4073 | Steps:  203 | Reward:   681.12
Total T:  449704 | Ep: 4074 | Steps:  209 | Reward:   690.10
Total T:  449904 | Ep: 4075 | Steps:  200 | Reward:   685.82
---------------------------------------
Evaluation over 10 episodes: 1100.048
---------------------------------------
Total T:  450108 | Ep: 4076 | Steps:  204 | Reward:   695.84
Total T:  450327 | Ep: 4077 | Steps:  219 | Reward:   703.66
Total T:  450545 | Ep: 4078 | Steps:  218 | Reward:   708.70
Total T:  450756 | Ep: 4079 | Steps:  211 | Reward:   691.92
Total T:  450960 | Ep: 4080 | Steps:  204 | Reward:   675.16
Total T:  451170 | Ep: 4081 | Steps:  210 | Reward:   682.02
Total T:  451380 | Ep: 4082 | Steps:  210 | Reward:   693.72
Total T:  451592 | Ep: 4083 | Steps:  212 | Reward:   694.19
Total T:  451801 | Ep: 4084 | Steps:  209 | Reward:   676.29
Total T:  452015 | Ep: 4085 | Steps:  214 | Reward:   693.67
Total T:  452226 | Ep: 4086 | Steps:  211 | Reward:   691.95
Total T:  452442 | Ep: 4087 | Steps:  216 | Reward:   694.86
Total T:  452652 | Ep: 4088 | Steps:  210 | Reward:   708.55
Total T:  452865 | Ep: 4089 | Steps:  213 | Reward:   691.06
Total T:  453067 | Ep: 4090 | Steps:  202 | Reward:   681.90
Total T:  453277 | Ep: 4091 | Steps:  210 | Reward:   692.83
Total T:  453486 | Ep: 4092 | Steps:  209 | Reward:   686.18
Total T:  453691 | Ep: 4093 | Steps:  205 | Reward:   691.41
Total T:  453892 | Ep: 4094 | Steps:  201 | Reward:   659.00
Total T:  454095 | Ep: 4095 | Steps:  203 | Reward:   692.03
Total T:  454299 | Ep: 4096 | Steps:  204 | Reward:   673.74
Total T:  454511 | Ep: 4097 | Steps:  212 | Reward:   687.81
Total T:  454723 | Ep: 4098 | Steps:  212 | Reward:   700.07
Total T:  454929 | Ep: 4099 | Steps:  206 | Reward:   687.57
Total T:  455134 | Ep: 4100 | Steps:  205 | Reward:   694.54
Total T:  455337 | Ep: 4101 | Steps:  203 | Reward:   685.05
Total T:  455549 | Ep: 4102 | Steps:  212 | Reward:   703.96
Total T:  455758 | Ep: 4103 | Steps:  209 | Reward:   693.29
Total T:  455964 | Ep: 4104 | Steps:  206 | Reward:   690.98
Total T:  456175 | Ep: 4105 | Steps:  211 | Reward:   708.85
Total T:  456377 | Ep: 4106 | Steps:  202 | Reward:   684.76
Total T:  456592 | Ep: 4107 | Steps:  215 | Reward:   700.31
Total T:  456801 | Ep: 4108 | Steps:  209 | Reward:   688.23
Total T:  457128 | Ep: 4109 | Steps:  327 | Reward:  1070.39
Total T:  457337 | Ep: 4110 | Steps:  209 | Reward:   708.12
Total T:  457548 | Ep: 4111 | Steps:  211 | Reward:   685.51
Total T:  457760 | Ep: 4112 | Steps:  212 | Reward:   708.48
Total T:  457970 | Ep: 4113 | Steps:  210 | Reward:   710.60
Total T:  458175 | Ep: 4114 | Steps:  205 | Reward:   684.79
Total T:  458392 | Ep: 4115 | Steps:  217 | Reward:   705.25
Total T:  458602 | Ep: 4116 | Steps:  210 | Reward:   709.41
Total T:  458809 | Ep: 4117 | Steps:  207 | Reward:   696.06
Total T:  459011 | Ep: 4118 | Steps:  202 | Reward:   681.51
Total T:  459216 | Ep: 4119 | Steps:  205 | Reward:   684.63
Total T:  459427 | Ep: 4120 | Steps:  211 | Reward:   712.05
Total T:  459636 | Ep: 4121 | Steps:  209 | Reward:   715.35
Total T:  459837 | Ep: 4122 | Steps:  201 | Reward:   680.08
---------------------------------------
Evaluation over 10 episodes: 942.268
---------------------------------------
Total T:  460033 | Ep: 4123 | Steps:  196 | Reward:   666.06
Total T:  460243 | Ep: 4124 | Steps:  210 | Reward:   701.94
Total T:  460478 | Ep: 4125 | Steps:  235 | Reward:   770.80
Total T:  460703 | Ep: 4126 | Steps:  225 | Reward:   731.81
Total T:  460953 | Ep: 4127 | Steps:  250 | Reward:   803.75
Total T:  461160 | Ep: 4128 | Steps:  207 | Reward:   685.60
Total T:  461360 | Ep: 4129 | Steps:  200 | Reward:   662.51
Total T:  461562 | Ep: 4130 | Steps:  202 | Reward:   676.20
Total T:  461785 | Ep: 4131 | Steps:  223 | Reward:   695.13
Total T:  462048 | Ep: 4132 | Steps:  263 | Reward:   872.07
Total T:  462263 | Ep: 4133 | Steps:  215 | Reward:   696.95
Total T:  462479 | Ep: 4134 | Steps:  216 | Reward:   687.45
Total T:  462674 | Ep: 4135 | Steps:  195 | Reward:   599.20
Total T:  462908 | Ep: 4136 | Steps:  234 | Reward:   746.95
Total T:  463158 | Ep: 4137 | Steps:  250 | Reward:   813.79
Total T:  463370 | Ep: 4138 | Steps:  212 | Reward:   677.53
Total T:  463588 | Ep: 4139 | Steps:  218 | Reward:   692.25
Total T:  463801 | Ep: 4140 | Steps:  213 | Reward:   686.16
Total T:  464035 | Ep: 4141 | Steps:  234 | Reward:   753.35
Total T:  464252 | Ep: 4142 | Steps:  217 | Reward:   690.24
Total T:  464471 | Ep: 4143 | Steps:  219 | Reward:   695.09
Total T:  464691 | Ep: 4144 | Steps:  220 | Reward:   689.88
Total T:  464931 | Ep: 4145 | Steps:  240 | Reward:   760.88
Total T:  465229 | Ep: 4146 | Steps:  298 | Reward:   941.89
Total T:  465466 | Ep: 4147 | Steps:  237 | Reward:   764.37
Total T:  465694 | Ep: 4148 | Steps:  228 | Reward:   711.44
Total T:  465918 | Ep: 4149 | Steps:  224 | Reward:   701.18
Total T:  466167 | Ep: 4150 | Steps:  249 | Reward:   794.42
Total T:  466406 | Ep: 4151 | Steps:  239 | Reward:   758.47
Total T:  466688 | Ep: 4152 | Steps:  282 | Reward:   912.91
Total T:  466908 | Ep: 4153 | Steps:  220 | Reward:   705.10
Total T:  467220 | Ep: 4154 | Steps:  312 | Reward:  1019.34
Total T:  467437 | Ep: 4155 | Steps:  217 | Reward:   695.00
Total T:  467693 | Ep: 4156 | Steps:  256 | Reward:   856.17
Total T:  467954 | Ep: 4157 | Steps:  261 | Reward:   858.91
Total T:  468170 | Ep: 4158 | Steps:  216 | Reward:   695.72
Total T:  468393 | Ep: 4159 | Steps:  223 | Reward:   692.25
Total T:  468629 | Ep: 4160 | Steps:  236 | Reward:   769.16
Total T:  468939 | Ep: 4161 | Steps:  310 | Reward:  1003.84
Total T:  469256 | Ep: 4162 | Steps:  317 | Reward:  1009.32
Total T:  469458 | Ep: 4163 | Steps:  202 | Reward:   677.10
Total T:  469704 | Ep: 4164 | Steps:  246 | Reward:   810.64
---------------------------------------
Evaluation over 10 episodes: 662.997
---------------------------------------
Total T:  470018 | Ep: 4165 | Steps:  314 | Reward:   982.81
Total T:  470222 | Ep: 4166 | Steps:  204 | Reward:   681.76
Total T:  470436 | Ep: 4167 | Steps:  214 | Reward:   691.00
Total T:  470649 | Ep: 4168 | Steps:  213 | Reward:   700.02
Total T:  470964 | Ep: 4169 | Steps:  315 | Reward:  1002.99
Total T:  471200 | Ep: 4170 | Steps:  236 | Reward:   752.85
Total T:  471410 | Ep: 4171 | Steps:  210 | Reward:   700.39
Total T:  471697 | Ep: 4172 | Steps:  287 | Reward:   903.43
Total T:  472015 | Ep: 4173 | Steps:  318 | Reward:  1055.23
Total T:  472268 | Ep: 4174 | Steps:  253 | Reward:   818.40
Total T:  472741 | Ep: 4175 | Steps:  473 | Reward:  1572.81
Total T:  472950 | Ep: 4176 | Steps:  209 | Reward:   695.96
Total T:  473192 | Ep: 4177 | Steps:  242 | Reward:   781.66
Total T:  473408 | Ep: 4178 | Steps:  216 | Reward:   703.47
Total T:  473615 | Ep: 4179 | Steps:  207 | Reward:   684.50
Total T:  473824 | Ep: 4180 | Steps:  209 | Reward:   689.87
Total T:  474334 | Ep: 4181 | Steps:  510 | Reward:  1675.15
Total T:  474544 | Ep: 4182 | Steps:  210 | Reward:   686.80
Total T:  474798 | Ep: 4183 | Steps:  254 | Reward:   793.41
Total T:  475009 | Ep: 4184 | Steps:  211 | Reward:   697.59
Total T:  475209 | Ep: 4185 | Steps:  200 | Reward:   668.08
Total T:  475420 | Ep: 4186 | Steps:  211 | Reward:   729.80
Total T:  475634 | Ep: 4187 | Steps:  214 | Reward:   697.44
Total T:  475852 | Ep: 4188 | Steps:  218 | Reward:   698.46
Total T:  476065 | Ep: 4189 | Steps:  213 | Reward:   695.68
Total T:  476277 | Ep: 4190 | Steps:  212 | Reward:   704.86
Total T:  476474 | Ep: 4191 | Steps:  197 | Reward:   663.14
Total T:  476682 | Ep: 4192 | Steps:  208 | Reward:   693.51
Total T:  476887 | Ep: 4193 | Steps:  205 | Reward:   674.71
Total T:  477098 | Ep: 4194 | Steps:  211 | Reward:   703.18
Total T:  477298 | Ep: 4195 | Steps:  200 | Reward:   678.89
Total T:  477504 | Ep: 4196 | Steps:  206 | Reward:   680.02
Total T:  477704 | Ep: 4197 | Steps:  200 | Reward:   664.21
Total T:  477913 | Ep: 4198 | Steps:  209 | Reward:   694.75
Total T:  478118 | Ep: 4199 | Steps:  205 | Reward:   694.37
Total T:  478326 | Ep: 4200 | Steps:  208 | Reward:   693.15
Total T:  478530 | Ep: 4201 | Steps:  204 | Reward:   684.43
Total T:  478732 | Ep: 4202 | Steps:  202 | Reward:   688.64
Total T:  478936 | Ep: 4203 | Steps:  204 | Reward:   695.65
Total T:  479139 | Ep: 4204 | Steps:  203 | Reward:   686.09
Total T:  479353 | Ep: 4205 | Steps:  214 | Reward:   696.62
Total T:  479561 | Ep: 4206 | Steps:  208 | Reward:   710.84
Total T:  479772 | Ep: 4207 | Steps:  211 | Reward:   699.30
Total T:  479981 | Ep: 4208 | Steps:  209 | Reward:   720.50
---------------------------------------
Evaluation over 10 episodes: 718.801
---------------------------------------
Total T:  480190 | Ep: 4209 | Steps:  209 | Reward:   703.45
Total T:  480391 | Ep: 4210 | Steps:  201 | Reward:   689.80
Total T:  480600 | Ep: 4211 | Steps:  209 | Reward:   716.20
Total T:  480792 | Ep: 4212 | Steps:  192 | Reward:   660.13
Total T:  480939 | Ep: 4213 | Steps:  147 | Reward:   431.75
Total T:  481149 | Ep: 4214 | Steps:  210 | Reward:   711.15
Total T:  481362 | Ep: 4215 | Steps:  213 | Reward:   706.29
Total T:  481563 | Ep: 4216 | Steps:  201 | Reward:   686.49
Total T:  481769 | Ep: 4217 | Steps:  206 | Reward:   683.81
Total T:  481965 | Ep: 4218 | Steps:  196 | Reward:   675.50
Total T:  482173 | Ep: 4219 | Steps:  208 | Reward:   697.03
Total T:  482376 | Ep: 4220 | Steps:  203 | Reward:   699.84
Total T:  482582 | Ep: 4221 | Steps:  206 | Reward:   682.55
Total T:  482793 | Ep: 4222 | Steps:  211 | Reward:   703.98
Total T:  483004 | Ep: 4223 | Steps:  211 | Reward:   701.91
Total T:  483214 | Ep: 4224 | Steps:  210 | Reward:   706.33
Total T:  483419 | Ep: 4225 | Steps:  205 | Reward:   701.28
Total T:  483619 | Ep: 4226 | Steps:  200 | Reward:   678.07
Total T:  483831 | Ep: 4227 | Steps:  212 | Reward:   721.62
Total T:  484039 | Ep: 4228 | Steps:  208 | Reward:   709.27
Total T:  484244 | Ep: 4229 | Steps:  205 | Reward:   693.89
Total T:  484461 | Ep: 4230 | Steps:  217 | Reward:   701.78
Total T:  484675 | Ep: 4231 | Steps:  214 | Reward:   726.86
Total T:  484879 | Ep: 4232 | Steps:  204 | Reward:   701.40
Total T:  485091 | Ep: 4233 | Steps:  212 | Reward:   714.56
Total T:  485294 | Ep: 4234 | Steps:  203 | Reward:   697.95
Total T:  485504 | Ep: 4235 | Steps:  210 | Reward:   701.13
Total T:  485713 | Ep: 4236 | Steps:  209 | Reward:   702.04
Total T:  485912 | Ep: 4237 | Steps:  199 | Reward:   679.89
Total T:  486116 | Ep: 4238 | Steps:  204 | Reward:   680.83
Total T:  486335 | Ep: 4239 | Steps:  219 | Reward:   724.85
Total T:  486544 | Ep: 4240 | Steps:  209 | Reward:   708.56
Total T:  486751 | Ep: 4241 | Steps:  207 | Reward:   706.78
Total T:  486961 | Ep: 4242 | Steps:  210 | Reward:   696.66
Total T:  487173 | Ep: 4243 | Steps:  212 | Reward:   719.02
Total T:  487385 | Ep: 4244 | Steps:  212 | Reward:   711.87
Total T:  487602 | Ep: 4245 | Steps:  217 | Reward:   742.75
Total T:  487835 | Ep: 4246 | Steps:  233 | Reward:   778.87
Total T:  488050 | Ep: 4247 | Steps:  215 | Reward:   710.07
Total T:  488264 | Ep: 4248 | Steps:  214 | Reward:   720.07
Total T:  488482 | Ep: 4249 | Steps:  218 | Reward:   737.11
Total T:  488696 | Ep: 4250 | Steps:  214 | Reward:   722.27
Total T:  488917 | Ep: 4251 | Steps:  221 | Reward:   749.36
Total T:  489139 | Ep: 4252 | Steps:  222 | Reward:   754.08
Total T:  489350 | Ep: 4253 | Steps:  211 | Reward:   714.26
Total T:  489550 | Ep: 4254 | Steps:  200 | Reward:   668.06
Total T:  489763 | Ep: 4255 | Steps:  213 | Reward:   723.13
Total T:  489983 | Ep: 4256 | Steps:  220 | Reward:   719.80
---------------------------------------
Evaluation over 10 episodes: 740.158
---------------------------------------
Total T:  490198 | Ep: 4257 | Steps:  215 | Reward:   732.39
Total T:  490404 | Ep: 4258 | Steps:  206 | Reward:   687.41
Total T:  490624 | Ep: 4259 | Steps:  220 | Reward:   741.03
Total T:  490843 | Ep: 4260 | Steps:  219 | Reward:   746.25
Total T:  491047 | Ep: 4261 | Steps:  204 | Reward:   687.67
Total T:  491252 | Ep: 4262 | Steps:  205 | Reward:   692.55
Total T:  491473 | Ep: 4263 | Steps:  221 | Reward:   753.47
Total T:  491690 | Ep: 4264 | Steps:  217 | Reward:   731.72
Total T:  491927 | Ep: 4265 | Steps:  237 | Reward:   794.36
Total T:  492142 | Ep: 4266 | Steps:  215 | Reward:   736.98
Total T:  492351 | Ep: 4267 | Steps:  209 | Reward:   706.85
Total T:  492566 | Ep: 4268 | Steps:  215 | Reward:   741.13
Total T:  492778 | Ep: 4269 | Steps:  212 | Reward:   710.73
Total T:  492974 | Ep: 4270 | Steps:  196 | Reward:   662.39
Total T:  493217 | Ep: 4271 | Steps:  243 | Reward:   825.46
Total T:  493435 | Ep: 4272 | Steps:  218 | Reward:   725.63
Total T:  493664 | Ep: 4273 | Steps:  229 | Reward:   768.00
Total T:  493872 | Ep: 4274 | Steps:  208 | Reward:   689.69
Total T:  494090 | Ep: 4275 | Steps:  218 | Reward:   740.58
Total T:  494340 | Ep: 4276 | Steps:  250 | Reward:   833.15
Total T:  494561 | Ep: 4277 | Steps:  221 | Reward:   744.78
Total T:  494771 | Ep: 4278 | Steps:  210 | Reward:   690.30
Total T:  495021 | Ep: 4279 | Steps:  250 | Reward:   823.70
Total T:  495246 | Ep: 4280 | Steps:  225 | Reward:   754.80
Total T:  495474 | Ep: 4281 | Steps:  228 | Reward:   767.84
Total T:  495725 | Ep: 4282 | Steps:  251 | Reward:   823.67
Total T:  495935 | Ep: 4283 | Steps:  210 | Reward:   710.15
Total T:  496174 | Ep: 4284 | Steps:  239 | Reward:   648.56
Total T:  496419 | Ep: 4285 | Steps:  245 | Reward:   819.19
Total T:  496691 | Ep: 4286 | Steps:  272 | Reward:   894.15
Total T:  496990 | Ep: 4287 | Steps:  299 | Reward:   938.07
Total T:  497259 | Ep: 4288 | Steps:  269 | Reward:   882.78
Total T:  497563 | Ep: 4289 | Steps:  304 | Reward:   958.92
Total T:  497799 | Ep: 4290 | Steps:  236 | Reward:   789.22
Total T:  498004 | Ep: 4291 | Steps:  205 | Reward:   687.12
Total T:  498696 | Ep: 4292 | Steps:  692 | Reward:  2192.81
Total T:  498950 | Ep: 4293 | Steps:  254 | Reward:   862.76
Total T:  499612 | Ep: 4294 | Steps:  662 | Reward:  2103.66
Total T:  499889 | Ep: 4295 | Steps:  277 | Reward:   909.33
---------------------------------------
Evaluation over 10 episodes: 1986.290
---------------------------------------
Total T:  500563 | Ep: 4296 | Steps:  674 | Reward:  2154.44
Total T:  500832 | Ep: 4297 | Steps:  269 | Reward:   900.79
Total T:  501044 | Ep: 4298 | Steps:  212 | Reward:   714.94
Total T:  501301 | Ep: 4299 | Steps:  257 | Reward:   851.85
Total T:  501519 | Ep: 4300 | Steps:  218 | Reward:   660.98
Total T:  501912 | Ep: 4301 | Steps:  393 | Reward:  1153.85
Total T:  502171 | Ep: 4302 | Steps:  259 | Reward:   860.83
Total T:  502446 | Ep: 4303 | Steps:  275 | Reward:   908.14
Total T:  502692 | Ep: 4304 | Steps:  246 | Reward:   815.92
Total T:  502947 | Ep: 4305 | Steps:  255 | Reward:   847.58
Total T:  503210 | Ep: 4306 | Steps:  263 | Reward:   869.06
Total T:  503429 | Ep: 4307 | Steps:  219 | Reward:   717.91
Total T:  503743 | Ep: 4308 | Steps:  314 | Reward:   997.33
Total T:  504023 | Ep: 4309 | Steps:  280 | Reward:   906.95
Total T:  504308 | Ep: 4310 | Steps:  285 | Reward:   921.64
Total T:  504550 | Ep: 4311 | Steps:  242 | Reward:   803.97
Total T:  504758 | Ep: 4312 | Steps:  208 | Reward:   675.17
Total T:  505042 | Ep: 4313 | Steps:  284 | Reward:   929.02
Total T:  505280 | Ep: 4314 | Steps:  238 | Reward:   800.80
Total T:  505525 | Ep: 4315 | Steps:  245 | Reward:   818.46
Total T:  505813 | Ep: 4316 | Steps:  288 | Reward:   929.73
Total T:  506045 | Ep: 4317 | Steps:  232 | Reward:   786.77
Total T:  506290 | Ep: 4318 | Steps:  245 | Reward:   821.82
Total T:  506758 | Ep: 4319 | Steps:  468 | Reward:  1457.29
Total T:  507027 | Ep: 4320 | Steps:  269 | Reward:   883.72
Total T:  507293 | Ep: 4321 | Steps:  266 | Reward:   883.56
Total T:  507576 | Ep: 4322 | Steps:  283 | Reward:   912.02
Total T:  507950 | Ep: 4323 | Steps:  374 | Reward:  1188.37
Total T:  508503 | Ep: 4324 | Steps:  553 | Reward:  1683.66
Total T:  508997 | Ep: 4325 | Steps:  494 | Reward:  1545.20
Total T:  509465 | Ep: 4326 | Steps:  468 | Reward:  1455.86
Total T:  509746 | Ep: 4327 | Steps:  281 | Reward:   913.55
---------------------------------------
Evaluation over 10 episodes: 1369.672
---------------------------------------
Total T:  510114 | Ep: 4328 | Steps:  368 | Reward:  1155.70
Total T:  510501 | Ep: 4329 | Steps:  387 | Reward:  1191.18
Total T:  510771 | Ep: 4330 | Steps:  270 | Reward:   892.51
Total T:  511053 | Ep: 4331 | Steps:  282 | Reward:   938.18
Total T:  511323 | Ep: 4332 | Steps:  270 | Reward:   886.42
Total T:  511545 | Ep: 4333 | Steps:  222 | Reward:   648.58
Total T:  511880 | Ep: 4334 | Steps:  335 | Reward:  1075.36
Total T:  512141 | Ep: 4335 | Steps:  261 | Reward:   859.67
Total T:  512765 | Ep: 4336 | Steps:  624 | Reward:  1910.87
Total T:  513002 | Ep: 4337 | Steps:  237 | Reward:   789.53
Total T:  513276 | Ep: 4338 | Steps:  274 | Reward:   905.16
Total T:  513520 | Ep: 4339 | Steps:  244 | Reward:   817.71
Total T:  513768 | Ep: 4340 | Steps:  248 | Reward:   830.26
Total T:  514004 | Ep: 4341 | Steps:  236 | Reward:   773.64
Total T:  514231 | Ep: 4342 | Steps:  227 | Reward:   757.35
Total T:  514462 | Ep: 4343 | Steps:  231 | Reward:   776.85
Total T:  514690 | Ep: 4344 | Steps:  228 | Reward:   694.24
Total T:  514925 | Ep: 4345 | Steps:  235 | Reward:   793.69
Total T:  515143 | Ep: 4346 | Steps:  218 | Reward:   717.90
Total T:  515473 | Ep: 4347 | Steps:  330 | Reward:  1052.76
Total T:  515818 | Ep: 4348 | Steps:  345 | Reward:  1105.67
Total T:  516045 | Ep: 4349 | Steps:  227 | Reward:   756.08
Total T:  516456 | Ep: 4350 | Steps:  411 | Reward:  1313.15
Total T:  516703 | Ep: 4351 | Steps:  247 | Reward:   822.15
Total T:  516924 | Ep: 4352 | Steps:  221 | Reward:   728.94
Total T:  517126 | Ep: 4353 | Steps:  202 | Reward:   675.96
Total T:  517324 | Ep: 4354 | Steps:  198 | Reward:   664.82
Total T:  517849 | Ep: 4355 | Steps:  525 | Reward:  1619.95
Total T:  518010 | Ep: 4356 | Steps:  161 | Reward:   420.36
Total T:  518244 | Ep: 4357 | Steps:  234 | Reward:   781.34
Total T:  518551 | Ep: 4358 | Steps:  307 | Reward:   966.88
Total T:  518814 | Ep: 4359 | Steps:  263 | Reward:   866.09
Total T:  519194 | Ep: 4360 | Steps:  380 | Reward:  1178.84
Total T:  519723 | Ep: 4361 | Steps:  529 | Reward:  1708.61
---------------------------------------
Evaluation over 10 episodes: 1150.272
---------------------------------------
Total T:  520012 | Ep: 4362 | Steps:  289 | Reward:   917.32
Total T:  520498 | Ep: 4363 | Steps:  486 | Reward:  1547.93
Total T:  520818 | Ep: 4364 | Steps:  320 | Reward:  1003.93
Total T:  521137 | Ep: 4365 | Steps:  319 | Reward:   988.10
Total T:  521485 | Ep: 4366 | Steps:  348 | Reward:  1112.29
Total T:  521820 | Ep: 4367 | Steps:  335 | Reward:  1075.96
Total T:  522029 | Ep: 4368 | Steps:  209 | Reward:   690.94
Total T:  522551 | Ep: 4369 | Steps:  522 | Reward:  1565.52
Total T:  522890 | Ep: 4370 | Steps:  339 | Reward:  1096.06
Total T:  523289 | Ep: 4371 | Steps:  399 | Reward:  1259.35
Total T:  523554 | Ep: 4372 | Steps:  265 | Reward:   733.99
Total T:  523918 | Ep: 4373 | Steps:  364 | Reward:  1139.85
Total T:  524267 | Ep: 4374 | Steps:  349 | Reward:  1108.34
Total T:  524534 | Ep: 4375 | Steps:  267 | Reward:   736.62
Total T:  524792 | Ep: 4376 | Steps:  258 | Reward:   840.11
Total T:  525016 | Ep: 4377 | Steps:  224 | Reward:   755.62
Total T:  525539 | Ep: 4378 | Steps:  523 | Reward:  1618.45
Total T:  525791 | Ep: 4379 | Steps:  252 | Reward:   826.86
Total T:  526756 | Ep: 4380 | Steps:  965 | Reward:  2999.46
Total T:  527306 | Ep: 4381 | Steps:  550 | Reward:  1734.56
Total T:  527731 | Ep: 4382 | Steps:  425 | Reward:  1233.58
Total T:  528031 | Ep: 4383 | Steps:  300 | Reward:   986.05
Total T:  528498 | Ep: 4384 | Steps:  467 | Reward:  1484.27
Total T:  529329 | Ep: 4385 | Steps:  831 | Reward:  2623.87
Total T:  529628 | Ep: 4386 | Steps:  299 | Reward:   949.55
Total T:  529888 | Ep: 4387 | Steps:  260 | Reward:   855.52
---------------------------------------
Evaluation over 10 episodes: 966.258
---------------------------------------
Total T:  530156 | Ep: 4388 | Steps:  268 | Reward:   904.91
Total T:  530408 | Ep: 4389 | Steps:  252 | Reward:   847.97
Total T:  530663 | Ep: 4390 | Steps:  255 | Reward:   852.14
Total T:  530888 | Ep: 4391 | Steps:  225 | Reward:   753.06
Total T:  531115 | Ep: 4392 | Steps:  227 | Reward:   756.26
Total T:  531349 | Ep: 4393 | Steps:  234 | Reward:   789.15
Total T:  531558 | Ep: 4394 | Steps:  209 | Reward:   681.92
Total T:  531882 | Ep: 4395 | Steps:  324 | Reward:  1068.95
Total T:  532090 | Ep: 4396 | Steps:  208 | Reward:   680.66
Total T:  532635 | Ep: 4397 | Steps:  545 | Reward:  1709.22
Total T:  532878 | Ep: 4398 | Steps:  243 | Reward:   808.08
Total T:  533090 | Ep: 4399 | Steps:  212 | Reward:   708.04
Total T:  533294 | Ep: 4400 | Steps:  204 | Reward:   676.31
Total T:  533499 | Ep: 4401 | Steps:  205 | Reward:   663.52
Total T:  533722 | Ep: 4402 | Steps:  223 | Reward:   734.07
Total T:  533961 | Ep: 4403 | Steps:  239 | Reward:   805.06
Total T:  534175 | Ep: 4404 | Steps:  214 | Reward:   696.89
Total T:  534411 | Ep: 4405 | Steps:  236 | Reward:   791.13
Total T:  534620 | Ep: 4406 | Steps:  209 | Reward:   683.90
Total T:  534836 | Ep: 4407 | Steps:  216 | Reward:   707.70
Total T:  535051 | Ep: 4408 | Steps:  215 | Reward:   703.82
Total T:  535262 | Ep: 4409 | Steps:  211 | Reward:   682.67
Total T:  535492 | Ep: 4410 | Steps:  230 | Reward:   765.17
Total T:  535706 | Ep: 4411 | Steps:  214 | Reward:   694.06
Total T:  535956 | Ep: 4412 | Steps:  250 | Reward:   836.49
Total T:  536272 | Ep: 4413 | Steps:  316 | Reward:  1041.39
Total T:  536515 | Ep: 4414 | Steps:  243 | Reward:   808.10
Total T:  536821 | Ep: 4415 | Steps:  306 | Reward:  1026.98
Total T:  537046 | Ep: 4416 | Steps:  225 | Reward:   749.40
Total T:  537255 | Ep: 4417 | Steps:  209 | Reward:   673.98
Total T:  537465 | Ep: 4418 | Steps:  210 | Reward:   683.97
Total T:  537764 | Ep: 4419 | Steps:  299 | Reward:  1001.42
Total T:  538183 | Ep: 4420 | Steps:  419 | Reward:  1363.67
Total T:  538432 | Ep: 4421 | Steps:  249 | Reward:   818.42
Total T:  538694 | Ep: 4422 | Steps:  262 | Reward:   869.09
Total T:  539186 | Ep: 4423 | Steps:  492 | Reward:  1548.77
Total T:  539678 | Ep: 4424 | Steps:  492 | Reward:  1550.68
Total T:  539937 | Ep: 4425 | Steps:  259 | Reward:   856.58
---------------------------------------
Evaluation over 10 episodes: 1946.474
---------------------------------------
Total T:  540255 | Ep: 4426 | Steps:  318 | Reward:  1056.34
Total T:  540819 | Ep: 4427 | Steps:  564 | Reward:  1797.43
Total T:  541037 | Ep: 4428 | Steps:  218 | Reward:   704.28
Total T:  541501 | Ep: 4429 | Steps:  464 | Reward:  1520.66
Total T:  541716 | Ep: 4430 | Steps:  215 | Reward:   703.45
Total T:  541965 | Ep: 4431 | Steps:  249 | Reward:   827.95
Total T:  542182 | Ep: 4432 | Steps:  217 | Reward:   710.37
Total T:  542422 | Ep: 4433 | Steps:  240 | Reward:   799.62
Total T:  542856 | Ep: 4434 | Steps:  434 | Reward:  1427.69
Total T:  543423 | Ep: 4435 | Steps:  567 | Reward:  1787.63
Total T:  543788 | Ep: 4436 | Steps:  365 | Reward:  1142.83
Total T:  544211 | Ep: 4437 | Steps:  423 | Reward:  1250.09
Total T:  544616 | Ep: 4438 | Steps:  405 | Reward:  1306.70
Total T:  545004 | Ep: 4439 | Steps:  388 | Reward:  1199.72
Total T:  545426 | Ep: 4440 | Steps:  422 | Reward:  1331.53
Total T:  545705 | Ep: 4441 | Steps:  279 | Reward:   942.89
Total T:  546075 | Ep: 4442 | Steps:  370 | Reward:  1194.50
Total T:  546289 | Ep: 4443 | Steps:  214 | Reward:   697.93
Total T:  546513 | Ep: 4444 | Steps:  224 | Reward:   746.00
Total T:  546749 | Ep: 4445 | Steps:  236 | Reward:   782.18
Total T:  547019 | Ep: 4446 | Steps:  270 | Reward:   918.32
Total T:  547251 | Ep: 4447 | Steps:  232 | Reward:   783.58
Total T:  547514 | Ep: 4448 | Steps:  263 | Reward:   884.03
Total T:  547766 | Ep: 4449 | Steps:  252 | Reward:   839.99
Total T:  548226 | Ep: 4450 | Steps:  460 | Reward:  1438.47
Total T:  548467 | Ep: 4451 | Steps:  241 | Reward:   812.07
Total T:  548717 | Ep: 4452 | Steps:  250 | Reward:   835.72
Total T:  548929 | Ep: 4453 | Steps:  212 | Reward:   690.62
Total T:  549142 | Ep: 4454 | Steps:  213 | Reward:   688.40
Total T:  549471 | Ep: 4455 | Steps:  329 | Reward:  1095.37
Total T:  549713 | Ep: 4456 | Steps:  242 | Reward:   805.59
---------------------------------------
Evaluation over 10 episodes: 1964.858
---------------------------------------
Total T:  550107 | Ep: 4457 | Steps:  394 | Reward:  1279.59
Total T:  550335 | Ep: 4458 | Steps:  228 | Reward:   754.82
Total T:  550699 | Ep: 4459 | Steps:  364 | Reward:  1167.19
Total T:  550943 | Ep: 4460 | Steps:  244 | Reward:   813.79
Total T:  551182 | Ep: 4461 | Steps:  239 | Reward:   787.61
Total T:  551477 | Ep: 4462 | Steps:  295 | Reward:   953.03
Total T:  551917 | Ep: 4463 | Steps:  440 | Reward:  1399.91
Total T:  552396 | Ep: 4464 | Steps:  479 | Reward:  1390.79
Total T:  552834 | Ep: 4465 | Steps:  438 | Reward:  1415.09
Total T:  553110 | Ep: 4466 | Steps:  276 | Reward:   918.62
Total T:  554001 | Ep: 4467 | Steps:  891 | Reward:  2748.79
Total T:  554710 | Ep: 4468 | Steps:  709 | Reward:  2159.22
Total T:  555710 | Ep: 4469 | Steps: 1000 | Reward:  3047.93
Total T:  555972 | Ep: 4470 | Steps:  262 | Reward:   871.83
Total T:  556245 | Ep: 4471 | Steps:  273 | Reward:   902.22
Total T:  557245 | Ep: 4472 | Steps: 1000 | Reward:  2972.68
Total T:  557517 | Ep: 4473 | Steps:  272 | Reward:   890.04
Total T:  557781 | Ep: 4474 | Steps:  264 | Reward:   869.71
Total T:  558020 | Ep: 4475 | Steps:  239 | Reward:   787.48
Total T:  558624 | Ep: 4476 | Steps:  604 | Reward:  1869.36
Total T:  559326 | Ep: 4477 | Steps:  702 | Reward:  2150.09
Total T:  559705 | Ep: 4478 | Steps:  379 | Reward:  1209.84
Total T:  559973 | Ep: 4479 | Steps:  268 | Reward:   874.10
---------------------------------------
Evaluation over 10 episodes: 3062.263
---------------------------------------
Total T:  560226 | Ep: 4480 | Steps:  253 | Reward:   835.17
Total T:  560503 | Ep: 4481 | Steps:  277 | Reward:   924.33
Total T:  560966 | Ep: 4482 | Steps:  463 | Reward:  1488.76
Total T:  561232 | Ep: 4483 | Steps:  266 | Reward:   865.71
Total T:  561546 | Ep: 4484 | Steps:  314 | Reward:  1024.05
Total T:  561927 | Ep: 4485 | Steps:  381 | Reward:  1189.65
Total T:  562264 | Ep: 4486 | Steps:  337 | Reward:  1047.08
Total T:  562552 | Ep: 4487 | Steps:  288 | Reward:   922.81
Total T:  563094 | Ep: 4488 | Steps:  542 | Reward:  1686.15
Total T:  563474 | Ep: 4489 | Steps:  380 | Reward:  1231.73
Total T:  564474 | Ep: 4490 | Steps: 1000 | Reward:  2937.64
Total T:  564945 | Ep: 4491 | Steps:  471 | Reward:  1442.26
Total T:  565329 | Ep: 4492 | Steps:  384 | Reward:  1192.52
Total T:  565618 | Ep: 4493 | Steps:  289 | Reward:   903.72
Total T:  566090 | Ep: 4494 | Steps:  472 | Reward:  1433.25
Total T:  566403 | Ep: 4495 | Steps:  313 | Reward:   940.60
Total T:  566750 | Ep: 4496 | Steps:  347 | Reward:  1036.17
Total T:  567511 | Ep: 4497 | Steps:  761 | Reward:  2387.02
Total T:  567786 | Ep: 4498 | Steps:  275 | Reward:   893.53
Total T:  568094 | Ep: 4499 | Steps:  308 | Reward:   941.60
Total T:  568919 | Ep: 4500 | Steps:  825 | Reward:  2502.26
Total T:  569402 | Ep: 4501 | Steps:  483 | Reward:  1498.38
Total T:  569903 | Ep: 4502 | Steps:  501 | Reward:  1565.00
---------------------------------------
Evaluation over 10 episodes: 2070.275
---------------------------------------
Total T:  570452 | Ep: 4503 | Steps:  549 | Reward:  1694.22
Total T:  570778 | Ep: 4504 | Steps:  326 | Reward:  1009.72
Total T:  571221 | Ep: 4505 | Steps:  443 | Reward:  1322.53
Total T:  571749 | Ep: 4506 | Steps:  528 | Reward:  1618.44
Total T:  572167 | Ep: 4507 | Steps:  418 | Reward:  1259.00
Total T:  572921 | Ep: 4508 | Steps:  754 | Reward:  2373.18
Total T:  573285 | Ep: 4509 | Steps:  364 | Reward:  1127.04
Total T:  573949 | Ep: 4510 | Steps:  664 | Reward:  1951.66
Total T:  574508 | Ep: 4511 | Steps:  559 | Reward:  1724.97
Total T:  575048 | Ep: 4512 | Steps:  540 | Reward:  1694.36
Total T:  575288 | Ep: 4513 | Steps:  240 | Reward:   661.54
Total T:  575868 | Ep: 4514 | Steps:  580 | Reward:  1711.14
Total T:  576868 | Ep: 4515 | Steps: 1000 | Reward:  2892.59
Total T:  577166 | Ep: 4516 | Steps:  298 | Reward:   936.64
Total T:  577692 | Ep: 4517 | Steps:  526 | Reward:  1633.81
Total T:  578692 | Ep: 4518 | Steps: 1000 | Reward:  2809.58
Total T:  579692 | Ep: 4519 | Steps: 1000 | Reward:  2688.53
---------------------------------------
Evaluation over 10 episodes: 2709.771
---------------------------------------
Total T:  580690 | Ep: 4520 | Steps:  998 | Reward:  2796.52
Total T:  581651 | Ep: 4521 | Steps:  961 | Reward:  2677.79
Total T:  582226 | Ep: 4522 | Steps:  575 | Reward:  1745.79
Total T:  582448 | Ep: 4523 | Steps:  222 | Reward:   748.92
Total T:  582681 | Ep: 4524 | Steps:  233 | Reward:   773.43
Total T:  582955 | Ep: 4525 | Steps:  274 | Reward:   752.04
Total T:  583218 | Ep: 4526 | Steps:  263 | Reward:   871.60
Total T:  583507 | Ep: 4527 | Steps:  289 | Reward:   926.34
Total T:  583815 | Ep: 4528 | Steps:  308 | Reward:  1044.54
Total T:  584680 | Ep: 4529 | Steps:  865 | Reward:  2590.68
Total T:  585127 | Ep: 4530 | Steps:  447 | Reward:  1229.60
Total T:  585445 | Ep: 4531 | Steps:  318 | Reward:  1064.60
Total T:  585685 | Ep: 4532 | Steps:  240 | Reward:   809.28
Total T:  585933 | Ep: 4533 | Steps:  248 | Reward:   840.30
Total T:  586152 | Ep: 4534 | Steps:  219 | Reward:   723.60
Total T:  586375 | Ep: 4535 | Steps:  223 | Reward:   756.14
Total T:  587164 | Ep: 4536 | Steps:  789 | Reward:  2365.11
Total T:  587850 | Ep: 4537 | Steps:  686 | Reward:  2097.96
Total T:  588077 | Ep: 4538 | Steps:  227 | Reward:   757.23
Total T:  588296 | Ep: 4539 | Steps:  219 | Reward:   733.74
Total T:  588513 | Ep: 4540 | Steps:  217 | Reward:   692.58
Total T:  588730 | Ep: 4541 | Steps:  217 | Reward:   732.33
Total T:  589179 | Ep: 4542 | Steps:  449 | Reward:  1445.81
Total T:  589399 | Ep: 4543 | Steps:  220 | Reward:   727.05
Total T:  589624 | Ep: 4544 | Steps:  225 | Reward:   760.00
Total T:  589855 | Ep: 4545 | Steps:  231 | Reward:   782.90
---------------------------------------
Evaluation over 10 episodes: 818.143
---------------------------------------
Total T:  590079 | Ep: 4546 | Steps:  224 | Reward:   745.10
Total T:  590294 | Ep: 4547 | Steps:  215 | Reward:   684.70
Total T:  590532 | Ep: 4548 | Steps:  238 | Reward:   816.48
Total T:  590747 | Ep: 4549 | Steps:  215 | Reward:   695.50
Total T:  590973 | Ep: 4550 | Steps:  226 | Reward:   729.43
Total T:  591209 | Ep: 4551 | Steps:  236 | Reward:   799.65
Total T:  591448 | Ep: 4552 | Steps:  239 | Reward:   811.00
Total T:  591662 | Ep: 4553 | Steps:  214 | Reward:   673.46
Total T:  591880 | Ep: 4554 | Steps:  218 | Reward:   694.84
Total T:  592164 | Ep: 4555 | Steps:  284 | Reward:   970.56
Total T:  592399 | Ep: 4556 | Steps:  235 | Reward:   807.96
Total T:  592642 | Ep: 4557 | Steps:  243 | Reward:   834.27
Total T:  592890 | Ep: 4558 | Steps:  248 | Reward:   852.83
Total T:  593117 | Ep: 4559 | Steps:  227 | Reward:   773.83
Total T:  593339 | Ep: 4560 | Steps:  222 | Reward:   747.40
Total T:  593575 | Ep: 4561 | Steps:  236 | Reward:   802.62
Total T:  593811 | Ep: 4562 | Steps:  236 | Reward:   800.44
Total T:  594034 | Ep: 4563 | Steps:  223 | Reward:   750.15
Total T:  594252 | Ep: 4564 | Steps:  218 | Reward:   723.92
Total T:  594531 | Ep: 4565 | Steps:  279 | Reward:   958.76
Total T:  594786 | Ep: 4566 | Steps:  255 | Reward:   879.48
Total T:  595019 | Ep: 4567 | Steps:  233 | Reward:   790.84
Total T:  595248 | Ep: 4568 | Steps:  229 | Reward:   789.21
Total T:  595488 | Ep: 4569 | Steps:  240 | Reward:   818.75
Total T:  595728 | Ep: 4570 | Steps:  240 | Reward:   814.60
Total T:  595955 | Ep: 4571 | Steps:  227 | Reward:   772.67
Total T:  596194 | Ep: 4572 | Steps:  239 | Reward:   823.13
Total T:  596404 | Ep: 4573 | Steps:  210 | Reward:   693.20
Total T:  596636 | Ep: 4574 | Steps:  232 | Reward:   780.94
Total T:  596866 | Ep: 4575 | Steps:  230 | Reward:   783.46
Total T:  597119 | Ep: 4576 | Steps:  253 | Reward:   858.31
Total T:  597341 | Ep: 4577 | Steps:  222 | Reward:   748.18
Total T:  597574 | Ep: 4578 | Steps:  233 | Reward:   790.71
Total T:  597828 | Ep: 4579 | Steps:  254 | Reward:   857.02
Total T:  598055 | Ep: 4580 | Steps:  227 | Reward:   770.51
Total T:  598265 | Ep: 4581 | Steps:  210 | Reward:   685.40
Total T:  598489 | Ep: 4582 | Steps:  224 | Reward:   758.87
Total T:  598722 | Ep: 4583 | Steps:  233 | Reward:   789.18
Total T:  598954 | Ep: 4584 | Steps:  232 | Reward:   803.70
Total T:  599171 | Ep: 4585 | Steps:  217 | Reward:   723.45
Total T:  599381 | Ep: 4586 | Steps:  210 | Reward:   692.13
Total T:  599608 | Ep: 4587 | Steps:  227 | Reward:   769.84
Total T:  599849 | Ep: 4588 | Steps:  241 | Reward:   814.24
---------------------------------------
Evaluation over 10 episodes: 915.702
---------------------------------------
Total T:  600077 | Ep: 4589 | Steps:  228 | Reward:   759.20
Total T:  600308 | Ep: 4590 | Steps:  231 | Reward:   770.55
Total T:  600548 | Ep: 4591 | Steps:  240 | Reward:   802.23
Total T:  600779 | Ep: 4592 | Steps:  231 | Reward:   771.04
Total T:  601007 | Ep: 4593 | Steps:  228 | Reward:   759.48
Total T:  601229 | Ep: 4594 | Steps:  222 | Reward:   733.16
Total T:  601452 | Ep: 4595 | Steps:  223 | Reward:   753.64
Total T:  601677 | Ep: 4596 | Steps:  225 | Reward:   757.50
Total T:  601897 | Ep: 4597 | Steps:  220 | Reward:   730.44
Total T:  602167 | Ep: 4598 | Steps:  270 | Reward:   928.82
Total T:  602413 | Ep: 4599 | Steps:  246 | Reward:   837.14
Total T:  602681 | Ep: 4600 | Steps:  268 | Reward:   920.92
Total T:  602940 | Ep: 4601 | Steps:  259 | Reward:   882.70
Total T:  603181 | Ep: 4602 | Steps:  241 | Reward:   813.97
Total T:  603409 | Ep: 4603 | Steps:  228 | Reward:   745.17
Total T:  603668 | Ep: 4604 | Steps:  259 | Reward:   885.12
Total T:  603898 | Ep: 4605 | Steps:  230 | Reward:   765.72
Total T:  604130 | Ep: 4606 | Steps:  232 | Reward:   771.46
Total T:  604358 | Ep: 4607 | Steps:  228 | Reward:   759.69
Total T:  604587 | Ep: 4608 | Steps:  229 | Reward:   766.91
Total T:  604814 | Ep: 4609 | Steps:  227 | Reward:   759.59
Total T:  605044 | Ep: 4610 | Steps:  230 | Reward:   778.18
Total T:  605279 | Ep: 4611 | Steps:  235 | Reward:   791.24
Total T:  605518 | Ep: 4612 | Steps:  239 | Reward:   802.38
Total T:  605739 | Ep: 4613 | Steps:  221 | Reward:   737.67
Total T:  605982 | Ep: 4614 | Steps:  243 | Reward:   814.47
Total T:  606199 | Ep: 4615 | Steps:  217 | Reward:   689.09
Total T:  606422 | Ep: 4616 | Steps:  223 | Reward:   737.81
Total T:  606624 | Ep: 4617 | Steps:  202 | Reward:   649.48
Total T:  606855 | Ep: 4618 | Steps:  231 | Reward:   768.12
Total T:  607080 | Ep: 4619 | Steps:  225 | Reward:   740.47
Total T:  607295 | Ep: 4620 | Steps:  215 | Reward:   705.68
Total T:  607534 | Ep: 4621 | Steps:  239 | Reward:   788.89
Total T:  607757 | Ep: 4622 | Steps:  223 | Reward:   723.50
Total T:  607953 | Ep: 4623 | Steps:  196 | Reward:   637.82
Total T:  608185 | Ep: 4624 | Steps:  232 | Reward:   770.42
Total T:  608414 | Ep: 4625 | Steps:  229 | Reward:   751.45
Total T:  608646 | Ep: 4626 | Steps:  232 | Reward:   788.19
Total T:  608878 | Ep: 4627 | Steps:  232 | Reward:   785.94
Total T:  609099 | Ep: 4628 | Steps:  221 | Reward:   740.62
Total T:  609324 | Ep: 4629 | Steps:  225 | Reward:   745.77
Total T:  609527 | Ep: 4630 | Steps:  203 | Reward:   677.75
Total T:  609758 | Ep: 4631 | Steps:  231 | Reward:   777.52
Total T:  609980 | Ep: 4632 | Steps:  222 | Reward:   739.19
---------------------------------------
Evaluation over 10 episodes: 793.228
---------------------------------------
Total T:  610206 | Ep: 4633 | Steps:  226 | Reward:   758.43
Total T:  610404 | Ep: 4634 | Steps:  198 | Reward:   642.67
Total T:  610614 | Ep: 4635 | Steps:  210 | Reward:   696.24
Total T:  610837 | Ep: 4636 | Steps:  223 | Reward:   748.47
Total T:  611072 | Ep: 4637 | Steps:  235 | Reward:   787.52
Total T:  611301 | Ep: 4638 | Steps:  229 | Reward:   770.81
Total T:  611525 | Ep: 4639 | Steps:  224 | Reward:   748.24
Total T:  611745 | Ep: 4640 | Steps:  220 | Reward:   733.47
Total T:  611981 | Ep: 4641 | Steps:  236 | Reward:   800.11
Total T:  612209 | Ep: 4642 | Steps:  228 | Reward:   768.16
Total T:  612408 | Ep: 4643 | Steps:  199 | Reward:   657.00
Total T:  612618 | Ep: 4644 | Steps:  210 | Reward:   695.93
Total T:  612863 | Ep: 4645 | Steps:  245 | Reward:   817.84
Total T:  613085 | Ep: 4646 | Steps:  222 | Reward:   740.55
Total T:  613311 | Ep: 4647 | Steps:  226 | Reward:   747.13
Total T:  613537 | Ep: 4648 | Steps:  226 | Reward:   762.56
Total T:  613738 | Ep: 4649 | Steps:  201 | Reward:   660.98
Total T:  613954 | Ep: 4650 | Steps:  216 | Reward:   704.37
Total T:  614173 | Ep: 4651 | Steps:  219 | Reward:   728.58
Total T:  614387 | Ep: 4652 | Steps:  214 | Reward:   717.41
Total T:  614608 | Ep: 4653 | Steps:  221 | Reward:   739.39
Total T:  614823 | Ep: 4654 | Steps:  215 | Reward:   722.41
Total T:  615035 | Ep: 4655 | Steps:  212 | Reward:   694.97
Total T:  615245 | Ep: 4656 | Steps:  210 | Reward:   682.66
Total T:  615461 | Ep: 4657 | Steps:  216 | Reward:   713.07
Total T:  615675 | Ep: 4658 | Steps:  214 | Reward:   698.13
Total T:  615892 | Ep: 4659 | Steps:  217 | Reward:   703.23
Total T:  616112 | Ep: 4660 | Steps:  220 | Reward:   741.13
Total T:  616345 | Ep: 4661 | Steps:  233 | Reward:   795.31
Total T:  616576 | Ep: 4662 | Steps:  231 | Reward:   777.26
Total T:  616797 | Ep: 4663 | Steps:  221 | Reward:   728.18
Total T:  617010 | Ep: 4664 | Steps:  213 | Reward:   700.69
Total T:  617231 | Ep: 4665 | Steps:  221 | Reward:   728.95
Total T:  617450 | Ep: 4666 | Steps:  219 | Reward:   732.06
Total T:  617661 | Ep: 4667 | Steps:  211 | Reward:   693.43
Total T:  617883 | Ep: 4668 | Steps:  222 | Reward:   746.09
Total T:  618093 | Ep: 4669 | Steps:  210 | Reward:   689.98
Total T:  618320 | Ep: 4670 | Steps:  227 | Reward:   760.99
Total T:  618545 | Ep: 4671 | Steps:  225 | Reward:   742.67
Total T:  618810 | Ep: 4672 | Steps:  265 | Reward:   894.60
Total T:  619029 | Ep: 4673 | Steps:  219 | Reward:   741.66
Total T:  619292 | Ep: 4674 | Steps:  263 | Reward:   909.57
Total T:  619499 | Ep: 4675 | Steps:  207 | Reward:   689.14
Total T:  619733 | Ep: 4676 | Steps:  234 | Reward:   783.32
Total T:  619958 | Ep: 4677 | Steps:  225 | Reward:   746.13
---------------------------------------
Evaluation over 10 episodes: 940.908
---------------------------------------
Total T:  620246 | Ep: 4678 | Steps:  288 | Reward:   960.98
Total T:  620458 | Ep: 4679 | Steps:  212 | Reward:   710.03
Total T:  620674 | Ep: 4680 | Steps:  216 | Reward:   707.21
Total T:  620889 | Ep: 4681 | Steps:  215 | Reward:   733.84
Total T:  621110 | Ep: 4682 | Steps:  221 | Reward:   738.50
Total T:  621318 | Ep: 4683 | Steps:  208 | Reward:   698.10
Total T:  621537 | Ep: 4684 | Steps:  219 | Reward:   721.04
Total T:  621749 | Ep: 4685 | Steps:  212 | Reward:   718.31
Total T:  621970 | Ep: 4686 | Steps:  221 | Reward:   732.93
Total T:  622190 | Ep: 4687 | Steps:  220 | Reward:   739.75
Total T:  622410 | Ep: 4688 | Steps:  220 | Reward:   739.06
Total T:  622623 | Ep: 4689 | Steps:  213 | Reward:   706.98
Total T:  622843 | Ep: 4690 | Steps:  220 | Reward:   732.55
Total T:  623057 | Ep: 4691 | Steps:  214 | Reward:   707.71
Total T:  623276 | Ep: 4692 | Steps:  219 | Reward:   727.75
Total T:  623486 | Ep: 4693 | Steps:  210 | Reward:   697.85
Total T:  623687 | Ep: 4694 | Steps:  201 | Reward:   676.01
Total T:  623904 | Ep: 4695 | Steps:  217 | Reward:   715.32
Total T:  624141 | Ep: 4696 | Steps:  237 | Reward:   790.37
Total T:  624342 | Ep: 4697 | Steps:  201 | Reward:   661.42
Total T:  624565 | Ep: 4698 | Steps:  223 | Reward:   740.53
Total T:  624831 | Ep: 4699 | Steps:  266 | Reward:   911.86
Total T:  625059 | Ep: 4700 | Steps:  228 | Reward:   762.17
Total T:  625268 | Ep: 4701 | Steps:  209 | Reward:   685.45
Total T:  625501 | Ep: 4702 | Steps:  233 | Reward:   780.08
Total T:  625719 | Ep: 4703 | Steps:  218 | Reward:   738.11
Total T:  625942 | Ep: 4704 | Steps:  223 | Reward:   744.68
Total T:  626164 | Ep: 4705 | Steps:  222 | Reward:   742.71
Total T:  626383 | Ep: 4706 | Steps:  219 | Reward:   741.53
Total T:  626603 | Ep: 4707 | Steps:  220 | Reward:   728.23
Total T:  626828 | Ep: 4708 | Steps:  225 | Reward:   759.46
Total T:  627041 | Ep: 4709 | Steps:  213 | Reward:   723.62
Total T:  627256 | Ep: 4710 | Steps:  215 | Reward:   744.23
Total T:  627457 | Ep: 4711 | Steps:  201 | Reward:   649.57
Total T:  627676 | Ep: 4712 | Steps:  219 | Reward:   727.89
Total T:  627894 | Ep: 4713 | Steps:  218 | Reward:   723.61
Total T:  628106 | Ep: 4714 | Steps:  212 | Reward:   699.90
Total T:  628336 | Ep: 4715 | Steps:  230 | Reward:   780.93
Total T:  628555 | Ep: 4716 | Steps:  219 | Reward:   739.31
Total T:  628769 | Ep: 4717 | Steps:  214 | Reward:   735.14
Total T:  628986 | Ep: 4718 | Steps:  217 | Reward:   729.52
Total T:  629185 | Ep: 4719 | Steps:  199 | Reward:   658.11
Total T:  629398 | Ep: 4720 | Steps:  213 | Reward:   713.75
Total T:  629625 | Ep: 4721 | Steps:  227 | Reward:   776.71
Total T:  629843 | Ep: 4722 | Steps:  218 | Reward:   749.91
---------------------------------------
Evaluation over 10 episodes: 756.139
---------------------------------------
Total T:  630071 | Ep: 4723 | Steps:  228 | Reward:   777.63
Total T:  630295 | Ep: 4724 | Steps:  224 | Reward:   762.33
Total T:  630507 | Ep: 4725 | Steps:  212 | Reward:   708.82
Total T:  630722 | Ep: 4726 | Steps:  215 | Reward:   724.08
Total T:  630931 | Ep: 4727 | Steps:  209 | Reward:   697.78
Total T:  631154 | Ep: 4728 | Steps:  223 | Reward:   739.22
Total T:  631363 | Ep: 4729 | Steps:  209 | Reward:   703.42
Total T:  631585 | Ep: 4730 | Steps:  222 | Reward:   744.51
Total T:  631797 | Ep: 4731 | Steps:  212 | Reward:   720.30
Total T:  632010 | Ep: 4732 | Steps:  213 | Reward:   717.38
Total T:  632226 | Ep: 4733 | Steps:  216 | Reward:   700.27
Total T:  632439 | Ep: 4734 | Steps:  213 | Reward:   719.06
Total T:  632662 | Ep: 4735 | Steps:  223 | Reward:   747.49
Total T:  632884 | Ep: 4736 | Steps:  222 | Reward:   738.43
Total T:  633108 | Ep: 4737 | Steps:  224 | Reward:   759.59
Total T:  633308 | Ep: 4738 | Steps:  200 | Reward:   659.08
Total T:  633533 | Ep: 4739 | Steps:  225 | Reward:   760.32
Total T:  633764 | Ep: 4740 | Steps:  231 | Reward:   779.98
Total T:  633982 | Ep: 4741 | Steps:  218 | Reward:   723.31
Total T:  634197 | Ep: 4742 | Steps:  215 | Reward:   731.30
Total T:  634426 | Ep: 4743 | Steps:  229 | Reward:   777.23
Total T:  634677 | Ep: 4744 | Steps:  251 | Reward:   846.10
Total T:  634901 | Ep: 4745 | Steps:  224 | Reward:   752.40
Total T:  635138 | Ep: 4746 | Steps:  237 | Reward:   788.58
Total T:  635352 | Ep: 4747 | Steps:  214 | Reward:   704.81
Total T:  635561 | Ep: 4748 | Steps:  209 | Reward:   699.14
Total T:  635794 | Ep: 4749 | Steps:  233 | Reward:   793.66
Total T:  636005 | Ep: 4750 | Steps:  211 | Reward:   700.31
Total T:  636220 | Ep: 4751 | Steps:  215 | Reward:   722.18
Total T:  636459 | Ep: 4752 | Steps:  239 | Reward:   809.82
Total T:  636684 | Ep: 4753 | Steps:  225 | Reward:   743.93
Total T:  636917 | Ep: 4754 | Steps:  233 | Reward:   779.20
Total T:  637177 | Ep: 4755 | Steps:  260 | Reward:   885.35
Total T:  637411 | Ep: 4756 | Steps:  234 | Reward:   790.64
Total T:  637624 | Ep: 4757 | Steps:  213 | Reward:   726.31
Total T:  637834 | Ep: 4758 | Steps:  210 | Reward:   696.36
Total T:  638045 | Ep: 4759 | Steps:  211 | Reward:   704.63
Total T:  638258 | Ep: 4760 | Steps:  213 | Reward:   715.32
Total T:  638466 | Ep: 4761 | Steps:  208 | Reward:   695.14
Total T:  638699 | Ep: 4762 | Steps:  233 | Reward:   783.20
Total T:  638932 | Ep: 4763 | Steps:  233 | Reward:   780.16
Total T:  639145 | Ep: 4764 | Steps:  213 | Reward:   707.12
Total T:  639378 | Ep: 4765 | Steps:  233 | Reward:   790.28
Total T:  639579 | Ep: 4766 | Steps:  201 | Reward:   670.20
Total T:  639789 | Ep: 4767 | Steps:  210 | Reward:   717.27
---------------------------------------
Evaluation over 10 episodes: 780.022
---------------------------------------
Total T:  640013 | Ep: 4768 | Steps:  224 | Reward:   755.12
Total T:  640225 | Ep: 4769 | Steps:  212 | Reward:   703.72
Total T:  640445 | Ep: 4770 | Steps:  220 | Reward:   732.26
Total T:  640650 | Ep: 4771 | Steps:  205 | Reward:   679.64
Total T:  640877 | Ep: 4772 | Steps:  227 | Reward:   778.39
Total T:  641101 | Ep: 4773 | Steps:  224 | Reward:   745.27
Total T:  641320 | Ep: 4774 | Steps:  219 | Reward:   737.96
Total T:  641587 | Ep: 4775 | Steps:  267 | Reward:   902.98
Total T:  641816 | Ep: 4776 | Steps:  229 | Reward:   775.12
Total T:  642044 | Ep: 4777 | Steps:  228 | Reward:   781.29
Total T:  642250 | Ep: 4778 | Steps:  206 | Reward:   687.05
Total T:  642527 | Ep: 4779 | Steps:  277 | Reward:   910.29
Total T:  642742 | Ep: 4780 | Steps:  215 | Reward:   718.45
Total T:  642955 | Ep: 4781 | Steps:  213 | Reward:   704.03
Total T:  643171 | Ep: 4782 | Steps:  216 | Reward:   714.07
Total T:  643388 | Ep: 4783 | Steps:  217 | Reward:   732.70
Total T:  643603 | Ep: 4784 | Steps:  215 | Reward:   708.69
Total T:  643830 | Ep: 4785 | Steps:  227 | Reward:   775.53
Total T:  644052 | Ep: 4786 | Steps:  222 | Reward:   755.55
Total T:  644288 | Ep: 4787 | Steps:  236 | Reward:   798.94
Total T:  644507 | Ep: 4788 | Steps:  219 | Reward:   742.07
Total T:  644729 | Ep: 4789 | Steps:  222 | Reward:   765.35
Total T:  644948 | Ep: 4790 | Steps:  219 | Reward:   740.16
Total T:  645165 | Ep: 4791 | Steps:  217 | Reward:   741.05
Total T:  645378 | Ep: 4792 | Steps:  213 | Reward:   705.27
Total T:  645604 | Ep: 4793 | Steps:  226 | Reward:   770.41
Total T:  645828 | Ep: 4794 | Steps:  224 | Reward:   761.02
Total T:  646059 | Ep: 4795 | Steps:  231 | Reward:   779.37
Total T:  646273 | Ep: 4796 | Steps:  214 | Reward:   704.19
Total T:  646507 | Ep: 4797 | Steps:  234 | Reward:   795.75
Total T:  646730 | Ep: 4798 | Steps:  223 | Reward:   756.68
Total T:  646963 | Ep: 4799 | Steps:  233 | Reward:   806.17
Total T:  647207 | Ep: 4800 | Steps:  244 | Reward:   825.86
Total T:  647442 | Ep: 4801 | Steps:  235 | Reward:   806.06
Total T:  647665 | Ep: 4802 | Steps:  223 | Reward:   761.71
Total T:  647892 | Ep: 4803 | Steps:  227 | Reward:   785.68
Total T:  648130 | Ep: 4804 | Steps:  238 | Reward:   837.49
Total T:  648358 | Ep: 4805 | Steps:  228 | Reward:   782.60
Total T:  648582 | Ep: 4806 | Steps:  224 | Reward:   753.87
Total T:  648798 | Ep: 4807 | Steps:  216 | Reward:   709.92
Total T:  649025 | Ep: 4808 | Steps:  227 | Reward:   774.39
Total T:  649238 | Ep: 4809 | Steps:  213 | Reward:   713.55
Total T:  649467 | Ep: 4810 | Steps:  229 | Reward:   786.75
Total T:  649690 | Ep: 4811 | Steps:  223 | Reward:   771.66
Total T:  649930 | Ep: 4812 | Steps:  240 | Reward:   815.51
---------------------------------------
Evaluation over 10 episodes: 811.292
---------------------------------------
Total T:  650160 | Ep: 4813 | Steps:  230 | Reward:   794.00
Total T:  650389 | Ep: 4814 | Steps:  229 | Reward:   795.62
Total T:  650650 | Ep: 4815 | Steps:  261 | Reward:   876.07
Total T:  650875 | Ep: 4816 | Steps:  225 | Reward:   756.27
Total T:  651110 | Ep: 4817 | Steps:  235 | Reward:   804.28
Total T:  651339 | Ep: 4818 | Steps:  229 | Reward:   789.75
Total T:  651566 | Ep: 4819 | Steps:  227 | Reward:   779.19
Total T:  651942 | Ep: 4820 | Steps:  376 | Reward:  1210.12
Total T:  652172 | Ep: 4821 | Steps:  230 | Reward:   784.81
Total T:  652400 | Ep: 4822 | Steps:  228 | Reward:   788.71
Total T:  652643 | Ep: 4823 | Steps:  243 | Reward:   819.59
Total T:  652871 | Ep: 4824 | Steps:  228 | Reward:   791.41
Total T:  653094 | Ep: 4825 | Steps:  223 | Reward:   754.83
Total T:  653320 | Ep: 4826 | Steps:  226 | Reward:   783.18
Total T:  653542 | Ep: 4827 | Steps:  222 | Reward:   744.14
Total T:  653785 | Ep: 4828 | Steps:  243 | Reward:   823.97
Total T:  654014 | Ep: 4829 | Steps:  229 | Reward:   775.58
Total T:  654277 | Ep: 4830 | Steps:  263 | Reward:   897.74
Total T:  654503 | Ep: 4831 | Steps:  226 | Reward:   779.42
Total T:  654734 | Ep: 4832 | Steps:  231 | Reward:   791.84
Total T:  654957 | Ep: 4833 | Steps:  223 | Reward:   779.91
Total T:  655181 | Ep: 4834 | Steps:  224 | Reward:   757.58
Total T:  655409 | Ep: 4835 | Steps:  228 | Reward:   769.74
Total T:  655629 | Ep: 4836 | Steps:  220 | Reward:   744.18
Total T:  655853 | Ep: 4837 | Steps:  224 | Reward:   768.20
Total T:  656079 | Ep: 4838 | Steps:  226 | Reward:   779.35
Total T:  656304 | Ep: 4839 | Steps:  225 | Reward:   768.83
Total T:  656542 | Ep: 4840 | Steps:  238 | Reward:   818.23
Total T:  656768 | Ep: 4841 | Steps:  226 | Reward:   769.02
Total T:  657009 | Ep: 4842 | Steps:  241 | Reward:   823.20
Total T:  657243 | Ep: 4843 | Steps:  234 | Reward:   795.36
Total T:  657473 | Ep: 4844 | Steps:  230 | Reward:   775.05
Total T:  657700 | Ep: 4845 | Steps:  227 | Reward:   768.08
Total T:  657930 | Ep: 4846 | Steps:  230 | Reward:   779.09
Total T:  658156 | Ep: 4847 | Steps:  226 | Reward:   759.98
Total T:  658394 | Ep: 4848 | Steps:  238 | Reward:   814.64
Total T:  658616 | Ep: 4849 | Steps:  222 | Reward:   748.15
Total T:  658839 | Ep: 4850 | Steps:  223 | Reward:   745.92
Total T:  659059 | Ep: 4851 | Steps:  220 | Reward:   730.00
Total T:  659282 | Ep: 4852 | Steps:  223 | Reward:   762.07
Total T:  659511 | Ep: 4853 | Steps:  229 | Reward:   794.40
Total T:  659744 | Ep: 4854 | Steps:  233 | Reward:   806.43
Total T:  659984 | Ep: 4855 | Steps:  240 | Reward:   824.40
---------------------------------------
Evaluation over 10 episodes: 852.067
---------------------------------------
Total T:  660209 | Ep: 4856 | Steps:  225 | Reward:   766.28
Total T:  660447 | Ep: 4857 | Steps:  238 | Reward:   800.13
Total T:  660684 | Ep: 4858 | Steps:  237 | Reward:   798.86
Total T:  660917 | Ep: 4859 | Steps:  233 | Reward:   817.86
Total T:  661154 | Ep: 4860 | Steps:  237 | Reward:   800.15
Total T:  661367 | Ep: 4861 | Steps:  213 | Reward:   712.60
Total T:  661587 | Ep: 4862 | Steps:  220 | Reward:   744.91
Total T:  661879 | Ep: 4863 | Steps:  292 | Reward:   971.03
Total T:  662100 | Ep: 4864 | Steps:  221 | Reward:   746.33
Total T:  662314 | Ep: 4865 | Steps:  214 | Reward:   700.87
Total T:  662543 | Ep: 4866 | Steps:  229 | Reward:   791.84
Total T:  662796 | Ep: 4867 | Steps:  253 | Reward:   864.31
Total T:  663100 | Ep: 4868 | Steps:  304 | Reward:  1035.06
Total T:  663320 | Ep: 4869 | Steps:  220 | Reward:   742.79
Total T:  663566 | Ep: 4870 | Steps:  246 | Reward:   836.20
Total T:  663850 | Ep: 4871 | Steps:  284 | Reward:   935.19
Total T:  664070 | Ep: 4872 | Steps:  220 | Reward:   739.95
Total T:  664287 | Ep: 4873 | Steps:  217 | Reward:   729.98
Total T:  664513 | Ep: 4874 | Steps:  226 | Reward:   770.02
Total T:  664768 | Ep: 4875 | Steps:  255 | Reward:   858.48
Total T:  664988 | Ep: 4876 | Steps:  220 | Reward:   750.40
Total T:  665246 | Ep: 4877 | Steps:  258 | Reward:   858.24
Total T:  665499 | Ep: 4878 | Steps:  253 | Reward:   847.39
Total T:  665739 | Ep: 4879 | Steps:  240 | Reward:   820.36
Total T:  665995 | Ep: 4880 | Steps:  256 | Reward:   854.30
Total T:  666246 | Ep: 4881 | Steps:  251 | Reward:   843.65
Total T:  666593 | Ep: 4882 | Steps:  347 | Reward:  1161.06
Total T:  666828 | Ep: 4883 | Steps:  235 | Reward:   811.69
Total T:  667040 | Ep: 4884 | Steps:  212 | Reward:   700.83
Total T:  667262 | Ep: 4885 | Steps:  222 | Reward:   767.50
Total T:  667509 | Ep: 4886 | Steps:  247 | Reward:   840.77
Total T:  667750 | Ep: 4887 | Steps:  241 | Reward:   826.70
Total T:  667996 | Ep: 4888 | Steps:  246 | Reward:   865.85
Total T:  668237 | Ep: 4889 | Steps:  241 | Reward:   846.51
Total T:  668833 | Ep: 4890 | Steps:  596 | Reward:  1914.92
Total T:  669092 | Ep: 4891 | Steps:  259 | Reward:   865.10
Total T:  669369 | Ep: 4892 | Steps:  277 | Reward:   927.62
Total T:  669666 | Ep: 4893 | Steps:  297 | Reward:  1023.94
Total T:  669912 | Ep: 4894 | Steps:  246 | Reward:   817.34
---------------------------------------
Evaluation over 10 episodes: 2134.398
---------------------------------------
Total T:  670691 | Ep: 4895 | Steps:  779 | Reward:  2429.50
Total T:  671480 | Ep: 4896 | Steps:  789 | Reward:  2495.40
Total T:  671719 | Ep: 4897 | Steps:  239 | Reward:   844.54
Total T:  671933 | Ep: 4898 | Steps:  214 | Reward:   718.59
Total T:  672171 | Ep: 4899 | Steps:  238 | Reward:   834.79
Total T:  672409 | Ep: 4900 | Steps:  238 | Reward:   833.41
Total T:  672675 | Ep: 4901 | Steps:  266 | Reward:   918.45
Total T:  673086 | Ep: 4902 | Steps:  411 | Reward:  1377.73
Total T:  673316 | Ep: 4903 | Steps:  230 | Reward:   795.66
Total T:  673588 | Ep: 4904 | Steps:  272 | Reward:   917.14
Total T:  674433 | Ep: 4905 | Steps:  845 | Reward:  2602.23
Total T:  674668 | Ep: 4906 | Steps:  235 | Reward:   822.13
Total T:  675556 | Ep: 4907 | Steps:  888 | Reward:  2851.54
Total T:  675816 | Ep: 4908 | Steps:  260 | Reward:   870.27
Total T:  676436 | Ep: 4909 | Steps:  620 | Reward:  1999.58
Total T:  676772 | Ep: 4910 | Steps:  336 | Reward:  1110.12
Total T:  677002 | Ep: 4911 | Steps:  230 | Reward:   808.00
Total T:  677217 | Ep: 4912 | Steps:  215 | Reward:   720.16
Total T:  677456 | Ep: 4913 | Steps:  239 | Reward:   837.91
Total T:  678272 | Ep: 4914 | Steps:  816 | Reward:  2611.96
Total T:  678546 | Ep: 4915 | Steps:  274 | Reward:   921.29
Total T:  679029 | Ep: 4916 | Steps:  483 | Reward:  1539.22
Total T:  679598 | Ep: 4917 | Steps:  569 | Reward:  1866.14
Total T:  679848 | Ep: 4918 | Steps:  250 | Reward:   868.25
---------------------------------------
Evaluation over 10 episodes: 2092.445
---------------------------------------
Total T:  680471 | Ep: 4919 | Steps:  623 | Reward:  2021.86
Total T:  680707 | Ep: 4920 | Steps:  236 | Reward:   815.22
Total T:  680993 | Ep: 4921 | Steps:  286 | Reward:   940.36
Total T:  681242 | Ep: 4922 | Steps:  249 | Reward:   868.14
Total T:  681529 | Ep: 4923 | Steps:  287 | Reward:   941.22
Total T:  681741 | Ep: 4924 | Steps:  212 | Reward:   569.89
Total T:  682105 | Ep: 4925 | Steps:  364 | Reward:  1198.82
Total T:  682804 | Ep: 4926 | Steps:  699 | Reward:  2102.15
Total T:  683514 | Ep: 4927 | Steps:  710 | Reward:  2227.75
Total T:  683785 | Ep: 4928 | Steps:  271 | Reward:   905.49
Total T:  684228 | Ep: 4929 | Steps:  443 | Reward:  1434.16
Total T:  684503 | Ep: 4930 | Steps:  275 | Reward:   911.01
Total T:  684739 | Ep: 4931 | Steps:  236 | Reward:   811.48
Total T:  685389 | Ep: 4932 | Steps:  650 | Reward:  2052.60
Total T:  686082 | Ep: 4933 | Steps:  693 | Reward:  2236.96
Total T:  686793 | Ep: 4934 | Steps:  711 | Reward:  1996.06
Total T:  687040 | Ep: 4935 | Steps:  247 | Reward:   842.12
Total T:  687312 | Ep: 4936 | Steps:  272 | Reward:   916.73
Total T:  687681 | Ep: 4937 | Steps:  369 | Reward:  1141.58
Total T:  688128 | Ep: 4938 | Steps:  447 | Reward:  1426.74
Total T:  688452 | Ep: 4939 | Steps:  324 | Reward:  1097.04
Total T:  688727 | Ep: 4940 | Steps:  275 | Reward:   928.90
Total T:  689015 | Ep: 4941 | Steps:  288 | Reward:   925.84
Total T:  689271 | Ep: 4942 | Steps:  256 | Reward:   876.12
Total T:  689634 | Ep: 4943 | Steps:  363 | Reward:  1138.69
Total T:  689905 | Ep: 4944 | Steps:  271 | Reward:   914.76
---------------------------------------
Evaluation over 10 episodes: 1824.061
---------------------------------------
Total T:  690156 | Ep: 4945 | Steps:  251 | Reward:   830.70
Total T:  690414 | Ep: 4946 | Steps:  258 | Reward:   867.92
Total T:  690659 | Ep: 4947 | Steps:  245 | Reward:   846.11
Total T:  690950 | Ep: 4948 | Steps:  291 | Reward:   961.37
Total T:  691217 | Ep: 4949 | Steps:  267 | Reward:   899.84
Total T:  691664 | Ep: 4950 | Steps:  447 | Reward:  1477.50
Total T:  692215 | Ep: 4951 | Steps:  551 | Reward:  1766.15
Total T:  693121 | Ep: 4952 | Steps:  906 | Reward:  2873.08
Total T:  693439 | Ep: 4953 | Steps:  318 | Reward:  1077.00
Total T:  693891 | Ep: 4954 | Steps:  452 | Reward:  1454.48
Total T:  694372 | Ep: 4955 | Steps:  481 | Reward:  1612.81
Total T:  694681 | Ep: 4956 | Steps:  309 | Reward:  1068.73
Total T:  695425 | Ep: 4957 | Steps:  744 | Reward:  2333.41
Total T:  695750 | Ep: 4958 | Steps:  325 | Reward:  1078.76
Total T:  696750 | Ep: 4959 | Steps: 1000 | Reward:  3091.71
Total T:  697750 | Ep: 4960 | Steps: 1000 | Reward:  3126.74
Total T:  698750 | Ep: 4961 | Steps: 1000 | Reward:  2838.84
Total T:  698998 | Ep: 4962 | Steps:  248 | Reward:   846.10
Total T:  699251 | Ep: 4963 | Steps:  253 | Reward:   874.25
Total T:  699807 | Ep: 4964 | Steps:  556 | Reward:  1801.83
---------------------------------------
Evaluation over 10 episodes: 1555.339
---------------------------------------
Total T:  700158 | Ep: 4965 | Steps:  351 | Reward:  1208.47
Total T:  700423 | Ep: 4966 | Steps:  265 | Reward:   915.86
Total T:  700772 | Ep: 4967 | Steps:  349 | Reward:  1185.84
Total T:  701026 | Ep: 4968 | Steps:  254 | Reward:   880.36
Total T:  701277 | Ep: 4969 | Steps:  251 | Reward:   867.37
Total T:  701893 | Ep: 4970 | Steps:  616 | Reward:  1885.18
Total T:  702595 | Ep: 4971 | Steps:  702 | Reward:  2316.28
Total T:  702841 | Ep: 4972 | Steps:  246 | Reward:   841.45
Total T:  703378 | Ep: 4973 | Steps:  537 | Reward:  1717.02
Total T:  703598 | Ep: 4974 | Steps:  220 | Reward:   759.56
Total T:  703834 | Ep: 4975 | Steps:  236 | Reward:   799.25
Total T:  704834 | Ep: 4976 | Steps: 1000 | Reward:  3039.68
Total T:  705077 | Ep: 4977 | Steps:  243 | Reward:   818.23
Total T:  705313 | Ep: 4978 | Steps:  236 | Reward:   795.20
Total T:  705578 | Ep: 4979 | Steps:  265 | Reward:   917.96
Total T:  705853 | Ep: 4980 | Steps:  275 | Reward:   947.31
Total T:  706099 | Ep: 4981 | Steps:  246 | Reward:   841.77
Total T:  706374 | Ep: 4982 | Steps:  275 | Reward:   946.46
Total T:  706695 | Ep: 4983 | Steps:  321 | Reward:  1122.57
Total T:  706969 | Ep: 4984 | Steps:  274 | Reward:   935.53
Total T:  707532 | Ep: 4985 | Steps:  563 | Reward:  1784.48
Total T:  708532 | Ep: 4986 | Steps: 1000 | Reward:  3057.99
Total T:  708658 | Ep: 4987 | Steps:  126 | Reward:   314.10
Total T:  708784 | Ep: 4988 | Steps:  126 | Reward:   313.49
Total T:  708910 | Ep: 4989 | Steps:  126 | Reward:   315.10
Total T:  709900 | Ep: 4990 | Steps:  990 | Reward:  3027.87
---------------------------------------
Evaluation over 10 episodes: 312.806
---------------------------------------
Total T:  710900 | Ep: 4991 | Steps: 1000 | Reward:  2957.70
Total T:  711342 | Ep: 4992 | Steps:  442 | Reward:  1475.66
Total T:  711848 | Ep: 4993 | Steps:  506 | Reward:  1634.07
Total T:  712498 | Ep: 4994 | Steps:  650 | Reward:  2098.10
Total T:  713263 | Ep: 4995 | Steps:  765 | Reward:  2391.51
Total T:  713840 | Ep: 4996 | Steps:  577 | Reward:  1886.74
Total T:  714619 | Ep: 4997 | Steps:  779 | Reward:  2494.24
Total T:  715619 | Ep: 4998 | Steps: 1000 | Reward:  3202.61
Total T:  716619 | Ep: 4999 | Steps: 1000 | Reward:  2911.56
Total T:  717619 | Ep: 5000 | Steps: 1000 | Reward:  2980.80
Total T:  718010 | Ep: 5001 | Steps:  391 | Reward:  1237.94
Total T:  718638 | Ep: 5002 | Steps:  628 | Reward:  2045.05
Total T:  719638 | Ep: 5003 | Steps: 1000 | Reward:  3074.80
---------------------------------------
Evaluation over 10 episodes: 2610.872
---------------------------------------
Total T:  720499 | Ep: 5004 | Steps:  861 | Reward:  2751.37
Total T:  721015 | Ep: 5005 | Steps:  516 | Reward:  1655.85
Total T:  721477 | Ep: 5006 | Steps:  462 | Reward:  1489.29
Total T:  722001 | Ep: 5007 | Steps:  524 | Reward:  1732.84
Total T:  722663 | Ep: 5008 | Steps:  662 | Reward:  2182.08
Total T:  723236 | Ep: 5009 | Steps:  573 | Reward:  1861.26
Total T:  723861 | Ep: 5010 | Steps:  625 | Reward:  2042.82
Total T:  724167 | Ep: 5011 | Steps:  306 | Reward:   989.67
Total T:  724434 | Ep: 5012 | Steps:  267 | Reward:   880.52
Total T:  725003 | Ep: 5013 | Steps:  569 | Reward:  1867.09
Total T:  725642 | Ep: 5014 | Steps:  639 | Reward:  2067.88
Total T:  726365 | Ep: 5015 | Steps:  723 | Reward:  2325.26
Total T:  727106 | Ep: 5016 | Steps:  741 | Reward:  2462.45
Total T:  727135 | Ep: 5017 | Steps:   29 | Reward:    35.13
Total T:  727162 | Ep: 5018 | Steps:   27 | Reward:    31.55
Total T:  727190 | Ep: 5019 | Steps:   28 | Reward:    33.26
Total T:  727707 | Ep: 5020 | Steps:  517 | Reward:  1648.08
Total T:  728287 | Ep: 5021 | Steps:  580 | Reward:  1890.22
Total T:  728785 | Ep: 5022 | Steps:  498 | Reward:  1616.95
Total T:  729365 | Ep: 5023 | Steps:  580 | Reward:  1842.87
Total T:  729925 | Ep: 5024 | Steps:  560 | Reward:  1796.01
---------------------------------------
Evaluation over 10 episodes: 1211.648
---------------------------------------
Total T:  730663 | Ep: 5025 | Steps:  738 | Reward:  2293.17
Total T:  731663 | Ep: 5026 | Steps: 1000 | Reward:  2983.75
Total T:  732005 | Ep: 5027 | Steps:  342 | Reward:  1123.87
Total T:  732692 | Ep: 5028 | Steps:  687 | Reward:  2148.96
Total T:  733091 | Ep: 5029 | Steps:  399 | Reward:  1304.11
Total T:  734091 | Ep: 5030 | Steps: 1000 | Reward:  2903.00
Total T:  735091 | Ep: 5031 | Steps: 1000 | Reward:  2985.37
Total T:  735707 | Ep: 5032 | Steps:  616 | Reward:  1994.01
Total T:  736707 | Ep: 5033 | Steps: 1000 | Reward:  3063.10
Total T:  737193 | Ep: 5034 | Steps:  486 | Reward:  1575.39
Total T:  738193 | Ep: 5035 | Steps: 1000 | Reward:  3182.03
Total T:  738879 | Ep: 5036 | Steps:  686 | Reward:  2132.65
Total T:  739232 | Ep: 5037 | Steps:  353 | Reward:  1130.20
Total T:  739544 | Ep: 5038 | Steps:  312 | Reward:  1009.35
---------------------------------------
Evaluation over 10 episodes: 2089.878
---------------------------------------
Total T:  740342 | Ep: 5039 | Steps:  798 | Reward:  2512.93
Total T:  741342 | Ep: 5040 | Steps: 1000 | Reward:  3123.25
Total T:  742342 | Ep: 5041 | Steps: 1000 | Reward:  3034.46
Total T:  743342 | Ep: 5042 | Steps: 1000 | Reward:  3045.55
Total T:  744312 | Ep: 5043 | Steps:  970 | Reward:  3057.95
Total T:  745258 | Ep: 5044 | Steps:  946 | Reward:  3042.40
Total T:  746258 | Ep: 5045 | Steps: 1000 | Reward:  3173.10
Total T:  746727 | Ep: 5046 | Steps:  469 | Reward:  1565.52
Total T:  746999 | Ep: 5047 | Steps:  272 | Reward:   902.25
Total T:  747999 | Ep: 5048 | Steps: 1000 | Reward:  2978.39
Total T:  748610 | Ep: 5049 | Steps:  611 | Reward:  1919.35
Total T:  749610 | Ep: 5050 | Steps: 1000 | Reward:  3052.09
---------------------------------------
Evaluation over 10 episodes: 1401.708
---------------------------------------
Total T:  750610 | Ep: 5051 | Steps: 1000 | Reward:  2964.87
Total T:  751610 | Ep: 5052 | Steps: 1000 | Reward:  3170.15
Total T:  752610 | Ep: 5053 | Steps: 1000 | Reward:  3012.75
Total T:  753610 | Ep: 5054 | Steps: 1000 | Reward:  2940.73
Total T:  754198 | Ep: 5055 | Steps:  588 | Reward:  1859.45
Total T:  754641 | Ep: 5056 | Steps:  443 | Reward:  1420.35
Total T:  755425 | Ep: 5057 | Steps:  784 | Reward:  2376.60
Total T:  756425 | Ep: 5058 | Steps: 1000 | Reward:  2870.12
Total T:  757324 | Ep: 5059 | Steps:  899 | Reward:  2823.39
Total T:  758324 | Ep: 5060 | Steps: 1000 | Reward:  2851.02
Total T:  759324 | Ep: 5061 | Steps: 1000 | Reward:  2936.33
---------------------------------------
Evaluation over 10 episodes: 1823.518
---------------------------------------
Total T:  760324 | Ep: 5062 | Steps: 1000 | Reward:  3042.93
Total T:  761172 | Ep: 5063 | Steps:  848 | Reward:  2714.69
Total T:  761848 | Ep: 5064 | Steps:  676 | Reward:  2200.31
Total T:  762848 | Ep: 5065 | Steps: 1000 | Reward:  2995.82
Total T:  763529 | Ep: 5066 | Steps:  681 | Reward:  2339.17
Total T:  764104 | Ep: 5067 | Steps:  575 | Reward:  1865.32
Total T:  765104 | Ep: 5068 | Steps: 1000 | Reward:  3177.06
Total T:  766104 | Ep: 5069 | Steps: 1000 | Reward:  3094.86
Total T:  767104 | Ep: 5070 | Steps: 1000 | Reward:  2972.76
Total T:  768104 | Ep: 5071 | Steps: 1000 | Reward:  2952.40
Total T:  768865 | Ep: 5072 | Steps:  761 | Reward:  2440.10
Total T:  769865 | Ep: 5073 | Steps: 1000 | Reward:  2989.05
---------------------------------------
Evaluation over 10 episodes: 2909.596
---------------------------------------
Total T:  770865 | Ep: 5074 | Steps: 1000 | Reward:  3022.56
Total T:  770898 | Ep: 5075 | Steps:   33 | Reward:    40.99
Total T:  771898 | Ep: 5076 | Steps: 1000 | Reward:  2884.56
Total T:  772898 | Ep: 5077 | Steps: 1000 | Reward:  2959.69
Total T:  773898 | Ep: 5078 | Steps: 1000 | Reward:  3066.91
Total T:  774898 | Ep: 5079 | Steps: 1000 | Reward:  2979.99
Total T:  775164 | Ep: 5080 | Steps:  266 | Reward:   924.72
Total T:  775445 | Ep: 5081 | Steps:  281 | Reward:   972.06
Total T:  776445 | Ep: 5082 | Steps: 1000 | Reward:  3013.47
Total T:  776804 | Ep: 5083 | Steps:  359 | Reward:  1258.46
Total T:  777255 | Ep: 5084 | Steps:  451 | Reward:  1350.60
Total T:  777524 | Ep: 5085 | Steps:  269 | Reward:   944.26
Total T:  777806 | Ep: 5086 | Steps:  282 | Reward:   976.10
Total T:  778026 | Ep: 5087 | Steps:  220 | Reward:   728.34
Total T:  778306 | Ep: 5088 | Steps:  280 | Reward:   931.50
Total T:  778588 | Ep: 5089 | Steps:  282 | Reward:   930.80
Total T:  778849 | Ep: 5090 | Steps:  261 | Reward:   914.26
Total T:  779083 | Ep: 5091 | Steps:  234 | Reward:   787.98
Total T:  779363 | Ep: 5092 | Steps:  280 | Reward:   941.46
Total T:  779613 | Ep: 5093 | Steps:  250 | Reward:   865.29
Total T:  779837 | Ep: 5094 | Steps:  224 | Reward:   751.20
---------------------------------------
Evaluation over 10 episodes: 2258.729
---------------------------------------
Total T:  780084 | Ep: 5095 | Steps:  247 | Reward:   841.53
Total T:  780342 | Ep: 5096 | Steps:  258 | Reward:   896.80
Total T:  780615 | Ep: 5097 | Steps:  273 | Reward:   894.55
Total T:  780919 | Ep: 5098 | Steps:  304 | Reward:  1040.18
Total T:  781194 | Ep: 5099 | Steps:  275 | Reward:   925.58
Total T:  781475 | Ep: 5100 | Steps:  281 | Reward:   940.86
Total T:  781691 | Ep: 5101 | Steps:  216 | Reward:   702.66
Total T:  782120 | Ep: 5102 | Steps:  429 | Reward:  1491.83
Total T:  782391 | Ep: 5103 | Steps:  271 | Reward:   930.71
Total T:  782675 | Ep: 5104 | Steps:  284 | Reward:   947.83
Total T:  783141 | Ep: 5105 | Steps:  466 | Reward:  1663.78
Total T:  783417 | Ep: 5106 | Steps:  276 | Reward:   929.14
Total T:  783709 | Ep: 5107 | Steps:  292 | Reward:  1008.44
Total T:  783988 | Ep: 5108 | Steps:  279 | Reward:   961.63
Total T:  784247 | Ep: 5109 | Steps:  259 | Reward:   879.84
Total T:  784569 | Ep: 5110 | Steps:  322 | Reward:  1139.94
Total T:  784856 | Ep: 5111 | Steps:  287 | Reward:   979.64
Total T:  785138 | Ep: 5112 | Steps:  282 | Reward:   962.53
Total T:  785472 | Ep: 5113 | Steps:  334 | Reward:  1155.39
Total T:  785725 | Ep: 5114 | Steps:  253 | Reward:   883.68
Total T:  786012 | Ep: 5115 | Steps:  287 | Reward:   977.02
Total T:  786298 | Ep: 5116 | Steps:  286 | Reward:   971.67
Total T:  786572 | Ep: 5117 | Steps:  274 | Reward:   937.61
Total T:  786841 | Ep: 5118 | Steps:  269 | Reward:   903.06
Total T:  787104 | Ep: 5119 | Steps:  263 | Reward:   906.75
Total T:  788104 | Ep: 5120 | Steps: 1000 | Reward:  3228.93
Total T:  788363 | Ep: 5121 | Steps:  259 | Reward:   904.24
Total T:  788624 | Ep: 5122 | Steps:  261 | Reward:   910.91
Total T:  788885 | Ep: 5123 | Steps:  261 | Reward:   902.69
Total T:  789157 | Ep: 5124 | Steps:  272 | Reward:   933.85
Total T:  789424 | Ep: 5125 | Steps:  267 | Reward:   924.62
Total T:  789675 | Ep: 5126 | Steps:  251 | Reward:   879.91
Total T:  789995 | Ep: 5127 | Steps:  320 | Reward:  1113.56
---------------------------------------
Evaluation over 10 episodes: 937.476
---------------------------------------
Total T:  790228 | Ep: 5128 | Steps:  233 | Reward:   793.82
Total T:  790470 | Ep: 5129 | Steps:  242 | Reward:   824.42
Total T:  790708 | Ep: 5130 | Steps:  238 | Reward:   813.13
Total T:  790936 | Ep: 5131 | Steps:  228 | Reward:   763.29
Total T:  791208 | Ep: 5132 | Steps:  272 | Reward:   937.03
Total T:  791459 | Ep: 5133 | Steps:  251 | Reward:   876.46
Total T:  791773 | Ep: 5134 | Steps:  314 | Reward:  1085.27
Total T:  792017 | Ep: 5135 | Steps:  244 | Reward:   842.84
Total T:  792285 | Ep: 5136 | Steps:  268 | Reward:   935.53
Total T:  792575 | Ep: 5137 | Steps:  290 | Reward:   961.43
Total T:  792847 | Ep: 5138 | Steps:  272 | Reward:   944.03
Total T:  793112 | Ep: 5139 | Steps:  265 | Reward:   937.11
Total T:  793373 | Ep: 5140 | Steps:  261 | Reward:   914.21
Total T:  793628 | Ep: 5141 | Steps:  255 | Reward:   892.65
Total T:  793884 | Ep: 5142 | Steps:  256 | Reward:   897.09
Total T:  794156 | Ep: 5143 | Steps:  272 | Reward:   936.27
Total T:  794440 | Ep: 5144 | Steps:  284 | Reward:   965.59
Total T:  794716 | Ep: 5145 | Steps:  276 | Reward:   951.02
Total T:  794975 | Ep: 5146 | Steps:  259 | Reward:   907.01
Total T:  795257 | Ep: 5147 | Steps:  282 | Reward:   977.65
Total T:  795490 | Ep: 5148 | Steps:  233 | Reward:   793.30
Total T:  795787 | Ep: 5149 | Steps:  297 | Reward:  1016.96
Total T:  796037 | Ep: 5150 | Steps:  250 | Reward:   873.60
Total T:  796305 | Ep: 5151 | Steps:  268 | Reward:   943.70
Total T:  796670 | Ep: 5152 | Steps:  365 | Reward:  1270.31
Total T:  796926 | Ep: 5153 | Steps:  256 | Reward:   893.65
Total T:  797252 | Ep: 5154 | Steps:  326 | Reward:  1145.52
Total T:  797534 | Ep: 5155 | Steps:  282 | Reward:   976.84
Total T:  797780 | Ep: 5156 | Steps:  246 | Reward:   864.66
Total T:  798051 | Ep: 5157 | Steps:  271 | Reward:   945.93
Total T:  798312 | Ep: 5158 | Steps:  261 | Reward:   919.46
Total T:  798620 | Ep: 5159 | Steps:  308 | Reward:  1075.35
Total T:  798906 | Ep: 5160 | Steps:  286 | Reward:   980.96
Total T:  799166 | Ep: 5161 | Steps:  260 | Reward:   918.43
Total T:  799432 | Ep: 5162 | Steps:  266 | Reward:   936.03
Total T:  799692 | Ep: 5163 | Steps:  260 | Reward:   926.69
Total T:  799997 | Ep: 5164 | Steps:  305 | Reward:  1012.30
---------------------------------------
Evaluation over 10 episodes: 1093.823
---------------------------------------
Total T:  800337 | Ep: 5165 | Steps:  340 | Reward:  1164.32
Total T:  800588 | Ep: 5166 | Steps:  251 | Reward:   864.99
Total T:  800831 | Ep: 5167 | Steps:  243 | Reward:   847.61
Total T:  801085 | Ep: 5168 | Steps:  254 | Reward:   888.55
Total T:  801366 | Ep: 5169 | Steps:  281 | Reward:   935.66
Total T:  801607 | Ep: 5170 | Steps:  241 | Reward:   831.45
Total T:  801846 | Ep: 5171 | Steps:  239 | Reward:   823.19
Total T:  802084 | Ep: 5172 | Steps:  238 | Reward:   819.14
Total T:  802329 | Ep: 5173 | Steps:  245 | Reward:   858.28
Total T:  802556 | Ep: 5174 | Steps:  227 | Reward:   761.56
Total T:  802788 | Ep: 5175 | Steps:  232 | Reward:   792.02
Total T:  803050 | Ep: 5176 | Steps:  262 | Reward:   881.99
Total T:  803303 | Ep: 5177 | Steps:  253 | Reward:   898.68
Total T:  803536 | Ep: 5178 | Steps:  233 | Reward:   798.28
Total T:  803786 | Ep: 5179 | Steps:  250 | Reward:   871.75
Total T:  804049 | Ep: 5180 | Steps:  263 | Reward:   907.44
Total T:  804284 | Ep: 5181 | Steps:  235 | Reward:   794.59
Total T:  804560 | Ep: 5182 | Steps:  276 | Reward:   922.11
Total T:  804811 | Ep: 5183 | Steps:  251 | Reward:   866.24
Total T:  805044 | Ep: 5184 | Steps:  233 | Reward:   790.46
Total T:  805318 | Ep: 5185 | Steps:  274 | Reward:   924.73
Total T:  805559 | Ep: 5186 | Steps:  241 | Reward:   820.72
Total T:  805833 | Ep: 5187 | Steps:  274 | Reward:   930.95
Total T:  806104 | Ep: 5188 | Steps:  271 | Reward:   930.48
Total T:  806352 | Ep: 5189 | Steps:  248 | Reward:   848.34
Total T:  806599 | Ep: 5190 | Steps:  247 | Reward:   857.92
Total T:  806866 | Ep: 5191 | Steps:  267 | Reward:   908.73
Total T:  807162 | Ep: 5192 | Steps:  296 | Reward:  1005.00
Total T:  807418 | Ep: 5193 | Steps:  256 | Reward:   899.47
Total T:  807670 | Ep: 5194 | Steps:  252 | Reward:   875.07
Total T:  807917 | Ep: 5195 | Steps:  247 | Reward:   844.08
Total T:  808173 | Ep: 5196 | Steps:  256 | Reward:   891.79
Total T:  808492 | Ep: 5197 | Steps:  319 | Reward:  1088.15
Total T:  808776 | Ep: 5198 | Steps:  284 | Reward:   978.43
Total T:  809085 | Ep: 5199 | Steps:  309 | Reward:  1069.21
Total T:  809356 | Ep: 5200 | Steps:  271 | Reward:   927.89
Total T:  809635 | Ep: 5201 | Steps:  279 | Reward:   959.13
---------------------------------------
Evaluation over 10 episodes: 1010.871
---------------------------------------
Total T:  810635 | Ep: 5202 | Steps: 1000 | Reward:  3271.93
Total T:  810944 | Ep: 5203 | Steps:  309 | Reward:  1074.28
Total T:  811561 | Ep: 5204 | Steps:  617 | Reward:  2041.99
Total T:  811912 | Ep: 5205 | Steps:  351 | Reward:  1236.23
Total T:  812912 | Ep: 5206 | Steps: 1000 | Reward:  3243.02
Total T:  813474 | Ep: 5207 | Steps:  562 | Reward:  1898.76
Total T:  814141 | Ep: 5208 | Steps:  667 | Reward:  2290.96
Total T:  814516 | Ep: 5209 | Steps:  375 | Reward:  1314.88
Total T:  815051 | Ep: 5210 | Steps:  535 | Reward:  1786.29
Total T:  815338 | Ep: 5211 | Steps:  287 | Reward:  1011.54
Total T:  816338 | Ep: 5212 | Steps: 1000 | Reward:  3115.22
Total T:  817338 | Ep: 5213 | Steps: 1000 | Reward:  3220.95
Total T:  818193 | Ep: 5214 | Steps:  855 | Reward:  2771.89
Total T:  819193 | Ep: 5215 | Steps: 1000 | Reward:  3048.91
---------------------------------------
Evaluation over 10 episodes: 2025.414
---------------------------------------
Total T:  820036 | Ep: 5216 | Steps:  843 | Reward:  2825.45
Total T:  821036 | Ep: 5217 | Steps: 1000 | Reward:  3106.60
Total T:  821690 | Ep: 5218 | Steps:  654 | Reward:  2171.05
Total T:  822431 | Ep: 5219 | Steps:  741 | Reward:  2529.28
Total T:  822812 | Ep: 5220 | Steps:  381 | Reward:  1307.03
Total T:  823721 | Ep: 5221 | Steps:  909 | Reward:  3018.72
Total T:  824622 | Ep: 5222 | Steps:  901 | Reward:  2989.45
Total T:  825622 | Ep: 5223 | Steps: 1000 | Reward:  3194.55
Total T:  826601 | Ep: 5224 | Steps:  979 | Reward:  3268.32
Total T:  826876 | Ep: 5225 | Steps:  275 | Reward:   951.39
Total T:  827150 | Ep: 5226 | Steps:  274 | Reward:   948.28
Total T:  827434 | Ep: 5227 | Steps:  284 | Reward:   993.60
Total T:  827711 | Ep: 5228 | Steps:  277 | Reward:   976.88
Total T:  828711 | Ep: 5229 | Steps: 1000 | Reward:  3151.46
Total T:  828973 | Ep: 5230 | Steps:  262 | Reward:   892.67
Total T:  829524 | Ep: 5231 | Steps:  551 | Reward:  1917.42
---------------------------------------
Evaluation over 10 episodes: 1358.159
---------------------------------------
Total T:  830524 | Ep: 5232 | Steps: 1000 | Reward:  3137.74
Total T:  830801 | Ep: 5233 | Steps:  277 | Reward:   962.32
Total T:  831323 | Ep: 5234 | Steps:  522 | Reward:  1608.31
Total T:  831594 | Ep: 5235 | Steps:  271 | Reward:   802.93
Total T:  831861 | Ep: 5236 | Steps:  267 | Reward:   909.87
Total T:  832861 | Ep: 5237 | Steps: 1000 | Reward:  3203.89
Total T:  833170 | Ep: 5238 | Steps:  309 | Reward:  1084.48
Total T:  833522 | Ep: 5239 | Steps:  352 | Reward:  1071.56
Total T:  833816 | Ep: 5240 | Steps:  294 | Reward:  1029.52
Total T:  834080 | Ep: 5241 | Steps:  264 | Reward:   933.73
Total T:  834442 | Ep: 5242 | Steps:  362 | Reward:  1252.62
Total T:  834721 | Ep: 5243 | Steps:  279 | Reward:   965.78
Total T:  835712 | Ep: 5244 | Steps:  991 | Reward:  3372.42
Total T:  836018 | Ep: 5245 | Steps:  306 | Reward:  1083.78
Total T:  836312 | Ep: 5246 | Steps:  294 | Reward:   954.11
Total T:  836576 | Ep: 5247 | Steps:  264 | Reward:   924.07
Total T:  836949 | Ep: 5248 | Steps:  373 | Reward:  1251.24
Total T:  837949 | Ep: 5249 | Steps: 1000 | Reward:  3162.45
Total T:  838949 | Ep: 5250 | Steps: 1000 | Reward:  3201.02
Total T:  839726 | Ep: 5251 | Steps:  777 | Reward:  2584.54
---------------------------------------
Evaluation over 10 episodes: 1020.753
---------------------------------------
Total T:  840726 | Ep: 5252 | Steps: 1000 | Reward:  3201.02
Total T:  841134 | Ep: 5253 | Steps:  408 | Reward:  1429.36
Total T:  841493 | Ep: 5254 | Steps:  359 | Reward:  1095.70
Total T:  841772 | Ep: 5255 | Steps:  279 | Reward:   954.10
Total T:  842047 | Ep: 5256 | Steps:  275 | Reward:   930.36
Total T:  842415 | Ep: 5257 | Steps:  368 | Reward:  1275.98
Total T:  842730 | Ep: 5258 | Steps:  315 | Reward:  1107.19
Total T:  843031 | Ep: 5259 | Steps:  301 | Reward:  1050.65
Total T:  843324 | Ep: 5260 | Steps:  293 | Reward:  1028.40
Total T:  843695 | Ep: 5261 | Steps:  371 | Reward:  1271.34
Total T:  844502 | Ep: 5262 | Steps:  807 | Reward:  2801.30
Total T:  844806 | Ep: 5263 | Steps:  304 | Reward:  1069.15
Total T:  845061 | Ep: 5264 | Steps:  255 | Reward:   895.58
Total T:  845514 | Ep: 5265 | Steps:  453 | Reward:  1571.63
Total T:  845739 | Ep: 5266 | Steps:  225 | Reward:   750.54
Total T:  846023 | Ep: 5267 | Steps:  284 | Reward:   982.00
Total T:  846380 | Ep: 5268 | Steps:  357 | Reward:  1276.32
Total T:  846639 | Ep: 5269 | Steps:  259 | Reward:   899.43
Total T:  847639 | Ep: 5270 | Steps: 1000 | Reward:  3176.96
Total T:  848639 | Ep: 5271 | Steps: 1000 | Reward:  3199.31
Total T:  849069 | Ep: 5272 | Steps:  430 | Reward:  1499.94
---------------------------------------
Evaluation over 10 episodes: 2774.337
---------------------------------------
Total T:  850069 | Ep: 5273 | Steps: 1000 | Reward:  3231.09
Total T:  850942 | Ep: 5274 | Steps:  873 | Reward:  2978.07
Total T:  851942 | Ep: 5275 | Steps: 1000 | Reward:  3169.97
Total T:  852242 | Ep: 5276 | Steps:  300 | Reward:  1039.42
Total T:  853242 | Ep: 5277 | Steps: 1000 | Reward:  3275.25
Total T:  854242 | Ep: 5278 | Steps: 1000 | Reward:  3225.74
Total T:  855104 | Ep: 5279 | Steps:  862 | Reward:  2892.49
Total T:  856104 | Ep: 5280 | Steps: 1000 | Reward:  3180.13
Total T:  857104 | Ep: 5281 | Steps: 1000 | Reward:  3190.88
Total T:  857463 | Ep: 5282 | Steps:  359 | Reward:  1256.63
Total T:  858463 | Ep: 5283 | Steps: 1000 | Reward:  3200.67
Total T:  859463 | Ep: 5284 | Steps: 1000 | Reward:  3233.43
Total T:  859796 | Ep: 5285 | Steps:  333 | Reward:  1052.61
---------------------------------------
Evaluation over 10 episodes: 2285.398
---------------------------------------
Total T:  860178 | Ep: 5286 | Steps:  382 | Reward:  1339.73
Total T:  860752 | Ep: 5287 | Steps:  574 | Reward:  1980.17
Total T:  861013 | Ep: 5288 | Steps:  261 | Reward:   941.33
Total T:  861391 | Ep: 5289 | Steps:  378 | Reward:  1324.32
Total T:  861703 | Ep: 5290 | Steps:  312 | Reward:  1093.85
Total T:  862053 | Ep: 5291 | Steps:  350 | Reward:  1233.40
Total T:  862395 | Ep: 5292 | Steps:  342 | Reward:  1213.79
Total T:  862724 | Ep: 5293 | Steps:  329 | Reward:  1179.84
Total T:  863724 | Ep: 5294 | Steps: 1000 | Reward:  3237.11
Total T:  864724 | Ep: 5295 | Steps: 1000 | Reward:  3237.35
Total T:  864997 | Ep: 5296 | Steps:  273 | Reward:   943.98
Total T:  865371 | Ep: 5297 | Steps:  374 | Reward:  1303.06
Total T:  865763 | Ep: 5298 | Steps:  392 | Reward:  1393.03
Total T:  866763 | Ep: 5299 | Steps: 1000 | Reward:  3302.27
Total T:  867763 | Ep: 5300 | Steps: 1000 | Reward:  3214.66
Total T:  868763 | Ep: 5301 | Steps: 1000 | Reward:  3269.13
Total T:  869763 | Ep: 5302 | Steps: 1000 | Reward:  3283.47
---------------------------------------
Evaluation over 10 episodes: 2468.033
---------------------------------------
Total T:  870763 | Ep: 5303 | Steps: 1000 | Reward:  3230.20
Total T:  871036 | Ep: 5304 | Steps:  273 | Reward:   967.94
Total T:  872036 | Ep: 5305 | Steps: 1000 | Reward:  3232.34
Total T:  872453 | Ep: 5306 | Steps:  417 | Reward:  1405.66
Total T:  873453 | Ep: 5307 | Steps: 1000 | Reward:  3220.39
Total T:  874453 | Ep: 5308 | Steps: 1000 | Reward:  3174.63
Total T:  875453 | Ep: 5309 | Steps: 1000 | Reward:  3156.09
Total T:  876453 | Ep: 5310 | Steps: 1000 | Reward:  3255.68
Total T:  877453 | Ep: 5311 | Steps: 1000 | Reward:  3213.72
Total T:  878453 | Ep: 5312 | Steps: 1000 | Reward:  3147.33
Total T:  879453 | Ep: 5313 | Steps: 1000 | Reward:  3208.82
Total T:  879797 | Ep: 5314 | Steps:  344 | Reward:  1245.49
---------------------------------------
Evaluation over 10 episodes: 3338.760
---------------------------------------
Total T:  880797 | Ep: 5315 | Steps: 1000 | Reward:  3258.99
Total T:  881147 | Ep: 5316 | Steps:  350 | Reward:  1196.68
Total T:  882147 | Ep: 5317 | Steps: 1000 | Reward:  3221.61
Total T:  883147 | Ep: 5318 | Steps: 1000 | Reward:  3218.40
Total T:  884147 | Ep: 5319 | Steps: 1000 | Reward:  3231.93
Total T:  885147 | Ep: 5320 | Steps: 1000 | Reward:  3174.01
Total T:  886147 | Ep: 5321 | Steps: 1000 | Reward:  3200.72
Total T:  887147 | Ep: 5322 | Steps: 1000 | Reward:  3176.54
Total T:  888147 | Ep: 5323 | Steps: 1000 | Reward:  3160.31
Total T:  889147 | Ep: 5324 | Steps: 1000 | Reward:  3155.76
---------------------------------------
Evaluation over 10 episodes: 3095.309
---------------------------------------
Total T:  890147 | Ep: 5325 | Steps: 1000 | Reward:  3172.54
Total T:  891147 | Ep: 5326 | Steps: 1000 | Reward:  3173.34
Total T:  892147 | Ep: 5327 | Steps: 1000 | Reward:  3139.71
Total T:  893147 | Ep: 5328 | Steps: 1000 | Reward:  3171.24
Total T:  894147 | Ep: 5329 | Steps: 1000 | Reward:  3218.99
Total T:  895147 | Ep: 5330 | Steps: 1000 | Reward:  3174.27
Total T:  896147 | Ep: 5331 | Steps: 1000 | Reward:  3196.20
Total T:  897147 | Ep: 5332 | Steps: 1000 | Reward:  3196.22
Total T:  898147 | Ep: 5333 | Steps: 1000 | Reward:  3214.39
Total T:  899147 | Ep: 5334 | Steps: 1000 | Reward:  3182.09
Total T:  899557 | Ep: 5335 | Steps:  410 | Reward:  1380.58
---------------------------------------
Evaluation over 10 episodes: 3160.331
---------------------------------------
Total T:  900557 | Ep: 5336 | Steps: 1000 | Reward:  3196.90
Total T:  901081 | Ep: 5337 | Steps:  524 | Reward:  1786.08
Total T:  902081 | Ep: 5338 | Steps: 1000 | Reward:  3164.94
Total T:  902407 | Ep: 5339 | Steps:  326 | Reward:  1174.63
Total T:  903407 | Ep: 5340 | Steps: 1000 | Reward:  3181.19
Total T:  903758 | Ep: 5341 | Steps:  351 | Reward:  1178.74
Total T:  904104 | Ep: 5342 | Steps:  346 | Reward:  1235.30
Total T:  905104 | Ep: 5343 | Steps: 1000 | Reward:  3209.13
Total T:  906104 | Ep: 5344 | Steps: 1000 | Reward:  3220.17
Total T:  907104 | Ep: 5345 | Steps: 1000 | Reward:  3155.44
Total T:  908104 | Ep: 5346 | Steps: 1000 | Reward:  3157.42
Total T:  909104 | Ep: 5347 | Steps: 1000 | Reward:  3169.29
Total T:  909433 | Ep: 5348 | Steps:  329 | Reward:  1116.04
---------------------------------------
Evaluation over 10 episodes: 3225.746
---------------------------------------
Total T:  910433 | Ep: 5349 | Steps: 1000 | Reward:  3246.09
Total T:  911433 | Ep: 5350 | Steps: 1000 | Reward:  3253.13
Total T:  912433 | Ep: 5351 | Steps: 1000 | Reward:  3155.92
Total T:  912771 | Ep: 5352 | Steps:  338 | Reward:  1238.24
Total T:  913771 | Ep: 5353 | Steps: 1000 | Reward:  3147.67
Total T:  914771 | Ep: 5354 | Steps: 1000 | Reward:  3187.57
Total T:  915771 | Ep: 5355 | Steps: 1000 | Reward:  3088.22
Total T:  916771 | Ep: 5356 | Steps: 1000 | Reward:  3144.17
Total T:  917771 | Ep: 5357 | Steps: 1000 | Reward:  3183.15
Total T:  918771 | Ep: 5358 | Steps: 1000 | Reward:  3172.25
Total T:  919771 | Ep: 5359 | Steps: 1000 | Reward:  3249.51
---------------------------------------
Evaluation over 10 episodes: 2518.806
---------------------------------------
Total T:  920148 | Ep: 5360 | Steps:  377 | Reward:  1321.52
Total T:  921148 | Ep: 5361 | Steps: 1000 | Reward:  3291.94
Total T:  922148 | Ep: 5362 | Steps: 1000 | Reward:  3220.65
Total T:  923148 | Ep: 5363 | Steps: 1000 | Reward:  3177.90
Total T:  924148 | Ep: 5364 | Steps: 1000 | Reward:  3252.74
Total T:  925148 | Ep: 5365 | Steps: 1000 | Reward:  3261.43
Total T:  926148 | Ep: 5366 | Steps: 1000 | Reward:  3332.28
Total T:  927148 | Ep: 5367 | Steps: 1000 | Reward:  3316.56
Total T:  928148 | Ep: 5368 | Steps: 1000 | Reward:  3240.41
Total T:  929148 | Ep: 5369 | Steps: 1000 | Reward:  3283.33
Total T:  929454 | Ep: 5370 | Steps:  306 | Reward:  1037.72
---------------------------------------
Evaluation over 10 episodes: 2522.618
---------------------------------------
Total T:  930454 | Ep: 5371 | Steps: 1000 | Reward:  3243.27
Total T:  931454 | Ep: 5372 | Steps: 1000 | Reward:  3247.21
Total T:  932454 | Ep: 5373 | Steps: 1000 | Reward:  3283.22
Total T:  933454 | Ep: 5374 | Steps: 1000 | Reward:  3272.11
Total T:  934454 | Ep: 5375 | Steps: 1000 | Reward:  3239.62
Total T:  935454 | Ep: 5376 | Steps: 1000 | Reward:  3328.83
Total T:  936454 | Ep: 5377 | Steps: 1000 | Reward:  3342.13
Total T:  937454 | Ep: 5378 | Steps: 1000 | Reward:  3359.25
Total T:  938454 | Ep: 5379 | Steps: 1000 | Reward:  3304.89
Total T:  939454 | Ep: 5380 | Steps: 1000 | Reward:  3280.88
---------------------------------------
Evaluation over 10 episodes: 3213.837
---------------------------------------
Total T:  940454 | Ep: 5381 | Steps: 1000 | Reward:  3349.33
Total T:  940886 | Ep: 5382 | Steps:  432 | Reward:  1600.55
Total T:  941886 | Ep: 5383 | Steps: 1000 | Reward:  3350.26
Total T:  942886 | Ep: 5384 | Steps: 1000 | Reward:  3302.89
Total T:  943886 | Ep: 5385 | Steps: 1000 | Reward:  3363.97
Total T:  944886 | Ep: 5386 | Steps: 1000 | Reward:  3375.70
Total T:  945886 | Ep: 5387 | Steps: 1000 | Reward:  3330.85
Total T:  946886 | Ep: 5388 | Steps: 1000 | Reward:  3346.47
Total T:  947096 | Ep: 5389 | Steps:  210 | Reward:   602.32
Total T:  948096 | Ep: 5390 | Steps: 1000 | Reward:  3301.15
Total T:  949096 | Ep: 5391 | Steps: 1000 | Reward:  3276.26
Total T:  949395 | Ep: 5392 | Steps:  299 | Reward:  1056.69
---------------------------------------
Evaluation over 10 episodes: 3378.668
---------------------------------------
Total T:  950395 | Ep: 5393 | Steps: 1000 | Reward:  3303.58
Total T:  951395 | Ep: 5394 | Steps: 1000 | Reward:  3321.17
Total T:  952395 | Ep: 5395 | Steps: 1000 | Reward:  3368.20
Total T:  953395 | Ep: 5396 | Steps: 1000 | Reward:  3287.39
Total T:  954395 | Ep: 5397 | Steps: 1000 | Reward:  3303.60
Total T:  955395 | Ep: 5398 | Steps: 1000 | Reward:  3383.55
Total T:  956395 | Ep: 5399 | Steps: 1000 | Reward:  3322.01
Total T:  957395 | Ep: 5400 | Steps: 1000 | Reward:  3317.84
Total T:  958395 | Ep: 5401 | Steps: 1000 | Reward:  3389.81
Total T:  959395 | Ep: 5402 | Steps: 1000 | Reward:  3391.77
---------------------------------------
Evaluation over 10 episodes: 3324.504
---------------------------------------
Total T:  960395 | Ep: 5403 | Steps: 1000 | Reward:  3366.90
Total T:  961395 | Ep: 5404 | Steps: 1000 | Reward:  3304.65
Total T:  962395 | Ep: 5405 | Steps: 1000 | Reward:  3302.51
Total T:  963395 | Ep: 5406 | Steps: 1000 | Reward:  3374.73
Total T:  964395 | Ep: 5407 | Steps: 1000 | Reward:  3359.69
Total T:  965395 | Ep: 5408 | Steps: 1000 | Reward:  3358.13
Total T:  966395 | Ep: 5409 | Steps: 1000 | Reward:  3354.65
Total T:  967395 | Ep: 5410 | Steps: 1000 | Reward:  3344.30
Total T:  968395 | Ep: 5411 | Steps: 1000 | Reward:  3345.10
Total T:  969395 | Ep: 5412 | Steps: 1000 | Reward:  3356.79
---------------------------------------
Evaluation over 10 episodes: 3343.988
---------------------------------------
Total T:  970395 | Ep: 5413 | Steps: 1000 | Reward:  3290.45
Total T:  971395 | Ep: 5414 | Steps: 1000 | Reward:  3380.11
Total T:  972395 | Ep: 5415 | Steps: 1000 | Reward:  3327.53
Total T:  973395 | Ep: 5416 | Steps: 1000 | Reward:  3344.47
Total T:  974395 | Ep: 5417 | Steps: 1000 | Reward:  3351.91
Total T:  975395 | Ep: 5418 | Steps: 1000 | Reward:  3264.13
Total T:  976395 | Ep: 5419 | Steps: 1000 | Reward:  3265.98
Total T:  977395 | Ep: 5420 | Steps: 1000 | Reward:  3320.28
Total T:  978395 | Ep: 5421 | Steps: 1000 | Reward:  3198.29
Total T:  979395 | Ep: 5422 | Steps: 1000 | Reward:  3357.43
---------------------------------------
Evaluation over 10 episodes: 3453.414
---------------------------------------
Total T:  980395 | Ep: 5423 | Steps: 1000 | Reward:  3371.29
Total T:  981395 | Ep: 5424 | Steps: 1000 | Reward:  3354.56
Total T:  982395 | Ep: 5425 | Steps: 1000 | Reward:  3293.48
Total T:  983395 | Ep: 5426 | Steps: 1000 | Reward:  3356.04
Total T:  984395 | Ep: 5427 | Steps: 1000 | Reward:  3351.09
Total T:  985395 | Ep: 5428 | Steps: 1000 | Reward:  3305.52
Total T:  986395 | Ep: 5429 | Steps: 1000 | Reward:  3284.15
Total T:  987395 | Ep: 5430 | Steps: 1000 | Reward:  3323.37
Total T:  988395 | Ep: 5431 | Steps: 1000 | Reward:  3307.10
Total T:  989395 | Ep: 5432 | Steps: 1000 | Reward:  3306.43
---------------------------------------
Evaluation over 10 episodes: 3268.635
---------------------------------------
Total T:  990395 | Ep: 5433 | Steps: 1000 | Reward:  3295.07
Total T:  991395 | Ep: 5434 | Steps: 1000 | Reward:  3262.87
Total T:  992395 | Ep: 5435 | Steps: 1000 | Reward:  3319.08
Total T:  993395 | Ep: 5436 | Steps: 1000 | Reward:  3363.36
Total T:  994395 | Ep: 5437 | Steps: 1000 | Reward:  3226.87
Total T:  995395 | Ep: 5438 | Steps: 1000 | Reward:  3190.56
Total T:  996395 | Ep: 5439 | Steps: 1000 | Reward:  3359.99
Total T:  997395 | Ep: 5440 | Steps: 1000 | Reward:  3216.60
Total T:  998395 | Ep: 5441 | Steps: 1000 | Reward:  3343.26
Total T:  999395 | Ep: 5442 | Steps: 1000 | Reward:  3275.86
---------------------------------------
Evaluation over 10 episodes: 3414.115
---------------------------------------

[main] Model saved:
        actor  -> /home/naida/Desktop/CS515-Deep-RL/TD3_algorithm/runs/td3_sweep_hopper-v4_seed1_Hopper-v4_10-05-2026_21-27-54/model_actor
        critic -> /home/naida/Desktop/CS515-Deep-RL/TD3_algorithm/runs/td3_sweep_hopper-v4_seed1_Hopper-v4_10-05-2026_21-27-54/model_critic
[main] Training history -> /home/naida/Desktop/CS515-Deep-RL/TD3_algorithm/runs/td3_sweep_hopper-v4_seed1_Hopper-v4_10-05-2026_21-27-54/episode_rewards.csv
[main] Eval history     -> /home/naida/Desktop/CS515-Deep-RL/TD3_algorithm/runs/td3_sweep_hopper-v4_seed1_Hopper-v4_10-05-2026_21-27-54/eval_rewards.csv
[main] Summary          -> /home/naida/Desktop/CS515-Deep-RL/TD3_algorithm/runs/td3_sweep_hopper-v4_seed1_Hopper-v4_10-05-2026_21-27-54/summary.json
[main] Unified eval -> /home/naida/Desktop/CS515-Deep-RL/results/continuous/td3/hopper-v4/seed_1.npy
[main] Wallclock    -> /home/naida/Desktop/CS515-Deep-RL/results/wallclock/continuous/td3/hopper-v4/seed_1.npy
[plot] Saved plot to /home/naida/Desktop/CS515-Deep-RL/TD3_algorithm/runs/td3_sweep_hopper-v4_seed1_Hopper-v4_10-05-2026_21-27-54/training_curves.png

============================================================
Training complete. To watch the trained agent play:
  python test.py --env_name Hopper-v4 --load_dir "/home/naida/Desktop/CS515-Deep-RL/TD3_algorithm/runs/td3_sweep_hopper-v4_seed1_Hopper-v4_10-05-2026_21-27-54"
============================================================
