C:\Users\mohamedosama\AppData\Local\anaconda3\envs\deep_rl\lib\site-packages\gymnasium\core.py:311: UserWarning: [33mWARN: env.seed to get variables from other wrappers is deprecated and will be removed in v1.0, to get this variable you can do `env.unwrapped.seed` for environment variables or `env.get_wrapper_attr('seed')` that will search the reminding wrappers.[0m
  logger.warn(
--------------------------------------------------
Env:        Walker2d-v4
  ob_dim    = 17
  ac_dim    = 6
  max_action= 1.0
Logdir:     C:\Users\mohamedosama\Downloads\CS515-Deep-RL\TD3_algorithm\runs\td3_sweep_walker2d-v4_seed2_Walker2d-v4_11-05-2026_14-02-59
Rendering:  off
--------------------------------------------------
C:\Users\mohamedosama\AppData\Local\anaconda3\envs\deep_rl\lib\site-packages\gymnasium\core.py:311: UserWarning: [33mWARN: env.seed to get variables from other wrappers is deprecated and will be removed in v1.0, to get this variable you can do `env.unwrapped.seed` for environment variables or `env.get_wrapper_attr('seed')` that will search the reminding wrappers.[0m
  logger.warn(
---------------------------------------
Evaluation over 10 episodes: -5.197
---------------------------------------
Total T:      27 | Ep:    1 | Steps:   27 | Reward:    -7.42
Total T:      46 | Ep:    2 | Steps:   19 | Reward:     0.07
Total T:      65 | Ep:    3 | Steps:   19 | Reward:    -0.80
Total T:      96 | Ep:    4 | Steps:   31 | Reward:    18.47
Total T:     111 | Ep:    5 | Steps:   15 | Reward:     0.71
Total T:     125 | Ep:    6 | Steps:   14 | Reward:    -3.47
Total T:     148 | Ep:    7 | Steps:   23 | Reward:    -7.95
Total T:     159 | Ep:    8 | Steps:   11 | Reward:     0.35
Total T:     211 | Ep:    9 | Steps:   52 | Reward:    41.82
Total T:     231 | Ep:   10 | Steps:   20 | Reward:     6.49
Total T:     248 | Ep:   11 | Steps:   17 | Reward:     4.44
Total T:     272 | Ep:   12 | Steps:   24 | Reward:    -5.07
Total T:     282 | Ep:   13 | Steps:   10 | Reward:    -3.53
Total T:     308 | Ep:   14 | Steps:   26 | Reward:     1.71
Total T:     332 | Ep:   15 | Steps:   24 | Reward:    -2.54
Total T:     353 | Ep:   16 | Steps:   21 | Reward:    -6.82
Total T:     373 | Ep:   17 | Steps:   20 | Reward:    -3.83
Total T:     389 | Ep:   18 | Steps:   16 | Reward:     3.86
Total T:     402 | Ep:   19 | Steps:   13 | Reward:     1.89
Total T:     439 | Ep:   20 | Steps:   37 | Reward:    14.00
Total T:     460 | Ep:   21 | Steps:   21 | Reward:    -2.72
Total T:     475 | Ep:   22 | Steps:   15 | Reward:    -3.67
Total T:     516 | Ep:   23 | Steps:   41 | Reward:     5.24
Total T:     530 | Ep:   24 | Steps:   14 | Reward:     4.07
Total T:     541 | Ep:   25 | Steps:   11 | Reward:    -3.93
Total T:     571 | Ep:   26 | Steps:   30 | Reward:    14.20
Total T:     592 | Ep:   27 | Steps:   21 | Reward:    -4.86
Total T:     614 | Ep:   28 | Steps:   22 | Reward:     5.25
Total T:     633 | Ep:   29 | Steps:   19 | Reward:    -0.31
Total T:     660 | Ep:   30 | Steps:   27 | Reward:    10.74
Total T:     680 | Ep:   31 | Steps:   20 | Reward:     6.53
Total T:     700 | Ep:   32 | Steps:   20 | Reward:     5.19
Total T:     709 | Ep:   33 | Steps:    9 | Reward:    -2.48
Total T:     721 | Ep:   34 | Steps:   12 | Reward:    -0.57
Total T:     747 | Ep:   35 | Steps:   26 | Reward:    12.70
Total T:     763 | Ep:   36 | Steps:   16 | Reward:     1.28
Total T:     799 | Ep:   37 | Steps:   36 | Reward:     0.47
Total T:     827 | Ep:   38 | Steps:   28 | Reward:    12.60
Total T:     838 | Ep:   39 | Steps:   11 | Reward:     0.79
Total T:     864 | Ep:   40 | Steps:   26 | Reward:     5.69
Total T:     880 | Ep:   41 | Steps:   16 | Reward:     3.85
Total T:     898 | Ep:   42 | Steps:   18 | Reward:     5.53
Total T:     909 | Ep:   43 | Steps:   11 | Reward:    -2.47
Total T:     925 | Ep:   44 | Steps:   16 | Reward:     5.73
Total T:     942 | Ep:   45 | Steps:   17 | Reward:     7.41
Total T:     969 | Ep:   46 | Steps:   27 | Reward:     8.08
Total T:     981 | Ep:   47 | Steps:   12 | Reward:    -1.64
Total T:    1001 | Ep:   48 | Steps:   20 | Reward:     2.64
Total T:    1029 | Ep:   49 | Steps:   28 | Reward:    -5.28
Total T:    1056 | Ep:   50 | Steps:   27 | Reward:     8.07
Total T:    1079 | Ep:   51 | Steps:   23 | Reward:    -3.13
Total T:    1097 | Ep:   52 | Steps:   18 | Reward:     2.45
Total T:    1129 | Ep:   53 | Steps:   32 | Reward:    17.96
Total T:    1140 | Ep:   54 | Steps:   11 | Reward:    -0.90
Total T:    1161 | Ep:   55 | Steps:   21 | Reward:     7.77
Total T:    1181 | Ep:   56 | Steps:   20 | Reward:     2.67
Total T:    1233 | Ep:   57 | Steps:   52 | Reward:    20.29
Total T:    1246 | Ep:   58 | Steps:   13 | Reward:     1.76
Total T:    1270 | Ep:   59 | Steps:   24 | Reward:     6.46
Total T:    1280 | Ep:   60 | Steps:   10 | Reward:    -0.27
Total T:    1292 | Ep:   61 | Steps:   12 | Reward:    -1.00
Total T:    1310 | Ep:   62 | Steps:   18 | Reward:    -0.46
Total T:    1329 | Ep:   63 | Steps:   19 | Reward:     7.23
Total T:    1362 | Ep:   64 | Steps:   33 | Reward:     9.59
Total T:    1381 | Ep:   65 | Steps:   19 | Reward:     0.09
Total T:    1399 | Ep:   66 | Steps:   18 | Reward:     2.14
Total T:    1412 | Ep:   67 | Steps:   13 | Reward:    -0.21
Total T:    1438 | Ep:   68 | Steps:   26 | Reward:     1.30
Total T:    1465 | Ep:   69 | Steps:   27 | Reward:    -5.30
Total T:    1483 | Ep:   70 | Steps:   18 | Reward:    -2.33
Total T:    1508 | Ep:   71 | Steps:   25 | Reward:    -1.89
Total T:    1528 | Ep:   72 | Steps:   20 | Reward:     7.82
Total T:    1545 | Ep:   73 | Steps:   17 | Reward:    -2.99
Total T:    1570 | Ep:   74 | Steps:   25 | Reward:     0.52
Total T:    1582 | Ep:   75 | Steps:   12 | Reward:     3.13
Total T:    1613 | Ep:   76 | Steps:   31 | Reward:     3.72
Total T:    1628 | Ep:   77 | Steps:   15 | Reward:    -2.88
Total T:    1656 | Ep:   78 | Steps:   28 | Reward:     3.24
Total T:    1664 | Ep:   79 | Steps:    8 | Reward:    -2.47
Total T:    1707 | Ep:   80 | Steps:   43 | Reward:     8.62
Total T:    1745 | Ep:   81 | Steps:   38 | Reward:     3.87
Total T:    1770 | Ep:   82 | Steps:   25 | Reward:     4.58
Total T:    1781 | Ep:   83 | Steps:   11 | Reward:     1.10
Total T:    1794 | Ep:   84 | Steps:   13 | Reward:    -1.42
Total T:    1807 | Ep:   85 | Steps:   13 | Reward:     0.39
Total T:    1820 | Ep:   86 | Steps:   13 | Reward:    -1.18
Total T:    1837 | Ep:   87 | Steps:   17 | Reward:     6.41
Total T:    1852 | Ep:   88 | Steps:   15 | Reward:    -1.36
Total T:    1876 | Ep:   89 | Steps:   24 | Reward:    11.51
Total T:    1896 | Ep:   90 | Steps:   20 | Reward:    -1.72
Total T:    1910 | Ep:   91 | Steps:   14 | Reward:     1.90
Total T:    1929 | Ep:   92 | Steps:   19 | Reward:     7.07
Total T:    1962 | Ep:   93 | Steps:   33 | Reward:     7.25
Total T:    1985 | Ep:   94 | Steps:   23 | Reward:     3.75
Total T:    2000 | Ep:   95 | Steps:   15 | Reward:    -1.23
Total T:    2009 | Ep:   96 | Steps:    9 | Reward:     0.22
Total T:    2046 | Ep:   97 | Steps:   37 | Reward:     6.60
Total T:    2081 | Ep:   98 | Steps:   35 | Reward:     8.41
Total T:    2097 | Ep:   99 | Steps:   16 | Reward:    -3.85
Total T:    2109 | Ep:  100 | Steps:   12 | Reward:    -0.69
Total T:    2124 | Ep:  101 | Steps:   15 | Reward:    -0.62
Total T:    2137 | Ep:  102 | Steps:   13 | Reward:     0.01
Total T:    2161 | Ep:  103 | Steps:   24 | Reward:    -8.67
Total T:    2183 | Ep:  104 | Steps:   22 | Reward:     3.55
Total T:    2204 | Ep:  105 | Steps:   21 | Reward:    -8.30
Total T:    2214 | Ep:  106 | Steps:   10 | Reward:    -2.83
Total T:    2250 | Ep:  107 | Steps:   36 | Reward:    23.98
Total T:    2267 | Ep:  108 | Steps:   17 | Reward:     1.82
Total T:    2288 | Ep:  109 | Steps:   21 | Reward:     0.28
Total T:    2303 | Ep:  110 | Steps:   15 | Reward:     4.53
Total T:    2316 | Ep:  111 | Steps:   13 | Reward:    -1.66
Total T:    2358 | Ep:  112 | Steps:   42 | Reward:     7.69
Total T:    2371 | Ep:  113 | Steps:   13 | Reward:    -1.49
Total T:    2384 | Ep:  114 | Steps:   13 | Reward:     2.25
Total T:    2399 | Ep:  115 | Steps:   15 | Reward:     0.85
Total T:    2410 | Ep:  116 | Steps:   11 | Reward:     0.06
Total T:    2436 | Ep:  117 | Steps:   26 | Reward:     0.67
Total T:    2468 | Ep:  118 | Steps:   32 | Reward:     6.90
Total T:    2483 | Ep:  119 | Steps:   15 | Reward:    -3.46
Total T:    2504 | Ep:  120 | Steps:   21 | Reward:     4.67
Total T:    2527 | Ep:  121 | Steps:   23 | Reward:    -0.67
Total T:    2543 | Ep:  122 | Steps:   16 | Reward:    -4.08
Total T:    2559 | Ep:  123 | Steps:   16 | Reward:     3.83
Total T:    2577 | Ep:  124 | Steps:   18 | Reward:    -0.46
Total T:    2600 | Ep:  125 | Steps:   23 | Reward:    -4.65
Total T:    2614 | Ep:  126 | Steps:   14 | Reward:     3.34
Total T:    2655 | Ep:  127 | Steps:   41 | Reward:    -1.96
Total T:    2692 | Ep:  128 | Steps:   37 | Reward:     9.39
Total T:    2708 | Ep:  129 | Steps:   16 | Reward:    -3.45
Total T:    2742 | Ep:  130 | Steps:   34 | Reward:     6.48
Total T:    2761 | Ep:  131 | Steps:   19 | Reward:     5.55
Total T:    2783 | Ep:  132 | Steps:   22 | Reward:     1.29
Total T:    2823 | Ep:  133 | Steps:   40 | Reward:    15.72
Total T:    2842 | Ep:  134 | Steps:   19 | Reward:    -2.93
Total T:    2853 | Ep:  135 | Steps:   11 | Reward:    -0.31
Total T:    2889 | Ep:  136 | Steps:   36 | Reward:    23.91
Total T:    2904 | Ep:  137 | Steps:   15 | Reward:     0.18
Total T:    2927 | Ep:  138 | Steps:   23 | Reward:    -4.80
Total T:    2948 | Ep:  139 | Steps:   21 | Reward:     2.51
Total T:    2961 | Ep:  140 | Steps:   13 | Reward:    -3.08
Total T:    2978 | Ep:  141 | Steps:   17 | Reward:     3.25
Total T:    2996 | Ep:  142 | Steps:   18 | Reward:     6.68
Total T:    3016 | Ep:  143 | Steps:   20 | Reward:    -3.38
Total T:    3056 | Ep:  144 | Steps:   40 | Reward:     7.90
Total T:    3074 | Ep:  145 | Steps:   18 | Reward:     3.77
Total T:    3086 | Ep:  146 | Steps:   12 | Reward:     3.36
Total T:    3118 | Ep:  147 | Steps:   32 | Reward:    14.55
Total T:    3136 | Ep:  148 | Steps:   18 | Reward:     0.32
Total T:    3167 | Ep:  149 | Steps:   31 | Reward:    -6.39
Total T:    3178 | Ep:  150 | Steps:   11 | Reward:    -0.82
Total T:    3235 | Ep:  151 | Steps:   57 | Reward:    45.51
Total T:    3249 | Ep:  152 | Steps:   14 | Reward:     0.56
Total T:    3274 | Ep:  153 | Steps:   25 | Reward:     1.27
Total T:    3299 | Ep:  154 | Steps:   25 | Reward:    -3.02
Total T:    3312 | Ep:  155 | Steps:   13 | Reward:     2.36
Total T:    3326 | Ep:  156 | Steps:   14 | Reward:     1.62
Total T:    3336 | Ep:  157 | Steps:   10 | Reward:     0.11
Total T:    3358 | Ep:  158 | Steps:   22 | Reward:     5.43
Total T:    3383 | Ep:  159 | Steps:   25 | Reward:     2.25
Total T:    3398 | Ep:  160 | Steps:   15 | Reward:     3.74
Total T:    3412 | Ep:  161 | Steps:   14 | Reward:     2.10
Total T:    3429 | Ep:  162 | Steps:   17 | Reward:    -2.54
Total T:    3455 | Ep:  163 | Steps:   26 | Reward:     2.40
Total T:    3470 | Ep:  164 | Steps:   15 | Reward:    -7.25
Total T:    3505 | Ep:  165 | Steps:   35 | Reward:     6.06
Total T:    3516 | Ep:  166 | Steps:   11 | Reward:    -3.18
Total T:    3563 | Ep:  167 | Steps:   47 | Reward:     2.02
Total T:    3588 | Ep:  168 | Steps:   25 | Reward:     2.10
Total T:    3598 | Ep:  169 | Steps:   10 | Reward:    -1.43
Total T:    3616 | Ep:  170 | Steps:   18 | Reward:     4.89
Total T:    3629 | Ep:  171 | Steps:   13 | Reward:    -7.77
Total T:    3657 | Ep:  172 | Steps:   28 | Reward:     0.73
Total T:    3680 | Ep:  173 | Steps:   23 | Reward:    -1.24
Total T:    3698 | Ep:  174 | Steps:   18 | Reward:     5.19
Total T:    3721 | Ep:  175 | Steps:   23 | Reward:    -0.87
Total T:    3735 | Ep:  176 | Steps:   14 | Reward:     1.08
Total T:    3756 | Ep:  177 | Steps:   21 | Reward:     5.83
Total T:    3775 | Ep:  178 | Steps:   19 | Reward:     3.43
Total T:    3796 | Ep:  179 | Steps:   21 | Reward:    -3.22
Total T:    3819 | Ep:  180 | Steps:   23 | Reward:    -2.50
Total T:    3852 | Ep:  181 | Steps:   33 | Reward:    15.89
Total T:    3893 | Ep:  182 | Steps:   41 | Reward:    26.89
Total T:    3926 | Ep:  183 | Steps:   33 | Reward:     2.32
Total T:    3946 | Ep:  184 | Steps:   20 | Reward:     5.93
Total T:    3982 | Ep:  185 | Steps:   36 | Reward:     1.43
Total T:    4008 | Ep:  186 | Steps:   26 | Reward:     3.97
Total T:    4023 | Ep:  187 | Steps:   15 | Reward:     0.63
Total T:    4051 | Ep:  188 | Steps:   28 | Reward:    13.82
Total T:    4077 | Ep:  189 | Steps:   26 | Reward:    10.06
Total T:    4089 | Ep:  190 | Steps:   12 | Reward:     2.09
Total T:    4121 | Ep:  191 | Steps:   32 | Reward:    12.57
Total T:    4133 | Ep:  192 | Steps:   12 | Reward:     1.22
Total T:    4147 | Ep:  193 | Steps:   14 | Reward:     4.90
Total T:    4157 | Ep:  194 | Steps:   10 | Reward:    -3.63
Total T:    4182 | Ep:  195 | Steps:   25 | Reward:    -8.57
Total T:    4193 | Ep:  196 | Steps:   11 | Reward:    -3.33
Total T:    4213 | Ep:  197 | Steps:   20 | Reward:    -3.12
Total T:    4231 | Ep:  198 | Steps:   18 | Reward:     1.74
Total T:    4245 | Ep:  199 | Steps:   14 | Reward:     0.16
Total T:    4260 | Ep:  200 | Steps:   15 | Reward:     3.78
Total T:    4283 | Ep:  201 | Steps:   23 | Reward:     4.71
Total T:    4305 | Ep:  202 | Steps:   22 | Reward:    -7.18
Total T:    4339 | Ep:  203 | Steps:   34 | Reward:     0.98
Total T:    4356 | Ep:  204 | Steps:   17 | Reward:     6.51
Total T:    4372 | Ep:  205 | Steps:   16 | Reward:    -1.60
Total T:    4388 | Ep:  206 | Steps:   16 | Reward:     4.51
Total T:    4399 | Ep:  207 | Steps:   11 | Reward:     1.50
Total T:    4424 | Ep:  208 | Steps:   25 | Reward:     9.75
Total T:    4448 | Ep:  209 | Steps:   24 | Reward:     0.33
Total T:    4464 | Ep:  210 | Steps:   16 | Reward:     0.73
Total T:    4483 | Ep:  211 | Steps:   19 | Reward:    -2.73
Total T:    4541 | Ep:  212 | Steps:   58 | Reward:    -8.75
Total T:    4555 | Ep:  213 | Steps:   14 | Reward:    -3.12
Total T:    4569 | Ep:  214 | Steps:   14 | Reward:    -1.22
Total T:    4590 | Ep:  215 | Steps:   21 | Reward:     3.51
Total T:    4599 | Ep:  216 | Steps:    9 | Reward:    -3.25
Total T:    4625 | Ep:  217 | Steps:   26 | Reward:    14.81
Total T:    4650 | Ep:  218 | Steps:   25 | Reward:    -8.81
Total T:    4661 | Ep:  219 | Steps:   11 | Reward:    -4.41
Total T:    4683 | Ep:  220 | Steps:   22 | Reward:    -6.12
Total T:    4693 | Ep:  221 | Steps:   10 | Reward:    -4.47
Total T:    4709 | Ep:  222 | Steps:   16 | Reward:     3.82
Total T:    4724 | Ep:  223 | Steps:   15 | Reward:    -2.37
Total T:    4739 | Ep:  224 | Steps:   15 | Reward:     2.30
Total T:    4770 | Ep:  225 | Steps:   31 | Reward:    12.88
Total T:    4783 | Ep:  226 | Steps:   13 | Reward:     0.52
Total T:    4803 | Ep:  227 | Steps:   20 | Reward:     8.41
Total T:    4824 | Ep:  228 | Steps:   21 | Reward:     3.70
Total T:    4847 | Ep:  229 | Steps:   23 | Reward:     9.21
Total T:    4871 | Ep:  230 | Steps:   24 | Reward:    -5.85
Total T:    4888 | Ep:  231 | Steps:   17 | Reward:     4.07
Total T:    4920 | Ep:  232 | Steps:   32 | Reward:     9.69
Total T:    4942 | Ep:  233 | Steps:   22 | Reward:     8.33
Total T:    4961 | Ep:  234 | Steps:   19 | Reward:     2.47
Total T:    4974 | Ep:  235 | Steps:   13 | Reward:     0.64
Total T:    4994 | Ep:  236 | Steps:   20 | Reward:     1.39
Total T:    5004 | Ep:  237 | Steps:   10 | Reward:    -1.32
Total T:    5021 | Ep:  238 | Steps:   17 | Reward:     3.11
Total T:    5043 | Ep:  239 | Steps:   22 | Reward:    -3.91
Total T:    5063 | Ep:  240 | Steps:   20 | Reward:    -2.38
Total T:    5079 | Ep:  241 | Steps:   16 | Reward:     4.64
Total T:    5095 | Ep:  242 | Steps:   16 | Reward:     0.61
Total T:    5114 | Ep:  243 | Steps:   19 | Reward:     5.85
Total T:    5133 | Ep:  244 | Steps:   19 | Reward:    -5.30
Total T:    5145 | Ep:  245 | Steps:   12 | Reward:     1.62
Total T:    5162 | Ep:  246 | Steps:   17 | Reward:     1.55
Total T:    5177 | Ep:  247 | Steps:   15 | Reward:     4.00
Total T:    5200 | Ep:  248 | Steps:   23 | Reward:    -0.96
Total T:    5227 | Ep:  249 | Steps:   27 | Reward:     4.45
Total T:    5252 | Ep:  250 | Steps:   25 | Reward:    -2.02
Total T:    5277 | Ep:  251 | Steps:   25 | Reward:     2.40
Total T:    5297 | Ep:  252 | Steps:   20 | Reward:     0.77
Total T:    5349 | Ep:  253 | Steps:   52 | Reward:    15.54
Total T:    5368 | Ep:  254 | Steps:   19 | Reward:     0.20
Total T:    5383 | Ep:  255 | Steps:   15 | Reward:     2.01
Total T:    5409 | Ep:  256 | Steps:   26 | Reward:     0.32
Total T:    5425 | Ep:  257 | Steps:   16 | Reward:    -3.05
Total T:    5442 | Ep:  258 | Steps:   17 | Reward:    -3.13
Total T:    5473 | Ep:  259 | Steps:   31 | Reward:     9.33
Total T:    5491 | Ep:  260 | Steps:   18 | Reward:     8.33
Total T:    5505 | Ep:  261 | Steps:   14 | Reward:    -2.37
Total T:    5519 | Ep:  262 | Steps:   14 | Reward:    -2.26
Total T:    5542 | Ep:  263 | Steps:   23 | Reward:     3.88
Total T:    5554 | Ep:  264 | Steps:   12 | Reward:     0.90
Total T:    5564 | Ep:  265 | Steps:   10 | Reward:    -2.54
Total T:    5580 | Ep:  266 | Steps:   16 | Reward:     0.54
Total T:    5595 | Ep:  267 | Steps:   15 | Reward:     1.16
Total T:    5624 | Ep:  268 | Steps:   29 | Reward:    12.37
Total T:    5651 | Ep:  269 | Steps:   27 | Reward:    12.87
Total T:    5668 | Ep:  270 | Steps:   17 | Reward:     6.02
Total T:    5680 | Ep:  271 | Steps:   12 | Reward:    -0.27
Total T:    5702 | Ep:  272 | Steps:   22 | Reward:    -0.85
Total T:    5722 | Ep:  273 | Steps:   20 | Reward:     6.15
Total T:    5736 | Ep:  274 | Steps:   14 | Reward:     3.87
Total T:    5760 | Ep:  275 | Steps:   24 | Reward:     1.97
Total T:    5770 | Ep:  276 | Steps:   10 | Reward:    -1.97
Total T:    5786 | Ep:  277 | Steps:   16 | Reward:    -0.72
Total T:    5801 | Ep:  278 | Steps:   15 | Reward:     1.57
Total T:    5822 | Ep:  279 | Steps:   21 | Reward:     5.02
Total T:    5855 | Ep:  280 | Steps:   33 | Reward:     4.71
Total T:    5890 | Ep:  281 | Steps:   35 | Reward:     8.43
Total T:    5900 | Ep:  282 | Steps:   10 | Reward:     1.56
Total T:    5932 | Ep:  283 | Steps:   32 | Reward:     7.85
Total T:    5946 | Ep:  284 | Steps:   14 | Reward:     1.55
Total T:    5964 | Ep:  285 | Steps:   18 | Reward:    -1.19
Total T:    5983 | Ep:  286 | Steps:   19 | Reward:     0.55
Total T:    6000 | Ep:  287 | Steps:   17 | Reward:     3.75
Total T:    6023 | Ep:  288 | Steps:   23 | Reward:    13.34
Total T:    6046 | Ep:  289 | Steps:   23 | Reward:     5.89
Total T:    6065 | Ep:  290 | Steps:   19 | Reward:     6.90
Total T:    6092 | Ep:  291 | Steps:   27 | Reward:    -2.89
Total T:    6118 | Ep:  292 | Steps:   26 | Reward:     6.44
Total T:    6140 | Ep:  293 | Steps:   22 | Reward:    10.95
Total T:    6154 | Ep:  294 | Steps:   14 | Reward:     3.08
Total T:    6180 | Ep:  295 | Steps:   26 | Reward:    12.17
Total T:    6206 | Ep:  296 | Steps:   26 | Reward:     0.56
Total T:    6223 | Ep:  297 | Steps:   17 | Reward:    -2.60
Total T:    6246 | Ep:  298 | Steps:   23 | Reward:     1.77
Total T:    6268 | Ep:  299 | Steps:   22 | Reward:     5.16
Total T:    6287 | Ep:  300 | Steps:   19 | Reward:     6.37
Total T:    6301 | Ep:  301 | Steps:   14 | Reward:     3.53
Total T:    6321 | Ep:  302 | Steps:   20 | Reward:    -3.99
Total T:    6366 | Ep:  303 | Steps:   45 | Reward:     5.65
Total T:    6405 | Ep:  304 | Steps:   39 | Reward:     5.21
Total T:    6416 | Ep:  305 | Steps:   11 | Reward:    -1.43
Total T:    6432 | Ep:  306 | Steps:   16 | Reward:    -1.77
Total T:    6450 | Ep:  307 | Steps:   18 | Reward:    -7.29
Total T:    6469 | Ep:  308 | Steps:   19 | Reward:     6.96
Total T:    6490 | Ep:  309 | Steps:   21 | Reward:    -5.07
Total T:    6522 | Ep:  310 | Steps:   32 | Reward:    21.11
Total T:    6538 | Ep:  311 | Steps:   16 | Reward:     4.13
Total T:    6555 | Ep:  312 | Steps:   17 | Reward:     3.40
Total T:    6569 | Ep:  313 | Steps:   14 | Reward:     4.62
Total T:    6589 | Ep:  314 | Steps:   20 | Reward:    -2.17
Total T:    6607 | Ep:  315 | Steps:   18 | Reward:     5.47
Total T:    6629 | Ep:  316 | Steps:   22 | Reward:     0.72
Total T:    6653 | Ep:  317 | Steps:   24 | Reward:     8.32
Total T:    6669 | Ep:  318 | Steps:   16 | Reward:     0.89
Total T:    6677 | Ep:  319 | Steps:    8 | Reward:    -2.34
Total T:    6691 | Ep:  320 | Steps:   14 | Reward:    -3.10
Total T:    6702 | Ep:  321 | Steps:   11 | Reward:     0.17
Total T:    6716 | Ep:  322 | Steps:   14 | Reward:    -7.91
Total T:    6749 | Ep:  323 | Steps:   33 | Reward:     8.07
Total T:    6764 | Ep:  324 | Steps:   15 | Reward:     3.91
Total T:    6782 | Ep:  325 | Steps:   18 | Reward:    -0.19
Total T:    6799 | Ep:  326 | Steps:   17 | Reward:     4.87
Total T:    6822 | Ep:  327 | Steps:   23 | Reward:    -0.14
Total T:    6833 | Ep:  328 | Steps:   11 | Reward:     0.17
Total T:    6851 | Ep:  329 | Steps:   18 | Reward:     7.07
Total T:    6867 | Ep:  330 | Steps:   16 | Reward:     4.85
Total T:    6885 | Ep:  331 | Steps:   18 | Reward:     6.44
Total T:    6896 | Ep:  332 | Steps:   11 | Reward:     1.97
Total T:    6926 | Ep:  333 | Steps:   30 | Reward:     2.47
Total T:    6949 | Ep:  334 | Steps:   23 | Reward:     5.00
Total T:    6968 | Ep:  335 | Steps:   19 | Reward:    -9.15
Total T:    7001 | Ep:  336 | Steps:   33 | Reward:    13.05
Total T:    7023 | Ep:  337 | Steps:   22 | Reward:     1.55
Total T:    7040 | Ep:  338 | Steps:   17 | Reward:    -3.28
Total T:    7055 | Ep:  339 | Steps:   15 | Reward:     3.17
Total T:    7070 | Ep:  340 | Steps:   15 | Reward:     4.58
Total T:    7080 | Ep:  341 | Steps:   10 | Reward:    -1.59
Total T:    7107 | Ep:  342 | Steps:   27 | Reward:    -0.35
Total T:    7126 | Ep:  343 | Steps:   19 | Reward:     4.10
Total T:    7143 | Ep:  344 | Steps:   17 | Reward:     5.35
Total T:    7154 | Ep:  345 | Steps:   11 | Reward:    -0.47
Total T:    7170 | Ep:  346 | Steps:   16 | Reward:     0.80
Total T:    7197 | Ep:  347 | Steps:   27 | Reward:     4.13
Total T:    7210 | Ep:  348 | Steps:   13 | Reward:    -2.15
Total T:    7229 | Ep:  349 | Steps:   19 | Reward:     9.06
Total T:    7245 | Ep:  350 | Steps:   16 | Reward:     4.36
Total T:    7253 | Ep:  351 | Steps:    8 | Reward:    -3.88
Total T:    7263 | Ep:  352 | Steps:   10 | Reward:    -1.58
Total T:    7284 | Ep:  353 | Steps:   21 | Reward:    -8.01
Total T:    7298 | Ep:  354 | Steps:   14 | Reward:    -0.18
Total T:    7330 | Ep:  355 | Steps:   32 | Reward:    18.49
Total T:    7339 | Ep:  356 | Steps:    9 | Reward:    -2.33
Total T:    7354 | Ep:  357 | Steps:   15 | Reward:    -0.80
Total T:    7378 | Ep:  358 | Steps:   24 | Reward:     7.34
Total T:    7401 | Ep:  359 | Steps:   23 | Reward:     8.11
Total T:    7429 | Ep:  360 | Steps:   28 | Reward:     1.70
Total T:    7444 | Ep:  361 | Steps:   15 | Reward:     2.31
Total T:    7468 | Ep:  362 | Steps:   24 | Reward:     5.38
Total T:    7478 | Ep:  363 | Steps:   10 | Reward:    -5.61
Total T:    7520 | Ep:  364 | Steps:   42 | Reward:    12.64
Total T:    7539 | Ep:  365 | Steps:   19 | Reward:    -3.95
Total T:    7556 | Ep:  366 | Steps:   17 | Reward:     3.68
Total T:    7607 | Ep:  367 | Steps:   51 | Reward:     4.71
Total T:    7625 | Ep:  368 | Steps:   18 | Reward:     2.54
Total T:    7650 | Ep:  369 | Steps:   25 | Reward:     0.38
Total T:    7665 | Ep:  370 | Steps:   15 | Reward:    -0.11
Total T:    7684 | Ep:  371 | Steps:   19 | Reward:     3.56
Total T:    7715 | Ep:  372 | Steps:   31 | Reward:     9.53
Total T:    7734 | Ep:  373 | Steps:   19 | Reward:     1.42
Total T:    7756 | Ep:  374 | Steps:   22 | Reward:     3.61
Total T:    7771 | Ep:  375 | Steps:   15 | Reward:     1.22
Total T:    7788 | Ep:  376 | Steps:   17 | Reward:     1.78
Total T:    7824 | Ep:  377 | Steps:   36 | Reward:     7.01
Total T:    7838 | Ep:  378 | Steps:   14 | Reward:     3.71
Total T:    7851 | Ep:  379 | Steps:   13 | Reward:     1.55
Total T:    7868 | Ep:  380 | Steps:   17 | Reward:    -0.15
Total T:    7890 | Ep:  381 | Steps:   22 | Reward:    -4.41
Total T:    7921 | Ep:  382 | Steps:   31 | Reward:     4.09
Total T:    7963 | Ep:  383 | Steps:   42 | Reward:    19.13
Total T:    7979 | Ep:  384 | Steps:   16 | Reward:     4.71
Total T:    8004 | Ep:  385 | Steps:   25 | Reward:     3.06
Total T:    8024 | Ep:  386 | Steps:   20 | Reward:     7.68
Total T:    8045 | Ep:  387 | Steps:   21 | Reward:    -4.36
Total T:    8064 | Ep:  388 | Steps:   19 | Reward:     0.06
Total T:    8081 | Ep:  389 | Steps:   17 | Reward:     1.42
Total T:    8095 | Ep:  390 | Steps:   14 | Reward:    -2.25
Total T:    8114 | Ep:  391 | Steps:   19 | Reward:     5.79
Total T:    8128 | Ep:  392 | Steps:   14 | Reward:    -3.40
Total T:    8143 | Ep:  393 | Steps:   15 | Reward:     3.69
Total T:    8165 | Ep:  394 | Steps:   22 | Reward:    -7.11
Total T:    8204 | Ep:  395 | Steps:   39 | Reward:     8.43
Total T:    8223 | Ep:  396 | Steps:   19 | Reward:     3.51
Total T:    8251 | Ep:  397 | Steps:   28 | Reward:     3.64
Total T:    8266 | Ep:  398 | Steps:   15 | Reward:    -4.93
Total T:    8281 | Ep:  399 | Steps:   15 | Reward:     3.81
Total T:    8293 | Ep:  400 | Steps:   12 | Reward:    -1.10
Total T:    8309 | Ep:  401 | Steps:   16 | Reward:     0.59
Total T:    8330 | Ep:  402 | Steps:   21 | Reward:     0.34
Total T:    8344 | Ep:  403 | Steps:   14 | Reward:     2.62
Total T:    8361 | Ep:  404 | Steps:   17 | Reward:     6.34
Total T:    8376 | Ep:  405 | Steps:   15 | Reward:     5.22
Total T:    8390 | Ep:  406 | Steps:   14 | Reward:     4.54
Total T:    8422 | Ep:  407 | Steps:   32 | Reward:     1.80
Total T:    8444 | Ep:  408 | Steps:   22 | Reward:    10.35
Total T:    8454 | Ep:  409 | Steps:   10 | Reward:    -1.81
Total T:    8471 | Ep:  410 | Steps:   17 | Reward:    -4.86
Total T:    8487 | Ep:  411 | Steps:   16 | Reward:    -1.02
Total T:    8504 | Ep:  412 | Steps:   17 | Reward:     3.82
Total T:    8534 | Ep:  413 | Steps:   30 | Reward:     4.34
Total T:    8546 | Ep:  414 | Steps:   12 | Reward:     2.12
Total T:    8569 | Ep:  415 | Steps:   23 | Reward:    12.67
Total T:    8585 | Ep:  416 | Steps:   16 | Reward:     5.10
Total T:    8598 | Ep:  417 | Steps:   13 | Reward:    -3.80
Total T:    8636 | Ep:  418 | Steps:   38 | Reward:    12.17
Total T:    8649 | Ep:  419 | Steps:   13 | Reward:     1.44
Total T:    8695 | Ep:  420 | Steps:   46 | Reward:    15.78
Total T:    8722 | Ep:  421 | Steps:   27 | Reward:     1.01
Total T:    8735 | Ep:  422 | Steps:   13 | Reward:    -0.39
Total T:    8751 | Ep:  423 | Steps:   16 | Reward:     4.36
Total T:    8766 | Ep:  424 | Steps:   15 | Reward:    -2.64
Total T:    8793 | Ep:  425 | Steps:   27 | Reward:     8.78
Total T:    8842 | Ep:  426 | Steps:   49 | Reward:     9.72
Total T:    8869 | Ep:  427 | Steps:   27 | Reward:     7.22
Total T:    8880 | Ep:  428 | Steps:   11 | Reward:     1.77
Total T:    8897 | Ep:  429 | Steps:   17 | Reward:    -1.42
Total T:    8911 | Ep:  430 | Steps:   14 | Reward:    -0.82
Total T:    8934 | Ep:  431 | Steps:   23 | Reward:     5.08
Total T:    8948 | Ep:  432 | Steps:   14 | Reward:     3.43
Total T:    8967 | Ep:  433 | Steps:   19 | Reward:     6.87
Total T:    8980 | Ep:  434 | Steps:   13 | Reward:     2.57
Total T:    9002 | Ep:  435 | Steps:   22 | Reward:    -4.18
Total T:    9024 | Ep:  436 | Steps:   22 | Reward:     1.22
Total T:    9059 | Ep:  437 | Steps:   35 | Reward:    12.81
Total T:    9079 | Ep:  438 | Steps:   20 | Reward:    -9.47
Total T:    9100 | Ep:  439 | Steps:   21 | Reward:     1.61
Total T:    9120 | Ep:  440 | Steps:   20 | Reward:     8.19
Total T:    9152 | Ep:  441 | Steps:   32 | Reward:     8.17
Total T:    9176 | Ep:  442 | Steps:   24 | Reward:    -2.76
Total T:    9200 | Ep:  443 | Steps:   24 | Reward:     3.01
Total T:    9226 | Ep:  444 | Steps:   26 | Reward:     3.82
Total T:    9257 | Ep:  445 | Steps:   31 | Reward:     4.89
Total T:    9289 | Ep:  446 | Steps:   32 | Reward:    -0.54
Total T:    9310 | Ep:  447 | Steps:   21 | Reward:     0.69
Total T:    9332 | Ep:  448 | Steps:   22 | Reward:    -2.98
Total T:    9348 | Ep:  449 | Steps:   16 | Reward:     1.47
Total T:    9365 | Ep:  450 | Steps:   17 | Reward:     7.59
Total T:    9384 | Ep:  451 | Steps:   19 | Reward:     3.31
Total T:    9401 | Ep:  452 | Steps:   17 | Reward:     5.88
Total T:    9422 | Ep:  453 | Steps:   21 | Reward:     4.83
Total T:    9436 | Ep:  454 | Steps:   14 | Reward:    -2.80
Total T:    9462 | Ep:  455 | Steps:   26 | Reward:     5.27
Total T:    9474 | Ep:  456 | Steps:   12 | Reward:     2.80
Total T:    9504 | Ep:  457 | Steps:   30 | Reward:     7.30
Total T:    9523 | Ep:  458 | Steps:   19 | Reward:    -6.90
Total T:    9548 | Ep:  459 | Steps:   25 | Reward:   -13.56
Total T:    9569 | Ep:  460 | Steps:   21 | Reward:     9.24
Total T:    9588 | Ep:  461 | Steps:   19 | Reward:     1.41
Total T:    9603 | Ep:  462 | Steps:   15 | Reward:     1.61
Total T:    9618 | Ep:  463 | Steps:   15 | Reward:    -0.72
Total T:    9637 | Ep:  464 | Steps:   19 | Reward:    -7.38
Total T:    9671 | Ep:  465 | Steps:   34 | Reward:     6.57
Total T:    9684 | Ep:  466 | Steps:   13 | Reward:     1.11
Total T:    9698 | Ep:  467 | Steps:   14 | Reward:     3.13
Total T:    9728 | Ep:  468 | Steps:   30 | Reward:    10.15
Total T:    9753 | Ep:  469 | Steps:   25 | Reward:     9.99
Total T:    9774 | Ep:  470 | Steps:   21 | Reward:     6.39
Total T:    9790 | Ep:  471 | Steps:   16 | Reward:     1.88
Total T:    9825 | Ep:  472 | Steps:   35 | Reward:     2.39
Total T:    9840 | Ep:  473 | Steps:   15 | Reward:     2.36
Total T:    9861 | Ep:  474 | Steps:   21 | Reward:    -2.92
Total T:    9878 | Ep:  475 | Steps:   17 | Reward:     1.25
Total T:    9887 | Ep:  476 | Steps:    9 | Reward:    -1.69
Total T:    9905 | Ep:  477 | Steps:   18 | Reward:     5.29
Total T:    9931 | Ep:  478 | Steps:   26 | Reward:    -0.01
Total T:    9950 | Ep:  479 | Steps:   19 | Reward:    -3.56
Total T:    9963 | Ep:  480 | Steps:   13 | Reward:    -4.39
Total T:    9978 | Ep:  481 | Steps:   15 | Reward:     6.07
---------------------------------------
Evaluation over 10 episodes: -5.220
---------------------------------------
Total T:   10003 | Ep:  482 | Steps:   25 | Reward:     5.26
Total T:   10026 | Ep:  483 | Steps:   23 | Reward:     7.47
Total T:   10048 | Ep:  484 | Steps:   22 | Reward:     7.02
Total T:   10065 | Ep:  485 | Steps:   17 | Reward:     1.73
Total T:   10112 | Ep:  486 | Steps:   47 | Reward:    31.73
Total T:   10137 | Ep:  487 | Steps:   25 | Reward:     6.62
Total T:   10156 | Ep:  488 | Steps:   19 | Reward:     4.43
Total T:   10176 | Ep:  489 | Steps:   20 | Reward:     7.32
Total T:   10186 | Ep:  490 | Steps:   10 | Reward:    -1.62
Total T:   10205 | Ep:  491 | Steps:   19 | Reward:     3.51
Total T:   10218 | Ep:  492 | Steps:   13 | Reward:    -3.19
Total T:   10234 | Ep:  493 | Steps:   16 | Reward:     3.00
Total T:   10252 | Ep:  494 | Steps:   18 | Reward:     3.94
Total T:   10263 | Ep:  495 | Steps:   11 | Reward:    -1.36
Total T:   10282 | Ep:  496 | Steps:   19 | Reward:    -1.19
Total T:   10308 | Ep:  497 | Steps:   26 | Reward:    11.39
Total T:   10330 | Ep:  498 | Steps:   22 | Reward:    -5.22
Total T:   10361 | Ep:  499 | Steps:   31 | Reward:    -3.11
Total T:   10397 | Ep:  500 | Steps:   36 | Reward:    18.47
Total T:   10406 | Ep:  501 | Steps:    9 | Reward:    -1.29
Total T:   10430 | Ep:  502 | Steps:   24 | Reward:     6.74
Total T:   10451 | Ep:  503 | Steps:   21 | Reward:     7.83
Total T:   10477 | Ep:  504 | Steps:   26 | Reward:    11.36
Total T:   10493 | Ep:  505 | Steps:   16 | Reward:     1.15
Total T:   10533 | Ep:  506 | Steps:   40 | Reward:     4.71
Total T:   10553 | Ep:  507 | Steps:   20 | Reward:     0.55
Total T:   10568 | Ep:  508 | Steps:   15 | Reward:     0.84
Total T:   10599 | Ep:  509 | Steps:   31 | Reward:     8.21
Total T:   10624 | Ep:  510 | Steps:   25 | Reward:    -1.81
Total T:   10648 | Ep:  511 | Steps:   24 | Reward:    -5.31
Total T:   10667 | Ep:  512 | Steps:   19 | Reward:     7.45
Total T:   10685 | Ep:  513 | Steps:   18 | Reward:    -7.41
Total T:   10698 | Ep:  514 | Steps:   13 | Reward:     3.34
Total T:   10720 | Ep:  515 | Steps:   22 | Reward:     1.02
Total T:   10740 | Ep:  516 | Steps:   20 | Reward:     4.84
Total T:   10769 | Ep:  517 | Steps:   29 | Reward:     7.01
Total T:   10783 | Ep:  518 | Steps:   14 | Reward:    -1.69
Total T:   10805 | Ep:  519 | Steps:   22 | Reward:     0.30
Total T:   10852 | Ep:  520 | Steps:   47 | Reward:    26.83
Total T:   10873 | Ep:  521 | Steps:   21 | Reward:     1.12
Total T:   10897 | Ep:  522 | Steps:   24 | Reward:    11.89
Total T:   10909 | Ep:  523 | Steps:   12 | Reward:     2.33
Total T:   10919 | Ep:  524 | Steps:   10 | Reward:    -1.64
Total T:   10952 | Ep:  525 | Steps:   33 | Reward:     8.92
Total T:   10972 | Ep:  526 | Steps:   20 | Reward:     3.03
Total T:   11009 | Ep:  527 | Steps:   37 | Reward:    13.16
Total T:   11023 | Ep:  528 | Steps:   14 | Reward:    -2.54
Total T:   11039 | Ep:  529 | Steps:   16 | Reward:     4.93
Total T:   11062 | Ep:  530 | Steps:   23 | Reward:     4.83
Total T:   11086 | Ep:  531 | Steps:   24 | Reward:    -4.17
Total T:   11101 | Ep:  532 | Steps:   15 | Reward:    -1.59
Total T:   11118 | Ep:  533 | Steps:   17 | Reward:    -0.51
Total T:   11136 | Ep:  534 | Steps:   18 | Reward:     8.23
Total T:   11158 | Ep:  535 | Steps:   22 | Reward:    -2.58
Total T:   11188 | Ep:  536 | Steps:   30 | Reward:     2.69
Total T:   11210 | Ep:  537 | Steps:   22 | Reward:    10.89
Total T:   11226 | Ep:  538 | Steps:   16 | Reward:     0.99
Total T:   11247 | Ep:  539 | Steps:   21 | Reward:    -9.91
Total T:   11266 | Ep:  540 | Steps:   19 | Reward:     1.90
Total T:   11276 | Ep:  541 | Steps:   10 | Reward:     0.27
Total T:   11311 | Ep:  542 | Steps:   35 | Reward:     4.58
Total T:   11324 | Ep:  543 | Steps:   13 | Reward:    -0.38
Total T:   11340 | Ep:  544 | Steps:   16 | Reward:    -4.68
Total T:   11363 | Ep:  545 | Steps:   23 | Reward:     1.82
Total T:   11373 | Ep:  546 | Steps:   10 | Reward:    -0.39
Total T:   11389 | Ep:  547 | Steps:   16 | Reward:     4.40
Total T:   11414 | Ep:  548 | Steps:   25 | Reward:    -4.16
Total T:   11435 | Ep:  549 | Steps:   21 | Reward:     7.27
Total T:   11452 | Ep:  550 | Steps:   17 | Reward:     2.95
Total T:   11468 | Ep:  551 | Steps:   16 | Reward:     1.13
Total T:   11487 | Ep:  552 | Steps:   19 | Reward:     1.43
Total T:   11503 | Ep:  553 | Steps:   16 | Reward:    -2.70
Total T:   11517 | Ep:  554 | Steps:   14 | Reward:     2.27
Total T:   11541 | Ep:  555 | Steps:   24 | Reward:     7.24
Total T:   11557 | Ep:  556 | Steps:   16 | Reward:     6.54
Total T:   11577 | Ep:  557 | Steps:   20 | Reward:    -0.06
Total T:   11605 | Ep:  558 | Steps:   28 | Reward:     8.09
Total T:   11623 | Ep:  559 | Steps:   18 | Reward:     1.19
Total T:   11635 | Ep:  560 | Steps:   12 | Reward:    -2.45
Total T:   11664 | Ep:  561 | Steps:   29 | Reward:     0.33
Total T:   11681 | Ep:  562 | Steps:   17 | Reward:     4.79
Total T:   11698 | Ep:  563 | Steps:   17 | Reward:     6.72
Total T:   11719 | Ep:  564 | Steps:   21 | Reward:     4.40
Total T:   11744 | Ep:  565 | Steps:   25 | Reward:    12.59
Total T:   11772 | Ep:  566 | Steps:   28 | Reward:     6.22
Total T:   11798 | Ep:  567 | Steps:   26 | Reward:    -4.16
Total T:   11821 | Ep:  568 | Steps:   23 | Reward:     6.57
Total T:   11844 | Ep:  569 | Steps:   23 | Reward:    10.79
Total T:   11865 | Ep:  570 | Steps:   21 | Reward:    -1.95
Total T:   11884 | Ep:  571 | Steps:   19 | Reward:     1.90
Total T:   11912 | Ep:  572 | Steps:   28 | Reward:     3.06
Total T:   11957 | Ep:  573 | Steps:   45 | Reward:    13.31
Total T:   11977 | Ep:  574 | Steps:   20 | Reward:     0.25
Total T:   11986 | Ep:  575 | Steps:    9 | Reward:    -3.10
Total T:   11999 | Ep:  576 | Steps:   13 | Reward:     0.68
Total T:   12015 | Ep:  577 | Steps:   16 | Reward:     3.02
Total T:   12036 | Ep:  578 | Steps:   21 | Reward:     5.62
Total T:   12057 | Ep:  579 | Steps:   21 | Reward:     6.83
Total T:   12076 | Ep:  580 | Steps:   19 | Reward:     0.39
Total T:   12110 | Ep:  581 | Steps:   34 | Reward:    10.83
Total T:   12129 | Ep:  582 | Steps:   19 | Reward:     6.18
Total T:   12149 | Ep:  583 | Steps:   20 | Reward:     6.41
Total T:   12167 | Ep:  584 | Steps:   18 | Reward:     0.07
Total T:   12189 | Ep:  585 | Steps:   22 | Reward:     2.50
Total T:   12205 | Ep:  586 | Steps:   16 | Reward:     2.73
Total T:   12219 | Ep:  587 | Steps:   14 | Reward:     0.67
Total T:   12247 | Ep:  588 | Steps:   28 | Reward:    12.85
Total T:   12271 | Ep:  589 | Steps:   24 | Reward:     9.30
Total T:   12288 | Ep:  590 | Steps:   17 | Reward:     2.57
Total T:   12301 | Ep:  591 | Steps:   13 | Reward:    -1.43
Total T:   12314 | Ep:  592 | Steps:   13 | Reward:    -0.89
Total T:   12334 | Ep:  593 | Steps:   20 | Reward:     3.82
Total T:   12351 | Ep:  594 | Steps:   17 | Reward:     8.53
Total T:   12365 | Ep:  595 | Steps:   14 | Reward:    -1.02
Total T:   12400 | Ep:  596 | Steps:   35 | Reward:     0.64
Total T:   12438 | Ep:  597 | Steps:   38 | Reward:     2.56
Total T:   12459 | Ep:  598 | Steps:   21 | Reward:    -8.71
Total T:   12485 | Ep:  599 | Steps:   26 | Reward:     3.89
Total T:   12503 | Ep:  600 | Steps:   18 | Reward:     4.36
Total T:   12537 | Ep:  601 | Steps:   34 | Reward:    13.41
Total T:   12552 | Ep:  602 | Steps:   15 | Reward:     6.16
Total T:   12607 | Ep:  603 | Steps:   55 | Reward:    39.53
Total T:   12623 | Ep:  604 | Steps:   16 | Reward:     3.05
Total T:   12645 | Ep:  605 | Steps:   22 | Reward:     2.19
Total T:   12667 | Ep:  606 | Steps:   22 | Reward:     7.01
Total T:   12687 | Ep:  607 | Steps:   20 | Reward:     6.06
Total T:   12701 | Ep:  608 | Steps:   14 | Reward:     1.55
Total T:   12717 | Ep:  609 | Steps:   16 | Reward:    -1.67
Total T:   12733 | Ep:  610 | Steps:   16 | Reward:     0.64
Total T:   12755 | Ep:  611 | Steps:   22 | Reward:     5.83
Total T:   12768 | Ep:  612 | Steps:   13 | Reward:    -0.61
Total T:   12799 | Ep:  613 | Steps:   31 | Reward:     2.40
Total T:   12827 | Ep:  614 | Steps:   28 | Reward:     7.17
Total T:   12840 | Ep:  615 | Steps:   13 | Reward:    -0.38
Total T:   12855 | Ep:  616 | Steps:   15 | Reward:     2.96
Total T:   12867 | Ep:  617 | Steps:   12 | Reward:     1.29
Total T:   12893 | Ep:  618 | Steps:   26 | Reward:     9.47
Total T:   12921 | Ep:  619 | Steps:   28 | Reward:    -2.87
Total T:   12950 | Ep:  620 | Steps:   29 | Reward:    13.26
Total T:   12961 | Ep:  621 | Steps:   11 | Reward:     1.79
Total T:   12975 | Ep:  622 | Steps:   14 | Reward:     1.13
Total T:   12996 | Ep:  623 | Steps:   21 | Reward:    -1.31
Total T:   13023 | Ep:  624 | Steps:   27 | Reward:     6.53
Total T:   13037 | Ep:  625 | Steps:   14 | Reward:    -2.00
Total T:   13052 | Ep:  626 | Steps:   15 | Reward:     3.09
Total T:   13079 | Ep:  627 | Steps:   27 | Reward:     5.48
Total T:   13091 | Ep:  628 | Steps:   12 | Reward:    -1.72
Total T:   13116 | Ep:  629 | Steps:   25 | Reward:    -9.39
Total T:   13134 | Ep:  630 | Steps:   18 | Reward:     3.08
Total T:   13163 | Ep:  631 | Steps:   29 | Reward:    -4.76
Total T:   13199 | Ep:  632 | Steps:   36 | Reward:     4.35
Total T:   13251 | Ep:  633 | Steps:   52 | Reward:    18.32
Total T:   13278 | Ep:  634 | Steps:   27 | Reward:     7.60
Total T:   13302 | Ep:  635 | Steps:   24 | Reward:    -3.52
Total T:   13315 | Ep:  636 | Steps:   13 | Reward:    -0.26
Total T:   13339 | Ep:  637 | Steps:   24 | Reward:    -4.82
Total T:   13351 | Ep:  638 | Steps:   12 | Reward:    -1.26
Total T:   13368 | Ep:  639 | Steps:   17 | Reward:    -0.39
Total T:   13401 | Ep:  640 | Steps:   33 | Reward:     8.29
Total T:   13419 | Ep:  641 | Steps:   18 | Reward:     4.41
Total T:   13455 | Ep:  642 | Steps:   36 | Reward:    15.90
Total T:   13475 | Ep:  643 | Steps:   20 | Reward:     2.02
Total T:   13490 | Ep:  644 | Steps:   15 | Reward:     0.36
Total T:   13515 | Ep:  645 | Steps:   25 | Reward:     2.35
Total T:   13530 | Ep:  646 | Steps:   15 | Reward:     2.36
Total T:   13576 | Ep:  647 | Steps:   46 | Reward:     2.13
Total T:   13595 | Ep:  648 | Steps:   19 | Reward:     6.62
Total T:   13619 | Ep:  649 | Steps:   24 | Reward:    -8.39
Total T:   13630 | Ep:  650 | Steps:   11 | Reward:    -2.11
Total T:   13645 | Ep:  651 | Steps:   15 | Reward:     2.65
Total T:   13659 | Ep:  652 | Steps:   14 | Reward:    -5.25
Total T:   13675 | Ep:  653 | Steps:   16 | Reward:     5.99
Total T:   13689 | Ep:  654 | Steps:   14 | Reward:    -0.04
Total T:   13708 | Ep:  655 | Steps:   19 | Reward:    -1.39
Total T:   13726 | Ep:  656 | Steps:   18 | Reward:    -7.71
Total T:   13741 | Ep:  657 | Steps:   15 | Reward:     1.08
Total T:   13756 | Ep:  658 | Steps:   15 | Reward:     0.66
Total T:   13796 | Ep:  659 | Steps:   40 | Reward:     4.47
Total T:   13809 | Ep:  660 | Steps:   13 | Reward:     0.27
Total T:   13840 | Ep:  661 | Steps:   31 | Reward:    19.23
Total T:   13864 | Ep:  662 | Steps:   24 | Reward:     5.09
Total T:   13871 | Ep:  663 | Steps:    7 | Reward:    -2.48
Total T:   13895 | Ep:  664 | Steps:   24 | Reward:     0.10
Total T:   13904 | Ep:  665 | Steps:    9 | Reward:    -0.10
Total T:   13918 | Ep:  666 | Steps:   14 | Reward:    -1.26
Total T:   13945 | Ep:  667 | Steps:   27 | Reward:     2.90
Total T:   13981 | Ep:  668 | Steps:   36 | Reward:    12.44
Total T:   14016 | Ep:  669 | Steps:   35 | Reward:    28.82
Total T:   14039 | Ep:  670 | Steps:   23 | Reward:     5.23
Total T:   14055 | Ep:  671 | Steps:   16 | Reward:     4.35
Total T:   14065 | Ep:  672 | Steps:   10 | Reward:     0.04
Total T:   14078 | Ep:  673 | Steps:   13 | Reward:    -0.18
Total T:   14101 | Ep:  674 | Steps:   23 | Reward:    -5.30
Total T:   14127 | Ep:  675 | Steps:   26 | Reward:    14.81
Total T:   14139 | Ep:  676 | Steps:   12 | Reward:     0.81
Total T:   14158 | Ep:  677 | Steps:   19 | Reward:     2.93
Total T:   14186 | Ep:  678 | Steps:   28 | Reward:     2.99
Total T:   14213 | Ep:  679 | Steps:   27 | Reward:     0.26
Total T:   14239 | Ep:  680 | Steps:   26 | Reward:    -0.80
Total T:   14267 | Ep:  681 | Steps:   28 | Reward:     9.33
Total T:   14278 | Ep:  682 | Steps:   11 | Reward:    -2.47
Total T:   14295 | Ep:  683 | Steps:   17 | Reward:     8.51
Total T:   14311 | Ep:  684 | Steps:   16 | Reward:     4.03
Total T:   14338 | Ep:  685 | Steps:   27 | Reward:     3.11
Total T:   14353 | Ep:  686 | Steps:   15 | Reward:     3.05
Total T:   14379 | Ep:  687 | Steps:   26 | Reward:     7.04
Total T:   14391 | Ep:  688 | Steps:   12 | Reward:     1.64
Total T:   14408 | Ep:  689 | Steps:   17 | Reward:    -1.38
Total T:   14436 | Ep:  690 | Steps:   28 | Reward:    -3.56
Total T:   14458 | Ep:  691 | Steps:   22 | Reward:     3.12
Total T:   14485 | Ep:  692 | Steps:   27 | Reward:     1.86
Total T:   14496 | Ep:  693 | Steps:   11 | Reward:    -0.47
Total T:   14516 | Ep:  694 | Steps:   20 | Reward:     7.02
Total T:   14538 | Ep:  695 | Steps:   22 | Reward:     9.34
Total T:   14562 | Ep:  696 | Steps:   24 | Reward:     9.10
Total T:   14585 | Ep:  697 | Steps:   23 | Reward:     2.17
Total T:   14605 | Ep:  698 | Steps:   20 | Reward:     2.79
Total T:   14637 | Ep:  699 | Steps:   32 | Reward:     5.54
Total T:   14651 | Ep:  700 | Steps:   14 | Reward:     2.00
Total T:   14684 | Ep:  701 | Steps:   33 | Reward:    15.21
Total T:   14697 | Ep:  702 | Steps:   13 | Reward:     2.37
Total T:   14718 | Ep:  703 | Steps:   21 | Reward:     2.03
Total T:   14741 | Ep:  704 | Steps:   23 | Reward:    -2.15
Total T:   14756 | Ep:  705 | Steps:   15 | Reward:     2.10
Total T:   14773 | Ep:  706 | Steps:   17 | Reward:    -1.25
Total T:   14813 | Ep:  707 | Steps:   40 | Reward:    -7.02
Total T:   14839 | Ep:  708 | Steps:   26 | Reward:    -4.62
Total T:   14853 | Ep:  709 | Steps:   14 | Reward:    -2.44
Total T:   14891 | Ep:  710 | Steps:   38 | Reward:    13.20
Total T:   14903 | Ep:  711 | Steps:   12 | Reward:    -1.70
Total T:   14929 | Ep:  712 | Steps:   26 | Reward:    -1.33
Total T:   14962 | Ep:  713 | Steps:   33 | Reward:     0.65
Total T:   14980 | Ep:  714 | Steps:   18 | Reward:     0.57
Total T:   14995 | Ep:  715 | Steps:   15 | Reward:     0.65
Total T:   15005 | Ep:  716 | Steps:   10 | Reward:     0.65
Total T:   15036 | Ep:  717 | Steps:   31 | Reward:     5.98
Total T:   15055 | Ep:  718 | Steps:   19 | Reward:     2.77
Total T:   15069 | Ep:  719 | Steps:   14 | Reward:     0.53
Total T:   15087 | Ep:  720 | Steps:   18 | Reward:    -7.53
Total T:   15104 | Ep:  721 | Steps:   17 | Reward:    -3.63
Total T:   15125 | Ep:  722 | Steps:   21 | Reward:     4.63
Total T:   15142 | Ep:  723 | Steps:   17 | Reward:    -2.44
Total T:   15166 | Ep:  724 | Steps:   24 | Reward:     3.14
Total T:   15188 | Ep:  725 | Steps:   22 | Reward:     8.62
Total T:   15199 | Ep:  726 | Steps:   11 | Reward:    -3.16
Total T:   15235 | Ep:  727 | Steps:   36 | Reward:     8.64
Total T:   15261 | Ep:  728 | Steps:   26 | Reward:    -5.36
Total T:   15275 | Ep:  729 | Steps:   14 | Reward:    -0.40
Total T:   15295 | Ep:  730 | Steps:   20 | Reward:     3.95
Total T:   15309 | Ep:  731 | Steps:   14 | Reward:     1.62
Total T:   15352 | Ep:  732 | Steps:   43 | Reward:    11.38
Total T:   15367 | Ep:  733 | Steps:   15 | Reward:    -1.99
Total T:   15380 | Ep:  734 | Steps:   13 | Reward:     2.30
Total T:   15391 | Ep:  735 | Steps:   11 | Reward:    -0.99
Total T:   15426 | Ep:  736 | Steps:   35 | Reward:     5.49
Total T:   15445 | Ep:  737 | Steps:   19 | Reward:     6.10
Total T:   15482 | Ep:  738 | Steps:   37 | Reward:    12.72
Total T:   15496 | Ep:  739 | Steps:   14 | Reward:     3.54
Total T:   15507 | Ep:  740 | Steps:   11 | Reward:    -0.74
Total T:   15541 | Ep:  741 | Steps:   34 | Reward:     6.98
Total T:   15564 | Ep:  742 | Steps:   23 | Reward:     8.39
Total T:   15577 | Ep:  743 | Steps:   13 | Reward:     0.30
Total T:   15594 | Ep:  744 | Steps:   17 | Reward:     4.09
Total T:   15608 | Ep:  745 | Steps:   14 | Reward:     2.88
Total T:   15638 | Ep:  746 | Steps:   30 | Reward:    12.28
Total T:   15654 | Ep:  747 | Steps:   16 | Reward:     0.77
Total T:   15681 | Ep:  748 | Steps:   27 | Reward:     6.07
Total T:   15695 | Ep:  749 | Steps:   14 | Reward:     3.00
Total T:   15710 | Ep:  750 | Steps:   15 | Reward:    -0.30
Total T:   15736 | Ep:  751 | Steps:   26 | Reward:     2.74
Total T:   15766 | Ep:  752 | Steps:   30 | Reward:     8.10
Total T:   15794 | Ep:  753 | Steps:   28 | Reward:     1.77
Total T:   15815 | Ep:  754 | Steps:   21 | Reward:     1.26
Total T:   15835 | Ep:  755 | Steps:   20 | Reward:     5.51
Total T:   15864 | Ep:  756 | Steps:   29 | Reward:    -4.37
Total T:   15883 | Ep:  757 | Steps:   19 | Reward:     4.28
Total T:   15903 | Ep:  758 | Steps:   20 | Reward:     6.35
Total T:   15923 | Ep:  759 | Steps:   20 | Reward:     5.47
Total T:   15954 | Ep:  760 | Steps:   31 | Reward:    11.14
Total T:   15970 | Ep:  761 | Steps:   16 | Reward:     6.38
Total T:   15987 | Ep:  762 | Steps:   17 | Reward:     0.57
Total T:   16006 | Ep:  763 | Steps:   19 | Reward:     2.08
Total T:   16033 | Ep:  764 | Steps:   27 | Reward:     4.96
Total T:   16059 | Ep:  765 | Steps:   26 | Reward:    -1.83
Total T:   16092 | Ep:  766 | Steps:   33 | Reward:     3.99
Total T:   16102 | Ep:  767 | Steps:   10 | Reward:    -1.22
Total T:   16133 | Ep:  768 | Steps:   31 | Reward:    -2.62
Total T:   16155 | Ep:  769 | Steps:   22 | Reward:    -0.23
Total T:   16174 | Ep:  770 | Steps:   19 | Reward:     9.32
Total T:   16198 | Ep:  771 | Steps:   24 | Reward:    -4.12
Total T:   16214 | Ep:  772 | Steps:   16 | Reward:    -9.55
Total T:   16230 | Ep:  773 | Steps:   16 | Reward:    -0.24
Total T:   16252 | Ep:  774 | Steps:   22 | Reward:     3.11
Total T:   16279 | Ep:  775 | Steps:   27 | Reward:     3.87
Total T:   16290 | Ep:  776 | Steps:   11 | Reward:    -3.44
Total T:   16335 | Ep:  777 | Steps:   45 | Reward:    24.10
Total T:   16362 | Ep:  778 | Steps:   27 | Reward:    -3.36
Total T:   16381 | Ep:  779 | Steps:   19 | Reward:    -1.20
Total T:   16402 | Ep:  780 | Steps:   21 | Reward:     3.51
Total T:   16418 | Ep:  781 | Steps:   16 | Reward:     2.49
Total T:   16442 | Ep:  782 | Steps:   24 | Reward:    -0.04
Total T:   16456 | Ep:  783 | Steps:   14 | Reward:     2.04
Total T:   16470 | Ep:  784 | Steps:   14 | Reward:     2.54
Total T:   16479 | Ep:  785 | Steps:    9 | Reward:    -2.16
Total T:   16507 | Ep:  786 | Steps:   28 | Reward:     9.18
Total T:   16525 | Ep:  787 | Steps:   18 | Reward:     4.63
Total T:   16535 | Ep:  788 | Steps:   10 | Reward:    -2.70
Total T:   16556 | Ep:  789 | Steps:   21 | Reward:     6.22
Total T:   16585 | Ep:  790 | Steps:   29 | Reward:    12.59
Total T:   16625 | Ep:  791 | Steps:   40 | Reward:    12.40
Total T:   16644 | Ep:  792 | Steps:   19 | Reward:    -5.19
Total T:   16669 | Ep:  793 | Steps:   25 | Reward:    -2.17
Total T:   16692 | Ep:  794 | Steps:   23 | Reward:     9.00
Total T:   16715 | Ep:  795 | Steps:   23 | Reward:    -6.60
Total T:   16734 | Ep:  796 | Steps:   19 | Reward:    11.14
Total T:   16752 | Ep:  797 | Steps:   18 | Reward:     2.11
Total T:   16780 | Ep:  798 | Steps:   28 | Reward:     1.88
Total T:   16808 | Ep:  799 | Steps:   28 | Reward:    14.29
Total T:   16826 | Ep:  800 | Steps:   18 | Reward:     6.83
Total T:   16845 | Ep:  801 | Steps:   19 | Reward:     5.08
Total T:   16861 | Ep:  802 | Steps:   16 | Reward:     2.77
Total T:   16877 | Ep:  803 | Steps:   16 | Reward:     3.84
Total T:   16890 | Ep:  804 | Steps:   13 | Reward:     0.68
Total T:   16908 | Ep:  805 | Steps:   18 | Reward:     2.49
Total T:   16929 | Ep:  806 | Steps:   21 | Reward:    -2.87
Total T:   16959 | Ep:  807 | Steps:   30 | Reward:    10.39
Total T:   16979 | Ep:  808 | Steps:   20 | Reward:     7.97
Total T:   16991 | Ep:  809 | Steps:   12 | Reward:    -2.57
Total T:   17017 | Ep:  810 | Steps:   26 | Reward:    -4.70
Total T:   17043 | Ep:  811 | Steps:   26 | Reward:    -3.11
Total T:   17064 | Ep:  812 | Steps:   21 | Reward:     5.58
Total T:   17079 | Ep:  813 | Steps:   15 | Reward:     4.85
Total T:   17118 | Ep:  814 | Steps:   39 | Reward:    -0.44
Total T:   17146 | Ep:  815 | Steps:   28 | Reward:     3.95
Total T:   17160 | Ep:  816 | Steps:   14 | Reward:     3.71
Total T:   17183 | Ep:  817 | Steps:   23 | Reward:    12.00
Total T:   17207 | Ep:  818 | Steps:   24 | Reward:     5.21
Total T:   17230 | Ep:  819 | Steps:   23 | Reward:    -0.19
Total T:   17243 | Ep:  820 | Steps:   13 | Reward:     3.96
Total T:   17256 | Ep:  821 | Steps:   13 | Reward:     1.75
Total T:   17274 | Ep:  822 | Steps:   18 | Reward:     7.12
Total T:   17304 | Ep:  823 | Steps:   30 | Reward:     3.37
Total T:   17321 | Ep:  824 | Steps:   17 | Reward:    -0.39
Total T:   17342 | Ep:  825 | Steps:   21 | Reward:     5.15
Total T:   17382 | Ep:  826 | Steps:   40 | Reward:    13.32
Total T:   17414 | Ep:  827 | Steps:   32 | Reward:    -1.54
Total T:   17438 | Ep:  828 | Steps:   24 | Reward:    -2.05
Total T:   17454 | Ep:  829 | Steps:   16 | Reward:     4.21
Total T:   17469 | Ep:  830 | Steps:   15 | Reward:    -2.26
Total T:   17491 | Ep:  831 | Steps:   22 | Reward:    -3.72
Total T:   17519 | Ep:  832 | Steps:   28 | Reward:    -2.34
Total T:   17542 | Ep:  833 | Steps:   23 | Reward:    -3.75
Total T:   17560 | Ep:  834 | Steps:   18 | Reward:     0.80
Total T:   17573 | Ep:  835 | Steps:   13 | Reward:    -3.57
Total T:   17598 | Ep:  836 | Steps:   25 | Reward:     9.70
Total T:   17614 | Ep:  837 | Steps:   16 | Reward:    -3.09
Total T:   17630 | Ep:  838 | Steps:   16 | Reward:     2.99
Total T:   17641 | Ep:  839 | Steps:   11 | Reward:    -1.48
Total T:   17668 | Ep:  840 | Steps:   27 | Reward:     9.20
Total T:   17693 | Ep:  841 | Steps:   25 | Reward:     1.20
Total T:   17711 | Ep:  842 | Steps:   18 | Reward:     2.36
Total T:   17733 | Ep:  843 | Steps:   22 | Reward:     9.95
Total T:   17745 | Ep:  844 | Steps:   12 | Reward:     1.43
Total T:   17778 | Ep:  845 | Steps:   33 | Reward:    16.07
Total T:   17795 | Ep:  846 | Steps:   17 | Reward:     3.29
Total T:   17805 | Ep:  847 | Steps:   10 | Reward:     1.62
Total T:   17835 | Ep:  848 | Steps:   30 | Reward:     2.48
Total T:   17854 | Ep:  849 | Steps:   19 | Reward:     8.19
Total T:   17872 | Ep:  850 | Steps:   18 | Reward:     2.72
Total T:   17885 | Ep:  851 | Steps:   13 | Reward:    -1.97
Total T:   17912 | Ep:  852 | Steps:   27 | Reward:    -1.81
Total T:   17938 | Ep:  853 | Steps:   26 | Reward:    -3.99
Total T:   17951 | Ep:  854 | Steps:   13 | Reward:     3.84
Total T:   17963 | Ep:  855 | Steps:   12 | Reward:    -5.85
Total T:   17990 | Ep:  856 | Steps:   27 | Reward:     1.45
Total T:   18019 | Ep:  857 | Steps:   29 | Reward:     3.91
Total T:   18032 | Ep:  858 | Steps:   13 | Reward:     3.29
Total T:   18053 | Ep:  859 | Steps:   21 | Reward:     2.44
Total T:   18068 | Ep:  860 | Steps:   15 | Reward:    -2.69
Total T:   18079 | Ep:  861 | Steps:   11 | Reward:     1.06
Total T:   18097 | Ep:  862 | Steps:   18 | Reward:     5.24
Total T:   18117 | Ep:  863 | Steps:   20 | Reward:     4.03
Total T:   18142 | Ep:  864 | Steps:   25 | Reward:     1.60
Total T:   18157 | Ep:  865 | Steps:   15 | Reward:     0.15
Total T:   18189 | Ep:  866 | Steps:   32 | Reward:     2.09
Total T:   18203 | Ep:  867 | Steps:   14 | Reward:     2.26
Total T:   18227 | Ep:  868 | Steps:   24 | Reward:     2.13
Total T:   18243 | Ep:  869 | Steps:   16 | Reward:     0.50
Total T:   18256 | Ep:  870 | Steps:   13 | Reward:    -2.00
Total T:   18272 | Ep:  871 | Steps:   16 | Reward:     0.66
Total T:   18299 | Ep:  872 | Steps:   27 | Reward:    12.49
Total T:   18331 | Ep:  873 | Steps:   32 | Reward:     2.50
Total T:   18354 | Ep:  874 | Steps:   23 | Reward:    -4.86
Total T:   18376 | Ep:  875 | Steps:   22 | Reward:     0.87
Total T:   18388 | Ep:  876 | Steps:   12 | Reward:    -0.93
Total T:   18404 | Ep:  877 | Steps:   16 | Reward:     1.68
Total T:   18419 | Ep:  878 | Steps:   15 | Reward:    -3.38
Total T:   18435 | Ep:  879 | Steps:   16 | Reward:    -0.27
Total T:   18457 | Ep:  880 | Steps:   22 | Reward:     8.22
Total T:   18480 | Ep:  881 | Steps:   23 | Reward:     8.80
Total T:   18501 | Ep:  882 | Steps:   21 | Reward:     1.38
Total T:   18516 | Ep:  883 | Steps:   15 | Reward:    -0.86
Total T:   18529 | Ep:  884 | Steps:   13 | Reward:     3.38
Total T:   18547 | Ep:  885 | Steps:   18 | Reward:     4.51
Total T:   18568 | Ep:  886 | Steps:   21 | Reward:    -5.64
Total T:   18591 | Ep:  887 | Steps:   23 | Reward:     2.30
Total T:   18614 | Ep:  888 | Steps:   23 | Reward:    -7.66
Total T:   18624 | Ep:  889 | Steps:   10 | Reward:    -3.90
Total T:   18648 | Ep:  890 | Steps:   24 | Reward:    12.17
Total T:   18668 | Ep:  891 | Steps:   20 | Reward:     6.09
Total T:   18682 | Ep:  892 | Steps:   14 | Reward:    -1.70
Total T:   18702 | Ep:  893 | Steps:   20 | Reward:     1.58
Total T:   18726 | Ep:  894 | Steps:   24 | Reward:    -2.33
Total T:   18743 | Ep:  895 | Steps:   17 | Reward:     7.21
Total T:   18757 | Ep:  896 | Steps:   14 | Reward:     0.11
Total T:   18776 | Ep:  897 | Steps:   19 | Reward:     4.00
Total T:   18791 | Ep:  898 | Steps:   15 | Reward:     0.77
Total T:   18810 | Ep:  899 | Steps:   19 | Reward:     2.12
Total T:   18824 | Ep:  900 | Steps:   14 | Reward:    -5.44
Total T:   18836 | Ep:  901 | Steps:   12 | Reward:     1.95
Total T:   18852 | Ep:  902 | Steps:   16 | Reward:     0.39
Total T:   18905 | Ep:  903 | Steps:   53 | Reward:     8.09
Total T:   18939 | Ep:  904 | Steps:   34 | Reward:     8.79
Total T:   18958 | Ep:  905 | Steps:   19 | Reward:     4.20
Total T:   18972 | Ep:  906 | Steps:   14 | Reward:    -2.53
Total T:   18982 | Ep:  907 | Steps:   10 | Reward:    -2.15
Total T:   19008 | Ep:  908 | Steps:   26 | Reward:    13.06
Total T:   19020 | Ep:  909 | Steps:   12 | Reward:    -3.70
Total T:   19037 | Ep:  910 | Steps:   17 | Reward:     6.20
Total T:   19059 | Ep:  911 | Steps:   22 | Reward:     1.58
Total T:   19084 | Ep:  912 | Steps:   25 | Reward:     2.17
Total T:   19102 | Ep:  913 | Steps:   18 | Reward:     9.07
Total T:   19116 | Ep:  914 | Steps:   14 | Reward:     4.07
Total T:   19132 | Ep:  915 | Steps:   16 | Reward:     0.45
Total T:   19154 | Ep:  916 | Steps:   22 | Reward:    -0.32
Total T:   19178 | Ep:  917 | Steps:   24 | Reward:    -5.72
Total T:   19197 | Ep:  918 | Steps:   19 | Reward:     2.11
Total T:   19219 | Ep:  919 | Steps:   22 | Reward:     8.91
Total T:   19256 | Ep:  920 | Steps:   37 | Reward:    17.05
Total T:   19272 | Ep:  921 | Steps:   16 | Reward:     0.13
Total T:   19285 | Ep:  922 | Steps:   13 | Reward:    -3.74
Total T:   19299 | Ep:  923 | Steps:   14 | Reward:    -6.34
Total T:   19319 | Ep:  924 | Steps:   20 | Reward:     2.39
Total T:   19339 | Ep:  925 | Steps:   20 | Reward:     9.17
Total T:   19384 | Ep:  926 | Steps:   45 | Reward:     9.02
Total T:   19401 | Ep:  927 | Steps:   17 | Reward:     3.03
Total T:   19417 | Ep:  928 | Steps:   16 | Reward:     0.66
Total T:   19445 | Ep:  929 | Steps:   28 | Reward:    15.51
Total T:   19462 | Ep:  930 | Steps:   17 | Reward:     2.01
Total T:   19473 | Ep:  931 | Steps:   11 | Reward:    -0.86
Total T:   19498 | Ep:  932 | Steps:   25 | Reward:     4.00
Total T:   19513 | Ep:  933 | Steps:   15 | Reward:    -0.15
Total T:   19540 | Ep:  934 | Steps:   27 | Reward:     7.89
Total T:   19560 | Ep:  935 | Steps:   20 | Reward:     1.69
Total T:   19574 | Ep:  936 | Steps:   14 | Reward:     1.43
Total T:   19599 | Ep:  937 | Steps:   25 | Reward:    12.00
Total T:   19617 | Ep:  938 | Steps:   18 | Reward:     4.59
Total T:   19634 | Ep:  939 | Steps:   17 | Reward:    -0.50
Total T:   19661 | Ep:  940 | Steps:   27 | Reward:     1.63
Total T:   19682 | Ep:  941 | Steps:   21 | Reward:     1.08
Total T:   19703 | Ep:  942 | Steps:   21 | Reward:     8.15
Total T:   19723 | Ep:  943 | Steps:   20 | Reward:     5.82
Total T:   19739 | Ep:  944 | Steps:   16 | Reward:     1.32
Total T:   19770 | Ep:  945 | Steps:   31 | Reward:     4.89
Total T:   19781 | Ep:  946 | Steps:   11 | Reward:    -1.53
Total T:   19799 | Ep:  947 | Steps:   18 | Reward:     4.37
Total T:   19820 | Ep:  948 | Steps:   21 | Reward:    -1.96
Total T:   19831 | Ep:  949 | Steps:   11 | Reward:    -2.67
Total T:   19859 | Ep:  950 | Steps:   28 | Reward:     7.17
Total T:   19906 | Ep:  951 | Steps:   47 | Reward:    35.54
Total T:   19920 | Ep:  952 | Steps:   14 | Reward:     0.09
Total T:   19946 | Ep:  953 | Steps:   26 | Reward:     1.06
Total T:   19960 | Ep:  954 | Steps:   14 | Reward:     1.04
Total T:   19983 | Ep:  955 | Steps:   23 | Reward:     4.02
Total T:   19995 | Ep:  956 | Steps:   12 | Reward:     3.46
---------------------------------------
Evaluation over 10 episodes: -5.169
---------------------------------------
Total T:   20016 | Ep:  957 | Steps:   21 | Reward:    -5.92
Total T:   20032 | Ep:  958 | Steps:   16 | Reward:    -2.98
Total T:   20043 | Ep:  959 | Steps:   11 | Reward:    -0.32
Total T:   20061 | Ep:  960 | Steps:   18 | Reward:     1.89
Total T:   20089 | Ep:  961 | Steps:   28 | Reward:    12.45
Total T:   20129 | Ep:  962 | Steps:   40 | Reward:    27.92
Total T:   20146 | Ep:  963 | Steps:   17 | Reward:     6.71
Total T:   20175 | Ep:  964 | Steps:   29 | Reward:     1.54
Total T:   20190 | Ep:  965 | Steps:   15 | Reward:     3.85
Total T:   20209 | Ep:  966 | Steps:   19 | Reward:     9.02
Total T:   20226 | Ep:  967 | Steps:   17 | Reward:     0.39
Total T:   20248 | Ep:  968 | Steps:   22 | Reward:    -1.75
Total T:   20261 | Ep:  969 | Steps:   13 | Reward:     2.35
Total T:   20279 | Ep:  970 | Steps:   18 | Reward:    -0.32
Total T:   20296 | Ep:  971 | Steps:   17 | Reward:     3.05
Total T:   20319 | Ep:  972 | Steps:   23 | Reward:    -4.44
Total T:   20333 | Ep:  973 | Steps:   14 | Reward:    -1.59
Total T:   20356 | Ep:  974 | Steps:   23 | Reward:     3.37
Total T:   20372 | Ep:  975 | Steps:   16 | Reward:     2.88
Total T:   20386 | Ep:  976 | Steps:   14 | Reward:    -3.65
Total T:   20415 | Ep:  977 | Steps:   29 | Reward:     4.53
Total T:   20429 | Ep:  978 | Steps:   14 | Reward:    -2.67
Total T:   20440 | Ep:  979 | Steps:   11 | Reward:    -0.81
Total T:   20468 | Ep:  980 | Steps:   28 | Reward:    -4.33
Total T:   20500 | Ep:  981 | Steps:   32 | Reward:    -8.37
Total T:   20517 | Ep:  982 | Steps:   17 | Reward:    -0.31
Total T:   20530 | Ep:  983 | Steps:   13 | Reward:    -8.75
Total T:   20541 | Ep:  984 | Steps:   11 | Reward:    -0.44
Total T:   20555 | Ep:  985 | Steps:   14 | Reward:     3.43
Total T:   20568 | Ep:  986 | Steps:   13 | Reward:     1.19
Total T:   20582 | Ep:  987 | Steps:   14 | Reward:     0.78
Total T:   20602 | Ep:  988 | Steps:   20 | Reward:     7.28
Total T:   20620 | Ep:  989 | Steps:   18 | Reward:     5.20
Total T:   20642 | Ep:  990 | Steps:   22 | Reward:    -1.14
Total T:   20684 | Ep:  991 | Steps:   42 | Reward:    10.63
Total T:   20712 | Ep:  992 | Steps:   28 | Reward:     6.76
Total T:   20729 | Ep:  993 | Steps:   17 | Reward:     4.54
Total T:   20751 | Ep:  994 | Steps:   22 | Reward:    -3.30
Total T:   20780 | Ep:  995 | Steps:   29 | Reward:     1.93
Total T:   20792 | Ep:  996 | Steps:   12 | Reward:    -1.84
Total T:   20800 | Ep:  997 | Steps:    8 | Reward:    -1.68
Total T:   20834 | Ep:  998 | Steps:   34 | Reward:    11.79
Total T:   20856 | Ep:  999 | Steps:   22 | Reward:     2.65
Total T:   20866 | Ep: 1000 | Steps:   10 | Reward:    -1.70
Total T:   20882 | Ep: 1001 | Steps:   16 | Reward:    -1.54
Total T:   20897 | Ep: 1002 | Steps:   15 | Reward:    -3.53
Total T:   20931 | Ep: 1003 | Steps:   34 | Reward:     2.11
Total T:   20957 | Ep: 1004 | Steps:   26 | Reward:    -5.17
Total T:   20983 | Ep: 1005 | Steps:   26 | Reward:     5.14
Total T:   20998 | Ep: 1006 | Steps:   15 | Reward:     4.84
Total T:   21019 | Ep: 1007 | Steps:   21 | Reward:     5.53
Total T:   21037 | Ep: 1008 | Steps:   18 | Reward:     1.61
Total T:   21057 | Ep: 1009 | Steps:   20 | Reward:     3.17
Total T:   21071 | Ep: 1010 | Steps:   14 | Reward:     4.35
Total T:   21091 | Ep: 1011 | Steps:   20 | Reward:    -0.36
Total T:   21103 | Ep: 1012 | Steps:   12 | Reward:    -3.94
Total T:   21114 | Ep: 1013 | Steps:   11 | Reward:    -1.04
Total T:   21135 | Ep: 1014 | Steps:   21 | Reward:     0.34
Total T:   21151 | Ep: 1015 | Steps:   16 | Reward:     5.58
Total T:   21162 | Ep: 1016 | Steps:   11 | Reward:     0.30
Total T:   21180 | Ep: 1017 | Steps:   18 | Reward:     3.11
Total T:   21205 | Ep: 1018 | Steps:   25 | Reward:     9.72
Total T:   21227 | Ep: 1019 | Steps:   22 | Reward:     9.83
Total T:   21249 | Ep: 1020 | Steps:   22 | Reward:    -2.74
Total T:   21271 | Ep: 1021 | Steps:   22 | Reward:   -13.12
Total T:   21296 | Ep: 1022 | Steps:   25 | Reward:    12.15
Total T:   21326 | Ep: 1023 | Steps:   30 | Reward:    11.75
Total T:   21339 | Ep: 1024 | Steps:   13 | Reward:     2.30
Total T:   21349 | Ep: 1025 | Steps:   10 | Reward:    -1.58
Total T:   21370 | Ep: 1026 | Steps:   21 | Reward:    -0.62
Total T:   21390 | Ep: 1027 | Steps:   20 | Reward:     0.39
Total T:   21418 | Ep: 1028 | Steps:   28 | Reward:     9.03
Total T:   21438 | Ep: 1029 | Steps:   20 | Reward:    -3.94
Total T:   21462 | Ep: 1030 | Steps:   24 | Reward:    -1.21
Total T:   21476 | Ep: 1031 | Steps:   14 | Reward:     2.04
Total T:   21485 | Ep: 1032 | Steps:    9 | Reward:    -1.75
Total T:   21500 | Ep: 1033 | Steps:   15 | Reward:     3.73
Total T:   21526 | Ep: 1034 | Steps:   26 | Reward:     7.52
Total T:   21548 | Ep: 1035 | Steps:   22 | Reward:     3.64
Total T:   21570 | Ep: 1036 | Steps:   22 | Reward:    -4.97
Total T:   21602 | Ep: 1037 | Steps:   32 | Reward:    15.71
Total T:   21626 | Ep: 1038 | Steps:   24 | Reward:     7.94
Total T:   21652 | Ep: 1039 | Steps:   26 | Reward:    -4.40
Total T:   21667 | Ep: 1040 | Steps:   15 | Reward:    -2.79
Total T:   21681 | Ep: 1041 | Steps:   14 | Reward:     0.13
Total T:   21695 | Ep: 1042 | Steps:   14 | Reward:     4.56
Total T:   21719 | Ep: 1043 | Steps:   24 | Reward:    -4.14
Total T:   21728 | Ep: 1044 | Steps:    9 | Reward:    -1.01
Total T:   21746 | Ep: 1045 | Steps:   18 | Reward:     4.28
Total T:   21793 | Ep: 1046 | Steps:   47 | Reward:    13.26
Total T:   21808 | Ep: 1047 | Steps:   15 | Reward:    -2.14
Total T:   21837 | Ep: 1048 | Steps:   29 | Reward:     9.58
Total T:   21853 | Ep: 1049 | Steps:   16 | Reward:     2.49
Total T:   21871 | Ep: 1050 | Steps:   18 | Reward:     6.42
Total T:   21885 | Ep: 1051 | Steps:   14 | Reward:    -0.54
Total T:   21910 | Ep: 1052 | Steps:   25 | Reward:     9.52
Total T:   21921 | Ep: 1053 | Steps:   11 | Reward:    -5.35
Total T:   21943 | Ep: 1054 | Steps:   22 | Reward:    -1.15
Total T:   21981 | Ep: 1055 | Steps:   38 | Reward:     7.07
Total T:   22005 | Ep: 1056 | Steps:   24 | Reward:     1.18
Total T:   22015 | Ep: 1057 | Steps:   10 | Reward:    -1.32
Total T:   22033 | Ep: 1058 | Steps:   18 | Reward:     4.18
Total T:   22045 | Ep: 1059 | Steps:   12 | Reward:    -1.68
Total T:   22068 | Ep: 1060 | Steps:   23 | Reward:     2.22
Total T:   22090 | Ep: 1061 | Steps:   22 | Reward:    -3.15
Total T:   22112 | Ep: 1062 | Steps:   22 | Reward:    -2.83
Total T:   22157 | Ep: 1063 | Steps:   45 | Reward:    10.88
Total T:   22176 | Ep: 1064 | Steps:   19 | Reward:     5.73
Total T:   22190 | Ep: 1065 | Steps:   14 | Reward:    -1.97
Total T:   22212 | Ep: 1066 | Steps:   22 | Reward:     8.13
Total T:   22239 | Ep: 1067 | Steps:   27 | Reward:    -1.36
Total T:   22264 | Ep: 1068 | Steps:   25 | Reward:    10.41
Total T:   22299 | Ep: 1069 | Steps:   35 | Reward:     0.59
Total T:   22327 | Ep: 1070 | Steps:   28 | Reward:     8.12
Total T:   22355 | Ep: 1071 | Steps:   28 | Reward:    14.78
Total T:   22369 | Ep: 1072 | Steps:   14 | Reward:     6.02
Total T:   22398 | Ep: 1073 | Steps:   29 | Reward:    -0.99
Total T:   22418 | Ep: 1074 | Steps:   20 | Reward:    -0.68
Total T:   22431 | Ep: 1075 | Steps:   13 | Reward:     1.13
Total T:   22445 | Ep: 1076 | Steps:   14 | Reward:     3.19
Total T:   22466 | Ep: 1077 | Steps:   21 | Reward:     6.87
Total T:   22484 | Ep: 1078 | Steps:   18 | Reward:     6.90
Total T:   22497 | Ep: 1079 | Steps:   13 | Reward:    -1.65
Total T:   22517 | Ep: 1080 | Steps:   20 | Reward:     2.24
Total T:   22529 | Ep: 1081 | Steps:   12 | Reward:    -1.27
Total T:   22544 | Ep: 1082 | Steps:   15 | Reward:    -9.30
Total T:   22566 | Ep: 1083 | Steps:   22 | Reward:     0.33
Total T:   22585 | Ep: 1084 | Steps:   19 | Reward:     2.94
Total T:   22600 | Ep: 1085 | Steps:   15 | Reward:     0.23
Total T:   22625 | Ep: 1086 | Steps:   25 | Reward:    -4.97
Total T:   22652 | Ep: 1087 | Steps:   27 | Reward:     3.04
Total T:   22678 | Ep: 1088 | Steps:   26 | Reward:    -2.76
Total T:   22707 | Ep: 1089 | Steps:   29 | Reward:     2.47
Total T:   22722 | Ep: 1090 | Steps:   15 | Reward:     0.79
Total T:   22744 | Ep: 1091 | Steps:   22 | Reward:     3.99
Total T:   22759 | Ep: 1092 | Steps:   15 | Reward:     0.18
Total T:   22784 | Ep: 1093 | Steps:   25 | Reward:     2.63
Total T:   22801 | Ep: 1094 | Steps:   17 | Reward:     3.18
Total T:   22814 | Ep: 1095 | Steps:   13 | Reward:    -0.14
Total T:   22830 | Ep: 1096 | Steps:   16 | Reward:     0.03
Total T:   22869 | Ep: 1097 | Steps:   39 | Reward:    30.46
Total T:   22888 | Ep: 1098 | Steps:   19 | Reward:     8.11
Total T:   22916 | Ep: 1099 | Steps:   28 | Reward:     7.10
Total T:   22936 | Ep: 1100 | Steps:   20 | Reward:     3.78
Total T:   22955 | Ep: 1101 | Steps:   19 | Reward:    -2.88
Total T:   22981 | Ep: 1102 | Steps:   26 | Reward:     4.81
Total T:   23015 | Ep: 1103 | Steps:   34 | Reward:     3.61
Total T:   23033 | Ep: 1104 | Steps:   18 | Reward:     1.21
Total T:   23052 | Ep: 1105 | Steps:   19 | Reward:     1.12
Total T:   23082 | Ep: 1106 | Steps:   30 | Reward:     7.74
Total T:   23104 | Ep: 1107 | Steps:   22 | Reward:    -1.29
Total T:   23117 | Ep: 1108 | Steps:   13 | Reward:     0.68
Total T:   23128 | Ep: 1109 | Steps:   11 | Reward:    -1.70
Total T:   23162 | Ep: 1110 | Steps:   34 | Reward:    -0.37
Total T:   23178 | Ep: 1111 | Steps:   16 | Reward:   -10.73
Total T:   23191 | Ep: 1112 | Steps:   13 | Reward:     0.05
Total T:   23211 | Ep: 1113 | Steps:   20 | Reward:     3.19
Total T:   23236 | Ep: 1114 | Steps:   25 | Reward:    -5.50
Total T:   23252 | Ep: 1115 | Steps:   16 | Reward:    -2.38
Total T:   23281 | Ep: 1116 | Steps:   29 | Reward:     9.30
Total T:   23303 | Ep: 1117 | Steps:   22 | Reward:     7.80
Total T:   23323 | Ep: 1118 | Steps:   20 | Reward:    -3.26
Total T:   23348 | Ep: 1119 | Steps:   25 | Reward:     6.23
Total T:   23358 | Ep: 1120 | Steps:   10 | Reward:    -0.17
Total T:   23370 | Ep: 1121 | Steps:   12 | Reward:    -1.92
Total T:   23384 | Ep: 1122 | Steps:   14 | Reward:     2.40
Total T:   23402 | Ep: 1123 | Steps:   18 | Reward:     4.37
Total T:   23428 | Ep: 1124 | Steps:   26 | Reward:     4.78
Total T:   23441 | Ep: 1125 | Steps:   13 | Reward:     0.00
Total T:   23468 | Ep: 1126 | Steps:   27 | Reward:     2.42
Total T:   23487 | Ep: 1127 | Steps:   19 | Reward:     2.18
Total T:   23516 | Ep: 1128 | Steps:   29 | Reward:     4.94
Total T:   23525 | Ep: 1129 | Steps:    9 | Reward:    -1.54
Total T:   23550 | Ep: 1130 | Steps:   25 | Reward:     4.81
Total T:   23580 | Ep: 1131 | Steps:   30 | Reward:     3.83
Total T:   23593 | Ep: 1132 | Steps:   13 | Reward:    -0.22
Total T:   23639 | Ep: 1133 | Steps:   46 | Reward:    33.93
Total T:   23653 | Ep: 1134 | Steps:   14 | Reward:    -4.54
Total T:   23676 | Ep: 1135 | Steps:   23 | Reward:    11.20
Total T:   23697 | Ep: 1136 | Steps:   21 | Reward:     3.48
Total T:   23730 | Ep: 1137 | Steps:   33 | Reward:    11.39
Total T:   23745 | Ep: 1138 | Steps:   15 | Reward:    -2.23
Total T:   23764 | Ep: 1139 | Steps:   19 | Reward:     5.40
Total T:   23781 | Ep: 1140 | Steps:   17 | Reward:     4.60
Total T:   23821 | Ep: 1141 | Steps:   40 | Reward:     9.55
Total T:   23844 | Ep: 1142 | Steps:   23 | Reward:     5.62
Total T:   23877 | Ep: 1143 | Steps:   33 | Reward:     2.94
Total T:   23900 | Ep: 1144 | Steps:   23 | Reward:    -3.13
Total T:   23912 | Ep: 1145 | Steps:   12 | Reward:    -1.91
Total T:   23925 | Ep: 1146 | Steps:   13 | Reward:     0.21
Total T:   23965 | Ep: 1147 | Steps:   40 | Reward:    19.31
Total T:   23974 | Ep: 1148 | Steps:    9 | Reward:    -2.15
Total T:   23991 | Ep: 1149 | Steps:   17 | Reward:    -5.52
Total T:   24002 | Ep: 1150 | Steps:   11 | Reward:    -1.34
Total T:   24044 | Ep: 1151 | Steps:   42 | Reward:     5.93
Total T:   24053 | Ep: 1152 | Steps:    9 | Reward:    -5.52
Total T:   24074 | Ep: 1153 | Steps:   21 | Reward:    -5.86
Total T:   24089 | Ep: 1154 | Steps:   15 | Reward:     1.57
Total T:   24113 | Ep: 1155 | Steps:   24 | Reward:     1.93
Total T:   24142 | Ep: 1156 | Steps:   29 | Reward:     3.27
Total T:   24178 | Ep: 1157 | Steps:   36 | Reward:     7.04
Total T:   24198 | Ep: 1158 | Steps:   20 | Reward:     0.55
Total T:   24218 | Ep: 1159 | Steps:   20 | Reward:     2.50
Total T:   24236 | Ep: 1160 | Steps:   18 | Reward:     3.40
Total T:   24264 | Ep: 1161 | Steps:   28 | Reward:     8.31
Total T:   24285 | Ep: 1162 | Steps:   21 | Reward:     1.57
Total T:   24306 | Ep: 1163 | Steps:   21 | Reward:     0.23
Total T:   24322 | Ep: 1164 | Steps:   16 | Reward:     4.03
Total T:   24352 | Ep: 1165 | Steps:   30 | Reward:     8.82
Total T:   24361 | Ep: 1166 | Steps:    9 | Reward:    -2.32
Total T:   24371 | Ep: 1167 | Steps:   10 | Reward:    -1.44
Total T:   24392 | Ep: 1168 | Steps:   21 | Reward:    -3.86
Total T:   24410 | Ep: 1169 | Steps:   18 | Reward:    -2.40
Total T:   24424 | Ep: 1170 | Steps:   14 | Reward:     2.11
Total T:   24436 | Ep: 1171 | Steps:   12 | Reward:    -1.81
Total T:   24449 | Ep: 1172 | Steps:   13 | Reward:    -0.33
Total T:   24469 | Ep: 1173 | Steps:   20 | Reward:    -5.73
Total T:   24493 | Ep: 1174 | Steps:   24 | Reward:    -0.12
Total T:   24510 | Ep: 1175 | Steps:   17 | Reward:     1.85
Total T:   24524 | Ep: 1176 | Steps:   14 | Reward:     3.14
Total T:   24542 | Ep: 1177 | Steps:   18 | Reward:    -2.87
Total T:   24556 | Ep: 1178 | Steps:   14 | Reward:     2.05
Total T:   24573 | Ep: 1179 | Steps:   17 | Reward:     8.00
Total T:   24614 | Ep: 1180 | Steps:   41 | Reward:     4.78
Total T:   24642 | Ep: 1181 | Steps:   28 | Reward:    -1.04
Total T:   24662 | Ep: 1182 | Steps:   20 | Reward:    -2.64
Total T:   24681 | Ep: 1183 | Steps:   19 | Reward:     2.33
Total T:   24694 | Ep: 1184 | Steps:   13 | Reward:     0.11
Total T:   24710 | Ep: 1185 | Steps:   16 | Reward:    -0.23
Total T:   24733 | Ep: 1186 | Steps:   23 | Reward:    10.70
Total T:   24772 | Ep: 1187 | Steps:   39 | Reward:    19.01
Total T:   24802 | Ep: 1188 | Steps:   30 | Reward:     6.34
Total T:   24827 | Ep: 1189 | Steps:   25 | Reward:     6.00
Total T:   24852 | Ep: 1190 | Steps:   25 | Reward:     5.37
Total T:   24903 | Ep: 1191 | Steps:   51 | Reward:    -0.85
Total T:   24924 | Ep: 1192 | Steps:   21 | Reward:    -0.30
Total T:   24942 | Ep: 1193 | Steps:   18 | Reward:     1.65
Total T:   24972 | Ep: 1194 | Steps:   30 | Reward:     7.68
Total T:   24981 | Ep: 1195 | Steps:    9 | Reward:    -0.85
Total T:   25005 | Ep: 1196 | Steps:   24 | Reward:     0.29
Total T:   25015 | Ep: 1197 | Steps:   10 | Reward:    -2.87
Total T:   25025 | Ep: 1198 | Steps:   10 | Reward:    -5.63
Total T:   25046 | Ep: 1199 | Steps:   21 | Reward:    -8.34
Total T:   25097 | Ep: 1200 | Steps:   51 | Reward:   -12.23
Total T:   25165 | Ep: 1201 | Steps:   68 | Reward:   -11.47
Total T:   25233 | Ep: 1202 | Steps:   68 | Reward:    -9.12
Total T:   25299 | Ep: 1203 | Steps:   66 | Reward:   -10.62
Total T:   25365 | Ep: 1204 | Steps:   66 | Reward:   -10.23
Total T:   25432 | Ep: 1205 | Steps:   67 | Reward:   -10.21
Total T:   25501 | Ep: 1206 | Steps:   69 | Reward:    -7.26
Total T:   25568 | Ep: 1207 | Steps:   67 | Reward:    -8.55
Total T:   25637 | Ep: 1208 | Steps:   69 | Reward:   -11.80
Total T:   25705 | Ep: 1209 | Steps:   68 | Reward:    -8.07
Total T:   25774 | Ep: 1210 | Steps:   69 | Reward:   -14.05
Total T:   25842 | Ep: 1211 | Steps:   68 | Reward:    -9.44
Total T:   25910 | Ep: 1212 | Steps:   68 | Reward:   -10.60
Total T:   25978 | Ep: 1213 | Steps:   68 | Reward:    -8.76
Total T:   26053 | Ep: 1214 | Steps:   75 | Reward:   -24.79
Total T:   26311 | Ep: 1215 | Steps:  258 | Reward:   143.68
Total T:   26429 | Ep: 1216 | Steps:  118 | Reward:    83.29
Total T:   26505 | Ep: 1217 | Steps:   76 | Reward:    81.28
Total T:   26646 | Ep: 1218 | Steps:  141 | Reward:   218.66
Total T:   27214 | Ep: 1219 | Steps:  568 | Reward:   550.76
Total T:   27559 | Ep: 1220 | Steps:  345 | Reward:   550.81
Total T:   27773 | Ep: 1221 | Steps:  214 | Reward:   367.15
Total T:   28128 | Ep: 1222 | Steps:  355 | Reward:   494.69
Total T:   28225 | Ep: 1223 | Steps:   97 | Reward:     0.20
Total T:   28342 | Ep: 1224 | Steps:  117 | Reward:   -17.78
Total T:   28490 | Ep: 1225 | Steps:  148 | Reward:   -10.28
Total T:   28567 | Ep: 1226 | Steps:   77 | Reward:   -31.58
Total T:   28647 | Ep: 1227 | Steps:   80 | Reward:   -25.87
Total T:   28774 | Ep: 1228 | Steps:  127 | Reward:     7.37
Total T:   28903 | Ep: 1229 | Steps:  129 | Reward:    11.28
Total T:   29061 | Ep: 1230 | Steps:  158 | Reward:    23.06
Total T:   29237 | Ep: 1231 | Steps:  176 | Reward:    58.20
Total T:   29766 | Ep: 1232 | Steps:  529 | Reward:   606.91
Total T:   29983 | Ep: 1233 | Steps:  217 | Reward:   371.02
---------------------------------------
Evaluation over 10 episodes: 211.394
---------------------------------------
Total T:   30381 | Ep: 1234 | Steps:  398 | Reward:   183.87
Total T:   31120 | Ep: 1235 | Steps:  739 | Reward:   764.98
Total T:   31238 | Ep: 1236 | Steps:  118 | Reward:   -16.30
Total T:   31358 | Ep: 1237 | Steps:  120 | Reward:   -14.81
Total T:   31444 | Ep: 1238 | Steps:   86 | Reward:    21.13
Total T:   31806 | Ep: 1239 | Steps:  362 | Reward:   143.70
Total T:   31954 | Ep: 1240 | Steps:  148 | Reward:   207.00
Total T:   32233 | Ep: 1241 | Steps:  279 | Reward:   102.46
Total T:   32485 | Ep: 1242 | Steps:  252 | Reward:   257.27
Total T:   32642 | Ep: 1243 | Steps:  157 | Reward:   253.02
Total T:   33642 | Ep: 1244 | Steps: 1000 | Reward:   526.58
Total T:   33780 | Ep: 1245 | Steps:  138 | Reward:    30.48
Total T:   34169 | Ep: 1246 | Steps:  389 | Reward:   388.50
Total T:   34312 | Ep: 1247 | Steps:  143 | Reward:   212.81
Total T:   34997 | Ep: 1248 | Steps:  685 | Reward:   618.56
Total T:   35190 | Ep: 1249 | Steps:  193 | Reward:    83.80
Total T:   35429 | Ep: 1250 | Steps:  239 | Reward:   355.55
Total T:   35640 | Ep: 1251 | Steps:  211 | Reward:   328.36
Total T:   36032 | Ep: 1252 | Steps:  392 | Reward:   508.51
Total T:   36235 | Ep: 1253 | Steps:  203 | Reward:    79.02
Total T:   36351 | Ep: 1254 | Steps:  116 | Reward:    45.38
Total T:   36694 | Ep: 1255 | Steps:  343 | Reward:   475.19
Total T:   36858 | Ep: 1256 | Steps:  164 | Reward:   272.28
Total T:   37042 | Ep: 1257 | Steps:  184 | Reward:    94.64
Total T:   37291 | Ep: 1258 | Steps:  249 | Reward:   166.57
Total T:   37371 | Ep: 1259 | Steps:   80 | Reward:    21.66
Total T:   37510 | Ep: 1260 | Steps:  139 | Reward:    57.47
Total T:   37686 | Ep: 1261 | Steps:  176 | Reward:    88.14
Total T:   37744 | Ep: 1262 | Steps:   58 | Reward:    41.27
Total T:   37869 | Ep: 1263 | Steps:  125 | Reward:   233.68
Total T:   38209 | Ep: 1264 | Steps:  340 | Reward:   467.07
Total T:   38400 | Ep: 1265 | Steps:  191 | Reward:   328.25
Total T:   38579 | Ep: 1266 | Steps:  179 | Reward:   299.70
Total T:   38688 | Ep: 1267 | Steps:  109 | Reward:   175.00
Total T:   38828 | Ep: 1268 | Steps:  140 | Reward:   264.80
Total T:   38994 | Ep: 1269 | Steps:  166 | Reward:   265.51
Total T:   39178 | Ep: 1270 | Steps:  184 | Reward:   361.94
Total T:   39350 | Ep: 1271 | Steps:  172 | Reward:   315.33
Total T:   39507 | Ep: 1272 | Steps:  157 | Reward:    79.75
Total T:   39720 | Ep: 1273 | Steps:  213 | Reward:   350.78
Total T:   39794 | Ep: 1274 | Steps:   74 | Reward:   130.40
Total T:   39931 | Ep: 1275 | Steps:  137 | Reward:   228.52
---------------------------------------
Evaluation over 10 episodes: 271.438
---------------------------------------
Total T:   40124 | Ep: 1276 | Steps:  193 | Reward:   312.72
Total T:   40318 | Ep: 1277 | Steps:  194 | Reward:   317.21
Total T:   40415 | Ep: 1278 | Steps:   97 | Reward:   178.45
Total T:   40542 | Ep: 1279 | Steps:  127 | Reward:   246.96
Total T:   40675 | Ep: 1280 | Steps:  133 | Reward:   166.71
Total T:   40831 | Ep: 1281 | Steps:  156 | Reward:   289.76
Total T:   41135 | Ep: 1282 | Steps:  304 | Reward:   435.79
Total T:   41282 | Ep: 1283 | Steps:  147 | Reward:   219.28
Total T:   41470 | Ep: 1284 | Steps:  188 | Reward:   323.90
Total T:   41568 | Ep: 1285 | Steps:   98 | Reward:    41.22
Total T:   41714 | Ep: 1286 | Steps:  146 | Reward:   251.37
Total T:   41845 | Ep: 1287 | Steps:  131 | Reward:   257.60
Total T:   42051 | Ep: 1288 | Steps:  206 | Reward:    63.17
Total T:   42303 | Ep: 1289 | Steps:  252 | Reward:   375.70
Total T:   42466 | Ep: 1290 | Steps:  163 | Reward:    37.93
Total T:   42685 | Ep: 1291 | Steps:  219 | Reward:   349.66
Total T:   42859 | Ep: 1292 | Steps:  174 | Reward:   320.22
Total T:   43021 | Ep: 1293 | Steps:  162 | Reward:   332.21
Total T:   43243 | Ep: 1294 | Steps:  222 | Reward:   144.22
Total T:   43375 | Ep: 1295 | Steps:  132 | Reward:    37.14
Total T:   43574 | Ep: 1296 | Steps:  199 | Reward:   322.20
Total T:   43882 | Ep: 1297 | Steps:  308 | Reward:   448.09
Total T:   44020 | Ep: 1298 | Steps:  138 | Reward:   257.60
Total T:   44132 | Ep: 1299 | Steps:  112 | Reward:   212.89
Total T:   44250 | Ep: 1300 | Steps:  118 | Reward:   222.99
Total T:   44380 | Ep: 1301 | Steps:  130 | Reward:   239.99
Total T:   44756 | Ep: 1302 | Steps:  376 | Reward:   587.71
Total T:   44907 | Ep: 1303 | Steps:  151 | Reward:   271.50
Total T:   45052 | Ep: 1304 | Steps:  145 | Reward:   239.48
Total T:   45164 | Ep: 1305 | Steps:  112 | Reward:   212.52
Total T:   45309 | Ep: 1306 | Steps:  145 | Reward:   252.70
Total T:   45485 | Ep: 1307 | Steps:  176 | Reward:   313.27
Total T:   45650 | Ep: 1308 | Steps:  165 | Reward:   280.25
Total T:   45756 | Ep: 1309 | Steps:  106 | Reward:   198.83
Total T:   45867 | Ep: 1310 | Steps:  111 | Reward:   213.80
Total T:   46062 | Ep: 1311 | Steps:  195 | Reward:   210.77
Total T:   46152 | Ep: 1312 | Steps:   90 | Reward:   140.21
Total T:   46300 | Ep: 1313 | Steps:  148 | Reward:   216.89
Total T:   46464 | Ep: 1314 | Steps:  164 | Reward:   266.59
Total T:   46584 | Ep: 1315 | Steps:  120 | Reward:   214.03
Total T:   46683 | Ep: 1316 | Steps:   99 | Reward:   186.83
Total T:   46802 | Ep: 1317 | Steps:  119 | Reward:   221.91
Total T:   47802 | Ep: 1318 | Steps: 1000 | Reward:   929.98
Total T:   47894 | Ep: 1319 | Steps:   92 | Reward:    48.70
Total T:   48034 | Ep: 1320 | Steps:  140 | Reward:   163.00
Total T:   48153 | Ep: 1321 | Steps:  119 | Reward:   167.66
Total T:   48284 | Ep: 1322 | Steps:  131 | Reward:    28.91
Total T:   48373 | Ep: 1323 | Steps:   89 | Reward:   143.01
Total T:   48491 | Ep: 1324 | Steps:  118 | Reward:   163.08
Total T:   48580 | Ep: 1325 | Steps:   89 | Reward:   164.14
Total T:   48673 | Ep: 1326 | Steps:   93 | Reward:   167.04
Total T:   49003 | Ep: 1327 | Steps:  330 | Reward:   448.07
Total T:   49176 | Ep: 1328 | Steps:  173 | Reward:    28.29
Total T:   49297 | Ep: 1329 | Steps:  121 | Reward:    28.62
Total T:   49775 | Ep: 1330 | Steps:  478 | Reward:   475.16
---------------------------------------
Evaluation over 10 episodes: 167.232
---------------------------------------
Total T:   50049 | Ep: 1331 | Steps:  274 | Reward:   333.13
Total T:   50198 | Ep: 1332 | Steps:  149 | Reward:   270.57
Total T:   50459 | Ep: 1333 | Steps:  261 | Reward:   337.12
Total T:   50683 | Ep: 1334 | Steps:  224 | Reward:   291.88
Total T:   50879 | Ep: 1335 | Steps:  196 | Reward:    55.84
Total T:   50979 | Ep: 1336 | Steps:  100 | Reward:   176.33
Total T:   51081 | Ep: 1337 | Steps:  102 | Reward:   169.22
Total T:   51200 | Ep: 1338 | Steps:  119 | Reward:   174.70
Total T:   51357 | Ep: 1339 | Steps:  157 | Reward:   229.63
Total T:   51518 | Ep: 1340 | Steps:  161 | Reward:   259.80
Total T:   51646 | Ep: 1341 | Steps:  128 | Reward:   189.76
Total T:   51799 | Ep: 1342 | Steps:  153 | Reward:   212.08
Total T:   51946 | Ep: 1343 | Steps:  147 | Reward:   232.39
Total T:   52066 | Ep: 1344 | Steps:  120 | Reward:   150.26
Total T:   52170 | Ep: 1345 | Steps:  104 | Reward:   177.16
Total T:   52309 | Ep: 1346 | Steps:  139 | Reward:   187.71
Total T:   52432 | Ep: 1347 | Steps:  123 | Reward:   204.29
Total T:   52527 | Ep: 1348 | Steps:   95 | Reward:   165.33
Total T:   52672 | Ep: 1349 | Steps:  145 | Reward:   211.57
Total T:   52821 | Ep: 1350 | Steps:  149 | Reward:   221.11
Total T:   52943 | Ep: 1351 | Steps:  122 | Reward:   212.67
Total T:   53135 | Ep: 1352 | Steps:  192 | Reward:   184.54
Total T:   53242 | Ep: 1353 | Steps:  107 | Reward:   141.08
Total T:   53365 | Ep: 1354 | Steps:  123 | Reward:   217.34
Total T:   53522 | Ep: 1355 | Steps:  157 | Reward:   223.47
Total T:   53662 | Ep: 1356 | Steps:  140 | Reward:   215.11
Total T:   53915 | Ep: 1357 | Steps:  253 | Reward:   324.16
Total T:   54082 | Ep: 1358 | Steps:  167 | Reward:   257.34
Total T:   54228 | Ep: 1359 | Steps:  146 | Reward:   222.05
Total T:   54418 | Ep: 1360 | Steps:  190 | Reward:   218.96
Total T:   54928 | Ep: 1361 | Steps:  510 | Reward:   484.86
Total T:   55100 | Ep: 1362 | Steps:  172 | Reward:   261.29
Total T:   55295 | Ep: 1363 | Steps:  195 | Reward:   264.22
Total T:   55554 | Ep: 1364 | Steps:  259 | Reward:   248.36
Total T:   55712 | Ep: 1365 | Steps:  158 | Reward:   206.51
Total T:   55846 | Ep: 1366 | Steps:  134 | Reward:   238.69
Total T:   55995 | Ep: 1367 | Steps:  149 | Reward:   239.69
Total T:   56124 | Ep: 1368 | Steps:  129 | Reward:   125.35
Total T:   56242 | Ep: 1369 | Steps:  118 | Reward:   189.01
Total T:   56421 | Ep: 1370 | Steps:  179 | Reward:   264.60
Total T:   56558 | Ep: 1371 | Steps:  137 | Reward:   198.23
Total T:   56790 | Ep: 1372 | Steps:  232 | Reward:   308.14
Total T:   57022 | Ep: 1373 | Steps:  232 | Reward:   362.97
Total T:   57139 | Ep: 1374 | Steps:  117 | Reward:   191.28
Total T:   57313 | Ep: 1375 | Steps:  174 | Reward:   279.46
Total T:   57445 | Ep: 1376 | Steps:  132 | Reward:   213.55
Total T:   57554 | Ep: 1377 | Steps:  109 | Reward:   159.50
Total T:   57850 | Ep: 1378 | Steps:  296 | Reward:   343.26
Total T:   58046 | Ep: 1379 | Steps:  196 | Reward:   274.38
Total T:   58223 | Ep: 1380 | Steps:  177 | Reward:   265.36
Total T:   58629 | Ep: 1381 | Steps:  406 | Reward:   409.36
Total T:   58745 | Ep: 1382 | Steps:  116 | Reward:   187.55
Total T:   58861 | Ep: 1383 | Steps:  116 | Reward:   196.14
Total T:   59023 | Ep: 1384 | Steps:  162 | Reward:   285.55
Total T:   59189 | Ep: 1385 | Steps:  166 | Reward:   -30.67
Total T:   59420 | Ep: 1386 | Steps:  231 | Reward:   411.98
Total T:   59519 | Ep: 1387 | Steps:   99 | Reward:   121.88
Total T:   59806 | Ep: 1388 | Steps:  287 | Reward:   603.27
---------------------------------------
Evaluation over 10 episodes: 280.652
---------------------------------------
Total T:   60806 | Ep: 1389 | Steps: 1000 | Reward:   971.64
Total T:   60931 | Ep: 1390 | Steps:  125 | Reward:   248.71
Total T:   61931 | Ep: 1391 | Steps: 1000 | Reward:   975.85
Total T:   62110 | Ep: 1392 | Steps:  179 | Reward:   310.44
Total T:   63110 | Ep: 1393 | Steps: 1000 | Reward:   955.77
Total T:   64110 | Ep: 1394 | Steps: 1000 | Reward:   878.13
Total T:   64344 | Ep: 1395 | Steps:  234 | Reward:   147.78
Total T:   64639 | Ep: 1396 | Steps:  295 | Reward:   199.96
Total T:   64794 | Ep: 1397 | Steps:  155 | Reward:   120.51
Total T:   64899 | Ep: 1398 | Steps:  105 | Reward:   -19.16
Total T:   65028 | Ep: 1399 | Steps:  129 | Reward:   243.96
Total T:   65390 | Ep: 1400 | Steps:  362 | Reward:   514.45
Total T:   65730 | Ep: 1401 | Steps:  340 | Reward:   378.38
Total T:   65957 | Ep: 1402 | Steps:  227 | Reward:    85.74
Total T:   66083 | Ep: 1403 | Steps:  126 | Reward:    40.91
Total T:   66460 | Ep: 1404 | Steps:  377 | Reward:   351.59
Total T:   66704 | Ep: 1405 | Steps:  244 | Reward:   357.34
Total T:   66824 | Ep: 1406 | Steps:  120 | Reward:   101.09
Total T:   67054 | Ep: 1407 | Steps:  230 | Reward:   408.72
Total T:   67178 | Ep: 1408 | Steps:  124 | Reward:   145.93
Total T:   67482 | Ep: 1409 | Steps:  304 | Reward:   430.91
Total T:   67639 | Ep: 1410 | Steps:  157 | Reward:   305.05
Total T:   67784 | Ep: 1411 | Steps:  145 | Reward:   286.66
Total T:   67941 | Ep: 1412 | Steps:  157 | Reward:   307.64
Total T:   68033 | Ep: 1413 | Steps:   92 | Reward:   136.88
Total T:   68170 | Ep: 1414 | Steps:  137 | Reward:   284.31
Total T:   68361 | Ep: 1415 | Steps:  191 | Reward:   334.57
Total T:   68688 | Ep: 1416 | Steps:  327 | Reward:   477.95
Total T:   68884 | Ep: 1417 | Steps:  196 | Reward:   325.83
Total T:   69058 | Ep: 1418 | Steps:  174 | Reward:   328.43
Total T:   69214 | Ep: 1419 | Steps:  156 | Reward:   317.87
Total T:   69617 | Ep: 1420 | Steps:  403 | Reward:   500.87
Total T:   69776 | Ep: 1421 | Steps:  159 | Reward:   300.57
---------------------------------------
Evaluation over 10 episodes: 297.109
---------------------------------------
Total T:   70059 | Ep: 1422 | Steps:  283 | Reward:   412.43
Total T:   70252 | Ep: 1423 | Steps:  193 | Reward:   331.35
Total T:   70490 | Ep: 1424 | Steps:  238 | Reward:   389.85
Total T:   70691 | Ep: 1425 | Steps:  201 | Reward:   287.12
Total T:   70841 | Ep: 1426 | Steps:  150 | Reward:   299.47
Total T:   71019 | Ep: 1427 | Steps:  178 | Reward:   300.42
Total T:   71175 | Ep: 1428 | Steps:  156 | Reward:   271.97
Total T:   71386 | Ep: 1429 | Steps:  211 | Reward:   308.21
Total T:   71546 | Ep: 1430 | Steps:  160 | Reward:   242.53
Total T:   71726 | Ep: 1431 | Steps:  180 | Reward:   274.04
Total T:   72029 | Ep: 1432 | Steps:  303 | Reward:   505.22
Total T:   72182 | Ep: 1433 | Steps:  153 | Reward:   260.99
Total T:   72388 | Ep: 1434 | Steps:  206 | Reward:   340.62
Total T:   72704 | Ep: 1435 | Steps:  316 | Reward:   487.22
Total T:   72984 | Ep: 1436 | Steps:  280 | Reward:   170.36
Total T:   73128 | Ep: 1437 | Steps:  144 | Reward:   218.42
Total T:   73283 | Ep: 1438 | Steps:  155 | Reward:   287.67
Total T:   73448 | Ep: 1439 | Steps:  165 | Reward:   309.70
Total T:   73584 | Ep: 1440 | Steps:  136 | Reward:   279.11
Total T:   73734 | Ep: 1441 | Steps:  150 | Reward:   206.36
Total T:   73888 | Ep: 1442 | Steps:  154 | Reward:   297.94
Total T:   74160 | Ep: 1443 | Steps:  272 | Reward:   426.47
Total T:   74288 | Ep: 1444 | Steps:  128 | Reward:   253.21
Total T:   74420 | Ep: 1445 | Steps:  132 | Reward:   260.82
Total T:   75420 | Ep: 1446 | Steps: 1000 | Reward:  1087.72
Total T:   75567 | Ep: 1447 | Steps:  147 | Reward:   272.26
Total T:   75860 | Ep: 1448 | Steps:  293 | Reward:   391.33
Total T:   76020 | Ep: 1449 | Steps:  160 | Reward:   292.12
Total T:   76165 | Ep: 1450 | Steps:  145 | Reward:   254.43
Total T:   76301 | Ep: 1451 | Steps:  136 | Reward:   246.29
Total T:   76414 | Ep: 1452 | Steps:  113 | Reward:   227.68
Total T:   76588 | Ep: 1453 | Steps:  174 | Reward:   304.87
Total T:   76823 | Ep: 1454 | Steps:  235 | Reward:   332.98
Total T:   76972 | Ep: 1455 | Steps:  149 | Reward:   287.12
Total T:   77083 | Ep: 1456 | Steps:  111 | Reward:   205.45
Total T:   77248 | Ep: 1457 | Steps:  165 | Reward:   347.59
Total T:   77390 | Ep: 1458 | Steps:  142 | Reward:   278.31
Total T:   77562 | Ep: 1459 | Steps:  172 | Reward:   287.94
Total T:   77646 | Ep: 1460 | Steps:   84 | Reward:   131.01
Total T:   77853 | Ep: 1461 | Steps:  207 | Reward:   433.26
Total T:   78042 | Ep: 1462 | Steps:  189 | Reward:   315.14
Total T:   78193 | Ep: 1463 | Steps:  151 | Reward:   357.29
Total T:   78373 | Ep: 1464 | Steps:  180 | Reward:   298.41
Total T:   78494 | Ep: 1465 | Steps:  121 | Reward:   235.37
Total T:   78653 | Ep: 1466 | Steps:  159 | Reward:   313.69
Total T:   78936 | Ep: 1467 | Steps:  283 | Reward:   413.18
Total T:   79112 | Ep: 1468 | Steps:  176 | Reward:   352.62
Total T:   79272 | Ep: 1469 | Steps:  160 | Reward:   307.36
Total T:   79449 | Ep: 1470 | Steps:  177 | Reward:   332.31
Total T:   79562 | Ep: 1471 | Steps:  113 | Reward:   189.69
Total T:   79761 | Ep: 1472 | Steps:  199 | Reward:   459.06
Total T:   79905 | Ep: 1473 | Steps:  144 | Reward:   291.42
---------------------------------------
Evaluation over 10 episodes: 264.456
---------------------------------------
Total T:   80051 | Ep: 1474 | Steps:  146 | Reward:   267.74
Total T:   80155 | Ep: 1475 | Steps:  104 | Reward:   190.54
Total T:   80319 | Ep: 1476 | Steps:  164 | Reward:   303.62
Total T:   80446 | Ep: 1477 | Steps:  127 | Reward:   214.08
Total T:   80622 | Ep: 1478 | Steps:  176 | Reward:   335.23
Total T:   80736 | Ep: 1479 | Steps:  114 | Reward:   229.74
Total T:   80868 | Ep: 1480 | Steps:  132 | Reward:   234.57
Total T:   81044 | Ep: 1481 | Steps:  176 | Reward:   348.72
Total T:   81199 | Ep: 1482 | Steps:  155 | Reward:   312.17
Total T:   81319 | Ep: 1483 | Steps:  120 | Reward:   155.13
Total T:   81429 | Ep: 1484 | Steps:  110 | Reward:   164.97
Total T:   81589 | Ep: 1485 | Steps:  160 | Reward:   308.15
Total T:   81744 | Ep: 1486 | Steps:  155 | Reward:   336.14
Total T:   81913 | Ep: 1487 | Steps:  169 | Reward:   358.06
Total T:   82017 | Ep: 1488 | Steps:  104 | Reward:   188.81
Total T:   82135 | Ep: 1489 | Steps:  118 | Reward:   191.78
Total T:   82245 | Ep: 1490 | Steps:  110 | Reward:   198.38
Total T:   82525 | Ep: 1491 | Steps:  280 | Reward:   567.05
Total T:   82685 | Ep: 1492 | Steps:  160 | Reward:   332.53
Total T:   82844 | Ep: 1493 | Steps:  159 | Reward:   328.83
Total T:   83013 | Ep: 1494 | Steps:  169 | Reward:   379.09
Total T:   83224 | Ep: 1495 | Steps:  211 | Reward:   456.64
Total T:   83333 | Ep: 1496 | Steps:  109 | Reward:   158.62
Total T:   83546 | Ep: 1497 | Steps:  213 | Reward:   434.80
Total T:   83751 | Ep: 1498 | Steps:  205 | Reward:   352.09
Total T:   83890 | Ep: 1499 | Steps:  139 | Reward:   272.66
Total T:   84061 | Ep: 1500 | Steps:  171 | Reward:   337.74
Total T:   84211 | Ep: 1501 | Steps:  150 | Reward:   227.84
Total T:   84402 | Ep: 1502 | Steps:  191 | Reward:   330.37
Total T:   84562 | Ep: 1503 | Steps:  160 | Reward:   293.35
Total T:   84714 | Ep: 1504 | Steps:  152 | Reward:   197.10
Total T:   84964 | Ep: 1505 | Steps:  250 | Reward:   438.70
Total T:   85256 | Ep: 1506 | Steps:  292 | Reward:   451.55
Total T:   85441 | Ep: 1507 | Steps:  185 | Reward:   368.88
Total T:   85830 | Ep: 1508 | Steps:  389 | Reward:   129.92
Total T:   86009 | Ep: 1509 | Steps:  179 | Reward:   420.05
Total T:   86240 | Ep: 1510 | Steps:  231 | Reward:   463.60
Total T:   86393 | Ep: 1511 | Steps:  153 | Reward:   310.77
Total T:   86625 | Ep: 1512 | Steps:  232 | Reward:   447.94
Total T:   86772 | Ep: 1513 | Steps:  147 | Reward:   224.85
Total T:   87061 | Ep: 1514 | Steps:  289 | Reward:   505.51
Total T:   87196 | Ep: 1515 | Steps:  135 | Reward:   265.78
Total T:   87403 | Ep: 1516 | Steps:  207 | Reward:    82.57
Total T:   87589 | Ep: 1517 | Steps:  186 | Reward:   211.03
Total T:   87759 | Ep: 1518 | Steps:  170 | Reward:   340.93
Total T:   88000 | Ep: 1519 | Steps:  241 | Reward:   399.99
Total T:   88098 | Ep: 1520 | Steps:   98 | Reward:   191.83
Total T:   88424 | Ep: 1521 | Steps:  326 | Reward:   466.75
Total T:   88604 | Ep: 1522 | Steps:  180 | Reward:   356.35
Total T:   88764 | Ep: 1523 | Steps:  160 | Reward:   355.21
Total T:   88886 | Ep: 1524 | Steps:  122 | Reward:   219.08
Total T:   89233 | Ep: 1525 | Steps:  347 | Reward:   531.28
Total T:   89442 | Ep: 1526 | Steps:  209 | Reward:   443.36
Total T:   89608 | Ep: 1527 | Steps:  166 | Reward:   344.88
Total T:   89883 | Ep: 1528 | Steps:  275 | Reward:   609.20
---------------------------------------
Evaluation over 10 episodes: 321.406
---------------------------------------
Total T:   90018 | Ep: 1529 | Steps:  135 | Reward:   300.63
Total T:   90207 | Ep: 1530 | Steps:  189 | Reward:   334.47
Total T:   90351 | Ep: 1531 | Steps:  144 | Reward:   308.94
Total T:   90545 | Ep: 1532 | Steps:  194 | Reward:   298.92
Total T:   90698 | Ep: 1533 | Steps:  153 | Reward:   280.88
Total T:   90818 | Ep: 1534 | Steps:  120 | Reward:   165.76
Total T:   91034 | Ep: 1535 | Steps:  216 | Reward:   501.83
Total T:   91309 | Ep: 1536 | Steps:  275 | Reward:   386.51
Total T:   91461 | Ep: 1537 | Steps:  152 | Reward:   316.66
Total T:   91661 | Ep: 1538 | Steps:  200 | Reward:   342.21
Total T:   91806 | Ep: 1539 | Steps:  145 | Reward:   286.46
Total T:   91934 | Ep: 1540 | Steps:  128 | Reward:   248.56
Total T:   92062 | Ep: 1541 | Steps:  128 | Reward:   282.45
Total T:   92208 | Ep: 1542 | Steps:  146 | Reward:   334.23
Total T:   92409 | Ep: 1543 | Steps:  201 | Reward:   342.79
Total T:   92546 | Ep: 1544 | Steps:  137 | Reward:   255.67
Total T:   92653 | Ep: 1545 | Steps:  107 | Reward:   198.43
Total T:   92816 | Ep: 1546 | Steps:  163 | Reward:   286.90
Total T:   93381 | Ep: 1547 | Steps:  565 | Reward:   409.33
Total T:   93492 | Ep: 1548 | Steps:  111 | Reward:   223.49
Total T:   93811 | Ep: 1549 | Steps:  319 | Reward:   506.14
Total T:   94031 | Ep: 1550 | Steps:  220 | Reward:   355.83
Total T:   94163 | Ep: 1551 | Steps:  132 | Reward:   241.08
Total T:   94614 | Ep: 1552 | Steps:  451 | Reward:   444.17
Total T:   94864 | Ep: 1553 | Steps:  250 | Reward:   423.11
Total T:   95137 | Ep: 1554 | Steps:  273 | Reward:    84.17
Total T:   95299 | Ep: 1555 | Steps:  162 | Reward:   275.74
Total T:   95500 | Ep: 1556 | Steps:  201 | Reward:   338.52
Total T:   95836 | Ep: 1557 | Steps:  336 | Reward:   152.48
Total T:   96090 | Ep: 1558 | Steps:  254 | Reward:   429.50
Total T:   96365 | Ep: 1559 | Steps:  275 | Reward:    56.43
Total T:   96533 | Ep: 1560 | Steps:  168 | Reward:    96.66
Total T:   96837 | Ep: 1561 | Steps:  304 | Reward:   267.86
Total T:   96971 | Ep: 1562 | Steps:  134 | Reward:   234.15
Total T:   97327 | Ep: 1563 | Steps:  356 | Reward:   431.37
Total T:   97546 | Ep: 1564 | Steps:  219 | Reward:   371.50
Total T:   97742 | Ep: 1565 | Steps:  196 | Reward:   327.31
Total T:   98215 | Ep: 1566 | Steps:  473 | Reward:   295.95
Total T:   98368 | Ep: 1567 | Steps:  153 | Reward:   111.58
Total T:   98645 | Ep: 1568 | Steps:  277 | Reward:   107.89
Total T:   99122 | Ep: 1569 | Steps:  477 | Reward:   515.69
Total T:   99373 | Ep: 1570 | Steps:  251 | Reward:   311.50
Total T:   99602 | Ep: 1571 | Steps:  229 | Reward:   412.37
---------------------------------------
Evaluation over 10 episodes: 438.492
---------------------------------------
Total T:  100046 | Ep: 1572 | Steps:  444 | Reward:   157.08
Total T:  100247 | Ep: 1573 | Steps:  201 | Reward:   419.37
Total T:  100395 | Ep: 1574 | Steps:  148 | Reward:   261.34
Total T:  100549 | Ep: 1575 | Steps:  154 | Reward:   242.58
Total T:  100700 | Ep: 1576 | Steps:  151 | Reward:    28.40
Total T:  100978 | Ep: 1577 | Steps:  278 | Reward:   448.22
Total T:  101282 | Ep: 1578 | Steps:  304 | Reward:   420.73
Total T:  101726 | Ep: 1579 | Steps:  444 | Reward:   140.66
Total T:  102008 | Ep: 1580 | Steps:  282 | Reward:   508.98
Total T:  102111 | Ep: 1581 | Steps:  103 | Reward:   175.23
Total T:  102251 | Ep: 1582 | Steps:  140 | Reward:   219.34
Total T:  102482 | Ep: 1583 | Steps:  231 | Reward:   358.89
Total T:  102747 | Ep: 1584 | Steps:  265 | Reward:   213.22
Total T:  103747 | Ep: 1585 | Steps: 1000 | Reward:   843.09
Total T:  104395 | Ep: 1586 | Steps:  648 | Reward:   758.43
Total T:  104560 | Ep: 1587 | Steps:  165 | Reward:   318.82
Total T:  105009 | Ep: 1588 | Steps:  449 | Reward:   532.62
Total T:  105160 | Ep: 1589 | Steps:  151 | Reward:   266.28
Total T:  105346 | Ep: 1590 | Steps:  186 | Reward:   258.79
Total T:  105524 | Ep: 1591 | Steps:  178 | Reward:   282.10
Total T:  105791 | Ep: 1592 | Steps:  267 | Reward:   448.98
Total T:  105969 | Ep: 1593 | Steps:  178 | Reward:   292.56
Total T:  106217 | Ep: 1594 | Steps:  248 | Reward:   338.34
Total T:  106572 | Ep: 1595 | Steps:  355 | Reward:   221.01
Total T:  106859 | Ep: 1596 | Steps:  287 | Reward:   426.09
Total T:  107016 | Ep: 1597 | Steps:  157 | Reward:   276.57
Total T:  107167 | Ep: 1598 | Steps:  151 | Reward:   282.15
Total T:  107293 | Ep: 1599 | Steps:  126 | Reward:   255.51
Total T:  107492 | Ep: 1600 | Steps:  199 | Reward:   371.62
Total T:  107691 | Ep: 1601 | Steps:  199 | Reward:   340.57
Total T:  107815 | Ep: 1602 | Steps:  124 | Reward:   225.41
Total T:  107944 | Ep: 1603 | Steps:  129 | Reward:   233.12
Total T:  108164 | Ep: 1604 | Steps:  220 | Reward:    63.62
Total T:  108340 | Ep: 1605 | Steps:  176 | Reward:   317.42
Total T:  108482 | Ep: 1606 | Steps:  142 | Reward:   259.87
Total T:  108593 | Ep: 1607 | Steps:  111 | Reward:   197.29
Total T:  108780 | Ep: 1608 | Steps:  187 | Reward:   345.75
Total T:  108897 | Ep: 1609 | Steps:  117 | Reward:   205.81
Total T:  109150 | Ep: 1610 | Steps:  253 | Reward:   525.48
Total T:  109387 | Ep: 1611 | Steps:  237 | Reward:   497.13
Total T:  109672 | Ep: 1612 | Steps:  285 | Reward:   475.80
Total T:  109778 | Ep: 1613 | Steps:  106 | Reward:   192.17
Total T:  109894 | Ep: 1614 | Steps:  116 | Reward:   242.29
---------------------------------------
Evaluation over 10 episodes: 295.305
---------------------------------------
Total T:  110103 | Ep: 1615 | Steps:  209 | Reward:   431.93
Total T:  110245 | Ep: 1616 | Steps:  142 | Reward:   255.50
Total T:  110512 | Ep: 1617 | Steps:  267 | Reward:   441.21
Total T:  110697 | Ep: 1618 | Steps:  185 | Reward:   360.13
Total T:  111019 | Ep: 1619 | Steps:  322 | Reward:   503.47
Total T:  111332 | Ep: 1620 | Steps:  313 | Reward:   569.35
Total T:  111477 | Ep: 1621 | Steps:  145 | Reward:   220.05
Total T:  111658 | Ep: 1622 | Steps:  181 | Reward:   338.69
Total T:  111820 | Ep: 1623 | Steps:  162 | Reward:   324.70
Total T:  112020 | Ep: 1624 | Steps:  200 | Reward:   373.82
Total T:  112181 | Ep: 1625 | Steps:  161 | Reward:   292.57
Total T:  112396 | Ep: 1626 | Steps:  215 | Reward:   426.64
Total T:  112609 | Ep: 1627 | Steps:  213 | Reward:   389.80
Total T:  112872 | Ep: 1628 | Steps:  263 | Reward:   475.03
Total T:  113032 | Ep: 1629 | Steps:  160 | Reward:   277.37
Total T:  113197 | Ep: 1630 | Steps:  165 | Reward:   296.11
Total T:  113534 | Ep: 1631 | Steps:  337 | Reward:   489.02
Total T:  113730 | Ep: 1632 | Steps:  196 | Reward:   414.24
Total T:  113932 | Ep: 1633 | Steps:  202 | Reward:   348.41
Total T:  114143 | Ep: 1634 | Steps:  211 | Reward:   402.99
Total T:  114319 | Ep: 1635 | Steps:  176 | Reward:   363.82
Total T:  114505 | Ep: 1636 | Steps:  186 | Reward:   352.94
Total T:  114727 | Ep: 1637 | Steps:  222 | Reward:   319.83
Total T:  114899 | Ep: 1638 | Steps:  172 | Reward:   385.70
Total T:  115053 | Ep: 1639 | Steps:  154 | Reward:   338.20
Total T:  115220 | Ep: 1640 | Steps:  167 | Reward:   302.20
Total T:  115410 | Ep: 1641 | Steps:  190 | Reward:   406.80
Total T:  115689 | Ep: 1642 | Steps:  279 | Reward:   510.69
Total T:  115811 | Ep: 1643 | Steps:  122 | Reward:   243.55
Total T:  116001 | Ep: 1644 | Steps:  190 | Reward:   376.42
Total T:  116119 | Ep: 1645 | Steps:  118 | Reward:   239.14
Total T:  116372 | Ep: 1646 | Steps:  253 | Reward:   424.26
Total T:  116488 | Ep: 1647 | Steps:  116 | Reward:   249.41
Total T:  116613 | Ep: 1648 | Steps:  125 | Reward:   244.49
Total T:  116800 | Ep: 1649 | Steps:  187 | Reward:   364.33
Total T:  117274 | Ep: 1650 | Steps:  474 | Reward:   574.26
Total T:  117437 | Ep: 1651 | Steps:  163 | Reward:   307.11
Total T:  117689 | Ep: 1652 | Steps:  252 | Reward:   440.39
Total T:  117815 | Ep: 1653 | Steps:  126 | Reward:   237.62
Total T:  118083 | Ep: 1654 | Steps:  268 | Reward:   402.16
Total T:  118289 | Ep: 1655 | Steps:  206 | Reward:   384.35
Total T:  118517 | Ep: 1656 | Steps:  228 | Reward:   459.85
Total T:  118671 | Ep: 1657 | Steps:  154 | Reward:   343.86
Total T:  118857 | Ep: 1658 | Steps:  186 | Reward:   368.67
Total T:  118984 | Ep: 1659 | Steps:  127 | Reward:   243.80
Total T:  119157 | Ep: 1660 | Steps:  173 | Reward:   336.56
Total T:  119258 | Ep: 1661 | Steps:  101 | Reward:   193.29
Total T:  119361 | Ep: 1662 | Steps:  103 | Reward:   213.16
Total T:  119484 | Ep: 1663 | Steps:  123 | Reward:   236.94
Total T:  119647 | Ep: 1664 | Steps:  163 | Reward:   341.71
Total T:  119783 | Ep: 1665 | Steps:  136 | Reward:   296.52
Total T:  119986 | Ep: 1666 | Steps:  203 | Reward:   344.86
---------------------------------------
Evaluation over 10 episodes: 418.989
---------------------------------------
Total T:  120162 | Ep: 1667 | Steps:  176 | Reward:   378.66
Total T:  120401 | Ep: 1668 | Steps:  239 | Reward:   424.46
Total T:  120527 | Ep: 1669 | Steps:  126 | Reward:   263.25
Total T:  120688 | Ep: 1670 | Steps:  161 | Reward:   337.39
Total T:  120864 | Ep: 1671 | Steps:  176 | Reward:   344.29
Total T:  121043 | Ep: 1672 | Steps:  179 | Reward:   356.23
Total T:  121235 | Ep: 1673 | Steps:  192 | Reward:   365.80
Total T:  121495 | Ep: 1674 | Steps:  260 | Reward:   431.50
Total T:  121668 | Ep: 1675 | Steps:  173 | Reward:   328.43
Total T:  121788 | Ep: 1676 | Steps:  120 | Reward:   187.14
Total T:  121961 | Ep: 1677 | Steps:  173 | Reward:   354.81
Total T:  122139 | Ep: 1678 | Steps:  178 | Reward:   290.40
Total T:  122312 | Ep: 1679 | Steps:  173 | Reward:   292.81
Total T:  122425 | Ep: 1680 | Steps:  113 | Reward:   200.84
Total T:  122596 | Ep: 1681 | Steps:  171 | Reward:   358.19
Total T:  122857 | Ep: 1682 | Steps:  261 | Reward:   369.93
Total T:  123048 | Ep: 1683 | Steps:  191 | Reward:   422.32
Total T:  123315 | Ep: 1684 | Steps:  267 | Reward:   441.66
Total T:  123441 | Ep: 1685 | Steps:  126 | Reward:   255.36
Total T:  123613 | Ep: 1686 | Steps:  172 | Reward:   333.86
Total T:  123791 | Ep: 1687 | Steps:  178 | Reward:   383.81
Total T:  123953 | Ep: 1688 | Steps:  162 | Reward:   337.49
Total T:  124136 | Ep: 1689 | Steps:  183 | Reward:   349.36
Total T:  124340 | Ep: 1690 | Steps:  204 | Reward:   350.46
Total T:  124481 | Ep: 1691 | Steps:  141 | Reward:   308.23
Total T:  124693 | Ep: 1692 | Steps:  212 | Reward:   357.36
Total T:  124880 | Ep: 1693 | Steps:  187 | Reward:   332.07
Total T:  125028 | Ep: 1694 | Steps:  148 | Reward:   296.31
Total T:  125234 | Ep: 1695 | Steps:  206 | Reward:   410.11
Total T:  125360 | Ep: 1696 | Steps:  126 | Reward:   231.94
Total T:  125551 | Ep: 1697 | Steps:  191 | Reward:   401.90
Total T:  125670 | Ep: 1698 | Steps:  119 | Reward:   251.17
Total T:  125853 | Ep: 1699 | Steps:  183 | Reward:   309.78
Total T:  126056 | Ep: 1700 | Steps:  203 | Reward:   414.89
Total T:  126383 | Ep: 1701 | Steps:  327 | Reward:   405.14
Total T:  126630 | Ep: 1702 | Steps:  247 | Reward:   476.34
Total T:  126779 | Ep: 1703 | Steps:  149 | Reward:   288.13
Total T:  126909 | Ep: 1704 | Steps:  130 | Reward:   315.13
Total T:  127164 | Ep: 1705 | Steps:  255 | Reward:   389.41
Total T:  127313 | Ep: 1706 | Steps:  149 | Reward:   348.25
Total T:  127493 | Ep: 1707 | Steps:  180 | Reward:   310.73
Total T:  127634 | Ep: 1708 | Steps:  141 | Reward:   258.78
Total T:  127795 | Ep: 1709 | Steps:  161 | Reward:   302.81
Total T:  128044 | Ep: 1710 | Steps:  249 | Reward:   490.55
Total T:  128176 | Ep: 1711 | Steps:  132 | Reward:   262.33
Total T:  128596 | Ep: 1712 | Steps:  420 | Reward:   459.60
Total T:  128861 | Ep: 1713 | Steps:  265 | Reward:   376.77
Total T:  128986 | Ep: 1714 | Steps:  125 | Reward:   213.60
Total T:  129125 | Ep: 1715 | Steps:  139 | Reward:   286.29
Total T:  129302 | Ep: 1716 | Steps:  177 | Reward:   330.92
Total T:  129470 | Ep: 1717 | Steps:  168 | Reward:   351.96
Total T:  129667 | Ep: 1718 | Steps:  197 | Reward:   398.17
Total T:  129921 | Ep: 1719 | Steps:  254 | Reward:   447.70
---------------------------------------
Evaluation over 10 episodes: 362.245
---------------------------------------
Total T:  130145 | Ep: 1720 | Steps:  224 | Reward:   448.94
Total T:  130353 | Ep: 1721 | Steps:  208 | Reward:   417.87
Total T:  130491 | Ep: 1722 | Steps:  138 | Reward:   249.10
Total T:  130725 | Ep: 1723 | Steps:  234 | Reward:   455.50
Total T:  130852 | Ep: 1724 | Steps:  127 | Reward:   275.31
Total T:  131074 | Ep: 1725 | Steps:  222 | Reward:   424.36
Total T:  131274 | Ep: 1726 | Steps:  200 | Reward:   367.64
Total T:  131566 | Ep: 1727 | Steps:  292 | Reward:   486.12
Total T:  131836 | Ep: 1728 | Steps:  270 | Reward:   464.49
Total T:  131989 | Ep: 1729 | Steps:  153 | Reward:   279.78
Total T:  132108 | Ep: 1730 | Steps:  119 | Reward:   207.88
Total T:  132274 | Ep: 1731 | Steps:  166 | Reward:   366.19
Total T:  132649 | Ep: 1732 | Steps:  375 | Reward:   489.38
Total T:  132829 | Ep: 1733 | Steps:  180 | Reward:   342.43
Total T:  133134 | Ep: 1734 | Steps:  305 | Reward:   515.53
Total T:  133330 | Ep: 1735 | Steps:  196 | Reward:   371.63
Total T:  133565 | Ep: 1736 | Steps:  235 | Reward:   446.71
Total T:  133872 | Ep: 1737 | Steps:  307 | Reward:   454.69
Total T:  134085 | Ep: 1738 | Steps:  213 | Reward:   399.90
Total T:  134252 | Ep: 1739 | Steps:  167 | Reward:   345.46
Total T:  134500 | Ep: 1740 | Steps:  248 | Reward:   490.93
Total T:  134638 | Ep: 1741 | Steps:  138 | Reward:   274.21
Total T:  134828 | Ep: 1742 | Steps:  190 | Reward:   377.30
Total T:  134971 | Ep: 1743 | Steps:  143 | Reward:   269.00
Total T:  135099 | Ep: 1744 | Steps:  128 | Reward:   261.45
Total T:  135270 | Ep: 1745 | Steps:  171 | Reward:   338.93
Total T:  135548 | Ep: 1746 | Steps:  278 | Reward:   551.32
Total T:  135735 | Ep: 1747 | Steps:  187 | Reward:   408.15
Total T:  135876 | Ep: 1748 | Steps:  141 | Reward:   293.47
Total T:  136135 | Ep: 1749 | Steps:  259 | Reward:   581.65
Total T:  136312 | Ep: 1750 | Steps:  177 | Reward:   377.99
Total T:  136545 | Ep: 1751 | Steps:  233 | Reward:   367.02
Total T:  136909 | Ep: 1752 | Steps:  364 | Reward:   645.33
Total T:  137024 | Ep: 1753 | Steps:  115 | Reward:   219.53
Total T:  137216 | Ep: 1754 | Steps:  192 | Reward:   427.10
Total T:  137439 | Ep: 1755 | Steps:  223 | Reward:   370.43
Total T:  138031 | Ep: 1756 | Steps:  592 | Reward:   802.24
Total T:  138352 | Ep: 1757 | Steps:  321 | Reward:   455.17
Total T:  138588 | Ep: 1758 | Steps:  236 | Reward:   395.06
Total T:  138685 | Ep: 1759 | Steps:   97 | Reward:   179.49
Total T:  138861 | Ep: 1760 | Steps:  176 | Reward:   313.45
Total T:  139135 | Ep: 1761 | Steps:  274 | Reward:   484.02
Total T:  139266 | Ep: 1762 | Steps:  131 | Reward:   252.40
Total T:  139462 | Ep: 1763 | Steps:  196 | Reward:   482.21
Total T:  139647 | Ep: 1764 | Steps:  185 | Reward:   387.32
Total T:  139781 | Ep: 1765 | Steps:  134 | Reward:   273.70
Total T:  139968 | Ep: 1766 | Steps:  187 | Reward:   427.92
---------------------------------------
Evaluation over 10 episodes: 314.709
---------------------------------------
Total T:  140183 | Ep: 1767 | Steps:  215 | Reward:   383.28
Total T:  140412 | Ep: 1768 | Steps:  229 | Reward:   380.71
Total T:  140585 | Ep: 1769 | Steps:  173 | Reward:   334.74
Total T:  140801 | Ep: 1770 | Steps:  216 | Reward:   481.82
Total T:  141024 | Ep: 1771 | Steps:  223 | Reward:   560.96
Total T:  141211 | Ep: 1772 | Steps:  187 | Reward:   350.41
Total T:  141381 | Ep: 1773 | Steps:  170 | Reward:   287.33
Total T:  141616 | Ep: 1774 | Steps:  235 | Reward:   456.78
Total T:  141859 | Ep: 1775 | Steps:  243 | Reward:   426.86
Total T:  142031 | Ep: 1776 | Steps:  172 | Reward:   308.37
Total T:  142200 | Ep: 1777 | Steps:  169 | Reward:   323.14
Total T:  142413 | Ep: 1778 | Steps:  213 | Reward:   413.15
Total T:  142652 | Ep: 1779 | Steps:  239 | Reward:    20.53
Total T:  142843 | Ep: 1780 | Steps:  191 | Reward:   362.59
Total T:  142998 | Ep: 1781 | Steps:  155 | Reward:   317.87
Total T:  143172 | Ep: 1782 | Steps:  174 | Reward:   332.97
Total T:  143425 | Ep: 1783 | Steps:  253 | Reward:   486.12
Total T:  143628 | Ep: 1784 | Steps:  203 | Reward:   451.02
Total T:  143794 | Ep: 1785 | Steps:  166 | Reward:   342.43
Total T:  144031 | Ep: 1786 | Steps:  237 | Reward:   509.70
Total T:  144249 | Ep: 1787 | Steps:  218 | Reward:   463.94
Total T:  144491 | Ep: 1788 | Steps:  242 | Reward:    45.97
Total T:  144601 | Ep: 1789 | Steps:  110 | Reward:   183.17
Total T:  144872 | Ep: 1790 | Steps:  271 | Reward:   578.52
Total T:  145078 | Ep: 1791 | Steps:  206 | Reward:   435.01
Total T:  145246 | Ep: 1792 | Steps:  168 | Reward:   333.26
Total T:  145416 | Ep: 1793 | Steps:  170 | Reward:   285.48
Total T:  145501 | Ep: 1794 | Steps:   85 | Reward:    -0.03
Total T:  145826 | Ep: 1795 | Steps:  325 | Reward:   375.60
Total T:  146015 | Ep: 1796 | Steps:  189 | Reward:   384.41
Total T:  146426 | Ep: 1797 | Steps:  411 | Reward:   659.11
Total T:  146628 | Ep: 1798 | Steps:  202 | Reward:   420.74
Total T:  146819 | Ep: 1799 | Steps:  191 | Reward:   454.08
Total T:  147001 | Ep: 1800 | Steps:  182 | Reward:   362.94
Total T:  147248 | Ep: 1801 | Steps:  247 | Reward:   342.77
Total T:  147389 | Ep: 1802 | Steps:  141 | Reward:   273.17
Total T:  147685 | Ep: 1803 | Steps:  296 | Reward:   485.44
Total T:  148016 | Ep: 1804 | Steps:  331 | Reward:   487.40
Total T:  148243 | Ep: 1805 | Steps:  227 | Reward:   392.52
Total T:  148480 | Ep: 1806 | Steps:  237 | Reward:   298.62
Total T:  148685 | Ep: 1807 | Steps:  205 | Reward:   349.97
Total T:  148879 | Ep: 1808 | Steps:  194 | Reward:   366.52
Total T:  149030 | Ep: 1809 | Steps:  151 | Reward:   272.72
Total T:  149253 | Ep: 1810 | Steps:  223 | Reward:   430.17
Total T:  149583 | Ep: 1811 | Steps:  330 | Reward:   681.18
Total T:  149818 | Ep: 1812 | Steps:  235 | Reward:     7.21
---------------------------------------
Evaluation over 10 episodes: 391.708
---------------------------------------
Total T:  150060 | Ep: 1813 | Steps:  242 | Reward:   467.02
Total T:  150224 | Ep: 1814 | Steps:  164 | Reward:   278.67
Total T:  150461 | Ep: 1815 | Steps:  237 | Reward:   402.16
Total T:  150635 | Ep: 1816 | Steps:  174 | Reward:   337.70
Total T:  150872 | Ep: 1817 | Steps:  237 | Reward:   550.46
Total T:  151189 | Ep: 1818 | Steps:  317 | Reward:   564.71
Total T:  151461 | Ep: 1819 | Steps:  272 | Reward:   586.36
Total T:  151632 | Ep: 1820 | Steps:  171 | Reward:   377.83
Total T:  151784 | Ep: 1821 | Steps:  152 | Reward:   281.69
Total T:  151977 | Ep: 1822 | Steps:  193 | Reward:   293.81
Total T:  152295 | Ep: 1823 | Steps:  318 | Reward:   574.51
Total T:  152534 | Ep: 1824 | Steps:  239 | Reward:   430.02
Total T:  152696 | Ep: 1825 | Steps:  162 | Reward:   341.31
Total T:  153038 | Ep: 1826 | Steps:  342 | Reward:   561.67
Total T:  153309 | Ep: 1827 | Steps:  271 | Reward:   551.00
Total T:  153460 | Ep: 1828 | Steps:  151 | Reward:   308.61
Total T:  153688 | Ep: 1829 | Steps:  228 | Reward:   500.44
Total T:  153887 | Ep: 1830 | Steps:  199 | Reward:   381.84
Total T:  154144 | Ep: 1831 | Steps:  257 | Reward:   507.29
Total T:  154391 | Ep: 1832 | Steps:  247 | Reward:   478.59
Total T:  154601 | Ep: 1833 | Steps:  210 | Reward:   428.22
Total T:  154919 | Ep: 1834 | Steps:  318 | Reward:   591.36
Total T:  155132 | Ep: 1835 | Steps:  213 | Reward:   394.48
Total T:  155410 | Ep: 1836 | Steps:  278 | Reward:   381.12
Total T:  155684 | Ep: 1837 | Steps:  274 | Reward:   567.93
Total T:  156004 | Ep: 1838 | Steps:  320 | Reward:   810.26
Total T:  156180 | Ep: 1839 | Steps:  176 | Reward:   320.22
Total T:  156610 | Ep: 1840 | Steps:  430 | Reward:   941.75
Total T:  156881 | Ep: 1841 | Steps:  271 | Reward:   425.45
Total T:  157021 | Ep: 1842 | Steps:  140 | Reward:   261.41
Total T:  157382 | Ep: 1843 | Steps:  361 | Reward:   697.86
Total T:  157644 | Ep: 1844 | Steps:  262 | Reward:   577.46
Total T:  157923 | Ep: 1845 | Steps:  279 | Reward:   480.12
Total T:  158119 | Ep: 1846 | Steps:  196 | Reward:   405.00
Total T:  158510 | Ep: 1847 | Steps:  391 | Reward:   950.45
Total T:  158753 | Ep: 1848 | Steps:  243 | Reward:   428.84
Total T:  159016 | Ep: 1849 | Steps:  263 | Reward:   679.77
Total T:  159283 | Ep: 1850 | Steps:  267 | Reward:   544.67
Total T:  159563 | Ep: 1851 | Steps:  280 | Reward:   597.51
Total T:  159877 | Ep: 1852 | Steps:  314 | Reward:   534.12
---------------------------------------
Evaluation over 10 episodes: 487.292
---------------------------------------
Total T:  160099 | Ep: 1853 | Steps:  222 | Reward:   492.35
Total T:  160298 | Ep: 1854 | Steps:  199 | Reward:   371.21
Total T:  160605 | Ep: 1855 | Steps:  307 | Reward:   645.99
Total T:  161062 | Ep: 1856 | Steps:  457 | Reward:   740.81
Total T:  161344 | Ep: 1857 | Steps:  282 | Reward:   629.09
Total T:  161584 | Ep: 1858 | Steps:  240 | Reward:    47.10
Total T:  161869 | Ep: 1859 | Steps:  285 | Reward:   650.75
Total T:  162135 | Ep: 1860 | Steps:  266 | Reward:   553.84
Total T:  162479 | Ep: 1861 | Steps:  344 | Reward:   739.90
Total T:  162734 | Ep: 1862 | Steps:  255 | Reward:   383.40
Total T:  163011 | Ep: 1863 | Steps:  277 | Reward:   628.82
Total T:  163404 | Ep: 1864 | Steps:  393 | Reward:   682.03
Total T:  163729 | Ep: 1865 | Steps:  325 | Reward:   619.89
Total T:  164037 | Ep: 1866 | Steps:  308 | Reward:   719.04
Total T:  164398 | Ep: 1867 | Steps:  361 | Reward:   881.06
Total T:  164780 | Ep: 1868 | Steps:  382 | Reward:   793.99
Total T:  165012 | Ep: 1869 | Steps:  232 | Reward:   521.65
Total T:  165571 | Ep: 1870 | Steps:  559 | Reward:  1262.08
Total T:  165909 | Ep: 1871 | Steps:  338 | Reward:   692.04
Total T:  166199 | Ep: 1872 | Steps:  290 | Reward:   626.50
Total T:  166457 | Ep: 1873 | Steps:  258 | Reward:   567.58
Total T:  166711 | Ep: 1874 | Steps:  254 | Reward:   547.42
Total T:  166959 | Ep: 1875 | Steps:  248 | Reward:   559.02
Total T:  167371 | Ep: 1876 | Steps:  412 | Reward:   979.06
Total T:  167810 | Ep: 1877 | Steps:  439 | Reward:   957.49
Total T:  168060 | Ep: 1878 | Steps:  250 | Reward:   431.26
Total T:  168383 | Ep: 1879 | Steps:  323 | Reward:   792.60
Total T:  168579 | Ep: 1880 | Steps:  196 | Reward:   402.81
Total T:  168872 | Ep: 1881 | Steps:  293 | Reward:   600.01
Total T:  169155 | Ep: 1882 | Steps:  283 | Reward:   670.73
Total T:  169535 | Ep: 1883 | Steps:  380 | Reward:   973.84
Total T:  169772 | Ep: 1884 | Steps:  237 | Reward:   368.05
Total T:  169980 | Ep: 1885 | Steps:  208 | Reward:   338.48
---------------------------------------
Evaluation over 10 episodes: 513.440
---------------------------------------
Total T:  170189 | Ep: 1886 | Steps:  209 | Reward:   430.56
Total T:  170396 | Ep: 1887 | Steps:  207 | Reward:   389.64
Total T:  170571 | Ep: 1888 | Steps:  175 | Reward:   344.26
Total T:  170853 | Ep: 1889 | Steps:  282 | Reward:   621.72
Total T:  171135 | Ep: 1890 | Steps:  282 | Reward:   554.26
Total T:  171583 | Ep: 1891 | Steps:  448 | Reward:   918.85
Total T:  171811 | Ep: 1892 | Steps:  228 | Reward:   494.60
Total T:  172215 | Ep: 1893 | Steps:  404 | Reward:   904.86
Total T:  172442 | Ep: 1894 | Steps:  227 | Reward:   442.32
Total T:  172835 | Ep: 1895 | Steps:  393 | Reward:   942.16
Total T:  173143 | Ep: 1896 | Steps:  308 | Reward:   718.94
Total T:  173329 | Ep: 1897 | Steps:  186 | Reward:   415.00
Total T:  173593 | Ep: 1898 | Steps:  264 | Reward:   491.27
Total T:  173971 | Ep: 1899 | Steps:  378 | Reward:   780.06
Total T:  174171 | Ep: 1900 | Steps:  200 | Reward:   441.16
Total T:  174429 | Ep: 1901 | Steps:  258 | Reward:   575.18
Total T:  174951 | Ep: 1902 | Steps:  522 | Reward:  1330.06
Total T:  175179 | Ep: 1903 | Steps:  228 | Reward:   494.45
Total T:  175481 | Ep: 1904 | Steps:  302 | Reward:   615.10
Total T:  175798 | Ep: 1905 | Steps:  317 | Reward:   739.25
Total T:  176122 | Ep: 1906 | Steps:  324 | Reward:   810.06
Total T:  176364 | Ep: 1907 | Steps:  242 | Reward:   501.07
Total T:  176583 | Ep: 1908 | Steps:  219 | Reward:   503.15
Total T:  177074 | Ep: 1909 | Steps:  491 | Reward:  1172.98
Total T:  177280 | Ep: 1910 | Steps:  206 | Reward:   357.32
Total T:  177711 | Ep: 1911 | Steps:  431 | Reward:  1120.72
Total T:  178144 | Ep: 1912 | Steps:  433 | Reward:   999.03
Total T:  178502 | Ep: 1913 | Steps:  358 | Reward:   931.09
Total T:  178894 | Ep: 1914 | Steps:  392 | Reward:   970.78
Total T:  179072 | Ep: 1915 | Steps:  178 | Reward:   337.00
Total T:  179316 | Ep: 1916 | Steps:  244 | Reward:   452.79
Total T:  179583 | Ep: 1917 | Steps:  267 | Reward:   654.59
Total T:  179749 | Ep: 1918 | Steps:  166 | Reward:    54.90
Total T:  179942 | Ep: 1919 | Steps:  193 | Reward:   321.62
---------------------------------------
Evaluation over 10 episodes: 915.968
---------------------------------------
Total T:  180120 | Ep: 1920 | Steps:  178 | Reward:   420.69
Total T:  180426 | Ep: 1921 | Steps:  306 | Reward:   734.43
Total T:  180892 | Ep: 1922 | Steps:  466 | Reward:   752.35
Total T:  181043 | Ep: 1923 | Steps:  151 | Reward:   279.10
Total T:  181810 | Ep: 1924 | Steps:  767 | Reward:  1475.23
Total T:  182110 | Ep: 1925 | Steps:  300 | Reward:   544.03
Total T:  182372 | Ep: 1926 | Steps:  262 | Reward:   610.63
Total T:  182799 | Ep: 1927 | Steps:  427 | Reward:  1084.24
Total T:  182953 | Ep: 1928 | Steps:  154 | Reward:    66.04
Total T:  183276 | Ep: 1929 | Steps:  323 | Reward:   811.64
Total T:  183552 | Ep: 1930 | Steps:  276 | Reward:   457.76
Total T:  183938 | Ep: 1931 | Steps:  386 | Reward:   967.48
Total T:  184169 | Ep: 1932 | Steps:  231 | Reward:   536.57
Total T:  184560 | Ep: 1933 | Steps:  391 | Reward:  1116.84
Total T:  185122 | Ep: 1934 | Steps:  562 | Reward:  1237.67
Total T:  185324 | Ep: 1935 | Steps:  202 | Reward:   371.07
Total T:  185705 | Ep: 1936 | Steps:  381 | Reward:  1144.94
Total T:  185858 | Ep: 1937 | Steps:  153 | Reward:   298.41
Total T:  186214 | Ep: 1938 | Steps:  356 | Reward:   911.84
Total T:  186444 | Ep: 1939 | Steps:  230 | Reward:   568.34
Total T:  186706 | Ep: 1940 | Steps:  262 | Reward:   623.90
Total T:  186984 | Ep: 1941 | Steps:  278 | Reward:   661.20
Total T:  187197 | Ep: 1942 | Steps:  213 | Reward:   479.83
Total T:  187436 | Ep: 1943 | Steps:  239 | Reward:   561.44
Total T:  187674 | Ep: 1944 | Steps:  238 | Reward:   555.30
Total T:  187798 | Ep: 1945 | Steps:  124 | Reward:   125.33
Total T:  188130 | Ep: 1946 | Steps:  332 | Reward:   884.56
Total T:  188452 | Ep: 1947 | Steps:  322 | Reward:   788.22
Total T:  188735 | Ep: 1948 | Steps:  283 | Reward:   617.71
Total T:  189071 | Ep: 1949 | Steps:  336 | Reward:   771.83
Total T:  189295 | Ep: 1950 | Steps:  224 | Reward:   628.68
Total T:  189700 | Ep: 1951 | Steps:  405 | Reward:  1076.27
---------------------------------------
Evaluation over 10 episodes: 585.655
---------------------------------------
Total T:  190189 | Ep: 1952 | Steps:  489 | Reward:   977.32
Total T:  190429 | Ep: 1953 | Steps:  240 | Reward:   657.92
Total T:  190652 | Ep: 1954 | Steps:  223 | Reward:   568.79
Total T:  190878 | Ep: 1955 | Steps:  226 | Reward:   516.78
Total T:  191144 | Ep: 1956 | Steps:  266 | Reward:   575.86
Total T:  191337 | Ep: 1957 | Steps:  193 | Reward:   502.50
Total T:  191583 | Ep: 1958 | Steps:  246 | Reward:   595.18
Total T:  191725 | Ep: 1959 | Steps:  142 | Reward:   300.67
Total T:  191976 | Ep: 1960 | Steps:  251 | Reward:   378.09
Total T:  192169 | Ep: 1961 | Steps:  193 | Reward:   492.62
Total T:  192446 | Ep: 1962 | Steps:  277 | Reward:   754.76
Total T:  192635 | Ep: 1963 | Steps:  189 | Reward:   487.12
Total T:  192782 | Ep: 1964 | Steps:  147 | Reward:   345.07
Total T:  192985 | Ep: 1965 | Steps:  203 | Reward:   509.91
Total T:  193175 | Ep: 1966 | Steps:  190 | Reward:   501.21
Total T:  193460 | Ep: 1967 | Steps:  285 | Reward:   547.01
Total T:  193719 | Ep: 1968 | Steps:  259 | Reward:   618.85
Total T:  193911 | Ep: 1969 | Steps:  192 | Reward:   486.76
Total T:  194017 | Ep: 1970 | Steps:  106 | Reward:   203.26
Total T:  194238 | Ep: 1971 | Steps:  221 | Reward:   503.13
Total T:  194363 | Ep: 1972 | Steps:  125 | Reward:   215.65
Total T:  194516 | Ep: 1973 | Steps:  153 | Reward:   341.82
Total T:  194715 | Ep: 1974 | Steps:  199 | Reward:   510.40
Total T:  195022 | Ep: 1975 | Steps:  307 | Reward:   866.42
Total T:  195295 | Ep: 1976 | Steps:  273 | Reward:   835.26
Total T:  195612 | Ep: 1977 | Steps:  317 | Reward:   965.16
Total T:  195824 | Ep: 1978 | Steps:  212 | Reward:   474.39
Total T:  195959 | Ep: 1979 | Steps:  135 | Reward:   336.65
Total T:  196315 | Ep: 1980 | Steps:  356 | Reward:  1044.99
Total T:  196485 | Ep: 1981 | Steps:  170 | Reward:   371.22
Total T:  196860 | Ep: 1982 | Steps:  375 | Reward:   978.27
Total T:  197032 | Ep: 1983 | Steps:  172 | Reward:   404.58
Total T:  197172 | Ep: 1984 | Steps:  140 | Reward:   262.20
Total T:  197464 | Ep: 1985 | Steps:  292 | Reward:   849.95
Total T:  197618 | Ep: 1986 | Steps:  154 | Reward:   322.18
Total T:  197777 | Ep: 1987 | Steps:  159 | Reward:   341.99
Total T:  197978 | Ep: 1988 | Steps:  201 | Reward:   581.76
Total T:  198131 | Ep: 1989 | Steps:  153 | Reward:   323.95
Total T:  198310 | Ep: 1990 | Steps:  179 | Reward:   348.57
Total T:  198592 | Ep: 1991 | Steps:  282 | Reward:   774.60
Total T:  198745 | Ep: 1992 | Steps:  153 | Reward:   360.70
Total T:  198998 | Ep: 1993 | Steps:  253 | Reward:   670.60
Total T:  199119 | Ep: 1994 | Steps:  121 | Reward:   241.48
Total T:  199348 | Ep: 1995 | Steps:  229 | Reward:   596.22
Total T:  199615 | Ep: 1996 | Steps:  267 | Reward:   555.98
Total T:  199783 | Ep: 1997 | Steps:  168 | Reward:   339.90
---------------------------------------
Evaluation over 10 episodes: 552.454
---------------------------------------
Total T:  200053 | Ep: 1998 | Steps:  270 | Reward:   685.53
Total T:  200289 | Ep: 1999 | Steps:  236 | Reward:   499.82
Total T:  200499 | Ep: 2000 | Steps:  210 | Reward:   535.68
Total T:  200804 | Ep: 2001 | Steps:  305 | Reward:   551.14
Total T:  200963 | Ep: 2002 | Steps:  159 | Reward:   331.64
Total T:  201292 | Ep: 2003 | Steps:  329 | Reward:   893.60
Total T:  201571 | Ep: 2004 | Steps:  279 | Reward:   713.60
Total T:  201830 | Ep: 2005 | Steps:  259 | Reward:   607.40
Total T:  202022 | Ep: 2006 | Steps:  192 | Reward:   509.29
Total T:  202204 | Ep: 2007 | Steps:  182 | Reward:   318.36
Total T:  202358 | Ep: 2008 | Steps:  154 | Reward:   328.31
Total T:  202650 | Ep: 2009 | Steps:  292 | Reward:   778.64
Total T:  202905 | Ep: 2010 | Steps:  255 | Reward:   652.59
Total T:  203135 | Ep: 2011 | Steps:  230 | Reward:   608.16
Total T:  203350 | Ep: 2012 | Steps:  215 | Reward:   468.45
Total T:  203584 | Ep: 2013 | Steps:  234 | Reward:   610.25
Total T:  203881 | Ep: 2014 | Steps:  297 | Reward:   625.40
Total T:  204492 | Ep: 2015 | Steps:  611 | Reward:  1627.04
Total T:  204654 | Ep: 2016 | Steps:  162 | Reward:   408.24
Total T:  204935 | Ep: 2017 | Steps:  281 | Reward:   787.97
Total T:  205048 | Ep: 2018 | Steps:  113 | Reward:   227.59
Total T:  205297 | Ep: 2019 | Steps:  249 | Reward:   732.50
Total T:  205559 | Ep: 2020 | Steps:  262 | Reward:   618.85
Total T:  205758 | Ep: 2021 | Steps:  199 | Reward:   546.26
Total T:  205932 | Ep: 2022 | Steps:  174 | Reward:   460.41
Total T:  206168 | Ep: 2023 | Steps:  236 | Reward:   694.43
Total T:  206329 | Ep: 2024 | Steps:  161 | Reward:   375.15
Total T:  206541 | Ep: 2025 | Steps:  212 | Reward:   534.84
Total T:  206681 | Ep: 2026 | Steps:  140 | Reward:   290.13
Total T:  207026 | Ep: 2027 | Steps:  345 | Reward:   787.47
Total T:  207231 | Ep: 2028 | Steps:  205 | Reward:   593.29
Total T:  207469 | Ep: 2029 | Steps:  238 | Reward:   704.29
Total T:  207754 | Ep: 2030 | Steps:  285 | Reward:   847.60
Total T:  207965 | Ep: 2031 | Steps:  211 | Reward:   489.23
Total T:  208165 | Ep: 2032 | Steps:  200 | Reward:   552.36
Total T:  208357 | Ep: 2033 | Steps:  192 | Reward:   538.72
Total T:  208541 | Ep: 2034 | Steps:  184 | Reward:   478.90
Total T:  208720 | Ep: 2035 | Steps:  179 | Reward:   375.65
Total T:  208972 | Ep: 2036 | Steps:  252 | Reward:   772.26
Total T:  209246 | Ep: 2037 | Steps:  274 | Reward:   783.14
Total T:  209422 | Ep: 2038 | Steps:  176 | Reward:   326.23
Total T:  209619 | Ep: 2039 | Steps:  197 | Reward:   569.94
Total T:  209884 | Ep: 2040 | Steps:  265 | Reward:   784.09
---------------------------------------
Evaluation over 10 episodes: 652.759
---------------------------------------
Total T:  210016 | Ep: 2041 | Steps:  132 | Reward:   278.20
Total T:  210198 | Ep: 2042 | Steps:  182 | Reward:   466.93
Total T:  210343 | Ep: 2043 | Steps:  145 | Reward:   314.92
Total T:  210504 | Ep: 2044 | Steps:  161 | Reward:   381.36
Total T:  210718 | Ep: 2045 | Steps:  214 | Reward:   489.81
Total T:  210970 | Ep: 2046 | Steps:  252 | Reward:   738.82
Total T:  211129 | Ep: 2047 | Steps:  159 | Reward:   378.21
Total T:  211328 | Ep: 2048 | Steps:  199 | Reward:   557.68
Total T:  211489 | Ep: 2049 | Steps:  161 | Reward:   397.93
Total T:  211629 | Ep: 2050 | Steps:  140 | Reward:   294.81
Total T:  211836 | Ep: 2051 | Steps:  207 | Reward:   535.30
Total T:  212091 | Ep: 2052 | Steps:  255 | Reward:   657.32
Total T:  212204 | Ep: 2053 | Steps:  113 | Reward:   207.86
Total T:  212389 | Ep: 2054 | Steps:  185 | Reward:   494.19
Total T:  212498 | Ep: 2055 | Steps:  109 | Reward:   214.15
Total T:  212752 | Ep: 2056 | Steps:  254 | Reward:   814.31
Total T:  212966 | Ep: 2057 | Steps:  214 | Reward:   618.89
Total T:  213083 | Ep: 2058 | Steps:  117 | Reward:   238.83
Total T:  213295 | Ep: 2059 | Steps:  212 | Reward:   575.82
Total T:  213554 | Ep: 2060 | Steps:  259 | Reward:   744.70
Total T:  213803 | Ep: 2061 | Steps:  249 | Reward:   774.36
Total T:  214116 | Ep: 2062 | Steps:  313 | Reward:  1027.72
Total T:  214349 | Ep: 2063 | Steps:  233 | Reward:   660.56
Total T:  214589 | Ep: 2064 | Steps:  240 | Reward:   593.21
Total T:  214780 | Ep: 2065 | Steps:  191 | Reward:   482.42
Total T:  214885 | Ep: 2066 | Steps:  105 | Reward:   218.84
Total T:  215097 | Ep: 2067 | Steps:  212 | Reward:   574.47
Total T:  215359 | Ep: 2068 | Steps:  262 | Reward:   817.30
Total T:  215580 | Ep: 2069 | Steps:  221 | Reward:   607.42
Total T:  215738 | Ep: 2070 | Steps:  158 | Reward:   404.58
Total T:  215885 | Ep: 2071 | Steps:  147 | Reward:   329.47
Total T:  216127 | Ep: 2072 | Steps:  242 | Reward:   451.34
Total T:  216337 | Ep: 2073 | Steps:  210 | Reward:   597.37
Total T:  216539 | Ep: 2074 | Steps:  202 | Reward:   493.68
Total T:  216729 | Ep: 2075 | Steps:  190 | Reward:   581.42
Total T:  216976 | Ep: 2076 | Steps:  247 | Reward:   583.21
Total T:  217216 | Ep: 2077 | Steps:  240 | Reward:   623.02
Total T:  217496 | Ep: 2078 | Steps:  280 | Reward:   741.72
Total T:  217603 | Ep: 2079 | Steps:  107 | Reward:   219.30
Total T:  217816 | Ep: 2080 | Steps:  213 | Reward:   558.94
Total T:  218120 | Ep: 2081 | Steps:  304 | Reward:   883.15
Total T:  218252 | Ep: 2082 | Steps:  132 | Reward:   286.99
Total T:  218385 | Ep: 2083 | Steps:  133 | Reward:   281.54
Total T:  218606 | Ep: 2084 | Steps:  221 | Reward:   623.84
Total T:  218792 | Ep: 2085 | Steps:  186 | Reward:   422.93
Total T:  219026 | Ep: 2086 | Steps:  234 | Reward:   549.14
Total T:  219234 | Ep: 2087 | Steps:  208 | Reward:   504.18
Total T:  219437 | Ep: 2088 | Steps:  203 | Reward:   517.38
Total T:  219693 | Ep: 2089 | Steps:  256 | Reward:   730.76
Total T:  219887 | Ep: 2090 | Steps:  194 | Reward:   523.98
---------------------------------------
Evaluation over 10 episodes: 672.202
---------------------------------------
Total T:  220152 | Ep: 2091 | Steps:  265 | Reward:   779.30
Total T:  220447 | Ep: 2092 | Steps:  295 | Reward:   850.37
Total T:  220713 | Ep: 2093 | Steps:  266 | Reward:   747.95
Total T:  220857 | Ep: 2094 | Steps:  144 | Reward:   309.99
Total T:  221211 | Ep: 2095 | Steps:  354 | Reward:   900.92
Total T:  221401 | Ep: 2096 | Steps:  190 | Reward:   522.05
Total T:  221691 | Ep: 2097 | Steps:  290 | Reward:   875.23
Total T:  221895 | Ep: 2098 | Steps:  204 | Reward:   552.38
Total T:  222084 | Ep: 2099 | Steps:  189 | Reward:   436.01
Total T:  222331 | Ep: 2100 | Steps:  247 | Reward:   729.20
Total T:  222562 | Ep: 2101 | Steps:  231 | Reward:   588.78
Total T:  222740 | Ep: 2102 | Steps:  178 | Reward:   420.29
Total T:  222993 | Ep: 2103 | Steps:  253 | Reward:   629.96
Total T:  223224 | Ep: 2104 | Steps:  231 | Reward:   680.42
Total T:  223430 | Ep: 2105 | Steps:  206 | Reward:   542.32
Total T:  223633 | Ep: 2106 | Steps:  203 | Reward:   608.73
Total T:  223804 | Ep: 2107 | Steps:  171 | Reward:   461.76
Total T:  223964 | Ep: 2108 | Steps:  160 | Reward:   408.63
Total T:  224147 | Ep: 2109 | Steps:  183 | Reward:   509.75
Total T:  224382 | Ep: 2110 | Steps:  235 | Reward:   600.25
Total T:  224504 | Ep: 2111 | Steps:  122 | Reward:   231.42
Total T:  224724 | Ep: 2112 | Steps:  220 | Reward:   651.52
Total T:  224964 | Ep: 2113 | Steps:  240 | Reward:   652.27
Total T:  225221 | Ep: 2114 | Steps:  257 | Reward:   831.57
Total T:  225494 | Ep: 2115 | Steps:  273 | Reward:   893.24
Total T:  225732 | Ep: 2116 | Steps:  238 | Reward:   567.74
Total T:  225961 | Ep: 2117 | Steps:  229 | Reward:   687.12
Total T:  226177 | Ep: 2118 | Steps:  216 | Reward:   688.89
Total T:  226416 | Ep: 2119 | Steps:  239 | Reward:   733.33
Total T:  226647 | Ep: 2120 | Steps:  231 | Reward:   680.97
Total T:  226973 | Ep: 2121 | Steps:  326 | Reward:   971.48
Total T:  227205 | Ep: 2122 | Steps:  232 | Reward:   718.93
Total T:  227382 | Ep: 2123 | Steps:  177 | Reward:   488.92
Total T:  227569 | Ep: 2124 | Steps:  187 | Reward:   464.16
Total T:  227800 | Ep: 2125 | Steps:  231 | Reward:   706.97
Total T:  228084 | Ep: 2126 | Steps:  284 | Reward:   731.99
Total T:  228353 | Ep: 2127 | Steps:  269 | Reward:   795.62
Total T:  228570 | Ep: 2128 | Steps:  217 | Reward:   545.66
Total T:  228825 | Ep: 2129 | Steps:  255 | Reward:   759.78
Total T:  229024 | Ep: 2130 | Steps:  199 | Reward:   507.70
Total T:  229265 | Ep: 2131 | Steps:  241 | Reward:   653.53
Total T:  229538 | Ep: 2132 | Steps:  273 | Reward:   711.57
Total T:  229884 | Ep: 2133 | Steps:  346 | Reward:  1087.23
---------------------------------------
Evaluation over 10 episodes: 546.196
---------------------------------------
Total T:  230107 | Ep: 2134 | Steps:  223 | Reward:   629.30
Total T:  230319 | Ep: 2135 | Steps:  212 | Reward:   645.56
Total T:  230677 | Ep: 2136 | Steps:  358 | Reward:  1044.69
Total T:  230962 | Ep: 2137 | Steps:  285 | Reward:   923.23
Total T:  231110 | Ep: 2138 | Steps:  148 | Reward:   273.07
Total T:  231381 | Ep: 2139 | Steps:  271 | Reward:   719.63
Total T:  231695 | Ep: 2140 | Steps:  314 | Reward:   852.89
Total T:  231913 | Ep: 2141 | Steps:  218 | Reward:   564.05
Total T:  232217 | Ep: 2142 | Steps:  304 | Reward:   828.55
Total T:  232445 | Ep: 2143 | Steps:  228 | Reward:   581.74
Total T:  232679 | Ep: 2144 | Steps:  234 | Reward:   598.53
Total T:  232874 | Ep: 2145 | Steps:  195 | Reward:   551.94
Total T:  233184 | Ep: 2146 | Steps:  310 | Reward:   981.90
Total T:  233428 | Ep: 2147 | Steps:  244 | Reward:   598.96
Total T:  233684 | Ep: 2148 | Steps:  256 | Reward:   712.72
Total T:  233891 | Ep: 2149 | Steps:  207 | Reward:   579.98
Total T:  234115 | Ep: 2150 | Steps:  224 | Reward:   583.22
Total T:  234404 | Ep: 2151 | Steps:  289 | Reward:   914.63
Total T:  234688 | Ep: 2152 | Steps:  284 | Reward:   778.36
Total T:  234956 | Ep: 2153 | Steps:  268 | Reward:   876.31
Total T:  235183 | Ep: 2154 | Steps:  227 | Reward:   620.92
Total T:  235376 | Ep: 2155 | Steps:  193 | Reward:   579.38
Total T:  235588 | Ep: 2156 | Steps:  212 | Reward:   536.01
Total T:  235915 | Ep: 2157 | Steps:  327 | Reward:  1000.36
Total T:  236184 | Ep: 2158 | Steps:  269 | Reward:   789.68
Total T:  236385 | Ep: 2159 | Steps:  201 | Reward:   536.94
Total T:  236812 | Ep: 2160 | Steps:  427 | Reward:  1354.23
Total T:  237021 | Ep: 2161 | Steps:  209 | Reward:   663.69
Total T:  237341 | Ep: 2162 | Steps:  320 | Reward:   993.55
Total T:  237462 | Ep: 2163 | Steps:  121 | Reward:   113.71
Total T:  237663 | Ep: 2164 | Steps:  201 | Reward:   590.34
Total T:  237987 | Ep: 2165 | Steps:  324 | Reward:   964.86
Total T:  238296 | Ep: 2166 | Steps:  309 | Reward:   859.78
Total T:  238782 | Ep: 2167 | Steps:  486 | Reward:  1481.85
Total T:  238887 | Ep: 2168 | Steps:  105 | Reward:   203.01
Total T:  239176 | Ep: 2169 | Steps:  289 | Reward:   866.93
Total T:  239439 | Ep: 2170 | Steps:  263 | Reward:   710.49
Total T:  239727 | Ep: 2171 | Steps:  288 | Reward:   862.81
---------------------------------------
Evaluation over 10 episodes: 1007.196
---------------------------------------
Total T:  240161 | Ep: 2172 | Steps:  434 | Reward:  1194.68
Total T:  240522 | Ep: 2173 | Steps:  361 | Reward:  1090.01
Total T:  240742 | Ep: 2174 | Steps:  220 | Reward:   620.01
Total T:  241064 | Ep: 2175 | Steps:  322 | Reward:   890.79
Total T:  241334 | Ep: 2176 | Steps:  270 | Reward:   772.18
Total T:  242031 | Ep: 2177 | Steps:  697 | Reward:  2112.71
Total T:  242332 | Ep: 2178 | Steps:  301 | Reward:   924.69
Total T:  242645 | Ep: 2179 | Steps:  313 | Reward:   713.85
Total T:  242912 | Ep: 2180 | Steps:  267 | Reward:   769.73
Total T:  243185 | Ep: 2181 | Steps:  273 | Reward:   808.96
Total T:  243517 | Ep: 2182 | Steps:  332 | Reward:   994.17
Total T:  243836 | Ep: 2183 | Steps:  319 | Reward:   907.35
Total T:  244378 | Ep: 2184 | Steps:  542 | Reward:  1443.96
Total T:  244847 | Ep: 2185 | Steps:  469 | Reward:  1454.07
Total T:  245139 | Ep: 2186 | Steps:  292 | Reward:   837.37
Total T:  245401 | Ep: 2187 | Steps:  262 | Reward:   728.17
Total T:  245874 | Ep: 2188 | Steps:  473 | Reward:  1431.97
Total T:  246265 | Ep: 2189 | Steps:  391 | Reward:  1163.00
Total T:  246784 | Ep: 2190 | Steps:  519 | Reward:  1471.92
Total T:  247174 | Ep: 2191 | Steps:  390 | Reward:  1052.24
Total T:  247529 | Ep: 2192 | Steps:  355 | Reward:  1017.27
Total T:  247816 | Ep: 2193 | Steps:  287 | Reward:   808.36
Total T:  247941 | Ep: 2194 | Steps:  125 | Reward:   145.39
Total T:  248299 | Ep: 2195 | Steps:  358 | Reward:   972.41
Total T:  248892 | Ep: 2196 | Steps:  593 | Reward:  1784.05
Total T:  249162 | Ep: 2197 | Steps:  270 | Reward:   810.05
Total T:  249935 | Ep: 2198 | Steps:  773 | Reward:  1811.38
---------------------------------------
Evaluation over 10 episodes: 1010.201
---------------------------------------
Total T:  250246 | Ep: 2199 | Steps:  311 | Reward:   884.74
Total T:  250878 | Ep: 2200 | Steps:  632 | Reward:  1683.31
Total T:  251275 | Ep: 2201 | Steps:  397 | Reward:  1522.23
Total T:  251696 | Ep: 2202 | Steps:  421 | Reward:  1206.73
Total T:  252249 | Ep: 2203 | Steps:  553 | Reward:  1627.49
Total T:  252675 | Ep: 2204 | Steps:  426 | Reward:  1001.48
Total T:  252954 | Ep: 2205 | Steps:  279 | Reward:   800.94
Total T:  253325 | Ep: 2206 | Steps:  371 | Reward:  1102.51
Total T:  253492 | Ep: 2207 | Steps:  167 | Reward:   449.82
Total T:  254074 | Ep: 2208 | Steps:  582 | Reward:  1833.84
Total T:  254346 | Ep: 2209 | Steps:  272 | Reward:   778.79
Total T:  254827 | Ep: 2210 | Steps:  481 | Reward:  1319.46
Total T:  255052 | Ep: 2211 | Steps:  225 | Reward:   762.53
Total T:  255198 | Ep: 2212 | Steps:  146 | Reward:   347.83
Total T:  255434 | Ep: 2213 | Steps:  236 | Reward:   665.58
Total T:  255849 | Ep: 2214 | Steps:  415 | Reward:  1158.33
Total T:  256849 | Ep: 2215 | Steps: 1000 | Reward:  2678.74
Total T:  257332 | Ep: 2216 | Steps:  483 | Reward:  1356.23
Total T:  257839 | Ep: 2217 | Steps:  507 | Reward:  1550.50
Total T:  258211 | Ep: 2218 | Steps:  372 | Reward:  1097.47
Total T:  258722 | Ep: 2219 | Steps:  511 | Reward:  1405.42
Total T:  259420 | Ep: 2220 | Steps:  698 | Reward:  2066.88
Total T:  259912 | Ep: 2221 | Steps:  492 | Reward:  1488.54
---------------------------------------
Evaluation over 10 episodes: 778.221
---------------------------------------
Total T:  260824 | Ep: 2222 | Steps:  912 | Reward:  2574.96
Total T:  261625 | Ep: 2223 | Steps:  801 | Reward:  2226.65
Total T:  262620 | Ep: 2224 | Steps:  995 | Reward:  3345.83
Total T:  263620 | Ep: 2225 | Steps: 1000 | Reward:  2783.70
Total T:  263938 | Ep: 2226 | Steps:  318 | Reward:   924.02
Total T:  264645 | Ep: 2227 | Steps:  707 | Reward:  2136.61
Total T:  264922 | Ep: 2228 | Steps:  277 | Reward:   807.25
Total T:  265490 | Ep: 2229 | Steps:  568 | Reward:  2012.84
Total T:  265801 | Ep: 2230 | Steps:  311 | Reward:   846.17
Total T:  266494 | Ep: 2231 | Steps:  693 | Reward:  2317.71
Total T:  266823 | Ep: 2232 | Steps:  329 | Reward:  1008.62
Total T:  266935 | Ep: 2233 | Steps:  112 | Reward:   230.64
Total T:  267633 | Ep: 2234 | Steps:  698 | Reward:  2189.28
Total T:  268060 | Ep: 2235 | Steps:  427 | Reward:  1219.65
Total T:  268292 | Ep: 2236 | Steps:  232 | Reward:   749.55
Total T:  268397 | Ep: 2237 | Steps:  105 | Reward:   213.84
Total T:  268912 | Ep: 2238 | Steps:  515 | Reward:  1614.22
Total T:  269324 | Ep: 2239 | Steps:  412 | Reward:  1261.28
Total T:  269581 | Ep: 2240 | Steps:  257 | Reward:   856.44
Total T:  269873 | Ep: 2241 | Steps:  292 | Reward:   960.29
Total T:  269993 | Ep: 2242 | Steps:  120 | Reward:   282.94
---------------------------------------
Evaluation over 10 episodes: 1339.294
---------------------------------------
Total T:  270379 | Ep: 2243 | Steps:  386 | Reward:  1385.87
Total T:  270647 | Ep: 2244 | Steps:  268 | Reward:   834.61
Total T:  271272 | Ep: 2245 | Steps:  625 | Reward:  1813.74
Total T:  271817 | Ep: 2246 | Steps:  545 | Reward:  1501.62
Total T:  272114 | Ep: 2247 | Steps:  297 | Reward:   931.79
Total T:  272439 | Ep: 2248 | Steps:  325 | Reward:   942.58
Total T:  272630 | Ep: 2249 | Steps:  191 | Reward:   590.94
Total T:  272892 | Ep: 2250 | Steps:  262 | Reward:   832.31
Total T:  273406 | Ep: 2251 | Steps:  514 | Reward:  1507.18
Total T:  273927 | Ep: 2252 | Steps:  521 | Reward:  1422.65
Total T:  274220 | Ep: 2253 | Steps:  293 | Reward:   801.71
Total T:  274693 | Ep: 2254 | Steps:  473 | Reward:  1462.96
Total T:  274975 | Ep: 2255 | Steps:  282 | Reward:   807.88
Total T:  275250 | Ep: 2256 | Steps:  275 | Reward:   781.12
Total T:  275835 | Ep: 2257 | Steps:  585 | Reward:  1862.00
Total T:  275994 | Ep: 2258 | Steps:  159 | Reward:   385.16
Total T:  276994 | Ep: 2259 | Steps: 1000 | Reward:  2976.03
Total T:  277271 | Ep: 2260 | Steps:  277 | Reward:   890.83
Total T:  277410 | Ep: 2261 | Steps:  139 | Reward:   318.55
Total T:  277503 | Ep: 2262 | Steps:   93 | Reward:   178.99
Total T:  278277 | Ep: 2263 | Steps:  774 | Reward:  2481.26
Total T:  278789 | Ep: 2264 | Steps:  512 | Reward:  1638.95
Total T:  279789 | Ep: 2265 | Steps: 1000 | Reward:  3201.98
---------------------------------------
Evaluation over 10 episodes: 714.977
---------------------------------------
Total T:  280067 | Ep: 2266 | Steps:  278 | Reward:   880.49
Total T:  280697 | Ep: 2267 | Steps:  630 | Reward:  1951.97
Total T:  281269 | Ep: 2268 | Steps:  572 | Reward:  1683.45
Total T:  281465 | Ep: 2269 | Steps:  196 | Reward:   630.97
Total T:  281691 | Ep: 2270 | Steps:  226 | Reward:   660.80
Total T:  281782 | Ep: 2271 | Steps:   91 | Reward:   158.82
Total T:  282157 | Ep: 2272 | Steps:  375 | Reward:  1118.44
Total T:  282455 | Ep: 2273 | Steps:  298 | Reward:   653.43
Total T:  282552 | Ep: 2274 | Steps:   97 | Reward:   194.56
Total T:  283117 | Ep: 2275 | Steps:  565 | Reward:  1993.92
Total T:  283470 | Ep: 2276 | Steps:  353 | Reward:  1128.39
Total T:  284288 | Ep: 2277 | Steps:  818 | Reward:  2614.85
Total T:  284876 | Ep: 2278 | Steps:  588 | Reward:  1824.07
Total T:  285155 | Ep: 2279 | Steps:  279 | Reward:   814.55
Total T:  286126 | Ep: 2280 | Steps:  971 | Reward:  3125.73
Total T:  286492 | Ep: 2281 | Steps:  366 | Reward:  1142.31
Total T:  286578 | Ep: 2282 | Steps:   86 | Reward:   148.43
Total T:  286842 | Ep: 2283 | Steps:  264 | Reward:   792.55
Total T:  287440 | Ep: 2284 | Steps:  598 | Reward:  1892.44
Total T:  288228 | Ep: 2285 | Steps:  788 | Reward:  2632.01
Total T:  289228 | Ep: 2286 | Steps: 1000 | Reward:  2920.97
Total T:  289459 | Ep: 2287 | Steps:  231 | Reward:   669.29
---------------------------------------
Evaluation over 10 episodes: 1676.232
---------------------------------------
Total T:  290239 | Ep: 2288 | Steps:  780 | Reward:  2579.77
Total T:  290873 | Ep: 2289 | Steps:  634 | Reward:  2005.19
Total T:  291319 | Ep: 2290 | Steps:  446 | Reward:  1475.37
Total T:  291977 | Ep: 2291 | Steps:  658 | Reward:  2137.71
Total T:  292406 | Ep: 2292 | Steps:  429 | Reward:  1397.35
Total T:  292648 | Ep: 2293 | Steps:  242 | Reward:   756.86
Total T:  293040 | Ep: 2294 | Steps:  392 | Reward:  1144.75
Total T:  293402 | Ep: 2295 | Steps:  362 | Reward:  1128.03
Total T:  293511 | Ep: 2296 | Steps:  109 | Reward:   203.92
Total T:  293705 | Ep: 2297 | Steps:  194 | Reward:   591.09
Total T:  293798 | Ep: 2298 | Steps:   93 | Reward:   181.13
Total T:  294172 | Ep: 2299 | Steps:  374 | Reward:  1142.92
Total T:  294671 | Ep: 2300 | Steps:  499 | Reward:  1598.34
Total T:  295671 | Ep: 2301 | Steps: 1000 | Reward:  3135.41
Total T:  296671 | Ep: 2302 | Steps: 1000 | Reward:  3108.15
Total T:  297073 | Ep: 2303 | Steps:  402 | Reward:  1364.17
Total T:  297472 | Ep: 2304 | Steps:  399 | Reward:  1348.40
Total T:  297978 | Ep: 2305 | Steps:  506 | Reward:  1607.80
Total T:  298277 | Ep: 2306 | Steps:  299 | Reward:   672.71
Total T:  298961 | Ep: 2307 | Steps:  684 | Reward:  2168.97
Total T:  299129 | Ep: 2308 | Steps:  168 | Reward:   477.50
---------------------------------------
Evaluation over 10 episodes: 1278.202
---------------------------------------
Total T:  300129 | Ep: 2309 | Steps: 1000 | Reward:  3202.24
Total T:  300586 | Ep: 2310 | Steps:  457 | Reward:  1486.96
Total T:  300890 | Ep: 2311 | Steps:  304 | Reward:   844.43
Total T:  300981 | Ep: 2312 | Steps:   91 | Reward:   180.58
Total T:  301933 | Ep: 2313 | Steps:  952 | Reward:  2955.28
Total T:  302510 | Ep: 2314 | Steps:  577 | Reward:  1767.03
Total T:  302595 | Ep: 2315 | Steps:   85 | Reward:   167.33
Total T:  302684 | Ep: 2316 | Steps:   89 | Reward:   176.56
Total T:  303222 | Ep: 2317 | Steps:  538 | Reward:  1627.12
Total T:  304123 | Ep: 2318 | Steps:  901 | Reward:  2826.89
Total T:  304207 | Ep: 2319 | Steps:   84 | Reward:   165.54
Total T:  304746 | Ep: 2320 | Steps:  539 | Reward:  1708.98
Total T:  305746 | Ep: 2321 | Steps: 1000 | Reward:  2880.83
Total T:  305847 | Ep: 2322 | Steps:  101 | Reward:   206.48
Total T:  306308 | Ep: 2323 | Steps:  461 | Reward:  1428.99
Total T:  307308 | Ep: 2324 | Steps: 1000 | Reward:  2961.76
Total T:  307870 | Ep: 2325 | Steps:  562 | Reward:  1734.49
Total T:  308130 | Ep: 2326 | Steps:  260 | Reward:   770.87
Total T:  309130 | Ep: 2327 | Steps: 1000 | Reward:  3135.39
---------------------------------------
Evaluation over 10 episodes: 271.139
---------------------------------------
Total T:  310130 | Ep: 2328 | Steps: 1000 | Reward:  3029.13
Total T:  310241 | Ep: 2329 | Steps:  111 | Reward:   238.97
Total T:  310523 | Ep: 2330 | Steps:  282 | Reward:  1023.01
Total T:  310754 | Ep: 2331 | Steps:  231 | Reward:   716.33
Total T:  311754 | Ep: 2332 | Steps: 1000 | Reward:  3025.48
Total T:  312132 | Ep: 2333 | Steps:  378 | Reward:  1091.95
Total T:  312779 | Ep: 2334 | Steps:  647 | Reward:  1934.98
Total T:  312867 | Ep: 2335 | Steps:   88 | Reward:   177.02
Total T:  312954 | Ep: 2336 | Steps:   87 | Reward:   156.53
Total T:  313954 | Ep: 2337 | Steps: 1000 | Reward:  3054.17
Total T:  314954 | Ep: 2338 | Steps: 1000 | Reward:  3068.41
Total T:  315050 | Ep: 2339 | Steps:   96 | Reward:   195.46
Total T:  316025 | Ep: 2340 | Steps:  975 | Reward:  3187.81
Total T:  317025 | Ep: 2341 | Steps: 1000 | Reward:  3076.97
Total T:  318025 | Ep: 2342 | Steps: 1000 | Reward:  3004.81
Total T:  318318 | Ep: 2343 | Steps:  293 | Reward:   808.33
Total T:  319318 | Ep: 2344 | Steps: 1000 | Reward:  3085.85
Total T:  319662 | Ep: 2345 | Steps:  344 | Reward:  1064.70
---------------------------------------
Evaluation over 10 episodes: 2343.368
---------------------------------------
Total T:  320662 | Ep: 2346 | Steps: 1000 | Reward:  3078.66
Total T:  321662 | Ep: 2347 | Steps: 1000 | Reward:  3100.15
Total T:  322224 | Ep: 2348 | Steps:  562 | Reward:  1718.68
Total T:  323224 | Ep: 2349 | Steps: 1000 | Reward:  2932.37
Total T:  323832 | Ep: 2350 | Steps:  608 | Reward:  1745.10
Total T:  324508 | Ep: 2351 | Steps:  676 | Reward:  1992.43
Total T:  324960 | Ep: 2352 | Steps:  452 | Reward:  1675.17
Total T:  325960 | Ep: 2353 | Steps: 1000 | Reward:  3166.49
Total T:  326960 | Ep: 2354 | Steps: 1000 | Reward:  3234.56
Total T:  327443 | Ep: 2355 | Steps:  483 | Reward:  1369.33
Total T:  327566 | Ep: 2356 | Steps:  123 | Reward:   270.93
Total T:  327714 | Ep: 2357 | Steps:  148 | Reward:   408.13
Total T:  327978 | Ep: 2358 | Steps:  264 | Reward:   918.47
Total T:  328978 | Ep: 2359 | Steps: 1000 | Reward:  3108.16
Total T:  329069 | Ep: 2360 | Steps:   91 | Reward:   171.14
---------------------------------------
Evaluation over 10 episodes: 2053.041
---------------------------------------
Total T:  330069 | Ep: 2361 | Steps: 1000 | Reward:  3109.27
Total T:  331069 | Ep: 2362 | Steps: 1000 | Reward:  3184.88
Total T:  331786 | Ep: 2363 | Steps:  717 | Reward:  2208.01
Total T:  332223 | Ep: 2364 | Steps:  437 | Reward:  1352.68
Total T:  333223 | Ep: 2365 | Steps: 1000 | Reward:  3129.12
Total T:  334223 | Ep: 2366 | Steps: 1000 | Reward:  3096.22
Total T:  334792 | Ep: 2367 | Steps:  569 | Reward:  1898.34
Total T:  334867 | Ep: 2368 | Steps:   75 | Reward:   136.15
Total T:  335578 | Ep: 2369 | Steps:  711 | Reward:  2369.06
Total T:  336404 | Ep: 2370 | Steps:  826 | Reward:  2629.37
Total T:  336980 | Ep: 2371 | Steps:  576 | Reward:  1837.97
Total T:  337980 | Ep: 2372 | Steps: 1000 | Reward:  3028.35
Total T:  338189 | Ep: 2373 | Steps:  209 | Reward:   579.43
Total T:  339189 | Ep: 2374 | Steps: 1000 | Reward:  3126.43
Total T:  339895 | Ep: 2375 | Steps:  706 | Reward:  2482.28
---------------------------------------
Evaluation over 10 episodes: 2611.841
---------------------------------------
Total T:  340124 | Ep: 2376 | Steps:  229 | Reward:   629.79
Total T:  341124 | Ep: 2377 | Steps: 1000 | Reward:  3237.58
Total T:  341424 | Ep: 2378 | Steps:  300 | Reward:   846.85
Total T:  342424 | Ep: 2379 | Steps: 1000 | Reward:  3196.98
Total T:  343424 | Ep: 2380 | Steps: 1000 | Reward:  3166.93
Total T:  343528 | Ep: 2381 | Steps:  104 | Reward:   223.50
Total T:  343824 | Ep: 2382 | Steps:  296 | Reward:   878.98
Total T:  344824 | Ep: 2383 | Steps: 1000 | Reward:  3174.73
Total T:  345824 | Ep: 2384 | Steps: 1000 | Reward:  2984.10
Total T:  346824 | Ep: 2385 | Steps: 1000 | Reward:  3037.16
Total T:  347034 | Ep: 2386 | Steps:  210 | Reward:   639.95
Total T:  347582 | Ep: 2387 | Steps:  548 | Reward:  1744.40
Total T:  347822 | Ep: 2388 | Steps:  240 | Reward:   770.26
Total T:  348822 | Ep: 2389 | Steps: 1000 | Reward:  2943.57
Total T:  349381 | Ep: 2390 | Steps:  559 | Reward:  1713.81
---------------------------------------
Evaluation over 10 episodes: 2935.404
---------------------------------------
Total T:  350381 | Ep: 2391 | Steps: 1000 | Reward:  3111.56
Total T:  350768 | Ep: 2392 | Steps:  387 | Reward:  1157.49
Total T:  351428 | Ep: 2393 | Steps:  660 | Reward:  2163.66
Total T:  352428 | Ep: 2394 | Steps: 1000 | Reward:  3523.83
Total T:  353428 | Ep: 2395 | Steps: 1000 | Reward:  2906.64
Total T:  354428 | Ep: 2396 | Steps: 1000 | Reward:  2982.71
Total T:  354831 | Ep: 2397 | Steps:  403 | Reward:  1088.05
Total T:  355831 | Ep: 2398 | Steps: 1000 | Reward:  3062.93
Total T:  356831 | Ep: 2399 | Steps: 1000 | Reward:  2935.04
Total T:  357831 | Ep: 2400 | Steps: 1000 | Reward:  2994.93
Total T:  358276 | Ep: 2401 | Steps:  445 | Reward:  1712.19
Total T:  358601 | Ep: 2402 | Steps:  325 | Reward:  1058.99
Total T:  358627 | Ep: 2403 | Steps:   26 | Reward:     4.05
Total T:  358659 | Ep: 2404 | Steps:   32 | Reward:    10.37
Total T:  359659 | Ep: 2405 | Steps: 1000 | Reward:  2874.52
Total T:  359794 | Ep: 2406 | Steps:  135 | Reward:   179.04
---------------------------------------
Evaluation over 10 episodes: 430.196
---------------------------------------
Total T:  360172 | Ep: 2407 | Steps:  378 | Reward:  1081.77
Total T:  360222 | Ep: 2408 | Steps:   50 | Reward:    35.49
Total T:  360253 | Ep: 2409 | Steps:   31 | Reward:     8.57
Total T:  360291 | Ep: 2410 | Steps:   38 | Reward:    17.16
Total T:  360323 | Ep: 2411 | Steps:   32 | Reward:     9.12
Total T:  360364 | Ep: 2412 | Steps:   41 | Reward:    23.18
Total T:  360409 | Ep: 2413 | Steps:   45 | Reward:    28.44
Total T:  360436 | Ep: 2414 | Steps:   27 | Reward:     5.76
Total T:  360462 | Ep: 2415 | Steps:   26 | Reward:     4.02
Total T:  360489 | Ep: 2416 | Steps:   27 | Reward:     5.27
Total T:  360518 | Ep: 2417 | Steps:   29 | Reward:     7.89
Total T:  360698 | Ep: 2418 | Steps:  180 | Reward:   284.41
Total T:  360794 | Ep: 2419 | Steps:   96 | Reward:    76.94
Total T:  360843 | Ep: 2420 | Steps:   49 | Reward:    28.99
Total T:  360976 | Ep: 2421 | Steps:  133 | Reward:   222.24
Total T:  361076 | Ep: 2422 | Steps:  100 | Reward:   137.39
Total T:  361126 | Ep: 2423 | Steps:   50 | Reward:    34.23
Total T:  361391 | Ep: 2424 | Steps:  265 | Reward:   678.08
Total T:  361607 | Ep: 2425 | Steps:  216 | Reward:   439.67
Total T:  361684 | Ep: 2426 | Steps:   77 | Reward:    88.98
Total T:  362399 | Ep: 2427 | Steps:  715 | Reward:  1927.76
Total T:  362665 | Ep: 2428 | Steps:  266 | Reward:   484.15
Total T:  363665 | Ep: 2429 | Steps: 1000 | Reward:  3015.90
Total T:  364019 | Ep: 2430 | Steps:  354 | Reward:   398.37
Total T:  364227 | Ep: 2431 | Steps:  208 | Reward:   348.89
Total T:  364408 | Ep: 2432 | Steps:  181 | Reward:    90.27
Total T:  365130 | Ep: 2433 | Steps:  722 | Reward:  1581.78
Total T:  365394 | Ep: 2434 | Steps:  264 | Reward:   700.05
Total T:  365544 | Ep: 2435 | Steps:  150 | Reward:   247.42
Total T:  365636 | Ep: 2436 | Steps:   92 | Reward:   117.52
Total T:  366636 | Ep: 2437 | Steps: 1000 | Reward:  2853.60
Total T:  366803 | Ep: 2438 | Steps:  167 | Reward:   323.41
Total T:  367803 | Ep: 2439 | Steps: 1000 | Reward:  2332.06
Total T:  368082 | Ep: 2440 | Steps:  279 | Reward:   679.10
Total T:  369082 | Ep: 2441 | Steps: 1000 | Reward:  2922.26
---------------------------------------
Evaluation over 10 episodes: 2693.293
---------------------------------------
Total T:  370082 | Ep: 2442 | Steps: 1000 | Reward:  2858.82
Total T:  371082 | Ep: 2443 | Steps: 1000 | Reward:  2987.07
Total T:  371494 | Ep: 2444 | Steps:  412 | Reward:   962.95
Total T:  372193 | Ep: 2445 | Steps:  699 | Reward:  1374.78
Total T:  372611 | Ep: 2446 | Steps:  418 | Reward:  1003.53
Total T:  373611 | Ep: 2447 | Steps: 1000 | Reward:  2873.99
Total T:  374611 | Ep: 2448 | Steps: 1000 | Reward:  3257.39
Total T:  375056 | Ep: 2449 | Steps:  445 | Reward:  1318.21
Total T:  376056 | Ep: 2450 | Steps: 1000 | Reward:  3186.21
Total T:  377056 | Ep: 2451 | Steps: 1000 | Reward:  3165.01
Total T:  378056 | Ep: 2452 | Steps: 1000 | Reward:  3100.72
Total T:  379056 | Ep: 2453 | Steps: 1000 | Reward:  3145.59
---------------------------------------
Evaluation over 10 episodes: 2647.645
---------------------------------------
Total T:  380056 | Ep: 2454 | Steps: 1000 | Reward:  3060.67
Total T:  380348 | Ep: 2455 | Steps:  292 | Reward:   884.03
Total T:  381348 | Ep: 2456 | Steps: 1000 | Reward:  3024.32
Total T:  382348 | Ep: 2457 | Steps: 1000 | Reward:  3260.12
Total T:  383348 | Ep: 2458 | Steps: 1000 | Reward:  3156.85
Total T:  384348 | Ep: 2459 | Steps: 1000 | Reward:  3149.55
Total T:  385348 | Ep: 2460 | Steps: 1000 | Reward:  3265.41
Total T:  385832 | Ep: 2461 | Steps:  484 | Reward:  1569.83
Total T:  386832 | Ep: 2462 | Steps: 1000 | Reward:  3111.26
Total T:  387832 | Ep: 2463 | Steps: 1000 | Reward:  3123.91
Total T:  388832 | Ep: 2464 | Steps: 1000 | Reward:  3039.67
Total T:  389832 | Ep: 2465 | Steps: 1000 | Reward:  3171.11
---------------------------------------
Evaluation over 10 episodes: 3177.068
---------------------------------------
Total T:  390832 | Ep: 2466 | Steps: 1000 | Reward:  3288.47
Total T:  391832 | Ep: 2467 | Steps: 1000 | Reward:  3227.26
Total T:  392832 | Ep: 2468 | Steps: 1000 | Reward:  3025.90
Total T:  393832 | Ep: 2469 | Steps: 1000 | Reward:  3225.47
Total T:  394832 | Ep: 2470 | Steps: 1000 | Reward:  3085.27
Total T:  395832 | Ep: 2471 | Steps: 1000 | Reward:  3295.00
Total T:  396832 | Ep: 2472 | Steps: 1000 | Reward:  3202.94
Total T:  397832 | Ep: 2473 | Steps: 1000 | Reward:  3274.39
Total T:  398832 | Ep: 2474 | Steps: 1000 | Reward:  3151.90
Total T:  399832 | Ep: 2475 | Steps: 1000 | Reward:  3124.72
---------------------------------------
Evaluation over 10 episodes: 2710.506
---------------------------------------
Total T:  400832 | Ep: 2476 | Steps: 1000 | Reward:  3301.20
Total T:  401832 | Ep: 2477 | Steps: 1000 | Reward:  3280.52
Total T:  402832 | Ep: 2478 | Steps: 1000 | Reward:  3393.51
Total T:  403832 | Ep: 2479 | Steps: 1000 | Reward:  3295.77
Total T:  404832 | Ep: 2480 | Steps: 1000 | Reward:  3297.12
Total T:  405832 | Ep: 2481 | Steps: 1000 | Reward:  2754.85
Total T:  406832 | Ep: 2482 | Steps: 1000 | Reward:  3184.60
Total T:  407832 | Ep: 2483 | Steps: 1000 | Reward:  3213.62
Total T:  408832 | Ep: 2484 | Steps: 1000 | Reward:  3341.61
Total T:  409832 | Ep: 2485 | Steps: 1000 | Reward:  3319.42
---------------------------------------
Evaluation over 10 episodes: 3343.954
---------------------------------------
Total T:  410832 | Ep: 2486 | Steps: 1000 | Reward:  3142.79
Total T:  411832 | Ep: 2487 | Steps: 1000 | Reward:  3183.54
Total T:  412832 | Ep: 2488 | Steps: 1000 | Reward:  3302.53
Total T:  413832 | Ep: 2489 | Steps: 1000 | Reward:  3533.09
Total T:  414832 | Ep: 2490 | Steps: 1000 | Reward:  3276.25
Total T:  415832 | Ep: 2491 | Steps: 1000 | Reward:  3374.17
Total T:  416832 | Ep: 2492 | Steps: 1000 | Reward:  3244.66
Total T:  417832 | Ep: 2493 | Steps: 1000 | Reward:  3254.42
Total T:  418832 | Ep: 2494 | Steps: 1000 | Reward:  3092.18
Total T:  419832 | Ep: 2495 | Steps: 1000 | Reward:  3243.04
---------------------------------------
Evaluation over 10 episodes: 3160.422
---------------------------------------
Total T:  420452 | Ep: 2496 | Steps:  620 | Reward:  2140.89
Total T:  421452 | Ep: 2497 | Steps: 1000 | Reward:  3324.98
Total T:  422452 | Ep: 2498 | Steps: 1000 | Reward:  3247.72
Total T:  423452 | Ep: 2499 | Steps: 1000 | Reward:  3278.47
Total T:  424452 | Ep: 2500 | Steps: 1000 | Reward:  3165.79
Total T:  425452 | Ep: 2501 | Steps: 1000 | Reward:  3506.32
Total T:  426139 | Ep: 2502 | Steps:  687 | Reward:  2202.37
Total T:  427139 | Ep: 2503 | Steps: 1000 | Reward:  3323.65
Total T:  428139 | Ep: 2504 | Steps: 1000 | Reward:  3306.47
Total T:  429139 | Ep: 2505 | Steps: 1000 | Reward:  3186.11
---------------------------------------
Evaluation over 10 episodes: 3265.283
---------------------------------------
Total T:  430139 | Ep: 2506 | Steps: 1000 | Reward:  3200.62
Total T:  431139 | Ep: 2507 | Steps: 1000 | Reward:  3228.82
Total T:  432139 | Ep: 2508 | Steps: 1000 | Reward:  3227.17
Total T:  432973 | Ep: 2509 | Steps:  834 | Reward:  2657.33
Total T:  433973 | Ep: 2510 | Steps: 1000 | Reward:  3324.92
Total T:  434973 | Ep: 2511 | Steps: 1000 | Reward:  3314.46
Total T:  435973 | Ep: 2512 | Steps: 1000 | Reward:  3378.55
Total T:  436973 | Ep: 2513 | Steps: 1000 | Reward:  3348.82
Total T:  437973 | Ep: 2514 | Steps: 1000 | Reward:  3309.09
Total T:  438973 | Ep: 2515 | Steps: 1000 | Reward:  3322.26
Total T:  439973 | Ep: 2516 | Steps: 1000 | Reward:  3121.51
---------------------------------------
Evaluation over 10 episodes: 2945.306
---------------------------------------
Total T:  440973 | Ep: 2517 | Steps: 1000 | Reward:  3339.59
Total T:  441973 | Ep: 2518 | Steps: 1000 | Reward:  3361.35
Total T:  442973 | Ep: 2519 | Steps: 1000 | Reward:  3325.38
Total T:  443575 | Ep: 2520 | Steps:  602 | Reward:  1955.02
Total T:  444575 | Ep: 2521 | Steps: 1000 | Reward:  3307.89
Total T:  445575 | Ep: 2522 | Steps: 1000 | Reward:  3306.26
Total T:  445696 | Ep: 2523 | Steps:  121 | Reward:   255.04
Total T:  446696 | Ep: 2524 | Steps: 1000 | Reward:  3234.68
Total T:  447696 | Ep: 2525 | Steps: 1000 | Reward:  3155.14
Total T:  448538 | Ep: 2526 | Steps:  842 | Reward:  2980.69
Total T:  449538 | Ep: 2527 | Steps: 1000 | Reward:  3273.94
---------------------------------------
Evaluation over 10 episodes: 3255.854
---------------------------------------
Total T:  450538 | Ep: 2528 | Steps: 1000 | Reward:  3420.18
Total T:  451538 | Ep: 2529 | Steps: 1000 | Reward:  3289.61
Total T:  452538 | Ep: 2530 | Steps: 1000 | Reward:  3255.03
Total T:  453538 | Ep: 2531 | Steps: 1000 | Reward:  3185.69
Total T:  454538 | Ep: 2532 | Steps: 1000 | Reward:  3264.20
Total T:  455538 | Ep: 2533 | Steps: 1000 | Reward:  3262.71
Total T:  456538 | Ep: 2534 | Steps: 1000 | Reward:  3297.88
Total T:  457538 | Ep: 2535 | Steps: 1000 | Reward:  3458.97
Total T:  458538 | Ep: 2536 | Steps: 1000 | Reward:  3478.99
Total T:  459538 | Ep: 2537 | Steps: 1000 | Reward:  3245.69
---------------------------------------
Evaluation over 10 episodes: 3270.066
---------------------------------------
Total T:  460538 | Ep: 2538 | Steps: 1000 | Reward:  3330.84
Total T:  461538 | Ep: 2539 | Steps: 1000 | Reward:  3402.30
Total T:  462538 | Ep: 2540 | Steps: 1000 | Reward:  3377.80
Total T:  462722 | Ep: 2541 | Steps:  184 | Reward:   421.25
Total T:  463722 | Ep: 2542 | Steps: 1000 | Reward:  3288.31
Total T:  464722 | Ep: 2543 | Steps: 1000 | Reward:  3282.71
Total T:  465722 | Ep: 2544 | Steps: 1000 | Reward:  3435.87
Total T:  465805 | Ep: 2545 | Steps:   83 | Reward:   148.65
Total T:  466805 | Ep: 2546 | Steps: 1000 | Reward:  3239.02
Total T:  467805 | Ep: 2547 | Steps: 1000 | Reward:  3409.58
Total T:  468805 | Ep: 2548 | Steps: 1000 | Reward:  3520.25
Total T:  469805 | Ep: 2549 | Steps: 1000 | Reward:  3357.64
---------------------------------------
Evaluation over 10 episodes: 3321.158
---------------------------------------
Total T:  470805 | Ep: 2550 | Steps: 1000 | Reward:  3206.33
Total T:  471805 | Ep: 2551 | Steps: 1000 | Reward:  3307.43
Total T:  472805 | Ep: 2552 | Steps: 1000 | Reward:  3371.54
Total T:  473805 | Ep: 2553 | Steps: 1000 | Reward:  3423.22
Total T:  474134 | Ep: 2554 | Steps:  329 | Reward:  1056.26
Total T:  475134 | Ep: 2555 | Steps: 1000 | Reward:  3309.13
Total T:  475340 | Ep: 2556 | Steps:  206 | Reward:   138.61
Total T:  475624 | Ep: 2557 | Steps:  284 | Reward:   700.90
Total T:  476624 | Ep: 2558 | Steps: 1000 | Reward:  3299.26
Total T:  477624 | Ep: 2559 | Steps: 1000 | Reward:  3209.48
Total T:  478624 | Ep: 2560 | Steps: 1000 | Reward:  3401.63
Total T:  479624 | Ep: 2561 | Steps: 1000 | Reward:  3388.93
Total T:  479757 | Ep: 2562 | Steps:  133 | Reward:    74.47
Total T:  479845 | Ep: 2563 | Steps:   88 | Reward:    32.08
Total T:  479950 | Ep: 2564 | Steps:  105 | Reward:    54.60
---------------------------------------
Evaluation over 10 episodes: 2938.451
---------------------------------------
Total T:  480950 | Ep: 2565 | Steps: 1000 | Reward:  3601.81
Total T:  481950 | Ep: 2566 | Steps: 1000 | Reward:  3405.70
Total T:  482667 | Ep: 2567 | Steps:  717 | Reward:  2480.49
Total T:  483667 | Ep: 2568 | Steps: 1000 | Reward:  3469.29
Total T:  484667 | Ep: 2569 | Steps: 1000 | Reward:  3475.57
Total T:  485667 | Ep: 2570 | Steps: 1000 | Reward:  3363.37
Total T:  486667 | Ep: 2571 | Steps: 1000 | Reward:  3555.09
Total T:  486815 | Ep: 2572 | Steps:  148 | Reward:   357.72
Total T:  487802 | Ep: 2573 | Steps:  987 | Reward:  3499.96
Total T:  488802 | Ep: 2574 | Steps: 1000 | Reward:  3408.36
Total T:  489802 | Ep: 2575 | Steps: 1000 | Reward:  3438.24
---------------------------------------
Evaluation over 10 episodes: 3124.340
---------------------------------------
Total T:  490802 | Ep: 2576 | Steps: 1000 | Reward:  3340.31
Total T:  491802 | Ep: 2577 | Steps: 1000 | Reward:  3435.66
Total T:  492381 | Ep: 2578 | Steps:  579 | Reward:  2002.50
Total T:  493381 | Ep: 2579 | Steps: 1000 | Reward:  3406.84
Total T:  493817 | Ep: 2580 | Steps:  436 | Reward:  1417.27
Total T:  494817 | Ep: 2581 | Steps: 1000 | Reward:  3278.16
Total T:  495817 | Ep: 2582 | Steps: 1000 | Reward:  3335.90
Total T:  496817 | Ep: 2583 | Steps: 1000 | Reward:  3473.86
Total T:  497817 | Ep: 2584 | Steps: 1000 | Reward:  3494.16
Total T:  498817 | Ep: 2585 | Steps: 1000 | Reward:  3426.20
Total T:  499817 | Ep: 2586 | Steps: 1000 | Reward:  3411.97
---------------------------------------
Evaluation over 10 episodes: 3384.117
---------------------------------------
Total T:  500817 | Ep: 2587 | Steps: 1000 | Reward:  3405.53
Total T:  501817 | Ep: 2588 | Steps: 1000 | Reward:  3437.12
Total T:  502817 | Ep: 2589 | Steps: 1000 | Reward:  3434.47
Total T:  503580 | Ep: 2590 | Steps:  763 | Reward:  2587.06
Total T:  504580 | Ep: 2591 | Steps: 1000 | Reward:  3357.60
Total T:  505580 | Ep: 2592 | Steps: 1000 | Reward:  3528.72
Total T:  506580 | Ep: 2593 | Steps: 1000 | Reward:  3449.24
Total T:  507580 | Ep: 2594 | Steps: 1000 | Reward:  3409.52
Total T:  508580 | Ep: 2595 | Steps: 1000 | Reward:  3337.08
Total T:  509580 | Ep: 2596 | Steps: 1000 | Reward:  3537.59
---------------------------------------
Evaluation over 10 episodes: 3398.028
---------------------------------------
Total T:  510580 | Ep: 2597 | Steps: 1000 | Reward:  3408.27
Total T:  511580 | Ep: 2598 | Steps: 1000 | Reward:  3452.04
Total T:  512580 | Ep: 2599 | Steps: 1000 | Reward:  3343.64
Total T:  513580 | Ep: 2600 | Steps: 1000 | Reward:  3303.35
Total T:  514580 | Ep: 2601 | Steps: 1000 | Reward:  3368.17
Total T:  515580 | Ep: 2602 | Steps: 1000 | Reward:  3419.19
Total T:  516580 | Ep: 2603 | Steps: 1000 | Reward:  3608.98
Total T:  517580 | Ep: 2604 | Steps: 1000 | Reward:  3496.66
Total T:  518546 | Ep: 2605 | Steps:  966 | Reward:  3415.46
Total T:  519546 | Ep: 2606 | Steps: 1000 | Reward:  3329.04
---------------------------------------
Evaluation over 10 episodes: 2511.991
---------------------------------------
Total T:  520546 | Ep: 2607 | Steps: 1000 | Reward:  3420.43
Total T:  521546 | Ep: 2608 | Steps: 1000 | Reward:  3595.57
Total T:  522546 | Ep: 2609 | Steps: 1000 | Reward:  3299.44
Total T:  523546 | Ep: 2610 | Steps: 1000 | Reward:  3296.31
Total T:  524546 | Ep: 2611 | Steps: 1000 | Reward:  3428.43
Total T:  525546 | Ep: 2612 | Steps: 1000 | Reward:  3385.72
Total T:  526546 | Ep: 2613 | Steps: 1000 | Reward:  3460.03
Total T:  527546 | Ep: 2614 | Steps: 1000 | Reward:  3423.09
Total T:  528546 | Ep: 2615 | Steps: 1000 | Reward:  3393.69
Total T:  529546 | Ep: 2616 | Steps: 1000 | Reward:  3414.13
---------------------------------------
Evaluation over 10 episodes: 3445.321
---------------------------------------
Total T:  530546 | Ep: 2617 | Steps: 1000 | Reward:  3211.22
Total T:  531546 | Ep: 2618 | Steps: 1000 | Reward:  3349.96
Total T:  532546 | Ep: 2619 | Steps: 1000 | Reward:  3311.70
Total T:  533546 | Ep: 2620 | Steps: 1000 | Reward:  3384.55
Total T:  534546 | Ep: 2621 | Steps: 1000 | Reward:  3446.53
Total T:  535546 | Ep: 2622 | Steps: 1000 | Reward:  3434.11
Total T:  536546 | Ep: 2623 | Steps: 1000 | Reward:  3357.34
Total T:  537546 | Ep: 2624 | Steps: 1000 | Reward:  3415.85
Total T:  538546 | Ep: 2625 | Steps: 1000 | Reward:  3306.47
Total T:  539546 | Ep: 2626 | Steps: 1000 | Reward:  3376.49
---------------------------------------
Evaluation over 10 episodes: 1446.598
---------------------------------------
Total T:  540546 | Ep: 2627 | Steps: 1000 | Reward:  3365.76
Total T:  541546 | Ep: 2628 | Steps: 1000 | Reward:  3407.91
Total T:  542546 | Ep: 2629 | Steps: 1000 | Reward:  3427.19
Total T:  543546 | Ep: 2630 | Steps: 1000 | Reward:  3435.14
Total T:  544546 | Ep: 2631 | Steps: 1000 | Reward:  3380.53
Total T:  545546 | Ep: 2632 | Steps: 1000 | Reward:  3555.69
Total T:  546546 | Ep: 2633 | Steps: 1000 | Reward:  3552.70
Total T:  547546 | Ep: 2634 | Steps: 1000 | Reward:  3540.33
Total T:  548546 | Ep: 2635 | Steps: 1000 | Reward:  3384.49
Total T:  549546 | Ep: 2636 | Steps: 1000 | Reward:  3531.96
Total T:  549710 | Ep: 2637 | Steps:  164 | Reward:   471.36
---------------------------------------
Evaluation over 10 episodes: 2504.703
---------------------------------------
Total T:  550710 | Ep: 2638 | Steps: 1000 | Reward:  3495.37
Total T:  551710 | Ep: 2639 | Steps: 1000 | Reward:  3371.71
Total T:  552710 | Ep: 2640 | Steps: 1000 | Reward:  3431.39
Total T:  553710 | Ep: 2641 | Steps: 1000 | Reward:  3470.53
Total T:  554133 | Ep: 2642 | Steps:  423 | Reward:  1365.19
Total T:  555133 | Ep: 2643 | Steps: 1000 | Reward:  3387.47
Total T:  556133 | Ep: 2644 | Steps: 1000 | Reward:  3579.57
Total T:  557133 | Ep: 2645 | Steps: 1000 | Reward:  3362.48
Total T:  558133 | Ep: 2646 | Steps: 1000 | Reward:  3357.24
Total T:  559133 | Ep: 2647 | Steps: 1000 | Reward:  3354.49
---------------------------------------
Evaluation over 10 episodes: 2212.703
---------------------------------------
Total T:  560133 | Ep: 2648 | Steps: 1000 | Reward:  3482.46
Total T:  561133 | Ep: 2649 | Steps: 1000 | Reward:  3368.09
Total T:  562133 | Ep: 2650 | Steps: 1000 | Reward:  3368.36
Total T:  563133 | Ep: 2651 | Steps: 1000 | Reward:  3347.44
Total T:  563360 | Ep: 2652 | Steps:  227 | Reward:   705.29
Total T:  564360 | Ep: 2653 | Steps: 1000 | Reward:  3364.39
Total T:  565360 | Ep: 2654 | Steps: 1000 | Reward:  3368.96
Total T:  566360 | Ep: 2655 | Steps: 1000 | Reward:  3429.86
Total T:  567360 | Ep: 2656 | Steps: 1000 | Reward:  3356.34
Total T:  568360 | Ep: 2657 | Steps: 1000 | Reward:  3375.78
Total T:  569360 | Ep: 2658 | Steps: 1000 | Reward:  3431.97
---------------------------------------
Evaluation over 10 episodes: 2215.963
---------------------------------------
Total T:  570360 | Ep: 2659 | Steps: 1000 | Reward:  3407.91
Total T:  571360 | Ep: 2660 | Steps: 1000 | Reward:  3401.50
Total T:  572360 | Ep: 2661 | Steps: 1000 | Reward:  3425.99
Total T:  573360 | Ep: 2662 | Steps: 1000 | Reward:  3347.33
Total T:  574360 | Ep: 2663 | Steps: 1000 | Reward:  3327.88
Total T:  575360 | Ep: 2664 | Steps: 1000 | Reward:  3434.18
Total T:  576360 | Ep: 2665 | Steps: 1000 | Reward:  3400.05
Total T:  577360 | Ep: 2666 | Steps: 1000 | Reward:  3445.76
Total T:  578292 | Ep: 2667 | Steps:  932 | Reward:  3214.32
Total T:  579292 | Ep: 2668 | Steps: 1000 | Reward:  3309.95
---------------------------------------
Evaluation over 10 episodes: 3370.490
---------------------------------------
Total T:  580292 | Ep: 2669 | Steps: 1000 | Reward:  3377.34
Total T:  581292 | Ep: 2670 | Steps: 1000 | Reward:  3406.37
Total T:  582292 | Ep: 2671 | Steps: 1000 | Reward:  3310.98
Total T:  583292 | Ep: 2672 | Steps: 1000 | Reward:  3396.14
Total T:  584292 | Ep: 2673 | Steps: 1000 | Reward:  3391.10
Total T:  585292 | Ep: 2674 | Steps: 1000 | Reward:  3385.32
Total T:  586292 | Ep: 2675 | Steps: 1000 | Reward:  3387.64
Total T:  587292 | Ep: 2676 | Steps: 1000 | Reward:  3412.50
Total T:  588292 | Ep: 2677 | Steps: 1000 | Reward:  3376.73
Total T:  588807 | Ep: 2678 | Steps:  515 | Reward:  1685.28
Total T:  588957 | Ep: 2679 | Steps:  150 | Reward:   397.06
Total T:  589957 | Ep: 2680 | Steps: 1000 | Reward:  3437.23
---------------------------------------
Evaluation over 10 episodes: 2828.947
---------------------------------------
Total T:  590957 | Ep: 2681 | Steps: 1000 | Reward:  3395.17
Total T:  591957 | Ep: 2682 | Steps: 1000 | Reward:  3367.33
Total T:  592957 | Ep: 2683 | Steps: 1000 | Reward:  3444.40
Total T:  593957 | Ep: 2684 | Steps: 1000 | Reward:  3440.02
Total T:  594957 | Ep: 2685 | Steps: 1000 | Reward:  3477.04
Total T:  595957 | Ep: 2686 | Steps: 1000 | Reward:  3391.36
Total T:  596957 | Ep: 2687 | Steps: 1000 | Reward:  3376.76
Total T:  597957 | Ep: 2688 | Steps: 1000 | Reward:  3368.76
Total T:  598957 | Ep: 2689 | Steps: 1000 | Reward:  3465.75
Total T:  599957 | Ep: 2690 | Steps: 1000 | Reward:  3439.16
---------------------------------------
Evaluation over 10 episodes: 3545.852
---------------------------------------
Total T:  600957 | Ep: 2691 | Steps: 1000 | Reward:  3381.66
Total T:  601957 | Ep: 2692 | Steps: 1000 | Reward:  3453.36
Total T:  602957 | Ep: 2693 | Steps: 1000 | Reward:  3426.75
Total T:  603957 | Ep: 2694 | Steps: 1000 | Reward:  3304.14
Total T:  604957 | Ep: 2695 | Steps: 1000 | Reward:  3388.87
Total T:  605957 | Ep: 2696 | Steps: 1000 | Reward:  3412.78
Total T:  606957 | Ep: 2697 | Steps: 1000 | Reward:  3392.47
Total T:  607957 | Ep: 2698 | Steps: 1000 | Reward:  3493.55
Total T:  608957 | Ep: 2699 | Steps: 1000 | Reward:  3319.83
Total T:  609957 | Ep: 2700 | Steps: 1000 | Reward:  3434.24
---------------------------------------
Evaluation over 10 episodes: 3475.747
---------------------------------------
Total T:  610395 | Ep: 2701 | Steps:  438 | Reward:  1616.40
Total T:  611395 | Ep: 2702 | Steps: 1000 | Reward:  3412.65
Total T:  612395 | Ep: 2703 | Steps: 1000 | Reward:  3461.04
Total T:  613395 | Ep: 2704 | Steps: 1000 | Reward:  3520.56
Total T:  614395 | Ep: 2705 | Steps: 1000 | Reward:  3506.15
Total T:  615395 | Ep: 2706 | Steps: 1000 | Reward:  3371.62
Total T:  616395 | Ep: 2707 | Steps: 1000 | Reward:  3415.92
Total T:  617395 | Ep: 2708 | Steps: 1000 | Reward:  3499.98
Total T:  618395 | Ep: 2709 | Steps: 1000 | Reward:  3401.37
Total T:  619395 | Ep: 2710 | Steps: 1000 | Reward:  3432.11
---------------------------------------
Evaluation over 10 episodes: 3523.666
---------------------------------------
Total T:  620395 | Ep: 2711 | Steps: 1000 | Reward:  3459.36
Total T:  621395 | Ep: 2712 | Steps: 1000 | Reward:  3442.88
Total T:  622395 | Ep: 2713 | Steps: 1000 | Reward:  3428.10
Total T:  623395 | Ep: 2714 | Steps: 1000 | Reward:  3421.50
Total T:  624395 | Ep: 2715 | Steps: 1000 | Reward:  3345.72
Total T:  625395 | Ep: 2716 | Steps: 1000 | Reward:  3465.39
Total T:  626395 | Ep: 2717 | Steps: 1000 | Reward:  3409.09
Total T:  627395 | Ep: 2718 | Steps: 1000 | Reward:  3447.22
Total T:  628395 | Ep: 2719 | Steps: 1000 | Reward:  3379.03
Total T:  628466 | Ep: 2720 | Steps:   71 | Reward:   110.82
Total T:  629466 | Ep: 2721 | Steps: 1000 | Reward:  3518.05
---------------------------------------
Evaluation over 10 episodes: 3403.266
---------------------------------------
Total T:  630466 | Ep: 2722 | Steps: 1000 | Reward:  3458.96
Total T:  631466 | Ep: 2723 | Steps: 1000 | Reward:  3355.28
Total T:  632034 | Ep: 2724 | Steps:  568 | Reward:  1962.28
Total T:  633034 | Ep: 2725 | Steps: 1000 | Reward:  3514.41
Total T:  634034 | Ep: 2726 | Steps: 1000 | Reward:  3411.89
Total T:  635034 | Ep: 2727 | Steps: 1000 | Reward:  3276.44
Total T:  636034 | Ep: 2728 | Steps: 1000 | Reward:  3361.83
Total T:  637034 | Ep: 2729 | Steps: 1000 | Reward:  3341.32
Total T:  637166 | Ep: 2730 | Steps:  132 | Reward:   330.89
Total T:  638166 | Ep: 2731 | Steps: 1000 | Reward:  3454.29
Total T:  639166 | Ep: 2732 | Steps: 1000 | Reward:  3400.89
---------------------------------------
Evaluation over 10 episodes: 3406.540
---------------------------------------
Total T:  640166 | Ep: 2733 | Steps: 1000 | Reward:  3526.75
Total T:  641166 | Ep: 2734 | Steps: 1000 | Reward:  3282.54
Total T:  642166 | Ep: 2735 | Steps: 1000 | Reward:  3363.68
Total T:  643166 | Ep: 2736 | Steps: 1000 | Reward:  3478.14
Total T:  643328 | Ep: 2737 | Steps:  162 | Reward:   456.17
Total T:  644328 | Ep: 2738 | Steps: 1000 | Reward:  3522.90
Total T:  645328 | Ep: 2739 | Steps: 1000 | Reward:  3355.74
Total T:  646328 | Ep: 2740 | Steps: 1000 | Reward:  3493.47
Total T:  647328 | Ep: 2741 | Steps: 1000 | Reward:  3464.62
Total T:  648328 | Ep: 2742 | Steps: 1000 | Reward:  3430.34
Total T:  649328 | Ep: 2743 | Steps: 1000 | Reward:  3462.33
---------------------------------------
Evaluation over 10 episodes: 3321.884
---------------------------------------
Total T:  650328 | Ep: 2744 | Steps: 1000 | Reward:  3500.36
Total T:  651328 | Ep: 2745 | Steps: 1000 | Reward:  3452.15
Total T:  652328 | Ep: 2746 | Steps: 1000 | Reward:  3329.41
Total T:  653328 | Ep: 2747 | Steps: 1000 | Reward:  3447.36
Total T:  654328 | Ep: 2748 | Steps: 1000 | Reward:  3366.50
Total T:  655328 | Ep: 2749 | Steps: 1000 | Reward:  3369.04
Total T:  656328 | Ep: 2750 | Steps: 1000 | Reward:  3343.06
Total T:  657328 | Ep: 2751 | Steps: 1000 | Reward:  3447.06
Total T:  658328 | Ep: 2752 | Steps: 1000 | Reward:  3429.99
Total T:  659328 | Ep: 2753 | Steps: 1000 | Reward:  3454.11
---------------------------------------
Evaluation over 10 episodes: 3475.687
---------------------------------------
Total T:  660328 | Ep: 2754 | Steps: 1000 | Reward:  3401.03
Total T:  661328 | Ep: 2755 | Steps: 1000 | Reward:  3434.76
Total T:  662328 | Ep: 2756 | Steps: 1000 | Reward:  3484.92
Total T:  663328 | Ep: 2757 | Steps: 1000 | Reward:  3444.66
Total T:  664328 | Ep: 2758 | Steps: 1000 | Reward:  3387.08
Total T:  665328 | Ep: 2759 | Steps: 1000 | Reward:  3440.09
Total T:  666328 | Ep: 2760 | Steps: 1000 | Reward:  3315.73
Total T:  667328 | Ep: 2761 | Steps: 1000 | Reward:  3429.28
Total T:  668328 | Ep: 2762 | Steps: 1000 | Reward:  3455.42
Total T:  669328 | Ep: 2763 | Steps: 1000 | Reward:  3373.75
---------------------------------------
Evaluation over 10 episodes: 3234.412
---------------------------------------
Total T:  670328 | Ep: 2764 | Steps: 1000 | Reward:  3370.06
Total T:  671328 | Ep: 2765 | Steps: 1000 | Reward:  3457.12
Total T:  672328 | Ep: 2766 | Steps: 1000 | Reward:  3510.19
Total T:  673328 | Ep: 2767 | Steps: 1000 | Reward:  3374.24
Total T:  674328 | Ep: 2768 | Steps: 1000 | Reward:  3393.76
Total T:  675328 | Ep: 2769 | Steps: 1000 | Reward:  3420.39
Total T:  676328 | Ep: 2770 | Steps: 1000 | Reward:  3416.01
Total T:  677328 | Ep: 2771 | Steps: 1000 | Reward:  3286.46
Total T:  678328 | Ep: 2772 | Steps: 1000 | Reward:  3591.33
Total T:  679009 | Ep: 2773 | Steps:  681 | Reward:  2408.14
---------------------------------------
Evaluation over 10 episodes: 3446.794
---------------------------------------
Total T:  680009 | Ep: 2774 | Steps: 1000 | Reward:  3371.68
Total T:  681009 | Ep: 2775 | Steps: 1000 | Reward:  3464.47
Total T:  682009 | Ep: 2776 | Steps: 1000 | Reward:  3438.08
Total T:  683009 | Ep: 2777 | Steps: 1000 | Reward:  3490.25
Total T:  684009 | Ep: 2778 | Steps: 1000 | Reward:  3429.85
Total T:  685009 | Ep: 2779 | Steps: 1000 | Reward:  3454.71
Total T:  686009 | Ep: 2780 | Steps: 1000 | Reward:  3454.40
Total T:  687009 | Ep: 2781 | Steps: 1000 | Reward:  3468.38
Total T:  688009 | Ep: 2782 | Steps: 1000 | Reward:  3442.29
Total T:  689009 | Ep: 2783 | Steps: 1000 | Reward:  3607.75
---------------------------------------
Evaluation over 10 episodes: 3437.751
---------------------------------------
Total T:  690009 | Ep: 2784 | Steps: 1000 | Reward:  3489.66
Total T:  691009 | Ep: 2785 | Steps: 1000 | Reward:  3395.91
Total T:  692009 | Ep: 2786 | Steps: 1000 | Reward:  3432.00
Total T:  693009 | Ep: 2787 | Steps: 1000 | Reward:  3627.63
Total T:  694009 | Ep: 2788 | Steps: 1000 | Reward:  3499.76
Total T:  695009 | Ep: 2789 | Steps: 1000 | Reward:  3341.31
Total T:  696009 | Ep: 2790 | Steps: 1000 | Reward:  3535.03
Total T:  696102 | Ep: 2791 | Steps:   93 | Reward:   176.25
Total T:  697102 | Ep: 2792 | Steps: 1000 | Reward:  3522.22
Total T:  698102 | Ep: 2793 | Steps: 1000 | Reward:  3361.46
Total T:  699102 | Ep: 2794 | Steps: 1000 | Reward:  3387.47
---------------------------------------
Evaluation over 10 episodes: 3563.294
---------------------------------------
Total T:  700102 | Ep: 2795 | Steps: 1000 | Reward:  3532.46
Total T:  701102 | Ep: 2796 | Steps: 1000 | Reward:  3571.04
Total T:  702102 | Ep: 2797 | Steps: 1000 | Reward:  3522.46
Total T:  703102 | Ep: 2798 | Steps: 1000 | Reward:  3507.83
Total T:  704102 | Ep: 2799 | Steps: 1000 | Reward:  3535.43
Total T:  705102 | Ep: 2800 | Steps: 1000 | Reward:  3552.57
Total T:  706102 | Ep: 2801 | Steps: 1000 | Reward:  3468.59
Total T:  706182 | Ep: 2802 | Steps:   80 | Reward:   142.61
Total T:  706273 | Ep: 2803 | Steps:   91 | Reward:   171.04
Total T:  707273 | Ep: 2804 | Steps: 1000 | Reward:  3476.56
Total T:  708273 | Ep: 2805 | Steps: 1000 | Reward:  3424.23
Total T:  709273 | Ep: 2806 | Steps: 1000 | Reward:  3507.30
---------------------------------------
Evaluation over 10 episodes: 2920.828
---------------------------------------
Total T:  710273 | Ep: 2807 | Steps: 1000 | Reward:  3446.36
Total T:  710355 | Ep: 2808 | Steps:   82 | Reward:   145.77
Total T:  711355 | Ep: 2809 | Steps: 1000 | Reward:  3359.27
Total T:  712355 | Ep: 2810 | Steps: 1000 | Reward:  3335.17
Total T:  713355 | Ep: 2811 | Steps: 1000 | Reward:  3499.16
Total T:  714355 | Ep: 2812 | Steps: 1000 | Reward:  3447.60
Total T:  715355 | Ep: 2813 | Steps: 1000 | Reward:  3499.95
Total T:  716355 | Ep: 2814 | Steps: 1000 | Reward:  3419.82
Total T:  717355 | Ep: 2815 | Steps: 1000 | Reward:  3331.54
Total T:  718355 | Ep: 2816 | Steps: 1000 | Reward:  3661.60
Total T:  719355 | Ep: 2817 | Steps: 1000 | Reward:  3740.90
---------------------------------------
Evaluation over 10 episodes: 2925.596
---------------------------------------
Total T:  720355 | Ep: 2818 | Steps: 1000 | Reward:  3417.38
Total T:  720426 | Ep: 2819 | Steps:   71 | Reward:   127.35
Total T:  721426 | Ep: 2820 | Steps: 1000 | Reward:  3423.07
Total T:  722426 | Ep: 2821 | Steps: 1000 | Reward:  3529.10
Total T:  723426 | Ep: 2822 | Steps: 1000 | Reward:  3464.75
Total T:  724426 | Ep: 2823 | Steps: 1000 | Reward:  3616.83
Total T:  725426 | Ep: 2824 | Steps: 1000 | Reward:  3663.45
Total T:  726426 | Ep: 2825 | Steps: 1000 | Reward:  3595.04
Total T:  726785 | Ep: 2826 | Steps:  359 | Reward:  1230.10
Total T:  727785 | Ep: 2827 | Steps: 1000 | Reward:  3593.89
Total T:  728785 | Ep: 2828 | Steps: 1000 | Reward:  3484.33
Total T:  729785 | Ep: 2829 | Steps: 1000 | Reward:  3660.71
---------------------------------------
Evaluation over 10 episodes: 3651.858
---------------------------------------
Total T:  730785 | Ep: 2830 | Steps: 1000 | Reward:  3741.39
Total T:  731785 | Ep: 2831 | Steps: 1000 | Reward:  3734.19
Total T:  732785 | Ep: 2832 | Steps: 1000 | Reward:  3677.73
Total T:  733785 | Ep: 2833 | Steps: 1000 | Reward:  3583.20
Total T:  734785 | Ep: 2834 | Steps: 1000 | Reward:  3493.91
Total T:  735785 | Ep: 2835 | Steps: 1000 | Reward:  3551.82
Total T:  736785 | Ep: 2836 | Steps: 1000 | Reward:  3513.90
Total T:  736907 | Ep: 2837 | Steps:  122 | Reward:   280.08
Total T:  737907 | Ep: 2838 | Steps: 1000 | Reward:  3714.53
Total T:  738907 | Ep: 2839 | Steps: 1000 | Reward:  3531.22
Total T:  739907 | Ep: 2840 | Steps: 1000 | Reward:  3635.97
---------------------------------------
Evaluation over 10 episodes: 3700.015
---------------------------------------
Total T:  740907 | Ep: 2841 | Steps: 1000 | Reward:  3725.98
Total T:  741907 | Ep: 2842 | Steps: 1000 | Reward:  3773.64
Total T:  742907 | Ep: 2843 | Steps: 1000 | Reward:  3629.93
Total T:  743907 | Ep: 2844 | Steps: 1000 | Reward:  3716.29
Total T:  744907 | Ep: 2845 | Steps: 1000 | Reward:  3749.42
Total T:  745907 | Ep: 2846 | Steps: 1000 | Reward:  3685.05
Total T:  746907 | Ep: 2847 | Steps: 1000 | Reward:  3823.52
Total T:  747907 | Ep: 2848 | Steps: 1000 | Reward:  3722.94
Total T:  748907 | Ep: 2849 | Steps: 1000 | Reward:  3590.50
Total T:  749907 | Ep: 2850 | Steps: 1000 | Reward:  3645.34
---------------------------------------
Evaluation over 10 episodes: 3737.199
---------------------------------------
Total T:  750907 | Ep: 2851 | Steps: 1000 | Reward:  3740.63
Total T:  751907 | Ep: 2852 | Steps: 1000 | Reward:  3751.51
Total T:  752907 | Ep: 2853 | Steps: 1000 | Reward:  3774.53
Total T:  753907 | Ep: 2854 | Steps: 1000 | Reward:  3798.80
Total T:  754907 | Ep: 2855 | Steps: 1000 | Reward:  3773.35
Total T:  755907 | Ep: 2856 | Steps: 1000 | Reward:  3694.86
Total T:  756907 | Ep: 2857 | Steps: 1000 | Reward:  3592.25
Total T:  757907 | Ep: 2858 | Steps: 1000 | Reward:  3668.35
Total T:  758907 | Ep: 2859 | Steps: 1000 | Reward:  3727.46
Total T:  759907 | Ep: 2860 | Steps: 1000 | Reward:  3779.49
---------------------------------------
Evaluation over 10 episodes: 3760.596
---------------------------------------
Total T:  760907 | Ep: 2861 | Steps: 1000 | Reward:  3803.94
Total T:  761907 | Ep: 2862 | Steps: 1000 | Reward:  3800.64
Total T:  762907 | Ep: 2863 | Steps: 1000 | Reward:  3675.85
Total T:  763907 | Ep: 2864 | Steps: 1000 | Reward:  3540.03
Total T:  764907 | Ep: 2865 | Steps: 1000 | Reward:  3569.32
Total T:  765907 | Ep: 2866 | Steps: 1000 | Reward:  3765.39
Total T:  766907 | Ep: 2867 | Steps: 1000 | Reward:  3606.29
Total T:  767907 | Ep: 2868 | Steps: 1000 | Reward:  3517.56
Total T:  768907 | Ep: 2869 | Steps: 1000 | Reward:  3547.65
Total T:  769907 | Ep: 2870 | Steps: 1000 | Reward:  3538.28
---------------------------------------
Evaluation over 10 episodes: 3555.160
---------------------------------------
Total T:  770907 | Ep: 2871 | Steps: 1000 | Reward:  3615.42
Total T:  771907 | Ep: 2872 | Steps: 1000 | Reward:  3709.03
Total T:  772907 | Ep: 2873 | Steps: 1000 | Reward:  3558.86
Total T:  773907 | Ep: 2874 | Steps: 1000 | Reward:  3642.42
Total T:  774907 | Ep: 2875 | Steps: 1000 | Reward:  3760.68
Total T:  775907 | Ep: 2876 | Steps: 1000 | Reward:  3693.78
Total T:  776907 | Ep: 2877 | Steps: 1000 | Reward:  3668.02
Total T:  777907 | Ep: 2878 | Steps: 1000 | Reward:  3662.86
Total T:  778907 | Ep: 2879 | Steps: 1000 | Reward:  3806.08
Total T:  779907 | Ep: 2880 | Steps: 1000 | Reward:  3773.58
---------------------------------------
Evaluation over 10 episodes: 3759.119
---------------------------------------
Total T:  780907 | Ep: 2881 | Steps: 1000 | Reward:  3743.02
Total T:  781907 | Ep: 2882 | Steps: 1000 | Reward:  3828.82
Total T:  782907 | Ep: 2883 | Steps: 1000 | Reward:  3849.04
Total T:  783907 | Ep: 2884 | Steps: 1000 | Reward:  3813.70
Total T:  784907 | Ep: 2885 | Steps: 1000 | Reward:  3805.70
Total T:  785907 | Ep: 2886 | Steps: 1000 | Reward:  3726.53
Total T:  786907 | Ep: 2887 | Steps: 1000 | Reward:  3864.40
Total T:  787907 | Ep: 2888 | Steps: 1000 | Reward:  3755.56
Total T:  788907 | Ep: 2889 | Steps: 1000 | Reward:  3771.94
Total T:  789892 | Ep: 2890 | Steps:  985 | Reward:  3738.32
---------------------------------------
Evaluation over 10 episodes: 3824.287
---------------------------------------
Total T:  790892 | Ep: 2891 | Steps: 1000 | Reward:  3840.39
Total T:  791892 | Ep: 2892 | Steps: 1000 | Reward:  3854.71
Total T:  792892 | Ep: 2893 | Steps: 1000 | Reward:  3789.00
Total T:  793892 | Ep: 2894 | Steps: 1000 | Reward:  3785.22
Total T:  794892 | Ep: 2895 | Steps: 1000 | Reward:  3969.86
Total T:  795892 | Ep: 2896 | Steps: 1000 | Reward:  3862.60
Total T:  796892 | Ep: 2897 | Steps: 1000 | Reward:  3683.54
Total T:  797892 | Ep: 2898 | Steps: 1000 | Reward:  3833.85
Total T:  798892 | Ep: 2899 | Steps: 1000 | Reward:  3718.47
Total T:  799892 | Ep: 2900 | Steps: 1000 | Reward:  3624.59
---------------------------------------
Evaluation over 10 episodes: 3756.665
---------------------------------------
Total T:  800892 | Ep: 2901 | Steps: 1000 | Reward:  3828.63
Total T:  801892 | Ep: 2902 | Steps: 1000 | Reward:  3722.78
Total T:  802892 | Ep: 2903 | Steps: 1000 | Reward:  3769.24
Total T:  803892 | Ep: 2904 | Steps: 1000 | Reward:  3909.67
Total T:  804892 | Ep: 2905 | Steps: 1000 | Reward:  3773.13
Total T:  805892 | Ep: 2906 | Steps: 1000 | Reward:  3830.92
Total T:  806892 | Ep: 2907 | Steps: 1000 | Reward:  3793.47
Total T:  807892 | Ep: 2908 | Steps: 1000 | Reward:  3810.14
Total T:  808892 | Ep: 2909 | Steps: 1000 | Reward:  3708.85
Total T:  809892 | Ep: 2910 | Steps: 1000 | Reward:  3772.86
---------------------------------------
Evaluation over 10 episodes: 3845.214
---------------------------------------
Total T:  810892 | Ep: 2911 | Steps: 1000 | Reward:  3793.28
Total T:  811892 | Ep: 2912 | Steps: 1000 | Reward:  3917.96
Total T:  812892 | Ep: 2913 | Steps: 1000 | Reward:  3902.09
Total T:  813892 | Ep: 2914 | Steps: 1000 | Reward:  3722.84
Total T:  814892 | Ep: 2915 | Steps: 1000 | Reward:  3866.22
Total T:  815892 | Ep: 2916 | Steps: 1000 | Reward:  3775.85
Total T:  816892 | Ep: 2917 | Steps: 1000 | Reward:  3804.31
Total T:  817892 | Ep: 2918 | Steps: 1000 | Reward:  3819.11
Total T:  818892 | Ep: 2919 | Steps: 1000 | Reward:  3855.77
Total T:  819892 | Ep: 2920 | Steps: 1000 | Reward:  3809.38
---------------------------------------
Evaluation over 10 episodes: 3713.107
---------------------------------------
Total T:  820892 | Ep: 2921 | Steps: 1000 | Reward:  3799.07
Total T:  821892 | Ep: 2922 | Steps: 1000 | Reward:  3710.22
Total T:  822892 | Ep: 2923 | Steps: 1000 | Reward:  3745.40
Total T:  823892 | Ep: 2924 | Steps: 1000 | Reward:  3811.10
Total T:  824892 | Ep: 2925 | Steps: 1000 | Reward:  3808.49
Total T:  825892 | Ep: 2926 | Steps: 1000 | Reward:  3654.22
Total T:  826892 | Ep: 2927 | Steps: 1000 | Reward:  3798.21
Total T:  827892 | Ep: 2928 | Steps: 1000 | Reward:  3693.86
Total T:  828892 | Ep: 2929 | Steps: 1000 | Reward:  3700.15
Total T:  829892 | Ep: 2930 | Steps: 1000 | Reward:  3770.65
---------------------------------------
Evaluation over 10 episodes: 3661.248
---------------------------------------
Total T:  830892 | Ep: 2931 | Steps: 1000 | Reward:  3701.06
Total T:  831892 | Ep: 2932 | Steps: 1000 | Reward:  3854.11
Total T:  832892 | Ep: 2933 | Steps: 1000 | Reward:  3742.91
Total T:  833892 | Ep: 2934 | Steps: 1000 | Reward:  3813.72
Total T:  834892 | Ep: 2935 | Steps: 1000 | Reward:  3671.45
Total T:  835892 | Ep: 2936 | Steps: 1000 | Reward:  3719.74
Total T:  836892 | Ep: 2937 | Steps: 1000 | Reward:  3742.77
Total T:  837892 | Ep: 2938 | Steps: 1000 | Reward:  3751.10
Total T:  838892 | Ep: 2939 | Steps: 1000 | Reward:  3695.50
Total T:  839892 | Ep: 2940 | Steps: 1000 | Reward:  3707.22
---------------------------------------
Evaluation over 10 episodes: 3852.841
---------------------------------------
Total T:  840892 | Ep: 2941 | Steps: 1000 | Reward:  3733.18
Total T:  841892 | Ep: 2942 | Steps: 1000 | Reward:  3717.38
Total T:  842892 | Ep: 2943 | Steps: 1000 | Reward:  3735.93
Total T:  843892 | Ep: 2944 | Steps: 1000 | Reward:  3887.54
Total T:  844892 | Ep: 2945 | Steps: 1000 | Reward:  3811.99
Total T:  845892 | Ep: 2946 | Steps: 1000 | Reward:  3820.23
Total T:  846892 | Ep: 2947 | Steps: 1000 | Reward:  3829.16
Total T:  847892 | Ep: 2948 | Steps: 1000 | Reward:  3718.92
Total T:  848892 | Ep: 2949 | Steps: 1000 | Reward:  3803.84
Total T:  849892 | Ep: 2950 | Steps: 1000 | Reward:  3903.83
---------------------------------------
Evaluation over 10 episodes: 3695.645
---------------------------------------
Total T:  850892 | Ep: 2951 | Steps: 1000 | Reward:  3806.25
Total T:  851892 | Ep: 2952 | Steps: 1000 | Reward:  3862.62
Total T:  852892 | Ep: 2953 | Steps: 1000 | Reward:  3896.40
Total T:  853892 | Ep: 2954 | Steps: 1000 | Reward:  3756.11
Total T:  854892 | Ep: 2955 | Steps: 1000 | Reward:  3844.37
Total T:  855892 | Ep: 2956 | Steps: 1000 | Reward:  3810.91
Total T:  856892 | Ep: 2957 | Steps: 1000 | Reward:  3860.32
Total T:  857892 | Ep: 2958 | Steps: 1000 | Reward:  3714.13
Total T:  858892 | Ep: 2959 | Steps: 1000 | Reward:  4011.80
Total T:  859892 | Ep: 2960 | Steps: 1000 | Reward:  3792.28
---------------------------------------
Evaluation over 10 episodes: 3859.975
---------------------------------------
Total T:  860892 | Ep: 2961 | Steps: 1000 | Reward:  3805.81
Total T:  861892 | Ep: 2962 | Steps: 1000 | Reward:  3878.07
Total T:  862892 | Ep: 2963 | Steps: 1000 | Reward:  3725.88
Total T:  863892 | Ep: 2964 | Steps: 1000 | Reward:  3877.55
Total T:  864892 | Ep: 2965 | Steps: 1000 | Reward:  3976.47
Total T:  865892 | Ep: 2966 | Steps: 1000 | Reward:  3891.98
Total T:  866892 | Ep: 2967 | Steps: 1000 | Reward:  3754.09
Total T:  867892 | Ep: 2968 | Steps: 1000 | Reward:  3890.02
Total T:  868892 | Ep: 2969 | Steps: 1000 | Reward:  3835.02
Total T:  869892 | Ep: 2970 | Steps: 1000 | Reward:  3842.40
---------------------------------------
Evaluation over 10 episodes: 3764.616
---------------------------------------
Total T:  870892 | Ep: 2971 | Steps: 1000 | Reward:  3823.98
Total T:  871892 | Ep: 2972 | Steps: 1000 | Reward:  3765.57
Total T:  872892 | Ep: 2973 | Steps: 1000 | Reward:  3910.24
Total T:  873892 | Ep: 2974 | Steps: 1000 | Reward:  3834.39
Total T:  874892 | Ep: 2975 | Steps: 1000 | Reward:  3768.55
Total T:  875892 | Ep: 2976 | Steps: 1000 | Reward:  3773.99
Total T:  876892 | Ep: 2977 | Steps: 1000 | Reward:  3805.37
Total T:  877892 | Ep: 2978 | Steps: 1000 | Reward:  3775.14
Total T:  878892 | Ep: 2979 | Steps: 1000 | Reward:  3706.75
Total T:  879892 | Ep: 2980 | Steps: 1000 | Reward:  3781.42
---------------------------------------
Evaluation over 10 episodes: 3800.666
---------------------------------------
Total T:  880892 | Ep: 2981 | Steps: 1000 | Reward:  3709.39
Total T:  881892 | Ep: 2982 | Steps: 1000 | Reward:  3863.34
Total T:  882892 | Ep: 2983 | Steps: 1000 | Reward:  3822.87
Total T:  883892 | Ep: 2984 | Steps: 1000 | Reward:  3724.80
Total T:  884892 | Ep: 2985 | Steps: 1000 | Reward:  3799.62
Total T:  885892 | Ep: 2986 | Steps: 1000 | Reward:  3914.87
Total T:  886892 | Ep: 2987 | Steps: 1000 | Reward:  3826.89
Total T:  887892 | Ep: 2988 | Steps: 1000 | Reward:  3768.71
Total T:  888892 | Ep: 2989 | Steps: 1000 | Reward:  3951.41
Total T:  889892 | Ep: 2990 | Steps: 1000 | Reward:  3847.40
---------------------------------------
Evaluation over 10 episodes: 3860.952
---------------------------------------
Total T:  890892 | Ep: 2991 | Steps: 1000 | Reward:  3836.18
Total T:  891892 | Ep: 2992 | Steps: 1000 | Reward:  3890.73
Total T:  892892 | Ep: 2993 | Steps: 1000 | Reward:  3765.00
Total T:  893892 | Ep: 2994 | Steps: 1000 | Reward:  3874.08
Total T:  894892 | Ep: 2995 | Steps: 1000 | Reward:  3845.22
Total T:  895892 | Ep: 2996 | Steps: 1000 | Reward:  3904.94
Total T:  896892 | Ep: 2997 | Steps: 1000 | Reward:  3944.23
Total T:  897892 | Ep: 2998 | Steps: 1000 | Reward:  3908.73
Total T:  898892 | Ep: 2999 | Steps: 1000 | Reward:  3818.07
Total T:  899892 | Ep: 3000 | Steps: 1000 | Reward:  3700.13
---------------------------------------
Evaluation over 10 episodes: 3815.732
---------------------------------------
Total T:  900892 | Ep: 3001 | Steps: 1000 | Reward:  3807.37
Total T:  901892 | Ep: 3002 | Steps: 1000 | Reward:  3754.78
Total T:  902892 | Ep: 3003 | Steps: 1000 | Reward:  3870.26
Total T:  903892 | Ep: 3004 | Steps: 1000 | Reward:  3891.12
Total T:  904892 | Ep: 3005 | Steps: 1000 | Reward:  3863.50
Total T:  905892 | Ep: 3006 | Steps: 1000 | Reward:  3788.26
Total T:  906892 | Ep: 3007 | Steps: 1000 | Reward:  3852.80
Total T:  907892 | Ep: 3008 | Steps: 1000 | Reward:  3852.45
Total T:  908892 | Ep: 3009 | Steps: 1000 | Reward:  3757.66
Total T:  909892 | Ep: 3010 | Steps: 1000 | Reward:  3738.49
---------------------------------------
Evaluation over 10 episodes: 3822.657
---------------------------------------
Total T:  910892 | Ep: 3011 | Steps: 1000 | Reward:  3799.37
Total T:  911892 | Ep: 3012 | Steps: 1000 | Reward:  3939.84
Total T:  912892 | Ep: 3013 | Steps: 1000 | Reward:  3905.70
Total T:  913892 | Ep: 3014 | Steps: 1000 | Reward:  3887.38
Total T:  914892 | Ep: 3015 | Steps: 1000 | Reward:  3771.37
Total T:  915892 | Ep: 3016 | Steps: 1000 | Reward:  3876.87
Total T:  916892 | Ep: 3017 | Steps: 1000 | Reward:  3890.31
Total T:  917892 | Ep: 3018 | Steps: 1000 | Reward:  3832.84
Total T:  918892 | Ep: 3019 | Steps: 1000 | Reward:  3935.69
Total T:  919892 | Ep: 3020 | Steps: 1000 | Reward:  3917.65
---------------------------------------
Evaluation over 10 episodes: 3810.444
---------------------------------------
Total T:  920892 | Ep: 3021 | Steps: 1000 | Reward:  3759.37
Total T:  921892 | Ep: 3022 | Steps: 1000 | Reward:  3828.54
Total T:  922892 | Ep: 3023 | Steps: 1000 | Reward:  3833.50
Total T:  923892 | Ep: 3024 | Steps: 1000 | Reward:  3811.19
Total T:  924892 | Ep: 3025 | Steps: 1000 | Reward:  3790.88
Total T:  925892 | Ep: 3026 | Steps: 1000 | Reward:  3805.70
Total T:  926892 | Ep: 3027 | Steps: 1000 | Reward:  3905.55
Total T:  927892 | Ep: 3028 | Steps: 1000 | Reward:  3842.15
Total T:  928892 | Ep: 3029 | Steps: 1000 | Reward:  3910.91
Total T:  929892 | Ep: 3030 | Steps: 1000 | Reward:  3843.04
---------------------------------------
Evaluation over 10 episodes: 3609.186
---------------------------------------
Total T:  930892 | Ep: 3031 | Steps: 1000 | Reward:  3764.85
Total T:  931892 | Ep: 3032 | Steps: 1000 | Reward:  3807.57
Total T:  932892 | Ep: 3033 | Steps: 1000 | Reward:  3678.04
Total T:  933892 | Ep: 3034 | Steps: 1000 | Reward:  3823.37
Total T:  934892 | Ep: 3035 | Steps: 1000 | Reward:  3820.64
Total T:  935892 | Ep: 3036 | Steps: 1000 | Reward:  3912.02
Total T:  936892 | Ep: 3037 | Steps: 1000 | Reward:  3881.87
Total T:  937892 | Ep: 3038 | Steps: 1000 | Reward:  3924.70
Total T:  938892 | Ep: 3039 | Steps: 1000 | Reward:  3905.66
Total T:  939892 | Ep: 3040 | Steps: 1000 | Reward:  3881.06
---------------------------------------
Evaluation over 10 episodes: 3996.218
---------------------------------------
Total T:  940892 | Ep: 3041 | Steps: 1000 | Reward:  3926.09
Total T:  941892 | Ep: 3042 | Steps: 1000 | Reward:  3846.83
Total T:  942892 | Ep: 3043 | Steps: 1000 | Reward:  3892.82
Total T:  943136 | Ep: 3044 | Steps:  244 | Reward:   772.24
Total T:  944136 | Ep: 3045 | Steps: 1000 | Reward:  3780.52
Total T:  945136 | Ep: 3046 | Steps: 1000 | Reward:  3831.50
Total T:  946136 | Ep: 3047 | Steps: 1000 | Reward:  3847.99
Total T:  947136 | Ep: 3048 | Steps: 1000 | Reward:  3830.23
Total T:  948136 | Ep: 3049 | Steps: 1000 | Reward:  3940.31
Total T:  949136 | Ep: 3050 | Steps: 1000 | Reward:  3856.72
---------------------------------------
Evaluation over 10 episodes: 3908.883
---------------------------------------
Total T:  950136 | Ep: 3051 | Steps: 1000 | Reward:  3988.17
Total T:  951136 | Ep: 3052 | Steps: 1000 | Reward:  3866.44
Total T:  952136 | Ep: 3053 | Steps: 1000 | Reward:  3936.81
Total T:  953136 | Ep: 3054 | Steps: 1000 | Reward:  3902.75
Total T:  954136 | Ep: 3055 | Steps: 1000 | Reward:  3950.98
Total T:  955136 | Ep: 3056 | Steps: 1000 | Reward:  3902.93
Total T:  956136 | Ep: 3057 | Steps: 1000 | Reward:  3748.13
Total T:  957136 | Ep: 3058 | Steps: 1000 | Reward:  3872.05
Total T:  958136 | Ep: 3059 | Steps: 1000 | Reward:  3851.31
Total T:  959136 | Ep: 3060 | Steps: 1000 | Reward:  3903.96
---------------------------------------
Evaluation over 10 episodes: 3993.557
---------------------------------------
Total T:  960136 | Ep: 3061 | Steps: 1000 | Reward:  3913.71
Total T:  961136 | Ep: 3062 | Steps: 1000 | Reward:  3830.19
Total T:  962136 | Ep: 3063 | Steps: 1000 | Reward:  3951.13
Total T:  963136 | Ep: 3064 | Steps: 1000 | Reward:  3861.03
Total T:  964136 | Ep: 3065 | Steps: 1000 | Reward:  3989.46
Total T:  965136 | Ep: 3066 | Steps: 1000 | Reward:  3967.45
Total T:  966136 | Ep: 3067 | Steps: 1000 | Reward:  3869.50
Total T:  967136 | Ep: 3068 | Steps: 1000 | Reward:  4009.36
Total T:  968136 | Ep: 3069 | Steps: 1000 | Reward:  4047.09
Total T:  969136 | Ep: 3070 | Steps: 1000 | Reward:  3953.76
---------------------------------------
Evaluation over 10 episodes: 3960.547
---------------------------------------
Total T:  970136 | Ep: 3071 | Steps: 1000 | Reward:  4004.25
Total T:  971136 | Ep: 3072 | Steps: 1000 | Reward:  4011.95
Total T:  972136 | Ep: 3073 | Steps: 1000 | Reward:  4001.97
Total T:  973136 | Ep: 3074 | Steps: 1000 | Reward:  3887.62
Total T:  974136 | Ep: 3075 | Steps: 1000 | Reward:  4029.02
Total T:  975136 | Ep: 3076 | Steps: 1000 | Reward:  3977.97
Total T:  976136 | Ep: 3077 | Steps: 1000 | Reward:  3865.19
Total T:  977136 | Ep: 3078 | Steps: 1000 | Reward:  3945.47
Total T:  978136 | Ep: 3079 | Steps: 1000 | Reward:  4010.93
Total T:  979136 | Ep: 3080 | Steps: 1000 | Reward:  3975.97
---------------------------------------
Evaluation over 10 episodes: 3885.136
---------------------------------------
Total T:  980136 | Ep: 3081 | Steps: 1000 | Reward:  3895.93
Total T:  981136 | Ep: 3082 | Steps: 1000 | Reward:  3975.11
Total T:  982136 | Ep: 3083 | Steps: 1000 | Reward:  3996.52
Total T:  983136 | Ep: 3084 | Steps: 1000 | Reward:  3844.03
Total T:  984136 | Ep: 3085 | Steps: 1000 | Reward:  4011.73
Total T:  985136 | Ep: 3086 | Steps: 1000 | Reward:  3920.53
Total T:  986136 | Ep: 3087 | Steps: 1000 | Reward:  3942.28
Total T:  987136 | Ep: 3088 | Steps: 1000 | Reward:  4005.80
Total T:  988136 | Ep: 3089 | Steps: 1000 | Reward:  4061.34
Total T:  989136 | Ep: 3090 | Steps: 1000 | Reward:  3995.58
---------------------------------------
Evaluation over 10 episodes: 3933.311
---------------------------------------
Total T:  990136 | Ep: 3091 | Steps: 1000 | Reward:  3890.77
Total T:  991136 | Ep: 3092 | Steps: 1000 | Reward:  3932.21
Total T:  992136 | Ep: 3093 | Steps: 1000 | Reward:  3978.93
Total T:  993136 | Ep: 3094 | Steps: 1000 | Reward:  3948.46
Total T:  994136 | Ep: 3095 | Steps: 1000 | Reward:  3915.59
Total T:  995136 | Ep: 3096 | Steps: 1000 | Reward:  4047.68
Total T:  996136 | Ep: 3097 | Steps: 1000 | Reward:  3885.62
Total T:  997136 | Ep: 3098 | Steps: 1000 | Reward:  4002.73
Total T:  998136 | Ep: 3099 | Steps: 1000 | Reward:  3909.28
Total T:  999136 | Ep: 3100 | Steps: 1000 | Reward:  4024.96
---------------------------------------
Evaluation over 10 episodes: 4053.667
---------------------------------------

[main] Model saved:
        actor  -> C:\Users\mohamedosama\Downloads\CS515-Deep-RL\TD3_algorithm\runs\td3_sweep_walker2d-v4_seed2_Walker2d-v4_11-05-2026_14-02-59\model_actor
        critic -> C:\Users\mohamedosama\Downloads\CS515-Deep-RL\TD3_algorithm\runs\td3_sweep_walker2d-v4_seed2_Walker2d-v4_11-05-2026_14-02-59\model_critic
[main] Training history -> C:\Users\mohamedosama\Downloads\CS515-Deep-RL\TD3_algorithm\runs\td3_sweep_walker2d-v4_seed2_Walker2d-v4_11-05-2026_14-02-59\episode_rewards.csv
[main] Eval history     -> C:\Users\mohamedosama\Downloads\CS515-Deep-RL\TD3_algorithm\runs\td3_sweep_walker2d-v4_seed2_Walker2d-v4_11-05-2026_14-02-59\eval_rewards.csv
[main] Summary          -> C:\Users\mohamedosama\Downloads\CS515-Deep-RL\TD3_algorithm\runs\td3_sweep_walker2d-v4_seed2_Walker2d-v4_11-05-2026_14-02-59\summary.json
[main] Unified eval -> C:\Users\mohamedosama\Downloads\CS515-Deep-RL\results\continuous\td3\walker2d-v4\seed_2.npy
[main] Wallclock    -> C:\Users\mohamedosama\Downloads\CS515-Deep-RL\results\wallclock\continuous\td3\walker2d-v4\seed_2.npy
OMP: Error #15: Initializing libiomp5md.dll, but found libiomp5md.dll already initialized.
OMP: Hint This means that multiple copies of the OpenMP runtime have been linked into the program. That is dangerous, since it can degrade performance or cause incorrect results. The best thing to do is to ensure that only a single OpenMP runtime is linked into the process, e.g. by avoiding static linking of the OpenMP runtime in any library. As an unsafe, unsupported, undocumented workaround you can set the environment variable KMP_DUPLICATE_LIB_OK=TRUE to allow the program to continue to execute, but that may cause crashes or silently produce incorrect results. For more information, please see http://www.intel.com/software/products/support/.
