C:\Users\mohamedosama\AppData\Local\anaconda3\envs\deep_rl\lib\site-packages\gymnasium\core.py:311: UserWarning: [33mWARN: env.seed to get variables from other wrappers is deprecated and will be removed in v1.0, to get this variable you can do `env.unwrapped.seed` for environment variables or `env.get_wrapper_attr('seed')` that will search the reminding wrappers.[0m
  logger.warn(
--------------------------------------------------
Env:        Walker2d-v4
  ob_dim    = 17
  ac_dim    = 6
  max_action= 1.0
Logdir:     C:\Users\mohamedosama\Downloads\CS515-Deep-RL\TD3_algorithm\runs\td3_sweep_walker2d-v4_seed3_Walker2d-v4_11-05-2026_14-06-42
Rendering:  off
--------------------------------------------------
C:\Users\mohamedosama\AppData\Local\anaconda3\envs\deep_rl\lib\site-packages\gymnasium\core.py:311: UserWarning: [33mWARN: env.seed to get variables from other wrappers is deprecated and will be removed in v1.0, to get this variable you can do `env.unwrapped.seed` for environment variables or `env.get_wrapper_attr('seed')` that will search the reminding wrappers.[0m
  logger.warn(
---------------------------------------
Evaluation over 10 episodes: -4.165
---------------------------------------
Total T:      12 | Ep:    1 | Steps:   12 | Reward:     1.14
Total T:      37 | Ep:    2 | Steps:   25 | Reward:     3.64
Total T:      48 | Ep:    3 | Steps:   11 | Reward:    -3.24
Total T:      63 | Ep:    4 | Steps:   15 | Reward:    -8.71
Total T:      73 | Ep:    5 | Steps:   10 | Reward:    -2.30
Total T:      84 | Ep:    6 | Steps:   11 | Reward:     1.29
Total T:     112 | Ep:    7 | Steps:   28 | Reward:    -0.13
Total T:     132 | Ep:    8 | Steps:   20 | Reward:     8.54
Total T:     162 | Ep:    9 | Steps:   30 | Reward:     8.34
Total T:     183 | Ep:   10 | Steps:   21 | Reward:     4.69
Total T:     203 | Ep:   11 | Steps:   20 | Reward:     1.74
Total T:     216 | Ep:   12 | Steps:   13 | Reward:     2.49
Total T:     234 | Ep:   13 | Steps:   18 | Reward:     2.17
Total T:     260 | Ep:   14 | Steps:   26 | Reward:     0.11
Total T:     288 | Ep:   15 | Steps:   28 | Reward:     1.34
Total T:     304 | Ep:   16 | Steps:   16 | Reward:     5.36
Total T:     319 | Ep:   17 | Steps:   15 | Reward:     0.83
Total T:     339 | Ep:   18 | Steps:   20 | Reward:     2.34
Total T:     401 | Ep:   19 | Steps:   62 | Reward:    38.45
Total T:     411 | Ep:   20 | Steps:   10 | Reward:    -4.81
Total T:     425 | Ep:   21 | Steps:   14 | Reward:    -1.57
Total T:     438 | Ep:   22 | Steps:   13 | Reward:    -3.39
Total T:     454 | Ep:   23 | Steps:   16 | Reward:     1.69
Total T:     473 | Ep:   24 | Steps:   19 | Reward:    -1.96
Total T:     492 | Ep:   25 | Steps:   19 | Reward:     6.91
Total T:     504 | Ep:   26 | Steps:   12 | Reward:    -0.33
Total T:     521 | Ep:   27 | Steps:   17 | Reward:    -3.40
Total T:     531 | Ep:   28 | Steps:   10 | Reward:     0.43
Total T:     561 | Ep:   29 | Steps:   30 | Reward:    -1.50
Total T:     580 | Ep:   30 | Steps:   19 | Reward:     6.39
Total T:     602 | Ep:   31 | Steps:   22 | Reward:    -3.51
Total T:     612 | Ep:   32 | Steps:   10 | Reward:    -1.30
Total T:     640 | Ep:   33 | Steps:   28 | Reward:     0.58
Total T:     673 | Ep:   34 | Steps:   33 | Reward:     3.01
Total T:     698 | Ep:   35 | Steps:   25 | Reward:     6.44
Total T:     719 | Ep:   36 | Steps:   21 | Reward:     2.46
Total T:     741 | Ep:   37 | Steps:   22 | Reward:    -1.43
Total T:     757 | Ep:   38 | Steps:   16 | Reward:     2.08
Total T:     777 | Ep:   39 | Steps:   20 | Reward:    -1.02
Total T:     794 | Ep:   40 | Steps:   17 | Reward:     1.34
Total T:     821 | Ep:   41 | Steps:   27 | Reward:     3.42
Total T:     834 | Ep:   42 | Steps:   13 | Reward:    -0.02
Total T:     859 | Ep:   43 | Steps:   25 | Reward:     1.85
Total T:     877 | Ep:   44 | Steps:   18 | Reward:    -3.58
Total T:     908 | Ep:   45 | Steps:   31 | Reward:     6.58
Total T:     925 | Ep:   46 | Steps:   17 | Reward:    -4.24
Total T:     945 | Ep:   47 | Steps:   20 | Reward:    -0.47
Total T:     968 | Ep:   48 | Steps:   23 | Reward:     0.28
Total T:     995 | Ep:   49 | Steps:   27 | Reward:     8.13
Total T:    1010 | Ep:   50 | Steps:   15 | Reward:     2.20
Total T:    1040 | Ep:   51 | Steps:   30 | Reward:     5.03
Total T:    1053 | Ep:   52 | Steps:   13 | Reward:    -2.32
Total T:    1074 | Ep:   53 | Steps:   21 | Reward:    -7.26
Total T:    1095 | Ep:   54 | Steps:   21 | Reward:    -6.79
Total T:    1106 | Ep:   55 | Steps:   11 | Reward:     0.58
Total T:    1119 | Ep:   56 | Steps:   13 | Reward:    -0.40
Total T:    1132 | Ep:   57 | Steps:   13 | Reward:    -1.90
Total T:    1144 | Ep:   58 | Steps:   12 | Reward:    -0.42
Total T:    1168 | Ep:   59 | Steps:   24 | Reward:    -7.39
Total T:    1191 | Ep:   60 | Steps:   23 | Reward:     9.17
Total T:    1216 | Ep:   61 | Steps:   25 | Reward:     5.34
Total T:    1238 | Ep:   62 | Steps:   22 | Reward:     2.73
Total T:    1267 | Ep:   63 | Steps:   29 | Reward:     8.55
Total T:    1282 | Ep:   64 | Steps:   15 | Reward:     4.06
Total T:    1294 | Ep:   65 | Steps:   12 | Reward:     0.80
Total T:    1317 | Ep:   66 | Steps:   23 | Reward:     2.49
Total T:    1353 | Ep:   67 | Steps:   36 | Reward:    15.64
Total T:    1367 | Ep:   68 | Steps:   14 | Reward:     3.52
Total T:    1386 | Ep:   69 | Steps:   19 | Reward:    -3.28
Total T:    1426 | Ep:   70 | Steps:   40 | Reward:    31.14
Total T:    1449 | Ep:   71 | Steps:   23 | Reward:    -5.67
Total T:    1475 | Ep:   72 | Steps:   26 | Reward:     8.01
Total T:    1487 | Ep:   73 | Steps:   12 | Reward:    -0.37
Total T:    1507 | Ep:   74 | Steps:   20 | Reward:    -5.20
Total T:    1525 | Ep:   75 | Steps:   18 | Reward:     0.57
Total T:    1539 | Ep:   76 | Steps:   14 | Reward:    -0.42
Total T:    1561 | Ep:   77 | Steps:   22 | Reward:     4.91
Total T:    1579 | Ep:   78 | Steps:   18 | Reward:    -0.15
Total T:    1602 | Ep:   79 | Steps:   23 | Reward:     7.40
Total T:    1626 | Ep:   80 | Steps:   24 | Reward:    -3.31
Total T:    1643 | Ep:   81 | Steps:   17 | Reward:     3.30
Total T:    1654 | Ep:   82 | Steps:   11 | Reward:    -2.64
Total T:    1676 | Ep:   83 | Steps:   22 | Reward:     0.11
Total T:    1689 | Ep:   84 | Steps:   13 | Reward:     0.71
Total T:    1711 | Ep:   85 | Steps:   22 | Reward:    -5.86
Total T:    1729 | Ep:   86 | Steps:   18 | Reward:     6.14
Total T:    1748 | Ep:   87 | Steps:   19 | Reward:     4.95
Total T:    1784 | Ep:   88 | Steps:   36 | Reward:    13.47
Total T:    1799 | Ep:   89 | Steps:   15 | Reward:     4.31
Total T:    1850 | Ep:   90 | Steps:   51 | Reward:     9.13
Total T:    1874 | Ep:   91 | Steps:   24 | Reward:     5.79
Total T:    1896 | Ep:   92 | Steps:   22 | Reward:    -2.59
Total T:    1909 | Ep:   93 | Steps:   13 | Reward:    -1.28
Total T:    1928 | Ep:   94 | Steps:   19 | Reward:     0.37
Total T:    1949 | Ep:   95 | Steps:   21 | Reward:     8.23
Total T:    1966 | Ep:   96 | Steps:   17 | Reward:    -1.57
Total T:    1995 | Ep:   97 | Steps:   29 | Reward:    -2.17
Total T:    2018 | Ep:   98 | Steps:   23 | Reward:     2.20
Total T:    2041 | Ep:   99 | Steps:   23 | Reward:    -2.89
Total T:    2061 | Ep:  100 | Steps:   20 | Reward:     7.36
Total T:    2080 | Ep:  101 | Steps:   19 | Reward:     2.55
Total T:    2095 | Ep:  102 | Steps:   15 | Reward:     0.49
Total T:    2112 | Ep:  103 | Steps:   17 | Reward:     3.29
Total T:    2138 | Ep:  104 | Steps:   26 | Reward:    -4.33
Total T:    2169 | Ep:  105 | Steps:   31 | Reward:     7.66
Total T:    2210 | Ep:  106 | Steps:   41 | Reward:    22.70
Total T:    2244 | Ep:  107 | Steps:   34 | Reward:     2.45
Total T:    2261 | Ep:  108 | Steps:   17 | Reward:    -3.17
Total T:    2291 | Ep:  109 | Steps:   30 | Reward:     7.92
Total T:    2342 | Ep:  110 | Steps:   51 | Reward:    34.40
Total T:    2353 | Ep:  111 | Steps:   11 | Reward:     0.05
Total T:    2378 | Ep:  112 | Steps:   25 | Reward:    10.54
Total T:    2405 | Ep:  113 | Steps:   27 | Reward:    -5.23
Total T:    2425 | Ep:  114 | Steps:   20 | Reward:     0.26
Total T:    2445 | Ep:  115 | Steps:   20 | Reward:     4.24
Total T:    2462 | Ep:  116 | Steps:   17 | Reward:     1.13
Total T:    2484 | Ep:  117 | Steps:   22 | Reward:    10.97
Total T:    2518 | Ep:  118 | Steps:   34 | Reward:     5.67
Total T:    2536 | Ep:  119 | Steps:   18 | Reward:     2.14
Total T:    2571 | Ep:  120 | Steps:   35 | Reward:     7.30
Total T:    2612 | Ep:  121 | Steps:   41 | Reward:    17.87
Total T:    2637 | Ep:  122 | Steps:   25 | Reward:    -3.36
Total T:    2654 | Ep:  123 | Steps:   17 | Reward:    -2.78
Total T:    2676 | Ep:  124 | Steps:   22 | Reward:    -0.98
Total T:    2700 | Ep:  125 | Steps:   24 | Reward:     8.79
Total T:    2723 | Ep:  126 | Steps:   23 | Reward:     2.22
Total T:    2745 | Ep:  127 | Steps:   22 | Reward:    -0.28
Total T:    2767 | Ep:  128 | Steps:   22 | Reward:     1.19
Total T:    2791 | Ep:  129 | Steps:   24 | Reward:    -3.14
Total T:    2815 | Ep:  130 | Steps:   24 | Reward:    -6.43
Total T:    2829 | Ep:  131 | Steps:   14 | Reward:     0.98
Total T:    2855 | Ep:  132 | Steps:   26 | Reward:     8.69
Total T:    2867 | Ep:  133 | Steps:   12 | Reward:    -1.62
Total T:    2889 | Ep:  134 | Steps:   22 | Reward:    -1.96
Total T:    2917 | Ep:  135 | Steps:   28 | Reward:     3.79
Total T:    2928 | Ep:  136 | Steps:   11 | Reward:     0.39
Total T:    2943 | Ep:  137 | Steps:   15 | Reward:     1.84
Total T:    2959 | Ep:  138 | Steps:   16 | Reward:     0.50
Total T:    2992 | Ep:  139 | Steps:   33 | Reward:    -3.64
Total T:    3006 | Ep:  140 | Steps:   14 | Reward:     2.29
Total T:    3031 | Ep:  141 | Steps:   25 | Reward:    -1.01
Total T:    3048 | Ep:  142 | Steps:   17 | Reward:     4.08
Total T:    3066 | Ep:  143 | Steps:   18 | Reward:     3.97
Total T:    3082 | Ep:  144 | Steps:   16 | Reward:     2.53
Total T:    3121 | Ep:  145 | Steps:   39 | Reward:    15.29
Total T:    3146 | Ep:  146 | Steps:   25 | Reward:    10.92
Total T:    3176 | Ep:  147 | Steps:   30 | Reward:    11.64
Total T:    3196 | Ep:  148 | Steps:   20 | Reward:     7.05
Total T:    3207 | Ep:  149 | Steps:   11 | Reward:     2.80
Total T:    3222 | Ep:  150 | Steps:   15 | Reward:    -4.95
Total T:    3246 | Ep:  151 | Steps:   24 | Reward:    -3.93
Total T:    3269 | Ep:  152 | Steps:   23 | Reward:     3.33
Total T:    3290 | Ep:  153 | Steps:   21 | Reward:    -5.33
Total T:    3303 | Ep:  154 | Steps:   13 | Reward:     0.55
Total T:    3331 | Ep:  155 | Steps:   28 | Reward:     1.45
Total T:    3347 | Ep:  156 | Steps:   16 | Reward:     0.91
Total T:    3375 | Ep:  157 | Steps:   28 | Reward:    12.31
Total T:    3399 | Ep:  158 | Steps:   24 | Reward:     5.68
Total T:    3415 | Ep:  159 | Steps:   16 | Reward:     2.38
Total T:    3451 | Ep:  160 | Steps:   36 | Reward:     6.25
Total T:    3473 | Ep:  161 | Steps:   22 | Reward:     4.16
Total T:    3484 | Ep:  162 | Steps:   11 | Reward:    -2.02
Total T:    3517 | Ep:  163 | Steps:   33 | Reward:     9.42
Total T:    3534 | Ep:  164 | Steps:   17 | Reward:    -0.51
Total T:    3563 | Ep:  165 | Steps:   29 | Reward:     5.42
Total T:    3601 | Ep:  166 | Steps:   38 | Reward:     9.59
Total T:    3617 | Ep:  167 | Steps:   16 | Reward:     0.76
Total T:    3638 | Ep:  168 | Steps:   21 | Reward:     3.27
Total T:    3653 | Ep:  169 | Steps:   15 | Reward:     0.49
Total T:    3671 | Ep:  170 | Steps:   18 | Reward:    -8.57
Total T:    3684 | Ep:  171 | Steps:   13 | Reward:     2.14
Total T:    3716 | Ep:  172 | Steps:   32 | Reward:     7.77
Total T:    3745 | Ep:  173 | Steps:   29 | Reward:     4.67
Total T:    3772 | Ep:  174 | Steps:   27 | Reward:    -3.98
Total T:    3799 | Ep:  175 | Steps:   27 | Reward:     2.78
Total T:    3826 | Ep:  176 | Steps:   27 | Reward:     0.26
Total T:    3848 | Ep:  177 | Steps:   22 | Reward:    -3.17
Total T:    3872 | Ep:  178 | Steps:   24 | Reward:     2.94
Total T:    3884 | Ep:  179 | Steps:   12 | Reward:    -3.97
Total T:    3899 | Ep:  180 | Steps:   15 | Reward:     1.29
Total T:    3936 | Ep:  181 | Steps:   37 | Reward:    10.48
Total T:    3950 | Ep:  182 | Steps:   14 | Reward:    -1.43
Total T:    3983 | Ep:  183 | Steps:   33 | Reward:     8.40
Total T:    4011 | Ep:  184 | Steps:   28 | Reward:     7.37
Total T:    4029 | Ep:  185 | Steps:   18 | Reward:     1.81
Total T:    4039 | Ep:  186 | Steps:   10 | Reward:    -0.96
Total T:    4053 | Ep:  187 | Steps:   14 | Reward:    -2.72
Total T:    4072 | Ep:  188 | Steps:   19 | Reward:    -3.39
Total T:    4089 | Ep:  189 | Steps:   17 | Reward:    -2.27
Total T:    4108 | Ep:  190 | Steps:   19 | Reward:    -2.13
Total T:    4126 | Ep:  191 | Steps:   18 | Reward:     1.92
Total T:    4142 | Ep:  192 | Steps:   16 | Reward:     2.10
Total T:    4155 | Ep:  193 | Steps:   13 | Reward:     3.49
Total T:    4180 | Ep:  194 | Steps:   25 | Reward:     3.28
Total T:    4210 | Ep:  195 | Steps:   30 | Reward:     6.96
Total T:    4226 | Ep:  196 | Steps:   16 | Reward:     1.28
Total T:    4242 | Ep:  197 | Steps:   16 | Reward:     4.37
Total T:    4256 | Ep:  198 | Steps:   14 | Reward:     1.77
Total T:    4272 | Ep:  199 | Steps:   16 | Reward:     5.67
Total T:    4284 | Ep:  200 | Steps:   12 | Reward:     0.60
Total T:    4310 | Ep:  201 | Steps:   26 | Reward:     8.60
Total T:    4324 | Ep:  202 | Steps:   14 | Reward:     1.41
Total T:    4351 | Ep:  203 | Steps:   27 | Reward:     3.22
Total T:    4368 | Ep:  204 | Steps:   17 | Reward:     1.31
Total T:    4392 | Ep:  205 | Steps:   24 | Reward:    -6.42
Total T:    4407 | Ep:  206 | Steps:   15 | Reward:     3.46
Total T:    4422 | Ep:  207 | Steps:   15 | Reward:     1.35
Total T:    4434 | Ep:  208 | Steps:   12 | Reward:    -0.41
Total T:    4452 | Ep:  209 | Steps:   18 | Reward:     4.64
Total T:    4474 | Ep:  210 | Steps:   22 | Reward:     6.92
Total T:    4488 | Ep:  211 | Steps:   14 | Reward:     4.14
Total T:    4499 | Ep:  212 | Steps:   11 | Reward:     2.16
Total T:    4531 | Ep:  213 | Steps:   32 | Reward:    13.92
Total T:    4541 | Ep:  214 | Steps:   10 | Reward:    -1.99
Total T:    4557 | Ep:  215 | Steps:   16 | Reward:    -1.41
Total T:    4572 | Ep:  216 | Steps:   15 | Reward:     2.74
Total T:    4592 | Ep:  217 | Steps:   20 | Reward:    -0.72
Total T:    4602 | Ep:  218 | Steps:   10 | Reward:    -4.49
Total T:    4617 | Ep:  219 | Steps:   15 | Reward:     0.41
Total T:    4633 | Ep:  220 | Steps:   16 | Reward:    -1.45
Total T:    4648 | Ep:  221 | Steps:   15 | Reward:    -3.63
Total T:    4688 | Ep:  222 | Steps:   40 | Reward:     4.13
Total T:    4706 | Ep:  223 | Steps:   18 | Reward:     5.02
Total T:    4722 | Ep:  224 | Steps:   16 | Reward:    -0.93
Total T:    4731 | Ep:  225 | Steps:    9 | Reward:    -2.16
Total T:    4761 | Ep:  226 | Steps:   30 | Reward:     8.32
Total T:    4776 | Ep:  227 | Steps:   15 | Reward:     2.02
Total T:    4812 | Ep:  228 | Steps:   36 | Reward:     2.23
Total T:    4824 | Ep:  229 | Steps:   12 | Reward:    -0.92
Total T:    4847 | Ep:  230 | Steps:   23 | Reward:    -0.09
Total T:    4862 | Ep:  231 | Steps:   15 | Reward:     4.18
Total T:    4877 | Ep:  232 | Steps:   15 | Reward:    -2.86
Total T:    4892 | Ep:  233 | Steps:   15 | Reward:     4.33
Total T:    4901 | Ep:  234 | Steps:    9 | Reward:    -3.07
Total T:    4914 | Ep:  235 | Steps:   13 | Reward:    -7.36
Total T:    4936 | Ep:  236 | Steps:   22 | Reward:    -0.41
Total T:    4953 | Ep:  237 | Steps:   17 | Reward:     1.57
Total T:    4965 | Ep:  238 | Steps:   12 | Reward:    -6.32
Total T:    5004 | Ep:  239 | Steps:   39 | Reward:    15.82
Total T:    5028 | Ep:  240 | Steps:   24 | Reward:    -0.83
Total T:    5041 | Ep:  241 | Steps:   13 | Reward:    -0.39
Total T:    5061 | Ep:  242 | Steps:   20 | Reward:    -0.62
Total T:    5111 | Ep:  243 | Steps:   50 | Reward:    24.33
Total T:    5123 | Ep:  244 | Steps:   12 | Reward:     1.85
Total T:    5138 | Ep:  245 | Steps:   15 | Reward:     3.79
Total T:    5153 | Ep:  246 | Steps:   15 | Reward:    -0.71
Total T:    5177 | Ep:  247 | Steps:   24 | Reward:     8.04
Total T:    5195 | Ep:  248 | Steps:   18 | Reward:    -0.77
Total T:    5211 | Ep:  249 | Steps:   16 | Reward:    -5.27
Total T:    5242 | Ep:  250 | Steps:   31 | Reward:     5.01
Total T:    5255 | Ep:  251 | Steps:   13 | Reward:     2.75
Total T:    5278 | Ep:  252 | Steps:   23 | Reward:     3.58
Total T:    5310 | Ep:  253 | Steps:   32 | Reward:     7.93
Total T:    5342 | Ep:  254 | Steps:   32 | Reward:     0.22
Total T:    5354 | Ep:  255 | Steps:   12 | Reward:     0.65
Total T:    5366 | Ep:  256 | Steps:   12 | Reward:    -0.27
Total T:    5391 | Ep:  257 | Steps:   25 | Reward:     8.87
Total T:    5411 | Ep:  258 | Steps:   20 | Reward:     4.25
Total T:    5455 | Ep:  259 | Steps:   44 | Reward:    15.36
Total T:    5464 | Ep:  260 | Steps:    9 | Reward:    -1.18
Total T:    5490 | Ep:  261 | Steps:   26 | Reward:     9.42
Total T:    5513 | Ep:  262 | Steps:   23 | Reward:     1.35
Total T:    5532 | Ep:  263 | Steps:   19 | Reward:     5.86
Total T:    5568 | Ep:  264 | Steps:   36 | Reward:     7.91
Total T:    5578 | Ep:  265 | Steps:   10 | Reward:     0.48
Total T:    5598 | Ep:  266 | Steps:   20 | Reward:     3.01
Total T:    5619 | Ep:  267 | Steps:   21 | Reward:    11.39
Total T:    5651 | Ep:  268 | Steps:   32 | Reward:     5.67
Total T:    5668 | Ep:  269 | Steps:   17 | Reward:     1.40
Total T:    5683 | Ep:  270 | Steps:   15 | Reward:     2.91
Total T:    5709 | Ep:  271 | Steps:   26 | Reward:     3.07
Total T:    5725 | Ep:  272 | Steps:   16 | Reward:     1.48
Total T:    5747 | Ep:  273 | Steps:   22 | Reward:    -2.44
Total T:    5772 | Ep:  274 | Steps:   25 | Reward:     8.96
Total T:    5786 | Ep:  275 | Steps:   14 | Reward:     0.05
Total T:    5800 | Ep:  276 | Steps:   14 | Reward:     1.40
Total T:    5828 | Ep:  277 | Steps:   28 | Reward:     6.18
Total T:    5848 | Ep:  278 | Steps:   20 | Reward:     6.63
Total T:    5866 | Ep:  279 | Steps:   18 | Reward:     1.24
Total T:    5881 | Ep:  280 | Steps:   15 | Reward:     0.52
Total T:    5903 | Ep:  281 | Steps:   22 | Reward:     7.02
Total T:    5916 | Ep:  282 | Steps:   13 | Reward:    -0.62
Total T:    5930 | Ep:  283 | Steps:   14 | Reward:     1.99
Total T:    5939 | Ep:  284 | Steps:    9 | Reward:    -3.73
Total T:    5960 | Ep:  285 | Steps:   21 | Reward:     4.73
Total T:    5977 | Ep:  286 | Steps:   17 | Reward:    -1.36
Total T:    5991 | Ep:  287 | Steps:   14 | Reward:     2.12
Total T:    6001 | Ep:  288 | Steps:   10 | Reward:    -0.15
Total T:    6021 | Ep:  289 | Steps:   20 | Reward:     7.74
Total T:    6036 | Ep:  290 | Steps:   15 | Reward:     1.86
Total T:    6054 | Ep:  291 | Steps:   18 | Reward:     0.63
Total T:    6066 | Ep:  292 | Steps:   12 | Reward:    -1.30
Total T:    6098 | Ep:  293 | Steps:   32 | Reward:     8.18
Total T:    6108 | Ep:  294 | Steps:   10 | Reward:    -3.65
Total T:    6131 | Ep:  295 | Steps:   23 | Reward:    -1.72
Total T:    6158 | Ep:  296 | Steps:   27 | Reward:    10.07
Total T:    6182 | Ep:  297 | Steps:   24 | Reward:    -4.18
Total T:    6195 | Ep:  298 | Steps:   13 | Reward:     3.59
Total T:    6214 | Ep:  299 | Steps:   19 | Reward:     3.45
Total T:    6241 | Ep:  300 | Steps:   27 | Reward:   -10.59
Total T:    6261 | Ep:  301 | Steps:   20 | Reward:    -3.17
Total T:    6278 | Ep:  302 | Steps:   17 | Reward:    -4.15
Total T:    6305 | Ep:  303 | Steps:   27 | Reward:     4.15
Total T:    6331 | Ep:  304 | Steps:   26 | Reward:    -0.76
Total T:    6358 | Ep:  305 | Steps:   27 | Reward:     8.81
Total T:    6379 | Ep:  306 | Steps:   21 | Reward:    -4.09
Total T:    6408 | Ep:  307 | Steps:   29 | Reward:    10.85
Total T:    6427 | Ep:  308 | Steps:   19 | Reward:     2.17
Total T:    6452 | Ep:  309 | Steps:   25 | Reward:     9.83
Total T:    6486 | Ep:  310 | Steps:   34 | Reward:     8.70
Total T:    6496 | Ep:  311 | Steps:   10 | Reward:    -2.03
Total T:    6521 | Ep:  312 | Steps:   25 | Reward:     8.88
Total T:    6552 | Ep:  313 | Steps:   31 | Reward:    15.61
Total T:    6573 | Ep:  314 | Steps:   21 | Reward:     8.04
Total T:    6613 | Ep:  315 | Steps:   40 | Reward:    -5.12
Total T:    6631 | Ep:  316 | Steps:   18 | Reward:     1.22
Total T:    6670 | Ep:  317 | Steps:   39 | Reward:     8.48
Total T:    6697 | Ep:  318 | Steps:   27 | Reward:     8.58
Total T:    6720 | Ep:  319 | Steps:   23 | Reward:     6.34
Total T:    6733 | Ep:  320 | Steps:   13 | Reward:    -2.78
Total T:    6773 | Ep:  321 | Steps:   40 | Reward:     9.43
Total T:    6806 | Ep:  322 | Steps:   33 | Reward:    11.74
Total T:    6837 | Ep:  323 | Steps:   31 | Reward:     3.44
Total T:    6853 | Ep:  324 | Steps:   16 | Reward:    -4.53
Total T:    6867 | Ep:  325 | Steps:   14 | Reward:     0.22
Total T:    6896 | Ep:  326 | Steps:   29 | Reward:    10.78
Total T:    6918 | Ep:  327 | Steps:   22 | Reward:    -8.66
Total T:    6950 | Ep:  328 | Steps:   32 | Reward:    15.12
Total T:    6966 | Ep:  329 | Steps:   16 | Reward:     1.68
Total T:    6974 | Ep:  330 | Steps:    8 | Reward:    -1.58
Total T:    6993 | Ep:  331 | Steps:   19 | Reward:    -1.72
Total T:    7020 | Ep:  332 | Steps:   27 | Reward:    -2.75
Total T:    7036 | Ep:  333 | Steps:   16 | Reward:    -2.45
Total T:    7060 | Ep:  334 | Steps:   24 | Reward:    -5.81
Total T:    7076 | Ep:  335 | Steps:   16 | Reward:     0.28
Total T:    7091 | Ep:  336 | Steps:   15 | Reward:     1.09
Total T:    7112 | Ep:  337 | Steps:   21 | Reward:     9.44
Total T:    7124 | Ep:  338 | Steps:   12 | Reward:    -1.49
Total T:    7147 | Ep:  339 | Steps:   23 | Reward:    -6.34
Total T:    7162 | Ep:  340 | Steps:   15 | Reward:     6.94
Total T:    7173 | Ep:  341 | Steps:   11 | Reward:    -3.27
Total T:    7191 | Ep:  342 | Steps:   18 | Reward:     6.21
Total T:    7212 | Ep:  343 | Steps:   21 | Reward:    -4.38
Total T:    7225 | Ep:  344 | Steps:   13 | Reward:    -0.75
Total T:    7249 | Ep:  345 | Steps:   24 | Reward:    13.46
Total T:    7283 | Ep:  346 | Steps:   34 | Reward:    18.40
Total T:    7300 | Ep:  347 | Steps:   17 | Reward:     0.32
Total T:    7313 | Ep:  348 | Steps:   13 | Reward:    -3.65
Total T:    7334 | Ep:  349 | Steps:   21 | Reward:    -1.10
Total T:    7361 | Ep:  350 | Steps:   27 | Reward:    -1.81
Total T:    7384 | Ep:  351 | Steps:   23 | Reward:    -2.49
Total T:    7398 | Ep:  352 | Steps:   14 | Reward:    -0.47
Total T:    7434 | Ep:  353 | Steps:   36 | Reward:     1.30
Total T:    7451 | Ep:  354 | Steps:   17 | Reward:    -2.53
Total T:    7476 | Ep:  355 | Steps:   25 | Reward:     9.51
Total T:    7492 | Ep:  356 | Steps:   16 | Reward:     1.24
Total T:    7519 | Ep:  357 | Steps:   27 | Reward:    14.32
Total T:    7534 | Ep:  358 | Steps:   15 | Reward:     1.99
Total T:    7556 | Ep:  359 | Steps:   22 | Reward:     7.60
Total T:    7571 | Ep:  360 | Steps:   15 | Reward:     3.90
Total T:    7587 | Ep:  361 | Steps:   16 | Reward:     5.68
Total T:    7615 | Ep:  362 | Steps:   28 | Reward:     5.86
Total T:    7629 | Ep:  363 | Steps:   14 | Reward:     2.67
Total T:    7639 | Ep:  364 | Steps:   10 | Reward:    -1.18
Total T:    7675 | Ep:  365 | Steps:   36 | Reward:     1.73
Total T:    7697 | Ep:  366 | Steps:   22 | Reward:    -2.57
Total T:    7721 | Ep:  367 | Steps:   24 | Reward:     2.37
Total T:    7737 | Ep:  368 | Steps:   16 | Reward:     1.52
Total T:    7761 | Ep:  369 | Steps:   24 | Reward:     8.23
Total T:    7780 | Ep:  370 | Steps:   19 | Reward:     5.72
Total T:    7802 | Ep:  371 | Steps:   22 | Reward:     5.14
Total T:    7825 | Ep:  372 | Steps:   23 | Reward:    -5.55
Total T:    7836 | Ep:  373 | Steps:   11 | Reward:    -2.12
Total T:    7852 | Ep:  374 | Steps:   16 | Reward:     2.46
Total T:    7869 | Ep:  375 | Steps:   17 | Reward:     4.53
Total T:    7909 | Ep:  376 | Steps:   40 | Reward:     4.76
Total T:    7922 | Ep:  377 | Steps:   13 | Reward:    -1.79
Total T:    7939 | Ep:  378 | Steps:   17 | Reward:    -1.66
Total T:    7968 | Ep:  379 | Steps:   29 | Reward:     3.96
Total T:    7997 | Ep:  380 | Steps:   29 | Reward:    21.20
Total T:    8010 | Ep:  381 | Steps:   13 | Reward:     0.36
Total T:    8024 | Ep:  382 | Steps:   14 | Reward:     0.13
Total T:    8049 | Ep:  383 | Steps:   25 | Reward:     6.79
Total T:    8061 | Ep:  384 | Steps:   12 | Reward:     2.21
Total T:    8077 | Ep:  385 | Steps:   16 | Reward:     1.30
Total T:    8089 | Ep:  386 | Steps:   12 | Reward:    -4.86
Total T:    8108 | Ep:  387 | Steps:   19 | Reward:    -0.04
Total T:    8127 | Ep:  388 | Steps:   19 | Reward:     3.06
Total T:    8146 | Ep:  389 | Steps:   19 | Reward:    -4.89
Total T:    8162 | Ep:  390 | Steps:   16 | Reward:     1.86
Total T:    8188 | Ep:  391 | Steps:   26 | Reward:     2.91
Total T:    8220 | Ep:  392 | Steps:   32 | Reward:    11.59
Total T:    8233 | Ep:  393 | Steps:   13 | Reward:     0.68
Total T:    8248 | Ep:  394 | Steps:   15 | Reward:    -0.69
Total T:    8278 | Ep:  395 | Steps:   30 | Reward:     8.44
Total T:    8305 | Ep:  396 | Steps:   27 | Reward:     6.72
Total T:    8325 | Ep:  397 | Steps:   20 | Reward:     0.74
Total T:    8365 | Ep:  398 | Steps:   40 | Reward:     2.26
Total T:    8383 | Ep:  399 | Steps:   18 | Reward:    -1.38
Total T:    8397 | Ep:  400 | Steps:   14 | Reward:    -0.33
Total T:    8421 | Ep:  401 | Steps:   24 | Reward:     8.75
Total T:    8440 | Ep:  402 | Steps:   19 | Reward:     8.38
Total T:    8467 | Ep:  403 | Steps:   27 | Reward:     7.01
Total T:    8507 | Ep:  404 | Steps:   40 | Reward:    21.58
Total T:    8523 | Ep:  405 | Steps:   16 | Reward:    -0.50
Total T:    8534 | Ep:  406 | Steps:   11 | Reward:    -0.61
Total T:    8551 | Ep:  407 | Steps:   17 | Reward:    -6.52
Total T:    8582 | Ep:  408 | Steps:   31 | Reward:    12.58
Total T:    8601 | Ep:  409 | Steps:   19 | Reward:    -4.75
Total T:    8617 | Ep:  410 | Steps:   16 | Reward:     1.29
Total T:    8632 | Ep:  411 | Steps:   15 | Reward:     1.05
Total T:    8644 | Ep:  412 | Steps:   12 | Reward:    -2.89
Total T:    8664 | Ep:  413 | Steps:   20 | Reward:   -10.52
Total T:    8680 | Ep:  414 | Steps:   16 | Reward:     3.56
Total T:    8699 | Ep:  415 | Steps:   19 | Reward:     2.33
Total T:    8713 | Ep:  416 | Steps:   14 | Reward:    -1.21
Total T:    8760 | Ep:  417 | Steps:   47 | Reward:     1.64
Total T:    8768 | Ep:  418 | Steps:    8 | Reward:    -2.12
Total T:    8787 | Ep:  419 | Steps:   19 | Reward:     3.38
Total T:    8811 | Ep:  420 | Steps:   24 | Reward:     2.14
Total T:    8837 | Ep:  421 | Steps:   26 | Reward:    -9.08
Total T:    8877 | Ep:  422 | Steps:   40 | Reward:     6.21
Total T:    8892 | Ep:  423 | Steps:   15 | Reward:    -4.47
Total T:    8917 | Ep:  424 | Steps:   25 | Reward:     7.21
Total T:    8943 | Ep:  425 | Steps:   26 | Reward:    10.63
Total T:    8961 | Ep:  426 | Steps:   18 | Reward:     5.64
Total T:    8984 | Ep:  427 | Steps:   23 | Reward:     8.01
Total T:    9002 | Ep:  428 | Steps:   18 | Reward:    -5.79
Total T:    9015 | Ep:  429 | Steps:   13 | Reward:     2.49
Total T:    9038 | Ep:  430 | Steps:   23 | Reward:     0.38
Total T:    9060 | Ep:  431 | Steps:   22 | Reward:    -1.14
Total T:    9094 | Ep:  432 | Steps:   34 | Reward:     5.12
Total T:    9107 | Ep:  433 | Steps:   13 | Reward:     3.67
Total T:    9125 | Ep:  434 | Steps:   18 | Reward:    -6.85
Total T:    9142 | Ep:  435 | Steps:   17 | Reward:     1.45
Total T:    9166 | Ep:  436 | Steps:   24 | Reward:     1.16
Total T:    9179 | Ep:  437 | Steps:   13 | Reward:     0.76
Total T:    9203 | Ep:  438 | Steps:   24 | Reward:    -0.41
Total T:    9231 | Ep:  439 | Steps:   28 | Reward:    14.05
Total T:    9261 | Ep:  440 | Steps:   30 | Reward:    14.08
Total T:    9283 | Ep:  441 | Steps:   22 | Reward:    -1.68
Total T:    9298 | Ep:  442 | Steps:   15 | Reward:    -2.97
Total T:    9352 | Ep:  443 | Steps:   54 | Reward:    32.78
Total T:    9367 | Ep:  444 | Steps:   15 | Reward:    -6.00
Total T:    9389 | Ep:  445 | Steps:   22 | Reward:     4.57
Total T:    9404 | Ep:  446 | Steps:   15 | Reward:    -2.92
Total T:    9428 | Ep:  447 | Steps:   24 | Reward:     9.63
Total T:    9450 | Ep:  448 | Steps:   22 | Reward:    -9.28
Total T:    9484 | Ep:  449 | Steps:   34 | Reward:     3.90
Total T:    9516 | Ep:  450 | Steps:   32 | Reward:     5.46
Total T:    9548 | Ep:  451 | Steps:   32 | Reward:     0.01
Total T:    9595 | Ep:  452 | Steps:   47 | Reward:    14.79
Total T:    9618 | Ep:  453 | Steps:   23 | Reward:    12.31
Total T:    9652 | Ep:  454 | Steps:   34 | Reward:     0.54
Total T:    9674 | Ep:  455 | Steps:   22 | Reward:     2.28
Total T:    9693 | Ep:  456 | Steps:   19 | Reward:    -2.26
Total T:    9711 | Ep:  457 | Steps:   18 | Reward:     1.31
Total T:    9726 | Ep:  458 | Steps:   15 | Reward:    -4.72
Total T:    9744 | Ep:  459 | Steps:   18 | Reward:    -3.92
Total T:    9755 | Ep:  460 | Steps:   11 | Reward:     1.38
Total T:    9793 | Ep:  461 | Steps:   38 | Reward:    12.77
Total T:    9818 | Ep:  462 | Steps:   25 | Reward:    12.27
Total T:    9836 | Ep:  463 | Steps:   18 | Reward:     1.81
Total T:    9857 | Ep:  464 | Steps:   21 | Reward:     2.60
Total T:    9873 | Ep:  465 | Steps:   16 | Reward:     0.06
Total T:    9903 | Ep:  466 | Steps:   30 | Reward:     5.14
Total T:    9918 | Ep:  467 | Steps:   15 | Reward:    -2.64
Total T:    9932 | Ep:  468 | Steps:   14 | Reward:    -2.20
Total T:    9945 | Ep:  469 | Steps:   13 | Reward:    -2.29
Total T:    9969 | Ep:  470 | Steps:   24 | Reward:     3.04
Total T:    9991 | Ep:  471 | Steps:   22 | Reward:     0.15
---------------------------------------
Evaluation over 10 episodes: -4.238
---------------------------------------
Total T:   10009 | Ep:  472 | Steps:   18 | Reward:     2.57
Total T:   10022 | Ep:  473 | Steps:   13 | Reward:    -3.45
Total T:   10042 | Ep:  474 | Steps:   20 | Reward:     0.47
Total T:   10054 | Ep:  475 | Steps:   12 | Reward:     2.03
Total T:   10066 | Ep:  476 | Steps:   12 | Reward:    -0.87
Total T:   10089 | Ep:  477 | Steps:   23 | Reward:    -3.85
Total T:   10118 | Ep:  478 | Steps:   29 | Reward:     7.88
Total T:   10136 | Ep:  479 | Steps:   18 | Reward:     9.10
Total T:   10149 | Ep:  480 | Steps:   13 | Reward:     0.59
Total T:   10173 | Ep:  481 | Steps:   24 | Reward:    -5.36
Total T:   10185 | Ep:  482 | Steps:   12 | Reward:     0.01
Total T:   10199 | Ep:  483 | Steps:   14 | Reward:     1.64
Total T:   10217 | Ep:  484 | Steps:   18 | Reward:    -6.03
Total T:   10245 | Ep:  485 | Steps:   28 | Reward:     0.90
Total T:   10263 | Ep:  486 | Steps:   18 | Reward:    -3.95
Total T:   10291 | Ep:  487 | Steps:   28 | Reward:    -3.29
Total T:   10318 | Ep:  488 | Steps:   27 | Reward:    -0.46
Total T:   10335 | Ep:  489 | Steps:   17 | Reward:     2.14
Total T:   10359 | Ep:  490 | Steps:   24 | Reward:    -8.44
Total T:   10367 | Ep:  491 | Steps:    8 | Reward:    -0.91
Total T:   10389 | Ep:  492 | Steps:   22 | Reward:     4.09
Total T:   10410 | Ep:  493 | Steps:   21 | Reward:    -3.78
Total T:   10427 | Ep:  494 | Steps:   17 | Reward:     0.59
Total T:   10464 | Ep:  495 | Steps:   37 | Reward:    23.94
Total T:   10481 | Ep:  496 | Steps:   17 | Reward:    -4.77
Total T:   10494 | Ep:  497 | Steps:   13 | Reward:     1.26
Total T:   10519 | Ep:  498 | Steps:   25 | Reward:    -4.05
Total T:   10543 | Ep:  499 | Steps:   24 | Reward:     3.36
Total T:   10563 | Ep:  500 | Steps:   20 | Reward:     0.39
Total T:   10573 | Ep:  501 | Steps:   10 | Reward:    -4.04
Total T:   10595 | Ep:  502 | Steps:   22 | Reward:     7.05
Total T:   10622 | Ep:  503 | Steps:   27 | Reward:     2.66
Total T:   10636 | Ep:  504 | Steps:   14 | Reward:     0.00
Total T:   10658 | Ep:  505 | Steps:   22 | Reward:     0.55
Total T:   10686 | Ep:  506 | Steps:   28 | Reward:    10.60
Total T:   10709 | Ep:  507 | Steps:   23 | Reward:     5.55
Total T:   10735 | Ep:  508 | Steps:   26 | Reward:     1.50
Total T:   10745 | Ep:  509 | Steps:   10 | Reward:    -0.21
Total T:   10767 | Ep:  510 | Steps:   22 | Reward:    -0.56
Total T:   10776 | Ep:  511 | Steps:    9 | Reward:    -5.03
Total T:   10797 | Ep:  512 | Steps:   21 | Reward:     1.29
Total T:   10815 | Ep:  513 | Steps:   18 | Reward:     3.66
Total T:   10842 | Ep:  514 | Steps:   27 | Reward:    13.65
Total T:   10862 | Ep:  515 | Steps:   20 | Reward:     2.97
Total T:   10910 | Ep:  516 | Steps:   48 | Reward:     7.34
Total T:   10924 | Ep:  517 | Steps:   14 | Reward:    -3.05
Total T:   10938 | Ep:  518 | Steps:   14 | Reward:    -0.94
Total T:   10960 | Ep:  519 | Steps:   22 | Reward:     0.58
Total T:   10976 | Ep:  520 | Steps:   16 | Reward:     2.47
Total T:   11002 | Ep:  521 | Steps:   26 | Reward:     9.10
Total T:   11016 | Ep:  522 | Steps:   14 | Reward:    -2.21
Total T:   11045 | Ep:  523 | Steps:   29 | Reward:     2.18
Total T:   11055 | Ep:  524 | Steps:   10 | Reward:    -0.80
Total T:   11092 | Ep:  525 | Steps:   37 | Reward:    16.69
Total T:   11127 | Ep:  526 | Steps:   35 | Reward:     3.95
Total T:   11141 | Ep:  527 | Steps:   14 | Reward:    -3.07
Total T:   11156 | Ep:  528 | Steps:   15 | Reward:     0.63
Total T:   11173 | Ep:  529 | Steps:   17 | Reward:     2.65
Total T:   11195 | Ep:  530 | Steps:   22 | Reward:     3.69
Total T:   11207 | Ep:  531 | Steps:   12 | Reward:    -0.48
Total T:   11217 | Ep:  532 | Steps:   10 | Reward:    -2.05
Total T:   11231 | Ep:  533 | Steps:   14 | Reward:     2.33
Total T:   11254 | Ep:  534 | Steps:   23 | Reward:     8.78
Total T:   11266 | Ep:  535 | Steps:   12 | Reward:    -0.70
Total T:   11293 | Ep:  536 | Steps:   27 | Reward:     5.44
Total T:   11323 | Ep:  537 | Steps:   30 | Reward:    16.64
Total T:   11358 | Ep:  538 | Steps:   35 | Reward:    14.06
Total T:   11374 | Ep:  539 | Steps:   16 | Reward:     1.84
Total T:   11420 | Ep:  540 | Steps:   46 | Reward:    16.98
Total T:   11449 | Ep:  541 | Steps:   29 | Reward:    11.53
Total T:   11464 | Ep:  542 | Steps:   15 | Reward:    -5.03
Total T:   11482 | Ep:  543 | Steps:   18 | Reward:    -0.20
Total T:   11495 | Ep:  544 | Steps:   13 | Reward:     2.13
Total T:   11520 | Ep:  545 | Steps:   25 | Reward:     1.35
Total T:   11540 | Ep:  546 | Steps:   20 | Reward:     3.92
Total T:   11550 | Ep:  547 | Steps:   10 | Reward:    -4.34
Total T:   11577 | Ep:  548 | Steps:   27 | Reward:    -2.23
Total T:   11590 | Ep:  549 | Steps:   13 | Reward:     0.65
Total T:   11616 | Ep:  550 | Steps:   26 | Reward:    -4.10
Total T:   11645 | Ep:  551 | Steps:   29 | Reward:     9.27
Total T:   11656 | Ep:  552 | Steps:   11 | Reward:    -1.41
Total T:   11678 | Ep:  553 | Steps:   22 | Reward:     5.40
Total T:   11692 | Ep:  554 | Steps:   14 | Reward:     4.45
Total T:   11741 | Ep:  555 | Steps:   49 | Reward:     3.99
Total T:   11763 | Ep:  556 | Steps:   22 | Reward:     9.30
Total T:   11790 | Ep:  557 | Steps:   27 | Reward:    12.30
Total T:   11813 | Ep:  558 | Steps:   23 | Reward:     0.34
Total T:   11860 | Ep:  559 | Steps:   47 | Reward:     7.78
Total T:   11880 | Ep:  560 | Steps:   20 | Reward:    -1.51
Total T:   11896 | Ep:  561 | Steps:   16 | Reward:    -2.21
Total T:   11909 | Ep:  562 | Steps:   13 | Reward:     3.57
Total T:   11934 | Ep:  563 | Steps:   25 | Reward:     5.91
Total T:   11956 | Ep:  564 | Steps:   22 | Reward:     2.00
Total T:   11992 | Ep:  565 | Steps:   36 | Reward:     3.62
Total T:   12001 | Ep:  566 | Steps:    9 | Reward:    -2.92
Total T:   12022 | Ep:  567 | Steps:   21 | Reward:    -1.29
Total T:   12035 | Ep:  568 | Steps:   13 | Reward:     0.94
Total T:   12059 | Ep:  569 | Steps:   24 | Reward:    -6.34
Total T:   12098 | Ep:  570 | Steps:   39 | Reward:     8.12
Total T:   12127 | Ep:  571 | Steps:   29 | Reward:     5.97
Total T:   12159 | Ep:  572 | Steps:   32 | Reward:     3.17
Total T:   12190 | Ep:  573 | Steps:   31 | Reward:    -3.63
Total T:   12207 | Ep:  574 | Steps:   17 | Reward:     3.36
Total T:   12219 | Ep:  575 | Steps:   12 | Reward:     2.19
Total T:   12231 | Ep:  576 | Steps:   12 | Reward:    -2.82
Total T:   12247 | Ep:  577 | Steps:   16 | Reward:    -9.05
Total T:   12264 | Ep:  578 | Steps:   17 | Reward:    -1.06
Total T:   12310 | Ep:  579 | Steps:   46 | Reward:    18.04
Total T:   12328 | Ep:  580 | Steps:   18 | Reward:     1.97
Total T:   12346 | Ep:  581 | Steps:   18 | Reward:     0.90
Total T:   12364 | Ep:  582 | Steps:   18 | Reward:     2.34
Total T:   12380 | Ep:  583 | Steps:   16 | Reward:     1.96
Total T:   12401 | Ep:  584 | Steps:   21 | Reward:     7.00
Total T:   12413 | Ep:  585 | Steps:   12 | Reward:     1.30
Total T:   12429 | Ep:  586 | Steps:   16 | Reward:    -1.62
Total T:   12447 | Ep:  587 | Steps:   18 | Reward:     3.79
Total T:   12460 | Ep:  588 | Steps:   13 | Reward:     3.71
Total T:   12492 | Ep:  589 | Steps:   32 | Reward:     3.73
Total T:   12521 | Ep:  590 | Steps:   29 | Reward:    -1.48
Total T:   12537 | Ep:  591 | Steps:   16 | Reward:    -2.70
Total T:   12559 | Ep:  592 | Steps:   22 | Reward:    -1.90
Total T:   12574 | Ep:  593 | Steps:   15 | Reward:     0.08
Total T:   12607 | Ep:  594 | Steps:   33 | Reward:    10.10
Total T:   12626 | Ep:  595 | Steps:   19 | Reward:    -0.31
Total T:   12638 | Ep:  596 | Steps:   12 | Reward:    -1.18
Total T:   12667 | Ep:  597 | Steps:   29 | Reward:    18.15
Total T:   12680 | Ep:  598 | Steps:   13 | Reward:     0.03
Total T:   12708 | Ep:  599 | Steps:   28 | Reward:     7.21
Total T:   12733 | Ep:  600 | Steps:   25 | Reward:    -3.82
Total T:   12754 | Ep:  601 | Steps:   21 | Reward:     6.51
Total T:   12775 | Ep:  602 | Steps:   21 | Reward:     0.22
Total T:   12787 | Ep:  603 | Steps:   12 | Reward:     0.63
Total T:   12808 | Ep:  604 | Steps:   21 | Reward:    -0.30
Total T:   12831 | Ep:  605 | Steps:   23 | Reward:    -4.37
Total T:   12855 | Ep:  606 | Steps:   24 | Reward:     4.94
Total T:   12866 | Ep:  607 | Steps:   11 | Reward:    -2.45
Total T:   12920 | Ep:  608 | Steps:   54 | Reward:     6.86
Total T:   12951 | Ep:  609 | Steps:   31 | Reward:     6.70
Total T:   12960 | Ep:  610 | Steps:    9 | Reward:    -2.84
Total T:   12982 | Ep:  611 | Steps:   22 | Reward:     8.60
Total T:   13009 | Ep:  612 | Steps:   27 | Reward:     5.95
Total T:   13037 | Ep:  613 | Steps:   28 | Reward:    -3.04
Total T:   13060 | Ep:  614 | Steps:   23 | Reward:    -2.86
Total T:   13082 | Ep:  615 | Steps:   22 | Reward:     4.88
Total T:   13098 | Ep:  616 | Steps:   16 | Reward:     4.23
Total T:   13118 | Ep:  617 | Steps:   20 | Reward:     4.03
Total T:   13133 | Ep:  618 | Steps:   15 | Reward:    -1.20
Total T:   13145 | Ep:  619 | Steps:   12 | Reward:    -2.82
Total T:   13175 | Ep:  620 | Steps:   30 | Reward:    -1.03
Total T:   13205 | Ep:  621 | Steps:   30 | Reward:    12.82
Total T:   13241 | Ep:  622 | Steps:   36 | Reward:     8.22
Total T:   13253 | Ep:  623 | Steps:   12 | Reward:    -2.12
Total T:   13270 | Ep:  624 | Steps:   17 | Reward:    -0.55
Total T:   13283 | Ep:  625 | Steps:   13 | Reward:     2.76
Total T:   13314 | Ep:  626 | Steps:   31 | Reward:    10.86
Total T:   13334 | Ep:  627 | Steps:   20 | Reward:     1.63
Total T:   13358 | Ep:  628 | Steps:   24 | Reward:    -1.48
Total T:   13373 | Ep:  629 | Steps:   15 | Reward:     2.18
Total T:   13388 | Ep:  630 | Steps:   15 | Reward:    -3.12
Total T:   13399 | Ep:  631 | Steps:   11 | Reward:    -0.50
Total T:   13413 | Ep:  632 | Steps:   14 | Reward:    -3.53
Total T:   13424 | Ep:  633 | Steps:   11 | Reward:    -0.28
Total T:   13451 | Ep:  634 | Steps:   27 | Reward:     3.08
Total T:   13482 | Ep:  635 | Steps:   31 | Reward:    17.56
Total T:   13497 | Ep:  636 | Steps:   15 | Reward:     4.19
Total T:   13518 | Ep:  637 | Steps:   21 | Reward:    -0.96
Total T:   13535 | Ep:  638 | Steps:   17 | Reward:     3.21
Total T:   13544 | Ep:  639 | Steps:    9 | Reward:    -6.02
Total T:   13558 | Ep:  640 | Steps:   14 | Reward:     5.30
Total T:   13586 | Ep:  641 | Steps:   28 | Reward:     4.01
Total T:   13609 | Ep:  642 | Steps:   23 | Reward:     6.89
Total T:   13628 | Ep:  643 | Steps:   19 | Reward:     4.96
Total T:   13643 | Ep:  644 | Steps:   15 | Reward:    -1.96
Total T:   13663 | Ep:  645 | Steps:   20 | Reward:     0.15
Total T:   13677 | Ep:  646 | Steps:   14 | Reward:    -1.17
Total T:   13703 | Ep:  647 | Steps:   26 | Reward:     0.15
Total T:   13714 | Ep:  648 | Steps:   11 | Reward:    -1.24
Total T:   13743 | Ep:  649 | Steps:   29 | Reward:     7.64
Total T:   13767 | Ep:  650 | Steps:   24 | Reward:     2.28
Total T:   13786 | Ep:  651 | Steps:   19 | Reward:     2.47
Total T:   13798 | Ep:  652 | Steps:   12 | Reward:     0.46
Total T:   13816 | Ep:  653 | Steps:   18 | Reward:    -1.97
Total T:   13853 | Ep:  654 | Steps:   37 | Reward:     1.09
Total T:   13884 | Ep:  655 | Steps:   31 | Reward:    -2.43
Total T:   13927 | Ep:  656 | Steps:   43 | Reward:    16.15
Total T:   13956 | Ep:  657 | Steps:   29 | Reward:     5.23
Total T:   13990 | Ep:  658 | Steps:   34 | Reward:     6.59
Total T:   14002 | Ep:  659 | Steps:   12 | Reward:     3.15
Total T:   14012 | Ep:  660 | Steps:   10 | Reward:    -0.50
Total T:   14039 | Ep:  661 | Steps:   27 | Reward:     9.42
Total T:   14051 | Ep:  662 | Steps:   12 | Reward:    -1.02
Total T:   14066 | Ep:  663 | Steps:   15 | Reward:    -0.87
Total T:   14087 | Ep:  664 | Steps:   21 | Reward:     5.24
Total T:   14099 | Ep:  665 | Steps:   12 | Reward:    -1.11
Total T:   14114 | Ep:  666 | Steps:   15 | Reward:     2.76
Total T:   14129 | Ep:  667 | Steps:   15 | Reward:     3.47
Total T:   14148 | Ep:  668 | Steps:   19 | Reward:     7.28
Total T:   14177 | Ep:  669 | Steps:   29 | Reward:    -1.25
Total T:   14204 | Ep:  670 | Steps:   27 | Reward:     0.32
Total T:   14215 | Ep:  671 | Steps:   11 | Reward:     0.23
Total T:   14224 | Ep:  672 | Steps:    9 | Reward:    -0.16
Total T:   14237 | Ep:  673 | Steps:   13 | Reward:    -3.79
Total T:   14251 | Ep:  674 | Steps:   14 | Reward:     2.99
Total T:   14270 | Ep:  675 | Steps:   19 | Reward:     6.29
Total T:   14285 | Ep:  676 | Steps:   15 | Reward:     2.05
Total T:   14297 | Ep:  677 | Steps:   12 | Reward:     2.70
Total T:   14315 | Ep:  678 | Steps:   18 | Reward:     0.85
Total T:   14337 | Ep:  679 | Steps:   22 | Reward:     6.69
Total T:   14355 | Ep:  680 | Steps:   18 | Reward:    -0.77
Total T:   14376 | Ep:  681 | Steps:   21 | Reward:     0.46
Total T:   14411 | Ep:  682 | Steps:   35 | Reward:    -2.72
Total T:   14441 | Ep:  683 | Steps:   30 | Reward:     7.66
Total T:   14458 | Ep:  684 | Steps:   17 | Reward:     3.44
Total T:   14477 | Ep:  685 | Steps:   19 | Reward:     1.00
Total T:   14503 | Ep:  686 | Steps:   26 | Reward:    -1.22
Total T:   14528 | Ep:  687 | Steps:   25 | Reward:    -0.18
Total T:   14539 | Ep:  688 | Steps:   11 | Reward:    -3.12
Total T:   14565 | Ep:  689 | Steps:   26 | Reward:     4.10
Total T:   14581 | Ep:  690 | Steps:   16 | Reward:     0.48
Total T:   14610 | Ep:  691 | Steps:   29 | Reward:    19.18
Total T:   14644 | Ep:  692 | Steps:   34 | Reward:     7.11
Total T:   14664 | Ep:  693 | Steps:   20 | Reward:    -6.95
Total T:   14676 | Ep:  694 | Steps:   12 | Reward:    -1.40
Total T:   14686 | Ep:  695 | Steps:   10 | Reward:    -4.04
Total T:   14718 | Ep:  696 | Steps:   32 | Reward:     8.59
Total T:   14743 | Ep:  697 | Steps:   25 | Reward:     7.97
Total T:   14758 | Ep:  698 | Steps:   15 | Reward:     1.42
Total T:   14769 | Ep:  699 | Steps:   11 | Reward:     1.26
Total T:   14792 | Ep:  700 | Steps:   23 | Reward:    -2.72
Total T:   14804 | Ep:  701 | Steps:   12 | Reward:    -1.26
Total T:   14828 | Ep:  702 | Steps:   24 | Reward:    -6.81
Total T:   14845 | Ep:  703 | Steps:   17 | Reward:    -4.57
Total T:   14865 | Ep:  704 | Steps:   20 | Reward:     6.21
Total T:   14881 | Ep:  705 | Steps:   16 | Reward:     5.34
Total T:   14910 | Ep:  706 | Steps:   29 | Reward:    10.28
Total T:   14940 | Ep:  707 | Steps:   30 | Reward:    11.56
Total T:   14956 | Ep:  708 | Steps:   16 | Reward:     1.95
Total T:   14972 | Ep:  709 | Steps:   16 | Reward:     0.52
Total T:   14992 | Ep:  710 | Steps:   20 | Reward:     6.60
Total T:   15003 | Ep:  711 | Steps:   11 | Reward:    -4.71
Total T:   15036 | Ep:  712 | Steps:   33 | Reward:     1.35
Total T:   15083 | Ep:  713 | Steps:   47 | Reward:    10.39
Total T:   15111 | Ep:  714 | Steps:   28 | Reward:    11.68
Total T:   15137 | Ep:  715 | Steps:   26 | Reward:    -2.85
Total T:   15154 | Ep:  716 | Steps:   17 | Reward:    -2.97
Total T:   15178 | Ep:  717 | Steps:   24 | Reward:     3.88
Total T:   15189 | Ep:  718 | Steps:   11 | Reward:     1.42
Total T:   15218 | Ep:  719 | Steps:   29 | Reward:    14.10
Total T:   15229 | Ep:  720 | Steps:   11 | Reward:    -0.37
Total T:   15252 | Ep:  721 | Steps:   23 | Reward:     5.90
Total T:   15288 | Ep:  722 | Steps:   36 | Reward:     9.70
Total T:   15305 | Ep:  723 | Steps:   17 | Reward:     2.97
Total T:   15318 | Ep:  724 | Steps:   13 | Reward:     0.04
Total T:   15341 | Ep:  725 | Steps:   23 | Reward:    -0.49
Total T:   15384 | Ep:  726 | Steps:   43 | Reward:    20.83
Total T:   15402 | Ep:  727 | Steps:   18 | Reward:     5.80
Total T:   15420 | Ep:  728 | Steps:   18 | Reward:     1.32
Total T:   15456 | Ep:  729 | Steps:   36 | Reward:    -1.94
Total T:   15475 | Ep:  730 | Steps:   19 | Reward:     3.38
Total T:   15490 | Ep:  731 | Steps:   15 | Reward:     1.94
Total T:   15521 | Ep:  732 | Steps:   31 | Reward:    -0.63
Total T:   15533 | Ep:  733 | Steps:   12 | Reward:     3.33
Total T:   15551 | Ep:  734 | Steps:   18 | Reward:    -2.06
Total T:   15568 | Ep:  735 | Steps:   17 | Reward:     1.54
Total T:   15578 | Ep:  736 | Steps:   10 | Reward:    -3.87
Total T:   15587 | Ep:  737 | Steps:    9 | Reward:    -2.60
Total T:   15628 | Ep:  738 | Steps:   41 | Reward:    17.29
Total T:   15673 | Ep:  739 | Steps:   45 | Reward:     0.65
Total T:   15697 | Ep:  740 | Steps:   24 | Reward:     0.89
Total T:   15714 | Ep:  741 | Steps:   17 | Reward:     4.53
Total T:   15729 | Ep:  742 | Steps:   15 | Reward:    -5.39
Total T:   15750 | Ep:  743 | Steps:   21 | Reward:     0.10
Total T:   15776 | Ep:  744 | Steps:   26 | Reward:    -4.11
Total T:   15791 | Ep:  745 | Steps:   15 | Reward:     0.35
Total T:   15816 | Ep:  746 | Steps:   25 | Reward:    -3.62
Total T:   15830 | Ep:  747 | Steps:   14 | Reward:    -1.00
Total T:   15845 | Ep:  748 | Steps:   15 | Reward:     3.93
Total T:   15861 | Ep:  749 | Steps:   16 | Reward:     2.56
Total T:   15887 | Ep:  750 | Steps:   26 | Reward:     1.95
Total T:   15902 | Ep:  751 | Steps:   15 | Reward:     3.02
Total T:   15913 | Ep:  752 | Steps:   11 | Reward:     1.54
Total T:   15935 | Ep:  753 | Steps:   22 | Reward:     0.45
Total T:   15949 | Ep:  754 | Steps:   14 | Reward:     3.07
Total T:   15966 | Ep:  755 | Steps:   17 | Reward:    -1.46
Total T:   15988 | Ep:  756 | Steps:   22 | Reward:     7.51
Total T:   16017 | Ep:  757 | Steps:   29 | Reward:     6.31
Total T:   16037 | Ep:  758 | Steps:   20 | Reward:     9.44
Total T:   16065 | Ep:  759 | Steps:   28 | Reward:    -3.06
Total T:   16079 | Ep:  760 | Steps:   14 | Reward:     3.48
Total T:   16110 | Ep:  761 | Steps:   31 | Reward:    12.90
Total T:   16135 | Ep:  762 | Steps:   25 | Reward:     6.29
Total T:   16164 | Ep:  763 | Steps:   29 | Reward:     5.07
Total T:   16186 | Ep:  764 | Steps:   22 | Reward:     7.42
Total T:   16200 | Ep:  765 | Steps:   14 | Reward:    -1.45
Total T:   16215 | Ep:  766 | Steps:   15 | Reward:     3.00
Total T:   16230 | Ep:  767 | Steps:   15 | Reward:    -7.12
Total T:   16279 | Ep:  768 | Steps:   49 | Reward:    19.58
Total T:   16304 | Ep:  769 | Steps:   25 | Reward:    -4.76
Total T:   16318 | Ep:  770 | Steps:   14 | Reward:     0.72
Total T:   16338 | Ep:  771 | Steps:   20 | Reward:     8.83
Total T:   16379 | Ep:  772 | Steps:   41 | Reward:    11.73
Total T:   16412 | Ep:  773 | Steps:   33 | Reward:     7.56
Total T:   16440 | Ep:  774 | Steps:   28 | Reward:     6.05
Total T:   16455 | Ep:  775 | Steps:   15 | Reward:    -0.13
Total T:   16466 | Ep:  776 | Steps:   11 | Reward:    -0.09
Total T:   16482 | Ep:  777 | Steps:   16 | Reward:     1.12
Total T:   16495 | Ep:  778 | Steps:   13 | Reward:     0.23
Total T:   16511 | Ep:  779 | Steps:   16 | Reward:     2.73
Total T:   16523 | Ep:  780 | Steps:   12 | Reward:    -0.96
Total T:   16544 | Ep:  781 | Steps:   21 | Reward:    -4.77
Total T:   16555 | Ep:  782 | Steps:   11 | Reward:    -1.15
Total T:   16571 | Ep:  783 | Steps:   16 | Reward:     0.43
Total T:   16589 | Ep:  784 | Steps:   18 | Reward:    -1.17
Total T:   16613 | Ep:  785 | Steps:   24 | Reward:     4.34
Total T:   16644 | Ep:  786 | Steps:   31 | Reward:     4.04
Total T:   16678 | Ep:  787 | Steps:   34 | Reward:    12.27
Total T:   16699 | Ep:  788 | Steps:   21 | Reward:     8.59
Total T:   16715 | Ep:  789 | Steps:   16 | Reward:     3.71
Total T:   16738 | Ep:  790 | Steps:   23 | Reward:     1.07
Total T:   16758 | Ep:  791 | Steps:   20 | Reward:     2.04
Total T:   16793 | Ep:  792 | Steps:   35 | Reward:    -7.97
Total T:   16807 | Ep:  793 | Steps:   14 | Reward:     1.60
Total T:   16835 | Ep:  794 | Steps:   28 | Reward:     0.73
Total T:   16850 | Ep:  795 | Steps:   15 | Reward:    -6.22
Total T:   16867 | Ep:  796 | Steps:   17 | Reward:    -2.26
Total T:   16881 | Ep:  797 | Steps:   14 | Reward:     2.60
Total T:   16896 | Ep:  798 | Steps:   15 | Reward:    -2.27
Total T:   16905 | Ep:  799 | Steps:    9 | Reward:    -5.73
Total T:   16924 | Ep:  800 | Steps:   19 | Reward:    -4.99
Total T:   16940 | Ep:  801 | Steps:   16 | Reward:    -3.13
Total T:   16956 | Ep:  802 | Steps:   16 | Reward:     1.13
Total T:   16975 | Ep:  803 | Steps:   19 | Reward:     0.06
Total T:   17002 | Ep:  804 | Steps:   27 | Reward:     2.96
Total T:   17043 | Ep:  805 | Steps:   41 | Reward:    15.84
Total T:   17066 | Ep:  806 | Steps:   23 | Reward:     6.01
Total T:   17091 | Ep:  807 | Steps:   25 | Reward:    11.78
Total T:   17119 | Ep:  808 | Steps:   28 | Reward:     1.33
Total T:   17143 | Ep:  809 | Steps:   24 | Reward:     4.81
Total T:   17165 | Ep:  810 | Steps:   22 | Reward:    -6.51
Total T:   17182 | Ep:  811 | Steps:   17 | Reward:     5.30
Total T:   17208 | Ep:  812 | Steps:   26 | Reward:     5.57
Total T:   17227 | Ep:  813 | Steps:   19 | Reward:     1.42
Total T:   17241 | Ep:  814 | Steps:   14 | Reward:     1.68
Total T:   17257 | Ep:  815 | Steps:   16 | Reward:     3.08
Total T:   17283 | Ep:  816 | Steps:   26 | Reward:     1.22
Total T:   17315 | Ep:  817 | Steps:   32 | Reward:    -1.68
Total T:   17341 | Ep:  818 | Steps:   26 | Reward:    -2.15
Total T:   17351 | Ep:  819 | Steps:   10 | Reward:     0.76
Total T:   17373 | Ep:  820 | Steps:   22 | Reward:    -4.18
Total T:   17388 | Ep:  821 | Steps:   15 | Reward:     1.45
Total T:   17416 | Ep:  822 | Steps:   28 | Reward:     0.76
Total T:   17431 | Ep:  823 | Steps:   15 | Reward:     4.61
Total T:   17462 | Ep:  824 | Steps:   31 | Reward:    13.64
Total T:   17485 | Ep:  825 | Steps:   23 | Reward:     4.90
Total T:   17498 | Ep:  826 | Steps:   13 | Reward:     1.49
Total T:   17512 | Ep:  827 | Steps:   14 | Reward:    -3.85
Total T:   17545 | Ep:  828 | Steps:   33 | Reward:    19.76
Total T:   17563 | Ep:  829 | Steps:   18 | Reward:    -0.74
Total T:   17598 | Ep:  830 | Steps:   35 | Reward:    -2.22
Total T:   17616 | Ep:  831 | Steps:   18 | Reward:    -1.03
Total T:   17649 | Ep:  832 | Steps:   33 | Reward:    13.97
Total T:   17664 | Ep:  833 | Steps:   15 | Reward:     0.75
Total T:   17674 | Ep:  834 | Steps:   10 | Reward:    -0.91
Total T:   17698 | Ep:  835 | Steps:   24 | Reward:    -6.34
Total T:   17713 | Ep:  836 | Steps:   15 | Reward:    -1.10
Total T:   17735 | Ep:  837 | Steps:   22 | Reward:    -2.58
Total T:   17746 | Ep:  838 | Steps:   11 | Reward:     0.34
Total T:   17776 | Ep:  839 | Steps:   30 | Reward:     6.01
Total T:   17799 | Ep:  840 | Steps:   23 | Reward:     0.02
Total T:   17816 | Ep:  841 | Steps:   17 | Reward:     5.24
Total T:   17842 | Ep:  842 | Steps:   26 | Reward:     1.98
Total T:   17863 | Ep:  843 | Steps:   21 | Reward:    -0.80
Total T:   17883 | Ep:  844 | Steps:   20 | Reward:     7.75
Total T:   17900 | Ep:  845 | Steps:   17 | Reward:    -0.49
Total T:   17929 | Ep:  846 | Steps:   29 | Reward:     2.80
Total T:   17944 | Ep:  847 | Steps:   15 | Reward:     3.22
Total T:   17961 | Ep:  848 | Steps:   17 | Reward:     3.89
Total T:   17993 | Ep:  849 | Steps:   32 | Reward:    10.73
Total T:   18006 | Ep:  850 | Steps:   13 | Reward:     2.29
Total T:   18016 | Ep:  851 | Steps:   10 | Reward:    -3.74
Total T:   18060 | Ep:  852 | Steps:   44 | Reward:    15.80
Total T:   18075 | Ep:  853 | Steps:   15 | Reward:    -1.52
Total T:   18087 | Ep:  854 | Steps:   12 | Reward:     1.46
Total T:   18097 | Ep:  855 | Steps:   10 | Reward:    -2.70
Total T:   18116 | Ep:  856 | Steps:   19 | Reward:     0.97
Total T:   18126 | Ep:  857 | Steps:   10 | Reward:    -0.88
Total T:   18141 | Ep:  858 | Steps:   15 | Reward:     2.37
Total T:   18153 | Ep:  859 | Steps:   12 | Reward:     1.85
Total T:   18196 | Ep:  860 | Steps:   43 | Reward:    -0.52
Total T:   18213 | Ep:  861 | Steps:   17 | Reward:     5.59
Total T:   18237 | Ep:  862 | Steps:   24 | Reward:     4.04
Total T:   18273 | Ep:  863 | Steps:   36 | Reward:     8.51
Total T:   18307 | Ep:  864 | Steps:   34 | Reward:    16.02
Total T:   18330 | Ep:  865 | Steps:   23 | Reward:     1.34
Total T:   18343 | Ep:  866 | Steps:   13 | Reward:    -1.06
Total T:   18353 | Ep:  867 | Steps:   10 | Reward:    -3.83
Total T:   18374 | Ep:  868 | Steps:   21 | Reward:     3.42
Total T:   18400 | Ep:  869 | Steps:   26 | Reward:     3.25
Total T:   18425 | Ep:  870 | Steps:   25 | Reward:    -3.24
Total T:   18484 | Ep:  871 | Steps:   59 | Reward:    20.51
Total T:   18500 | Ep:  872 | Steps:   16 | Reward:     5.77
Total T:   18512 | Ep:  873 | Steps:   12 | Reward:     0.53
Total T:   18537 | Ep:  874 | Steps:   25 | Reward:     6.34
Total T:   18556 | Ep:  875 | Steps:   19 | Reward:     0.34
Total T:   18579 | Ep:  876 | Steps:   23 | Reward:     6.98
Total T:   18591 | Ep:  877 | Steps:   12 | Reward:     0.80
Total T:   18615 | Ep:  878 | Steps:   24 | Reward:     5.69
Total T:   18634 | Ep:  879 | Steps:   19 | Reward:     3.52
Total T:   18664 | Ep:  880 | Steps:   30 | Reward:     2.29
Total T:   18678 | Ep:  881 | Steps:   14 | Reward:     0.40
Total T:   18700 | Ep:  882 | Steps:   22 | Reward:    -0.54
Total T:   18710 | Ep:  883 | Steps:   10 | Reward:     0.06
Total T:   18747 | Ep:  884 | Steps:   37 | Reward:     7.54
Total T:   18790 | Ep:  885 | Steps:   43 | Reward:    17.65
Total T:   18811 | Ep:  886 | Steps:   21 | Reward:    -1.32
Total T:   18820 | Ep:  887 | Steps:    9 | Reward:    -0.85
Total T:   18840 | Ep:  888 | Steps:   20 | Reward:     0.77
Total T:   18857 | Ep:  889 | Steps:   17 | Reward:     4.33
Total T:   18874 | Ep:  890 | Steps:   17 | Reward:    -3.66
Total T:   18888 | Ep:  891 | Steps:   14 | Reward:    -1.19
Total T:   18904 | Ep:  892 | Steps:   16 | Reward:    -3.07
Total T:   18931 | Ep:  893 | Steps:   27 | Reward:    12.26
Total T:   18953 | Ep:  894 | Steps:   22 | Reward:     2.78
Total T:   18985 | Ep:  895 | Steps:   32 | Reward:     4.80
Total T:   19005 | Ep:  896 | Steps:   20 | Reward:     8.21
Total T:   19027 | Ep:  897 | Steps:   22 | Reward:     1.97
Total T:   19043 | Ep:  898 | Steps:   16 | Reward:    -2.16
Total T:   19058 | Ep:  899 | Steps:   15 | Reward:    -2.23
Total T:   19100 | Ep:  900 | Steps:   42 | Reward:     6.88
Total T:   19131 | Ep:  901 | Steps:   31 | Reward:    12.23
Total T:   19142 | Ep:  902 | Steps:   11 | Reward:    -3.17
Total T:   19162 | Ep:  903 | Steps:   20 | Reward:     4.47
Total T:   19179 | Ep:  904 | Steps:   17 | Reward:    -2.78
Total T:   19206 | Ep:  905 | Steps:   27 | Reward:     8.04
Total T:   19224 | Ep:  906 | Steps:   18 | Reward:    -4.01
Total T:   19244 | Ep:  907 | Steps:   20 | Reward:     6.38
Total T:   19258 | Ep:  908 | Steps:   14 | Reward:     3.12
Total T:   19270 | Ep:  909 | Steps:   12 | Reward:    -0.78
Total T:   19289 | Ep:  910 | Steps:   19 | Reward:    -4.41
Total T:   19301 | Ep:  911 | Steps:   12 | Reward:    -1.16
Total T:   19315 | Ep:  912 | Steps:   14 | Reward:    -0.84
Total T:   19346 | Ep:  913 | Steps:   31 | Reward:     4.98
Total T:   19361 | Ep:  914 | Steps:   15 | Reward:    -0.70
Total T:   19377 | Ep:  915 | Steps:   16 | Reward:     4.77
Total T:   19392 | Ep:  916 | Steps:   15 | Reward:     0.85
Total T:   19416 | Ep:  917 | Steps:   24 | Reward:     7.13
Total T:   19434 | Ep:  918 | Steps:   18 | Reward:     5.22
Total T:   19483 | Ep:  919 | Steps:   49 | Reward:    20.52
Total T:   19504 | Ep:  920 | Steps:   21 | Reward:    -1.13
Total T:   19525 | Ep:  921 | Steps:   21 | Reward:     3.89
Total T:   19554 | Ep:  922 | Steps:   29 | Reward:     9.39
Total T:   19570 | Ep:  923 | Steps:   16 | Reward:     3.36
Total T:   19588 | Ep:  924 | Steps:   18 | Reward:     6.33
Total T:   19635 | Ep:  925 | Steps:   47 | Reward:    17.43
Total T:   19648 | Ep:  926 | Steps:   13 | Reward:     1.09
Total T:   19670 | Ep:  927 | Steps:   22 | Reward:     2.66
Total T:   19684 | Ep:  928 | Steps:   14 | Reward:    -1.88
Total T:   19696 | Ep:  929 | Steps:   12 | Reward:     1.31
Total T:   19708 | Ep:  930 | Steps:   12 | Reward:     0.42
Total T:   19723 | Ep:  931 | Steps:   15 | Reward:     3.99
Total T:   19746 | Ep:  932 | Steps:   23 | Reward:     7.75
Total T:   19768 | Ep:  933 | Steps:   22 | Reward:     8.42
Total T:   19789 | Ep:  934 | Steps:   21 | Reward:     7.70
Total T:   19804 | Ep:  935 | Steps:   15 | Reward:     2.02
Total T:   19817 | Ep:  936 | Steps:   13 | Reward:     3.78
Total T:   19840 | Ep:  937 | Steps:   23 | Reward:     0.40
Total T:   19870 | Ep:  938 | Steps:   30 | Reward:     9.94
Total T:   19895 | Ep:  939 | Steps:   25 | Reward:     2.58
Total T:   19925 | Ep:  940 | Steps:   30 | Reward:    -1.97
Total T:   19972 | Ep:  941 | Steps:   47 | Reward:    23.36
---------------------------------------
Evaluation over 10 episodes: -4.204
---------------------------------------
Total T:   20002 | Ep:  942 | Steps:   30 | Reward:     6.61
Total T:   20012 | Ep:  943 | Steps:   10 | Reward:    -3.18
Total T:   20032 | Ep:  944 | Steps:   20 | Reward:    -2.31
Total T:   20050 | Ep:  945 | Steps:   18 | Reward:    -5.10
Total T:   20063 | Ep:  946 | Steps:   13 | Reward:     2.13
Total T:   20075 | Ep:  947 | Steps:   12 | Reward:    -0.10
Total T:   20092 | Ep:  948 | Steps:   17 | Reward:     8.67
Total T:   20114 | Ep:  949 | Steps:   22 | Reward:     4.12
Total T:   20138 | Ep:  950 | Steps:   24 | Reward:    -5.88
Total T:   20153 | Ep:  951 | Steps:   15 | Reward:     2.25
Total T:   20183 | Ep:  952 | Steps:   30 | Reward:     7.07
Total T:   20210 | Ep:  953 | Steps:   27 | Reward:     8.35
Total T:   20235 | Ep:  954 | Steps:   25 | Reward:     1.46
Total T:   20254 | Ep:  955 | Steps:   19 | Reward:     5.50
Total T:   20266 | Ep:  956 | Steps:   12 | Reward:     2.36
Total T:   20280 | Ep:  957 | Steps:   14 | Reward:    -0.20
Total T:   20318 | Ep:  958 | Steps:   38 | Reward:     9.32
Total T:   20327 | Ep:  959 | Steps:    9 | Reward:    -1.23
Total T:   20344 | Ep:  960 | Steps:   17 | Reward:     4.14
Total T:   20360 | Ep:  961 | Steps:   16 | Reward:    -0.54
Total T:   20371 | Ep:  962 | Steps:   11 | Reward:     0.61
Total T:   20391 | Ep:  963 | Steps:   20 | Reward:     1.09
Total T:   20405 | Ep:  964 | Steps:   14 | Reward:     1.35
Total T:   20419 | Ep:  965 | Steps:   14 | Reward:     0.18
Total T:   20448 | Ep:  966 | Steps:   29 | Reward:     5.40
Total T:   20480 | Ep:  967 | Steps:   32 | Reward:     5.09
Total T:   20499 | Ep:  968 | Steps:   19 | Reward:     4.93
Total T:   20516 | Ep:  969 | Steps:   17 | Reward:     3.43
Total T:   20531 | Ep:  970 | Steps:   15 | Reward:     2.78
Total T:   20552 | Ep:  971 | Steps:   21 | Reward:     5.22
Total T:   20562 | Ep:  972 | Steps:   10 | Reward:    -0.53
Total T:   20577 | Ep:  973 | Steps:   15 | Reward:    -1.43
Total T:   20596 | Ep:  974 | Steps:   19 | Reward:     9.99
Total T:   20625 | Ep:  975 | Steps:   29 | Reward:     4.07
Total T:   20661 | Ep:  976 | Steps:   36 | Reward:    -1.34
Total T:   20678 | Ep:  977 | Steps:   17 | Reward:     4.01
Total T:   20690 | Ep:  978 | Steps:   12 | Reward:     1.07
Total T:   20709 | Ep:  979 | Steps:   19 | Reward:     4.68
Total T:   20723 | Ep:  980 | Steps:   14 | Reward:     3.02
Total T:   20735 | Ep:  981 | Steps:   12 | Reward:    -0.47
Total T:   20744 | Ep:  982 | Steps:    9 | Reward:    -4.03
Total T:   20768 | Ep:  983 | Steps:   24 | Reward:     4.17
Total T:   20784 | Ep:  984 | Steps:   16 | Reward:    -5.98
Total T:   20797 | Ep:  985 | Steps:   13 | Reward:     0.30
Total T:   20828 | Ep:  986 | Steps:   31 | Reward:     0.88
Total T:   20842 | Ep:  987 | Steps:   14 | Reward:    -2.21
Total T:   20880 | Ep:  988 | Steps:   38 | Reward:    19.05
Total T:   20892 | Ep:  989 | Steps:   12 | Reward:    -0.32
Total T:   20909 | Ep:  990 | Steps:   17 | Reward:    -2.68
Total T:   20940 | Ep:  991 | Steps:   31 | Reward:     3.83
Total T:   20950 | Ep:  992 | Steps:   10 | Reward:    -5.03
Total T:   20979 | Ep:  993 | Steps:   29 | Reward:    18.85
Total T:   21021 | Ep:  994 | Steps:   42 | Reward:     8.05
Total T:   21039 | Ep:  995 | Steps:   18 | Reward:     1.45
Total T:   21061 | Ep:  996 | Steps:   22 | Reward:     7.11
Total T:   21085 | Ep:  997 | Steps:   24 | Reward:     7.93
Total T:   21108 | Ep:  998 | Steps:   23 | Reward:    -0.81
Total T:   21128 | Ep:  999 | Steps:   20 | Reward:     1.56
Total T:   21141 | Ep: 1000 | Steps:   13 | Reward:    -0.94
Total T:   21170 | Ep: 1001 | Steps:   29 | Reward:    -5.24
Total T:   21184 | Ep: 1002 | Steps:   14 | Reward:     4.70
Total T:   21213 | Ep: 1003 | Steps:   29 | Reward:     5.83
Total T:   21234 | Ep: 1004 | Steps:   21 | Reward:    -6.38
Total T:   21252 | Ep: 1005 | Steps:   18 | Reward:    -4.38
Total T:   21269 | Ep: 1006 | Steps:   17 | Reward:     6.12
Total T:   21288 | Ep: 1007 | Steps:   19 | Reward:    -9.00
Total T:   21312 | Ep: 1008 | Steps:   24 | Reward:     7.83
Total T:   21339 | Ep: 1009 | Steps:   27 | Reward:     5.76
Total T:   21354 | Ep: 1010 | Steps:   15 | Reward:     3.67
Total T:   21381 | Ep: 1011 | Steps:   27 | Reward:     2.65
Total T:   21409 | Ep: 1012 | Steps:   28 | Reward:     3.91
Total T:   21427 | Ep: 1013 | Steps:   18 | Reward:     4.22
Total T:   21444 | Ep: 1014 | Steps:   17 | Reward:     0.36
Total T:   21477 | Ep: 1015 | Steps:   33 | Reward:    24.55
Total T:   21509 | Ep: 1016 | Steps:   32 | Reward:     2.30
Total T:   21540 | Ep: 1017 | Steps:   31 | Reward:    16.96
Total T:   21561 | Ep: 1018 | Steps:   21 | Reward:    -1.52
Total T:   21588 | Ep: 1019 | Steps:   27 | Reward:     5.46
Total T:   21615 | Ep: 1020 | Steps:   27 | Reward:     5.63
Total T:   21626 | Ep: 1021 | Steps:   11 | Reward:    -3.62
Total T:   21646 | Ep: 1022 | Steps:   20 | Reward:     4.42
Total T:   21668 | Ep: 1023 | Steps:   22 | Reward:     3.79
Total T:   21697 | Ep: 1024 | Steps:   29 | Reward:     4.07
Total T:   21713 | Ep: 1025 | Steps:   16 | Reward:     6.10
Total T:   21724 | Ep: 1026 | Steps:   11 | Reward:    -1.89
Total T:   21760 | Ep: 1027 | Steps:   36 | Reward:    21.27
Total T:   21772 | Ep: 1028 | Steps:   12 | Reward:    -5.00
Total T:   21792 | Ep: 1029 | Steps:   20 | Reward:     1.81
Total T:   21811 | Ep: 1030 | Steps:   19 | Reward:     6.43
Total T:   21859 | Ep: 1031 | Steps:   48 | Reward:    24.55
Total T:   21880 | Ep: 1032 | Steps:   21 | Reward:     7.96
Total T:   21930 | Ep: 1033 | Steps:   50 | Reward:    20.36
Total T:   21946 | Ep: 1034 | Steps:   16 | Reward:    -2.43
Total T:   21961 | Ep: 1035 | Steps:   15 | Reward:     1.67
Total T:   21974 | Ep: 1036 | Steps:   13 | Reward:    -0.10
Total T:   22002 | Ep: 1037 | Steps:   28 | Reward:    -0.01
Total T:   22044 | Ep: 1038 | Steps:   42 | Reward:    11.67
Total T:   22073 | Ep: 1039 | Steps:   29 | Reward:     4.23
Total T:   22098 | Ep: 1040 | Steps:   25 | Reward:     3.34
Total T:   22112 | Ep: 1041 | Steps:   14 | Reward:    -0.94
Total T:   22134 | Ep: 1042 | Steps:   22 | Reward:     0.21
Total T:   22152 | Ep: 1043 | Steps:   18 | Reward:    -4.95
Total T:   22165 | Ep: 1044 | Steps:   13 | Reward:     3.13
Total T:   22181 | Ep: 1045 | Steps:   16 | Reward:    -1.38
Total T:   22199 | Ep: 1046 | Steps:   18 | Reward:    -0.10
Total T:   22219 | Ep: 1047 | Steps:   20 | Reward:     2.61
Total T:   22235 | Ep: 1048 | Steps:   16 | Reward:     3.89
Total T:   22255 | Ep: 1049 | Steps:   20 | Reward:    11.63
Total T:   22280 | Ep: 1050 | Steps:   25 | Reward:    11.14
Total T:   22303 | Ep: 1051 | Steps:   23 | Reward:    -1.39
Total T:   22324 | Ep: 1052 | Steps:   21 | Reward:    -0.80
Total T:   22335 | Ep: 1053 | Steps:   11 | Reward:    -1.85
Total T:   22351 | Ep: 1054 | Steps:   16 | Reward:    -4.16
Total T:   22365 | Ep: 1055 | Steps:   14 | Reward:    -3.90
Total T:   22378 | Ep: 1056 | Steps:   13 | Reward:    -1.79
Total T:   22399 | Ep: 1057 | Steps:   21 | Reward:     8.80
Total T:   22415 | Ep: 1058 | Steps:   16 | Reward:     1.51
Total T:   22433 | Ep: 1059 | Steps:   18 | Reward:     3.58
Total T:   22445 | Ep: 1060 | Steps:   12 | Reward:    -4.34
Total T:   22467 | Ep: 1061 | Steps:   22 | Reward:     4.75
Total T:   22499 | Ep: 1062 | Steps:   32 | Reward:     8.38
Total T:   22511 | Ep: 1063 | Steps:   12 | Reward:    -5.93
Total T:   22529 | Ep: 1064 | Steps:   18 | Reward:     3.59
Total T:   22544 | Ep: 1065 | Steps:   15 | Reward:    -0.38
Total T:   22574 | Ep: 1066 | Steps:   30 | Reward:     0.81
Total T:   22585 | Ep: 1067 | Steps:   11 | Reward:     0.97
Total T:   22606 | Ep: 1068 | Steps:   21 | Reward:     6.61
Total T:   22619 | Ep: 1069 | Steps:   13 | Reward:     1.22
Total T:   22634 | Ep: 1070 | Steps:   15 | Reward:     2.44
Total T:   22653 | Ep: 1071 | Steps:   19 | Reward:     6.33
Total T:   22684 | Ep: 1072 | Steps:   31 | Reward:    -6.04
Total T:   22695 | Ep: 1073 | Steps:   11 | Reward:     0.14
Total T:   22710 | Ep: 1074 | Steps:   15 | Reward:     1.72
Total T:   22724 | Ep: 1075 | Steps:   14 | Reward:     1.28
Total T:   22753 | Ep: 1076 | Steps:   29 | Reward:    10.53
Total T:   22780 | Ep: 1077 | Steps:   27 | Reward:     5.65
Total T:   22805 | Ep: 1078 | Steps:   25 | Reward:    -2.22
Total T:   22827 | Ep: 1079 | Steps:   22 | Reward:     7.69
Total T:   22847 | Ep: 1080 | Steps:   20 | Reward:     3.70
Total T:   22857 | Ep: 1081 | Steps:   10 | Reward:     0.32
Total T:   22886 | Ep: 1082 | Steps:   29 | Reward:    -2.71
Total T:   22903 | Ep: 1083 | Steps:   17 | Reward:     0.55
Total T:   22918 | Ep: 1084 | Steps:   15 | Reward:     4.69
Total T:   22942 | Ep: 1085 | Steps:   24 | Reward:     1.76
Total T:   22973 | Ep: 1086 | Steps:   31 | Reward:     9.50
Total T:   22991 | Ep: 1087 | Steps:   18 | Reward:    -8.10
Total T:   23007 | Ep: 1088 | Steps:   16 | Reward:    -3.07
Total T:   23033 | Ep: 1089 | Steps:   26 | Reward:    -5.64
Total T:   23047 | Ep: 1090 | Steps:   14 | Reward:     2.89
Total T:   23082 | Ep: 1091 | Steps:   35 | Reward:    10.40
Total T:   23102 | Ep: 1092 | Steps:   20 | Reward:     6.86
Total T:   23116 | Ep: 1093 | Steps:   14 | Reward:     2.82
Total T:   23131 | Ep: 1094 | Steps:   15 | Reward:    -5.22
Total T:   23141 | Ep: 1095 | Steps:   10 | Reward:    -1.27
Total T:   23155 | Ep: 1096 | Steps:   14 | Reward:    -3.61
Total T:   23174 | Ep: 1097 | Steps:   19 | Reward:     3.45
Total T:   23198 | Ep: 1098 | Steps:   24 | Reward:    -5.50
Total T:   23210 | Ep: 1099 | Steps:   12 | Reward:     1.08
Total T:   23220 | Ep: 1100 | Steps:   10 | Reward:    -0.56
Total T:   23233 | Ep: 1101 | Steps:   13 | Reward:     2.53
Total T:   23262 | Ep: 1102 | Steps:   29 | Reward:    10.68
Total T:   23274 | Ep: 1103 | Steps:   12 | Reward:     0.16
Total T:   23289 | Ep: 1104 | Steps:   15 | Reward:    -1.02
Total T:   23303 | Ep: 1105 | Steps:   14 | Reward:     0.05
Total T:   23350 | Ep: 1106 | Steps:   47 | Reward:    14.02
Total T:   23359 | Ep: 1107 | Steps:    9 | Reward:    -3.68
Total T:   23369 | Ep: 1108 | Steps:   10 | Reward:    -0.12
Total T:   23392 | Ep: 1109 | Steps:   23 | Reward:     1.28
Total T:   23414 | Ep: 1110 | Steps:   22 | Reward:     5.86
Total T:   23463 | Ep: 1111 | Steps:   49 | Reward:     0.80
Total T:   23496 | Ep: 1112 | Steps:   33 | Reward:    13.35
Total T:   23507 | Ep: 1113 | Steps:   11 | Reward:     0.33
Total T:   23526 | Ep: 1114 | Steps:   19 | Reward:     0.66
Total T:   23541 | Ep: 1115 | Steps:   15 | Reward:    -3.97
Total T:   23559 | Ep: 1116 | Steps:   18 | Reward:    -6.29
Total T:   23578 | Ep: 1117 | Steps:   19 | Reward:     4.04
Total T:   23589 | Ep: 1118 | Steps:   11 | Reward:    -1.25
Total T:   23608 | Ep: 1119 | Steps:   19 | Reward:     3.55
Total T:   23632 | Ep: 1120 | Steps:   24 | Reward:     5.97
Total T:   23681 | Ep: 1121 | Steps:   49 | Reward:    13.19
Total T:   23698 | Ep: 1122 | Steps:   17 | Reward:    -0.38
Total T:   23719 | Ep: 1123 | Steps:   21 | Reward:     5.94
Total T:   23746 | Ep: 1124 | Steps:   27 | Reward:    -9.34
Total T:   23758 | Ep: 1125 | Steps:   12 | Reward:    -2.98
Total T:   23778 | Ep: 1126 | Steps:   20 | Reward:     6.50
Total T:   23785 | Ep: 1127 | Steps:    7 | Reward:    -3.28
Total T:   23805 | Ep: 1128 | Steps:   20 | Reward:    -3.08
Total T:   23818 | Ep: 1129 | Steps:   13 | Reward:     2.08
Total T:   23829 | Ep: 1130 | Steps:   11 | Reward:    -1.58
Total T:   23856 | Ep: 1131 | Steps:   27 | Reward:    -0.40
Total T:   23889 | Ep: 1132 | Steps:   33 | Reward:    13.04
Total T:   23901 | Ep: 1133 | Steps:   12 | Reward:     1.53
Total T:   23924 | Ep: 1134 | Steps:   23 | Reward:     4.53
Total T:   23937 | Ep: 1135 | Steps:   13 | Reward:     2.31
Total T:   23951 | Ep: 1136 | Steps:   14 | Reward:    -3.90
Total T:   23987 | Ep: 1137 | Steps:   36 | Reward:     8.12
Total T:   24001 | Ep: 1138 | Steps:   14 | Reward:     3.92
Total T:   24019 | Ep: 1139 | Steps:   18 | Reward:    -0.30
Total T:   24033 | Ep: 1140 | Steps:   14 | Reward:    -0.11
Total T:   24053 | Ep: 1141 | Steps:   20 | Reward:    -2.67
Total T:   24068 | Ep: 1142 | Steps:   15 | Reward:    -0.58
Total T:   24094 | Ep: 1143 | Steps:   26 | Reward:    12.97
Total T:   24106 | Ep: 1144 | Steps:   12 | Reward:     1.54
Total T:   24125 | Ep: 1145 | Steps:   19 | Reward:     0.66
Total T:   24171 | Ep: 1146 | Steps:   46 | Reward:    -3.02
Total T:   24199 | Ep: 1147 | Steps:   28 | Reward:    12.61
Total T:   24216 | Ep: 1148 | Steps:   17 | Reward:    -0.75
Total T:   24233 | Ep: 1149 | Steps:   17 | Reward:     0.02
Total T:   24269 | Ep: 1150 | Steps:   36 | Reward:    24.77
Total T:   24285 | Ep: 1151 | Steps:   16 | Reward:    -5.99
Total T:   24303 | Ep: 1152 | Steps:   18 | Reward:     0.22
Total T:   24319 | Ep: 1153 | Steps:   16 | Reward:    -2.73
Total T:   24329 | Ep: 1154 | Steps:   10 | Reward:     1.21
Total T:   24355 | Ep: 1155 | Steps:   26 | Reward:     3.45
Total T:   24368 | Ep: 1156 | Steps:   13 | Reward:     1.21
Total T:   24380 | Ep: 1157 | Steps:   12 | Reward:     0.10
Total T:   24394 | Ep: 1158 | Steps:   14 | Reward:    -2.31
Total T:   24428 | Ep: 1159 | Steps:   34 | Reward:     9.79
Total T:   24457 | Ep: 1160 | Steps:   29 | Reward:     5.49
Total T:   24480 | Ep: 1161 | Steps:   23 | Reward:    -1.96
Total T:   24494 | Ep: 1162 | Steps:   14 | Reward:     0.93
Total T:   24530 | Ep: 1163 | Steps:   36 | Reward:    10.89
Total T:   24545 | Ep: 1164 | Steps:   15 | Reward:    -5.42
Total T:   24561 | Ep: 1165 | Steps:   16 | Reward:     0.08
Total T:   24575 | Ep: 1166 | Steps:   14 | Reward:     0.36
Total T:   24592 | Ep: 1167 | Steps:   17 | Reward:     5.54
Total T:   24614 | Ep: 1168 | Steps:   22 | Reward:     5.46
Total T:   24625 | Ep: 1169 | Steps:   11 | Reward:    -2.51
Total T:   24636 | Ep: 1170 | Steps:   11 | Reward:    -4.20
Total T:   24654 | Ep: 1171 | Steps:   18 | Reward:     7.93
Total T:   24721 | Ep: 1172 | Steps:   67 | Reward:    36.36
Total T:   24735 | Ep: 1173 | Steps:   14 | Reward:     1.57
Total T:   24752 | Ep: 1174 | Steps:   17 | Reward:    -1.62
Total T:   24790 | Ep: 1175 | Steps:   38 | Reward:    18.29
Total T:   24805 | Ep: 1176 | Steps:   15 | Reward:     2.02
Total T:   24825 | Ep: 1177 | Steps:   20 | Reward:     0.21
Total T:   24845 | Ep: 1178 | Steps:   20 | Reward:    -4.48
Total T:   24865 | Ep: 1179 | Steps:   20 | Reward:     4.45
Total T:   24881 | Ep: 1180 | Steps:   16 | Reward:     2.37
Total T:   24894 | Ep: 1181 | Steps:   13 | Reward:    -2.92
Total T:   24904 | Ep: 1182 | Steps:   10 | Reward:    -1.90
Total T:   24923 | Ep: 1183 | Steps:   19 | Reward:    -1.67
Total T:   24935 | Ep: 1184 | Steps:   12 | Reward:    -0.34
Total T:   24949 | Ep: 1185 | Steps:   14 | Reward:    -6.52
Total T:   24960 | Ep: 1186 | Steps:   11 | Reward:    -2.30
Total T:   24978 | Ep: 1187 | Steps:   18 | Reward:    -3.97
Total T:   24995 | Ep: 1188 | Steps:   17 | Reward:     4.29
Total T:   25013 | Ep: 1189 | Steps:   18 | Reward:     1.98
Total T:   25029 | Ep: 1190 | Steps:   16 | Reward:    -6.39
Total T:   25053 | Ep: 1191 | Steps:   24 | Reward:    -6.50
Total T:   25197 | Ep: 1192 | Steps:  144 | Reward:    22.63
Total T:   25375 | Ep: 1193 | Steps:  178 | Reward:    66.71
Total T:   25574 | Ep: 1194 | Steps:  199 | Reward:    85.46
Total T:   25866 | Ep: 1195 | Steps:  292 | Reward:   177.33
Total T:   25965 | Ep: 1196 | Steps:   99 | Reward:     5.81
Total T:   26032 | Ep: 1197 | Steps:   67 | Reward:    -6.35
Total T:   26098 | Ep: 1198 | Steps:   66 | Reward:    -8.39
Total T:   26243 | Ep: 1199 | Steps:  145 | Reward:   -29.17
Total T:   26467 | Ep: 1200 | Steps:  224 | Reward:   110.25
Total T:   26655 | Ep: 1201 | Steps:  188 | Reward:    84.20
Total T:   26723 | Ep: 1202 | Steps:   68 | Reward:    75.42
Total T:   26781 | Ep: 1203 | Steps:   58 | Reward:    55.71
Total T:   26841 | Ep: 1204 | Steps:   60 | Reward:    63.88
Total T:   26900 | Ep: 1205 | Steps:   59 | Reward:    55.37
Total T:   26961 | Ep: 1206 | Steps:   61 | Reward:    44.75
Total T:   27047 | Ep: 1207 | Steps:   86 | Reward:    93.55
Total T:   27119 | Ep: 1208 | Steps:   72 | Reward:    51.11
Total T:   27302 | Ep: 1209 | Steps:  183 | Reward:   353.68
Total T:   27481 | Ep: 1210 | Steps:  179 | Reward:   234.50
Total T:   27555 | Ep: 1211 | Steps:   74 | Reward:    82.33
Total T:   28146 | Ep: 1212 | Steps:  591 | Reward:   591.62
Total T:   28380 | Ep: 1213 | Steps:  234 | Reward:   150.88
Total T:   28433 | Ep: 1214 | Steps:   53 | Reward:    -3.68
Total T:   28477 | Ep: 1215 | Steps:   44 | Reward:    -8.87
Total T:   28539 | Ep: 1216 | Steps:   62 | Reward:    -4.17
Total T:   28585 | Ep: 1217 | Steps:   46 | Reward:    -9.69
Total T:   28631 | Ep: 1218 | Steps:   46 | Reward:   -11.57
Total T:   28692 | Ep: 1219 | Steps:   61 | Reward:    -6.14
Total T:   28750 | Ep: 1220 | Steps:   58 | Reward:    -6.75
Total T:   28809 | Ep: 1221 | Steps:   59 | Reward:    -6.20
Total T:   28864 | Ep: 1222 | Steps:   55 | Reward:    -9.29
Total T:   28922 | Ep: 1223 | Steps:   58 | Reward:    -7.30
Total T:   28978 | Ep: 1224 | Steps:   56 | Reward:    -9.74
Total T:   29033 | Ep: 1225 | Steps:   55 | Reward:    -9.50
Total T:   29088 | Ep: 1226 | Steps:   55 | Reward:    -9.20
Total T:   29129 | Ep: 1227 | Steps:   41 | Reward:   -13.40
Total T:   29180 | Ep: 1228 | Steps:   51 | Reward:   -11.30
Total T:   29235 | Ep: 1229 | Steps:   55 | Reward:    -9.51
Total T:   29288 | Ep: 1230 | Steps:   53 | Reward:   -11.44
Total T:   29341 | Ep: 1231 | Steps:   53 | Reward:   -11.53
Total T:   29404 | Ep: 1232 | Steps:   63 | Reward:    -6.64
Total T:   29488 | Ep: 1233 | Steps:   84 | Reward:   -36.49
Total T:   29550 | Ep: 1234 | Steps:   62 | Reward:   -10.93
Total T:   29621 | Ep: 1235 | Steps:   71 | Reward:   -28.77
Total T:   29742 | Ep: 1236 | Steps:  121 | Reward:   -10.79
Total T:   29864 | Ep: 1237 | Steps:  122 | Reward:   217.55
---------------------------------------
Evaluation over 10 episodes: 197.328
---------------------------------------
Total T:   30013 | Ep: 1238 | Steps:  149 | Reward:   259.88
Total T:   30144 | Ep: 1239 | Steps:  131 | Reward:   246.25
Total T:   30284 | Ep: 1240 | Steps:  140 | Reward:   228.42
Total T:   30406 | Ep: 1241 | Steps:  122 | Reward:   219.07
Total T:   30646 | Ep: 1242 | Steps:  240 | Reward:   320.35
Total T:   31646 | Ep: 1243 | Steps: 1000 | Reward:   832.21
Total T:   31835 | Ep: 1244 | Steps:  189 | Reward:   304.67
Total T:   32054 | Ep: 1245 | Steps:  219 | Reward:   330.27
Total T:   32333 | Ep: 1246 | Steps:  279 | Reward:   147.30
Total T:   32696 | Ep: 1247 | Steps:  363 | Reward:   222.46
Total T:   32897 | Ep: 1248 | Steps:  201 | Reward:    44.13
Total T:   33022 | Ep: 1249 | Steps:  125 | Reward:    13.84
Total T:   33379 | Ep: 1250 | Steps:  357 | Reward:   195.65
Total T:   33598 | Ep: 1251 | Steps:  219 | Reward:   331.17
Total T:   33772 | Ep: 1252 | Steps:  174 | Reward:   283.82
Total T:   34014 | Ep: 1253 | Steps:  242 | Reward:   342.40
Total T:   34208 | Ep: 1254 | Steps:  194 | Reward:   285.33
Total T:   34330 | Ep: 1255 | Steps:  122 | Reward:   209.08
Total T:   34481 | Ep: 1256 | Steps:  151 | Reward:   275.89
Total T:   34728 | Ep: 1257 | Steps:  247 | Reward:   199.77
Total T:   34846 | Ep: 1258 | Steps:  118 | Reward:   195.07
Total T:   34980 | Ep: 1259 | Steps:  134 | Reward:   251.04
Total T:   35096 | Ep: 1260 | Steps:  116 | Reward:   216.65
Total T:   35197 | Ep: 1261 | Steps:  101 | Reward:   197.77
Total T:   35293 | Ep: 1262 | Steps:   96 | Reward:   181.29
Total T:   35373 | Ep: 1263 | Steps:   80 | Reward:   154.59
Total T:   35516 | Ep: 1264 | Steps:  143 | Reward:   235.76
Total T:   35618 | Ep: 1265 | Steps:  102 | Reward:   188.21
Total T:   35808 | Ep: 1266 | Steps:  190 | Reward:   298.39
Total T:   35940 | Ep: 1267 | Steps:  132 | Reward:    95.06
Total T:   36095 | Ep: 1268 | Steps:  155 | Reward:    92.16
Total T:   36423 | Ep: 1269 | Steps:  328 | Reward:   266.90
Total T:   36553 | Ep: 1270 | Steps:  130 | Reward:   202.79
Total T:   36709 | Ep: 1271 | Steps:  156 | Reward:   258.47
Total T:   36956 | Ep: 1272 | Steps:  247 | Reward:   154.60
Total T:   37118 | Ep: 1273 | Steps:  162 | Reward:   114.77
Total T:   37366 | Ep: 1274 | Steps:  248 | Reward:   154.09
Total T:   37563 | Ep: 1275 | Steps:  197 | Reward:   125.25
Total T:   37685 | Ep: 1276 | Steps:  122 | Reward:    46.19
Total T:   37900 | Ep: 1277 | Steps:  215 | Reward:   159.03
Total T:   38171 | Ep: 1278 | Steps:  271 | Reward:   386.33
Total T:   38425 | Ep: 1279 | Steps:  254 | Reward:   374.29
Total T:   38607 | Ep: 1280 | Steps:  182 | Reward:    99.71
Total T:   38746 | Ep: 1281 | Steps:  139 | Reward:   220.76
Total T:   38975 | Ep: 1282 | Steps:  229 | Reward:   314.59
Total T:   39774 | Ep: 1283 | Steps:  799 | Reward:   561.90
Total T:   39910 | Ep: 1284 | Steps:  136 | Reward:   225.62
---------------------------------------
Evaluation over 10 episodes: 256.005
---------------------------------------
Total T:   40035 | Ep: 1285 | Steps:  125 | Reward:   208.03
Total T:   40164 | Ep: 1286 | Steps:  129 | Reward:   223.75
Total T:   40307 | Ep: 1287 | Steps:  143 | Reward:   207.80
Total T:   40492 | Ep: 1288 | Steps:  185 | Reward:    46.81
Total T:   40623 | Ep: 1289 | Steps:  131 | Reward:   199.33
Total T:   40764 | Ep: 1290 | Steps:  141 | Reward:   245.08
Total T:   40886 | Ep: 1291 | Steps:  122 | Reward:   174.63
Total T:   41101 | Ep: 1292 | Steps:  215 | Reward:   275.68
Total T:   41228 | Ep: 1293 | Steps:  127 | Reward:   154.99
Total T:   41334 | Ep: 1294 | Steps:  106 | Reward:   176.46
Total T:   41558 | Ep: 1295 | Steps:  224 | Reward:   322.88
Total T:   41698 | Ep: 1296 | Steps:  140 | Reward:   207.38
Total T:   41839 | Ep: 1297 | Steps:  141 | Reward:   213.82
Total T:   41962 | Ep: 1298 | Steps:  123 | Reward:   184.87
Total T:   42154 | Ep: 1299 | Steps:  192 | Reward:    73.83
Total T:   43154 | Ep: 1300 | Steps: 1000 | Reward:   830.72
Total T:   43265 | Ep: 1301 | Steps:  111 | Reward:   129.52
Total T:   43561 | Ep: 1302 | Steps:  296 | Reward:   349.34
Total T:   43768 | Ep: 1303 | Steps:  207 | Reward:   246.29
Total T:   43907 | Ep: 1304 | Steps:  139 | Reward:   228.44
Total T:   44178 | Ep: 1305 | Steps:  271 | Reward:   345.20
Total T:   44442 | Ep: 1306 | Steps:  264 | Reward:   303.48
Total T:   44690 | Ep: 1307 | Steps:  248 | Reward:   344.17
Total T:   44913 | Ep: 1308 | Steps:  223 | Reward:   344.76
Total T:   45035 | Ep: 1309 | Steps:  122 | Reward:   206.42
Total T:   45316 | Ep: 1310 | Steps:  281 | Reward:   315.07
Total T:   45418 | Ep: 1311 | Steps:  102 | Reward:   177.23
Total T:   45556 | Ep: 1312 | Steps:  138 | Reward:   233.32
Total T:   45734 | Ep: 1313 | Steps:  178 | Reward:   286.10
Total T:   45858 | Ep: 1314 | Steps:  124 | Reward:   203.13
Total T:   45985 | Ep: 1315 | Steps:  127 | Reward:   189.90
Total T:   46045 | Ep: 1316 | Steps:   60 | Reward:    83.79
Total T:   46103 | Ep: 1317 | Steps:   58 | Reward:    87.48
Total T:   46299 | Ep: 1318 | Steps:  196 | Reward:   308.00
Total T:   46437 | Ep: 1319 | Steps:  138 | Reward:   200.25
Total T:   46527 | Ep: 1320 | Steps:   90 | Reward:   163.88
Total T:   46762 | Ep: 1321 | Steps:  235 | Reward:   142.60
Total T:   46952 | Ep: 1322 | Steps:  190 | Reward:   280.19
Total T:   47134 | Ep: 1323 | Steps:  182 | Reward:   274.13
Total T:   47362 | Ep: 1324 | Steps:  228 | Reward:   320.83
Total T:   48362 | Ep: 1325 | Steps: 1000 | Reward:  1035.22
Total T:   49362 | Ep: 1326 | Steps: 1000 | Reward:   997.47
---------------------------------------
Evaluation over 10 episodes: 184.960
---------------------------------------
Total T:   50362 | Ep: 1327 | Steps: 1000 | Reward:  1001.55
Total T:   50500 | Ep: 1328 | Steps:  138 | Reward:   188.42
Total T:   50653 | Ep: 1329 | Steps:  153 | Reward:   215.70
Total T:   50841 | Ep: 1330 | Steps:  188 | Reward:   297.12
Total T:   51015 | Ep: 1331 | Steps:  174 | Reward:   262.04
Total T:   51166 | Ep: 1332 | Steps:  151 | Reward:   242.74
Total T:   51232 | Ep: 1333 | Steps:   66 | Reward:    94.20
Total T:   51446 | Ep: 1334 | Steps:  214 | Reward:   342.58
Total T:   51565 | Ep: 1335 | Steps:  119 | Reward:    20.43
Total T:   52065 | Ep: 1336 | Steps:  500 | Reward:   718.31
Total T:   52237 | Ep: 1337 | Steps:  172 | Reward:    53.72
Total T:   52321 | Ep: 1338 | Steps:   84 | Reward:   134.29
Total T:   52546 | Ep: 1339 | Steps:  225 | Reward:   -33.58
Total T:   52669 | Ep: 1340 | Steps:  123 | Reward:   199.29
Total T:   52797 | Ep: 1341 | Steps:  128 | Reward:   221.11
Total T:   52904 | Ep: 1342 | Steps:  107 | Reward:   158.65
Total T:   53002 | Ep: 1343 | Steps:   98 | Reward:   133.11
Total T:   53159 | Ep: 1344 | Steps:  157 | Reward:   208.33
Total T:   53275 | Ep: 1345 | Steps:  116 | Reward:   218.55
Total T:   53645 | Ep: 1346 | Steps:  370 | Reward:   496.91
Total T:   54111 | Ep: 1347 | Steps:  466 | Reward:   338.53
Total T:   54333 | Ep: 1348 | Steps:  222 | Reward:    79.32
Total T:   54406 | Ep: 1349 | Steps:   73 | Reward:   128.50
Total T:   54608 | Ep: 1350 | Steps:  202 | Reward:   137.46
Total T:   54781 | Ep: 1351 | Steps:  173 | Reward:   299.41
Total T:   55123 | Ep: 1352 | Steps:  342 | Reward:   421.41
Total T:   55253 | Ep: 1353 | Steps:  130 | Reward:   245.61
Total T:   55458 | Ep: 1354 | Steps:  205 | Reward:   240.85
Total T:   55646 | Ep: 1355 | Steps:  188 | Reward:   280.66
Total T:   55771 | Ep: 1356 | Steps:  125 | Reward:   176.28
Total T:   55973 | Ep: 1357 | Steps:  202 | Reward:   318.99
Total T:   56021 | Ep: 1358 | Steps:   48 | Reward:     9.50
Total T:   56189 | Ep: 1359 | Steps:  168 | Reward:   270.15
Total T:   56295 | Ep: 1360 | Steps:  106 | Reward:    -0.67
Total T:   56417 | Ep: 1361 | Steps:  122 | Reward:   154.99
Total T:   56519 | Ep: 1362 | Steps:  102 | Reward:   144.72
Total T:   56764 | Ep: 1363 | Steps:  245 | Reward:   295.20
Total T:   56961 | Ep: 1364 | Steps:  197 | Reward:   258.51
Total T:   57099 | Ep: 1365 | Steps:  138 | Reward:   236.02
Total T:   57365 | Ep: 1366 | Steps:  266 | Reward:   366.01
Total T:   57549 | Ep: 1367 | Steps:  184 | Reward:   251.90
Total T:   57694 | Ep: 1368 | Steps:  145 | Reward:   224.07
Total T:   57846 | Ep: 1369 | Steps:  152 | Reward:   239.46
Total T:   57946 | Ep: 1370 | Steps:  100 | Reward:   161.62
Total T:   58104 | Ep: 1371 | Steps:  158 | Reward:   234.63
Total T:   58216 | Ep: 1372 | Steps:  112 | Reward:   171.76
Total T:   58446 | Ep: 1373 | Steps:  230 | Reward:   313.94
Total T:   58647 | Ep: 1374 | Steps:  201 | Reward:   323.80
Total T:   58986 | Ep: 1375 | Steps:  339 | Reward:   494.11
Total T:   59322 | Ep: 1376 | Steps:  336 | Reward:   259.39
Total T:   59450 | Ep: 1377 | Steps:  128 | Reward:   176.90
Total T:   59862 | Ep: 1378 | Steps:  412 | Reward:   488.38
---------------------------------------
Evaluation over 10 episodes: 315.869
---------------------------------------
Total T:   60862 | Ep: 1379 | Steps: 1000 | Reward:   911.08
Total T:   61081 | Ep: 1380 | Steps:  219 | Reward:   347.63
Total T:   61259 | Ep: 1381 | Steps:  178 | Reward:   283.98
Total T:   61623 | Ep: 1382 | Steps:  364 | Reward:   476.40
Total T:   61925 | Ep: 1383 | Steps:  302 | Reward:   417.32
Total T:   62096 | Ep: 1384 | Steps:  171 | Reward:   293.00
Total T:   62260 | Ep: 1385 | Steps:  164 | Reward:   273.97
Total T:   62405 | Ep: 1386 | Steps:  145 | Reward:   258.26
Total T:   62536 | Ep: 1387 | Steps:  131 | Reward:   221.58
Total T:   62727 | Ep: 1388 | Steps:  191 | Reward:   305.15
Total T:   63046 | Ep: 1389 | Steps:  319 | Reward:   451.55
Total T:   63233 | Ep: 1390 | Steps:  187 | Reward:   381.27
Total T:   63420 | Ep: 1391 | Steps:  187 | Reward:   320.17
Total T:   63575 | Ep: 1392 | Steps:  155 | Reward:   255.07
Total T:   63913 | Ep: 1393 | Steps:  338 | Reward:   432.86
Total T:   64191 | Ep: 1394 | Steps:  278 | Reward:   394.16
Total T:   64371 | Ep: 1395 | Steps:  180 | Reward:   322.49
Total T:   64464 | Ep: 1396 | Steps:   93 | Reward:   140.84
Total T:   64646 | Ep: 1397 | Steps:  182 | Reward:   342.69
Total T:   64850 | Ep: 1398 | Steps:  204 | Reward:   328.92
Total T:   65115 | Ep: 1399 | Steps:  265 | Reward:   423.82
Total T:   65290 | Ep: 1400 | Steps:  175 | Reward:   330.90
Total T:   65509 | Ep: 1401 | Steps:  219 | Reward:   341.92
Total T:   65611 | Ep: 1402 | Steps:  102 | Reward:   151.14
Total T:   65773 | Ep: 1403 | Steps:  162 | Reward:   291.97
Total T:   66255 | Ep: 1404 | Steps:  482 | Reward:   313.56
Total T:   66467 | Ep: 1405 | Steps:  212 | Reward:   232.11
Total T:   66699 | Ep: 1406 | Steps:  232 | Reward:   395.07
Total T:   66804 | Ep: 1407 | Steps:  105 | Reward:    22.64
Total T:   67095 | Ep: 1408 | Steps:  291 | Reward:   367.08
Total T:   67293 | Ep: 1409 | Steps:  198 | Reward:   317.62
Total T:   67461 | Ep: 1410 | Steps:  168 | Reward:   316.06
Total T:   67780 | Ep: 1411 | Steps:  319 | Reward:   324.21
Total T:   67937 | Ep: 1412 | Steps:  157 | Reward:   285.47
Total T:   68104 | Ep: 1413 | Steps:  167 | Reward:   303.96
Total T:   68280 | Ep: 1414 | Steps:  176 | Reward:   356.79
Total T:   68484 | Ep: 1415 | Steps:  204 | Reward:   401.43
Total T:   68594 | Ep: 1416 | Steps:  110 | Reward:   222.32
Total T:   68738 | Ep: 1417 | Steps:  144 | Reward:   239.29
Total T:   68906 | Ep: 1418 | Steps:  168 | Reward:   320.75
Total T:   68985 | Ep: 1419 | Steps:   79 | Reward:   123.34
Total T:   69137 | Ep: 1420 | Steps:  152 | Reward:   262.51
Total T:   69247 | Ep: 1421 | Steps:  110 | Reward:   209.15
Total T:   69443 | Ep: 1422 | Steps:  196 | Reward:   322.05
Total T:   69612 | Ep: 1423 | Steps:  169 | Reward:   325.16
Total T:   69716 | Ep: 1424 | Steps:  104 | Reward:   188.13
Total T:   69887 | Ep: 1425 | Steps:  171 | Reward:   384.48
---------------------------------------
Evaluation over 10 episodes: 285.201
---------------------------------------
Total T:   70079 | Ep: 1426 | Steps:  192 | Reward:   315.08
Total T:   70232 | Ep: 1427 | Steps:  153 | Reward:   323.86
Total T:   70368 | Ep: 1428 | Steps:  136 | Reward:   285.39
Total T:   70508 | Ep: 1429 | Steps:  140 | Reward:   286.86
Total T:   70615 | Ep: 1430 | Steps:  107 | Reward:   173.88
Total T:   70749 | Ep: 1431 | Steps:  134 | Reward:   262.36
Total T:   70925 | Ep: 1432 | Steps:  176 | Reward:   297.50
Total T:   71002 | Ep: 1433 | Steps:   77 | Reward:   130.95
Total T:   71211 | Ep: 1434 | Steps:  209 | Reward:   385.34
Total T:   71381 | Ep: 1435 | Steps:  170 | Reward:   311.16
Total T:   71597 | Ep: 1436 | Steps:  216 | Reward:   386.42
Total T:   71724 | Ep: 1437 | Steps:  127 | Reward:   243.34
Total T:   71971 | Ep: 1438 | Steps:  247 | Reward:   413.29
Total T:   72083 | Ep: 1439 | Steps:  112 | Reward:   217.64
Total T:   72244 | Ep: 1440 | Steps:  161 | Reward:   316.12
Total T:   72424 | Ep: 1441 | Steps:  180 | Reward:   310.80
Total T:   72546 | Ep: 1442 | Steps:  122 | Reward:   207.78
Total T:   72715 | Ep: 1443 | Steps:  169 | Reward:   343.21
Total T:   72854 | Ep: 1444 | Steps:  139 | Reward:   258.49
Total T:   73034 | Ep: 1445 | Steps:  180 | Reward:   340.77
Total T:   73352 | Ep: 1446 | Steps:  318 | Reward:   486.43
Total T:   73470 | Ep: 1447 | Steps:  118 | Reward:   212.93
Total T:   73673 | Ep: 1448 | Steps:  203 | Reward:   366.54
Total T:   73851 | Ep: 1449 | Steps:  178 | Reward:   354.84
Total T:   73994 | Ep: 1450 | Steps:  143 | Reward:   267.70
Total T:   74194 | Ep: 1451 | Steps:  200 | Reward:   379.56
Total T:   74336 | Ep: 1452 | Steps:  142 | Reward:   275.38
Total T:   74515 | Ep: 1453 | Steps:  179 | Reward:   308.30
Total T:   74678 | Ep: 1454 | Steps:  163 | Reward:   311.96
Total T:   74828 | Ep: 1455 | Steps:  150 | Reward:   299.75
Total T:   74939 | Ep: 1456 | Steps:  111 | Reward:   202.77
Total T:   75102 | Ep: 1457 | Steps:  163 | Reward:   278.68
Total T:   75265 | Ep: 1458 | Steps:  163 | Reward:   304.83
Total T:   75391 | Ep: 1459 | Steps:  126 | Reward:   226.67
Total T:   75551 | Ep: 1460 | Steps:  160 | Reward:   317.97
Total T:   75810 | Ep: 1461 | Steps:  259 | Reward:   331.26
Total T:   76035 | Ep: 1462 | Steps:  225 | Reward:   398.71
Total T:   76190 | Ep: 1463 | Steps:  155 | Reward:   288.20
Total T:   76320 | Ep: 1464 | Steps:  130 | Reward:   205.86
Total T:   76526 | Ep: 1465 | Steps:  206 | Reward:   385.42
Total T:   76732 | Ep: 1466 | Steps:  206 | Reward:   339.31
Total T:   76890 | Ep: 1467 | Steps:  158 | Reward:   286.58
Total T:   77004 | Ep: 1468 | Steps:  114 | Reward:   217.29
Total T:   77213 | Ep: 1469 | Steps:  209 | Reward:   427.89
Total T:   77497 | Ep: 1470 | Steps:  284 | Reward:   394.25
Total T:   77725 | Ep: 1471 | Steps:  228 | Reward:   345.68
Total T:   77876 | Ep: 1472 | Steps:  151 | Reward:   291.47
Total T:   78064 | Ep: 1473 | Steps:  188 | Reward:   334.62
Total T:   78373 | Ep: 1474 | Steps:  309 | Reward:   413.42
Total T:   78622 | Ep: 1475 | Steps:  249 | Reward:   409.81
Total T:   78798 | Ep: 1476 | Steps:  176 | Reward:   416.95
Total T:   78927 | Ep: 1477 | Steps:  129 | Reward:   247.24
Total T:   79119 | Ep: 1478 | Steps:  192 | Reward:   322.45
Total T:   79235 | Ep: 1479 | Steps:  116 | Reward:    26.70
Total T:   79405 | Ep: 1480 | Steps:  170 | Reward:   326.86
Total T:   79547 | Ep: 1481 | Steps:  142 | Reward:   244.87
Total T:   79745 | Ep: 1482 | Steps:  198 | Reward:   395.07
Total T:   79866 | Ep: 1483 | Steps:  121 | Reward:   218.99
---------------------------------------
Evaluation over 10 episodes: 320.904
---------------------------------------
Total T:   80146 | Ep: 1484 | Steps:  280 | Reward:   443.17
Total T:   80355 | Ep: 1485 | Steps:  209 | Reward:   377.61
Total T:   80520 | Ep: 1486 | Steps:  165 | Reward:   287.71
Total T:   80697 | Ep: 1487 | Steps:  177 | Reward:   313.39
Total T:   80930 | Ep: 1488 | Steps:  233 | Reward:   406.72
Total T:   81022 | Ep: 1489 | Steps:   92 | Reward:    37.77
Total T:   81172 | Ep: 1490 | Steps:  150 | Reward:   267.42
Total T:   81328 | Ep: 1491 | Steps:  156 | Reward:   284.44
Total T:   81480 | Ep: 1492 | Steps:  152 | Reward:   242.69
Total T:   81655 | Ep: 1493 | Steps:  175 | Reward:   317.28
Total T:   81915 | Ep: 1494 | Steps:  260 | Reward:   431.36
Total T:   82095 | Ep: 1495 | Steps:  180 | Reward:   299.89
Total T:   82309 | Ep: 1496 | Steps:  214 | Reward:   379.25
Total T:   82912 | Ep: 1497 | Steps:  603 | Reward:   881.19
Total T:   83265 | Ep: 1498 | Steps:  353 | Reward:   187.46
Total T:   83500 | Ep: 1499 | Steps:  235 | Reward:    83.50
Total T:   83692 | Ep: 1500 | Steps:  192 | Reward:   343.77
Total T:   83865 | Ep: 1501 | Steps:  173 | Reward:   268.85
Total T:   84052 | Ep: 1502 | Steps:  187 | Reward:   285.53
Total T:   84248 | Ep: 1503 | Steps:  196 | Reward:   312.40
Total T:   84489 | Ep: 1504 | Steps:  241 | Reward:   453.54
Total T:   84687 | Ep: 1505 | Steps:  198 | Reward:   374.94
Total T:   84857 | Ep: 1506 | Steps:  170 | Reward:   314.97
Total T:   85067 | Ep: 1507 | Steps:  210 | Reward:   259.36
Total T:   85347 | Ep: 1508 | Steps:  280 | Reward:   492.03
Total T:   85552 | Ep: 1509 | Steps:  205 | Reward:   317.73
Total T:   85912 | Ep: 1510 | Steps:  360 | Reward:   275.95
Total T:   86203 | Ep: 1511 | Steps:  291 | Reward:   386.06
Total T:   86468 | Ep: 1512 | Steps:  265 | Reward:   348.41
Total T:   86817 | Ep: 1513 | Steps:  349 | Reward:   631.95
Total T:   87001 | Ep: 1514 | Steps:  184 | Reward:   249.03
Total T:   87328 | Ep: 1515 | Steps:  327 | Reward:   434.60
Total T:   88139 | Ep: 1516 | Steps:  811 | Reward:   323.65
Total T:   88491 | Ep: 1517 | Steps:  352 | Reward:   670.00
Total T:   88765 | Ep: 1518 | Steps:  274 | Reward:   412.79
Total T:   89070 | Ep: 1519 | Steps:  305 | Reward:   380.55
Total T:   89268 | Ep: 1520 | Steps:  198 | Reward:   359.38
Total T:   89480 | Ep: 1521 | Steps:  212 | Reward:   351.05
Total T:   89707 | Ep: 1522 | Steps:  227 | Reward:   353.18
---------------------------------------
Evaluation over 10 episodes: 305.155
---------------------------------------
Total T:   90617 | Ep: 1523 | Steps:  910 | Reward:   527.29
Total T:   90824 | Ep: 1524 | Steps:  207 | Reward:   430.09
Total T:   90985 | Ep: 1525 | Steps:  161 | Reward:    73.98
Total T:   91108 | Ep: 1526 | Steps:  123 | Reward:   147.96
Total T:   91322 | Ep: 1527 | Steps:  214 | Reward:    50.82
Total T:   91596 | Ep: 1528 | Steps:  274 | Reward:   474.52
Total T:   91820 | Ep: 1529 | Steps:  224 | Reward:   336.97
Total T:   92091 | Ep: 1530 | Steps:  271 | Reward:   562.48
Total T:   92264 | Ep: 1531 | Steps:  173 | Reward:   255.33
Total T:   92459 | Ep: 1532 | Steps:  195 | Reward:   359.98
Total T:   92701 | Ep: 1533 | Steps:  242 | Reward:   433.87
Total T:   92895 | Ep: 1534 | Steps:  194 | Reward:   417.22
Total T:   93135 | Ep: 1535 | Steps:  240 | Reward:   252.30
Total T:   93305 | Ep: 1536 | Steps:  170 | Reward:   299.01
Total T:   93638 | Ep: 1537 | Steps:  333 | Reward:   659.55
Total T:   93837 | Ep: 1538 | Steps:  199 | Reward:   331.60
Total T:   94073 | Ep: 1539 | Steps:  236 | Reward:   417.42
Total T:   94377 | Ep: 1540 | Steps:  304 | Reward:   322.12
Total T:   94552 | Ep: 1541 | Steps:  175 | Reward:   337.32
Total T:   94710 | Ep: 1542 | Steps:  158 | Reward:   308.28
Total T:   94930 | Ep: 1543 | Steps:  220 | Reward:   483.50
Total T:   95177 | Ep: 1544 | Steps:  247 | Reward:   477.10
Total T:   95464 | Ep: 1545 | Steps:  287 | Reward:   420.64
Total T:   95787 | Ep: 1546 | Steps:  323 | Reward:   761.00
Total T:   96593 | Ep: 1547 | Steps:  806 | Reward:   981.38
Total T:   96950 | Ep: 1548 | Steps:  357 | Reward:   605.18
Total T:   97135 | Ep: 1549 | Steps:  185 | Reward:   414.43
Total T:   97375 | Ep: 1550 | Steps:  240 | Reward:   481.28
Total T:   97639 | Ep: 1551 | Steps:  264 | Reward:   468.29
Total T:   97886 | Ep: 1552 | Steps:  247 | Reward:   522.27
Total T:   98101 | Ep: 1553 | Steps:  215 | Reward:   427.90
Total T:   98269 | Ep: 1554 | Steps:  168 | Reward:   412.51
Total T:   98595 | Ep: 1555 | Steps:  326 | Reward:   588.38
Total T:   98828 | Ep: 1556 | Steps:  233 | Reward:   398.01
Total T:   99004 | Ep: 1557 | Steps:  176 | Reward:   274.14
Total T:   99259 | Ep: 1558 | Steps:  255 | Reward:   477.70
Total T:   99433 | Ep: 1559 | Steps:  174 | Reward:   321.87
Total T:   99626 | Ep: 1560 | Steps:  193 | Reward:   435.97
Total T:   99850 | Ep: 1561 | Steps:  224 | Reward:   402.96
---------------------------------------
Evaluation over 10 episodes: 380.585
---------------------------------------
Total T:  100154 | Ep: 1562 | Steps:  304 | Reward:   458.60
Total T:  100401 | Ep: 1563 | Steps:  247 | Reward:   414.69
Total T:  100653 | Ep: 1564 | Steps:  252 | Reward:   506.94
Total T:  100884 | Ep: 1565 | Steps:  231 | Reward:   481.51
Total T:  101087 | Ep: 1566 | Steps:  203 | Reward:   326.69
Total T:  101258 | Ep: 1567 | Steps:  171 | Reward:   247.57
Total T:  101445 | Ep: 1568 | Steps:  187 | Reward:   324.62
Total T:  101731 | Ep: 1569 | Steps:  286 | Reward:   395.63
Total T:  102148 | Ep: 1570 | Steps:  417 | Reward:   689.42
Total T:  102293 | Ep: 1571 | Steps:  145 | Reward:   318.40
Total T:  102512 | Ep: 1572 | Steps:  219 | Reward:   373.63
Total T:  102689 | Ep: 1573 | Steps:  177 | Reward:   361.29
Total T:  103037 | Ep: 1574 | Steps:  348 | Reward:   539.87
Total T:  103282 | Ep: 1575 | Steps:  245 | Reward:   326.48
Total T:  103603 | Ep: 1576 | Steps:  321 | Reward:   569.27
Total T:  104040 | Ep: 1577 | Steps:  437 | Reward:   741.15
Total T:  104146 | Ep: 1578 | Steps:  106 | Reward:   173.37
Total T:  104332 | Ep: 1579 | Steps:  186 | Reward:   325.92
Total T:  104571 | Ep: 1580 | Steps:  239 | Reward:   363.18
Total T:  104743 | Ep: 1581 | Steps:  172 | Reward:   237.29
Total T:  105138 | Ep: 1582 | Steps:  395 | Reward:   598.95
Total T:  105347 | Ep: 1583 | Steps:  209 | Reward:   351.00
Total T:  105677 | Ep: 1584 | Steps:  330 | Reward:   480.32
Total T:  105845 | Ep: 1585 | Steps:  168 | Reward:   237.65
Total T:  106076 | Ep: 1586 | Steps:  231 | Reward:   377.75
Total T:  106349 | Ep: 1587 | Steps:  273 | Reward:   444.62
Total T:  106579 | Ep: 1588 | Steps:  230 | Reward:   479.49
Total T:  106930 | Ep: 1589 | Steps:  351 | Reward:   489.26
Total T:  107117 | Ep: 1590 | Steps:  187 | Reward:   287.18
Total T:  107349 | Ep: 1591 | Steps:  232 | Reward:   383.66
Total T:  107549 | Ep: 1592 | Steps:  200 | Reward:   383.90
Total T:  107756 | Ep: 1593 | Steps:  207 | Reward:   330.11
Total T:  107970 | Ep: 1594 | Steps:  214 | Reward:   461.25
Total T:  108134 | Ep: 1595 | Steps:  164 | Reward:   249.41
Total T:  108248 | Ep: 1596 | Steps:  114 | Reward:   148.52
Total T:  108481 | Ep: 1597 | Steps:  233 | Reward:   530.53
Total T:  109136 | Ep: 1598 | Steps:  655 | Reward:  1074.69
Total T:  109323 | Ep: 1599 | Steps:  187 | Reward:   447.50
Total T:  109616 | Ep: 1600 | Steps:  293 | Reward:   461.63
Total T:  109887 | Ep: 1601 | Steps:  271 | Reward:   418.19
---------------------------------------
Evaluation over 10 episodes: 454.054
---------------------------------------
Total T:  110081 | Ep: 1602 | Steps:  194 | Reward:   372.76
Total T:  110216 | Ep: 1603 | Steps:  135 | Reward:   243.40
Total T:  110423 | Ep: 1604 | Steps:  207 | Reward:   346.31
Total T:  110713 | Ep: 1605 | Steps:  290 | Reward:   307.84
Total T:  111088 | Ep: 1606 | Steps:  375 | Reward:   688.58
Total T:  111303 | Ep: 1607 | Steps:  215 | Reward:   487.90
Total T:  111603 | Ep: 1608 | Steps:  300 | Reward:   145.63
Total T:  111839 | Ep: 1609 | Steps:  236 | Reward:   507.83
Total T:  112063 | Ep: 1610 | Steps:  224 | Reward:   425.78
Total T:  112253 | Ep: 1611 | Steps:  190 | Reward:   321.94
Total T:  112559 | Ep: 1612 | Steps:  306 | Reward:   567.49
Total T:  112863 | Ep: 1613 | Steps:  304 | Reward:   362.05
Total T:  113140 | Ep: 1614 | Steps:  277 | Reward:   567.21
Total T:  113290 | Ep: 1615 | Steps:  150 | Reward:   235.30
Total T:  113431 | Ep: 1616 | Steps:  141 | Reward:   171.65
Total T:  113561 | Ep: 1617 | Steps:  130 | Reward:    53.41
Total T:  113917 | Ep: 1618 | Steps:  356 | Reward:   701.74
Total T:  114124 | Ep: 1619 | Steps:  207 | Reward:   275.19
Total T:  114258 | Ep: 1620 | Steps:  134 | Reward:   209.02
Total T:  114356 | Ep: 1621 | Steps:   98 | Reward:   151.83
Total T:  114574 | Ep: 1622 | Steps:  218 | Reward:   310.82
Total T:  114826 | Ep: 1623 | Steps:  252 | Reward:   216.08
Total T:  115074 | Ep: 1624 | Steps:  248 | Reward:   440.12
Total T:  115304 | Ep: 1625 | Steps:  230 | Reward:   347.14
Total T:  115535 | Ep: 1626 | Steps:  231 | Reward:   405.56
Total T:  115808 | Ep: 1627 | Steps:  273 | Reward:   512.01
Total T:  115993 | Ep: 1628 | Steps:  185 | Reward:   345.77
Total T:  116203 | Ep: 1629 | Steps:  210 | Reward:   405.07
Total T:  116409 | Ep: 1630 | Steps:  206 | Reward:   395.58
Total T:  116584 | Ep: 1631 | Steps:  175 | Reward:   395.87
Total T:  116699 | Ep: 1632 | Steps:  115 | Reward:   179.65
Total T:  117043 | Ep: 1633 | Steps:  344 | Reward:   704.19
Total T:  117295 | Ep: 1634 | Steps:  252 | Reward:   459.44
Total T:  117555 | Ep: 1635 | Steps:  260 | Reward:   519.02
Total T:  117752 | Ep: 1636 | Steps:  197 | Reward:   476.54
Total T:  117967 | Ep: 1637 | Steps:  215 | Reward:   422.69
Total T:  118239 | Ep: 1638 | Steps:  272 | Reward:   418.37
Total T:  118468 | Ep: 1639 | Steps:  229 | Reward:   347.20
Total T:  118638 | Ep: 1640 | Steps:  170 | Reward:   253.37
Total T:  118925 | Ep: 1641 | Steps:  287 | Reward:   554.03
Total T:  119172 | Ep: 1642 | Steps:  247 | Reward:   388.03
Total T:  119349 | Ep: 1643 | Steps:  177 | Reward:   291.03
Total T:  119592 | Ep: 1644 | Steps:  243 | Reward:   436.43
Total T:  119786 | Ep: 1645 | Steps:  194 | Reward:   269.78
---------------------------------------
Evaluation over 10 episodes: 341.569
---------------------------------------
Total T:  120067 | Ep: 1646 | Steps:  281 | Reward:   552.84
Total T:  120270 | Ep: 1647 | Steps:  203 | Reward:   316.80
Total T:  120515 | Ep: 1648 | Steps:  245 | Reward:   447.30
Total T:  120667 | Ep: 1649 | Steps:  152 | Reward:   205.34
Total T:  120770 | Ep: 1650 | Steps:  103 | Reward:   164.77
Total T:  121010 | Ep: 1651 | Steps:  240 | Reward:   288.95
Total T:  121187 | Ep: 1652 | Steps:  177 | Reward:   280.89
Total T:  121399 | Ep: 1653 | Steps:  212 | Reward:   356.59
Total T:  121585 | Ep: 1654 | Steps:  186 | Reward:   327.01
Total T:  121860 | Ep: 1655 | Steps:  275 | Reward:   500.51
Total T:  122072 | Ep: 1656 | Steps:  212 | Reward:   421.77
Total T:  122155 | Ep: 1657 | Steps:   83 | Reward:   120.41
Total T:  122342 | Ep: 1658 | Steps:  187 | Reward:   329.91
Total T:  122483 | Ep: 1659 | Steps:  141 | Reward:   302.99
Total T:  122616 | Ep: 1660 | Steps:  133 | Reward:   218.91
Total T:  122806 | Ep: 1661 | Steps:  190 | Reward:   321.61
Total T:  123055 | Ep: 1662 | Steps:  249 | Reward:   540.82
Total T:  123203 | Ep: 1663 | Steps:  148 | Reward:   237.72
Total T:  123413 | Ep: 1664 | Steps:  210 | Reward:   373.75
Total T:  123651 | Ep: 1665 | Steps:  238 | Reward:   462.35
Total T:  123858 | Ep: 1666 | Steps:  207 | Reward:   492.33
Total T:  124024 | Ep: 1667 | Steps:  166 | Reward:   297.89
Total T:  124242 | Ep: 1668 | Steps:  218 | Reward:   429.63
Total T:  124461 | Ep: 1669 | Steps:  219 | Reward:   410.05
Total T:  124644 | Ep: 1670 | Steps:  183 | Reward:   415.05
Total T:  124740 | Ep: 1671 | Steps:   96 | Reward:   149.19
Total T:  124947 | Ep: 1672 | Steps:  207 | Reward:   404.37
Total T:  125175 | Ep: 1673 | Steps:  228 | Reward:   464.65
Total T:  125353 | Ep: 1674 | Steps:  178 | Reward:   341.36
Total T:  125687 | Ep: 1675 | Steps:  334 | Reward:   776.77
Total T:  125874 | Ep: 1676 | Steps:  187 | Reward:   334.28
Total T:  125973 | Ep: 1677 | Steps:   99 | Reward:   151.26
Total T:  126203 | Ep: 1678 | Steps:  230 | Reward:   457.92
Total T:  126365 | Ep: 1679 | Steps:  162 | Reward:   389.09
Total T:  126605 | Ep: 1680 | Steps:  240 | Reward:   441.49
Total T:  126683 | Ep: 1681 | Steps:   78 | Reward:   100.65
Total T:  126919 | Ep: 1682 | Steps:  236 | Reward:   509.71
Total T:  127125 | Ep: 1683 | Steps:  206 | Reward:   404.38
Total T:  127398 | Ep: 1684 | Steps:  273 | Reward:   516.07
Total T:  127687 | Ep: 1685 | Steps:  289 | Reward:   428.98
Total T:  127940 | Ep: 1686 | Steps:  253 | Reward:   497.47
Total T:  128260 | Ep: 1687 | Steps:  320 | Reward:   614.38
Total T:  128347 | Ep: 1688 | Steps:   87 | Reward:   170.22
Total T:  128577 | Ep: 1689 | Steps:  230 | Reward:   459.98
Total T:  128878 | Ep: 1690 | Steps:  301 | Reward:   679.36
Total T:  129178 | Ep: 1691 | Steps:  300 | Reward:   512.09
Total T:  129371 | Ep: 1692 | Steps:  193 | Reward:   325.42
Total T:  129503 | Ep: 1693 | Steps:  132 | Reward:   196.60
Total T:  129595 | Ep: 1694 | Steps:   92 | Reward:   140.79
Total T:  129833 | Ep: 1695 | Steps:  238 | Reward:   375.78
---------------------------------------
Evaluation over 10 episodes: 401.505
---------------------------------------
Total T:  130043 | Ep: 1696 | Steps:  210 | Reward:   414.06
Total T:  130284 | Ep: 1697 | Steps:  241 | Reward:   408.58
Total T:  130472 | Ep: 1698 | Steps:  188 | Reward:   351.62
Total T:  130630 | Ep: 1699 | Steps:  158 | Reward:   244.01
Total T:  130787 | Ep: 1700 | Steps:  157 | Reward:   244.05
Total T:  131054 | Ep: 1701 | Steps:  267 | Reward:   476.64
Total T:  131222 | Ep: 1702 | Steps:  168 | Reward:   381.58
Total T:  131417 | Ep: 1703 | Steps:  195 | Reward:   346.08
Total T:  131629 | Ep: 1704 | Steps:  212 | Reward:   433.68
Total T:  131966 | Ep: 1705 | Steps:  337 | Reward:   604.71
Total T:  132145 | Ep: 1706 | Steps:  179 | Reward:   287.87
Total T:  132356 | Ep: 1707 | Steps:  211 | Reward:   334.30
Total T:  132636 | Ep: 1708 | Steps:  280 | Reward:   621.20
Total T:  132781 | Ep: 1709 | Steps:  145 | Reward:   288.92
Total T:  133138 | Ep: 1710 | Steps:  357 | Reward:   765.26
Total T:  133289 | Ep: 1711 | Steps:  151 | Reward:   268.18
Total T:  133485 | Ep: 1712 | Steps:  196 | Reward:   349.82
Total T:  133620 | Ep: 1713 | Steps:  135 | Reward:   214.04
Total T:  133760 | Ep: 1714 | Steps:  140 | Reward:   218.21
Total T:  133852 | Ep: 1715 | Steps:   92 | Reward:    89.31
Total T:  134122 | Ep: 1716 | Steps:  270 | Reward:   497.37
Total T:  134329 | Ep: 1717 | Steps:  207 | Reward:   220.69
Total T:  134529 | Ep: 1718 | Steps:  200 | Reward:   428.12
Total T:  134782 | Ep: 1719 | Steps:  253 | Reward:   540.94
Total T:  134996 | Ep: 1720 | Steps:  214 | Reward:   432.14
Total T:  135162 | Ep: 1721 | Steps:  166 | Reward:   371.46
Total T:  135326 | Ep: 1722 | Steps:  164 | Reward:   267.47
Total T:  135559 | Ep: 1723 | Steps:  233 | Reward:   469.00
Total T:  135742 | Ep: 1724 | Steps:  183 | Reward:   401.94
Total T:  135962 | Ep: 1725 | Steps:  220 | Reward:   582.03
Total T:  136162 | Ep: 1726 | Steps:  200 | Reward:   412.98
Total T:  136490 | Ep: 1727 | Steps:  328 | Reward:   538.90
Total T:  136791 | Ep: 1728 | Steps:  301 | Reward:   172.34
Total T:  136987 | Ep: 1729 | Steps:  196 | Reward:   354.90
Total T:  137136 | Ep: 1730 | Steps:  149 | Reward:   249.97
Total T:  137331 | Ep: 1731 | Steps:  195 | Reward:   314.07
Total T:  137533 | Ep: 1732 | Steps:  202 | Reward:   359.37
Total T:  137744 | Ep: 1733 | Steps:  211 | Reward:   458.24
Total T:  137917 | Ep: 1734 | Steps:  173 | Reward:   277.48
Total T:  138098 | Ep: 1735 | Steps:  181 | Reward:   407.63
Total T:  138285 | Ep: 1736 | Steps:  187 | Reward:   370.08
Total T:  138438 | Ep: 1737 | Steps:  153 | Reward:   251.86
Total T:  138867 | Ep: 1738 | Steps:  429 | Reward:   758.89
Total T:  139051 | Ep: 1739 | Steps:  184 | Reward:   384.56
Total T:  139280 | Ep: 1740 | Steps:  229 | Reward:   391.67
Total T:  139434 | Ep: 1741 | Steps:  154 | Reward:   272.27
Total T:  139572 | Ep: 1742 | Steps:  138 | Reward:   317.78
Total T:  139678 | Ep: 1743 | Steps:  106 | Reward:   171.31
Total T:  139866 | Ep: 1744 | Steps:  188 | Reward:   277.71
---------------------------------------
Evaluation over 10 episodes: 359.484
---------------------------------------
Total T:  140033 | Ep: 1745 | Steps:  167 | Reward:   422.97
Total T:  140206 | Ep: 1746 | Steps:  173 | Reward:   395.86
Total T:  140447 | Ep: 1747 | Steps:  241 | Reward:   364.29
Total T:  140605 | Ep: 1748 | Steps:  158 | Reward:   350.28
Total T:  140688 | Ep: 1749 | Steps:   83 | Reward:   158.59
Total T:  140767 | Ep: 1750 | Steps:   79 | Reward:   146.89
Total T:  140906 | Ep: 1751 | Steps:  139 | Reward:   252.42
Total T:  141107 | Ep: 1752 | Steps:  201 | Reward:   299.33
Total T:  141252 | Ep: 1753 | Steps:  145 | Reward:   250.19
Total T:  141500 | Ep: 1754 | Steps:  248 | Reward:   582.95
Total T:  141704 | Ep: 1755 | Steps:  204 | Reward:   330.66
Total T:  141970 | Ep: 1756 | Steps:  266 | Reward:   606.08
Total T:  142145 | Ep: 1757 | Steps:  175 | Reward:   459.35
Total T:  142375 | Ep: 1758 | Steps:  230 | Reward:   484.20
Total T:  142481 | Ep: 1759 | Steps:  106 | Reward:   173.21
Total T:  142574 | Ep: 1760 | Steps:   93 | Reward:   156.90
Total T:  142725 | Ep: 1761 | Steps:  151 | Reward:   298.38
Total T:  142943 | Ep: 1762 | Steps:  218 | Reward:   490.45
Total T:  143124 | Ep: 1763 | Steps:  181 | Reward:   351.29
Total T:  143304 | Ep: 1764 | Steps:  180 | Reward:   288.15
Total T:  143576 | Ep: 1765 | Steps:  272 | Reward:   442.43
Total T:  143740 | Ep: 1766 | Steps:  164 | Reward:   308.71
Total T:  143912 | Ep: 1767 | Steps:  172 | Reward:   343.77
Total T:  144163 | Ep: 1768 | Steps:  251 | Reward:   622.72
Total T:  144374 | Ep: 1769 | Steps:  211 | Reward:   513.35
Total T:  144571 | Ep: 1770 | Steps:  197 | Reward:   306.58
Total T:  144725 | Ep: 1771 | Steps:  154 | Reward:   350.39
Total T:  144956 | Ep: 1772 | Steps:  231 | Reward:   466.54
Total T:  145313 | Ep: 1773 | Steps:  357 | Reward:   624.81
Total T:  145501 | Ep: 1774 | Steps:  188 | Reward:   279.89
Total T:  145614 | Ep: 1775 | Steps:  113 | Reward:   235.25
Total T:  145833 | Ep: 1776 | Steps:  219 | Reward:   554.86
Total T:  146014 | Ep: 1777 | Steps:  181 | Reward:   384.76
Total T:  146255 | Ep: 1778 | Steps:  241 | Reward:   565.17
Total T:  146500 | Ep: 1779 | Steps:  245 | Reward:   433.63
Total T:  146708 | Ep: 1780 | Steps:  208 | Reward:   573.66
Total T:  146884 | Ep: 1781 | Steps:  176 | Reward:   348.01
Total T:  147182 | Ep: 1782 | Steps:  298 | Reward:   616.26
Total T:  147315 | Ep: 1783 | Steps:  133 | Reward:   207.53
Total T:  147516 | Ep: 1784 | Steps:  201 | Reward:   434.74
Total T:  147900 | Ep: 1785 | Steps:  384 | Reward:   843.30
Total T:  148097 | Ep: 1786 | Steps:  197 | Reward:    -4.06
Total T:  148497 | Ep: 1787 | Steps:  400 | Reward:   896.84
Total T:  148636 | Ep: 1788 | Steps:  139 | Reward:   304.08
Total T:  148816 | Ep: 1789 | Steps:  180 | Reward:   337.42
Total T:  148916 | Ep: 1790 | Steps:  100 | Reward:   176.80
Total T:  149012 | Ep: 1791 | Steps:   96 | Reward:   167.25
Total T:  149194 | Ep: 1792 | Steps:  182 | Reward:   433.70
Total T:  149462 | Ep: 1793 | Steps:  268 | Reward:   637.49
Total T:  149659 | Ep: 1794 | Steps:  197 | Reward:   291.01
Total T:  149882 | Ep: 1795 | Steps:  223 | Reward:   426.05
---------------------------------------
Evaluation over 10 episodes: 467.603
---------------------------------------
Total T:  150256 | Ep: 1796 | Steps:  374 | Reward:   405.69
Total T:  150514 | Ep: 1797 | Steps:  258 | Reward:   494.42
Total T:  150607 | Ep: 1798 | Steps:   93 | Reward:   148.76
Total T:  150829 | Ep: 1799 | Steps:  222 | Reward:   491.63
Total T:  150990 | Ep: 1800 | Steps:  161 | Reward:   270.69
Total T:  151266 | Ep: 1801 | Steps:  276 | Reward:   523.73
Total T:  151470 | Ep: 1802 | Steps:  204 | Reward:   361.60
Total T:  151653 | Ep: 1803 | Steps:  183 | Reward:   404.04
Total T:  151890 | Ep: 1804 | Steps:  237 | Reward:   341.86
Total T:  152106 | Ep: 1805 | Steps:  216 | Reward:   332.86
Total T:  152320 | Ep: 1806 | Steps:  214 | Reward:   437.08
Total T:  152479 | Ep: 1807 | Steps:  159 | Reward:   249.29
Total T:  152743 | Ep: 1808 | Steps:  264 | Reward:   501.09
Total T:  152895 | Ep: 1809 | Steps:  152 | Reward:   267.07
Total T:  153128 | Ep: 1810 | Steps:  233 | Reward:   403.17
Total T:  153403 | Ep: 1811 | Steps:  275 | Reward:   517.07
Total T:  153622 | Ep: 1812 | Steps:  219 | Reward:   438.47
Total T:  153840 | Ep: 1813 | Steps:  218 | Reward:   335.24
Total T:  154024 | Ep: 1814 | Steps:  184 | Reward:   406.74
Total T:  154229 | Ep: 1815 | Steps:  205 | Reward:   414.87
Total T:  154468 | Ep: 1816 | Steps:  239 | Reward:   563.30
Total T:  154717 | Ep: 1817 | Steps:  249 | Reward:   491.19
Total T:  154919 | Ep: 1818 | Steps:  202 | Reward:   505.36
Total T:  155042 | Ep: 1819 | Steps:  123 | Reward:   171.35
Total T:  155459 | Ep: 1820 | Steps:  417 | Reward:   620.56
Total T:  155640 | Ep: 1821 | Steps:  181 | Reward:   331.50
Total T:  155778 | Ep: 1822 | Steps:  138 | Reward:   217.89
Total T:  155942 | Ep: 1823 | Steps:  164 | Reward:   296.11
Total T:  156186 | Ep: 1824 | Steps:  244 | Reward:   538.37
Total T:  156331 | Ep: 1825 | Steps:  145 | Reward:   239.18
Total T:  156544 | Ep: 1826 | Steps:  213 | Reward:   413.02
Total T:  156719 | Ep: 1827 | Steps:  175 | Reward:   342.08
Total T:  156955 | Ep: 1828 | Steps:  236 | Reward:   409.89
Total T:  157320 | Ep: 1829 | Steps:  365 | Reward:   768.84
Total T:  157559 | Ep: 1830 | Steps:  239 | Reward:   377.16
Total T:  157708 | Ep: 1831 | Steps:  149 | Reward:   239.38
Total T:  157931 | Ep: 1832 | Steps:  223 | Reward:   407.02
Total T:  158222 | Ep: 1833 | Steps:  291 | Reward:   579.54
Total T:  158360 | Ep: 1834 | Steps:  138 | Reward:   225.24
Total T:  158540 | Ep: 1835 | Steps:  180 | Reward:   278.81
Total T:  158738 | Ep: 1836 | Steps:  198 | Reward:   347.85
Total T:  158892 | Ep: 1837 | Steps:  154 | Reward:   272.62
Total T:  159186 | Ep: 1838 | Steps:  294 | Reward:   730.14
Total T:  159354 | Ep: 1839 | Steps:  168 | Reward:   286.09
Total T:  159762 | Ep: 1840 | Steps:  408 | Reward:   876.88
Total T:  159911 | Ep: 1841 | Steps:  149 | Reward:   342.45
---------------------------------------
Evaluation over 10 episodes: 318.515
---------------------------------------
Total T:  160416 | Ep: 1842 | Steps:  505 | Reward:   972.67
Total T:  160532 | Ep: 1843 | Steps:  116 | Reward:   193.67
Total T:  160727 | Ep: 1844 | Steps:  195 | Reward:   391.59
Total T:  160924 | Ep: 1845 | Steps:  197 | Reward:   400.16
Total T:  161104 | Ep: 1846 | Steps:  180 | Reward:   351.07
Total T:  161343 | Ep: 1847 | Steps:  239 | Reward:   522.22
Total T:  161721 | Ep: 1848 | Steps:  378 | Reward:   904.92
Total T:  161901 | Ep: 1849 | Steps:  180 | Reward:   342.77
Total T:  162009 | Ep: 1850 | Steps:  108 | Reward:   141.52
Total T:  162258 | Ep: 1851 | Steps:  249 | Reward:   495.59
Total T:  162505 | Ep: 1852 | Steps:  247 | Reward:    67.43
Total T:  162953 | Ep: 1853 | Steps:  448 | Reward:   958.70
Total T:  163166 | Ep: 1854 | Steps:  213 | Reward:   487.39
Total T:  163528 | Ep: 1855 | Steps:  362 | Reward:   782.75
Total T:  163968 | Ep: 1856 | Steps:  440 | Reward:   743.22
Total T:  164103 | Ep: 1857 | Steps:  135 | Reward:   250.06
Total T:  164771 | Ep: 1858 | Steps:  668 | Reward:  1320.63
Total T:  165098 | Ep: 1859 | Steps:  327 | Reward:   506.93
Total T:  165276 | Ep: 1860 | Steps:  178 | Reward:   300.16
Total T:  165517 | Ep: 1861 | Steps:  241 | Reward:   504.72
Total T:  165672 | Ep: 1862 | Steps:  155 | Reward:   356.45
Total T:  165933 | Ep: 1863 | Steps:  261 | Reward:   540.57
Total T:  166342 | Ep: 1864 | Steps:  409 | Reward:   832.97
Total T:  166512 | Ep: 1865 | Steps:  170 | Reward:   312.86
Total T:  166857 | Ep: 1866 | Steps:  345 | Reward:   580.18
Total T:  167050 | Ep: 1867 | Steps:  193 | Reward:   379.79
Total T:  167237 | Ep: 1868 | Steps:  187 | Reward:   151.55
Total T:  167472 | Ep: 1869 | Steps:  235 | Reward:   106.12
Total T:  167659 | Ep: 1870 | Steps:  187 | Reward:   253.93
Total T:  167933 | Ep: 1871 | Steps:  274 | Reward:   518.36
Total T:  168105 | Ep: 1872 | Steps:  172 | Reward:   299.96
Total T:  168255 | Ep: 1873 | Steps:  150 | Reward:   260.39
Total T:  168600 | Ep: 1874 | Steps:  345 | Reward:   561.90
Total T:  168993 | Ep: 1875 | Steps:  393 | Reward:   769.09
Total T:  169125 | Ep: 1876 | Steps:  132 | Reward:   205.05
Total T:  169280 | Ep: 1877 | Steps:  155 | Reward:   359.42
Total T:  169665 | Ep: 1878 | Steps:  385 | Reward:   678.89
Total T:  169889 | Ep: 1879 | Steps:  224 | Reward:   366.31
---------------------------------------
Evaluation over 10 episodes: 534.689
---------------------------------------
Total T:  170039 | Ep: 1880 | Steps:  150 | Reward:   334.21
Total T:  170242 | Ep: 1881 | Steps:  203 | Reward:   280.90
Total T:  170608 | Ep: 1882 | Steps:  366 | Reward:   790.72
Total T:  170796 | Ep: 1883 | Steps:  188 | Reward:   294.76
Total T:  171136 | Ep: 1884 | Steps:  340 | Reward:   698.96
Total T:  171313 | Ep: 1885 | Steps:  177 | Reward:   328.25
Total T:  171423 | Ep: 1886 | Steps:  110 | Reward:   185.06
Total T:  171614 | Ep: 1887 | Steps:  191 | Reward:   410.85
Total T:  172196 | Ep: 1888 | Steps:  582 | Reward:   949.93
Total T:  172649 | Ep: 1889 | Steps:  453 | Reward:   661.93
Total T:  172828 | Ep: 1890 | Steps:  179 | Reward:   279.04
Total T:  173077 | Ep: 1891 | Steps:  249 | Reward:   563.15
Total T:  173292 | Ep: 1892 | Steps:  215 | Reward:   344.30
Total T:  173515 | Ep: 1893 | Steps:  223 | Reward:   350.21
Total T:  173712 | Ep: 1894 | Steps:  197 | Reward:   389.60
Total T:  173930 | Ep: 1895 | Steps:  218 | Reward:   367.91
Total T:  174114 | Ep: 1896 | Steps:  184 | Reward:   221.92
Total T:  174422 | Ep: 1897 | Steps:  308 | Reward:   354.42
Total T:  174701 | Ep: 1898 | Steps:  279 | Reward:   601.17
Total T:  174874 | Ep: 1899 | Steps:  173 | Reward:    84.12
Total T:  175082 | Ep: 1900 | Steps:  208 | Reward:   358.16
Total T:  175222 | Ep: 1901 | Steps:  140 | Reward:    48.55
Total T:  175385 | Ep: 1902 | Steps:  163 | Reward:   259.75
Total T:  175627 | Ep: 1903 | Steps:  242 | Reward:   539.38
Total T:  175800 | Ep: 1904 | Steps:  173 | Reward:   319.11
Total T:  176045 | Ep: 1905 | Steps:  245 | Reward:   483.40
Total T:  176211 | Ep: 1906 | Steps:  166 | Reward:   261.71
Total T:  176395 | Ep: 1907 | Steps:  184 | Reward:   316.47
Total T:  176657 | Ep: 1908 | Steps:  262 | Reward:   382.67
Total T:  176868 | Ep: 1909 | Steps:  211 | Reward:   328.26
Total T:  177197 | Ep: 1910 | Steps:  329 | Reward:   632.35
Total T:  177584 | Ep: 1911 | Steps:  387 | Reward:   713.02
Total T:  177748 | Ep: 1912 | Steps:  164 | Reward:   295.64
Total T:  177965 | Ep: 1913 | Steps:  217 | Reward:   459.37
Total T:  178258 | Ep: 1914 | Steps:  293 | Reward:   145.91
Total T:  178505 | Ep: 1915 | Steps:  247 | Reward:   538.91
Total T:  179325 | Ep: 1916 | Steps:  820 | Reward:  1703.71
Total T:  179647 | Ep: 1917 | Steps:  322 | Reward:   616.44
Total T:  179793 | Ep: 1918 | Steps:  146 | Reward:   218.32
---------------------------------------
Evaluation over 10 episodes: 766.096
---------------------------------------
Total T:  180129 | Ep: 1919 | Steps:  336 | Reward:   754.34
Total T:  180600 | Ep: 1920 | Steps:  471 | Reward:   966.39
Total T:  180780 | Ep: 1921 | Steps:  180 | Reward:   329.87
Total T:  180970 | Ep: 1922 | Steps:  190 | Reward:   349.60
Total T:  181179 | Ep: 1923 | Steps:  209 | Reward:   360.10
Total T:  181330 | Ep: 1924 | Steps:  151 | Reward:   335.78
Total T:  181555 | Ep: 1925 | Steps:  225 | Reward:   512.42
Total T:  181734 | Ep: 1926 | Steps:  179 | Reward:   335.68
Total T:  182520 | Ep: 1927 | Steps:  786 | Reward:  1553.41
Total T:  182758 | Ep: 1928 | Steps:  238 | Reward:   457.60
Total T:  183176 | Ep: 1929 | Steps:  418 | Reward:   885.23
Total T:  183382 | Ep: 1930 | Steps:  206 | Reward:   378.53
Total T:  183554 | Ep: 1931 | Steps:  172 | Reward:   274.79
Total T:  183746 | Ep: 1932 | Steps:  192 | Reward:   288.11
Total T:  184063 | Ep: 1933 | Steps:  317 | Reward:   751.87
Total T:  184517 | Ep: 1934 | Steps:  454 | Reward:   819.92
Total T:  184698 | Ep: 1935 | Steps:  181 | Reward:   331.95
Total T:  184988 | Ep: 1936 | Steps:  290 | Reward:   616.93
Total T:  185219 | Ep: 1937 | Steps:  231 | Reward:   524.05
Total T:  185551 | Ep: 1938 | Steps:  332 | Reward:    90.62
Total T:  185803 | Ep: 1939 | Steps:  252 | Reward:   520.58
Total T:  186124 | Ep: 1940 | Steps:  321 | Reward:   640.87
Total T:  186372 | Ep: 1941 | Steps:  248 | Reward:   572.04
Total T:  186652 | Ep: 1942 | Steps:  280 | Reward:   623.93
Total T:  186953 | Ep: 1943 | Steps:  301 | Reward:   597.67
Total T:  187120 | Ep: 1944 | Steps:  167 | Reward:   315.80
Total T:  187444 | Ep: 1945 | Steps:  324 | Reward:   715.26
Total T:  187629 | Ep: 1946 | Steps:  185 | Reward:   351.94
Total T:  187992 | Ep: 1947 | Steps:  363 | Reward:   820.46
Total T:  188150 | Ep: 1948 | Steps:  158 | Reward:   307.65
Total T:  188319 | Ep: 1949 | Steps:  169 | Reward:   334.98
Total T:  188476 | Ep: 1950 | Steps:  157 | Reward:   364.63
Total T:  188754 | Ep: 1951 | Steps:  278 | Reward:   711.52
Total T:  189218 | Ep: 1952 | Steps:  464 | Reward:  1032.84
Total T:  189483 | Ep: 1953 | Steps:  265 | Reward:   492.92
Total T:  189827 | Ep: 1954 | Steps:  344 | Reward:   853.63
---------------------------------------
Evaluation over 10 episodes: 911.157
---------------------------------------
Total T:  190168 | Ep: 1955 | Steps:  341 | Reward:   832.37
Total T:  190457 | Ep: 1956 | Steps:  289 | Reward:   557.28
Total T:  190744 | Ep: 1957 | Steps:  287 | Reward:   650.11
Total T:  190908 | Ep: 1958 | Steps:  164 | Reward:   306.92
Total T:  191330 | Ep: 1959 | Steps:  422 | Reward:   812.87
Total T:  191861 | Ep: 1960 | Steps:  531 | Reward:  1090.18
Total T:  192451 | Ep: 1961 | Steps:  590 | Reward:  1457.93
Total T:  192903 | Ep: 1962 | Steps:  452 | Reward:   999.24
Total T:  193195 | Ep: 1963 | Steps:  292 | Reward:   695.28
Total T:  193376 | Ep: 1964 | Steps:  181 | Reward:   402.08
Total T:  193640 | Ep: 1965 | Steps:  264 | Reward:   606.46
Total T:  194001 | Ep: 1966 | Steps:  361 | Reward:   891.29
Total T:  194727 | Ep: 1967 | Steps:  726 | Reward:  1614.64
Total T:  195036 | Ep: 1968 | Steps:  309 | Reward:   782.09
Total T:  195407 | Ep: 1969 | Steps:  371 | Reward:   857.40
Total T:  195679 | Ep: 1970 | Steps:  272 | Reward:   688.13
Total T:  195947 | Ep: 1971 | Steps:  268 | Reward:   626.25
Total T:  196216 | Ep: 1972 | Steps:  269 | Reward:   615.91
Total T:  196596 | Ep: 1973 | Steps:  380 | Reward:   746.61
Total T:  197013 | Ep: 1974 | Steps:  417 | Reward:   786.04
Total T:  197453 | Ep: 1975 | Steps:  440 | Reward:  1154.51
Total T:  198253 | Ep: 1976 | Steps:  800 | Reward:  1717.25
Total T:  198634 | Ep: 1977 | Steps:  381 | Reward:   857.86
Total T:  199603 | Ep: 1978 | Steps:  969 | Reward:  2328.44
---------------------------------------
Evaluation over 10 episodes: 711.476
---------------------------------------
Total T:  200050 | Ep: 1979 | Steps:  447 | Reward:  1139.82
Total T:  200324 | Ep: 1980 | Steps:  274 | Reward:   749.99
Total T:  200748 | Ep: 1981 | Steps:  424 | Reward:   970.28
Total T:  200998 | Ep: 1982 | Steps:  250 | Reward:   622.17
Total T:  201214 | Ep: 1983 | Steps:  216 | Reward:   564.86
Total T:  201440 | Ep: 1984 | Steps:  226 | Reward:   575.23
Total T:  201706 | Ep: 1985 | Steps:  266 | Reward:   627.82
Total T:  202275 | Ep: 1986 | Steps:  569 | Reward:  1299.24
Total T:  202554 | Ep: 1987 | Steps:  279 | Reward:   669.19
Total T:  202831 | Ep: 1988 | Steps:  277 | Reward:   741.16
Total T:  203100 | Ep: 1989 | Steps:  269 | Reward:   620.47
Total T:  203399 | Ep: 1990 | Steps:  299 | Reward:   698.05
Total T:  203708 | Ep: 1991 | Steps:  309 | Reward:   814.66
Total T:  203980 | Ep: 1992 | Steps:  272 | Reward:   743.99
Total T:  204223 | Ep: 1993 | Steps:  243 | Reward:   637.13
Total T:  204509 | Ep: 1994 | Steps:  286 | Reward:   777.12
Total T:  204715 | Ep: 1995 | Steps:  206 | Reward:   510.99
Total T:  205238 | Ep: 1996 | Steps:  523 | Reward:  1310.67
Total T:  205473 | Ep: 1997 | Steps:  235 | Reward:   581.23
Total T:  205785 | Ep: 1998 | Steps:  312 | Reward:   723.80
Total T:  206052 | Ep: 1999 | Steps:  267 | Reward:   742.98
Total T:  206331 | Ep: 2000 | Steps:  279 | Reward:   677.50
Total T:  206577 | Ep: 2001 | Steps:  246 | Reward:   598.49
Total T:  206807 | Ep: 2002 | Steps:  230 | Reward:   586.86
Total T:  207086 | Ep: 2003 | Steps:  279 | Reward:   822.42
Total T:  207214 | Ep: 2004 | Steps:  128 | Reward:   214.47
Total T:  207854 | Ep: 2005 | Steps:  640 | Reward:  1638.67
Total T:  208123 | Ep: 2006 | Steps:  269 | Reward:   785.39
Total T:  208424 | Ep: 2007 | Steps:  301 | Reward:   846.57
Total T:  208696 | Ep: 2008 | Steps:  272 | Reward:   779.42
Total T:  209008 | Ep: 2009 | Steps:  312 | Reward:   869.71
Total T:  209334 | Ep: 2010 | Steps:  326 | Reward:   823.90
Total T:  209622 | Ep: 2011 | Steps:  288 | Reward:   732.09
Total T:  209899 | Ep: 2012 | Steps:  277 | Reward:   752.88
---------------------------------------
Evaluation over 10 episodes: 769.992
---------------------------------------
Total T:  210093 | Ep: 2013 | Steps:  194 | Reward:   334.34
Total T:  210380 | Ep: 2014 | Steps:  287 | Reward:   740.78
Total T:  210902 | Ep: 2015 | Steps:  522 | Reward:  1200.36
Total T:  211191 | Ep: 2016 | Steps:  289 | Reward:   711.88
Total T:  211489 | Ep: 2017 | Steps:  298 | Reward:   787.32
Total T:  211740 | Ep: 2018 | Steps:  251 | Reward:   638.08
Total T:  212272 | Ep: 2019 | Steps:  532 | Reward:  1328.55
Total T:  212401 | Ep: 2020 | Steps:  129 | Reward:   202.29
Total T:  212874 | Ep: 2021 | Steps:  473 | Reward:  1293.98
Total T:  213311 | Ep: 2022 | Steps:  437 | Reward:  1290.13
Total T:  213706 | Ep: 2023 | Steps:  395 | Reward:  1118.34
Total T:  214226 | Ep: 2024 | Steps:  520 | Reward:  1583.48
Total T:  214900 | Ep: 2025 | Steps:  674 | Reward:  1763.08
Total T:  215249 | Ep: 2026 | Steps:  349 | Reward:   996.33
Total T:  215663 | Ep: 2027 | Steps:  414 | Reward:  1173.23
Total T:  216034 | Ep: 2028 | Steps:  371 | Reward:   176.14
Total T:  216303 | Ep: 2029 | Steps:  269 | Reward:   685.98
Total T:  216663 | Ep: 2030 | Steps:  360 | Reward:   537.67
Total T:  217016 | Ep: 2031 | Steps:  353 | Reward:   986.28
Total T:  217360 | Ep: 2032 | Steps:  344 | Reward:   912.74
Total T:  217738 | Ep: 2033 | Steps:  378 | Reward:   898.26
Total T:  218070 | Ep: 2034 | Steps:  332 | Reward:   940.66
Total T:  218538 | Ep: 2035 | Steps:  468 | Reward:  1078.61
Total T:  218949 | Ep: 2036 | Steps:  411 | Reward:   894.30
Total T:  219247 | Ep: 2037 | Steps:  298 | Reward:   796.10
Total T:  219749 | Ep: 2038 | Steps:  502 | Reward:   476.17
---------------------------------------
Evaluation over 10 episodes: 1082.207
---------------------------------------
Total T:  220368 | Ep: 2039 | Steps:  619 | Reward:  1740.03
Total T:  220837 | Ep: 2040 | Steps:  469 | Reward:  1245.26
Total T:  221374 | Ep: 2041 | Steps:  537 | Reward:  1353.47
Total T:  221763 | Ep: 2042 | Steps:  389 | Reward:  1141.33
Total T:  222050 | Ep: 2043 | Steps:  287 | Reward:   740.32
Total T:  222336 | Ep: 2044 | Steps:  286 | Reward:   823.51
Total T:  222643 | Ep: 2045 | Steps:  307 | Reward:   111.30
Total T:  223074 | Ep: 2046 | Steps:  431 | Reward:  1255.93
Total T:  223392 | Ep: 2047 | Steps:  318 | Reward:   925.34
Total T:  223772 | Ep: 2048 | Steps:  380 | Reward:  1055.96
Total T:  224077 | Ep: 2049 | Steps:  305 | Reward:   718.35
Total T:  224381 | Ep: 2050 | Steps:  304 | Reward:   841.72
Total T:  224861 | Ep: 2051 | Steps:  480 | Reward:  1242.27
Total T:  225186 | Ep: 2052 | Steps:  325 | Reward:   889.90
Total T:  225544 | Ep: 2053 | Steps:  358 | Reward:  1103.50
Total T:  225850 | Ep: 2054 | Steps:  306 | Reward:   829.97
Total T:  226267 | Ep: 2055 | Steps:  417 | Reward:  1156.92
Total T:  226621 | Ep: 2056 | Steps:  354 | Reward:   933.66
Total T:  227262 | Ep: 2057 | Steps:  641 | Reward:  1420.87
Total T:  227561 | Ep: 2058 | Steps:  299 | Reward:   786.05
Total T:  227760 | Ep: 2059 | Steps:  199 | Reward:   461.09
Total T:  228214 | Ep: 2060 | Steps:  454 | Reward:  1364.21
Total T:  228542 | Ep: 2061 | Steps:  328 | Reward:   858.29
Total T:  228978 | Ep: 2062 | Steps:  436 | Reward:  1251.12
Total T:  229335 | Ep: 2063 | Steps:  357 | Reward:   980.06
Total T:  229620 | Ep: 2064 | Steps:  285 | Reward:   805.45
Total T:  229718 | Ep: 2065 | Steps:   98 | Reward:   161.44
---------------------------------------
Evaluation over 10 episodes: 888.944
---------------------------------------
Total T:  230061 | Ep: 2066 | Steps:  343 | Reward:   873.01
Total T:  230461 | Ep: 2067 | Steps:  400 | Reward:  1061.42
Total T:  230829 | Ep: 2068 | Steps:  368 | Reward:   922.67
Total T:  231074 | Ep: 2069 | Steps:  245 | Reward:   677.52
Total T:  231356 | Ep: 2070 | Steps:  282 | Reward:   805.61
Total T:  231754 | Ep: 2071 | Steps:  398 | Reward:  1129.73
Total T:  231993 | Ep: 2072 | Steps:  239 | Reward:   665.53
Total T:  232552 | Ep: 2073 | Steps:  559 | Reward:  1625.97
Total T:  232915 | Ep: 2074 | Steps:  363 | Reward:   991.73
Total T:  233234 | Ep: 2075 | Steps:  319 | Reward:   834.95
Total T:  233630 | Ep: 2076 | Steps:  396 | Reward:  1124.27
Total T:  233965 | Ep: 2077 | Steps:  335 | Reward:   940.13
Total T:  234291 | Ep: 2078 | Steps:  326 | Reward:   926.58
Total T:  234803 | Ep: 2079 | Steps:  512 | Reward:  1382.96
Total T:  235467 | Ep: 2080 | Steps:  664 | Reward:  1657.18
Total T:  236067 | Ep: 2081 | Steps:  600 | Reward:  1676.23
Total T:  236472 | Ep: 2082 | Steps:  405 | Reward:  1218.67
Total T:  236931 | Ep: 2083 | Steps:  459 | Reward:  1344.34
Total T:  237335 | Ep: 2084 | Steps:  404 | Reward:  1141.12
Total T:  237907 | Ep: 2085 | Steps:  572 | Reward:  1762.02
Total T:  238222 | Ep: 2086 | Steps:  315 | Reward:   836.22
Total T:  238470 | Ep: 2087 | Steps:  248 | Reward:   622.20
Total T:  238946 | Ep: 2088 | Steps:  476 | Reward:  1268.06
Total T:  239304 | Ep: 2089 | Steps:  358 | Reward:  1037.66
Total T:  239813 | Ep: 2090 | Steps:  509 | Reward:  1423.54
---------------------------------------
Evaluation over 10 episodes: 984.143
---------------------------------------
Total T:  240288 | Ep: 2091 | Steps:  475 | Reward:  1435.66
Total T:  240550 | Ep: 2092 | Steps:  262 | Reward:   738.65
Total T:  240906 | Ep: 2093 | Steps:  356 | Reward:   920.92
Total T:  241418 | Ep: 2094 | Steps:  512 | Reward:  1378.23
Total T:  241728 | Ep: 2095 | Steps:  310 | Reward:   822.59
Total T:  242179 | Ep: 2096 | Steps:  451 | Reward:  1191.29
Total T:  242538 | Ep: 2097 | Steps:  359 | Reward:  1038.19
Total T:  243015 | Ep: 2098 | Steps:  477 | Reward:  1100.38
Total T:  243568 | Ep: 2099 | Steps:  553 | Reward:  1396.59
Total T:  243876 | Ep: 2100 | Steps:  308 | Reward:   840.16
Total T:  244175 | Ep: 2101 | Steps:  299 | Reward:   830.51
Total T:  244944 | Ep: 2102 | Steps:  769 | Reward:  1431.35
Total T:  245349 | Ep: 2103 | Steps:  405 | Reward:   968.92
Total T:  245762 | Ep: 2104 | Steps:  413 | Reward:  1223.40
Total T:  246235 | Ep: 2105 | Steps:  473 | Reward:  1153.88
Total T:  246619 | Ep: 2106 | Steps:  384 | Reward:  1083.37
Total T:  246983 | Ep: 2107 | Steps:  364 | Reward:  1045.53
Total T:  247337 | Ep: 2108 | Steps:  354 | Reward:  1020.06
Total T:  247735 | Ep: 2109 | Steps:  398 | Reward:  1141.23
Total T:  248157 | Ep: 2110 | Steps:  422 | Reward:  1140.40
Total T:  248626 | Ep: 2111 | Steps:  469 | Reward:  1372.04
Total T:  249014 | Ep: 2112 | Steps:  388 | Reward:  1120.15
Total T:  249411 | Ep: 2113 | Steps:  397 | Reward:  1118.78
Total T:  249671 | Ep: 2114 | Steps:  260 | Reward:   602.22
Total T:  249829 | Ep: 2115 | Steps:  158 | Reward:   314.63
---------------------------------------
Evaluation over 10 episodes: 984.021
---------------------------------------
Total T:  250324 | Ep: 2116 | Steps:  495 | Reward:  1618.70
Total T:  250637 | Ep: 2117 | Steps:  313 | Reward:   830.34
Total T:  250752 | Ep: 2118 | Steps:  115 | Reward:   172.84
Total T:  251752 | Ep: 2119 | Steps: 1000 | Reward:  1260.23
Total T:  252184 | Ep: 2120 | Steps:  432 | Reward:  1333.95
Total T:  252816 | Ep: 2121 | Steps:  632 | Reward:  1992.44
Total T:  253136 | Ep: 2122 | Steps:  320 | Reward:   808.74
Total T:  253501 | Ep: 2123 | Steps:  365 | Reward:  1082.51
Total T:  253630 | Ep: 2124 | Steps:  129 | Reward:   164.03
Total T:  253805 | Ep: 2125 | Steps:  175 | Reward:   424.89
Total T:  254422 | Ep: 2126 | Steps:  617 | Reward:  1665.93
Total T:  254511 | Ep: 2127 | Steps:   89 | Reward:   157.83
Total T:  254732 | Ep: 2128 | Steps:  221 | Reward:   581.39
Total T:  254931 | Ep: 2129 | Steps:  199 | Reward:   404.18
Total T:  255211 | Ep: 2130 | Steps:  280 | Reward:   707.83
Total T:  255684 | Ep: 2131 | Steps:  473 | Reward:  1453.32
Total T:  256052 | Ep: 2132 | Steps:  368 | Reward:  1069.41
Total T:  256907 | Ep: 2133 | Steps:  855 | Reward:  2530.91
Total T:  257064 | Ep: 2134 | Steps:  157 | Reward:   374.05
Total T:  257559 | Ep: 2135 | Steps:  495 | Reward:  1423.42
Total T:  257787 | Ep: 2136 | Steps:  228 | Reward:   565.12
Total T:  258427 | Ep: 2137 | Steps:  640 | Reward:  1909.42
Total T:  258701 | Ep: 2138 | Steps:  274 | Reward:   740.90
Total T:  259028 | Ep: 2139 | Steps:  327 | Reward:   864.82
Total T:  259529 | Ep: 2140 | Steps:  501 | Reward:  1320.38
Total T:  259962 | Ep: 2141 | Steps:  433 | Reward:  1262.31
---------------------------------------
Evaluation over 10 episodes: 1261.359
---------------------------------------
Total T:  260417 | Ep: 2142 | Steps:  455 | Reward:  1339.45
Total T:  260709 | Ep: 2143 | Steps:  292 | Reward:   845.32
Total T:  261474 | Ep: 2144 | Steps:  765 | Reward:  2213.09
Total T:  261726 | Ep: 2145 | Steps:  252 | Reward:   655.52
Total T:  262046 | Ep: 2146 | Steps:  320 | Reward:   904.34
Total T:  262353 | Ep: 2147 | Steps:  307 | Reward:   913.23
Total T:  262659 | Ep: 2148 | Steps:  306 | Reward:   893.08
Total T:  263113 | Ep: 2149 | Steps:  454 | Reward:  1376.39
Total T:  263393 | Ep: 2150 | Steps:  280 | Reward:   792.07
Total T:  263677 | Ep: 2151 | Steps:  284 | Reward:   807.36
Total T:  264244 | Ep: 2152 | Steps:  567 | Reward:  1606.99
Total T:  264856 | Ep: 2153 | Steps:  612 | Reward:  1971.01
Total T:  265228 | Ep: 2154 | Steps:  372 | Reward:   965.22
Total T:  265416 | Ep: 2155 | Steps:  188 | Reward:   464.02
Total T:  265728 | Ep: 2156 | Steps:  312 | Reward:   888.84
Total T:  266280 | Ep: 2157 | Steps:  552 | Reward:  1676.78
Total T:  266520 | Ep: 2158 | Steps:  240 | Reward:   655.38
Total T:  266878 | Ep: 2159 | Steps:  358 | Reward:  1089.32
Total T:  267326 | Ep: 2160 | Steps:  448 | Reward:  1305.70
Total T:  267759 | Ep: 2161 | Steps:  433 | Reward:  1294.74
Total T:  268020 | Ep: 2162 | Steps:  261 | Reward:   651.05
Total T:  268521 | Ep: 2163 | Steps:  501 | Reward:  1654.18
Total T:  268869 | Ep: 2164 | Steps:  348 | Reward:  1090.09
Total T:  268966 | Ep: 2165 | Steps:   97 | Reward:   163.66
Total T:  269368 | Ep: 2166 | Steps:  402 | Reward:  1213.20
Total T:  269717 | Ep: 2167 | Steps:  349 | Reward:  1055.15
Total T:  269897 | Ep: 2168 | Steps:  180 | Reward:   413.29
---------------------------------------
Evaluation over 10 episodes: 1048.148
---------------------------------------
Total T:  270125 | Ep: 2169 | Steps:  228 | Reward:   593.43
Total T:  270219 | Ep: 2170 | Steps:   94 | Reward:   151.81
Total T:  270646 | Ep: 2171 | Steps:  427 | Reward:  1302.49
Total T:  271232 | Ep: 2172 | Steps:  586 | Reward:  1823.18
Total T:  271636 | Ep: 2173 | Steps:  404 | Reward:  1279.05
Total T:  271987 | Ep: 2174 | Steps:  351 | Reward:  1006.41
Total T:  272529 | Ep: 2175 | Steps:  542 | Reward:  1612.49
Total T:  272896 | Ep: 2176 | Steps:  367 | Reward:  1026.47
Total T:  273407 | Ep: 2177 | Steps:  511 | Reward:  1529.88
Total T:  274059 | Ep: 2178 | Steps:  652 | Reward:  1838.96
Total T:  274532 | Ep: 2179 | Steps:  473 | Reward:  1450.63
Total T:  274960 | Ep: 2180 | Steps:  428 | Reward:  1337.96
Total T:  275359 | Ep: 2181 | Steps:  399 | Reward:  1199.92
Total T:  275430 | Ep: 2182 | Steps:   71 | Reward:   105.12
Total T:  275786 | Ep: 2183 | Steps:  356 | Reward:  1140.58
Total T:  276328 | Ep: 2184 | Steps:  542 | Reward:  1607.34
Total T:  276682 | Ep: 2185 | Steps:  354 | Reward:  1099.15
Total T:  277037 | Ep: 2186 | Steps:  355 | Reward:  1077.66
Total T:  277472 | Ep: 2187 | Steps:  435 | Reward:  1337.27
Total T:  277802 | Ep: 2188 | Steps:  330 | Reward:   883.09
Total T:  278184 | Ep: 2189 | Steps:  382 | Reward:  1144.06
Total T:  278509 | Ep: 2190 | Steps:  325 | Reward:   980.58
Total T:  279062 | Ep: 2191 | Steps:  553 | Reward:  1714.63
Total T:  279569 | Ep: 2192 | Steps:  507 | Reward:  1421.18
Total T:  279830 | Ep: 2193 | Steps:  261 | Reward:   737.18
---------------------------------------
Evaluation over 10 episodes: 1640.319
---------------------------------------
Total T:  280447 | Ep: 2194 | Steps:  617 | Reward:  1819.47
Total T:  280818 | Ep: 2195 | Steps:  371 | Reward:  1106.67
Total T:  281158 | Ep: 2196 | Steps:  340 | Reward:   976.33
Total T:  281482 | Ep: 2197 | Steps:  324 | Reward:   895.66
Total T:  281791 | Ep: 2198 | Steps:  309 | Reward:   938.35
Total T:  282276 | Ep: 2199 | Steps:  485 | Reward:  1395.71
Total T:  282628 | Ep: 2200 | Steps:  352 | Reward:   956.27
Total T:  282942 | Ep: 2201 | Steps:  314 | Reward:   960.44
Total T:  283480 | Ep: 2202 | Steps:  538 | Reward:  1735.81
Total T:  283844 | Ep: 2203 | Steps:  364 | Reward:  1038.32
Total T:  284844 | Ep: 2204 | Steps: 1000 | Reward:  2905.70
Total T:  285320 | Ep: 2205 | Steps:  476 | Reward:  1500.04
Total T:  286196 | Ep: 2206 | Steps:  876 | Reward:  2814.69
Total T:  286449 | Ep: 2207 | Steps:  253 | Reward:   701.21
Total T:  287449 | Ep: 2208 | Steps: 1000 | Reward:  2791.46
Total T:  288004 | Ep: 2209 | Steps:  555 | Reward:  1647.15
Total T:  288795 | Ep: 2210 | Steps:  791 | Reward:  2306.06
Total T:  289444 | Ep: 2211 | Steps:  649 | Reward:  2036.85
---------------------------------------
Evaluation over 10 episodes: 1811.661
---------------------------------------
Total T:  290444 | Ep: 2212 | Steps: 1000 | Reward:  2597.97
Total T:  291444 | Ep: 2213 | Steps: 1000 | Reward:  3023.39
Total T:  292208 | Ep: 2214 | Steps:  764 | Reward:  2242.73
Total T:  292692 | Ep: 2215 | Steps:  484 | Reward:  1409.60
Total T:  293692 | Ep: 2216 | Steps: 1000 | Reward:  2643.13
Total T:  294692 | Ep: 2217 | Steps: 1000 | Reward:  2628.54
Total T:  295692 | Ep: 2218 | Steps: 1000 | Reward:  2465.00
Total T:  295855 | Ep: 2219 | Steps:  163 | Reward:   154.34
Total T:  296816 | Ep: 2220 | Steps:  961 | Reward:  2996.36
Total T:  297490 | Ep: 2221 | Steps:  674 | Reward:  2205.74
Total T:  298490 | Ep: 2222 | Steps: 1000 | Reward:  2736.66
Total T:  299490 | Ep: 2223 | Steps: 1000 | Reward:  2436.81
Total T:  299610 | Ep: 2224 | Steps:  120 | Reward:   139.08
Total T:  299718 | Ep: 2225 | Steps:  108 | Reward:   100.53
---------------------------------------
Evaluation over 10 episodes: 2503.870
---------------------------------------
Total T:  300718 | Ep: 2226 | Steps: 1000 | Reward:  2843.26
Total T:  301718 | Ep: 2227 | Steps: 1000 | Reward:  2375.35
Total T:  302718 | Ep: 2228 | Steps: 1000 | Reward:  2560.45
Total T:  303410 | Ep: 2229 | Steps:  692 | Reward:  2066.41
Total T:  304410 | Ep: 2230 | Steps: 1000 | Reward:  2595.61
Total T:  305410 | Ep: 2231 | Steps: 1000 | Reward:  2742.14
Total T:  306410 | Ep: 2232 | Steps: 1000 | Reward:  2837.05
Total T:  307410 | Ep: 2233 | Steps: 1000 | Reward:  2809.60
Total T:  308079 | Ep: 2234 | Steps:  669 | Reward:  1904.02
Total T:  309079 | Ep: 2235 | Steps: 1000 | Reward:  2534.96
Total T:  309651 | Ep: 2236 | Steps:  572 | Reward:  1557.87
---------------------------------------
Evaluation over 10 episodes: 2572.148
---------------------------------------
Total T:  310651 | Ep: 2237 | Steps: 1000 | Reward:  2896.39
Total T:  310758 | Ep: 2238 | Steps:  107 | Reward:   107.26
Total T:  311758 | Ep: 2239 | Steps: 1000 | Reward:  2717.12
Total T:  311977 | Ep: 2240 | Steps:  219 | Reward:   462.68
Total T:  312608 | Ep: 2241 | Steps:  631 | Reward:  1788.50
Total T:  313608 | Ep: 2242 | Steps: 1000 | Reward:  2662.04
Total T:  314499 | Ep: 2243 | Steps:  891 | Reward:  2632.04
Total T:  315499 | Ep: 2244 | Steps: 1000 | Reward:  2919.20
Total T:  316499 | Ep: 2245 | Steps: 1000 | Reward:  2704.33
Total T:  316842 | Ep: 2246 | Steps:  343 | Reward:   969.62
Total T:  317842 | Ep: 2247 | Steps: 1000 | Reward:  2896.71
Total T:  318842 | Ep: 2248 | Steps: 1000 | Reward:  2877.21
Total T:  319842 | Ep: 2249 | Steps: 1000 | Reward:  2774.41
---------------------------------------
Evaluation over 10 episodes: 2586.168
---------------------------------------
Total T:  320027 | Ep: 2250 | Steps:  185 | Reward:   250.01
Total T:  321027 | Ep: 2251 | Steps: 1000 | Reward:  2768.70
Total T:  321789 | Ep: 2252 | Steps:  762 | Reward:  2282.31
Total T:  322789 | Ep: 2253 | Steps: 1000 | Reward:  2770.19
Total T:  323789 | Ep: 2254 | Steps: 1000 | Reward:  2837.54
Total T:  324789 | Ep: 2255 | Steps: 1000 | Reward:  2700.19
Total T:  325789 | Ep: 2256 | Steps: 1000 | Reward:  2884.85
Total T:  326789 | Ep: 2257 | Steps: 1000 | Reward:  2727.41
Total T:  327789 | Ep: 2258 | Steps: 1000 | Reward:  2888.65
Total T:  328789 | Ep: 2259 | Steps: 1000 | Reward:  2931.54
Total T:  329087 | Ep: 2260 | Steps:  298 | Reward:   619.22
---------------------------------------
Evaluation over 10 episodes: 2575.924
---------------------------------------
Total T:  330087 | Ep: 2261 | Steps: 1000 | Reward:  2651.51
Total T:  331087 | Ep: 2262 | Steps: 1000 | Reward:  2968.85
Total T:  332087 | Ep: 2263 | Steps: 1000 | Reward:  2950.83
Total T:  333087 | Ep: 2264 | Steps: 1000 | Reward:  2684.43
Total T:  333940 | Ep: 2265 | Steps:  853 | Reward:  2552.64
Total T:  334739 | Ep: 2266 | Steps:  799 | Reward:  2400.62
Total T:  335739 | Ep: 2267 | Steps: 1000 | Reward:  3014.24
Total T:  336739 | Ep: 2268 | Steps: 1000 | Reward:  3159.45
Total T:  337575 | Ep: 2269 | Steps:  836 | Reward:  2576.22
Total T:  337843 | Ep: 2270 | Steps:  268 | Reward:   646.56
Total T:  338843 | Ep: 2271 | Steps: 1000 | Reward:  2897.89
Total T:  339843 | Ep: 2272 | Steps: 1000 | Reward:  2892.89
---------------------------------------
Evaluation over 10 episodes: 2621.800
---------------------------------------
Total T:  340843 | Ep: 2273 | Steps: 1000 | Reward:  3036.90
Total T:  341843 | Ep: 2274 | Steps: 1000 | Reward:  2948.37
Total T:  342843 | Ep: 2275 | Steps: 1000 | Reward:  3059.46
Total T:  343362 | Ep: 2276 | Steps:  519 | Reward:  1538.17
Total T:  344362 | Ep: 2277 | Steps: 1000 | Reward:  3011.57
Total T:  345362 | Ep: 2278 | Steps: 1000 | Reward:  3115.49
Total T:  346240 | Ep: 2279 | Steps:  878 | Reward:  2714.10
Total T:  347240 | Ep: 2280 | Steps: 1000 | Reward:  3056.28
Total T:  347390 | Ep: 2281 | Steps:  150 | Reward:   212.60
Total T:  348390 | Ep: 2282 | Steps: 1000 | Reward:  3114.26
Total T:  349390 | Ep: 2283 | Steps: 1000 | Reward:  3048.33
---------------------------------------
Evaluation over 10 episodes: 1846.351
---------------------------------------
Total T:  350080 | Ep: 2284 | Steps:  690 | Reward:  2001.72
Total T:  350254 | Ep: 2285 | Steps:  174 | Reward:   502.40
Total T:  350974 | Ep: 2286 | Steps:  720 | Reward:  2408.08
Total T:  351607 | Ep: 2287 | Steps:  633 | Reward:  1963.16
Total T:  352607 | Ep: 2288 | Steps: 1000 | Reward:  3194.15
Total T:  353607 | Ep: 2289 | Steps: 1000 | Reward:  2947.74
Total T:  353912 | Ep: 2290 | Steps:  305 | Reward:   884.71
Total T:  354190 | Ep: 2291 | Steps:  278 | Reward:   718.76
Total T:  355190 | Ep: 2292 | Steps: 1000 | Reward:  3052.79
Total T:  355809 | Ep: 2293 | Steps:  619 | Reward:  1967.80
Total T:  356284 | Ep: 2294 | Steps:  475 | Reward:  1520.55
Total T:  356828 | Ep: 2295 | Steps:  544 | Reward:  1674.58
Total T:  357793 | Ep: 2296 | Steps:  965 | Reward:  3120.39
Total T:  358793 | Ep: 2297 | Steps: 1000 | Reward:  3193.47
Total T:  359102 | Ep: 2298 | Steps:  309 | Reward:  1009.07
Total T:  359767 | Ep: 2299 | Steps:  665 | Reward:  2146.63
---------------------------------------
Evaluation over 10 episodes: 1968.677
---------------------------------------
Total T:  360120 | Ep: 2300 | Steps:  353 | Reward:  1083.45
Total T:  361120 | Ep: 2301 | Steps: 1000 | Reward:  2985.70
Total T:  361542 | Ep: 2302 | Steps:  422 | Reward:  1312.36
Total T:  362539 | Ep: 2303 | Steps:  997 | Reward:  3483.36
Total T:  362976 | Ep: 2304 | Steps:  437 | Reward:  1488.53
Total T:  363726 | Ep: 2305 | Steps:  750 | Reward:  2398.13
Total T:  364726 | Ep: 2306 | Steps: 1000 | Reward:  3069.14
Total T:  365726 | Ep: 2307 | Steps: 1000 | Reward:  2879.57
Total T:  366726 | Ep: 2308 | Steps: 1000 | Reward:  2995.09
Total T:  367073 | Ep: 2309 | Steps:  347 | Reward:  1076.78
Total T:  368073 | Ep: 2310 | Steps: 1000 | Reward:  3123.94
Total T:  368860 | Ep: 2311 | Steps:  787 | Reward:  2385.51
Total T:  369278 | Ep: 2312 | Steps:  418 | Reward:  1236.06
---------------------------------------
Evaluation over 10 episodes: 2675.530
---------------------------------------
Total T:  370278 | Ep: 2313 | Steps: 1000 | Reward:  3229.69
Total T:  370412 | Ep: 2314 | Steps:  134 | Reward:   337.05
Total T:  370623 | Ep: 2315 | Steps:  211 | Reward:   668.52
Total T:  371352 | Ep: 2316 | Steps:  729 | Reward:  2304.62
Total T:  372352 | Ep: 2317 | Steps: 1000 | Reward:  2909.90
Total T:  372781 | Ep: 2318 | Steps:  429 | Reward:  1425.16
Total T:  373533 | Ep: 2319 | Steps:  752 | Reward:  2295.08
Total T:  374533 | Ep: 2320 | Steps: 1000 | Reward:  3032.95
Total T:  375128 | Ep: 2321 | Steps:  595 | Reward:  1936.81
Total T:  376128 | Ep: 2322 | Steps: 1000 | Reward:  2918.13
Total T:  377113 | Ep: 2323 | Steps:  985 | Reward:  3187.91
Total T:  377856 | Ep: 2324 | Steps:  743 | Reward:  2390.10
Total T:  378856 | Ep: 2325 | Steps: 1000 | Reward:  2884.64
Total T:  379856 | Ep: 2326 | Steps: 1000 | Reward:  3052.74
---------------------------------------
Evaluation over 10 episodes: 2800.161
---------------------------------------
Total T:  380378 | Ep: 2327 | Steps:  522 | Reward:  1628.92
Total T:  380562 | Ep: 2328 | Steps:  184 | Reward:   284.57
Total T:  381562 | Ep: 2329 | Steps: 1000 | Reward:  2850.58
Total T:  382562 | Ep: 2330 | Steps: 1000 | Reward:  2819.65
Total T:  383562 | Ep: 2331 | Steps: 1000 | Reward:  2927.31
Total T:  384562 | Ep: 2332 | Steps: 1000 | Reward:  2889.16
Total T:  385562 | Ep: 2333 | Steps: 1000 | Reward:  2971.45
Total T:  386562 | Ep: 2334 | Steps: 1000 | Reward:  3069.38
Total T:  387562 | Ep: 2335 | Steps: 1000 | Reward:  2951.55
Total T:  388562 | Ep: 2336 | Steps: 1000 | Reward:  2957.45
Total T:  388690 | Ep: 2337 | Steps:  128 | Reward:   312.03
Total T:  388769 | Ep: 2338 | Steps:   79 | Reward:   120.41
Total T:  389147 | Ep: 2339 | Steps:  378 | Reward:  1223.47
---------------------------------------
Evaluation over 10 episodes: 2191.975
---------------------------------------
Total T:  390147 | Ep: 2340 | Steps: 1000 | Reward:  3009.98
Total T:  391147 | Ep: 2341 | Steps: 1000 | Reward:  2975.59
Total T:  392147 | Ep: 2342 | Steps: 1000 | Reward:  3010.36
Total T:  393147 | Ep: 2343 | Steps: 1000 | Reward:  2986.08
Total T:  394147 | Ep: 2344 | Steps: 1000 | Reward:  2822.35
Total T:  395147 | Ep: 2345 | Steps: 1000 | Reward:  2982.39
Total T:  395916 | Ep: 2346 | Steps:  769 | Reward:  2546.61
Total T:  396279 | Ep: 2347 | Steps:  363 | Reward:  1047.52
Total T:  396791 | Ep: 2348 | Steps:  512 | Reward:  1656.86
Total T:  397791 | Ep: 2349 | Steps: 1000 | Reward:  2892.05
Total T:  398791 | Ep: 2350 | Steps: 1000 | Reward:  3133.07
Total T:  399791 | Ep: 2351 | Steps: 1000 | Reward:  2988.38
---------------------------------------
Evaluation over 10 episodes: 2983.153
---------------------------------------
Total T:  400791 | Ep: 2352 | Steps: 1000 | Reward:  2958.54
Total T:  401791 | Ep: 2353 | Steps: 1000 | Reward:  3079.68
Total T:  402791 | Ep: 2354 | Steps: 1000 | Reward:  3037.81
Total T:  403394 | Ep: 2355 | Steps:  603 | Reward:  1918.47
Total T:  404394 | Ep: 2356 | Steps: 1000 | Reward:  3220.90
Total T:  404862 | Ep: 2357 | Steps:  468 | Reward:  1603.81
Total T:  405323 | Ep: 2358 | Steps:  461 | Reward:  1524.81
Total T:  405675 | Ep: 2359 | Steps:  352 | Reward:   951.05
Total T:  406675 | Ep: 2360 | Steps: 1000 | Reward:  3158.72
Total T:  407121 | Ep: 2361 | Steps:  446 | Reward:  1400.52
Total T:  407907 | Ep: 2362 | Steps:  786 | Reward:  2776.30
Total T:  408297 | Ep: 2363 | Steps:  390 | Reward:  1211.80
Total T:  408915 | Ep: 2364 | Steps:  618 | Reward:  2038.76
Total T:  409324 | Ep: 2365 | Steps:  409 | Reward:  1376.21
Total T:  409983 | Ep: 2366 | Steps:  659 | Reward:  2111.05
---------------------------------------
Evaluation over 10 episodes: 2329.743
---------------------------------------
Total T:  410983 | Ep: 2367 | Steps: 1000 | Reward:  3268.64
Total T:  411435 | Ep: 2368 | Steps:  452 | Reward:  1447.72
Total T:  411863 | Ep: 2369 | Steps:  428 | Reward:  1398.95
Total T:  412583 | Ep: 2370 | Steps:  720 | Reward:  2260.26
Total T:  412907 | Ep: 2371 | Steps:  324 | Reward:   967.56
Total T:  413318 | Ep: 2372 | Steps:  411 | Reward:  1376.19
Total T:  414318 | Ep: 2373 | Steps: 1000 | Reward:  3302.35
Total T:  415055 | Ep: 2374 | Steps:  737 | Reward:  2578.19
Total T:  415546 | Ep: 2375 | Steps:  491 | Reward:  1619.96
Total T:  416270 | Ep: 2376 | Steps:  724 | Reward:  2340.60
Total T:  416626 | Ep: 2377 | Steps:  356 | Reward:  1152.35
Total T:  417406 | Ep: 2378 | Steps:  780 | Reward:  2693.47
Total T:  417714 | Ep: 2379 | Steps:  308 | Reward:   933.55
Total T:  418714 | Ep: 2380 | Steps: 1000 | Reward:  3189.49
Total T:  419318 | Ep: 2381 | Steps:  604 | Reward:  1968.37
Total T:  419784 | Ep: 2382 | Steps:  466 | Reward:  1591.76
---------------------------------------
Evaluation over 10 episodes: 1873.947
---------------------------------------
Total T:  420784 | Ep: 2383 | Steps: 1000 | Reward:  3399.38
Total T:  421618 | Ep: 2384 | Steps:  834 | Reward:  2862.79
Total T:  422126 | Ep: 2385 | Steps:  508 | Reward:  1687.38
Total T:  422849 | Ep: 2386 | Steps:  723 | Reward:  2455.82
Total T:  423104 | Ep: 2387 | Steps:  255 | Reward:   718.60
Total T:  423170 | Ep: 2388 | Steps:   66 | Reward:   107.99
Total T:  423462 | Ep: 2389 | Steps:  292 | Reward:   875.58
Total T:  424398 | Ep: 2390 | Steps:  936 | Reward:  3253.05
Total T:  424870 | Ep: 2391 | Steps:  472 | Reward:  1578.91
Total T:  425786 | Ep: 2392 | Steps:  916 | Reward:  3162.17
Total T:  426786 | Ep: 2393 | Steps: 1000 | Reward:  3074.96
Total T:  427786 | Ep: 2394 | Steps: 1000 | Reward:  3195.12
Total T:  428786 | Ep: 2395 | Steps: 1000 | Reward:  3300.38
Total T:  429786 | Ep: 2396 | Steps: 1000 | Reward:  3224.70
---------------------------------------
Evaluation over 10 episodes: 3244.333
---------------------------------------
Total T:  430366 | Ep: 2397 | Steps:  580 | Reward:  2057.36
Total T:  431366 | Ep: 2398 | Steps: 1000 | Reward:  3091.61
Total T:  431950 | Ep: 2399 | Steps:  584 | Reward:  1912.84
Total T:  432950 | Ep: 2400 | Steps: 1000 | Reward:  3146.76
Total T:  433950 | Ep: 2401 | Steps: 1000 | Reward:  2987.83
Total T:  434950 | Ep: 2402 | Steps: 1000 | Reward:  3269.11
Total T:  435950 | Ep: 2403 | Steps: 1000 | Reward:  3171.63
Total T:  436950 | Ep: 2404 | Steps: 1000 | Reward:  3212.80
Total T:  437950 | Ep: 2405 | Steps: 1000 | Reward:  3186.93
Total T:  438013 | Ep: 2406 | Steps:   63 | Reward:    96.96
Total T:  439013 | Ep: 2407 | Steps: 1000 | Reward:  3202.50
---------------------------------------
Evaluation over 10 episodes: 2871.447
---------------------------------------
Total T:  440013 | Ep: 2408 | Steps: 1000 | Reward:  3172.04
Total T:  441013 | Ep: 2409 | Steps: 1000 | Reward:  3209.78
Total T:  442013 | Ep: 2410 | Steps: 1000 | Reward:  3166.58
Total T:  443013 | Ep: 2411 | Steps: 1000 | Reward:  3215.41
Total T:  444013 | Ep: 2412 | Steps: 1000 | Reward:  3205.13
Total T:  444077 | Ep: 2413 | Steps:   64 | Reward:   105.09
Total T:  444225 | Ep: 2414 | Steps:  148 | Reward:   401.34
Total T:  444384 | Ep: 2415 | Steps:  159 | Reward:   413.61
Total T:  445384 | Ep: 2416 | Steps: 1000 | Reward:  3216.87
Total T:  446384 | Ep: 2417 | Steps: 1000 | Reward:  3190.79
Total T:  447384 | Ep: 2418 | Steps: 1000 | Reward:  3216.25
Total T:  448384 | Ep: 2419 | Steps: 1000 | Reward:  3113.90
Total T:  449384 | Ep: 2420 | Steps: 1000 | Reward:  3278.01
---------------------------------------
Evaluation over 10 episodes: 2670.219
---------------------------------------
Total T:  450384 | Ep: 2421 | Steps: 1000 | Reward:  3189.42
Total T:  451384 | Ep: 2422 | Steps: 1000 | Reward:  3243.41
Total T:  452384 | Ep: 2423 | Steps: 1000 | Reward:  3260.45
Total T:  452719 | Ep: 2424 | Steps:  335 | Reward:  1127.34
Total T:  453719 | Ep: 2425 | Steps: 1000 | Reward:  3212.21
Total T:  454719 | Ep: 2426 | Steps: 1000 | Reward:  3276.65
Total T:  455719 | Ep: 2427 | Steps: 1000 | Reward:  3276.50
Total T:  455835 | Ep: 2428 | Steps:  116 | Reward:   298.59
Total T:  456048 | Ep: 2429 | Steps:  213 | Reward:   680.15
Total T:  457048 | Ep: 2430 | Steps: 1000 | Reward:  3149.10
Total T:  458048 | Ep: 2431 | Steps: 1000 | Reward:  3286.54
Total T:  459048 | Ep: 2432 | Steps: 1000 | Reward:  3275.31
---------------------------------------
Evaluation over 10 episodes: 2704.767
---------------------------------------
Total T:  460048 | Ep: 2433 | Steps: 1000 | Reward:  3356.11
Total T:  461048 | Ep: 2434 | Steps: 1000 | Reward:  3373.88
Total T:  462048 | Ep: 2435 | Steps: 1000 | Reward:  3360.70
Total T:  462115 | Ep: 2436 | Steps:   67 | Reward:   102.33
Total T:  463115 | Ep: 2437 | Steps: 1000 | Reward:  3232.84
Total T:  463213 | Ep: 2438 | Steps:   98 | Reward:   206.25
Total T:  463683 | Ep: 2439 | Steps:  470 | Reward:  1437.89
Total T:  464683 | Ep: 2440 | Steps: 1000 | Reward:  3409.55
Total T:  465683 | Ep: 2441 | Steps: 1000 | Reward:  3377.64
Total T:  466173 | Ep: 2442 | Steps:  490 | Reward:  1643.51
Total T:  467173 | Ep: 2443 | Steps: 1000 | Reward:  3334.86
Total T:  467242 | Ep: 2444 | Steps:   69 | Reward:   114.13
Total T:  468242 | Ep: 2445 | Steps: 1000 | Reward:  3210.99
Total T:  469242 | Ep: 2446 | Steps: 1000 | Reward:  3388.80
Total T:  469374 | Ep: 2447 | Steps:  132 | Reward:   309.53
---------------------------------------
Evaluation over 10 episodes: 3309.615
---------------------------------------
Total T:  470374 | Ep: 2448 | Steps: 1000 | Reward:  3319.05
Total T:  471333 | Ep: 2449 | Steps:  959 | Reward:  3334.57
Total T:  472333 | Ep: 2450 | Steps: 1000 | Reward:  3306.60
Total T:  473333 | Ep: 2451 | Steps: 1000 | Reward:  3183.35
Total T:  474333 | Ep: 2452 | Steps: 1000 | Reward:  3404.13
Total T:  475333 | Ep: 2453 | Steps: 1000 | Reward:  3258.25
Total T:  476333 | Ep: 2454 | Steps: 1000 | Reward:  3330.70
Total T:  477333 | Ep: 2455 | Steps: 1000 | Reward:  3270.62
Total T:  478333 | Ep: 2456 | Steps: 1000 | Reward:  3252.85
Total T:  479333 | Ep: 2457 | Steps: 1000 | Reward:  3245.30
---------------------------------------
Evaluation over 10 episodes: 3369.540
---------------------------------------
Total T:  480333 | Ep: 2458 | Steps: 1000 | Reward:  3313.37
Total T:  481333 | Ep: 2459 | Steps: 1000 | Reward:  3316.51
Total T:  482333 | Ep: 2460 | Steps: 1000 | Reward:  3274.19
Total T:  483333 | Ep: 2461 | Steps: 1000 | Reward:  3377.88
Total T:  484333 | Ep: 2462 | Steps: 1000 | Reward:  3289.95
Total T:  485333 | Ep: 2463 | Steps: 1000 | Reward:  3232.14
Total T:  486333 | Ep: 2464 | Steps: 1000 | Reward:  3304.43
Total T:  487333 | Ep: 2465 | Steps: 1000 | Reward:  3358.62
Total T:  488333 | Ep: 2466 | Steps: 1000 | Reward:  3309.03
Total T:  489333 | Ep: 2467 | Steps: 1000 | Reward:  3336.74
---------------------------------------
Evaluation over 10 episodes: 2978.074
---------------------------------------
Total T:  490333 | Ep: 2468 | Steps: 1000 | Reward:  3212.93
Total T:  491333 | Ep: 2469 | Steps: 1000 | Reward:  3228.93
Total T:  492333 | Ep: 2470 | Steps: 1000 | Reward:  3296.63
Total T:  492410 | Ep: 2471 | Steps:   77 | Reward:   123.61
Total T:  492967 | Ep: 2472 | Steps:  557 | Reward:  1968.56
Total T:  493967 | Ep: 2473 | Steps: 1000 | Reward:  3302.04
Total T:  494468 | Ep: 2474 | Steps:  501 | Reward:  1795.16
Total T:  495468 | Ep: 2475 | Steps: 1000 | Reward:  3327.26
Total T:  496468 | Ep: 2476 | Steps: 1000 | Reward:  3355.86
Total T:  496690 | Ep: 2477 | Steps:  222 | Reward:   649.36
Total T:  497690 | Ep: 2478 | Steps: 1000 | Reward:  3309.15
Total T:  498690 | Ep: 2479 | Steps: 1000 | Reward:  3432.87
Total T:  499690 | Ep: 2480 | Steps: 1000 | Reward:  3387.36
---------------------------------------
Evaluation over 10 episodes: 3031.193
---------------------------------------
Total T:  500690 | Ep: 2481 | Steps: 1000 | Reward:  3305.61
Total T:  501690 | Ep: 2482 | Steps: 1000 | Reward:  3315.34
Total T:  502690 | Ep: 2483 | Steps: 1000 | Reward:  3341.36
Total T:  503690 | Ep: 2484 | Steps: 1000 | Reward:  3327.29
Total T:  504501 | Ep: 2485 | Steps:  811 | Reward:  2743.83
Total T:  505501 | Ep: 2486 | Steps: 1000 | Reward:  3338.86
Total T:  506501 | Ep: 2487 | Steps: 1000 | Reward:  3174.96
Total T:  507501 | Ep: 2488 | Steps: 1000 | Reward:  3366.38
Total T:  508501 | Ep: 2489 | Steps: 1000 | Reward:  3297.89
Total T:  509501 | Ep: 2490 | Steps: 1000 | Reward:  3298.98
---------------------------------------
Evaluation over 10 episodes: 3372.471
---------------------------------------
Total T:  510501 | Ep: 2491 | Steps: 1000 | Reward:  3299.37
Total T:  511501 | Ep: 2492 | Steps: 1000 | Reward:  3251.16
Total T:  512501 | Ep: 2493 | Steps: 1000 | Reward:  3287.73
Total T:  512643 | Ep: 2494 | Steps:  142 | Reward:   338.12
Total T:  513643 | Ep: 2495 | Steps: 1000 | Reward:  3287.16
Total T:  514643 | Ep: 2496 | Steps: 1000 | Reward:  3321.31
Total T:  515643 | Ep: 2497 | Steps: 1000 | Reward:  3300.18
Total T:  516643 | Ep: 2498 | Steps: 1000 | Reward:  3159.86
Total T:  517643 | Ep: 2499 | Steps: 1000 | Reward:  3279.05
Total T:  518643 | Ep: 2500 | Steps: 1000 | Reward:  3272.33
Total T:  519643 | Ep: 2501 | Steps: 1000 | Reward:  3418.33
---------------------------------------
Evaluation over 10 episodes: 2301.903
---------------------------------------
Total T:  520643 | Ep: 2502 | Steps: 1000 | Reward:  3348.84
Total T:  521643 | Ep: 2503 | Steps: 1000 | Reward:  3294.37
Total T:  522643 | Ep: 2504 | Steps: 1000 | Reward:  3401.93
Total T:  523643 | Ep: 2505 | Steps: 1000 | Reward:  3326.34
Total T:  524643 | Ep: 2506 | Steps: 1000 | Reward:  3281.02
Total T:  525643 | Ep: 2507 | Steps: 1000 | Reward:  3336.90
Total T:  525737 | Ep: 2508 | Steps:   94 | Reward:   179.32
Total T:  526737 | Ep: 2509 | Steps: 1000 | Reward:  3325.68
Total T:  527737 | Ep: 2510 | Steps: 1000 | Reward:  3335.65
Total T:  528737 | Ep: 2511 | Steps: 1000 | Reward:  3328.32
Total T:  529737 | Ep: 2512 | Steps: 1000 | Reward:  3388.51
Total T:  529912 | Ep: 2513 | Steps:  175 | Reward:   533.94
---------------------------------------
Evaluation over 10 episodes: 3010.422
---------------------------------------
Total T:  530912 | Ep: 2514 | Steps: 1000 | Reward:  3335.92
Total T:  531912 | Ep: 2515 | Steps: 1000 | Reward:  3281.54
Total T:  532912 | Ep: 2516 | Steps: 1000 | Reward:  3313.05
Total T:  533912 | Ep: 2517 | Steps: 1000 | Reward:  3327.64
Total T:  534912 | Ep: 2518 | Steps: 1000 | Reward:  3387.65
Total T:  535912 | Ep: 2519 | Steps: 1000 | Reward:  3317.61
Total T:  536912 | Ep: 2520 | Steps: 1000 | Reward:  3304.40
Total T:  537912 | Ep: 2521 | Steps: 1000 | Reward:  3412.03
Total T:  538912 | Ep: 2522 | Steps: 1000 | Reward:  3341.19
Total T:  539912 | Ep: 2523 | Steps: 1000 | Reward:  3330.48
---------------------------------------
Evaluation over 10 episodes: 3301.581
---------------------------------------
Total T:  540912 | Ep: 2524 | Steps: 1000 | Reward:  3373.73
Total T:  541912 | Ep: 2525 | Steps: 1000 | Reward:  3405.35
Total T:  542912 | Ep: 2526 | Steps: 1000 | Reward:  3406.28
Total T:  543912 | Ep: 2527 | Steps: 1000 | Reward:  3347.99
Total T:  544912 | Ep: 2528 | Steps: 1000 | Reward:  3353.77
Total T:  545912 | Ep: 2529 | Steps: 1000 | Reward:  3413.83
Total T:  546912 | Ep: 2530 | Steps: 1000 | Reward:  3412.57
Total T:  547912 | Ep: 2531 | Steps: 1000 | Reward:  3406.64
Total T:  548912 | Ep: 2532 | Steps: 1000 | Reward:  3371.92
Total T:  549912 | Ep: 2533 | Steps: 1000 | Reward:  3425.43
---------------------------------------
Evaluation over 10 episodes: 3265.708
---------------------------------------
Total T:  550912 | Ep: 2534 | Steps: 1000 | Reward:  3412.95
Total T:  550990 | Ep: 2535 | Steps:   78 | Reward:   127.55
Total T:  551990 | Ep: 2536 | Steps: 1000 | Reward:  3497.33
Total T:  552990 | Ep: 2537 | Steps: 1000 | Reward:  3380.13
Total T:  553990 | Ep: 2538 | Steps: 1000 | Reward:  3506.92
Total T:  554990 | Ep: 2539 | Steps: 1000 | Reward:  3381.21
Total T:  555990 | Ep: 2540 | Steps: 1000 | Reward:  3428.69
Total T:  556990 | Ep: 2541 | Steps: 1000 | Reward:  3396.04
Total T:  557990 | Ep: 2542 | Steps: 1000 | Reward:  3468.17
Total T:  558990 | Ep: 2543 | Steps: 1000 | Reward:  3457.26
Total T:  559990 | Ep: 2544 | Steps: 1000 | Reward:  3428.89
---------------------------------------
Evaluation over 10 episodes: 3353.727
---------------------------------------
Total T:  560990 | Ep: 2545 | Steps: 1000 | Reward:  3474.30
Total T:  561990 | Ep: 2546 | Steps: 1000 | Reward:  3439.63
Total T:  562990 | Ep: 2547 | Steps: 1000 | Reward:  3474.56
Total T:  563422 | Ep: 2548 | Steps:  432 | Reward:  1370.98
Total T:  564422 | Ep: 2549 | Steps: 1000 | Reward:  3414.34
Total T:  565422 | Ep: 2550 | Steps: 1000 | Reward:  3256.31
Total T:  566422 | Ep: 2551 | Steps: 1000 | Reward:  3412.36
Total T:  567422 | Ep: 2552 | Steps: 1000 | Reward:  3393.75
Total T:  568422 | Ep: 2553 | Steps: 1000 | Reward:  3443.01
Total T:  569422 | Ep: 2554 | Steps: 1000 | Reward:  3453.04
---------------------------------------
Evaluation over 10 episodes: 3362.918
---------------------------------------
Total T:  570422 | Ep: 2555 | Steps: 1000 | Reward:  3454.01
Total T:  571422 | Ep: 2556 | Steps: 1000 | Reward:  3430.72
Total T:  572422 | Ep: 2557 | Steps: 1000 | Reward:  3454.31
Total T:  573422 | Ep: 2558 | Steps: 1000 | Reward:  3446.19
Total T:  574422 | Ep: 2559 | Steps: 1000 | Reward:  3452.30
Total T:  575422 | Ep: 2560 | Steps: 1000 | Reward:  3562.16
Total T:  576422 | Ep: 2561 | Steps: 1000 | Reward:  3364.32
Total T:  577422 | Ep: 2562 | Steps: 1000 | Reward:  3524.05
Total T:  578422 | Ep: 2563 | Steps: 1000 | Reward:  3472.61
Total T:  579422 | Ep: 2564 | Steps: 1000 | Reward:  3460.46
---------------------------------------
Evaluation over 10 episodes: 3525.632
---------------------------------------
Total T:  580422 | Ep: 2565 | Steps: 1000 | Reward:  3508.99
Total T:  581422 | Ep: 2566 | Steps: 1000 | Reward:  3448.95
Total T:  582422 | Ep: 2567 | Steps: 1000 | Reward:  3517.25
Total T:  583422 | Ep: 2568 | Steps: 1000 | Reward:  3432.51
Total T:  584422 | Ep: 2569 | Steps: 1000 | Reward:  3503.30
Total T:  585422 | Ep: 2570 | Steps: 1000 | Reward:  3593.37
Total T:  586422 | Ep: 2571 | Steps: 1000 | Reward:  3604.40
Total T:  587422 | Ep: 2572 | Steps: 1000 | Reward:  3469.25
Total T:  588422 | Ep: 2573 | Steps: 1000 | Reward:  3516.11
Total T:  589422 | Ep: 2574 | Steps: 1000 | Reward:  3435.01
---------------------------------------
Evaluation over 10 episodes: 3225.538
---------------------------------------
Total T:  590422 | Ep: 2575 | Steps: 1000 | Reward:  3576.25
Total T:  591401 | Ep: 2576 | Steps:  979 | Reward:  3615.03
Total T:  592401 | Ep: 2577 | Steps: 1000 | Reward:  3555.12
Total T:  593401 | Ep: 2578 | Steps: 1000 | Reward:  3594.11
Total T:  594401 | Ep: 2579 | Steps: 1000 | Reward:  3571.10
Total T:  595401 | Ep: 2580 | Steps: 1000 | Reward:  3731.94
Total T:  596401 | Ep: 2581 | Steps: 1000 | Reward:  3547.34
Total T:  597401 | Ep: 2582 | Steps: 1000 | Reward:  3528.98
Total T:  598401 | Ep: 2583 | Steps: 1000 | Reward:  3778.00
Total T:  599401 | Ep: 2584 | Steps: 1000 | Reward:  3663.79
---------------------------------------
Evaluation over 10 episodes: 3581.136
---------------------------------------
Total T:  600401 | Ep: 2585 | Steps: 1000 | Reward:  3657.48
Total T:  601401 | Ep: 2586 | Steps: 1000 | Reward:  3642.68
Total T:  602401 | Ep: 2587 | Steps: 1000 | Reward:  3389.04
Total T:  603401 | Ep: 2588 | Steps: 1000 | Reward:  3677.75
Total T:  604401 | Ep: 2589 | Steps: 1000 | Reward:  3631.35
Total T:  605401 | Ep: 2590 | Steps: 1000 | Reward:  3589.14
Total T:  606401 | Ep: 2591 | Steps: 1000 | Reward:  3627.87
Total T:  607401 | Ep: 2592 | Steps: 1000 | Reward:  3619.33
Total T:  608401 | Ep: 2593 | Steps: 1000 | Reward:  3634.02
Total T:  609401 | Ep: 2594 | Steps: 1000 | Reward:  3668.83
---------------------------------------
Evaluation over 10 episodes: 3669.088
---------------------------------------
Total T:  610401 | Ep: 2595 | Steps: 1000 | Reward:  3690.40
Total T:  611401 | Ep: 2596 | Steps: 1000 | Reward:  3676.98
Total T:  612401 | Ep: 2597 | Steps: 1000 | Reward:  3697.72
Total T:  613401 | Ep: 2598 | Steps: 1000 | Reward:  3654.88
Total T:  614401 | Ep: 2599 | Steps: 1000 | Reward:  3669.04
Total T:  615401 | Ep: 2600 | Steps: 1000 | Reward:  3721.95
Total T:  616401 | Ep: 2601 | Steps: 1000 | Reward:  3708.84
Total T:  617401 | Ep: 2602 | Steps: 1000 | Reward:  3743.99
Total T:  618401 | Ep: 2603 | Steps: 1000 | Reward:  3655.10
Total T:  619401 | Ep: 2604 | Steps: 1000 | Reward:  3680.58
---------------------------------------
Evaluation over 10 episodes: 3581.640
---------------------------------------
Total T:  620401 | Ep: 2605 | Steps: 1000 | Reward:  3448.75
Total T:  621401 | Ep: 2606 | Steps: 1000 | Reward:  3613.53
Total T:  622401 | Ep: 2607 | Steps: 1000 | Reward:  3659.41
Total T:  623401 | Ep: 2608 | Steps: 1000 | Reward:  3597.06
Total T:  624401 | Ep: 2609 | Steps: 1000 | Reward:  3643.89
Total T:  625401 | Ep: 2610 | Steps: 1000 | Reward:  3570.85
Total T:  626401 | Ep: 2611 | Steps: 1000 | Reward:  3330.98
Total T:  627401 | Ep: 2612 | Steps: 1000 | Reward:  3410.45
Total T:  628401 | Ep: 2613 | Steps: 1000 | Reward:  3625.16
Total T:  628438 | Ep: 2614 | Steps:   37 | Reward:    24.24
Total T:  628666 | Ep: 2615 | Steps:  228 | Reward:   608.22
Total T:  629666 | Ep: 2616 | Steps: 1000 | Reward:  3746.16
---------------------------------------
Evaluation over 10 episodes: 3541.578
---------------------------------------
Total T:  630666 | Ep: 2617 | Steps: 1000 | Reward:  3559.72
Total T:  631666 | Ep: 2618 | Steps: 1000 | Reward:  3574.47
Total T:  632666 | Ep: 2619 | Steps: 1000 | Reward:  3654.65
Total T:  633666 | Ep: 2620 | Steps: 1000 | Reward:  3588.78
Total T:  634666 | Ep: 2621 | Steps: 1000 | Reward:  3546.78
Total T:  634797 | Ep: 2622 | Steps:  131 | Reward:   218.97
Total T:  635797 | Ep: 2623 | Steps: 1000 | Reward:  3509.61
Total T:  636189 | Ep: 2624 | Steps:  392 | Reward:  1178.53
Total T:  637189 | Ep: 2625 | Steps: 1000 | Reward:  3458.38
Total T:  638189 | Ep: 2626 | Steps: 1000 | Reward:  3504.76
Total T:  639189 | Ep: 2627 | Steps: 1000 | Reward:  3491.02
---------------------------------------
Evaluation over 10 episodes: 2915.470
---------------------------------------
Total T:  640189 | Ep: 2628 | Steps: 1000 | Reward:  3521.48
Total T:  641189 | Ep: 2629 | Steps: 1000 | Reward:  3429.28
Total T:  642189 | Ep: 2630 | Steps: 1000 | Reward:  3644.26
Total T:  643189 | Ep: 2631 | Steps: 1000 | Reward:  3524.90
Total T:  644189 | Ep: 2632 | Steps: 1000 | Reward:  3586.22
Total T:  644315 | Ep: 2633 | Steps:  126 | Reward:    92.77
Total T:  644744 | Ep: 2634 | Steps:  429 | Reward:  1390.74
Total T:  645744 | Ep: 2635 | Steps: 1000 | Reward:  3531.04
Total T:  646744 | Ep: 2636 | Steps: 1000 | Reward:  3490.12
Total T:  647744 | Ep: 2637 | Steps: 1000 | Reward:  3525.61
Total T:  647845 | Ep: 2638 | Steps:  101 | Reward:   246.01
Total T:  648845 | Ep: 2639 | Steps: 1000 | Reward:  3609.63
Total T:  649845 | Ep: 2640 | Steps: 1000 | Reward:  3676.53
---------------------------------------
Evaluation over 10 episodes: 2357.032
---------------------------------------
Total T:  650845 | Ep: 2641 | Steps: 1000 | Reward:  3746.42
Total T:  651845 | Ep: 2642 | Steps: 1000 | Reward:  3564.74
Total T:  652845 | Ep: 2643 | Steps: 1000 | Reward:  3609.60
Total T:  653845 | Ep: 2644 | Steps: 1000 | Reward:  3593.51
Total T:  654845 | Ep: 2645 | Steps: 1000 | Reward:  3655.97
Total T:  655845 | Ep: 2646 | Steps: 1000 | Reward:  3629.62
Total T:  656845 | Ep: 2647 | Steps: 1000 | Reward:  3569.11
Total T:  657845 | Ep: 2648 | Steps: 1000 | Reward:  3648.23
Total T:  658845 | Ep: 2649 | Steps: 1000 | Reward:  3483.78
Total T:  659845 | Ep: 2650 | Steps: 1000 | Reward:  3573.86
---------------------------------------
Evaluation over 10 episodes: 3337.123
---------------------------------------
Total T:  660845 | Ep: 2651 | Steps: 1000 | Reward:  3479.66
Total T:  661845 | Ep: 2652 | Steps: 1000 | Reward:  3591.55
Total T:  662845 | Ep: 2653 | Steps: 1000 | Reward:  3597.29
Total T:  663845 | Ep: 2654 | Steps: 1000 | Reward:  3604.19
Total T:  664845 | Ep: 2655 | Steps: 1000 | Reward:  3531.40
Total T:  664931 | Ep: 2656 | Steps:   86 | Reward:   119.87
Total T:  665931 | Ep: 2657 | Steps: 1000 | Reward:  3471.86
Total T:  666931 | Ep: 2658 | Steps: 1000 | Reward:  3640.99
Total T:  667076 | Ep: 2659 | Steps:  145 | Reward:   287.82
Total T:  667345 | Ep: 2660 | Steps:  269 | Reward:   858.43
Total T:  668345 | Ep: 2661 | Steps: 1000 | Reward:  3669.26
Total T:  669345 | Ep: 2662 | Steps: 1000 | Reward:  3581.36
---------------------------------------
Evaluation over 10 episodes: 2112.305
---------------------------------------
Total T:  670345 | Ep: 2663 | Steps: 1000 | Reward:  3622.16
Total T:  671345 | Ep: 2664 | Steps: 1000 | Reward:  3643.71
Total T:  672345 | Ep: 2665 | Steps: 1000 | Reward:  3639.37
Total T:  673345 | Ep: 2666 | Steps: 1000 | Reward:  3693.57
Total T:  674345 | Ep: 2667 | Steps: 1000 | Reward:  3482.66
Total T:  675345 | Ep: 2668 | Steps: 1000 | Reward:  3647.17
Total T:  676345 | Ep: 2669 | Steps: 1000 | Reward:  3667.73
Total T:  677345 | Ep: 2670 | Steps: 1000 | Reward:  3677.33
Total T:  677366 | Ep: 2671 | Steps:   21 | Reward:     8.94
Total T:  677656 | Ep: 2672 | Steps:  290 | Reward:   937.22
Total T:  678656 | Ep: 2673 | Steps: 1000 | Reward:  3622.55
Total T:  679656 | Ep: 2674 | Steps: 1000 | Reward:  3631.99
---------------------------------------
Evaluation over 10 episodes: 3422.341
---------------------------------------
Total T:  680656 | Ep: 2675 | Steps: 1000 | Reward:  3600.41
Total T:  681656 | Ep: 2676 | Steps: 1000 | Reward:  3601.17
Total T:  681966 | Ep: 2677 | Steps:  310 | Reward:  1026.04
Total T:  682966 | Ep: 2678 | Steps: 1000 | Reward:  3688.36
Total T:  683966 | Ep: 2679 | Steps: 1000 | Reward:  3673.06
Total T:  684966 | Ep: 2680 | Steps: 1000 | Reward:  3734.91
Total T:  685332 | Ep: 2681 | Steps:  366 | Reward:  1170.80
Total T:  686332 | Ep: 2682 | Steps: 1000 | Reward:  3599.97
Total T:  687332 | Ep: 2683 | Steps: 1000 | Reward:  3634.23
Total T:  688332 | Ep: 2684 | Steps: 1000 | Reward:  3653.90
Total T:  689332 | Ep: 2685 | Steps: 1000 | Reward:  3638.47
---------------------------------------
Evaluation over 10 episodes: 3352.753
---------------------------------------
Total T:  690332 | Ep: 2686 | Steps: 1000 | Reward:  3689.96
Total T:  691332 | Ep: 2687 | Steps: 1000 | Reward:  3746.51
Total T:  692332 | Ep: 2688 | Steps: 1000 | Reward:  3732.24
Total T:  692645 | Ep: 2689 | Steps:  313 | Reward:  1032.47
Total T:  693645 | Ep: 2690 | Steps: 1000 | Reward:  3652.62
Total T:  694645 | Ep: 2691 | Steps: 1000 | Reward:  3590.15
Total T:  695645 | Ep: 2692 | Steps: 1000 | Reward:  3640.22
Total T:  696645 | Ep: 2693 | Steps: 1000 | Reward:  3700.95
Total T:  697645 | Ep: 2694 | Steps: 1000 | Reward:  3648.85
Total T:  698645 | Ep: 2695 | Steps: 1000 | Reward:  3712.34
Total T:  699645 | Ep: 2696 | Steps: 1000 | Reward:  3726.74
---------------------------------------
Evaluation over 10 episodes: 3644.705
---------------------------------------
Total T:  700645 | Ep: 2697 | Steps: 1000 | Reward:  3667.55
Total T:  701645 | Ep: 2698 | Steps: 1000 | Reward:  3702.51
Total T:  702645 | Ep: 2699 | Steps: 1000 | Reward:  3585.95
Total T:  703645 | Ep: 2700 | Steps: 1000 | Reward:  3774.07
Total T:  704645 | Ep: 2701 | Steps: 1000 | Reward:  3669.41
Total T:  705645 | Ep: 2702 | Steps: 1000 | Reward:  3599.85
Total T:  706645 | Ep: 2703 | Steps: 1000 | Reward:  3566.37
Total T:  707645 | Ep: 2704 | Steps: 1000 | Reward:  3780.94
Total T:  708645 | Ep: 2705 | Steps: 1000 | Reward:  3712.47
Total T:  709645 | Ep: 2706 | Steps: 1000 | Reward:  3542.21
---------------------------------------
Evaluation over 10 episodes: 3609.881
---------------------------------------
Total T:  710645 | Ep: 2707 | Steps: 1000 | Reward:  3694.97
Total T:  711645 | Ep: 2708 | Steps: 1000 | Reward:  3653.93
Total T:  712645 | Ep: 2709 | Steps: 1000 | Reward:  3714.37
Total T:  713645 | Ep: 2710 | Steps: 1000 | Reward:  3693.74
Total T:  714645 | Ep: 2711 | Steps: 1000 | Reward:  3692.07
Total T:  715645 | Ep: 2712 | Steps: 1000 | Reward:  3778.00
Total T:  715734 | Ep: 2713 | Steps:   89 | Reward:    63.07
Total T:  716734 | Ep: 2714 | Steps: 1000 | Reward:  3734.34
Total T:  717734 | Ep: 2715 | Steps: 1000 | Reward:  3613.95
Total T:  718734 | Ep: 2716 | Steps: 1000 | Reward:  3638.06
Total T:  719734 | Ep: 2717 | Steps: 1000 | Reward:  3555.48
---------------------------------------
Evaluation over 10 episodes: 3090.058
---------------------------------------
Total T:  720734 | Ep: 2718 | Steps: 1000 | Reward:  3708.95
Total T:  721734 | Ep: 2719 | Steps: 1000 | Reward:  3729.79
Total T:  721973 | Ep: 2720 | Steps:  239 | Reward:   640.83
Total T:  722973 | Ep: 2721 | Steps: 1000 | Reward:  3790.62
Total T:  723973 | Ep: 2722 | Steps: 1000 | Reward:  3625.79
Total T:  724973 | Ep: 2723 | Steps: 1000 | Reward:  3732.00
Total T:  725124 | Ep: 2724 | Steps:  151 | Reward:   309.18
Total T:  725365 | Ep: 2725 | Steps:  241 | Reward:   726.00
Total T:  726365 | Ep: 2726 | Steps: 1000 | Reward:  3648.59
Total T:  727365 | Ep: 2727 | Steps: 1000 | Reward:  3547.46
Total T:  728365 | Ep: 2728 | Steps: 1000 | Reward:  3692.38
Total T:  729365 | Ep: 2729 | Steps: 1000 | Reward:  3706.34
Total T:  729658 | Ep: 2730 | Steps:  293 | Reward:   741.36
---------------------------------------
Evaluation over 10 episodes: 2911.347
---------------------------------------
Total T:  730658 | Ep: 2731 | Steps: 1000 | Reward:  3621.70
Total T:  731658 | Ep: 2732 | Steps: 1000 | Reward:  3692.50
Total T:  732658 | Ep: 2733 | Steps: 1000 | Reward:  3777.62
Total T:  733658 | Ep: 2734 | Steps: 1000 | Reward:  3788.43
Total T:  734658 | Ep: 2735 | Steps: 1000 | Reward:  3808.89
Total T:  735658 | Ep: 2736 | Steps: 1000 | Reward:  3799.25
Total T:  735883 | Ep: 2737 | Steps:  225 | Reward:   711.56
Total T:  736883 | Ep: 2738 | Steps: 1000 | Reward:  3765.47
Total T:  737883 | Ep: 2739 | Steps: 1000 | Reward:  3588.75
Total T:  738883 | Ep: 2740 | Steps: 1000 | Reward:  3771.62
Total T:  739883 | Ep: 2741 | Steps: 1000 | Reward:  3737.26
---------------------------------------
Evaluation over 10 episodes: 3779.606
---------------------------------------
Total T:  740883 | Ep: 2742 | Steps: 1000 | Reward:  3757.88
Total T:  741883 | Ep: 2743 | Steps: 1000 | Reward:  3835.47
Total T:  742883 | Ep: 2744 | Steps: 1000 | Reward:  3877.87
Total T:  743883 | Ep: 2745 | Steps: 1000 | Reward:  3809.97
Total T:  744883 | Ep: 2746 | Steps: 1000 | Reward:  3791.14
Total T:  745883 | Ep: 2747 | Steps: 1000 | Reward:  3806.24
Total T:  746883 | Ep: 2748 | Steps: 1000 | Reward:  3768.62
Total T:  747883 | Ep: 2749 | Steps: 1000 | Reward:  3813.69
Total T:  748883 | Ep: 2750 | Steps: 1000 | Reward:  3829.64
Total T:  749883 | Ep: 2751 | Steps: 1000 | Reward:  3771.70
---------------------------------------
Evaluation over 10 episodes: 3790.744
---------------------------------------
Total T:  750883 | Ep: 2752 | Steps: 1000 | Reward:  3759.84
Total T:  751883 | Ep: 2753 | Steps: 1000 | Reward:  3753.46
Total T:  752883 | Ep: 2754 | Steps: 1000 | Reward:  3716.46
Total T:  753883 | Ep: 2755 | Steps: 1000 | Reward:  3704.16
Total T:  754883 | Ep: 2756 | Steps: 1000 | Reward:  3726.72
Total T:  755883 | Ep: 2757 | Steps: 1000 | Reward:  3742.42
Total T:  756883 | Ep: 2758 | Steps: 1000 | Reward:  3644.26
Total T:  757883 | Ep: 2759 | Steps: 1000 | Reward:  3757.66
Total T:  758883 | Ep: 2760 | Steps: 1000 | Reward:  3784.03
Total T:  759883 | Ep: 2761 | Steps: 1000 | Reward:  3722.33
---------------------------------------
Evaluation over 10 episodes: 3553.690
---------------------------------------
Total T:  760883 | Ep: 2762 | Steps: 1000 | Reward:  3758.93
Total T:  761883 | Ep: 2763 | Steps: 1000 | Reward:  3795.53
Total T:  762883 | Ep: 2764 | Steps: 1000 | Reward:  3741.35
Total T:  763883 | Ep: 2765 | Steps: 1000 | Reward:  3804.39
Total T:  764883 | Ep: 2766 | Steps: 1000 | Reward:  3765.14
Total T:  765883 | Ep: 2767 | Steps: 1000 | Reward:  3695.64
Total T:  766883 | Ep: 2768 | Steps: 1000 | Reward:  3759.98
Total T:  767883 | Ep: 2769 | Steps: 1000 | Reward:  3722.88
Total T:  768883 | Ep: 2770 | Steps: 1000 | Reward:  3770.41
Total T:  769883 | Ep: 2771 | Steps: 1000 | Reward:  3812.65
---------------------------------------
Evaluation over 10 episodes: 3369.581
---------------------------------------
Total T:  770883 | Ep: 2772 | Steps: 1000 | Reward:  3789.24
Total T:  771883 | Ep: 2773 | Steps: 1000 | Reward:  3817.54
Total T:  772883 | Ep: 2774 | Steps: 1000 | Reward:  3700.66
Total T:  773883 | Ep: 2775 | Steps: 1000 | Reward:  3809.39
Total T:  774883 | Ep: 2776 | Steps: 1000 | Reward:  3736.11
Total T:  775883 | Ep: 2777 | Steps: 1000 | Reward:  3829.72
Total T:  776883 | Ep: 2778 | Steps: 1000 | Reward:  3782.50
Total T:  777883 | Ep: 2779 | Steps: 1000 | Reward:  3782.17
Total T:  778883 | Ep: 2780 | Steps: 1000 | Reward:  3798.40
Total T:  779883 | Ep: 2781 | Steps: 1000 | Reward:  3805.21
---------------------------------------
Evaluation over 10 episodes: 3736.544
---------------------------------------
Total T:  780883 | Ep: 2782 | Steps: 1000 | Reward:  3813.73
Total T:  781883 | Ep: 2783 | Steps: 1000 | Reward:  3874.97
Total T:  782883 | Ep: 2784 | Steps: 1000 | Reward:  3782.23
Total T:  783883 | Ep: 2785 | Steps: 1000 | Reward:  3781.91
Total T:  784883 | Ep: 2786 | Steps: 1000 | Reward:  3745.98
Total T:  785883 | Ep: 2787 | Steps: 1000 | Reward:  3699.34
Total T:  786883 | Ep: 2788 | Steps: 1000 | Reward:  3759.65
Total T:  787883 | Ep: 2789 | Steps: 1000 | Reward:  3758.10
Total T:  788883 | Ep: 2790 | Steps: 1000 | Reward:  3676.63
Total T:  789883 | Ep: 2791 | Steps: 1000 | Reward:  3749.72
---------------------------------------
Evaluation over 10 episodes: 3725.048
---------------------------------------
Total T:  790883 | Ep: 2792 | Steps: 1000 | Reward:  3752.44
Total T:  791883 | Ep: 2793 | Steps: 1000 | Reward:  3829.10
Total T:  792883 | Ep: 2794 | Steps: 1000 | Reward:  3807.14
Total T:  793883 | Ep: 2795 | Steps: 1000 | Reward:  3717.48
Total T:  794883 | Ep: 2796 | Steps: 1000 | Reward:  3807.55
Total T:  795883 | Ep: 2797 | Steps: 1000 | Reward:  3845.76
Total T:  796883 | Ep: 2798 | Steps: 1000 | Reward:  3720.59
Total T:  797883 | Ep: 2799 | Steps: 1000 | Reward:  3783.15
Total T:  798883 | Ep: 2800 | Steps: 1000 | Reward:  3850.04
Total T:  799883 | Ep: 2801 | Steps: 1000 | Reward:  3797.38
---------------------------------------
Evaluation over 10 episodes: 3818.981
---------------------------------------
Total T:  800883 | Ep: 2802 | Steps: 1000 | Reward:  3760.07
Total T:  801883 | Ep: 2803 | Steps: 1000 | Reward:  3792.48
Total T:  802175 | Ep: 2804 | Steps:  292 | Reward:   878.89
Total T:  803175 | Ep: 2805 | Steps: 1000 | Reward:  3692.10
Total T:  804175 | Ep: 2806 | Steps: 1000 | Reward:  3803.28
Total T:  805175 | Ep: 2807 | Steps: 1000 | Reward:  3785.58
Total T:  806175 | Ep: 2808 | Steps: 1000 | Reward:  3823.37
Total T:  807175 | Ep: 2809 | Steps: 1000 | Reward:  3803.24
Total T:  808175 | Ep: 2810 | Steps: 1000 | Reward:  3741.19
Total T:  809175 | Ep: 2811 | Steps: 1000 | Reward:  3836.80
---------------------------------------
Evaluation over 10 episodes: 3773.270
---------------------------------------
Total T:  810175 | Ep: 2812 | Steps: 1000 | Reward:  3820.76
Total T:  811175 | Ep: 2813 | Steps: 1000 | Reward:  3911.17
Total T:  812175 | Ep: 2814 | Steps: 1000 | Reward:  3813.37
Total T:  813175 | Ep: 2815 | Steps: 1000 | Reward:  3764.55
Total T:  814175 | Ep: 2816 | Steps: 1000 | Reward:  3754.50
Total T:  815175 | Ep: 2817 | Steps: 1000 | Reward:  3494.29
Total T:  815239 | Ep: 2818 | Steps:   64 | Reward:    86.32
Total T:  816239 | Ep: 2819 | Steps: 1000 | Reward:  3848.12
Total T:  817239 | Ep: 2820 | Steps: 1000 | Reward:  3793.12
Total T:  818239 | Ep: 2821 | Steps: 1000 | Reward:  3818.60
Total T:  819239 | Ep: 2822 | Steps: 1000 | Reward:  3876.93
---------------------------------------
Evaluation over 10 episodes: 3837.430
---------------------------------------
Total T:  820239 | Ep: 2823 | Steps: 1000 | Reward:  3853.16
Total T:  821239 | Ep: 2824 | Steps: 1000 | Reward:  3815.46
Total T:  822239 | Ep: 2825 | Steps: 1000 | Reward:  3887.21
Total T:  822396 | Ep: 2826 | Steps:  157 | Reward:   407.54
Total T:  823396 | Ep: 2827 | Steps: 1000 | Reward:  3824.37
Total T:  824396 | Ep: 2828 | Steps: 1000 | Reward:  3760.93
Total T:  825396 | Ep: 2829 | Steps: 1000 | Reward:  3820.56
Total T:  826396 | Ep: 2830 | Steps: 1000 | Reward:  3859.45
Total T:  827396 | Ep: 2831 | Steps: 1000 | Reward:  3840.10
Total T:  828396 | Ep: 2832 | Steps: 1000 | Reward:  3769.01
Total T:  828525 | Ep: 2833 | Steps:  129 | Reward:   309.25
Total T:  829525 | Ep: 2834 | Steps: 1000 | Reward:  3784.55
---------------------------------------
Evaluation over 10 episodes: 3853.510
---------------------------------------
Total T:  830525 | Ep: 2835 | Steps: 1000 | Reward:  3612.25
Total T:  831525 | Ep: 2836 | Steps: 1000 | Reward:  3780.14
Total T:  832525 | Ep: 2837 | Steps: 1000 | Reward:  3807.82
Total T:  833525 | Ep: 2838 | Steps: 1000 | Reward:  3836.10
Total T:  834525 | Ep: 2839 | Steps: 1000 | Reward:  3707.90
Total T:  835525 | Ep: 2840 | Steps: 1000 | Reward:  3580.04
Total T:  836525 | Ep: 2841 | Steps: 1000 | Reward:  3838.98
Total T:  836615 | Ep: 2842 | Steps:   90 | Reward:   160.06
Total T:  837615 | Ep: 2843 | Steps: 1000 | Reward:  3860.49
Total T:  837691 | Ep: 2844 | Steps:   76 | Reward:   121.66
Total T:  838691 | Ep: 2845 | Steps: 1000 | Reward:  3879.51
Total T:  839691 | Ep: 2846 | Steps: 1000 | Reward:  3838.33
---------------------------------------
Evaluation over 10 episodes: 3747.701
---------------------------------------
Total T:  840691 | Ep: 2847 | Steps: 1000 | Reward:  3809.18
Total T:  840848 | Ep: 2848 | Steps:  157 | Reward:   329.90
Total T:  841848 | Ep: 2849 | Steps: 1000 | Reward:  3748.87
Total T:  842848 | Ep: 2850 | Steps: 1000 | Reward:  3883.47
Total T:  843848 | Ep: 2851 | Steps: 1000 | Reward:  3875.09
Total T:  844848 | Ep: 2852 | Steps: 1000 | Reward:  3861.38
Total T:  845848 | Ep: 2853 | Steps: 1000 | Reward:  3763.77
Total T:  846152 | Ep: 2854 | Steps:  304 | Reward:   975.99
Total T:  847152 | Ep: 2855 | Steps: 1000 | Reward:  3866.19
Total T:  848152 | Ep: 2856 | Steps: 1000 | Reward:  3738.46
Total T:  849152 | Ep: 2857 | Steps: 1000 | Reward:  3211.41
---------------------------------------
Evaluation over 10 episodes: 3783.639
---------------------------------------
Total T:  850152 | Ep: 2858 | Steps: 1000 | Reward:  3774.93
Total T:  851152 | Ep: 2859 | Steps: 1000 | Reward:  3742.83
Total T:  852152 | Ep: 2860 | Steps: 1000 | Reward:  3854.22
Total T:  853152 | Ep: 2861 | Steps: 1000 | Reward:  3855.79
Total T:  854152 | Ep: 2862 | Steps: 1000 | Reward:  3705.53
Total T:  855152 | Ep: 2863 | Steps: 1000 | Reward:  3841.87
Total T:  856152 | Ep: 2864 | Steps: 1000 | Reward:  3840.90
Total T:  857152 | Ep: 2865 | Steps: 1000 | Reward:  3881.34
Total T:  858152 | Ep: 2866 | Steps: 1000 | Reward:  3803.77
Total T:  859152 | Ep: 2867 | Steps: 1000 | Reward:  3792.53
---------------------------------------
Evaluation over 10 episodes: 3745.863
---------------------------------------
Total T:  860152 | Ep: 2868 | Steps: 1000 | Reward:  3820.73
Total T:  861152 | Ep: 2869 | Steps: 1000 | Reward:  3600.08
Total T:  862152 | Ep: 2870 | Steps: 1000 | Reward:  3860.57
Total T:  863152 | Ep: 2871 | Steps: 1000 | Reward:  3869.13
Total T:  864152 | Ep: 2872 | Steps: 1000 | Reward:  3777.94
Total T:  865152 | Ep: 2873 | Steps: 1000 | Reward:  3831.16
Total T:  866152 | Ep: 2874 | Steps: 1000 | Reward:  3845.74
Total T:  867152 | Ep: 2875 | Steps: 1000 | Reward:  3908.27
Total T:  868152 | Ep: 2876 | Steps: 1000 | Reward:  3888.42
Total T:  869152 | Ep: 2877 | Steps: 1000 | Reward:  3897.28
---------------------------------------
Evaluation over 10 episodes: 3818.042
---------------------------------------
Total T:  870152 | Ep: 2878 | Steps: 1000 | Reward:  3885.50
Total T:  871152 | Ep: 2879 | Steps: 1000 | Reward:  3920.31
Total T:  872152 | Ep: 2880 | Steps: 1000 | Reward:  3884.67
Total T:  873152 | Ep: 2881 | Steps: 1000 | Reward:  3777.79
Total T:  874152 | Ep: 2882 | Steps: 1000 | Reward:  3848.56
Total T:  875152 | Ep: 2883 | Steps: 1000 | Reward:  3829.39
Total T:  876152 | Ep: 2884 | Steps: 1000 | Reward:  3877.55
Total T:  877152 | Ep: 2885 | Steps: 1000 | Reward:  3816.75
Total T:  878152 | Ep: 2886 | Steps: 1000 | Reward:  3830.32
Total T:  879152 | Ep: 2887 | Steps: 1000 | Reward:  3878.18
---------------------------------------
Evaluation over 10 episodes: 3861.812
---------------------------------------
Total T:  880152 | Ep: 2888 | Steps: 1000 | Reward:  3908.41
Total T:  881152 | Ep: 2889 | Steps: 1000 | Reward:  3806.01
Total T:  882152 | Ep: 2890 | Steps: 1000 | Reward:  3897.47
Total T:  883152 | Ep: 2891 | Steps: 1000 | Reward:  3898.71
Total T:  884152 | Ep: 2892 | Steps: 1000 | Reward:  3824.74
Total T:  885152 | Ep: 2893 | Steps: 1000 | Reward:  3919.00
Total T:  886152 | Ep: 2894 | Steps: 1000 | Reward:  3910.22
Total T:  887152 | Ep: 2895 | Steps: 1000 | Reward:  3803.03
Total T:  888152 | Ep: 2896 | Steps: 1000 | Reward:  3918.38
Total T:  889152 | Ep: 2897 | Steps: 1000 | Reward:  3885.34
---------------------------------------
Evaluation over 10 episodes: 3865.110
---------------------------------------
Total T:  890152 | Ep: 2898 | Steps: 1000 | Reward:  3930.88
Total T:  891152 | Ep: 2899 | Steps: 1000 | Reward:  3876.96
Total T:  892152 | Ep: 2900 | Steps: 1000 | Reward:  3580.97
Total T:  893152 | Ep: 2901 | Steps: 1000 | Reward:  3909.68
Total T:  894152 | Ep: 2902 | Steps: 1000 | Reward:  3849.08
Total T:  895152 | Ep: 2903 | Steps: 1000 | Reward:  3868.50
Total T:  896152 | Ep: 2904 | Steps: 1000 | Reward:  3854.99
Total T:  897152 | Ep: 2905 | Steps: 1000 | Reward:  3803.95
Total T:  898152 | Ep: 2906 | Steps: 1000 | Reward:  3802.33
Total T:  899152 | Ep: 2907 | Steps: 1000 | Reward:  3879.65
---------------------------------------
Evaluation over 10 episodes: 3864.535
---------------------------------------
Total T:  900152 | Ep: 2908 | Steps: 1000 | Reward:  3914.08
Total T:  901152 | Ep: 2909 | Steps: 1000 | Reward:  3827.48
Total T:  902152 | Ep: 2910 | Steps: 1000 | Reward:  3618.94
Total T:  903152 | Ep: 2911 | Steps: 1000 | Reward:  3902.75
Total T:  904152 | Ep: 2912 | Steps: 1000 | Reward:  3876.61
Total T:  905152 | Ep: 2913 | Steps: 1000 | Reward:  3819.00
Total T:  906152 | Ep: 2914 | Steps: 1000 | Reward:  3893.46
Total T:  907152 | Ep: 2915 | Steps: 1000 | Reward:  3876.13
Total T:  908152 | Ep: 2916 | Steps: 1000 | Reward:  3794.34
Total T:  909152 | Ep: 2917 | Steps: 1000 | Reward:  3865.25
---------------------------------------
Evaluation over 10 episodes: 3777.729
---------------------------------------
Total T:  910152 | Ep: 2918 | Steps: 1000 | Reward:  3783.83
Total T:  911152 | Ep: 2919 | Steps: 1000 | Reward:  3875.21
Total T:  912152 | Ep: 2920 | Steps: 1000 | Reward:  3805.80
Total T:  913152 | Ep: 2921 | Steps: 1000 | Reward:  3799.57
Total T:  914152 | Ep: 2922 | Steps: 1000 | Reward:  3896.44
Total T:  915152 | Ep: 2923 | Steps: 1000 | Reward:  3876.14
Total T:  916152 | Ep: 2924 | Steps: 1000 | Reward:  3828.03
Total T:  917152 | Ep: 2925 | Steps: 1000 | Reward:  3870.61
Total T:  918152 | Ep: 2926 | Steps: 1000 | Reward:  3860.40
Total T:  919152 | Ep: 2927 | Steps: 1000 | Reward:  3769.27
---------------------------------------
Evaluation over 10 episodes: 3807.969
---------------------------------------
Total T:  920152 | Ep: 2928 | Steps: 1000 | Reward:  3853.09
Total T:  921152 | Ep: 2929 | Steps: 1000 | Reward:  3850.42
Total T:  922152 | Ep: 2930 | Steps: 1000 | Reward:  3946.36
Total T:  923152 | Ep: 2931 | Steps: 1000 | Reward:  3928.32
Total T:  924152 | Ep: 2932 | Steps: 1000 | Reward:  3914.70
Total T:  925152 | Ep: 2933 | Steps: 1000 | Reward:  3797.00
Total T:  926152 | Ep: 2934 | Steps: 1000 | Reward:  3870.35
Total T:  927152 | Ep: 2935 | Steps: 1000 | Reward:  3854.69
Total T:  928152 | Ep: 2936 | Steps: 1000 | Reward:  3866.88
Total T:  929152 | Ep: 2937 | Steps: 1000 | Reward:  3893.50
---------------------------------------
Evaluation over 10 episodes: 3873.003
---------------------------------------
Total T:  930152 | Ep: 2938 | Steps: 1000 | Reward:  3874.22
Total T:  931152 | Ep: 2939 | Steps: 1000 | Reward:  3922.24
Total T:  932152 | Ep: 2940 | Steps: 1000 | Reward:  3820.88
Total T:  933152 | Ep: 2941 | Steps: 1000 | Reward:  3892.94
Total T:  934152 | Ep: 2942 | Steps: 1000 | Reward:  3910.67
Total T:  935152 | Ep: 2943 | Steps: 1000 | Reward:  3824.11
Total T:  936152 | Ep: 2944 | Steps: 1000 | Reward:  3632.68
Total T:  937152 | Ep: 2945 | Steps: 1000 | Reward:  3923.07
Total T:  938152 | Ep: 2946 | Steps: 1000 | Reward:  3860.11
Total T:  939152 | Ep: 2947 | Steps: 1000 | Reward:  3781.30
---------------------------------------
Evaluation over 10 episodes: 3798.208
---------------------------------------
Total T:  940152 | Ep: 2948 | Steps: 1000 | Reward:  3908.65
Total T:  941152 | Ep: 2949 | Steps: 1000 | Reward:  3855.26
Total T:  942152 | Ep: 2950 | Steps: 1000 | Reward:  3868.02
Total T:  943152 | Ep: 2951 | Steps: 1000 | Reward:  3778.97
Total T:  944152 | Ep: 2952 | Steps: 1000 | Reward:  3445.22
Total T:  945152 | Ep: 2953 | Steps: 1000 | Reward:  3838.09
Total T:  946152 | Ep: 2954 | Steps: 1000 | Reward:  3866.23
Total T:  947152 | Ep: 2955 | Steps: 1000 | Reward:  3772.83
Total T:  948152 | Ep: 2956 | Steps: 1000 | Reward:  3878.13
Total T:  949152 | Ep: 2957 | Steps: 1000 | Reward:  3900.68
---------------------------------------
Evaluation over 10 episodes: 3929.140
---------------------------------------
Total T:  950152 | Ep: 2958 | Steps: 1000 | Reward:  3948.09
Total T:  951152 | Ep: 2959 | Steps: 1000 | Reward:  3941.68
Total T:  952152 | Ep: 2960 | Steps: 1000 | Reward:  3872.56
Total T:  953152 | Ep: 2961 | Steps: 1000 | Reward:  3916.44
Total T:  954152 | Ep: 2962 | Steps: 1000 | Reward:  3879.47
Total T:  955152 | Ep: 2963 | Steps: 1000 | Reward:  3878.65
Total T:  956152 | Ep: 2964 | Steps: 1000 | Reward:  3876.18
Total T:  957152 | Ep: 2965 | Steps: 1000 | Reward:  3871.62
Total T:  958152 | Ep: 2966 | Steps: 1000 | Reward:  3694.72
Total T:  959152 | Ep: 2967 | Steps: 1000 | Reward:  3939.96
---------------------------------------
Evaluation over 10 episodes: 3874.344
---------------------------------------
Total T:  960152 | Ep: 2968 | Steps: 1000 | Reward:  3847.29
Total T:  961152 | Ep: 2969 | Steps: 1000 | Reward:  3862.17
Total T:  962152 | Ep: 2970 | Steps: 1000 | Reward:  3914.77
Total T:  963152 | Ep: 2971 | Steps: 1000 | Reward:  3867.11
Total T:  964152 | Ep: 2972 | Steps: 1000 | Reward:  3662.59
Total T:  965152 | Ep: 2973 | Steps: 1000 | Reward:  3794.68
Total T:  966152 | Ep: 2974 | Steps: 1000 | Reward:  3898.58
Total T:  967152 | Ep: 2975 | Steps: 1000 | Reward:  3903.27
Total T:  968152 | Ep: 2976 | Steps: 1000 | Reward:  3824.48
Total T:  969152 | Ep: 2977 | Steps: 1000 | Reward:  3885.50
---------------------------------------
Evaluation over 10 episodes: 3931.224
---------------------------------------
Total T:  970152 | Ep: 2978 | Steps: 1000 | Reward:  3926.58
Total T:  971152 | Ep: 2979 | Steps: 1000 | Reward:  3929.25
Total T:  972152 | Ep: 2980 | Steps: 1000 | Reward:  3867.94
Total T:  973152 | Ep: 2981 | Steps: 1000 | Reward:  3953.77
Total T:  974152 | Ep: 2982 | Steps: 1000 | Reward:  3894.97
Total T:  975152 | Ep: 2983 | Steps: 1000 | Reward:  3897.02
Total T:  976152 | Ep: 2984 | Steps: 1000 | Reward:  3897.31
Total T:  977152 | Ep: 2985 | Steps: 1000 | Reward:  3918.50
Total T:  978152 | Ep: 2986 | Steps: 1000 | Reward:  3821.79
Total T:  979152 | Ep: 2987 | Steps: 1000 | Reward:  3837.25
---------------------------------------
Evaluation over 10 episodes: 3880.379
---------------------------------------
Total T:  980152 | Ep: 2988 | Steps: 1000 | Reward:  3858.17
Total T:  981152 | Ep: 2989 | Steps: 1000 | Reward:  3891.91
Total T:  982152 | Ep: 2990 | Steps: 1000 | Reward:  3841.68
Total T:  983152 | Ep: 2991 | Steps: 1000 | Reward:  3937.80
Total T:  984152 | Ep: 2992 | Steps: 1000 | Reward:  3905.48
Total T:  985152 | Ep: 2993 | Steps: 1000 | Reward:  3957.27
Total T:  986152 | Ep: 2994 | Steps: 1000 | Reward:  3788.11
Total T:  987152 | Ep: 2995 | Steps: 1000 | Reward:  3913.62
Total T:  988152 | Ep: 2996 | Steps: 1000 | Reward:  3960.24
Total T:  989152 | Ep: 2997 | Steps: 1000 | Reward:  3897.69
---------------------------------------
Evaluation over 10 episodes: 3897.104
---------------------------------------
Total T:  990152 | Ep: 2998 | Steps: 1000 | Reward:  3921.12
Total T:  991152 | Ep: 2999 | Steps: 1000 | Reward:  3915.95
Total T:  992152 | Ep: 3000 | Steps: 1000 | Reward:  3971.12
Total T:  993152 | Ep: 3001 | Steps: 1000 | Reward:  3961.45
Total T:  994152 | Ep: 3002 | Steps: 1000 | Reward:  3928.58
Total T:  995152 | Ep: 3003 | Steps: 1000 | Reward:  3997.06
Total T:  996152 | Ep: 3004 | Steps: 1000 | Reward:  3860.58
Total T:  997152 | Ep: 3005 | Steps: 1000 | Reward:  3933.11
Total T:  998152 | Ep: 3006 | Steps: 1000 | Reward:  3915.26
Total T:  999152 | Ep: 3007 | Steps: 1000 | Reward:  3941.68
---------------------------------------
Evaluation over 10 episodes: 3908.410
---------------------------------------

[main] Model saved:
        actor  -> C:\Users\mohamedosama\Downloads\CS515-Deep-RL\TD3_algorithm\runs\td3_sweep_walker2d-v4_seed3_Walker2d-v4_11-05-2026_14-06-42\model_actor
        critic -> C:\Users\mohamedosama\Downloads\CS515-Deep-RL\TD3_algorithm\runs\td3_sweep_walker2d-v4_seed3_Walker2d-v4_11-05-2026_14-06-42\model_critic
[main] Training history -> C:\Users\mohamedosama\Downloads\CS515-Deep-RL\TD3_algorithm\runs\td3_sweep_walker2d-v4_seed3_Walker2d-v4_11-05-2026_14-06-42\episode_rewards.csv
[main] Eval history     -> C:\Users\mohamedosama\Downloads\CS515-Deep-RL\TD3_algorithm\runs\td3_sweep_walker2d-v4_seed3_Walker2d-v4_11-05-2026_14-06-42\eval_rewards.csv
[main] Summary          -> C:\Users\mohamedosama\Downloads\CS515-Deep-RL\TD3_algorithm\runs\td3_sweep_walker2d-v4_seed3_Walker2d-v4_11-05-2026_14-06-42\summary.json
[main] Unified eval -> C:\Users\mohamedosama\Downloads\CS515-Deep-RL\results\continuous\td3\walker2d-v4\seed_3.npy
[main] Wallclock    -> C:\Users\mohamedosama\Downloads\CS515-Deep-RL\results\wallclock\continuous\td3\walker2d-v4\seed_3.npy
OMP: Error #15: Initializing libiomp5md.dll, but found libiomp5md.dll already initialized.
OMP: Hint This means that multiple copies of the OpenMP runtime have been linked into the program. That is dangerous, since it can degrade performance or cause incorrect results. The best thing to do is to ensure that only a single OpenMP runtime is linked into the process, e.g. by avoiding static linking of the OpenMP runtime in any library. As an unsafe, unsupported, undocumented workaround you can set the environment variable KMP_DUPLICATE_LIB_OK=TRUE to allow the program to continue to execute, but that may cause crashes or silently produce incorrect results. For more information, please see http://www.intel.com/software/products/support/.
