/home/naida/anaconda3/envs/deep_rl/lib/python3.10/site-packages/gymnasium/core.py:311: UserWarning: [33mWARN: env.seed to get variables from other wrappers is deprecated and will be removed in v1.0, to get this variable you can do `env.unwrapped.seed` for environment variables or `env.get_wrapper_attr('seed')` that will search the reminding wrappers.[0m
  logger.warn(
--------------------------------------------------
Env:        Hopper-v4
  ob_dim    = 11
  ac_dim    = 3
  max_action= 1.0
Logdir:     /home/naida/Desktop/CS515-Deep-RL/TD3_algorithm/runs/td3_sweep_hopper-v4_seed3_Hopper-v4_10-05-2026_21-37-11
Rendering:  off
--------------------------------------------------
/home/naida/anaconda3/envs/deep_rl/lib/python3.10/site-packages/gymnasium/core.py:311: UserWarning: [33mWARN: env.seed to get variables from other wrappers is deprecated and will be removed in v1.0, to get this variable you can do `env.unwrapped.seed` for environment variables or `env.get_wrapper_attr('seed')` that will search the reminding wrappers.[0m
  logger.warn(
---------------------------------------
Evaluation over 10 episodes: 12.866
---------------------------------------
Total T:      46 | Ep:    1 | Steps:   46 | Reward:    24.19
Total T:      82 | Ep:    2 | Steps:   36 | Reward:    22.88
Total T:      96 | Ep:    3 | Steps:   14 | Reward:     6.55
Total T:     111 | Ep:    4 | Steps:   15 | Reward:    10.01
Total T:     129 | Ep:    5 | Steps:   18 | Reward:    14.36
Total T:     138 | Ep:    6 | Steps:    9 | Reward:     7.01
Total T:     154 | Ep:    7 | Steps:   16 | Reward:    10.03
Total T:     182 | Ep:    8 | Steps:   28 | Reward:    32.13
Total T:     198 | Ep:    9 | Steps:   16 | Reward:     8.91
Total T:     215 | Ep:   10 | Steps:   17 | Reward:    10.16
Total T:     238 | Ep:   11 | Steps:   23 | Reward:    15.08
Total T:     253 | Ep:   12 | Steps:   15 | Reward:     9.40
Total T:     275 | Ep:   13 | Steps:   22 | Reward:    11.27
Total T:     292 | Ep:   14 | Steps:   17 | Reward:    15.61
Total T:     311 | Ep:   15 | Steps:   19 | Reward:     9.84
Total T:     385 | Ep:   16 | Steps:   74 | Reward:    83.67
Total T:     414 | Ep:   17 | Steps:   29 | Reward:    19.12
Total T:     432 | Ep:   18 | Steps:   18 | Reward:    14.48
Total T:     458 | Ep:   19 | Steps:   26 | Reward:     6.98
Total T:     474 | Ep:   20 | Steps:   16 | Reward:    11.32
Total T:     488 | Ep:   21 | Steps:   14 | Reward:    10.13
Total T:     503 | Ep:   22 | Steps:   15 | Reward:    13.66
Total T:     518 | Ep:   23 | Steps:   15 | Reward:    14.00
Total T:     527 | Ep:   24 | Steps:    9 | Reward:     5.38
Total T:     541 | Ep:   25 | Steps:   14 | Reward:    11.71
Total T:     555 | Ep:   26 | Steps:   14 | Reward:    10.19
Total T:     568 | Ep:   27 | Steps:   13 | Reward:     9.87
Total T:     585 | Ep:   28 | Steps:   17 | Reward:     9.23
Total T:     631 | Ep:   29 | Steps:   46 | Reward:    36.49
Total T:     658 | Ep:   30 | Steps:   27 | Reward:    20.52
Total T:     675 | Ep:   31 | Steps:   17 | Reward:    10.03
Total T:     692 | Ep:   32 | Steps:   17 | Reward:     8.07
Total T:     703 | Ep:   33 | Steps:   11 | Reward:     9.30
Total T:     719 | Ep:   34 | Steps:   16 | Reward:    16.25
Total T:     733 | Ep:   35 | Steps:   14 | Reward:    10.07
Total T:     789 | Ep:   36 | Steps:   56 | Reward:    52.18
Total T:     818 | Ep:   37 | Steps:   29 | Reward:    30.37
Total T:     830 | Ep:   38 | Steps:   12 | Reward:     7.86
Total T:     863 | Ep:   39 | Steps:   33 | Reward:    15.94
Total T:     872 | Ep:   40 | Steps:    9 | Reward:     7.33
Total T:     912 | Ep:   41 | Steps:   40 | Reward:    21.93
Total T:     925 | Ep:   42 | Steps:   13 | Reward:    12.08
Total T:     936 | Ep:   43 | Steps:   11 | Reward:     6.57
Total T:     962 | Ep:   44 | Steps:   26 | Reward:    35.57
Total T:     989 | Ep:   45 | Steps:   27 | Reward:    20.98
Total T:    1002 | Ep:   46 | Steps:   13 | Reward:     8.18
Total T:    1026 | Ep:   47 | Steps:   24 | Reward:    15.12
Total T:    1065 | Ep:   48 | Steps:   39 | Reward:    14.54
Total T:    1090 | Ep:   49 | Steps:   25 | Reward:    27.15
Total T:    1121 | Ep:   50 | Steps:   31 | Reward:    23.13
Total T:    1152 | Ep:   51 | Steps:   31 | Reward:    29.94
Total T:    1163 | Ep:   52 | Steps:   11 | Reward:     8.20
Total T:    1192 | Ep:   53 | Steps:   29 | Reward:    23.01
Total T:    1212 | Ep:   54 | Steps:   20 | Reward:    22.64
Total T:    1228 | Ep:   55 | Steps:   16 | Reward:    11.22
Total T:    1254 | Ep:   56 | Steps:   26 | Reward:    16.31
Total T:    1282 | Ep:   57 | Steps:   28 | Reward:    25.04
Total T:    1300 | Ep:   58 | Steps:   18 | Reward:    10.46
Total T:    1322 | Ep:   59 | Steps:   22 | Reward:     9.12
Total T:    1351 | Ep:   60 | Steps:   29 | Reward:    27.67
Total T:    1364 | Ep:   61 | Steps:   13 | Reward:     6.40
Total T:    1383 | Ep:   62 | Steps:   19 | Reward:    16.32
Total T:    1399 | Ep:   63 | Steps:   16 | Reward:     9.12
Total T:    1439 | Ep:   64 | Steps:   40 | Reward:    11.33
Total T:    1479 | Ep:   65 | Steps:   40 | Reward:    49.01
Total T:    1544 | Ep:   66 | Steps:   65 | Reward:   101.68
Total T:    1556 | Ep:   67 | Steps:   12 | Reward:     8.88
Total T:    1571 | Ep:   68 | Steps:   15 | Reward:    14.78
Total T:    1599 | Ep:   69 | Steps:   28 | Reward:    10.23
Total T:    1616 | Ep:   70 | Steps:   17 | Reward:    11.20
Total T:    1676 | Ep:   71 | Steps:   60 | Reward:    78.20
Total T:    1706 | Ep:   72 | Steps:   30 | Reward:    24.45
Total T:    1742 | Ep:   73 | Steps:   36 | Reward:    32.79
Total T:    1771 | Ep:   74 | Steps:   29 | Reward:    26.65
Total T:    1786 | Ep:   75 | Steps:   15 | Reward:     8.25
Total T:    1799 | Ep:   76 | Steps:   13 | Reward:     8.71
Total T:    1815 | Ep:   77 | Steps:   16 | Reward:    11.97
Total T:    1842 | Ep:   78 | Steps:   27 | Reward:    10.03
Total T:    1860 | Ep:   79 | Steps:   18 | Reward:    14.84
Total T:    1909 | Ep:   80 | Steps:   49 | Reward:    43.16
Total T:    1963 | Ep:   81 | Steps:   54 | Reward:    48.91
Total T:    1973 | Ep:   82 | Steps:   10 | Reward:     7.67
Total T:    1997 | Ep:   83 | Steps:   24 | Reward:    12.99
Total T:    2007 | Ep:   84 | Steps:   10 | Reward:     7.55
Total T:    2026 | Ep:   85 | Steps:   19 | Reward:    20.01
Total T:    2087 | Ep:   86 | Steps:   61 | Reward:    79.34
Total T:    2105 | Ep:   87 | Steps:   18 | Reward:    12.71
Total T:    2145 | Ep:   88 | Steps:   40 | Reward:    38.96
Total T:    2158 | Ep:   89 | Steps:   13 | Reward:     8.72
Total T:    2172 | Ep:   90 | Steps:   14 | Reward:     7.05
Total T:    2197 | Ep:   91 | Steps:   25 | Reward:    23.64
Total T:    2211 | Ep:   92 | Steps:   14 | Reward:    12.16
Total T:    2225 | Ep:   93 | Steps:   14 | Reward:    11.22
Total T:    2245 | Ep:   94 | Steps:   20 | Reward:     8.90
Total T:    2276 | Ep:   95 | Steps:   31 | Reward:    12.02
Total T:    2295 | Ep:   96 | Steps:   19 | Reward:    16.43
Total T:    2322 | Ep:   97 | Steps:   27 | Reward:    22.00
Total T:    2358 | Ep:   98 | Steps:   36 | Reward:    29.05
Total T:    2370 | Ep:   99 | Steps:   12 | Reward:     9.17
Total T:    2395 | Ep:  100 | Steps:   25 | Reward:    20.32
Total T:    2407 | Ep:  101 | Steps:   12 | Reward:     9.55
Total T:    2417 | Ep:  102 | Steps:   10 | Reward:     7.99
Total T:    2444 | Ep:  103 | Steps:   27 | Reward:    11.52
Total T:    2460 | Ep:  104 | Steps:   16 | Reward:    10.10
Total T:    2487 | Ep:  105 | Steps:   27 | Reward:    21.26
Total T:    2504 | Ep:  106 | Steps:   17 | Reward:    17.35
Total T:    2525 | Ep:  107 | Steps:   21 | Reward:    13.52
Total T:    2545 | Ep:  108 | Steps:   20 | Reward:    15.83
Total T:    2566 | Ep:  109 | Steps:   21 | Reward:    17.00
Total T:    2584 | Ep:  110 | Steps:   18 | Reward:    15.55
Total T:    2594 | Ep:  111 | Steps:   10 | Reward:     6.59
Total T:    2611 | Ep:  112 | Steps:   17 | Reward:    11.66
Total T:    2638 | Ep:  113 | Steps:   27 | Reward:    20.21
Total T:    2663 | Ep:  114 | Steps:   25 | Reward:    27.65
Total T:    2710 | Ep:  115 | Steps:   47 | Reward:    22.96
Total T:    2730 | Ep:  116 | Steps:   20 | Reward:     9.89
Total T:    2761 | Ep:  117 | Steps:   31 | Reward:    38.06
Total T:    2773 | Ep:  118 | Steps:   12 | Reward:     9.17
Total T:    2811 | Ep:  119 | Steps:   38 | Reward:    24.03
Total T:    2822 | Ep:  120 | Steps:   11 | Reward:     9.54
Total T:    2835 | Ep:  121 | Steps:   13 | Reward:    11.46
Total T:    2855 | Ep:  122 | Steps:   20 | Reward:     8.17
Total T:    2866 | Ep:  123 | Steps:   11 | Reward:     7.44
Total T:    2889 | Ep:  124 | Steps:   23 | Reward:    21.93
Total T:    2902 | Ep:  125 | Steps:   13 | Reward:    10.08
Total T:    2926 | Ep:  126 | Steps:   24 | Reward:    12.52
Total T:    2943 | Ep:  127 | Steps:   17 | Reward:    16.13
Total T:    2959 | Ep:  128 | Steps:   16 | Reward:    12.00
Total T:    2974 | Ep:  129 | Steps:   15 | Reward:    11.31
Total T:    3023 | Ep:  130 | Steps:   49 | Reward:    44.26
Total T:    3041 | Ep:  131 | Steps:   18 | Reward:    20.25
Total T:    3064 | Ep:  132 | Steps:   23 | Reward:    19.61
Total T:    3076 | Ep:  133 | Steps:   12 | Reward:     8.17
Total T:    3094 | Ep:  134 | Steps:   18 | Reward:    13.02
Total T:    3108 | Ep:  135 | Steps:   14 | Reward:     9.61
Total T:    3120 | Ep:  136 | Steps:   12 | Reward:     9.31
Total T:    3156 | Ep:  137 | Steps:   36 | Reward:    35.96
Total T:    3172 | Ep:  138 | Steps:   16 | Reward:    10.36
Total T:    3190 | Ep:  139 | Steps:   18 | Reward:    12.70
Total T:    3221 | Ep:  140 | Steps:   31 | Reward:    12.06
Total T:    3240 | Ep:  141 | Steps:   19 | Reward:    10.93
Total T:    3258 | Ep:  142 | Steps:   18 | Reward:    17.67
Total T:    3271 | Ep:  143 | Steps:   13 | Reward:    11.61
Total T:    3308 | Ep:  144 | Steps:   37 | Reward:    36.82
Total T:    3339 | Ep:  145 | Steps:   31 | Reward:     7.19
Total T:    3360 | Ep:  146 | Steps:   21 | Reward:     9.56
Total T:    3376 | Ep:  147 | Steps:   16 | Reward:    16.28
Total T:    3405 | Ep:  148 | Steps:   29 | Reward:    20.88
Total T:    3427 | Ep:  149 | Steps:   22 | Reward:    15.40
Total T:    3477 | Ep:  150 | Steps:   50 | Reward:    58.26
Total T:    3502 | Ep:  151 | Steps:   25 | Reward:     4.56
Total T:    3520 | Ep:  152 | Steps:   18 | Reward:    10.07
Total T:    3546 | Ep:  153 | Steps:   26 | Reward:    12.84
Total T:    3558 | Ep:  154 | Steps:   12 | Reward:     7.69
Total T:    3568 | Ep:  155 | Steps:   10 | Reward:     8.42
Total T:    3586 | Ep:  156 | Steps:   18 | Reward:    17.23
Total T:    3603 | Ep:  157 | Steps:   17 | Reward:    12.22
Total T:    3619 | Ep:  158 | Steps:   16 | Reward:     9.61
Total T:    3638 | Ep:  159 | Steps:   19 | Reward:    16.93
Total T:    3664 | Ep:  160 | Steps:   26 | Reward:    21.70
Total T:    3692 | Ep:  161 | Steps:   28 | Reward:    14.68
Total T:    3716 | Ep:  162 | Steps:   24 | Reward:    21.34
Total T:    3735 | Ep:  163 | Steps:   19 | Reward:    12.19
Total T:    3773 | Ep:  164 | Steps:   38 | Reward:    18.73
Total T:    3783 | Ep:  165 | Steps:   10 | Reward:     8.13
Total T:    3802 | Ep:  166 | Steps:   19 | Reward:    13.73
Total T:    3819 | Ep:  167 | Steps:   17 | Reward:    14.28
Total T:    3832 | Ep:  168 | Steps:   13 | Reward:     9.72
Total T:    3851 | Ep:  169 | Steps:   19 | Reward:     7.53
Total T:    3900 | Ep:  170 | Steps:   49 | Reward:    76.99
Total T:    3917 | Ep:  171 | Steps:   17 | Reward:    11.19
Total T:    3931 | Ep:  172 | Steps:   14 | Reward:     9.01
Total T:    3943 | Ep:  173 | Steps:   12 | Reward:     8.68
Total T:    3976 | Ep:  174 | Steps:   33 | Reward:    31.15
Total T:    3993 | Ep:  175 | Steps:   17 | Reward:     8.98
Total T:    4011 | Ep:  176 | Steps:   18 | Reward:    11.75
Total T:    4039 | Ep:  177 | Steps:   28 | Reward:    24.28
Total T:    4061 | Ep:  178 | Steps:   22 | Reward:    16.07
Total T:    4077 | Ep:  179 | Steps:   16 | Reward:    15.71
Total T:    4099 | Ep:  180 | Steps:   22 | Reward:    25.51
Total T:    4114 | Ep:  181 | Steps:   15 | Reward:    10.66
Total T:    4131 | Ep:  182 | Steps:   17 | Reward:    16.99
Total T:    4146 | Ep:  183 | Steps:   15 | Reward:    13.25
Total T:    4185 | Ep:  184 | Steps:   39 | Reward:    37.75
Total T:    4199 | Ep:  185 | Steps:   14 | Reward:     8.93
Total T:    4218 | Ep:  186 | Steps:   19 | Reward:    17.00
Total T:    4233 | Ep:  187 | Steps:   15 | Reward:    11.28
Total T:    4243 | Ep:  188 | Steps:   10 | Reward:     7.22
Total T:    4275 | Ep:  189 | Steps:   32 | Reward:    27.29
Total T:    4312 | Ep:  190 | Steps:   37 | Reward:    27.66
Total T:    4331 | Ep:  191 | Steps:   19 | Reward:    12.43
Total T:    4346 | Ep:  192 | Steps:   15 | Reward:     9.89
Total T:    4376 | Ep:  193 | Steps:   30 | Reward:    34.60
Total T:    4392 | Ep:  194 | Steps:   16 | Reward:     7.75
Total T:    4412 | Ep:  195 | Steps:   20 | Reward:    11.20
Total T:    4430 | Ep:  196 | Steps:   18 | Reward:    19.14
Total T:    4451 | Ep:  197 | Steps:   21 | Reward:    15.96
Total T:    4466 | Ep:  198 | Steps:   15 | Reward:     9.58
Total T:    4482 | Ep:  199 | Steps:   16 | Reward:    11.24
Total T:    4503 | Ep:  200 | Steps:   21 | Reward:    11.68
Total T:    4520 | Ep:  201 | Steps:   17 | Reward:    14.50
Total T:    4545 | Ep:  202 | Steps:   25 | Reward:    21.67
Total T:    4567 | Ep:  203 | Steps:   22 | Reward:    13.67
Total T:    4595 | Ep:  204 | Steps:   28 | Reward:    15.77
Total T:    4616 | Ep:  205 | Steps:   21 | Reward:    12.80
Total T:    4656 | Ep:  206 | Steps:   40 | Reward:    42.62
Total T:    4669 | Ep:  207 | Steps:   13 | Reward:    13.72
Total T:    4688 | Ep:  208 | Steps:   19 | Reward:    15.82
Total T:    4747 | Ep:  209 | Steps:   59 | Reward:   106.20
Total T:    4767 | Ep:  210 | Steps:   20 | Reward:    14.63
Total T:    4795 | Ep:  211 | Steps:   28 | Reward:    19.47
Total T:    4810 | Ep:  212 | Steps:   15 | Reward:    10.65
Total T:    4823 | Ep:  213 | Steps:   13 | Reward:    11.05
Total T:    4841 | Ep:  214 | Steps:   18 | Reward:     7.12
Total T:    4881 | Ep:  215 | Steps:   40 | Reward:    29.20
Total T:    4892 | Ep:  216 | Steps:   11 | Reward:     9.07
Total T:    4909 | Ep:  217 | Steps:   17 | Reward:    13.08
Total T:    4919 | Ep:  218 | Steps:   10 | Reward:     8.39
Total T:    4932 | Ep:  219 | Steps:   13 | Reward:     8.71
Total T:    4942 | Ep:  220 | Steps:   10 | Reward:     5.23
Total T:    5014 | Ep:  221 | Steps:   72 | Reward:    95.98
Total T:    5075 | Ep:  222 | Steps:   61 | Reward:    84.77
Total T:    5090 | Ep:  223 | Steps:   15 | Reward:     9.19
Total T:    5107 | Ep:  224 | Steps:   17 | Reward:    17.00
Total T:    5133 | Ep:  225 | Steps:   26 | Reward:    33.87
Total T:    5153 | Ep:  226 | Steps:   20 | Reward:    10.47
Total T:    5172 | Ep:  227 | Steps:   19 | Reward:    13.86
Total T:    5226 | Ep:  228 | Steps:   54 | Reward:    84.31
Total T:    5236 | Ep:  229 | Steps:   10 | Reward:     6.33
Total T:    5254 | Ep:  230 | Steps:   18 | Reward:    12.81
Total T:    5285 | Ep:  231 | Steps:   31 | Reward:    24.70
Total T:    5298 | Ep:  232 | Steps:   13 | Reward:     9.73
Total T:    5308 | Ep:  233 | Steps:   10 | Reward:     7.73
Total T:    5321 | Ep:  234 | Steps:   13 | Reward:    10.23
Total T:    5335 | Ep:  235 | Steps:   14 | Reward:    11.21
Total T:    5352 | Ep:  236 | Steps:   17 | Reward:    15.58
Total T:    5371 | Ep:  237 | Steps:   19 | Reward:    16.42
Total T:    5392 | Ep:  238 | Steps:   21 | Reward:    17.44
Total T:    5405 | Ep:  239 | Steps:   13 | Reward:     9.16
Total T:    5413 | Ep:  240 | Steps:    8 | Reward:     4.30
Total T:    5429 | Ep:  241 | Steps:   16 | Reward:    15.97
Total T:    5448 | Ep:  242 | Steps:   19 | Reward:    11.76
Total T:    5464 | Ep:  243 | Steps:   16 | Reward:     8.75
Total T:    5482 | Ep:  244 | Steps:   18 | Reward:    17.32
Total T:    5497 | Ep:  245 | Steps:   15 | Reward:    11.30
Total T:    5517 | Ep:  246 | Steps:   20 | Reward:    20.10
Total T:    5552 | Ep:  247 | Steps:   35 | Reward:    46.95
Total T:    5563 | Ep:  248 | Steps:   11 | Reward:     7.76
Total T:    5605 | Ep:  249 | Steps:   42 | Reward:    36.83
Total T:    5625 | Ep:  250 | Steps:   20 | Reward:    17.23
Total T:    5638 | Ep:  251 | Steps:   13 | Reward:    11.41
Total T:    5661 | Ep:  252 | Steps:   23 | Reward:    15.29
Total T:    5677 | Ep:  253 | Steps:   16 | Reward:    15.29
Total T:    5688 | Ep:  254 | Steps:   11 | Reward:     6.94
Total T:    5697 | Ep:  255 | Steps:    9 | Reward:     6.58
Total T:    5715 | Ep:  256 | Steps:   18 | Reward:    17.97
Total T:    5745 | Ep:  257 | Steps:   30 | Reward:    22.64
Total T:    5764 | Ep:  258 | Steps:   19 | Reward:    11.63
Total T:    5780 | Ep:  259 | Steps:   16 | Reward:    14.77
Total T:    5820 | Ep:  260 | Steps:   40 | Reward:    39.92
Total T:    5834 | Ep:  261 | Steps:   14 | Reward:    11.59
Total T:    5849 | Ep:  262 | Steps:   15 | Reward:    13.25
Total T:    5877 | Ep:  263 | Steps:   28 | Reward:    19.88
Total T:    5909 | Ep:  264 | Steps:   32 | Reward:    40.94
Total T:    5927 | Ep:  265 | Steps:   18 | Reward:    17.77
Total T:    5941 | Ep:  266 | Steps:   14 | Reward:    12.74
Total T:    5957 | Ep:  267 | Steps:   16 | Reward:    10.07
Total T:    5974 | Ep:  268 | Steps:   17 | Reward:    10.56
Total T:    5990 | Ep:  269 | Steps:   16 | Reward:    12.49
Total T:    6001 | Ep:  270 | Steps:   11 | Reward:     8.04
Total T:    6022 | Ep:  271 | Steps:   21 | Reward:    11.26
Total T:    6045 | Ep:  272 | Steps:   23 | Reward:    22.24
Total T:    6061 | Ep:  273 | Steps:   16 | Reward:    15.31
Total T:    6093 | Ep:  274 | Steps:   32 | Reward:    31.20
Total T:    6113 | Ep:  275 | Steps:   20 | Reward:    22.60
Total T:    6129 | Ep:  276 | Steps:   16 | Reward:    13.52
Total T:    6145 | Ep:  277 | Steps:   16 | Reward:    13.43
Total T:    6155 | Ep:  278 | Steps:   10 | Reward:     7.11
Total T:    6185 | Ep:  279 | Steps:   30 | Reward:    31.61
Total T:    6263 | Ep:  280 | Steps:   78 | Reward:   128.42
Total T:    6299 | Ep:  281 | Steps:   36 | Reward:    45.23
Total T:    6320 | Ep:  282 | Steps:   21 | Reward:    16.19
Total T:    6343 | Ep:  283 | Steps:   23 | Reward:    18.57
Total T:    6366 | Ep:  284 | Steps:   23 | Reward:    22.87
Total T:    6393 | Ep:  285 | Steps:   27 | Reward:    24.57
Total T:    6408 | Ep:  286 | Steps:   15 | Reward:     9.26
Total T:    6430 | Ep:  287 | Steps:   22 | Reward:    13.37
Total T:    6455 | Ep:  288 | Steps:   25 | Reward:    16.22
Total T:    6466 | Ep:  289 | Steps:   11 | Reward:     9.38
Total T:    6484 | Ep:  290 | Steps:   18 | Reward:     9.00
Total T:    6498 | Ep:  291 | Steps:   14 | Reward:     8.67
Total T:    6512 | Ep:  292 | Steps:   14 | Reward:     8.50
Total T:    6529 | Ep:  293 | Steps:   17 | Reward:    11.09
Total T:    6554 | Ep:  294 | Steps:   25 | Reward:    12.97
Total T:    6568 | Ep:  295 | Steps:   14 | Reward:    11.78
Total T:    6587 | Ep:  296 | Steps:   19 | Reward:    13.31
Total T:    6608 | Ep:  297 | Steps:   21 | Reward:    15.88
Total T:    6623 | Ep:  298 | Steps:   15 | Reward:    11.33
Total T:    6637 | Ep:  299 | Steps:   14 | Reward:    11.81
Total T:    6667 | Ep:  300 | Steps:   30 | Reward:    33.45
Total T:    6699 | Ep:  301 | Steps:   32 | Reward:    44.82
Total T:    6719 | Ep:  302 | Steps:   20 | Reward:    16.39
Total T:    6741 | Ep:  303 | Steps:   22 | Reward:    21.68
Total T:    6756 | Ep:  304 | Steps:   15 | Reward:    12.05
Total T:    6769 | Ep:  305 | Steps:   13 | Reward:     9.33
Total T:    6800 | Ep:  306 | Steps:   31 | Reward:    18.98
Total T:    6826 | Ep:  307 | Steps:   26 | Reward:    22.03
Total T:    6841 | Ep:  308 | Steps:   15 | Reward:    13.04
Total T:    6866 | Ep:  309 | Steps:   25 | Reward:    26.36
Total T:    6878 | Ep:  310 | Steps:   12 | Reward:     7.86
Total T:    6890 | Ep:  311 | Steps:   12 | Reward:     9.49
Total T:    6907 | Ep:  312 | Steps:   17 | Reward:    13.92
Total T:    6921 | Ep:  313 | Steps:   14 | Reward:     9.17
Total T:    6950 | Ep:  314 | Steps:   29 | Reward:    21.57
Total T:    6970 | Ep:  315 | Steps:   20 | Reward:    12.94
Total T:    7028 | Ep:  316 | Steps:   58 | Reward:    73.74
Total T:    7058 | Ep:  317 | Steps:   30 | Reward:    10.48
Total T:    7080 | Ep:  318 | Steps:   22 | Reward:     9.20
Total T:    7099 | Ep:  319 | Steps:   19 | Reward:    17.56
Total T:    7122 | Ep:  320 | Steps:   23 | Reward:    26.66
Total T:    7141 | Ep:  321 | Steps:   19 | Reward:    16.34
Total T:    7165 | Ep:  322 | Steps:   24 | Reward:    12.54
Total T:    7200 | Ep:  323 | Steps:   35 | Reward:    38.56
Total T:    7212 | Ep:  324 | Steps:   12 | Reward:     8.36
Total T:    7252 | Ep:  325 | Steps:   40 | Reward:    36.99
Total T:    7260 | Ep:  326 | Steps:    8 | Reward:     5.46
Total T:    7271 | Ep:  327 | Steps:   11 | Reward:     8.69
Total T:    7284 | Ep:  328 | Steps:   13 | Reward:     9.95
Total T:    7301 | Ep:  329 | Steps:   17 | Reward:    16.30
Total T:    7337 | Ep:  330 | Steps:   36 | Reward:    31.77
Total T:    7356 | Ep:  331 | Steps:   19 | Reward:     6.37
Total T:    7372 | Ep:  332 | Steps:   16 | Reward:    15.65
Total T:    7384 | Ep:  333 | Steps:   12 | Reward:     7.01
Total T:    7403 | Ep:  334 | Steps:   19 | Reward:    17.19
Total T:    7421 | Ep:  335 | Steps:   18 | Reward:    17.10
Total T:    7434 | Ep:  336 | Steps:   13 | Reward:    10.96
Total T:    7452 | Ep:  337 | Steps:   18 | Reward:    16.73
Total T:    7463 | Ep:  338 | Steps:   11 | Reward:     7.85
Total T:    7477 | Ep:  339 | Steps:   14 | Reward:     9.95
Total T:    7493 | Ep:  340 | Steps:   16 | Reward:     7.92
Total T:    7504 | Ep:  341 | Steps:   11 | Reward:     6.55
Total T:    7517 | Ep:  342 | Steps:   13 | Reward:     8.11
Total T:    7558 | Ep:  343 | Steps:   41 | Reward:    67.54
Total T:    7571 | Ep:  344 | Steps:   13 | Reward:     7.50
Total T:    7586 | Ep:  345 | Steps:   15 | Reward:    11.38
Total T:    7599 | Ep:  346 | Steps:   13 | Reward:    11.01
Total T:    7623 | Ep:  347 | Steps:   24 | Reward:    16.58
Total T:    7646 | Ep:  348 | Steps:   23 | Reward:    23.75
Total T:    7678 | Ep:  349 | Steps:   32 | Reward:     5.72
Total T:    7693 | Ep:  350 | Steps:   15 | Reward:    13.77
Total T:    7704 | Ep:  351 | Steps:   11 | Reward:     5.42
Total T:    7740 | Ep:  352 | Steps:   36 | Reward:    44.18
Total T:    7761 | Ep:  353 | Steps:   21 | Reward:    17.52
Total T:    7784 | Ep:  354 | Steps:   23 | Reward:    24.81
Total T:    7792 | Ep:  355 | Steps:    8 | Reward:     5.22
Total T:    7805 | Ep:  356 | Steps:   13 | Reward:    10.45
Total T:    7819 | Ep:  357 | Steps:   14 | Reward:    11.57
Total T:    7828 | Ep:  358 | Steps:    9 | Reward:     7.36
Total T:    7846 | Ep:  359 | Steps:   18 | Reward:    15.36
Total T:    7875 | Ep:  360 | Steps:   29 | Reward:    25.55
Total T:    7886 | Ep:  361 | Steps:   11 | Reward:     9.20
Total T:    7905 | Ep:  362 | Steps:   19 | Reward:    13.73
Total T:    7944 | Ep:  363 | Steps:   39 | Reward:    31.12
Total T:    7966 | Ep:  364 | Steps:   22 | Reward:    25.31
Total T:    7981 | Ep:  365 | Steps:   15 | Reward:    13.30
Total T:    7996 | Ep:  366 | Steps:   15 | Reward:    10.15
Total T:    8026 | Ep:  367 | Steps:   30 | Reward:    13.05
Total T:    8049 | Ep:  368 | Steps:   23 | Reward:     8.25
Total T:    8062 | Ep:  369 | Steps:   13 | Reward:     8.87
Total T:    8091 | Ep:  370 | Steps:   29 | Reward:    21.34
Total T:    8108 | Ep:  371 | Steps:   17 | Reward:     8.14
Total T:    8121 | Ep:  372 | Steps:   13 | Reward:     9.80
Total T:    8145 | Ep:  373 | Steps:   24 | Reward:    15.40
Total T:    8202 | Ep:  374 | Steps:   57 | Reward:    66.19
Total T:    8219 | Ep:  375 | Steps:   17 | Reward:     9.18
Total T:    8239 | Ep:  376 | Steps:   20 | Reward:    19.04
Total T:    8251 | Ep:  377 | Steps:   12 | Reward:     8.64
Total T:    8270 | Ep:  378 | Steps:   19 | Reward:    10.84
Total T:    8286 | Ep:  379 | Steps:   16 | Reward:    14.28
Total T:    8295 | Ep:  380 | Steps:    9 | Reward:     7.26
Total T:    8366 | Ep:  381 | Steps:   71 | Reward:    54.66
Total T:    8390 | Ep:  382 | Steps:   24 | Reward:    13.27
Total T:    8430 | Ep:  383 | Steps:   40 | Reward:    42.38
Total T:    8455 | Ep:  384 | Steps:   25 | Reward:     9.11
Total T:    8469 | Ep:  385 | Steps:   14 | Reward:     7.21
Total T:    8483 | Ep:  386 | Steps:   14 | Reward:    11.82
Total T:    8498 | Ep:  387 | Steps:   15 | Reward:    14.32
Total T:    8523 | Ep:  388 | Steps:   25 | Reward:    26.60
Total T:    8538 | Ep:  389 | Steps:   15 | Reward:    13.02
Total T:    8566 | Ep:  390 | Steps:   28 | Reward:    17.52
Total T:    8598 | Ep:  391 | Steps:   32 | Reward:    17.08
Total T:    8612 | Ep:  392 | Steps:   14 | Reward:    10.33
Total T:    8649 | Ep:  393 | Steps:   37 | Reward:    26.39
Total T:    8671 | Ep:  394 | Steps:   22 | Reward:    17.45
Total T:    8687 | Ep:  395 | Steps:   16 | Reward:    15.73
Total T:    8707 | Ep:  396 | Steps:   20 | Reward:    17.01
Total T:    8739 | Ep:  397 | Steps:   32 | Reward:    35.97
Total T:    8803 | Ep:  398 | Steps:   64 | Reward:   113.19
Total T:    8822 | Ep:  399 | Steps:   19 | Reward:    11.70
Total T:    8853 | Ep:  400 | Steps:   31 | Reward:    14.64
Total T:    8876 | Ep:  401 | Steps:   23 | Reward:    17.10
Total T:    8894 | Ep:  402 | Steps:   18 | Reward:    11.93
Total T:    8911 | Ep:  403 | Steps:   17 | Reward:    13.23
Total T:    8935 | Ep:  404 | Steps:   24 | Reward:    10.87
Total T:    8969 | Ep:  405 | Steps:   34 | Reward:    38.32
Total T:    8984 | Ep:  406 | Steps:   15 | Reward:    13.75
Total T:    8998 | Ep:  407 | Steps:   14 | Reward:     8.62
Total T:    9010 | Ep:  408 | Steps:   12 | Reward:     7.95
Total T:    9032 | Ep:  409 | Steps:   22 | Reward:    25.74
Total T:    9051 | Ep:  410 | Steps:   19 | Reward:    13.43
Total T:    9066 | Ep:  411 | Steps:   15 | Reward:    11.17
Total T:    9076 | Ep:  412 | Steps:   10 | Reward:     8.00
Total T:    9085 | Ep:  413 | Steps:    9 | Reward:     7.02
Total T:    9110 | Ep:  414 | Steps:   25 | Reward:    30.53
Total T:    9121 | Ep:  415 | Steps:   11 | Reward:     9.18
Total T:    9140 | Ep:  416 | Steps:   19 | Reward:    16.12
Total T:    9175 | Ep:  417 | Steps:   35 | Reward:    44.67
Total T:    9185 | Ep:  418 | Steps:   10 | Reward:     8.41
Total T:    9211 | Ep:  419 | Steps:   26 | Reward:    33.26
Total T:    9226 | Ep:  420 | Steps:   15 | Reward:    11.14
Total T:    9253 | Ep:  421 | Steps:   27 | Reward:     6.88
Total T:    9269 | Ep:  422 | Steps:   16 | Reward:    11.35
Total T:    9281 | Ep:  423 | Steps:   12 | Reward:     7.68
Total T:    9299 | Ep:  424 | Steps:   18 | Reward:    14.21
Total T:    9320 | Ep:  425 | Steps:   21 | Reward:    22.23
Total T:    9346 | Ep:  426 | Steps:   26 | Reward:    19.77
Total T:    9377 | Ep:  427 | Steps:   31 | Reward:    10.97
Total T:    9401 | Ep:  428 | Steps:   24 | Reward:    21.31
Total T:    9428 | Ep:  429 | Steps:   27 | Reward:    12.37
Total T:    9445 | Ep:  430 | Steps:   17 | Reward:     9.73
Total T:    9479 | Ep:  431 | Steps:   34 | Reward:    14.29
Total T:    9513 | Ep:  432 | Steps:   34 | Reward:    26.72
Total T:    9525 | Ep:  433 | Steps:   12 | Reward:    10.74
Total T:    9543 | Ep:  434 | Steps:   18 | Reward:    12.11
Total T:    9557 | Ep:  435 | Steps:   14 | Reward:    12.69
Total T:    9571 | Ep:  436 | Steps:   14 | Reward:    12.33
Total T:    9583 | Ep:  437 | Steps:   12 | Reward:     6.66
Total T:    9601 | Ep:  438 | Steps:   18 | Reward:    18.04
Total T:    9617 | Ep:  439 | Steps:   16 | Reward:    16.76
Total T:    9635 | Ep:  440 | Steps:   18 | Reward:    16.40
Total T:    9653 | Ep:  441 | Steps:   18 | Reward:    16.65
Total T:    9692 | Ep:  442 | Steps:   39 | Reward:    23.15
Total T:    9709 | Ep:  443 | Steps:   17 | Reward:    10.49
Total T:    9720 | Ep:  444 | Steps:   11 | Reward:     9.46
Total T:    9737 | Ep:  445 | Steps:   17 | Reward:    12.08
Total T:    9798 | Ep:  446 | Steps:   61 | Reward:    37.25
Total T:    9820 | Ep:  447 | Steps:   22 | Reward:    13.67
Total T:    9831 | Ep:  448 | Steps:   11 | Reward:     7.21
Total T:    9851 | Ep:  449 | Steps:   20 | Reward:    16.78
Total T:    9890 | Ep:  450 | Steps:   39 | Reward:    31.81
Total T:    9921 | Ep:  451 | Steps:   31 | Reward:    20.78
Total T:    9940 | Ep:  452 | Steps:   19 | Reward:    18.41
Total T:    9962 | Ep:  453 | Steps:   22 | Reward:    10.88
Total T:    9975 | Ep:  454 | Steps:   13 | Reward:     9.62
Total T:    9988 | Ep:  455 | Steps:   13 | Reward:     9.56
---------------------------------------
Evaluation over 10 episodes: 12.909
---------------------------------------
Total T:   10010 | Ep:  456 | Steps:   22 | Reward:    21.90
Total T:   10027 | Ep:  457 | Steps:   17 | Reward:    10.89
Total T:   10056 | Ep:  458 | Steps:   29 | Reward:    32.10
Total T:   10071 | Ep:  459 | Steps:   15 | Reward:     6.67
Total T:   10123 | Ep:  460 | Steps:   52 | Reward:    57.76
Total T:   10175 | Ep:  461 | Steps:   52 | Reward:    30.00
Total T:   10209 | Ep:  462 | Steps:   34 | Reward:    23.21
Total T:   10232 | Ep:  463 | Steps:   23 | Reward:    10.40
Total T:   10248 | Ep:  464 | Steps:   16 | Reward:    13.31
Total T:   10278 | Ep:  465 | Steps:   30 | Reward:    15.29
Total T:   10292 | Ep:  466 | Steps:   14 | Reward:    11.60
Total T:   10306 | Ep:  467 | Steps:   14 | Reward:    10.38
Total T:   10315 | Ep:  468 | Steps:    9 | Reward:     4.60
Total T:   10345 | Ep:  469 | Steps:   30 | Reward:    13.52
Total T:   10377 | Ep:  470 | Steps:   32 | Reward:    33.64
Total T:   10448 | Ep:  471 | Steps:   71 | Reward:    61.69
Total T:   10465 | Ep:  472 | Steps:   17 | Reward:    12.01
Total T:   10489 | Ep:  473 | Steps:   24 | Reward:    11.53
Total T:   10499 | Ep:  474 | Steps:   10 | Reward:     7.07
Total T:   10520 | Ep:  475 | Steps:   21 | Reward:    10.03
Total T:   10544 | Ep:  476 | Steps:   24 | Reward:    18.53
Total T:   10599 | Ep:  477 | Steps:   55 | Reward:    96.57
Total T:   10614 | Ep:  478 | Steps:   15 | Reward:     7.78
Total T:   10634 | Ep:  479 | Steps:   20 | Reward:    20.11
Total T:   10660 | Ep:  480 | Steps:   26 | Reward:    15.17
Total T:   10717 | Ep:  481 | Steps:   57 | Reward:    62.30
Total T:   10750 | Ep:  482 | Steps:   33 | Reward:    40.70
Total T:   10767 | Ep:  483 | Steps:   17 | Reward:    12.81
Total T:   10777 | Ep:  484 | Steps:   10 | Reward:     8.33
Total T:   10802 | Ep:  485 | Steps:   25 | Reward:    15.05
Total T:   10818 | Ep:  486 | Steps:   16 | Reward:    13.77
Total T:   10895 | Ep:  487 | Steps:   77 | Reward:    76.78
Total T:   10916 | Ep:  488 | Steps:   21 | Reward:    10.73
Total T:   10938 | Ep:  489 | Steps:   22 | Reward:    20.01
Total T:   10953 | Ep:  490 | Steps:   15 | Reward:     7.91
Total T:   10971 | Ep:  491 | Steps:   18 | Reward:    18.36
Total T:   10986 | Ep:  492 | Steps:   15 | Reward:    13.53
Total T:   11004 | Ep:  493 | Steps:   18 | Reward:    10.84
Total T:   11017 | Ep:  494 | Steps:   13 | Reward:     9.96
Total T:   11027 | Ep:  495 | Steps:   10 | Reward:     5.55
Total T:   11065 | Ep:  496 | Steps:   38 | Reward:    26.83
Total T:   11077 | Ep:  497 | Steps:   12 | Reward:    10.87
Total T:   11099 | Ep:  498 | Steps:   22 | Reward:    12.13
Total T:   11122 | Ep:  499 | Steps:   23 | Reward:    13.49
Total T:   11131 | Ep:  500 | Steps:    9 | Reward:     5.88
Total T:   11151 | Ep:  501 | Steps:   20 | Reward:     9.94
Total T:   11168 | Ep:  502 | Steps:   17 | Reward:     8.89
Total T:   11200 | Ep:  503 | Steps:   32 | Reward:    15.69
Total T:   11224 | Ep:  504 | Steps:   24 | Reward:    10.58
Total T:   11239 | Ep:  505 | Steps:   15 | Reward:     7.07
Total T:   11284 | Ep:  506 | Steps:   45 | Reward:    57.76
Total T:   11304 | Ep:  507 | Steps:   20 | Reward:    12.13
Total T:   11314 | Ep:  508 | Steps:   10 | Reward:     7.18
Total T:   11339 | Ep:  509 | Steps:   25 | Reward:     9.08
Total T:   11354 | Ep:  510 | Steps:   15 | Reward:    11.74
Total T:   11382 | Ep:  511 | Steps:   28 | Reward:    16.57
Total T:   11396 | Ep:  512 | Steps:   14 | Reward:    13.16
Total T:   11413 | Ep:  513 | Steps:   17 | Reward:    11.71
Total T:   11433 | Ep:  514 | Steps:   20 | Reward:    15.63
Total T:   11455 | Ep:  515 | Steps:   22 | Reward:    19.89
Total T:   11470 | Ep:  516 | Steps:   15 | Reward:    10.47
Total T:   11494 | Ep:  517 | Steps:   24 | Reward:    19.22
Total T:   11517 | Ep:  518 | Steps:   23 | Reward:    14.10
Total T:   11560 | Ep:  519 | Steps:   43 | Reward:    27.40
Total T:   11579 | Ep:  520 | Steps:   19 | Reward:    20.77
Total T:   11607 | Ep:  521 | Steps:   28 | Reward:    15.87
Total T:   11619 | Ep:  522 | Steps:   12 | Reward:     8.93
Total T:   11656 | Ep:  523 | Steps:   37 | Reward:    23.07
Total T:   11672 | Ep:  524 | Steps:   16 | Reward:    14.70
Total T:   11699 | Ep:  525 | Steps:   27 | Reward:    20.74
Total T:   11723 | Ep:  526 | Steps:   24 | Reward:    11.02
Total T:   11739 | Ep:  527 | Steps:   16 | Reward:     6.82
Total T:   11770 | Ep:  528 | Steps:   31 | Reward:    23.66
Total T:   11786 | Ep:  529 | Steps:   16 | Reward:     8.44
Total T:   11807 | Ep:  530 | Steps:   21 | Reward:     9.81
Total T:   11824 | Ep:  531 | Steps:   17 | Reward:    11.49
Total T:   11853 | Ep:  532 | Steps:   29 | Reward:     7.04
Total T:   11877 | Ep:  533 | Steps:   24 | Reward:    27.58
Total T:   11894 | Ep:  534 | Steps:   17 | Reward:     9.41
Total T:   11912 | Ep:  535 | Steps:   18 | Reward:    18.24
Total T:   11953 | Ep:  536 | Steps:   41 | Reward:    36.94
Total T:   12003 | Ep:  537 | Steps:   50 | Reward:    54.49
Total T:   12024 | Ep:  538 | Steps:   21 | Reward:    20.47
Total T:   12036 | Ep:  539 | Steps:   12 | Reward:     9.62
Total T:   12105 | Ep:  540 | Steps:   69 | Reward:    65.31
Total T:   12116 | Ep:  541 | Steps:   11 | Reward:     6.75
Total T:   12142 | Ep:  542 | Steps:   26 | Reward:    18.19
Total T:   12159 | Ep:  543 | Steps:   17 | Reward:    12.58
Total T:   12179 | Ep:  544 | Steps:   20 | Reward:     9.90
Total T:   12195 | Ep:  545 | Steps:   16 | Reward:    11.51
Total T:   12211 | Ep:  546 | Steps:   16 | Reward:    11.68
Total T:   12222 | Ep:  547 | Steps:   11 | Reward:     8.65
Total T:   12249 | Ep:  548 | Steps:   27 | Reward:    27.80
Total T:   12257 | Ep:  549 | Steps:    8 | Reward:     5.52
Total T:   12271 | Ep:  550 | Steps:   14 | Reward:    13.01
Total T:   12285 | Ep:  551 | Steps:   14 | Reward:    12.12
Total T:   12300 | Ep:  552 | Steps:   15 | Reward:    11.39
Total T:   12324 | Ep:  553 | Steps:   24 | Reward:    12.81
Total T:   12338 | Ep:  554 | Steps:   14 | Reward:     9.61
Total T:   12362 | Ep:  555 | Steps:   24 | Reward:    24.46
Total T:   12370 | Ep:  556 | Steps:    8 | Reward:     5.60
Total T:   12437 | Ep:  557 | Steps:   67 | Reward:   123.36
Total T:   12463 | Ep:  558 | Steps:   26 | Reward:    33.74
Total T:   12489 | Ep:  559 | Steps:   26 | Reward:    18.26
Total T:   12508 | Ep:  560 | Steps:   19 | Reward:    19.62
Total T:   12564 | Ep:  561 | Steps:   56 | Reward:    95.49
Total T:   12583 | Ep:  562 | Steps:   19 | Reward:     7.44
Total T:   12620 | Ep:  563 | Steps:   37 | Reward:    32.13
Total T:   12633 | Ep:  564 | Steps:   13 | Reward:     7.55
Total T:   12663 | Ep:  565 | Steps:   30 | Reward:    30.21
Total T:   12695 | Ep:  566 | Steps:   32 | Reward:    12.80
Total T:   12708 | Ep:  567 | Steps:   13 | Reward:    11.51
Total T:   12743 | Ep:  568 | Steps:   35 | Reward:    35.16
Total T:   12788 | Ep:  569 | Steps:   45 | Reward:    49.11
Total T:   12826 | Ep:  570 | Steps:   38 | Reward:    51.32
Total T:   12838 | Ep:  571 | Steps:   12 | Reward:    10.19
Total T:   12855 | Ep:  572 | Steps:   17 | Reward:     8.53
Total T:   12905 | Ep:  573 | Steps:   50 | Reward:    66.92
Total T:   12916 | Ep:  574 | Steps:   11 | Reward:     7.63
Total T:   12927 | Ep:  575 | Steps:   11 | Reward:     8.28
Total T:   12954 | Ep:  576 | Steps:   27 | Reward:    27.68
Total T:   12983 | Ep:  577 | Steps:   29 | Reward:     9.21
Total T:   13011 | Ep:  578 | Steps:   28 | Reward:    29.67
Total T:   13043 | Ep:  579 | Steps:   32 | Reward:    17.96
Total T:   13074 | Ep:  580 | Steps:   31 | Reward:    14.59
Total T:   13091 | Ep:  581 | Steps:   17 | Reward:    13.04
Total T:   13109 | Ep:  582 | Steps:   18 | Reward:    16.79
Total T:   13118 | Ep:  583 | Steps:    9 | Reward:     5.73
Total T:   13129 | Ep:  584 | Steps:   11 | Reward:     9.36
Total T:   13143 | Ep:  585 | Steps:   14 | Reward:    12.48
Total T:   13181 | Ep:  586 | Steps:   38 | Reward:    22.49
Total T:   13198 | Ep:  587 | Steps:   17 | Reward:    11.88
Total T:   13270 | Ep:  588 | Steps:   72 | Reward:    85.45
Total T:   13285 | Ep:  589 | Steps:   15 | Reward:    13.53
Total T:   13295 | Ep:  590 | Steps:   10 | Reward:     7.16
Total T:   13335 | Ep:  591 | Steps:   40 | Reward:    36.39
Total T:   13349 | Ep:  592 | Steps:   14 | Reward:     8.94
Total T:   13359 | Ep:  593 | Steps:   10 | Reward:     7.87
Total T:   13403 | Ep:  594 | Steps:   44 | Reward:    54.12
Total T:   13426 | Ep:  595 | Steps:   23 | Reward:    11.50
Total T:   13454 | Ep:  596 | Steps:   28 | Reward:    18.29
Total T:   13498 | Ep:  597 | Steps:   44 | Reward:    18.88
Total T:   13508 | Ep:  598 | Steps:   10 | Reward:     7.53
Total T:   13531 | Ep:  599 | Steps:   23 | Reward:    12.59
Total T:   13543 | Ep:  600 | Steps:   12 | Reward:     7.47
Total T:   13557 | Ep:  601 | Steps:   14 | Reward:    13.66
Total T:   13594 | Ep:  602 | Steps:   37 | Reward:    29.76
Total T:   13602 | Ep:  603 | Steps:    8 | Reward:     5.61
Total T:   13672 | Ep:  604 | Steps:   70 | Reward:   137.19
Total T:   13686 | Ep:  605 | Steps:   14 | Reward:    13.85
Total T:   13746 | Ep:  606 | Steps:   60 | Reward:    88.72
Total T:   13779 | Ep:  607 | Steps:   33 | Reward:    40.80
Total T:   13789 | Ep:  608 | Steps:   10 | Reward:     6.55
Total T:   13812 | Ep:  609 | Steps:   23 | Reward:    21.69
Total T:   13831 | Ep:  610 | Steps:   19 | Reward:    19.80
Total T:   13842 | Ep:  611 | Steps:   11 | Reward:     6.55
Total T:   13852 | Ep:  612 | Steps:   10 | Reward:     7.29
Total T:   13876 | Ep:  613 | Steps:   24 | Reward:    22.66
Total T:   13889 | Ep:  614 | Steps:   13 | Reward:     9.81
Total T:   13902 | Ep:  615 | Steps:   13 | Reward:     8.83
Total T:   13947 | Ep:  616 | Steps:   45 | Reward:    66.64
Total T:   13973 | Ep:  617 | Steps:   26 | Reward:    23.87
Total T:   13991 | Ep:  618 | Steps:   18 | Reward:     9.63
Total T:   14037 | Ep:  619 | Steps:   46 | Reward:    73.01
Total T:   14071 | Ep:  620 | Steps:   34 | Reward:    15.82
Total T:   14089 | Ep:  621 | Steps:   18 | Reward:    20.52
Total T:   14100 | Ep:  622 | Steps:   11 | Reward:     9.58
Total T:   14111 | Ep:  623 | Steps:   11 | Reward:     8.84
Total T:   14124 | Ep:  624 | Steps:   13 | Reward:     9.02
Total T:   14138 | Ep:  625 | Steps:   14 | Reward:    11.83
Total T:   14170 | Ep:  626 | Steps:   32 | Reward:    39.88
Total T:   14193 | Ep:  627 | Steps:   23 | Reward:    16.22
Total T:   14217 | Ep:  628 | Steps:   24 | Reward:    15.25
Total T:   14247 | Ep:  629 | Steps:   30 | Reward:    20.30
Total T:   14264 | Ep:  630 | Steps:   17 | Reward:     9.30
Total T:   14281 | Ep:  631 | Steps:   17 | Reward:    18.24
Total T:   14307 | Ep:  632 | Steps:   26 | Reward:    34.24
Total T:   14328 | Ep:  633 | Steps:   21 | Reward:    11.93
Total T:   14339 | Ep:  634 | Steps:   11 | Reward:    10.13
Total T:   14357 | Ep:  635 | Steps:   18 | Reward:    12.31
Total T:   14371 | Ep:  636 | Steps:   14 | Reward:     5.83
Total T:   14397 | Ep:  637 | Steps:   26 | Reward:    15.53
Total T:   14411 | Ep:  638 | Steps:   14 | Reward:     8.79
Total T:   14431 | Ep:  639 | Steps:   20 | Reward:    12.12
Total T:   14445 | Ep:  640 | Steps:   14 | Reward:    11.03
Total T:   14461 | Ep:  641 | Steps:   16 | Reward:    13.68
Total T:   14475 | Ep:  642 | Steps:   14 | Reward:     8.82
Total T:   14490 | Ep:  643 | Steps:   15 | Reward:    10.21
Total T:   14502 | Ep:  644 | Steps:   12 | Reward:     8.08
Total T:   14516 | Ep:  645 | Steps:   14 | Reward:     8.00
Total T:   14526 | Ep:  646 | Steps:   10 | Reward:     6.65
Total T:   14570 | Ep:  647 | Steps:   44 | Reward:    74.77
Total T:   14591 | Ep:  648 | Steps:   21 | Reward:    22.69
Total T:   14623 | Ep:  649 | Steps:   32 | Reward:    36.13
Total T:   14655 | Ep:  650 | Steps:   32 | Reward:    10.27
Total T:   14670 | Ep:  651 | Steps:   15 | Reward:    10.66
Total T:   14685 | Ep:  652 | Steps:   15 | Reward:    12.37
Total T:   14747 | Ep:  653 | Steps:   62 | Reward:    67.29
Total T:   14774 | Ep:  654 | Steps:   27 | Reward:    23.81
Total T:   14789 | Ep:  655 | Steps:   15 | Reward:    10.97
Total T:   14802 | Ep:  656 | Steps:   13 | Reward:    10.53
Total T:   14820 | Ep:  657 | Steps:   18 | Reward:    12.90
Total T:   14834 | Ep:  658 | Steps:   14 | Reward:    12.98
Total T:   14861 | Ep:  659 | Steps:   27 | Reward:    19.76
Total T:   14887 | Ep:  660 | Steps:   26 | Reward:    27.46
Total T:   14901 | Ep:  661 | Steps:   14 | Reward:     6.84
Total T:   14933 | Ep:  662 | Steps:   32 | Reward:    12.44
Total T:   14946 | Ep:  663 | Steps:   13 | Reward:    10.55
Total T:   14960 | Ep:  664 | Steps:   14 | Reward:    12.29
Total T:   14983 | Ep:  665 | Steps:   23 | Reward:    17.08
Total T:   15020 | Ep:  666 | Steps:   37 | Reward:    38.43
Total T:   15030 | Ep:  667 | Steps:   10 | Reward:     7.09
Total T:   15044 | Ep:  668 | Steps:   14 | Reward:     5.78
Total T:   15053 | Ep:  669 | Steps:    9 | Reward:     6.00
Total T:   15069 | Ep:  670 | Steps:   16 | Reward:    14.78
Total T:   15087 | Ep:  671 | Steps:   18 | Reward:    10.75
Total T:   15105 | Ep:  672 | Steps:   18 | Reward:    16.52
Total T:   15128 | Ep:  673 | Steps:   23 | Reward:    21.74
Total T:   15142 | Ep:  674 | Steps:   14 | Reward:     9.01
Total T:   15168 | Ep:  675 | Steps:   26 | Reward:    20.61
Total T:   15186 | Ep:  676 | Steps:   18 | Reward:    14.85
Total T:   15194 | Ep:  677 | Steps:    8 | Reward:     4.94
Total T:   15202 | Ep:  678 | Steps:    8 | Reward:     6.31
Total T:   15225 | Ep:  679 | Steps:   23 | Reward:    13.87
Total T:   15248 | Ep:  680 | Steps:   23 | Reward:    13.93
Total T:   15266 | Ep:  681 | Steps:   18 | Reward:    18.00
Total T:   15283 | Ep:  682 | Steps:   17 | Reward:    13.87
Total T:   15385 | Ep:  683 | Steps:  102 | Reward:   190.87
Total T:   15402 | Ep:  684 | Steps:   17 | Reward:    16.21
Total T:   15416 | Ep:  685 | Steps:   14 | Reward:    13.68
Total T:   15428 | Ep:  686 | Steps:   12 | Reward:    10.21
Total T:   15442 | Ep:  687 | Steps:   14 | Reward:     6.30
Total T:   15458 | Ep:  688 | Steps:   16 | Reward:    11.00
Total T:   15482 | Ep:  689 | Steps:   24 | Reward:    18.08
Total T:   15507 | Ep:  690 | Steps:   25 | Reward:    25.35
Total T:   15537 | Ep:  691 | Steps:   30 | Reward:    14.15
Total T:   15548 | Ep:  692 | Steps:   11 | Reward:     8.04
Total T:   15559 | Ep:  693 | Steps:   11 | Reward:     7.62
Total T:   15579 | Ep:  694 | Steps:   20 | Reward:    17.03
Total T:   15593 | Ep:  695 | Steps:   14 | Reward:    12.61
Total T:   15610 | Ep:  696 | Steps:   17 | Reward:    12.06
Total T:   15629 | Ep:  697 | Steps:   19 | Reward:    18.96
Total T:   15643 | Ep:  698 | Steps:   14 | Reward:     9.13
Total T:   15678 | Ep:  699 | Steps:   35 | Reward:    32.03
Total T:   15704 | Ep:  700 | Steps:   26 | Reward:    20.85
Total T:   15727 | Ep:  701 | Steps:   23 | Reward:    10.99
Total T:   15745 | Ep:  702 | Steps:   18 | Reward:    13.42
Total T:   15755 | Ep:  703 | Steps:   10 | Reward:     6.36
Total T:   15765 | Ep:  704 | Steps:   10 | Reward:     7.18
Total T:   15782 | Ep:  705 | Steps:   17 | Reward:     9.71
Total T:   15799 | Ep:  706 | Steps:   17 | Reward:    13.21
Total T:   15821 | Ep:  707 | Steps:   22 | Reward:    21.50
Total T:   15838 | Ep:  708 | Steps:   17 | Reward:    11.18
Total T:   15853 | Ep:  709 | Steps:   15 | Reward:    13.01
Total T:   15861 | Ep:  710 | Steps:    8 | Reward:     5.63
Total T:   15873 | Ep:  711 | Steps:   12 | Reward:    10.01
Total T:   15887 | Ep:  712 | Steps:   14 | Reward:    10.74
Total T:   15910 | Ep:  713 | Steps:   23 | Reward:    22.55
Total T:   15942 | Ep:  714 | Steps:   32 | Reward:    26.36
Total T:   15978 | Ep:  715 | Steps:   36 | Reward:    12.05
Total T:   16027 | Ep:  716 | Steps:   49 | Reward:    38.39
Total T:   16040 | Ep:  717 | Steps:   13 | Reward:     9.52
Total T:   16052 | Ep:  718 | Steps:   12 | Reward:     8.61
Total T:   16081 | Ep:  719 | Steps:   29 | Reward:    32.10
Total T:   16106 | Ep:  720 | Steps:   25 | Reward:    16.44
Total T:   16122 | Ep:  721 | Steps:   16 | Reward:    17.03
Total T:   16139 | Ep:  722 | Steps:   17 | Reward:    11.77
Total T:   16161 | Ep:  723 | Steps:   22 | Reward:    20.25
Total T:   16176 | Ep:  724 | Steps:   15 | Reward:    14.42
Total T:   16208 | Ep:  725 | Steps:   32 | Reward:    30.40
Total T:   16233 | Ep:  726 | Steps:   25 | Reward:    22.67
Total T:   16261 | Ep:  727 | Steps:   28 | Reward:    14.08
Total T:   16276 | Ep:  728 | Steps:   15 | Reward:    10.30
Total T:   16289 | Ep:  729 | Steps:   13 | Reward:     9.62
Total T:   16301 | Ep:  730 | Steps:   12 | Reward:     7.05
Total T:   16317 | Ep:  731 | Steps:   16 | Reward:    11.19
Total T:   16337 | Ep:  732 | Steps:   20 | Reward:    13.96
Total T:   16354 | Ep:  733 | Steps:   17 | Reward:    15.63
Total T:   16369 | Ep:  734 | Steps:   15 | Reward:    14.41
Total T:   16400 | Ep:  735 | Steps:   31 | Reward:    39.91
Total T:   16418 | Ep:  736 | Steps:   18 | Reward:    12.91
Total T:   16440 | Ep:  737 | Steps:   22 | Reward:    14.63
Total T:   16453 | Ep:  738 | Steps:   13 | Reward:     9.76
Total T:   16465 | Ep:  739 | Steps:   12 | Reward:     9.82
Total T:   16476 | Ep:  740 | Steps:   11 | Reward:     8.92
Total T:   16494 | Ep:  741 | Steps:   18 | Reward:    15.75
Total T:   16505 | Ep:  742 | Steps:   11 | Reward:     8.96
Total T:   16524 | Ep:  743 | Steps:   19 | Reward:    12.63
Total T:   16540 | Ep:  744 | Steps:   16 | Reward:    13.57
Total T:   16552 | Ep:  745 | Steps:   12 | Reward:     7.58
Total T:   16571 | Ep:  746 | Steps:   19 | Reward:    15.44
Total T:   16581 | Ep:  747 | Steps:   10 | Reward:     7.84
Total T:   16621 | Ep:  748 | Steps:   40 | Reward:    33.33
Total T:   16641 | Ep:  749 | Steps:   20 | Reward:    18.64
Total T:   16652 | Ep:  750 | Steps:   11 | Reward:     8.96
Total T:   16676 | Ep:  751 | Steps:   24 | Reward:    23.78
Total T:   16691 | Ep:  752 | Steps:   15 | Reward:    13.54
Total T:   16734 | Ep:  753 | Steps:   43 | Reward:    46.93
Total T:   16751 | Ep:  754 | Steps:   17 | Reward:     9.76
Total T:   16787 | Ep:  755 | Steps:   36 | Reward:    38.99
Total T:   16806 | Ep:  756 | Steps:   19 | Reward:    13.70
Total T:   16824 | Ep:  757 | Steps:   18 | Reward:     9.98
Total T:   16884 | Ep:  758 | Steps:   60 | Reward:    34.86
Total T:   16931 | Ep:  759 | Steps:   47 | Reward:    60.34
Total T:   16954 | Ep:  760 | Steps:   23 | Reward:     9.28
Total T:   16969 | Ep:  761 | Steps:   15 | Reward:    10.75
Total T:   16989 | Ep:  762 | Steps:   20 | Reward:    13.17
Total T:   17000 | Ep:  763 | Steps:   11 | Reward:     7.43
Total T:   17025 | Ep:  764 | Steps:   25 | Reward:    15.06
Total T:   17051 | Ep:  765 | Steps:   26 | Reward:    23.79
Total T:   17077 | Ep:  766 | Steps:   26 | Reward:    29.70
Total T:   17098 | Ep:  767 | Steps:   21 | Reward:    12.58
Total T:   17108 | Ep:  768 | Steps:   10 | Reward:     5.81
Total T:   17122 | Ep:  769 | Steps:   14 | Reward:    11.16
Total T:   17165 | Ep:  770 | Steps:   43 | Reward:    70.87
Total T:   17177 | Ep:  771 | Steps:   12 | Reward:     7.59
Total T:   17191 | Ep:  772 | Steps:   14 | Reward:     8.37
Total T:   17217 | Ep:  773 | Steps:   26 | Reward:    26.97
Total T:   17230 | Ep:  774 | Steps:   13 | Reward:    10.37
Total T:   17241 | Ep:  775 | Steps:   11 | Reward:     5.96
Total T:   17267 | Ep:  776 | Steps:   26 | Reward:     5.44
Total T:   17283 | Ep:  777 | Steps:   16 | Reward:    15.78
Total T:   17312 | Ep:  778 | Steps:   29 | Reward:    18.81
Total T:   17334 | Ep:  779 | Steps:   22 | Reward:    15.15
Total T:   17358 | Ep:  780 | Steps:   24 | Reward:    21.99
Total T:   17385 | Ep:  781 | Steps:   27 | Reward:    27.36
Total T:   17395 | Ep:  782 | Steps:   10 | Reward:     6.33
Total T:   17444 | Ep:  783 | Steps:   49 | Reward:    46.27
Total T:   17467 | Ep:  784 | Steps:   23 | Reward:    14.10
Total T:   17488 | Ep:  785 | Steps:   21 | Reward:    19.20
Total T:   17512 | Ep:  786 | Steps:   24 | Reward:    24.61
Total T:   17532 | Ep:  787 | Steps:   20 | Reward:    13.40
Total T:   17550 | Ep:  788 | Steps:   18 | Reward:    13.73
Total T:   17573 | Ep:  789 | Steps:   23 | Reward:    16.68
Total T:   17602 | Ep:  790 | Steps:   29 | Reward:    20.27
Total T:   17620 | Ep:  791 | Steps:   18 | Reward:    16.82
Total T:   17645 | Ep:  792 | Steps:   25 | Reward:    17.11
Total T:   17668 | Ep:  793 | Steps:   23 | Reward:    15.42
Total T:   17689 | Ep:  794 | Steps:   21 | Reward:    10.42
Total T:   17711 | Ep:  795 | Steps:   22 | Reward:    24.78
Total T:   17740 | Ep:  796 | Steps:   29 | Reward:    13.82
Total T:   17756 | Ep:  797 | Steps:   16 | Reward:    13.03
Total T:   17771 | Ep:  798 | Steps:   15 | Reward:     9.91
Total T:   17791 | Ep:  799 | Steps:   20 | Reward:     8.01
Total T:   17820 | Ep:  800 | Steps:   29 | Reward:    13.19
Total T:   17841 | Ep:  801 | Steps:   21 | Reward:    22.03
Total T:   17879 | Ep:  802 | Steps:   38 | Reward:    32.81
Total T:   17898 | Ep:  803 | Steps:   19 | Reward:    15.52
Total T:   17912 | Ep:  804 | Steps:   14 | Reward:    12.64
Total T:   17925 | Ep:  805 | Steps:   13 | Reward:    10.63
Total T:   17941 | Ep:  806 | Steps:   16 | Reward:    12.81
Total T:   17965 | Ep:  807 | Steps:   24 | Reward:    23.19
Total T:   17989 | Ep:  808 | Steps:   24 | Reward:    12.17
Total T:   18001 | Ep:  809 | Steps:   12 | Reward:     8.47
Total T:   18018 | Ep:  810 | Steps:   17 | Reward:    13.33
Total T:   18037 | Ep:  811 | Steps:   19 | Reward:    12.03
Total T:   18062 | Ep:  812 | Steps:   25 | Reward:    14.91
Total T:   18073 | Ep:  813 | Steps:   11 | Reward:     6.98
Total T:   18086 | Ep:  814 | Steps:   13 | Reward:     8.65
Total T:   18101 | Ep:  815 | Steps:   15 | Reward:     9.03
Total T:   18117 | Ep:  816 | Steps:   16 | Reward:    10.88
Total T:   18135 | Ep:  817 | Steps:   18 | Reward:    18.32
Total T:   18156 | Ep:  818 | Steps:   21 | Reward:    14.80
Total T:   18165 | Ep:  819 | Steps:    9 | Reward:     6.33
Total T:   18178 | Ep:  820 | Steps:   13 | Reward:     9.99
Total T:   18202 | Ep:  821 | Steps:   24 | Reward:    27.51
Total T:   18218 | Ep:  822 | Steps:   16 | Reward:    11.54
Total T:   18246 | Ep:  823 | Steps:   28 | Reward:    16.57
Total T:   18272 | Ep:  824 | Steps:   26 | Reward:    14.40
Total T:   18286 | Ep:  825 | Steps:   14 | Reward:     8.27
Total T:   18298 | Ep:  826 | Steps:   12 | Reward:     8.39
Total T:   18328 | Ep:  827 | Steps:   30 | Reward:    30.91
Total T:   18338 | Ep:  828 | Steps:   10 | Reward:     5.96
Total T:   18360 | Ep:  829 | Steps:   22 | Reward:    19.44
Total T:   18386 | Ep:  830 | Steps:   26 | Reward:    23.30
Total T:   18397 | Ep:  831 | Steps:   11 | Reward:     7.47
Total T:   18414 | Ep:  832 | Steps:   17 | Reward:    16.78
Total T:   18425 | Ep:  833 | Steps:   11 | Reward:     8.49
Total T:   18445 | Ep:  834 | Steps:   20 | Reward:    18.28
Total T:   18460 | Ep:  835 | Steps:   15 | Reward:    15.55
Total T:   18483 | Ep:  836 | Steps:   23 | Reward:    23.64
Total T:   18503 | Ep:  837 | Steps:   20 | Reward:    23.94
Total T:   18538 | Ep:  838 | Steps:   35 | Reward:    37.83
Total T:   18563 | Ep:  839 | Steps:   25 | Reward:    25.67
Total T:   18578 | Ep:  840 | Steps:   15 | Reward:    11.41
Total T:   18610 | Ep:  841 | Steps:   32 | Reward:    18.84
Total T:   18623 | Ep:  842 | Steps:   13 | Reward:     6.01
Total T:   18655 | Ep:  843 | Steps:   32 | Reward:    31.38
Total T:   18698 | Ep:  844 | Steps:   43 | Reward:    44.63
Total T:   18726 | Ep:  845 | Steps:   28 | Reward:    26.35
Total T:   18745 | Ep:  846 | Steps:   19 | Reward:    16.64
Total T:   18765 | Ep:  847 | Steps:   20 | Reward:     8.17
Total T:   18777 | Ep:  848 | Steps:   12 | Reward:     7.83
Total T:   18793 | Ep:  849 | Steps:   16 | Reward:     9.57
Total T:   18811 | Ep:  850 | Steps:   18 | Reward:    18.15
Total T:   18828 | Ep:  851 | Steps:   17 | Reward:    14.73
Total T:   18841 | Ep:  852 | Steps:   13 | Reward:     6.64
Total T:   18854 | Ep:  853 | Steps:   13 | Reward:     9.66
Total T:   18876 | Ep:  854 | Steps:   22 | Reward:    14.27
Total T:   18918 | Ep:  855 | Steps:   42 | Reward:    47.51
Total T:   18961 | Ep:  856 | Steps:   43 | Reward:    47.26
Total T:   18976 | Ep:  857 | Steps:   15 | Reward:     7.51
Total T:   19002 | Ep:  858 | Steps:   26 | Reward:    14.81
Total T:   19032 | Ep:  859 | Steps:   30 | Reward:    30.55
Total T:   19063 | Ep:  860 | Steps:   31 | Reward:    30.74
Total T:   19073 | Ep:  861 | Steps:   10 | Reward:     8.43
Total T:   19084 | Ep:  862 | Steps:   11 | Reward:     8.16
Total T:   19108 | Ep:  863 | Steps:   24 | Reward:    17.63
Total T:   19141 | Ep:  864 | Steps:   33 | Reward:    36.39
Total T:   19158 | Ep:  865 | Steps:   17 | Reward:    14.65
Total T:   19175 | Ep:  866 | Steps:   17 | Reward:    14.64
Total T:   19203 | Ep:  867 | Steps:   28 | Reward:    33.75
Total T:   19215 | Ep:  868 | Steps:   12 | Reward:     7.60
Total T:   19232 | Ep:  869 | Steps:   17 | Reward:    11.52
Total T:   19255 | Ep:  870 | Steps:   23 | Reward:    22.58
Total T:   19283 | Ep:  871 | Steps:   28 | Reward:    12.32
Total T:   19309 | Ep:  872 | Steps:   26 | Reward:    24.00
Total T:   19326 | Ep:  873 | Steps:   17 | Reward:    10.84
Total T:   19368 | Ep:  874 | Steps:   42 | Reward:    40.70
Total T:   19380 | Ep:  875 | Steps:   12 | Reward:     6.25
Total T:   19396 | Ep:  876 | Steps:   16 | Reward:    14.66
Total T:   19417 | Ep:  877 | Steps:   21 | Reward:    14.89
Total T:   19461 | Ep:  878 | Steps:   44 | Reward:    61.26
Total T:   19472 | Ep:  879 | Steps:   11 | Reward:     8.00
Total T:   19485 | Ep:  880 | Steps:   13 | Reward:     9.74
Total T:   19507 | Ep:  881 | Steps:   22 | Reward:    16.58
Total T:   19530 | Ep:  882 | Steps:   23 | Reward:    18.00
Total T:   19555 | Ep:  883 | Steps:   25 | Reward:    17.97
Total T:   19570 | Ep:  884 | Steps:   15 | Reward:    10.03
Total T:   19600 | Ep:  885 | Steps:   30 | Reward:    17.97
Total T:   19618 | Ep:  886 | Steps:   18 | Reward:    16.11
Total T:   19638 | Ep:  887 | Steps:   20 | Reward:    21.95
Total T:   19657 | Ep:  888 | Steps:   19 | Reward:     9.36
Total T:   19673 | Ep:  889 | Steps:   16 | Reward:    12.22
Total T:   19692 | Ep:  890 | Steps:   19 | Reward:     9.69
Total T:   19703 | Ep:  891 | Steps:   11 | Reward:     7.75
Total T:   19718 | Ep:  892 | Steps:   15 | Reward:    13.32
Total T:   19729 | Ep:  893 | Steps:   11 | Reward:     9.26
Total T:   19742 | Ep:  894 | Steps:   13 | Reward:     9.73
Total T:   19752 | Ep:  895 | Steps:   10 | Reward:     8.08
Total T:   19774 | Ep:  896 | Steps:   22 | Reward:    25.43
Total T:   19793 | Ep:  897 | Steps:   19 | Reward:    11.86
Total T:   19812 | Ep:  898 | Steps:   19 | Reward:    12.72
Total T:   19842 | Ep:  899 | Steps:   30 | Reward:    22.34
Total T:   19869 | Ep:  900 | Steps:   27 | Reward:    28.60
Total T:   19887 | Ep:  901 | Steps:   18 | Reward:    12.72
Total T:   19900 | Ep:  902 | Steps:   13 | Reward:     7.46
Total T:   19916 | Ep:  903 | Steps:   16 | Reward:     7.16
Total T:   19929 | Ep:  904 | Steps:   13 | Reward:     9.51
Total T:   19949 | Ep:  905 | Steps:   20 | Reward:    23.79
Total T:   19973 | Ep:  906 | Steps:   24 | Reward:    21.14
Total T:   19992 | Ep:  907 | Steps:   19 | Reward:    20.15
---------------------------------------
Evaluation over 10 episodes: 12.926
---------------------------------------
Total T:   20007 | Ep:  908 | Steps:   15 | Reward:     7.60
Total T:   20041 | Ep:  909 | Steps:   34 | Reward:    35.14
Total T:   20060 | Ep:  910 | Steps:   19 | Reward:    17.59
Total T:   20081 | Ep:  911 | Steps:   21 | Reward:    14.30
Total T:   20104 | Ep:  912 | Steps:   23 | Reward:    21.00
Total T:   20121 | Ep:  913 | Steps:   17 | Reward:    13.41
Total T:   20152 | Ep:  914 | Steps:   31 | Reward:    21.79
Total T:   20160 | Ep:  915 | Steps:    8 | Reward:     5.67
Total T:   20190 | Ep:  916 | Steps:   30 | Reward:    17.51
Total T:   20202 | Ep:  917 | Steps:   12 | Reward:     8.98
Total T:   20230 | Ep:  918 | Steps:   28 | Reward:    16.62
Total T:   20258 | Ep:  919 | Steps:   28 | Reward:    33.71
Total T:   20283 | Ep:  920 | Steps:   25 | Reward:    14.97
Total T:   20298 | Ep:  921 | Steps:   15 | Reward:    13.76
Total T:   20323 | Ep:  922 | Steps:   25 | Reward:    16.68
Total T:   20345 | Ep:  923 | Steps:   22 | Reward:    24.04
Total T:   20358 | Ep:  924 | Steps:   13 | Reward:     6.19
Total T:   20375 | Ep:  925 | Steps:   17 | Reward:     6.05
Total T:   20391 | Ep:  926 | Steps:   16 | Reward:    12.04
Total T:   20406 | Ep:  927 | Steps:   15 | Reward:    13.08
Total T:   20417 | Ep:  928 | Steps:   11 | Reward:    10.02
Total T:   20446 | Ep:  929 | Steps:   29 | Reward:    40.44
Total T:   20460 | Ep:  930 | Steps:   14 | Reward:    11.87
Total T:   20474 | Ep:  931 | Steps:   14 | Reward:     9.23
Total T:   20492 | Ep:  932 | Steps:   18 | Reward:    14.21
Total T:   20516 | Ep:  933 | Steps:   24 | Reward:    18.33
Total T:   20554 | Ep:  934 | Steps:   38 | Reward:    23.84
Total T:   20574 | Ep:  935 | Steps:   20 | Reward:     8.54
Total T:   20595 | Ep:  936 | Steps:   21 | Reward:    18.97
Total T:   20621 | Ep:  937 | Steps:   26 | Reward:     9.20
Total T:   20635 | Ep:  938 | Steps:   14 | Reward:    12.09
Total T:   20654 | Ep:  939 | Steps:   19 | Reward:    18.99
Total T:   20665 | Ep:  940 | Steps:   11 | Reward:     5.98
Total T:   20684 | Ep:  941 | Steps:   19 | Reward:    13.20
Total T:   20695 | Ep:  942 | Steps:   11 | Reward:     8.08
Total T:   20710 | Ep:  943 | Steps:   15 | Reward:    14.05
Total T:   20725 | Ep:  944 | Steps:   15 | Reward:    14.03
Total T:   20739 | Ep:  945 | Steps:   14 | Reward:    13.11
Total T:   20757 | Ep:  946 | Steps:   18 | Reward:    14.96
Total T:   20788 | Ep:  947 | Steps:   31 | Reward:    13.36
Total T:   20813 | Ep:  948 | Steps:   25 | Reward:    20.02
Total T:   20830 | Ep:  949 | Steps:   17 | Reward:    11.84
Total T:   20845 | Ep:  950 | Steps:   15 | Reward:     9.30
Total T:   20864 | Ep:  951 | Steps:   19 | Reward:     7.27
Total T:   20874 | Ep:  952 | Steps:   10 | Reward:     7.89
Total T:   20897 | Ep:  953 | Steps:   23 | Reward:    13.25
Total T:   20918 | Ep:  954 | Steps:   21 | Reward:    10.11
Total T:   20928 | Ep:  955 | Steps:   10 | Reward:     4.79
Total T:   20941 | Ep:  956 | Steps:   13 | Reward:     8.20
Total T:   20957 | Ep:  957 | Steps:   16 | Reward:    12.84
Total T:   20972 | Ep:  958 | Steps:   15 | Reward:     7.71
Total T:   20982 | Ep:  959 | Steps:   10 | Reward:     6.46
Total T:   20992 | Ep:  960 | Steps:   10 | Reward:     7.04
Total T:   21025 | Ep:  961 | Steps:   33 | Reward:    17.34
Total T:   21103 | Ep:  962 | Steps:   78 | Reward:   116.46
Total T:   21139 | Ep:  963 | Steps:   36 | Reward:    24.44
Total T:   21169 | Ep:  964 | Steps:   30 | Reward:    10.73
Total T:   21191 | Ep:  965 | Steps:   22 | Reward:    14.32
Total T:   21210 | Ep:  966 | Steps:   19 | Reward:    18.16
Total T:   21222 | Ep:  967 | Steps:   12 | Reward:     6.24
Total T:   21238 | Ep:  968 | Steps:   16 | Reward:    10.42
Total T:   21247 | Ep:  969 | Steps:    9 | Reward:     7.24
Total T:   21269 | Ep:  970 | Steps:   22 | Reward:    18.50
Total T:   21308 | Ep:  971 | Steps:   39 | Reward:    29.83
Total T:   21347 | Ep:  972 | Steps:   39 | Reward:    24.00
Total T:   21362 | Ep:  973 | Steps:   15 | Reward:    13.92
Total T:   21391 | Ep:  974 | Steps:   29 | Reward:    15.29
Total T:   21429 | Ep:  975 | Steps:   38 | Reward:    35.50
Total T:   21448 | Ep:  976 | Steps:   19 | Reward:    15.84
Total T:   21461 | Ep:  977 | Steps:   13 | Reward:    10.23
Total T:   21470 | Ep:  978 | Steps:    9 | Reward:     4.80
Total T:   21482 | Ep:  979 | Steps:   12 | Reward:     8.18
Total T:   21535 | Ep:  980 | Steps:   53 | Reward:    83.64
Total T:   21561 | Ep:  981 | Steps:   26 | Reward:    22.42
Total T:   21584 | Ep:  982 | Steps:   23 | Reward:    19.93
Total T:   21604 | Ep:  983 | Steps:   20 | Reward:    17.87
Total T:   21616 | Ep:  984 | Steps:   12 | Reward:     7.59
Total T:   21627 | Ep:  985 | Steps:   11 | Reward:     6.50
Total T:   21638 | Ep:  986 | Steps:   11 | Reward:     8.45
Total T:   21675 | Ep:  987 | Steps:   37 | Reward:    31.69
Total T:   21694 | Ep:  988 | Steps:   19 | Reward:    12.54
Total T:   21707 | Ep:  989 | Steps:   13 | Reward:     9.19
Total T:   21734 | Ep:  990 | Steps:   27 | Reward:    29.46
Total T:   21836 | Ep:  991 | Steps:  102 | Reward:   169.60
Total T:   21846 | Ep:  992 | Steps:   10 | Reward:     7.29
Total T:   21880 | Ep:  993 | Steps:   34 | Reward:    26.58
Total T:   21900 | Ep:  994 | Steps:   20 | Reward:     9.14
Total T:   21942 | Ep:  995 | Steps:   42 | Reward:    23.30
Total T:   21953 | Ep:  996 | Steps:   11 | Reward:     8.47
Total T:   22001 | Ep:  997 | Steps:   48 | Reward:    48.47
Total T:   22017 | Ep:  998 | Steps:   16 | Reward:    11.75
Total T:   22037 | Ep:  999 | Steps:   20 | Reward:    21.22
Total T:   22055 | Ep: 1000 | Steps:   18 | Reward:    17.19
Total T:   22101 | Ep: 1001 | Steps:   46 | Reward:    24.25
Total T:   22121 | Ep: 1002 | Steps:   20 | Reward:    17.37
Total T:   22134 | Ep: 1003 | Steps:   13 | Reward:     8.67
Total T:   22155 | Ep: 1004 | Steps:   21 | Reward:    12.49
Total T:   22181 | Ep: 1005 | Steps:   26 | Reward:    32.39
Total T:   22202 | Ep: 1006 | Steps:   21 | Reward:    20.60
Total T:   22226 | Ep: 1007 | Steps:   24 | Reward:    28.25
Total T:   22239 | Ep: 1008 | Steps:   13 | Reward:     5.49
Total T:   22262 | Ep: 1009 | Steps:   23 | Reward:    15.58
Total T:   22283 | Ep: 1010 | Steps:   21 | Reward:    13.57
Total T:   22295 | Ep: 1011 | Steps:   12 | Reward:     7.42
Total T:   22331 | Ep: 1012 | Steps:   36 | Reward:    39.92
Total T:   22357 | Ep: 1013 | Steps:   26 | Reward:    25.69
Total T:   22373 | Ep: 1014 | Steps:   16 | Reward:     9.75
Total T:   22389 | Ep: 1015 | Steps:   16 | Reward:    16.31
Total T:   22421 | Ep: 1016 | Steps:   32 | Reward:    39.11
Total T:   22454 | Ep: 1017 | Steps:   33 | Reward:    32.99
Total T:   22465 | Ep: 1018 | Steps:   11 | Reward:     7.01
Total T:   22479 | Ep: 1019 | Steps:   14 | Reward:     9.20
Total T:   22488 | Ep: 1020 | Steps:    9 | Reward:     6.10
Total T:   22508 | Ep: 1021 | Steps:   20 | Reward:    10.28
Total T:   22556 | Ep: 1022 | Steps:   48 | Reward:    63.68
Total T:   22597 | Ep: 1023 | Steps:   41 | Reward:    45.87
Total T:   22619 | Ep: 1024 | Steps:   22 | Reward:    15.84
Total T:   22638 | Ep: 1025 | Steps:   19 | Reward:    10.28
Total T:   22670 | Ep: 1026 | Steps:   32 | Reward:    10.27
Total T:   22684 | Ep: 1027 | Steps:   14 | Reward:     8.60
Total T:   22699 | Ep: 1028 | Steps:   15 | Reward:    13.83
Total T:   22712 | Ep: 1029 | Steps:   13 | Reward:     9.43
Total T:   22725 | Ep: 1030 | Steps:   13 | Reward:    10.32
Total T:   22743 | Ep: 1031 | Steps:   18 | Reward:     8.50
Total T:   22770 | Ep: 1032 | Steps:   27 | Reward:    12.07
Total T:   22790 | Ep: 1033 | Steps:   20 | Reward:    19.25
Total T:   22819 | Ep: 1034 | Steps:   29 | Reward:    36.69
Total T:   22835 | Ep: 1035 | Steps:   16 | Reward:    12.09
Total T:   22848 | Ep: 1036 | Steps:   13 | Reward:     9.46
Total T:   22861 | Ep: 1037 | Steps:   13 | Reward:    10.54
Total T:   22870 | Ep: 1038 | Steps:    9 | Reward:     6.02
Total T:   22900 | Ep: 1039 | Steps:   30 | Reward:    20.09
Total T:   22944 | Ep: 1040 | Steps:   44 | Reward:    46.13
Total T:   22957 | Ep: 1041 | Steps:   13 | Reward:    10.86
Total T:   22972 | Ep: 1042 | Steps:   15 | Reward:    15.10
Total T:   22983 | Ep: 1043 | Steps:   11 | Reward:     9.41
Total T:   22996 | Ep: 1044 | Steps:   13 | Reward:     6.54
Total T:   23014 | Ep: 1045 | Steps:   18 | Reward:    13.05
Total T:   23036 | Ep: 1046 | Steps:   22 | Reward:    15.34
Total T:   23060 | Ep: 1047 | Steps:   24 | Reward:    10.33
Total T:   23073 | Ep: 1048 | Steps:   13 | Reward:     8.07
Total T:   23105 | Ep: 1049 | Steps:   32 | Reward:    11.36
Total T:   23123 | Ep: 1050 | Steps:   18 | Reward:    14.00
Total T:   23173 | Ep: 1051 | Steps:   50 | Reward:    29.65
Total T:   23194 | Ep: 1052 | Steps:   21 | Reward:    23.66
Total T:   23213 | Ep: 1053 | Steps:   19 | Reward:    12.80
Total T:   23235 | Ep: 1054 | Steps:   22 | Reward:    24.66
Total T:   23278 | Ep: 1055 | Steps:   43 | Reward:    21.05
Total T:   23319 | Ep: 1056 | Steps:   41 | Reward:    15.53
Total T:   23340 | Ep: 1057 | Steps:   21 | Reward:    18.36
Total T:   23385 | Ep: 1058 | Steps:   45 | Reward:    50.32
Total T:   23413 | Ep: 1059 | Steps:   28 | Reward:    15.16
Total T:   23437 | Ep: 1060 | Steps:   24 | Reward:    24.76
Total T:   23454 | Ep: 1061 | Steps:   17 | Reward:    12.35
Total T:   23468 | Ep: 1062 | Steps:   14 | Reward:    11.62
Total T:   23482 | Ep: 1063 | Steps:   14 | Reward:    10.30
Total T:   23492 | Ep: 1064 | Steps:   10 | Reward:     4.14
Total T:   23513 | Ep: 1065 | Steps:   21 | Reward:     6.85
Total T:   23523 | Ep: 1066 | Steps:   10 | Reward:     6.98
Total T:   23549 | Ep: 1067 | Steps:   26 | Reward:    13.90
Total T:   23572 | Ep: 1068 | Steps:   23 | Reward:    27.29
Total T:   23613 | Ep: 1069 | Steps:   41 | Reward:    17.52
Total T:   23661 | Ep: 1070 | Steps:   48 | Reward:    66.59
Total T:   23681 | Ep: 1071 | Steps:   20 | Reward:    12.04
Total T:   23705 | Ep: 1072 | Steps:   24 | Reward:    12.84
Total T:   23721 | Ep: 1073 | Steps:   16 | Reward:    15.00
Total T:   23730 | Ep: 1074 | Steps:    9 | Reward:     6.87
Total T:   23774 | Ep: 1075 | Steps:   44 | Reward:    41.17
Total T:   23807 | Ep: 1076 | Steps:   33 | Reward:    21.69
Total T:   23829 | Ep: 1077 | Steps:   22 | Reward:    13.89
Total T:   23853 | Ep: 1078 | Steps:   24 | Reward:    22.91
Total T:   23879 | Ep: 1079 | Steps:   26 | Reward:    22.65
Total T:   23890 | Ep: 1080 | Steps:   11 | Reward:     6.75
Total T:   23923 | Ep: 1081 | Steps:   33 | Reward:    15.48
Total T:   23944 | Ep: 1082 | Steps:   21 | Reward:    12.25
Total T:   23963 | Ep: 1083 | Steps:   19 | Reward:    18.63
Total T:   23982 | Ep: 1084 | Steps:   19 | Reward:    22.01
Total T:   23994 | Ep: 1085 | Steps:   12 | Reward:    10.20
Total T:   24024 | Ep: 1086 | Steps:   30 | Reward:    12.41
Total T:   24038 | Ep: 1087 | Steps:   14 | Reward:     7.89
Total T:   24050 | Ep: 1088 | Steps:   12 | Reward:    10.29
Total T:   24070 | Ep: 1089 | Steps:   20 | Reward:    10.70
Total T:   24079 | Ep: 1090 | Steps:    9 | Reward:     5.27
Total T:   24128 | Ep: 1091 | Steps:   49 | Reward:    65.15
Total T:   24154 | Ep: 1092 | Steps:   26 | Reward:    21.01
Total T:   24174 | Ep: 1093 | Steps:   20 | Reward:     9.34
Total T:   24197 | Ep: 1094 | Steps:   23 | Reward:    23.60
Total T:   24213 | Ep: 1095 | Steps:   16 | Reward:    15.13
Total T:   24239 | Ep: 1096 | Steps:   26 | Reward:    25.01
Total T:   24253 | Ep: 1097 | Steps:   14 | Reward:     9.12
Total T:   24263 | Ep: 1098 | Steps:   10 | Reward:     6.18
Total T:   24275 | Ep: 1099 | Steps:   12 | Reward:     7.99
Total T:   24296 | Ep: 1100 | Steps:   21 | Reward:    11.87
Total T:   24315 | Ep: 1101 | Steps:   19 | Reward:    11.68
Total T:   24332 | Ep: 1102 | Steps:   17 | Reward:    13.51
Total T:   24342 | Ep: 1103 | Steps:   10 | Reward:     6.75
Total T:   24353 | Ep: 1104 | Steps:   11 | Reward:     6.50
Total T:   24391 | Ep: 1105 | Steps:   38 | Reward:    10.57
Total T:   24402 | Ep: 1106 | Steps:   11 | Reward:     9.42
Total T:   24430 | Ep: 1107 | Steps:   28 | Reward:    16.47
Total T:   24447 | Ep: 1108 | Steps:   17 | Reward:    15.54
Total T:   24476 | Ep: 1109 | Steps:   29 | Reward:    28.26
Total T:   24498 | Ep: 1110 | Steps:   22 | Reward:    21.95
Total T:   24559 | Ep: 1111 | Steps:   61 | Reward:    93.76
Total T:   24586 | Ep: 1112 | Steps:   27 | Reward:    19.64
Total T:   24602 | Ep: 1113 | Steps:   16 | Reward:    15.80
Total T:   24694 | Ep: 1114 | Steps:   92 | Reward:   209.36
Total T:   24734 | Ep: 1115 | Steps:   40 | Reward:    32.69
Total T:   24784 | Ep: 1116 | Steps:   50 | Reward:    51.96
Total T:   24798 | Ep: 1117 | Steps:   14 | Reward:     9.61
Total T:   24808 | Ep: 1118 | Steps:   10 | Reward:     5.99
Total T:   24824 | Ep: 1119 | Steps:   16 | Reward:    12.90
Total T:   24865 | Ep: 1120 | Steps:   41 | Reward:    22.33
Total T:   24896 | Ep: 1121 | Steps:   31 | Reward:    23.62
Total T:   24940 | Ep: 1122 | Steps:   44 | Reward:    31.73
Total T:   24970 | Ep: 1123 | Steps:   30 | Reward:    14.21
Total T:   24989 | Ep: 1124 | Steps:   19 | Reward:    10.95
Total T:   25003 | Ep: 1125 | Steps:   14 | Reward:     8.51
Total T:   25028 | Ep: 1126 | Steps:   25 | Reward:     2.61
Total T:   25045 | Ep: 1127 | Steps:   17 | Reward:     0.01
Total T:   25057 | Ep: 1128 | Steps:   12 | Reward:     0.09
Total T:   25076 | Ep: 1129 | Steps:   19 | Reward:    -1.74
Total T:   25088 | Ep: 1130 | Steps:   12 | Reward:     0.07
Total T:   25106 | Ep: 1131 | Steps:   18 | Reward:    -0.56
Total T:   25124 | Ep: 1132 | Steps:   18 | Reward:    -1.37
Total T:   25142 | Ep: 1133 | Steps:   18 | Reward:    -0.59
Total T:   25160 | Ep: 1134 | Steps:   18 | Reward:    -1.24
Total T:   25178 | Ep: 1135 | Steps:   18 | Reward:    -1.49
Total T:   25196 | Ep: 1136 | Steps:   18 | Reward:    -1.39
Total T:   25214 | Ep: 1137 | Steps:   18 | Reward:    -1.35
Total T:   25232 | Ep: 1138 | Steps:   18 | Reward:    -1.54
Total T:   25250 | Ep: 1139 | Steps:   18 | Reward:    -0.64
Total T:   25268 | Ep: 1140 | Steps:   18 | Reward:    -0.83
Total T:   25287 | Ep: 1141 | Steps:   19 | Reward:    -1.37
Total T:   25305 | Ep: 1142 | Steps:   18 | Reward:    -0.42
Total T:   25356 | Ep: 1143 | Steps:   51 | Reward:    54.70
Total T:   25379 | Ep: 1144 | Steps:   23 | Reward:    40.29
Total T:   25401 | Ep: 1145 | Steps:   22 | Reward:    38.80
Total T:   25423 | Ep: 1146 | Steps:   22 | Reward:    38.38
Total T:   25445 | Ep: 1147 | Steps:   22 | Reward:    38.71
Total T:   25468 | Ep: 1148 | Steps:   23 | Reward:    40.53
Total T:   25490 | Ep: 1149 | Steps:   22 | Reward:    38.87
Total T:   25512 | Ep: 1150 | Steps:   22 | Reward:    38.90
Total T:   25534 | Ep: 1151 | Steps:   22 | Reward:    38.59
Total T:   25556 | Ep: 1152 | Steps:   22 | Reward:    38.66
Total T:   25578 | Ep: 1153 | Steps:   22 | Reward:    38.63
Total T:   25600 | Ep: 1154 | Steps:   22 | Reward:    38.73
Total T:   25622 | Ep: 1155 | Steps:   22 | Reward:    38.88
Total T:   25645 | Ep: 1156 | Steps:   23 | Reward:    40.51
Total T:   25668 | Ep: 1157 | Steps:   23 | Reward:    40.32
Total T:   25690 | Ep: 1158 | Steps:   22 | Reward:    38.90
Total T:   25712 | Ep: 1159 | Steps:   22 | Reward:    38.45
Total T:   25734 | Ep: 1160 | Steps:   22 | Reward:    38.89
Total T:   25756 | Ep: 1161 | Steps:   22 | Reward:    38.47
Total T:   25778 | Ep: 1162 | Steps:   22 | Reward:    38.70
Total T:   25800 | Ep: 1163 | Steps:   22 | Reward:    38.82
Total T:   25822 | Ep: 1164 | Steps:   22 | Reward:    38.52
Total T:   25844 | Ep: 1165 | Steps:   22 | Reward:    38.39
Total T:   25867 | Ep: 1166 | Steps:   23 | Reward:    40.33
Total T:   25889 | Ep: 1167 | Steps:   22 | Reward:    38.53
Total T:   25912 | Ep: 1168 | Steps:   23 | Reward:    40.54
Total T:   25934 | Ep: 1169 | Steps:   22 | Reward:    38.53
Total T:   25956 | Ep: 1170 | Steps:   22 | Reward:    38.97
Total T:   25978 | Ep: 1171 | Steps:   22 | Reward:    38.65
Total T:   26000 | Ep: 1172 | Steps:   22 | Reward:    38.90
Total T:   26022 | Ep: 1173 | Steps:   22 | Reward:    38.82
Total T:   26045 | Ep: 1174 | Steps:   23 | Reward:    40.47
Total T:   26068 | Ep: 1175 | Steps:   23 | Reward:    40.71
Total T:   26091 | Ep: 1176 | Steps:   23 | Reward:    40.14
Total T:   26113 | Ep: 1177 | Steps:   22 | Reward:    38.36
Total T:   26136 | Ep: 1178 | Steps:   23 | Reward:    40.30
Total T:   26158 | Ep: 1179 | Steps:   22 | Reward:    38.84
Total T:   26181 | Ep: 1180 | Steps:   23 | Reward:    40.64
Total T:   26203 | Ep: 1181 | Steps:   22 | Reward:    38.96
Total T:   26225 | Ep: 1182 | Steps:   22 | Reward:    38.90
Total T:   26247 | Ep: 1183 | Steps:   22 | Reward:    38.96
Total T:   26269 | Ep: 1184 | Steps:   22 | Reward:    38.59
Total T:   26291 | Ep: 1185 | Steps:   22 | Reward:    38.43
Total T:   26312 | Ep: 1186 | Steps:   21 | Reward:    37.00
Total T:   26334 | Ep: 1187 | Steps:   22 | Reward:    38.85
Total T:   26356 | Ep: 1188 | Steps:   22 | Reward:    38.80
Total T:   26378 | Ep: 1189 | Steps:   22 | Reward:    38.34
Total T:   26400 | Ep: 1190 | Steps:   22 | Reward:    38.85
Total T:   26422 | Ep: 1191 | Steps:   22 | Reward:    38.41
Total T:   26444 | Ep: 1192 | Steps:   22 | Reward:    38.92
Total T:   26466 | Ep: 1193 | Steps:   22 | Reward:    38.49
Total T:   26489 | Ep: 1194 | Steps:   23 | Reward:    40.19
Total T:   26512 | Ep: 1195 | Steps:   23 | Reward:    40.38
Total T:   26534 | Ep: 1196 | Steps:   22 | Reward:    38.26
Total T:   26556 | Ep: 1197 | Steps:   22 | Reward:    38.99
Total T:   26578 | Ep: 1198 | Steps:   22 | Reward:    38.39
Total T:   26600 | Ep: 1199 | Steps:   22 | Reward:    39.00
Total T:   26623 | Ep: 1200 | Steps:   23 | Reward:    39.97
Total T:   26645 | Ep: 1201 | Steps:   22 | Reward:    38.50
Total T:   26667 | Ep: 1202 | Steps:   22 | Reward:    38.55
Total T:   26727 | Ep: 1203 | Steps:   60 | Reward:   110.45
Total T:   26813 | Ep: 1204 | Steps:   86 | Reward:   173.40
Total T:   26900 | Ep: 1205 | Steps:   87 | Reward:   172.94
Total T:   26986 | Ep: 1206 | Steps:   86 | Reward:   173.59
Total T:   27073 | Ep: 1207 | Steps:   87 | Reward:   175.88
Total T:   27159 | Ep: 1208 | Steps:   86 | Reward:   173.47
Total T:   27246 | Ep: 1209 | Steps:   87 | Reward:   174.39
Total T:   27333 | Ep: 1210 | Steps:   87 | Reward:   176.59
Total T:   27418 | Ep: 1211 | Steps:   85 | Reward:   175.20
Total T:   27506 | Ep: 1212 | Steps:   88 | Reward:   174.08
Total T:   27592 | Ep: 1213 | Steps:   86 | Reward:   176.05
Total T:   27679 | Ep: 1214 | Steps:   87 | Reward:   176.96
Total T:   27765 | Ep: 1215 | Steps:   86 | Reward:   174.92
Total T:   27851 | Ep: 1216 | Steps:   86 | Reward:   173.18
Total T:   27937 | Ep: 1217 | Steps:   86 | Reward:   176.12
Total T:   28023 | Ep: 1218 | Steps:   86 | Reward:   175.64
Total T:   28109 | Ep: 1219 | Steps:   86 | Reward:   172.99
Total T:   28195 | Ep: 1220 | Steps:   86 | Reward:   174.52
Total T:   28281 | Ep: 1221 | Steps:   86 | Reward:   172.87
Total T:   28366 | Ep: 1222 | Steps:   85 | Reward:   174.40
Total T:   28453 | Ep: 1223 | Steps:   87 | Reward:   173.73
Total T:   28538 | Ep: 1224 | Steps:   85 | Reward:   173.54
Total T:   28624 | Ep: 1225 | Steps:   86 | Reward:   171.67
Total T:   28710 | Ep: 1226 | Steps:   86 | Reward:   172.56
Total T:   28796 | Ep: 1227 | Steps:   86 | Reward:   171.42
Total T:   28881 | Ep: 1228 | Steps:   85 | Reward:   171.66
Total T:   28967 | Ep: 1229 | Steps:   86 | Reward:   171.13
Total T:   29053 | Ep: 1230 | Steps:   86 | Reward:   169.33
Total T:   29139 | Ep: 1231 | Steps:   86 | Reward:   169.53
Total T:   29225 | Ep: 1232 | Steps:   86 | Reward:   170.66
Total T:   29311 | Ep: 1233 | Steps:   86 | Reward:   169.83
Total T:   29397 | Ep: 1234 | Steps:   86 | Reward:   173.64
Total T:   29483 | Ep: 1235 | Steps:   86 | Reward:   172.33
Total T:   29569 | Ep: 1236 | Steps:   86 | Reward:   171.87
Total T:   29653 | Ep: 1237 | Steps:   84 | Reward:   171.75
Total T:   29738 | Ep: 1238 | Steps:   85 | Reward:   172.84
Total T:   29825 | Ep: 1239 | Steps:   87 | Reward:   172.80
Total T:   29911 | Ep: 1240 | Steps:   86 | Reward:   173.06
Total T:   29996 | Ep: 1241 | Steps:   85 | Reward:   170.30
---------------------------------------
Evaluation over 10 episodes: 171.604
---------------------------------------
Total T:   30082 | Ep: 1242 | Steps:   86 | Reward:   170.50
Total T:   30168 | Ep: 1243 | Steps:   86 | Reward:   171.85
Total T:   30254 | Ep: 1244 | Steps:   86 | Reward:   174.34
Total T:   30340 | Ep: 1245 | Steps:   86 | Reward:   172.69
Total T:   30425 | Ep: 1246 | Steps:   85 | Reward:   171.06
Total T:   30510 | Ep: 1247 | Steps:   85 | Reward:   171.42
Total T:   30596 | Ep: 1248 | Steps:   86 | Reward:   172.44
Total T:   30681 | Ep: 1249 | Steps:   85 | Reward:   172.73
Total T:   30766 | Ep: 1250 | Steps:   85 | Reward:   174.17
Total T:   30851 | Ep: 1251 | Steps:   85 | Reward:   173.89
Total T:   30937 | Ep: 1252 | Steps:   86 | Reward:   173.47
Total T:   31021 | Ep: 1253 | Steps:   84 | Reward:   175.12
Total T:   31106 | Ep: 1254 | Steps:   85 | Reward:   171.35
Total T:   31191 | Ep: 1255 | Steps:   85 | Reward:   172.25
Total T:   31277 | Ep: 1256 | Steps:   86 | Reward:   173.15
Total T:   31363 | Ep: 1257 | Steps:   86 | Reward:   172.39
Total T:   31448 | Ep: 1258 | Steps:   85 | Reward:   172.12
Total T:   31534 | Ep: 1259 | Steps:   86 | Reward:   174.48
Total T:   31620 | Ep: 1260 | Steps:   86 | Reward:   172.66
Total T:   31703 | Ep: 1261 | Steps:   83 | Reward:   172.72
Total T:   31787 | Ep: 1262 | Steps:   84 | Reward:   171.52
Total T:   31873 | Ep: 1263 | Steps:   86 | Reward:   170.99
Total T:   31958 | Ep: 1264 | Steps:   85 | Reward:   172.76
Total T:   32044 | Ep: 1265 | Steps:   86 | Reward:   172.16
Total T:   32130 | Ep: 1266 | Steps:   86 | Reward:   171.60
Total T:   32214 | Ep: 1267 | Steps:   84 | Reward:   172.93
Total T:   32300 | Ep: 1268 | Steps:   86 | Reward:   172.69
Total T:   32385 | Ep: 1269 | Steps:   85 | Reward:   171.34
Total T:   32470 | Ep: 1270 | Steps:   85 | Reward:   174.96
Total T:   32555 | Ep: 1271 | Steps:   85 | Reward:   172.00
Total T:   32639 | Ep: 1272 | Steps:   84 | Reward:   174.46
Total T:   32723 | Ep: 1273 | Steps:   84 | Reward:   169.83
Total T:   32808 | Ep: 1274 | Steps:   85 | Reward:   170.71
Total T:   32892 | Ep: 1275 | Steps:   84 | Reward:   170.99
Total T:   32977 | Ep: 1276 | Steps:   85 | Reward:   172.97
Total T:   33061 | Ep: 1277 | Steps:   84 | Reward:   168.53
Total T:   33146 | Ep: 1278 | Steps:   85 | Reward:   171.80
Total T:   33230 | Ep: 1279 | Steps:   84 | Reward:   171.28
Total T:   33324 | Ep: 1280 | Steps:   94 | Reward:   213.34
Total T:   33415 | Ep: 1281 | Steps:   91 | Reward:   207.43
Total T:   33514 | Ep: 1282 | Steps:   99 | Reward:   219.60
Total T:   33629 | Ep: 1283 | Steps:  115 | Reward:   242.73
Total T:   33723 | Ep: 1284 | Steps:   94 | Reward:   212.98
Total T:   33813 | Ep: 1285 | Steps:   90 | Reward:   206.46
Total T:   33904 | Ep: 1286 | Steps:   91 | Reward:   209.66
Total T:   33995 | Ep: 1287 | Steps:   91 | Reward:   206.16
Total T:   34085 | Ep: 1288 | Steps:   90 | Reward:   203.64
Total T:   34179 | Ep: 1289 | Steps:   94 | Reward:   214.19
Total T:   34270 | Ep: 1290 | Steps:   91 | Reward:   206.37
Total T:   34360 | Ep: 1291 | Steps:   90 | Reward:   204.24
Total T:   34453 | Ep: 1292 | Steps:   93 | Reward:   211.99
Total T:   34546 | Ep: 1293 | Steps:   93 | Reward:   212.74
Total T:   34638 | Ep: 1294 | Steps:   92 | Reward:   210.64
Total T:   34731 | Ep: 1295 | Steps:   93 | Reward:   212.75
Total T:   34820 | Ep: 1296 | Steps:   89 | Reward:   202.31
Total T:   34913 | Ep: 1297 | Steps:   93 | Reward:   213.89
Total T:   35006 | Ep: 1298 | Steps:   93 | Reward:   213.33
Total T:   35099 | Ep: 1299 | Steps:   93 | Reward:   213.36
Total T:   35190 | Ep: 1300 | Steps:   91 | Reward:   207.08
Total T:   35279 | Ep: 1301 | Steps:   89 | Reward:   201.55
Total T:   35374 | Ep: 1302 | Steps:   95 | Reward:   217.32
Total T:   35465 | Ep: 1303 | Steps:   91 | Reward:   208.35
Total T:   35559 | Ep: 1304 | Steps:   94 | Reward:   214.70
Total T:   35653 | Ep: 1305 | Steps:   94 | Reward:   215.53
Total T:   35741 | Ep: 1306 | Steps:   88 | Reward:   198.04
Total T:   35834 | Ep: 1307 | Steps:   93 | Reward:   213.22
Total T:   35928 | Ep: 1308 | Steps:   94 | Reward:   214.50
Total T:   36021 | Ep: 1309 | Steps:   93 | Reward:   212.72
Total T:   36114 | Ep: 1310 | Steps:   93 | Reward:   213.06
Total T:   36208 | Ep: 1311 | Steps:   94 | Reward:   215.74
Total T:   36300 | Ep: 1312 | Steps:   92 | Reward:   211.22
Total T:   36393 | Ep: 1313 | Steps:   93 | Reward:   213.49
Total T:   36485 | Ep: 1314 | Steps:   92 | Reward:   210.81
Total T:   36577 | Ep: 1315 | Steps:   92 | Reward:   211.69
Total T:   36670 | Ep: 1316 | Steps:   93 | Reward:   213.56
Total T:   36762 | Ep: 1317 | Steps:   92 | Reward:   211.02
Total T:   36855 | Ep: 1318 | Steps:   93 | Reward:   212.98
Total T:   36949 | Ep: 1319 | Steps:   94 | Reward:   215.34
Total T:   37041 | Ep: 1320 | Steps:   92 | Reward:   211.31
Total T:   37125 | Ep: 1321 | Steps:   84 | Reward:   188.19
Total T:   37213 | Ep: 1322 | Steps:   88 | Reward:   199.58
Total T:   37298 | Ep: 1323 | Steps:   85 | Reward:   188.78
Total T:   37381 | Ep: 1324 | Steps:   83 | Reward:   187.31
Total T:   37467 | Ep: 1325 | Steps:   86 | Reward:   191.85
Total T:   37549 | Ep: 1326 | Steps:   82 | Reward:   184.49
Total T:   37630 | Ep: 1327 | Steps:   81 | Reward:   181.94
Total T:   37715 | Ep: 1328 | Steps:   85 | Reward:   187.25
Total T:   37798 | Ep: 1329 | Steps:   83 | Reward:   186.97
Total T:   37880 | Ep: 1330 | Steps:   82 | Reward:   182.90
Total T:   37969 | Ep: 1331 | Steps:   89 | Reward:   199.53
Total T:   38053 | Ep: 1332 | Steps:   84 | Reward:   189.72
Total T:   38133 | Ep: 1333 | Steps:   80 | Reward:   178.23
Total T:   38213 | Ep: 1334 | Steps:   80 | Reward:   179.86
Total T:   38300 | Ep: 1335 | Steps:   87 | Reward:   194.92
Total T:   38388 | Ep: 1336 | Steps:   88 | Reward:   198.46
Total T:   38474 | Ep: 1337 | Steps:   86 | Reward:   193.17
Total T:   38560 | Ep: 1338 | Steps:   86 | Reward:   194.80
Total T:   38645 | Ep: 1339 | Steps:   85 | Reward:   192.56
Total T:   38729 | Ep: 1340 | Steps:   84 | Reward:   189.78
Total T:   38820 | Ep: 1341 | Steps:   91 | Reward:   209.52
Total T:   38904 | Ep: 1342 | Steps:   84 | Reward:   189.38
Total T:   38983 | Ep: 1343 | Steps:   79 | Reward:   174.70
Total T:   39062 | Ep: 1344 | Steps:   79 | Reward:   175.46
Total T:   39144 | Ep: 1345 | Steps:   82 | Reward:   182.01
Total T:   39226 | Ep: 1346 | Steps:   82 | Reward:   183.46
Total T:   39316 | Ep: 1347 | Steps:   90 | Reward:   203.96
Total T:   39405 | Ep: 1348 | Steps:   89 | Reward:   203.32
Total T:   39494 | Ep: 1349 | Steps:   89 | Reward:   203.62
Total T:   39579 | Ep: 1350 | Steps:   85 | Reward:   191.20
Total T:   39669 | Ep: 1351 | Steps:   90 | Reward:   204.73
Total T:   39757 | Ep: 1352 | Steps:   88 | Reward:   200.91
Total T:   39847 | Ep: 1353 | Steps:   90 | Reward:   205.68
Total T:   39936 | Ep: 1354 | Steps:   89 | Reward:   203.51
---------------------------------------
Evaluation over 10 episodes: 205.271
---------------------------------------
Total T:   40026 | Ep: 1355 | Steps:   90 | Reward:   205.34
Total T:   40115 | Ep: 1356 | Steps:   89 | Reward:   205.35
Total T:   40205 | Ep: 1357 | Steps:   90 | Reward:   206.16
Total T:   40295 | Ep: 1358 | Steps:   90 | Reward:   207.92
Total T:   40385 | Ep: 1359 | Steps:   90 | Reward:   206.28
Total T:   40475 | Ep: 1360 | Steps:   90 | Reward:   207.65
Total T:   40566 | Ep: 1361 | Steps:   91 | Reward:   209.18
Total T:   40657 | Ep: 1362 | Steps:   91 | Reward:   209.52
Total T:   40747 | Ep: 1363 | Steps:   90 | Reward:   207.32
Total T:   40838 | Ep: 1364 | Steps:   91 | Reward:   209.60
Total T:   40929 | Ep: 1365 | Steps:   91 | Reward:   209.02
Total T:   41020 | Ep: 1366 | Steps:   91 | Reward:   209.20
Total T:   41115 | Ep: 1367 | Steps:   95 | Reward:   196.08
Total T:   41201 | Ep: 1368 | Steps:   86 | Reward:   194.69
Total T:   41291 | Ep: 1369 | Steps:   90 | Reward:   193.51
Total T:   41379 | Ep: 1370 | Steps:   88 | Reward:   198.84
Total T:   41464 | Ep: 1371 | Steps:   85 | Reward:   193.64
Total T:   41551 | Ep: 1372 | Steps:   87 | Reward:   198.09
Total T:   41643 | Ep: 1373 | Steps:   92 | Reward:   211.54
Total T:   41733 | Ep: 1374 | Steps:   90 | Reward:   207.15
Total T:   41819 | Ep: 1375 | Steps:   86 | Reward:   193.26
Total T:   41910 | Ep: 1376 | Steps:   91 | Reward:   209.32
Total T:   42000 | Ep: 1377 | Steps:   90 | Reward:   207.96
Total T:   42091 | Ep: 1378 | Steps:   91 | Reward:   209.53
Total T:   42182 | Ep: 1379 | Steps:   91 | Reward:   208.74
Total T:   42273 | Ep: 1380 | Steps:   91 | Reward:   209.41
Total T:   42361 | Ep: 1381 | Steps:   88 | Reward:   200.93
Total T:   42452 | Ep: 1382 | Steps:   91 | Reward:   208.80
Total T:   42542 | Ep: 1383 | Steps:   90 | Reward:   206.09
Total T:   42633 | Ep: 1384 | Steps:   91 | Reward:   209.97
Total T:   42724 | Ep: 1385 | Steps:   91 | Reward:   209.27
Total T:   42815 | Ep: 1386 | Steps:   91 | Reward:   207.48
Total T:   42905 | Ep: 1387 | Steps:   90 | Reward:   207.03
Total T:   42993 | Ep: 1388 | Steps:   88 | Reward:   201.64
Total T:   43080 | Ep: 1389 | Steps:   87 | Reward:   196.65
Total T:   43167 | Ep: 1390 | Steps:   87 | Reward:   196.03
Total T:   43258 | Ep: 1391 | Steps:   91 | Reward:   208.04
Total T:   43349 | Ep: 1392 | Steps:   91 | Reward:   208.39
Total T:   43438 | Ep: 1393 | Steps:   89 | Reward:   204.07
Total T:   43527 | Ep: 1394 | Steps:   89 | Reward:   202.10
Total T:   43615 | Ep: 1395 | Steps:   88 | Reward:   200.58
Total T:   43709 | Ep: 1396 | Steps:   94 | Reward:   199.57
Total T:   43798 | Ep: 1397 | Steps:   89 | Reward:   202.99
Total T:   43887 | Ep: 1398 | Steps:   89 | Reward:   203.76
Total T:   43975 | Ep: 1399 | Steps:   88 | Reward:   202.16
Total T:   44062 | Ep: 1400 | Steps:   87 | Reward:   198.00
Total T:   44152 | Ep: 1401 | Steps:   90 | Reward:   205.80
Total T:   44238 | Ep: 1402 | Steps:   86 | Reward:   193.96
Total T:   44327 | Ep: 1403 | Steps:   89 | Reward:   204.44
Total T:   44416 | Ep: 1404 | Steps:   89 | Reward:   202.63
Total T:   44503 | Ep: 1405 | Steps:   87 | Reward:   197.74
Total T:   44590 | Ep: 1406 | Steps:   87 | Reward:   199.30
Total T:   44678 | Ep: 1407 | Steps:   88 | Reward:   199.69
Total T:   44774 | Ep: 1408 | Steps:   96 | Reward:   220.76
Total T:   44880 | Ep: 1409 | Steps:  106 | Reward:   211.52
Total T:   45012 | Ep: 1410 | Steps:  132 | Reward:   249.80
Total T:   45144 | Ep: 1411 | Steps:  132 | Reward:   255.11
Total T:   45274 | Ep: 1412 | Steps:  130 | Reward:   251.09
Total T:   45390 | Ep: 1413 | Steps:  116 | Reward:   235.95
Total T:   45506 | Ep: 1414 | Steps:  116 | Reward:   235.49
Total T:   45641 | Ep: 1415 | Steps:  135 | Reward:   281.21
Total T:   45779 | Ep: 1416 | Steps:  138 | Reward:   271.94
Total T:   45908 | Ep: 1417 | Steps:  129 | Reward:   262.20
Total T:   46034 | Ep: 1418 | Steps:  126 | Reward:   270.33
Total T:   46161 | Ep: 1419 | Steps:  127 | Reward:   261.95
Total T:   46289 | Ep: 1420 | Steps:  128 | Reward:   265.43
Total T:   46417 | Ep: 1421 | Steps:  128 | Reward:   274.02
Total T:   46544 | Ep: 1422 | Steps:  127 | Reward:   267.61
Total T:   46671 | Ep: 1423 | Steps:  127 | Reward:   274.83
Total T:   46805 | Ep: 1424 | Steps:  134 | Reward:   295.94
Total T:   46932 | Ep: 1425 | Steps:  127 | Reward:   276.37
Total T:   47066 | Ep: 1426 | Steps:  134 | Reward:   294.35
Total T:   47206 | Ep: 1427 | Steps:  140 | Reward:   307.57
Total T:   47344 | Ep: 1428 | Steps:  138 | Reward:   318.95
Total T:   47487 | Ep: 1429 | Steps:  143 | Reward:   328.51
Total T:   47593 | Ep: 1430 | Steps:  106 | Reward:   197.42
Total T:   47733 | Ep: 1431 | Steps:  140 | Reward:   322.67
Total T:   47867 | Ep: 1432 | Steps:  134 | Reward:   306.40
Total T:   47974 | Ep: 1433 | Steps:  107 | Reward:   240.57
Total T:   48084 | Ep: 1434 | Steps:  110 | Reward:   250.17
Total T:   48222 | Ep: 1435 | Steps:  138 | Reward:   320.03
Total T:   48326 | Ep: 1436 | Steps:  104 | Reward:   204.48
Total T:   48443 | Ep: 1437 | Steps:  117 | Reward:   243.80
Total T:   48556 | Ep: 1438 | Steps:  113 | Reward:   244.29
Total T:   48681 | Ep: 1439 | Steps:  125 | Reward:   264.10
Total T:   48801 | Ep: 1440 | Steps:  120 | Reward:   261.24
Total T:   48907 | Ep: 1441 | Steps:  106 | Reward:   227.69
Total T:   49031 | Ep: 1442 | Steps:  124 | Reward:   270.04
Total T:   49140 | Ep: 1443 | Steps:  109 | Reward:   227.45
Total T:   49245 | Ep: 1444 | Steps:  105 | Reward:   218.51
Total T:   49268 | Ep: 1445 | Steps:   23 | Reward:    40.61
Total T:   49374 | Ep: 1446 | Steps:  106 | Reward:   222.98
Total T:   49485 | Ep: 1447 | Steps:  111 | Reward:   244.11
Total T:   49586 | Ep: 1448 | Steps:  101 | Reward:   196.10
Total T:   49701 | Ep: 1449 | Steps:  115 | Reward:   250.53
Total T:   49724 | Ep: 1450 | Steps:   23 | Reward:    40.27
Total T:   49830 | Ep: 1451 | Steps:  106 | Reward:   214.58
Total T:   49853 | Ep: 1452 | Steps:   23 | Reward:    39.98
Total T:   49875 | Ep: 1453 | Steps:   22 | Reward:    38.45
Total T:   49993 | Ep: 1454 | Steps:  118 | Reward:   259.33
---------------------------------------
Evaluation over 10 episodes: 100.682
---------------------------------------
Total T:   50090 | Ep: 1455 | Steps:   97 | Reward:   191.76
Total T:   50184 | Ep: 1456 | Steps:   94 | Reward:   189.95
Total T:   50206 | Ep: 1457 | Steps:   22 | Reward:    38.26
Total T:   50228 | Ep: 1458 | Steps:   22 | Reward:    38.71
Total T:   50250 | Ep: 1459 | Steps:   22 | Reward:    38.54
Total T:   50272 | Ep: 1460 | Steps:   22 | Reward:    38.52
Total T:   50381 | Ep: 1461 | Steps:  109 | Reward:   237.61
Total T:   50490 | Ep: 1462 | Steps:  109 | Reward:   242.46
Total T:   50512 | Ep: 1463 | Steps:   22 | Reward:    38.16
Total T:   50618 | Ep: 1464 | Steps:  106 | Reward:   223.39
Total T:   50723 | Ep: 1465 | Steps:  105 | Reward:   226.48
Total T:   50821 | Ep: 1466 | Steps:   98 | Reward:   204.66
Total T:   50922 | Ep: 1467 | Steps:  101 | Reward:   214.89
Total T:   51043 | Ep: 1468 | Steps:  121 | Reward:   263.24
Total T:   51164 | Ep: 1469 | Steps:  121 | Reward:   260.38
Total T:   51269 | Ep: 1470 | Steps:  105 | Reward:   214.76
Total T:   51377 | Ep: 1471 | Steps:  108 | Reward:   236.14
Total T:   51474 | Ep: 1472 | Steps:   97 | Reward:   205.04
Total T:   51584 | Ep: 1473 | Steps:  110 | Reward:   241.57
Total T:   51682 | Ep: 1474 | Steps:   98 | Reward:   207.50
Total T:   51795 | Ep: 1475 | Steps:  113 | Reward:   248.56
Total T:   51896 | Ep: 1476 | Steps:  101 | Reward:   205.35
Total T:   51993 | Ep: 1477 | Steps:   97 | Reward:   198.03
Total T:   52107 | Ep: 1478 | Steps:  114 | Reward:   250.16
Total T:   52216 | Ep: 1479 | Steps:  109 | Reward:   240.05
Total T:   52325 | Ep: 1480 | Steps:  109 | Reward:   237.15
Total T:   52438 | Ep: 1481 | Steps:  113 | Reward:   250.12
Total T:   52547 | Ep: 1482 | Steps:  109 | Reward:   237.60
Total T:   52655 | Ep: 1483 | Steps:  108 | Reward:   238.44
Total T:   52755 | Ep: 1484 | Steps:  100 | Reward:   215.45
Total T:   52863 | Ep: 1485 | Steps:  108 | Reward:   233.64
Total T:   52959 | Ep: 1486 | Steps:   96 | Reward:   194.66
Total T:   53057 | Ep: 1487 | Steps:   98 | Reward:   207.66
Total T:   53144 | Ep: 1488 | Steps:   87 | Reward:   174.78
Total T:   53246 | Ep: 1489 | Steps:  102 | Reward:   214.78
Total T:   53333 | Ep: 1490 | Steps:   87 | Reward:   176.50
Total T:   53421 | Ep: 1491 | Steps:   88 | Reward:   177.91
Total T:   53512 | Ep: 1492 | Steps:   91 | Reward:   185.11
Total T:   53601 | Ep: 1493 | Steps:   89 | Reward:   183.90
Total T:   53702 | Ep: 1494 | Steps:  101 | Reward:   211.72
Total T:   53814 | Ep: 1495 | Steps:  112 | Reward:   245.85
Total T:   53912 | Ep: 1496 | Steps:   98 | Reward:   212.30
Total T:   54002 | Ep: 1497 | Steps:   90 | Reward:   185.99
Total T:   54094 | Ep: 1498 | Steps:   92 | Reward:   194.66
Total T:   54203 | Ep: 1499 | Steps:  109 | Reward:   233.67
Total T:   54319 | Ep: 1500 | Steps:  116 | Reward:   261.27
Total T:   54428 | Ep: 1501 | Steps:  109 | Reward:   245.65
Total T:   54547 | Ep: 1502 | Steps:  119 | Reward:   265.24
Total T:   54661 | Ep: 1503 | Steps:  114 | Reward:   255.83
Total T:   54785 | Ep: 1504 | Steps:  124 | Reward:   273.76
Total T:   54904 | Ep: 1505 | Steps:  119 | Reward:   265.85
Total T:   55022 | Ep: 1506 | Steps:  118 | Reward:   259.49
Total T:   55135 | Ep: 1507 | Steps:  113 | Reward:   244.44
Total T:   55252 | Ep: 1508 | Steps:  117 | Reward:   255.77
Total T:   55368 | Ep: 1509 | Steps:  116 | Reward:   252.14
Total T:   55483 | Ep: 1510 | Steps:  115 | Reward:   246.77
Total T:   55598 | Ep: 1511 | Steps:  115 | Reward:   247.39
Total T:   55711 | Ep: 1512 | Steps:  113 | Reward:   243.05
Total T:   55823 | Ep: 1513 | Steps:  112 | Reward:   242.18
Total T:   55941 | Ep: 1514 | Steps:  118 | Reward:   256.48
Total T:   56054 | Ep: 1515 | Steps:  113 | Reward:   242.94
Total T:   56172 | Ep: 1516 | Steps:  118 | Reward:   257.19
Total T:   56291 | Ep: 1517 | Steps:  119 | Reward:   254.27
Total T:   56415 | Ep: 1518 | Steps:  124 | Reward:   261.42
Total T:   56536 | Ep: 1519 | Steps:  121 | Reward:   261.07
Total T:   56652 | Ep: 1520 | Steps:  116 | Reward:   248.71
Total T:   56765 | Ep: 1521 | Steps:  113 | Reward:   240.85
Total T:   56885 | Ep: 1522 | Steps:  120 | Reward:   259.42
Total T:   57000 | Ep: 1523 | Steps:  115 | Reward:   248.49
Total T:   57126 | Ep: 1524 | Steps:  126 | Reward:   272.46
Total T:   57241 | Ep: 1525 | Steps:  115 | Reward:   250.07
Total T:   57360 | Ep: 1526 | Steps:  119 | Reward:   257.50
Total T:   57473 | Ep: 1527 | Steps:  113 | Reward:   246.10
Total T:   57587 | Ep: 1528 | Steps:  114 | Reward:   249.38
Total T:   57704 | Ep: 1529 | Steps:  117 | Reward:   251.48
Total T:   57820 | Ep: 1530 | Steps:  116 | Reward:   247.22
Total T:   57937 | Ep: 1531 | Steps:  117 | Reward:   255.32
Total T:   58052 | Ep: 1532 | Steps:  115 | Reward:   248.97
Total T:   58170 | Ep: 1533 | Steps:  118 | Reward:   256.04
Total T:   58288 | Ep: 1534 | Steps:  118 | Reward:   256.86
Total T:   58404 | Ep: 1535 | Steps:  116 | Reward:   252.02
Total T:   58526 | Ep: 1536 | Steps:  122 | Reward:   264.83
Total T:   58648 | Ep: 1537 | Steps:  122 | Reward:   257.77
Total T:   58767 | Ep: 1538 | Steps:  119 | Reward:   249.94
Total T:   58877 | Ep: 1539 | Steps:  110 | Reward:   235.91
Total T:   58995 | Ep: 1540 | Steps:  118 | Reward:   253.37
Total T:   59109 | Ep: 1541 | Steps:  114 | Reward:   250.30
Total T:   59222 | Ep: 1542 | Steps:  113 | Reward:   246.42
Total T:   59329 | Ep: 1543 | Steps:  107 | Reward:   232.43
Total T:   59446 | Ep: 1544 | Steps:  117 | Reward:   252.69
Total T:   59560 | Ep: 1545 | Steps:  114 | Reward:   245.28
Total T:   59669 | Ep: 1546 | Steps:  109 | Reward:   236.69
Total T:   59785 | Ep: 1547 | Steps:  116 | Reward:   251.51
Total T:   59902 | Ep: 1548 | Steps:  117 | Reward:   255.22
---------------------------------------
Evaluation over 10 episodes: 250.870
---------------------------------------
Total T:   60015 | Ep: 1549 | Steps:  113 | Reward:   246.40
Total T:   60133 | Ep: 1550 | Steps:  118 | Reward:   254.43
Total T:   60248 | Ep: 1551 | Steps:  115 | Reward:   253.83
Total T:   60362 | Ep: 1552 | Steps:  114 | Reward:   250.43
Total T:   60473 | Ep: 1553 | Steps:  111 | Reward:   241.58
Total T:   60589 | Ep: 1554 | Steps:  116 | Reward:   252.20
Total T:   60703 | Ep: 1555 | Steps:  114 | Reward:   248.32
Total T:   60818 | Ep: 1556 | Steps:  115 | Reward:   249.45
Total T:   60940 | Ep: 1557 | Steps:  122 | Reward:   261.95
Total T:   61050 | Ep: 1558 | Steps:  110 | Reward:   230.08
Total T:   61166 | Ep: 1559 | Steps:  116 | Reward:   254.77
Total T:   61278 | Ep: 1560 | Steps:  112 | Reward:   241.85
Total T:   61387 | Ep: 1561 | Steps:  109 | Reward:   232.37
Total T:   61504 | Ep: 1562 | Steps:  117 | Reward:   249.07
Total T:   61622 | Ep: 1563 | Steps:  118 | Reward:   249.80
Total T:   61733 | Ep: 1564 | Steps:  111 | Reward:   238.16
Total T:   61846 | Ep: 1565 | Steps:  113 | Reward:   244.72
Total T:   61959 | Ep: 1566 | Steps:  113 | Reward:   246.17
Total T:   62071 | Ep: 1567 | Steps:  112 | Reward:   235.23
Total T:   62179 | Ep: 1568 | Steps:  108 | Reward:   231.45
Total T:   62290 | Ep: 1569 | Steps:  111 | Reward:   226.08
Total T:   62399 | Ep: 1570 | Steps:  109 | Reward:   223.59
Total T:   62511 | Ep: 1571 | Steps:  112 | Reward:   227.58
Total T:   62619 | Ep: 1572 | Steps:  108 | Reward:   229.75
Total T:   62723 | Ep: 1573 | Steps:  104 | Reward:   219.49
Total T:   62836 | Ep: 1574 | Steps:  113 | Reward:   242.57
Total T:   62942 | Ep: 1575 | Steps:  106 | Reward:   214.96
Total T:   63054 | Ep: 1576 | Steps:  112 | Reward:   231.70
Total T:   63170 | Ep: 1577 | Steps:  116 | Reward:   228.66
Total T:   63283 | Ep: 1578 | Steps:  113 | Reward:   230.72
Total T:   63397 | Ep: 1579 | Steps:  114 | Reward:   250.83
Total T:   63521 | Ep: 1580 | Steps:  124 | Reward:   257.01
Total T:   63636 | Ep: 1581 | Steps:  115 | Reward:   235.16
Total T:   63747 | Ep: 1582 | Steps:  111 | Reward:   251.89
Total T:   63870 | Ep: 1583 | Steps:  123 | Reward:   237.17
Total T:   63994 | Ep: 1584 | Steps:  124 | Reward:   243.20
Total T:   64116 | Ep: 1585 | Steps:  122 | Reward:   233.67
Total T:   64231 | Ep: 1586 | Steps:  115 | Reward:   253.07
Total T:   64353 | Ep: 1587 | Steps:  122 | Reward:   227.94
Total T:   64480 | Ep: 1588 | Steps:  127 | Reward:   244.35
Total T:   64594 | Ep: 1589 | Steps:  114 | Reward:   245.18
Total T:   64715 | Ep: 1590 | Steps:  121 | Reward:   241.15
Total T:   64843 | Ep: 1591 | Steps:  128 | Reward:   245.97
Total T:   64961 | Ep: 1592 | Steps:  118 | Reward:   256.02
Total T:   65073 | Ep: 1593 | Steps:  112 | Reward:   253.21
Total T:   65203 | Ep: 1594 | Steps:  130 | Reward:   258.44
Total T:   65333 | Ep: 1595 | Steps:  130 | Reward:   259.04
Total T:   65454 | Ep: 1596 | Steps:  121 | Reward:   258.05
Total T:   65579 | Ep: 1597 | Steps:  125 | Reward:   253.92
Total T:   65697 | Ep: 1598 | Steps:  118 | Reward:   227.96
Total T:   65818 | Ep: 1599 | Steps:  121 | Reward:   250.08
Total T:   65929 | Ep: 1600 | Steps:  111 | Reward:   233.92
Total T:   66046 | Ep: 1601 | Steps:  117 | Reward:   242.23
Total T:   66159 | Ep: 1602 | Steps:  113 | Reward:   233.66
Total T:   66276 | Ep: 1603 | Steps:  117 | Reward:   244.41
Total T:   66392 | Ep: 1604 | Steps:  116 | Reward:   246.43
Total T:   66501 | Ep: 1605 | Steps:  109 | Reward:   228.12
Total T:   66613 | Ep: 1606 | Steps:  112 | Reward:   231.37
Total T:   66724 | Ep: 1607 | Steps:  111 | Reward:   234.64
Total T:   66829 | Ep: 1608 | Steps:  105 | Reward:   204.64
Total T:   66940 | Ep: 1609 | Steps:  111 | Reward:   237.71
Total T:   67056 | Ep: 1610 | Steps:  116 | Reward:   244.84
Total T:   67168 | Ep: 1611 | Steps:  112 | Reward:   236.49
Total T:   67278 | Ep: 1612 | Steps:  110 | Reward:   225.88
Total T:   67389 | Ep: 1613 | Steps:  111 | Reward:   235.25
Total T:   67501 | Ep: 1614 | Steps:  112 | Reward:   238.98
Total T:   67608 | Ep: 1615 | Steps:  107 | Reward:   232.04
Total T:   67718 | Ep: 1616 | Steps:  110 | Reward:   238.16
Total T:   67829 | Ep: 1617 | Steps:  111 | Reward:   237.70
Total T:   67931 | Ep: 1618 | Steps:  102 | Reward:   202.50
Total T:   68041 | Ep: 1619 | Steps:  110 | Reward:   240.67
Total T:   68148 | Ep: 1620 | Steps:  107 | Reward:   232.54
Total T:   68261 | Ep: 1621 | Steps:  113 | Reward:   244.32
Total T:   68383 | Ep: 1622 | Steps:  122 | Reward:   257.12
Total T:   68500 | Ep: 1623 | Steps:  117 | Reward:   252.27
Total T:   68617 | Ep: 1624 | Steps:  117 | Reward:   249.18
Total T:   68735 | Ep: 1625 | Steps:  118 | Reward:   253.42
Total T:   68854 | Ep: 1626 | Steps:  119 | Reward:   252.75
Total T:   68973 | Ep: 1627 | Steps:  119 | Reward:   252.41
Total T:   69097 | Ep: 1628 | Steps:  124 | Reward:   262.22
Total T:   69216 | Ep: 1629 | Steps:  119 | Reward:   251.02
Total T:   69324 | Ep: 1630 | Steps:  108 | Reward:   234.89
Total T:   69442 | Ep: 1631 | Steps:  118 | Reward:   250.45
Total T:   69562 | Ep: 1632 | Steps:  120 | Reward:   259.31
Total T:   69687 | Ep: 1633 | Steps:  125 | Reward:   263.33
Total T:   69811 | Ep: 1634 | Steps:  124 | Reward:   260.28
Total T:   69924 | Ep: 1635 | Steps:  113 | Reward:   237.75
---------------------------------------
Evaluation over 10 episodes: 233.791
---------------------------------------
Total T:   70030 | Ep: 1636 | Steps:  106 | Reward:   215.10
Total T:   70142 | Ep: 1637 | Steps:  112 | Reward:   239.35
Total T:   70255 | Ep: 1638 | Steps:  113 | Reward:   229.79
Total T:   70366 | Ep: 1639 | Steps:  111 | Reward:   230.81
Total T:   70480 | Ep: 1640 | Steps:  114 | Reward:   239.80
Total T:   70595 | Ep: 1641 | Steps:  115 | Reward:   241.43
Total T:   70715 | Ep: 1642 | Steps:  120 | Reward:   248.94
Total T:   70819 | Ep: 1643 | Steps:  104 | Reward:   214.54
Total T:   70928 | Ep: 1644 | Steps:  109 | Reward:   234.52
Total T:   71041 | Ep: 1645 | Steps:  113 | Reward:   242.81
Total T:   71167 | Ep: 1646 | Steps:  126 | Reward:   260.60
Total T:   71285 | Ep: 1647 | Steps:  118 | Reward:   239.43
Total T:   71407 | Ep: 1648 | Steps:  122 | Reward:   258.40
Total T:   71519 | Ep: 1649 | Steps:  112 | Reward:   224.88
Total T:   71636 | Ep: 1650 | Steps:  117 | Reward:   230.99
Total T:   71747 | Ep: 1651 | Steps:  111 | Reward:   221.35
Total T:   71870 | Ep: 1652 | Steps:  123 | Reward:   252.29
Total T:   71983 | Ep: 1653 | Steps:  113 | Reward:   228.45
Total T:   72125 | Ep: 1654 | Steps:  142 | Reward:   276.27
Total T:   72238 | Ep: 1655 | Steps:  113 | Reward:   234.74
Total T:   72357 | Ep: 1656 | Steps:  119 | Reward:   258.27
Total T:   72471 | Ep: 1657 | Steps:  114 | Reward:   230.94
Total T:   72585 | Ep: 1658 | Steps:  114 | Reward:   246.54
Total T:   72709 | Ep: 1659 | Steps:  124 | Reward:   267.84
Total T:   72822 | Ep: 1660 | Steps:  113 | Reward:   229.75
Total T:   72941 | Ep: 1661 | Steps:  119 | Reward:   261.41
Total T:   73059 | Ep: 1662 | Steps:  118 | Reward:   256.22
Total T:   73188 | Ep: 1663 | Steps:  129 | Reward:   270.67
Total T:   73307 | Ep: 1664 | Steps:  119 | Reward:   237.56
Total T:   73431 | Ep: 1665 | Steps:  124 | Reward:   251.34
Total T:   73562 | Ep: 1666 | Steps:  131 | Reward:   280.59
Total T:   73683 | Ep: 1667 | Steps:  121 | Reward:   261.46
Total T:   73804 | Ep: 1668 | Steps:  121 | Reward:   260.16
Total T:   73937 | Ep: 1669 | Steps:  133 | Reward:   271.65
Total T:   74067 | Ep: 1670 | Steps:  130 | Reward:   277.76
Total T:   74188 | Ep: 1671 | Steps:  121 | Reward:   261.98
Total T:   74311 | Ep: 1672 | Steps:  123 | Reward:   255.10
Total T:   74447 | Ep: 1673 | Steps:  136 | Reward:   288.63
Total T:   74572 | Ep: 1674 | Steps:  125 | Reward:   257.86
Total T:   74692 | Ep: 1675 | Steps:  120 | Reward:   248.22
Total T:   74814 | Ep: 1676 | Steps:  122 | Reward:   265.82
Total T:   74942 | Ep: 1677 | Steps:  128 | Reward:   255.16
Total T:   75072 | Ep: 1678 | Steps:  130 | Reward:   252.50
Total T:   75175 | Ep: 1679 | Steps:  103 | Reward:   228.84
Total T:   75275 | Ep: 1680 | Steps:  100 | Reward:   227.22
Total T:   75379 | Ep: 1681 | Steps:  104 | Reward:   246.35
Total T:   75508 | Ep: 1682 | Steps:  129 | Reward:   275.46
Total T:   75639 | Ep: 1683 | Steps:  131 | Reward:   267.53
Total T:   75747 | Ep: 1684 | Steps:  108 | Reward:   242.15
Total T:   75859 | Ep: 1685 | Steps:  112 | Reward:   246.13
Total T:   75973 | Ep: 1686 | Steps:  114 | Reward:   253.09
Total T:   76146 | Ep: 1687 | Steps:  173 | Reward:   331.71
Total T:   76258 | Ep: 1688 | Steps:  112 | Reward:   219.81
Total T:   76374 | Ep: 1689 | Steps:  116 | Reward:   257.52
Total T:   76480 | Ep: 1690 | Steps:  106 | Reward:   216.64
Total T:   76584 | Ep: 1691 | Steps:  104 | Reward:   206.44
Total T:   76692 | Ep: 1692 | Steps:  108 | Reward:   224.33
Total T:   76808 | Ep: 1693 | Steps:  116 | Reward:   265.38
Total T:   76977 | Ep: 1694 | Steps:  169 | Reward:   319.93
Total T:   77156 | Ep: 1695 | Steps:  179 | Reward:   341.09
Total T:   77318 | Ep: 1696 | Steps:  162 | Reward:   282.42
Total T:   77477 | Ep: 1697 | Steps:  159 | Reward:   285.88
Total T:   77671 | Ep: 1698 | Steps:  194 | Reward:   362.43
Total T:   77864 | Ep: 1699 | Steps:  193 | Reward:   353.52
Total T:   77876 | Ep: 1700 | Steps:   12 | Reward:    12.85
Total T:   78040 | Ep: 1701 | Steps:  164 | Reward:   287.69
Total T:   78187 | Ep: 1702 | Steps:  147 | Reward:   274.27
Total T:   78342 | Ep: 1703 | Steps:  155 | Reward:   271.11
Total T:   78535 | Ep: 1704 | Steps:  193 | Reward:   357.05
Total T:   78630 | Ep: 1705 | Steps:   95 | Reward:   188.69
Total T:   78822 | Ep: 1706 | Steps:  192 | Reward:   360.06
Total T:   79032 | Ep: 1707 | Steps:  210 | Reward:   385.34
Total T:   79196 | Ep: 1708 | Steps:  164 | Reward:   298.47
Total T:   79382 | Ep: 1709 | Steps:  186 | Reward:   355.26
Total T:   79533 | Ep: 1710 | Steps:  151 | Reward:   308.48
Total T:   79708 | Ep: 1711 | Steps:  175 | Reward:   348.24
Total T:   79895 | Ep: 1712 | Steps:  187 | Reward:   359.85
---------------------------------------
Evaluation over 10 episodes: 351.955
---------------------------------------
Total T:   80072 | Ep: 1713 | Steps:  177 | Reward:   353.66
Total T:   80250 | Ep: 1714 | Steps:  178 | Reward:   350.54
Total T:   80417 | Ep: 1715 | Steps:  167 | Reward:   342.71
Total T:   80564 | Ep: 1716 | Steps:  147 | Reward:   312.50
Total T:   80708 | Ep: 1717 | Steps:  144 | Reward:   318.55
Total T:   80869 | Ep: 1718 | Steps:  161 | Reward:   315.18
Total T:   81062 | Ep: 1719 | Steps:  193 | Reward:   361.66
Total T:   81241 | Ep: 1720 | Steps:  179 | Reward:   368.28
Total T:   81387 | Ep: 1721 | Steps:  146 | Reward:   326.01
Total T:   81542 | Ep: 1722 | Steps:  155 | Reward:   340.77
Total T:   81726 | Ep: 1723 | Steps:  184 | Reward:   354.14
Total T:   81924 | Ep: 1724 | Steps:  198 | Reward:   383.85
Total T:   82090 | Ep: 1725 | Steps:  166 | Reward:   330.29
Total T:   82279 | Ep: 1726 | Steps:  189 | Reward:   365.18
Total T:   82444 | Ep: 1727 | Steps:  165 | Reward:   345.88
Total T:   82595 | Ep: 1728 | Steps:  151 | Reward:   337.58
Total T:   82792 | Ep: 1729 | Steps:  197 | Reward:   359.73
Total T:   82969 | Ep: 1730 | Steps:  177 | Reward:   357.87
Total T:   83131 | Ep: 1731 | Steps:  162 | Reward:   325.68
Total T:   83292 | Ep: 1732 | Steps:  161 | Reward:   342.95
Total T:   83481 | Ep: 1733 | Steps:  189 | Reward:   369.39
Total T:   83623 | Ep: 1734 | Steps:  142 | Reward:   311.71
Total T:   83744 | Ep: 1735 | Steps:  121 | Reward:   300.93
Total T:   83914 | Ep: 1736 | Steps:  170 | Reward:   345.98
Total T:   84049 | Ep: 1737 | Steps:  135 | Reward:   317.92
Total T:   84222 | Ep: 1738 | Steps:  173 | Reward:   346.91
Total T:   84375 | Ep: 1739 | Steps:  153 | Reward:   331.73
Total T:   84500 | Ep: 1740 | Steps:  125 | Reward:   299.41
Total T:   84636 | Ep: 1741 | Steps:  136 | Reward:   315.96
Total T:   84830 | Ep: 1742 | Steps:  194 | Reward:   370.52
Total T:   84966 | Ep: 1743 | Steps:  136 | Reward:   314.33
Total T:   85119 | Ep: 1744 | Steps:  153 | Reward:   332.21
Total T:   85262 | Ep: 1745 | Steps:  143 | Reward:   328.40
Total T:   85389 | Ep: 1746 | Steps:  127 | Reward:   311.97
Total T:   85522 | Ep: 1747 | Steps:  133 | Reward:   312.83
Total T:   85650 | Ep: 1748 | Steps:  128 | Reward:   309.43
Total T:   85758 | Ep: 1749 | Steps:  108 | Reward:   267.32
Total T:   85876 | Ep: 1750 | Steps:  118 | Reward:   290.54
Total T:   85997 | Ep: 1751 | Steps:  121 | Reward:   293.78
Total T:   86133 | Ep: 1752 | Steps:  136 | Reward:   310.75
Total T:   86253 | Ep: 1753 | Steps:  120 | Reward:   300.12
Total T:   86362 | Ep: 1754 | Steps:  109 | Reward:   267.82
Total T:   86483 | Ep: 1755 | Steps:  121 | Reward:   286.75
Total T:   86602 | Ep: 1756 | Steps:  119 | Reward:   285.97
Total T:   86726 | Ep: 1757 | Steps:  124 | Reward:   296.73
Total T:   86836 | Ep: 1758 | Steps:  110 | Reward:   273.42
Total T:   86952 | Ep: 1759 | Steps:  116 | Reward:   283.35
Total T:   87068 | Ep: 1760 | Steps:  116 | Reward:   281.56
Total T:   87181 | Ep: 1761 | Steps:  113 | Reward:   278.59
Total T:   87299 | Ep: 1762 | Steps:  118 | Reward:   286.29
Total T:   87410 | Ep: 1763 | Steps:  111 | Reward:   276.14
Total T:   87535 | Ep: 1764 | Steps:  125 | Reward:   289.62
Total T:   87649 | Ep: 1765 | Steps:  114 | Reward:   283.90
Total T:   87774 | Ep: 1766 | Steps:  125 | Reward:   306.90
Total T:   87895 | Ep: 1767 | Steps:  121 | Reward:   291.52
Total T:   88015 | Ep: 1768 | Steps:  120 | Reward:   298.45
Total T:   88135 | Ep: 1769 | Steps:  120 | Reward:   301.57
Total T:   88260 | Ep: 1770 | Steps:  125 | Reward:   309.61
Total T:   88378 | Ep: 1771 | Steps:  118 | Reward:   283.49
Total T:   88629 | Ep: 1772 | Steps:  251 | Reward:   420.81
Total T:   88740 | Ep: 1773 | Steps:  111 | Reward:   272.66
Total T:   88856 | Ep: 1774 | Steps:  116 | Reward:   279.18
Total T:   88973 | Ep: 1775 | Steps:  117 | Reward:   282.31
Total T:   89101 | Ep: 1776 | Steps:  128 | Reward:   294.33
Total T:   89216 | Ep: 1777 | Steps:  115 | Reward:   283.43
Total T:   89333 | Ep: 1778 | Steps:  117 | Reward:   286.30
Total T:   89454 | Ep: 1779 | Steps:  121 | Reward:   281.22
Total T:   89591 | Ep: 1780 | Steps:  137 | Reward:   317.98
Total T:   89719 | Ep: 1781 | Steps:  128 | Reward:   295.50
Total T:   89842 | Ep: 1782 | Steps:  123 | Reward:   286.78
Total T:   89971 | Ep: 1783 | Steps:  129 | Reward:   291.43
---------------------------------------
Evaluation over 10 episodes: 274.446
---------------------------------------
Total T:   90077 | Ep: 1784 | Steps:  106 | Reward:   256.07
Total T:   90193 | Ep: 1785 | Steps:  116 | Reward:   280.84
Total T:   90326 | Ep: 1786 | Steps:  133 | Reward:   310.99
Total T:   90441 | Ep: 1787 | Steps:  115 | Reward:   278.20
Total T:   90553 | Ep: 1788 | Steps:  112 | Reward:   269.39
Total T:   90664 | Ep: 1789 | Steps:  111 | Reward:   259.38
Total T:   90775 | Ep: 1790 | Steps:  111 | Reward:   260.41
Total T:   90895 | Ep: 1791 | Steps:  120 | Reward:   284.63
Total T:   91031 | Ep: 1792 | Steps:  136 | Reward:   304.28
Total T:   91146 | Ep: 1793 | Steps:  115 | Reward:   280.58
Total T:   91268 | Ep: 1794 | Steps:  122 | Reward:   281.13
Total T:   91384 | Ep: 1795 | Steps:  116 | Reward:   277.95
Total T:   91496 | Ep: 1796 | Steps:  112 | Reward:   265.74
Total T:   91612 | Ep: 1797 | Steps:  116 | Reward:   282.89
Total T:   91730 | Ep: 1798 | Steps:  118 | Reward:   278.25
Total T:   91845 | Ep: 1799 | Steps:  115 | Reward:   279.91
Total T:   91959 | Ep: 1800 | Steps:  114 | Reward:   286.33
Total T:   92076 | Ep: 1801 | Steps:  117 | Reward:   272.47
Total T:   92189 | Ep: 1802 | Steps:  113 | Reward:   273.16
Total T:   92304 | Ep: 1803 | Steps:  115 | Reward:   275.04
Total T:   92417 | Ep: 1804 | Steps:  113 | Reward:   273.55
Total T:   92533 | Ep: 1805 | Steps:  116 | Reward:   282.12
Total T:   92648 | Ep: 1806 | Steps:  115 | Reward:   278.37
Total T:   92765 | Ep: 1807 | Steps:  117 | Reward:   277.45
Total T:   92881 | Ep: 1808 | Steps:  116 | Reward:   271.07
Total T:   92992 | Ep: 1809 | Steps:  111 | Reward:   259.19
Total T:   93104 | Ep: 1810 | Steps:  112 | Reward:   264.19
Total T:   93217 | Ep: 1811 | Steps:  113 | Reward:   267.40
Total T:   93332 | Ep: 1812 | Steps:  115 | Reward:   272.08
Total T:   93450 | Ep: 1813 | Steps:  118 | Reward:   277.69
Total T:   93565 | Ep: 1814 | Steps:  115 | Reward:   280.37
Total T:   93675 | Ep: 1815 | Steps:  110 | Reward:   265.84
Total T:   93785 | Ep: 1816 | Steps:  110 | Reward:   266.68
Total T:   93902 | Ep: 1817 | Steps:  117 | Reward:   279.98
Total T:   94013 | Ep: 1818 | Steps:  111 | Reward:   266.97
Total T:   94129 | Ep: 1819 | Steps:  116 | Reward:   283.22
Total T:   94246 | Ep: 1820 | Steps:  117 | Reward:   273.55
Total T:   94361 | Ep: 1821 | Steps:  115 | Reward:   274.76
Total T:   94471 | Ep: 1822 | Steps:  110 | Reward:   271.55
Total T:   94587 | Ep: 1823 | Steps:  116 | Reward:   282.86
Total T:   94696 | Ep: 1824 | Steps:  109 | Reward:   261.48
Total T:   94815 | Ep: 1825 | Steps:  119 | Reward:   288.15
Total T:   94924 | Ep: 1826 | Steps:  109 | Reward:   263.54
Total T:   95047 | Ep: 1827 | Steps:  123 | Reward:   301.40
Total T:   95158 | Ep: 1828 | Steps:  111 | Reward:   276.90
Total T:   95280 | Ep: 1829 | Steps:  122 | Reward:   295.49
Total T:   95401 | Ep: 1830 | Steps:  121 | Reward:   296.23
Total T:   95511 | Ep: 1831 | Steps:  110 | Reward:   263.09
Total T:   95636 | Ep: 1832 | Steps:  125 | Reward:   308.18
Total T:   95756 | Ep: 1833 | Steps:  120 | Reward:   297.79
Total T:   95880 | Ep: 1834 | Steps:  124 | Reward:   297.12
Total T:   95989 | Ep: 1835 | Steps:  109 | Reward:   272.14
Total T:   96112 | Ep: 1836 | Steps:  123 | Reward:   298.03
Total T:   96224 | Ep: 1837 | Steps:  112 | Reward:   274.40
Total T:   96349 | Ep: 1838 | Steps:  125 | Reward:   303.11
Total T:   96472 | Ep: 1839 | Steps:  123 | Reward:   299.35
Total T:   96594 | Ep: 1840 | Steps:  122 | Reward:   296.79
Total T:   96721 | Ep: 1841 | Steps:  127 | Reward:   304.70
Total T:   96850 | Ep: 1842 | Steps:  129 | Reward:   312.16
Total T:   96979 | Ep: 1843 | Steps:  129 | Reward:   307.74
Total T:   97110 | Ep: 1844 | Steps:  131 | Reward:   310.91
Total T:   97245 | Ep: 1845 | Steps:  135 | Reward:   319.22
Total T:   97374 | Ep: 1846 | Steps:  129 | Reward:   313.16
Total T:   97506 | Ep: 1847 | Steps:  132 | Reward:   311.40
Total T:   97638 | Ep: 1848 | Steps:  132 | Reward:   320.28
Total T:   97766 | Ep: 1849 | Steps:  128 | Reward:   309.43
Total T:   97893 | Ep: 1850 | Steps:  127 | Reward:   306.02
Total T:   98021 | Ep: 1851 | Steps:  128 | Reward:   307.68
Total T:   98150 | Ep: 1852 | Steps:  129 | Reward:   316.23
Total T:   98282 | Ep: 1853 | Steps:  132 | Reward:   316.81
Total T:   98414 | Ep: 1854 | Steps:  132 | Reward:   315.26
Total T:   98545 | Ep: 1855 | Steps:  131 | Reward:   312.84
Total T:   98676 | Ep: 1856 | Steps:  131 | Reward:   310.90
Total T:   98804 | Ep: 1857 | Steps:  128 | Reward:   308.49
Total T:   98935 | Ep: 1858 | Steps:  131 | Reward:   312.70
Total T:   99064 | Ep: 1859 | Steps:  129 | Reward:   307.38
Total T:   99198 | Ep: 1860 | Steps:  134 | Reward:   316.44
Total T:   99328 | Ep: 1861 | Steps:  130 | Reward:   311.65
Total T:   99462 | Ep: 1862 | Steps:  134 | Reward:   321.58
Total T:   99594 | Ep: 1863 | Steps:  132 | Reward:   315.30
Total T:   99723 | Ep: 1864 | Steps:  129 | Reward:   308.25
Total T:   99856 | Ep: 1865 | Steps:  133 | Reward:   319.58
Total T:   99982 | Ep: 1866 | Steps:  126 | Reward:   308.12
---------------------------------------
Evaluation over 10 episodes: 308.931
---------------------------------------
Total T:  100110 | Ep: 1867 | Steps:  128 | Reward:   308.75
Total T:  100250 | Ep: 1868 | Steps:  140 | Reward:   322.33
Total T:  100384 | Ep: 1869 | Steps:  134 | Reward:   321.63
Total T:  100520 | Ep: 1870 | Steps:  136 | Reward:   325.95
Total T:  100653 | Ep: 1871 | Steps:  133 | Reward:   319.43
Total T:  100783 | Ep: 1872 | Steps:  130 | Reward:   315.16
Total T:  100908 | Ep: 1873 | Steps:  125 | Reward:   301.16
Total T:  101039 | Ep: 1874 | Steps:  131 | Reward:   317.99
Total T:  101175 | Ep: 1875 | Steps:  136 | Reward:   318.11
Total T:  101317 | Ep: 1876 | Steps:  142 | Reward:   324.42
Total T:  101447 | Ep: 1877 | Steps:  130 | Reward:   311.21
Total T:  101584 | Ep: 1878 | Steps:  137 | Reward:   321.14
Total T:  101715 | Ep: 1879 | Steps:  131 | Reward:   309.63
Total T:  101841 | Ep: 1880 | Steps:  126 | Reward:   302.76
Total T:  101972 | Ep: 1881 | Steps:  131 | Reward:   309.13
Total T:  102107 | Ep: 1882 | Steps:  135 | Reward:   317.68
Total T:  102238 | Ep: 1883 | Steps:  131 | Reward:   307.32
Total T:  102369 | Ep: 1884 | Steps:  131 | Reward:   313.88
Total T:  102497 | Ep: 1885 | Steps:  128 | Reward:   319.62
Total T:  102626 | Ep: 1886 | Steps:  129 | Reward:   314.58
Total T:  102763 | Ep: 1887 | Steps:  137 | Reward:   323.62
Total T:  102897 | Ep: 1888 | Steps:  134 | Reward:   315.19
Total T:  103024 | Ep: 1889 | Steps:  127 | Reward:   308.49
Total T:  103156 | Ep: 1890 | Steps:  132 | Reward:   317.28
Total T:  103294 | Ep: 1891 | Steps:  138 | Reward:   323.96
Total T:  103429 | Ep: 1892 | Steps:  135 | Reward:   310.41
Total T:  103548 | Ep: 1893 | Steps:  119 | Reward:   292.73
Total T:  103682 | Ep: 1894 | Steps:  134 | Reward:   315.73
Total T:  103820 | Ep: 1895 | Steps:  138 | Reward:   323.32
Total T:  103953 | Ep: 1896 | Steps:  133 | Reward:   315.92
Total T:  104089 | Ep: 1897 | Steps:  136 | Reward:   322.55
Total T:  104224 | Ep: 1898 | Steps:  135 | Reward:   319.47
Total T:  104361 | Ep: 1899 | Steps:  137 | Reward:   323.20
Total T:  104501 | Ep: 1900 | Steps:  140 | Reward:   320.61
Total T:  104625 | Ep: 1901 | Steps:  124 | Reward:   299.15
Total T:  104758 | Ep: 1902 | Steps:  133 | Reward:   297.98
Total T:  104896 | Ep: 1903 | Steps:  138 | Reward:   320.04
Total T:  105036 | Ep: 1904 | Steps:  140 | Reward:   322.99
Total T:  105164 | Ep: 1905 | Steps:  128 | Reward:   307.30
Total T:  105308 | Ep: 1906 | Steps:  144 | Reward:   322.02
Total T:  105445 | Ep: 1907 | Steps:  137 | Reward:   316.59
Total T:  105585 | Ep: 1908 | Steps:  140 | Reward:   319.13
Total T:  105730 | Ep: 1909 | Steps:  145 | Reward:   328.04
Total T:  105871 | Ep: 1910 | Steps:  141 | Reward:   318.56
Total T:  106015 | Ep: 1911 | Steps:  144 | Reward:   330.43
Total T:  106160 | Ep: 1912 | Steps:  145 | Reward:   326.04
Total T:  106314 | Ep: 1913 | Steps:  154 | Reward:   330.43
Total T:  106452 | Ep: 1914 | Steps:  138 | Reward:   319.03
Total T:  106580 | Ep: 1915 | Steps:  128 | Reward:   307.28
Total T:  106724 | Ep: 1916 | Steps:  144 | Reward:   324.41
Total T:  106854 | Ep: 1917 | Steps:  130 | Reward:   302.14
Total T:  106984 | Ep: 1918 | Steps:  130 | Reward:   308.98
Total T:  107118 | Ep: 1919 | Steps:  134 | Reward:   309.84
Total T:  107253 | Ep: 1920 | Steps:  135 | Reward:   311.55
Total T:  107389 | Ep: 1921 | Steps:  136 | Reward:   309.81
Total T:  107520 | Ep: 1922 | Steps:  131 | Reward:   314.90
Total T:  107652 | Ep: 1923 | Steps:  132 | Reward:   308.34
Total T:  107784 | Ep: 1924 | Steps:  132 | Reward:   308.55
Total T:  107925 | Ep: 1925 | Steps:  141 | Reward:   317.26
Total T:  108062 | Ep: 1926 | Steps:  137 | Reward:   313.62
Total T:  108196 | Ep: 1927 | Steps:  134 | Reward:   311.79
Total T:  108337 | Ep: 1928 | Steps:  141 | Reward:   316.13
Total T:  108475 | Ep: 1929 | Steps:  138 | Reward:   316.13
Total T:  108608 | Ep: 1930 | Steps:  133 | Reward:   311.89
Total T:  108752 | Ep: 1931 | Steps:  144 | Reward:   322.71
Total T:  108896 | Ep: 1932 | Steps:  144 | Reward:   323.81
Total T:  109028 | Ep: 1933 | Steps:  132 | Reward:   311.34
Total T:  109155 | Ep: 1934 | Steps:  127 | Reward:   302.22
Total T:  109288 | Ep: 1935 | Steps:  133 | Reward:   306.88
Total T:  109424 | Ep: 1936 | Steps:  136 | Reward:   315.93
Total T:  109566 | Ep: 1937 | Steps:  142 | Reward:   315.68
Total T:  109702 | Ep: 1938 | Steps:  136 | Reward:   313.81
Total T:  109843 | Ep: 1939 | Steps:  141 | Reward:   321.62
Total T:  109986 | Ep: 1940 | Steps:  143 | Reward:   313.87
---------------------------------------
Evaluation over 10 episodes: 318.037
---------------------------------------
Total T:  110123 | Ep: 1941 | Steps:  137 | Reward:   315.43
Total T:  110277 | Ep: 1942 | Steps:  154 | Reward:   327.79
Total T:  110414 | Ep: 1943 | Steps:  137 | Reward:   323.98
Total T:  110557 | Ep: 1944 | Steps:  143 | Reward:   320.70
Total T:  110691 | Ep: 1945 | Steps:  134 | Reward:   313.10
Total T:  110839 | Ep: 1946 | Steps:  148 | Reward:   325.49
Total T:  110977 | Ep: 1947 | Steps:  138 | Reward:   323.72
Total T:  111112 | Ep: 1948 | Steps:  135 | Reward:   308.63
Total T:  111261 | Ep: 1949 | Steps:  149 | Reward:   320.41
Total T:  111400 | Ep: 1950 | Steps:  139 | Reward:   327.15
Total T:  111540 | Ep: 1951 | Steps:  140 | Reward:   323.90
Total T:  111682 | Ep: 1952 | Steps:  142 | Reward:   324.39
Total T:  111821 | Ep: 1953 | Steps:  139 | Reward:   324.40
Total T:  111964 | Ep: 1954 | Steps:  143 | Reward:   326.97
Total T:  112115 | Ep: 1955 | Steps:  151 | Reward:   323.77
Total T:  112264 | Ep: 1956 | Steps:  149 | Reward:   334.58
Total T:  112403 | Ep: 1957 | Steps:  139 | Reward:   322.69
Total T:  112545 | Ep: 1958 | Steps:  142 | Reward:   325.10
Total T:  112684 | Ep: 1959 | Steps:  139 | Reward:   314.44
Total T:  112828 | Ep: 1960 | Steps:  144 | Reward:   324.77
Total T:  112969 | Ep: 1961 | Steps:  141 | Reward:   323.74
Total T:  113109 | Ep: 1962 | Steps:  140 | Reward:   327.36
Total T:  113252 | Ep: 1963 | Steps:  143 | Reward:   326.84
Total T:  113395 | Ep: 1964 | Steps:  143 | Reward:   328.94
Total T:  113536 | Ep: 1965 | Steps:  141 | Reward:   325.62
Total T:  113675 | Ep: 1966 | Steps:  139 | Reward:   323.35
Total T:  113828 | Ep: 1967 | Steps:  153 | Reward:   336.59
Total T:  113970 | Ep: 1968 | Steps:  142 | Reward:   328.64
Total T:  114096 | Ep: 1969 | Steps:  126 | Reward:   286.84
Total T:  114238 | Ep: 1970 | Steps:  142 | Reward:   328.97
Total T:  114382 | Ep: 1971 | Steps:  144 | Reward:   331.54
Total T:  114527 | Ep: 1972 | Steps:  145 | Reward:   331.61
Total T:  114667 | Ep: 1973 | Steps:  140 | Reward:   326.35
Total T:  114804 | Ep: 1974 | Steps:  137 | Reward:   323.10
Total T:  114945 | Ep: 1975 | Steps:  141 | Reward:   325.84
Total T:  115075 | Ep: 1976 | Steps:  130 | Reward:   296.00
Total T:  115219 | Ep: 1977 | Steps:  144 | Reward:   331.07
Total T:  115360 | Ep: 1978 | Steps:  141 | Reward:   328.51
Total T:  115500 | Ep: 1979 | Steps:  140 | Reward:   321.54
Total T:  115639 | Ep: 1980 | Steps:  139 | Reward:   318.03
Total T:  115773 | Ep: 1981 | Steps:  134 | Reward:   320.17
Total T:  115903 | Ep: 1982 | Steps:  130 | Reward:   303.63
Total T:  116040 | Ep: 1983 | Steps:  137 | Reward:   320.42
Total T:  116180 | Ep: 1984 | Steps:  140 | Reward:   322.86
Total T:  116320 | Ep: 1985 | Steps:  140 | Reward:   328.03
Total T:  116462 | Ep: 1986 | Steps:  142 | Reward:   325.37
Total T:  116607 | Ep: 1987 | Steps:  145 | Reward:   329.16
Total T:  116750 | Ep: 1988 | Steps:  143 | Reward:   329.85
Total T:  116892 | Ep: 1989 | Steps:  142 | Reward:   327.34
Total T:  117024 | Ep: 1990 | Steps:  132 | Reward:   305.25
Total T:  117161 | Ep: 1991 | Steps:  137 | Reward:   321.19
Total T:  117302 | Ep: 1992 | Steps:  141 | Reward:   322.72
Total T:  117439 | Ep: 1993 | Steps:  137 | Reward:   322.62
Total T:  117582 | Ep: 1994 | Steps:  143 | Reward:   328.69
Total T:  117726 | Ep: 1995 | Steps:  144 | Reward:   331.40
Total T:  117873 | Ep: 1996 | Steps:  147 | Reward:   334.30
Total T:  118006 | Ep: 1997 | Steps:  133 | Reward:   307.03
Total T:  118135 | Ep: 1998 | Steps:  129 | Reward:   301.11
Total T:  118275 | Ep: 1999 | Steps:  140 | Reward:   318.00
Total T:  118414 | Ep: 2000 | Steps:  139 | Reward:   319.00
Total T:  118548 | Ep: 2001 | Steps:  134 | Reward:   314.99
Total T:  118683 | Ep: 2002 | Steps:  135 | Reward:   319.52
Total T:  118817 | Ep: 2003 | Steps:  134 | Reward:   315.02
Total T:  118948 | Ep: 2004 | Steps:  131 | Reward:   310.35
Total T:  119084 | Ep: 2005 | Steps:  136 | Reward:   321.78
Total T:  119215 | Ep: 2006 | Steps:  131 | Reward:   310.92
Total T:  119345 | Ep: 2007 | Steps:  130 | Reward:   313.02
Total T:  119492 | Ep: 2008 | Steps:  147 | Reward:   330.59
Total T:  119631 | Ep: 2009 | Steps:  139 | Reward:   316.72
Total T:  119758 | Ep: 2010 | Steps:  127 | Reward:   302.39
Total T:  119892 | Ep: 2011 | Steps:  134 | Reward:   312.79
---------------------------------------
Evaluation over 10 episodes: 312.272
---------------------------------------
Total T:  120029 | Ep: 2012 | Steps:  137 | Reward:   324.34
Total T:  120165 | Ep: 2013 | Steps:  136 | Reward:   319.61
Total T:  120295 | Ep: 2014 | Steps:  130 | Reward:   306.80
Total T:  120429 | Ep: 2015 | Steps:  134 | Reward:   313.97
Total T:  120566 | Ep: 2016 | Steps:  137 | Reward:   319.21
Total T:  120698 | Ep: 2017 | Steps:  132 | Reward:   310.92
Total T:  120836 | Ep: 2018 | Steps:  138 | Reward:   324.41
Total T:  120957 | Ep: 2019 | Steps:  121 | Reward:   298.46
Total T:  121077 | Ep: 2020 | Steps:  120 | Reward:   294.13
Total T:  121206 | Ep: 2021 | Steps:  129 | Reward:   302.54
Total T:  121336 | Ep: 2022 | Steps:  130 | Reward:   310.89
Total T:  121471 | Ep: 2023 | Steps:  135 | Reward:   318.51
Total T:  121610 | Ep: 2024 | Steps:  139 | Reward:   328.92
Total T:  121735 | Ep: 2025 | Steps:  125 | Reward:   300.32
Total T:  121873 | Ep: 2026 | Steps:  138 | Reward:   324.26
Total T:  122007 | Ep: 2027 | Steps:  134 | Reward:   320.52
Total T:  122136 | Ep: 2028 | Steps:  129 | Reward:   309.66
Total T:  122257 | Ep: 2029 | Steps:  121 | Reward:   298.02
Total T:  122389 | Ep: 2030 | Steps:  132 | Reward:   310.04
Total T:  122511 | Ep: 2031 | Steps:  122 | Reward:   294.31
Total T:  122641 | Ep: 2032 | Steps:  130 | Reward:   311.52
Total T:  122777 | Ep: 2033 | Steps:  136 | Reward:   320.38
Total T:  122908 | Ep: 2034 | Steps:  131 | Reward:   309.80
Total T:  123028 | Ep: 2035 | Steps:  120 | Reward:   290.95
Total T:  123177 | Ep: 2036 | Steps:  149 | Reward:   334.16
Total T:  123313 | Ep: 2037 | Steps:  136 | Reward:   323.97
Total T:  123459 | Ep: 2038 | Steps:  146 | Reward:   330.14
Total T:  123577 | Ep: 2039 | Steps:  118 | Reward:   288.82
Total T:  123706 | Ep: 2040 | Steps:  129 | Reward:   309.55
Total T:  123826 | Ep: 2041 | Steps:  120 | Reward:   293.20
Total T:  123949 | Ep: 2042 | Steps:  123 | Reward:   301.71
Total T:  124073 | Ep: 2043 | Steps:  124 | Reward:   301.93
Total T:  124196 | Ep: 2044 | Steps:  123 | Reward:   300.73
Total T:  124347 | Ep: 2045 | Steps:  151 | Reward:   336.06
Total T:  124472 | Ep: 2046 | Steps:  125 | Reward:   301.19
Total T:  124599 | Ep: 2047 | Steps:  127 | Reward:   309.76
Total T:  124724 | Ep: 2048 | Steps:  125 | Reward:   305.23
Total T:  124863 | Ep: 2049 | Steps:  139 | Reward:   325.31
Total T:  124991 | Ep: 2050 | Steps:  128 | Reward:   311.52
Total T:  125124 | Ep: 2051 | Steps:  133 | Reward:   316.38
Total T:  125261 | Ep: 2052 | Steps:  137 | Reward:   320.55
Total T:  125394 | Ep: 2053 | Steps:  133 | Reward:   313.00
Total T:  125530 | Ep: 2054 | Steps:  136 | Reward:   314.25
Total T:  125666 | Ep: 2055 | Steps:  136 | Reward:   315.36
Total T:  125798 | Ep: 2056 | Steps:  132 | Reward:   320.41
Total T:  125930 | Ep: 2057 | Steps:  132 | Reward:   311.26
Total T:  126067 | Ep: 2058 | Steps:  137 | Reward:   315.30
Total T:  126083 | Ep: 2059 | Steps:   16 | Reward:    13.10
Total T:  126216 | Ep: 2060 | Steps:  133 | Reward:   316.18
Total T:  126343 | Ep: 2061 | Steps:  127 | Reward:   306.67
Total T:  126479 | Ep: 2062 | Steps:  136 | Reward:   317.88
Total T:  126605 | Ep: 2063 | Steps:  126 | Reward:   306.06
Total T:  126737 | Ep: 2064 | Steps:  132 | Reward:   317.97
Total T:  126871 | Ep: 2065 | Steps:  134 | Reward:   320.85
Total T:  127006 | Ep: 2066 | Steps:  135 | Reward:   318.75
Total T:  127139 | Ep: 2067 | Steps:  133 | Reward:   314.77
Total T:  127263 | Ep: 2068 | Steps:  124 | Reward:   303.89
Total T:  127405 | Ep: 2069 | Steps:  142 | Reward:   327.62
Total T:  127512 | Ep: 2070 | Steps:  107 | Reward:   267.10
Total T:  127662 | Ep: 2071 | Steps:  150 | Reward:   336.08
Total T:  127787 | Ep: 2072 | Steps:  125 | Reward:   305.69
Total T:  127927 | Ep: 2073 | Steps:  140 | Reward:   327.79
Total T:  128072 | Ep: 2074 | Steps:  145 | Reward:   333.26
Total T:  128218 | Ep: 2075 | Steps:  146 | Reward:   333.87
Total T:  128356 | Ep: 2076 | Steps:  138 | Reward:   320.96
Total T:  128503 | Ep: 2077 | Steps:  147 | Reward:   332.52
Total T:  128659 | Ep: 2078 | Steps:  156 | Reward:   345.41
Total T:  128815 | Ep: 2079 | Steps:  156 | Reward:   345.18
Total T:  128958 | Ep: 2080 | Steps:  143 | Reward:   328.05
Total T:  129099 | Ep: 2081 | Steps:  141 | Reward:   323.54
Total T:  129247 | Ep: 2082 | Steps:  148 | Reward:   335.85
Total T:  129388 | Ep: 2083 | Steps:  141 | Reward:   325.10
Total T:  129538 | Ep: 2084 | Steps:  150 | Reward:   338.34
Total T:  129693 | Ep: 2085 | Steps:  155 | Reward:   345.36
Total T:  129839 | Ep: 2086 | Steps:  146 | Reward:   331.97
Total T:  129985 | Ep: 2087 | Steps:  146 | Reward:   333.61
---------------------------------------
Evaluation over 10 episodes: 340.748
---------------------------------------
Total T:  130142 | Ep: 2088 | Steps:  157 | Reward:   347.50
Total T:  130290 | Ep: 2089 | Steps:  148 | Reward:   338.03
Total T:  130443 | Ep: 2090 | Steps:  153 | Reward:   342.99
Total T:  130585 | Ep: 2091 | Steps:  142 | Reward:   326.15
Total T:  130735 | Ep: 2092 | Steps:  150 | Reward:   342.46
Total T:  130872 | Ep: 2093 | Steps:  137 | Reward:   324.39
Total T:  131026 | Ep: 2094 | Steps:  154 | Reward:   346.64
Total T:  131187 | Ep: 2095 | Steps:  161 | Reward:   354.40
Total T:  131342 | Ep: 2096 | Steps:  155 | Reward:   341.65
Total T:  131487 | Ep: 2097 | Steps:  145 | Reward:   331.84
Total T:  131643 | Ep: 2098 | Steps:  156 | Reward:   341.42
Total T:  131802 | Ep: 2099 | Steps:  159 | Reward:   348.13
Total T:  131953 | Ep: 2100 | Steps:  151 | Reward:   343.03
Total T:  132101 | Ep: 2101 | Steps:  148 | Reward:   339.22
Total T:  132245 | Ep: 2102 | Steps:  144 | Reward:   332.06
Total T:  132390 | Ep: 2103 | Steps:  145 | Reward:   331.03
Total T:  132532 | Ep: 2104 | Steps:  142 | Reward:   326.45
Total T:  132686 | Ep: 2105 | Steps:  154 | Reward:   343.49
Total T:  132827 | Ep: 2106 | Steps:  141 | Reward:   328.40
Total T:  132965 | Ep: 2107 | Steps:  138 | Reward:   328.20
Total T:  133103 | Ep: 2108 | Steps:  138 | Reward:   322.16
Total T:  133266 | Ep: 2109 | Steps:  163 | Reward:   352.61
Total T:  133407 | Ep: 2110 | Steps:  141 | Reward:   329.59
Total T:  133551 | Ep: 2111 | Steps:  144 | Reward:   330.30
Total T:  133693 | Ep: 2112 | Steps:  142 | Reward:   327.57
Total T:  133829 | Ep: 2113 | Steps:  136 | Reward:   317.84
Total T:  133972 | Ep: 2114 | Steps:  143 | Reward:   331.07
Total T:  134122 | Ep: 2115 | Steps:  150 | Reward:   340.63
Total T:  134259 | Ep: 2116 | Steps:  137 | Reward:   325.14
Total T:  134400 | Ep: 2117 | Steps:  141 | Reward:   329.45
Total T:  134540 | Ep: 2118 | Steps:  140 | Reward:   326.44
Total T:  134696 | Ep: 2119 | Steps:  156 | Reward:   347.26
Total T:  134836 | Ep: 2120 | Steps:  140 | Reward:   325.79
Total T:  134992 | Ep: 2121 | Steps:  156 | Reward:   345.84
Total T:  135140 | Ep: 2122 | Steps:  148 | Reward:   337.34
Total T:  135309 | Ep: 2123 | Steps:  169 | Reward:   359.41
Total T:  135467 | Ep: 2124 | Steps:  158 | Reward:   340.40
Total T:  135633 | Ep: 2125 | Steps:  166 | Reward:   356.95
Total T:  135797 | Ep: 2126 | Steps:  164 | Reward:   355.13
Total T:  135953 | Ep: 2127 | Steps:  156 | Reward:   346.92
Total T:  136108 | Ep: 2128 | Steps:  155 | Reward:   348.65
Total T:  136254 | Ep: 2129 | Steps:  146 | Reward:   337.94
Total T:  136408 | Ep: 2130 | Steps:  154 | Reward:   344.93
Total T:  136557 | Ep: 2131 | Steps:  149 | Reward:   340.07
Total T:  136712 | Ep: 2132 | Steps:  155 | Reward:   348.16
Total T:  136863 | Ep: 2133 | Steps:  151 | Reward:   343.79
Total T:  137014 | Ep: 2134 | Steps:  151 | Reward:   340.61
Total T:  137166 | Ep: 2135 | Steps:  152 | Reward:   343.07
Total T:  137316 | Ep: 2136 | Steps:  150 | Reward:   343.02
Total T:  137465 | Ep: 2137 | Steps:  149 | Reward:   339.75
Total T:  137671 | Ep: 2138 | Steps:  206 | Reward:   395.40
Total T:  137819 | Ep: 2139 | Steps:  148 | Reward:   338.18
Total T:  137978 | Ep: 2140 | Steps:  159 | Reward:   351.16
Total T:  138135 | Ep: 2141 | Steps:  157 | Reward:   349.92
Total T:  138291 | Ep: 2142 | Steps:  156 | Reward:   348.28
Total T:  138438 | Ep: 2143 | Steps:  147 | Reward:   334.98
Total T:  138582 | Ep: 2144 | Steps:  144 | Reward:   333.72
Total T:  138729 | Ep: 2145 | Steps:  147 | Reward:   337.45
Total T:  138876 | Ep: 2146 | Steps:  147 | Reward:   340.91
Total T:  139034 | Ep: 2147 | Steps:  158 | Reward:   348.57
Total T:  139179 | Ep: 2148 | Steps:  145 | Reward:   334.01
Total T:  139323 | Ep: 2149 | Steps:  144 | Reward:   336.43
Total T:  139466 | Ep: 2150 | Steps:  143 | Reward:   334.41
Total T:  139611 | Ep: 2151 | Steps:  145 | Reward:   333.74
Total T:  139760 | Ep: 2152 | Steps:  149 | Reward:   337.52
Total T:  139905 | Ep: 2153 | Steps:  145 | Reward:   334.81
---------------------------------------
Evaluation over 10 episodes: 333.856
---------------------------------------
Total T:  140060 | Ep: 2154 | Steps:  155 | Reward:   346.54
Total T:  140201 | Ep: 2155 | Steps:  141 | Reward:   330.19
Total T:  140345 | Ep: 2156 | Steps:  144 | Reward:   338.13
Total T:  140487 | Ep: 2157 | Steps:  142 | Reward:   333.56
Total T:  140620 | Ep: 2158 | Steps:  133 | Reward:   317.44
Total T:  140760 | Ep: 2159 | Steps:  140 | Reward:   330.70
Total T:  140902 | Ep: 2160 | Steps:  142 | Reward:   334.11
Total T:  141059 | Ep: 2161 | Steps:  157 | Reward:   349.06
Total T:  141203 | Ep: 2162 | Steps:  144 | Reward:   333.83
Total T:  141348 | Ep: 2163 | Steps:  145 | Reward:   336.95
Total T:  141484 | Ep: 2164 | Steps:  136 | Reward:   325.22
Total T:  141627 | Ep: 2165 | Steps:  143 | Reward:   334.61
Total T:  141772 | Ep: 2166 | Steps:  145 | Reward:   333.83
Total T:  141911 | Ep: 2167 | Steps:  139 | Reward:   329.62
Total T:  142055 | Ep: 2168 | Steps:  144 | Reward:   336.13
Total T:  142197 | Ep: 2169 | Steps:  142 | Reward:   331.62
Total T:  142337 | Ep: 2170 | Steps:  140 | Reward:   329.30
Total T:  142481 | Ep: 2171 | Steps:  144 | Reward:   335.83
Total T:  142624 | Ep: 2172 | Steps:  143 | Reward:   332.50
Total T:  142769 | Ep: 2173 | Steps:  145 | Reward:   335.21
Total T:  142912 | Ep: 2174 | Steps:  143 | Reward:   331.37
Total T:  143056 | Ep: 2175 | Steps:  144 | Reward:   333.58
Total T:  143202 | Ep: 2176 | Steps:  146 | Reward:   335.40
Total T:  143351 | Ep: 2177 | Steps:  149 | Reward:   339.66
Total T:  143496 | Ep: 2178 | Steps:  145 | Reward:   334.08
Total T:  143642 | Ep: 2179 | Steps:  146 | Reward:   336.29
Total T:  143785 | Ep: 2180 | Steps:  143 | Reward:   332.68
Total T:  143928 | Ep: 2181 | Steps:  143 | Reward:   331.42
Total T:  144076 | Ep: 2182 | Steps:  148 | Reward:   335.52
Total T:  144223 | Ep: 2183 | Steps:  147 | Reward:   336.53
Total T:  144370 | Ep: 2184 | Steps:  147 | Reward:   337.82
Total T:  144517 | Ep: 2185 | Steps:  147 | Reward:   338.05
Total T:  144660 | Ep: 2186 | Steps:  143 | Reward:   333.08
Total T:  144804 | Ep: 2187 | Steps:  144 | Reward:   333.22
Total T:  144950 | Ep: 2188 | Steps:  146 | Reward:   336.47
Total T:  145095 | Ep: 2189 | Steps:  145 | Reward:   330.44
Total T:  145239 | Ep: 2190 | Steps:  144 | Reward:   328.09
Total T:  145383 | Ep: 2191 | Steps:  144 | Reward:   328.87
Total T:  145529 | Ep: 2192 | Steps:  146 | Reward:   337.88
Total T:  145677 | Ep: 2193 | Steps:  148 | Reward:   334.64
Total T:  145826 | Ep: 2194 | Steps:  149 | Reward:   339.47
Total T:  145974 | Ep: 2195 | Steps:  148 | Reward:   338.60
Total T:  146119 | Ep: 2196 | Steps:  145 | Reward:   336.12
Total T:  146265 | Ep: 2197 | Steps:  146 | Reward:   336.64
Total T:  146413 | Ep: 2198 | Steps:  148 | Reward:   337.10
Total T:  146555 | Ep: 2199 | Steps:  142 | Reward:   330.63
Total T:  146702 | Ep: 2200 | Steps:  147 | Reward:   329.56
Total T:  146842 | Ep: 2201 | Steps:  140 | Reward:   323.68
Total T:  146989 | Ep: 2202 | Steps:  147 | Reward:   329.61
Total T:  147135 | Ep: 2203 | Steps:  146 | Reward:   331.22
Total T:  147284 | Ep: 2204 | Steps:  149 | Reward:   333.13
Total T:  147430 | Ep: 2205 | Steps:  146 | Reward:   324.02
Total T:  147584 | Ep: 2206 | Steps:  154 | Reward:   337.18
Total T:  147725 | Ep: 2207 | Steps:  141 | Reward:   321.62
Total T:  147875 | Ep: 2208 | Steps:  150 | Reward:   330.84
Total T:  148021 | Ep: 2209 | Steps:  146 | Reward:   331.82
Total T:  148163 | Ep: 2210 | Steps:  142 | Reward:   324.91
Total T:  148309 | Ep: 2211 | Steps:  146 | Reward:   327.75
Total T:  148458 | Ep: 2212 | Steps:  149 | Reward:   332.54
Total T:  148604 | Ep: 2213 | Steps:  146 | Reward:   328.66
Total T:  148753 | Ep: 2214 | Steps:  149 | Reward:   334.16
Total T:  148898 | Ep: 2215 | Steps:  145 | Reward:   328.82
Total T:  149046 | Ep: 2216 | Steps:  148 | Reward:   332.87
Total T:  149189 | Ep: 2217 | Steps:  143 | Reward:   326.61
Total T:  149336 | Ep: 2218 | Steps:  147 | Reward:   330.26
Total T:  149486 | Ep: 2219 | Steps:  150 | Reward:   332.21
Total T:  149633 | Ep: 2220 | Steps:  147 | Reward:   329.00
Total T:  149781 | Ep: 2221 | Steps:  148 | Reward:   330.80
Total T:  149931 | Ep: 2222 | Steps:  150 | Reward:   332.96
---------------------------------------
Evaluation over 10 episodes: 329.875
---------------------------------------
Total T:  150078 | Ep: 2223 | Steps:  147 | Reward:   327.89
Total T:  150222 | Ep: 2224 | Steps:  144 | Reward:   324.63
Total T:  150372 | Ep: 2225 | Steps:  150 | Reward:   332.01
Total T:  150521 | Ep: 2226 | Steps:  149 | Reward:   333.11
Total T:  150668 | Ep: 2227 | Steps:  147 | Reward:   331.90
Total T:  150815 | Ep: 2228 | Steps:  147 | Reward:   330.40
Total T:  150954 | Ep: 2229 | Steps:  139 | Reward:   322.81
Total T:  151098 | Ep: 2230 | Steps:  144 | Reward:   328.46
Total T:  151241 | Ep: 2231 | Steps:  143 | Reward:   324.67
Total T:  151385 | Ep: 2232 | Steps:  144 | Reward:   326.23
Total T:  151528 | Ep: 2233 | Steps:  143 | Reward:   322.24
Total T:  151673 | Ep: 2234 | Steps:  145 | Reward:   326.77
Total T:  151818 | Ep: 2235 | Steps:  145 | Reward:   325.36
Total T:  151962 | Ep: 2236 | Steps:  144 | Reward:   327.77
Total T:  152108 | Ep: 2237 | Steps:  146 | Reward:   328.61
Total T:  152261 | Ep: 2238 | Steps:  153 | Reward:   338.35
Total T:  152403 | Ep: 2239 | Steps:  142 | Reward:   322.80
Total T:  152537 | Ep: 2240 | Steps:  134 | Reward:   312.77
Total T:  152681 | Ep: 2241 | Steps:  144 | Reward:   326.47
Total T:  152826 | Ep: 2242 | Steps:  145 | Reward:   329.73
Total T:  152967 | Ep: 2243 | Steps:  141 | Reward:   325.58
Total T:  153114 | Ep: 2244 | Steps:  147 | Reward:   328.88
Total T:  153257 | Ep: 2245 | Steps:  143 | Reward:   323.70
Total T:  153399 | Ep: 2246 | Steps:  142 | Reward:   324.82
Total T:  153533 | Ep: 2247 | Steps:  134 | Reward:   320.04
Total T:  153674 | Ep: 2248 | Steps:  141 | Reward:   324.30
Total T:  153821 | Ep: 2249 | Steps:  147 | Reward:   333.22
Total T:  153960 | Ep: 2250 | Steps:  139 | Reward:   320.94
Total T:  154097 | Ep: 2251 | Steps:  137 | Reward:   321.51
Total T:  154237 | Ep: 2252 | Steps:  140 | Reward:   324.02
Total T:  154380 | Ep: 2253 | Steps:  143 | Reward:   327.17
Total T:  154522 | Ep: 2254 | Steps:  142 | Reward:   326.36
Total T:  154666 | Ep: 2255 | Steps:  144 | Reward:   328.98
Total T:  154810 | Ep: 2256 | Steps:  144 | Reward:   329.79
Total T:  154940 | Ep: 2257 | Steps:  130 | Reward:   310.73
Total T:  155077 | Ep: 2258 | Steps:  137 | Reward:   320.55
Total T:  155215 | Ep: 2259 | Steps:  138 | Reward:   324.17
Total T:  155349 | Ep: 2260 | Steps:  134 | Reward:   314.25
Total T:  155487 | Ep: 2261 | Steps:  138 | Reward:   321.99
Total T:  155605 | Ep: 2262 | Steps:  118 | Reward:   277.37
Total T:  155750 | Ep: 2263 | Steps:  145 | Reward:   330.92
Total T:  155890 | Ep: 2264 | Steps:  140 | Reward:   324.20
Total T:  156036 | Ep: 2265 | Steps:  146 | Reward:   330.69
Total T:  156173 | Ep: 2266 | Steps:  137 | Reward:   316.12
Total T:  156319 | Ep: 2267 | Steps:  146 | Reward:   329.29
Total T:  156460 | Ep: 2268 | Steps:  141 | Reward:   323.92
Total T:  156605 | Ep: 2269 | Steps:  145 | Reward:   327.14
Total T:  156743 | Ep: 2270 | Steps:  138 | Reward:   323.52
Total T:  156888 | Ep: 2271 | Steps:  145 | Reward:   329.86
Total T:  157029 | Ep: 2272 | Steps:  141 | Reward:   325.94
Total T:  157171 | Ep: 2273 | Steps:  142 | Reward:   330.44
Total T:  157307 | Ep: 2274 | Steps:  136 | Reward:   320.27
Total T:  157453 | Ep: 2275 | Steps:  146 | Reward:   330.54
Total T:  157593 | Ep: 2276 | Steps:  140 | Reward:   323.56
Total T:  157729 | Ep: 2277 | Steps:  136 | Reward:   320.91
Total T:  157866 | Ep: 2278 | Steps:  137 | Reward:   320.97
Total T:  158009 | Ep: 2279 | Steps:  143 | Reward:   326.83
Total T:  158164 | Ep: 2280 | Steps:  155 | Reward:   339.10
Total T:  158300 | Ep: 2281 | Steps:  136 | Reward:   322.64
Total T:  158441 | Ep: 2282 | Steps:  141 | Reward:   324.47
Total T:  158578 | Ep: 2283 | Steps:  137 | Reward:   321.27
Total T:  158711 | Ep: 2284 | Steps:  133 | Reward:   316.75
Total T:  158848 | Ep: 2285 | Steps:  137 | Reward:   323.45
Total T:  158990 | Ep: 2286 | Steps:  142 | Reward:   326.74
Total T:  159128 | Ep: 2287 | Steps:  138 | Reward:   320.77
Total T:  159265 | Ep: 2288 | Steps:  137 | Reward:   322.92
Total T:  159397 | Ep: 2289 | Steps:  132 | Reward:   314.46
Total T:  159536 | Ep: 2290 | Steps:  139 | Reward:   322.02
Total T:  159675 | Ep: 2291 | Steps:  139 | Reward:   320.60
Total T:  159813 | Ep: 2292 | Steps:  138 | Reward:   324.08
Total T:  159955 | Ep: 2293 | Steps:  142 | Reward:   325.04
---------------------------------------
Evaluation over 10 episodes: 324.660
---------------------------------------
Total T:  160103 | Ep: 2294 | Steps:  148 | Reward:   332.60
Total T:  160239 | Ep: 2295 | Steps:  136 | Reward:   318.26
Total T:  160376 | Ep: 2296 | Steps:  137 | Reward:   323.03
Total T:  160513 | Ep: 2297 | Steps:  137 | Reward:   322.82
Total T:  160647 | Ep: 2298 | Steps:  134 | Reward:   319.36
Total T:  160778 | Ep: 2299 | Steps:  131 | Reward:   310.28
Total T:  160923 | Ep: 2300 | Steps:  145 | Reward:   332.92
Total T:  161067 | Ep: 2301 | Steps:  144 | Reward:   332.26
Total T:  161213 | Ep: 2302 | Steps:  146 | Reward:   333.27
Total T:  161349 | Ep: 2303 | Steps:  136 | Reward:   319.81
Total T:  161485 | Ep: 2304 | Steps:  136 | Reward:   326.59
Total T:  161621 | Ep: 2305 | Steps:  136 | Reward:   322.16
Total T:  161764 | Ep: 2306 | Steps:  143 | Reward:   329.65
Total T:  161904 | Ep: 2307 | Steps:  140 | Reward:   327.14
Total T:  162040 | Ep: 2308 | Steps:  136 | Reward:   320.95
Total T:  162186 | Ep: 2309 | Steps:  146 | Reward:   331.35
Total T:  162321 | Ep: 2310 | Steps:  135 | Reward:   320.50
Total T:  162462 | Ep: 2311 | Steps:  141 | Reward:   326.37
Total T:  162601 | Ep: 2312 | Steps:  139 | Reward:   325.46
Total T:  162736 | Ep: 2313 | Steps:  135 | Reward:   320.25
Total T:  162873 | Ep: 2314 | Steps:  137 | Reward:   319.70
Total T:  163014 | Ep: 2315 | Steps:  141 | Reward:   326.98
Total T:  163156 | Ep: 2316 | Steps:  142 | Reward:   327.04
Total T:  163296 | Ep: 2317 | Steps:  140 | Reward:   323.39
Total T:  163432 | Ep: 2318 | Steps:  136 | Reward:   322.21
Total T:  163568 | Ep: 2319 | Steps:  136 | Reward:   326.41
Total T:  163707 | Ep: 2320 | Steps:  139 | Reward:   324.54
Total T:  163842 | Ep: 2321 | Steps:  135 | Reward:   315.77
Total T:  163973 | Ep: 2322 | Steps:  131 | Reward:   319.30
Total T:  164105 | Ep: 2323 | Steps:  132 | Reward:   321.39
Total T:  164242 | Ep: 2324 | Steps:  137 | Reward:   324.73
Total T:  164372 | Ep: 2325 | Steps:  130 | Reward:   313.38
Total T:  164507 | Ep: 2326 | Steps:  135 | Reward:   318.11
Total T:  164641 | Ep: 2327 | Steps:  134 | Reward:   320.76
Total T:  164775 | Ep: 2328 | Steps:  134 | Reward:   329.78
Total T:  164913 | Ep: 2329 | Steps:  138 | Reward:   323.18
Total T:  165046 | Ep: 2330 | Steps:  133 | Reward:   324.40
Total T:  165175 | Ep: 2331 | Steps:  129 | Reward:   317.56
Total T:  165307 | Ep: 2332 | Steps:  132 | Reward:   320.95
Total T:  165446 | Ep: 2333 | Steps:  139 | Reward:   331.57
Total T:  165578 | Ep: 2334 | Steps:  132 | Reward:   319.68
Total T:  165711 | Ep: 2335 | Steps:  133 | Reward:   318.66
Total T:  165857 | Ep: 2336 | Steps:  146 | Reward:   335.03
Total T:  165985 | Ep: 2337 | Steps:  128 | Reward:   313.03
Total T:  166113 | Ep: 2338 | Steps:  128 | Reward:   312.64
Total T:  166241 | Ep: 2339 | Steps:  128 | Reward:   313.99
Total T:  166374 | Ep: 2340 | Steps:  133 | Reward:   317.15
Total T:  166515 | Ep: 2341 | Steps:  141 | Reward:   326.72
Total T:  166643 | Ep: 2342 | Steps:  128 | Reward:   311.72
Total T:  166773 | Ep: 2343 | Steps:  130 | Reward:   312.90
Total T:  166905 | Ep: 2344 | Steps:  132 | Reward:   311.47
Total T:  167030 | Ep: 2345 | Steps:  125 | Reward:   308.63
Total T:  167156 | Ep: 2346 | Steps:  126 | Reward:   312.71
Total T:  167282 | Ep: 2347 | Steps:  126 | Reward:   316.89
Total T:  167418 | Ep: 2348 | Steps:  136 | Reward:   324.72
Total T:  167576 | Ep: 2349 | Steps:  158 | Reward:   348.80
Total T:  167699 | Ep: 2350 | Steps:  123 | Reward:   302.56
Total T:  167839 | Ep: 2351 | Steps:  140 | Reward:   334.40
Total T:  167966 | Ep: 2352 | Steps:  127 | Reward:   320.37
Total T:  168111 | Ep: 2353 | Steps:  145 | Reward:   328.92
Total T:  168244 | Ep: 2354 | Steps:  133 | Reward:   320.66
Total T:  168380 | Ep: 2355 | Steps:  136 | Reward:   318.04
Total T:  168515 | Ep: 2356 | Steps:  135 | Reward:   323.39
Total T:  168651 | Ep: 2357 | Steps:  136 | Reward:   319.73
Total T:  168790 | Ep: 2358 | Steps:  139 | Reward:   324.99
Total T:  168923 | Ep: 2359 | Steps:  133 | Reward:   321.79
Total T:  169042 | Ep: 2360 | Steps:  119 | Reward:   295.15
Total T:  169159 | Ep: 2361 | Steps:  117 | Reward:   288.28
Total T:  169286 | Ep: 2362 | Steps:  127 | Reward:   311.37
Total T:  169416 | Ep: 2363 | Steps:  130 | Reward:   323.23
Total T:  169545 | Ep: 2364 | Steps:  129 | Reward:   319.33
Total T:  169685 | Ep: 2365 | Steps:  140 | Reward:   326.34
Total T:  169816 | Ep: 2366 | Steps:  131 | Reward:   324.01
Total T:  169937 | Ep: 2367 | Steps:  121 | Reward:   303.51
---------------------------------------
Evaluation over 10 episodes: 319.300
---------------------------------------
Total T:  170085 | Ep: 2368 | Steps:  148 | Reward:   334.02
Total T:  170218 | Ep: 2369 | Steps:  133 | Reward:   321.87
Total T:  170350 | Ep: 2370 | Steps:  132 | Reward:   325.69
Total T:  170480 | Ep: 2371 | Steps:  130 | Reward:   316.80
Total T:  170601 | Ep: 2372 | Steps:  121 | Reward:   305.88
Total T:  170742 | Ep: 2373 | Steps:  141 | Reward:   329.11
Total T:  170875 | Ep: 2374 | Steps:  133 | Reward:   324.86
Total T:  171011 | Ep: 2375 | Steps:  136 | Reward:   320.42
Total T:  171138 | Ep: 2376 | Steps:  127 | Reward:   305.35
Total T:  171256 | Ep: 2377 | Steps:  118 | Reward:   290.17
Total T:  171396 | Ep: 2378 | Steps:  140 | Reward:   321.35
Total T:  171531 | Ep: 2379 | Steps:  135 | Reward:   321.87
Total T:  171652 | Ep: 2380 | Steps:  121 | Reward:   298.24
Total T:  171792 | Ep: 2381 | Steps:  140 | Reward:   325.79
Total T:  171908 | Ep: 2382 | Steps:  116 | Reward:   291.28
Total T:  172028 | Ep: 2383 | Steps:  120 | Reward:   305.28
Total T:  172170 | Ep: 2384 | Steps:  142 | Reward:   329.79
Total T:  172303 | Ep: 2385 | Steps:  133 | Reward:   326.18
Total T:  172433 | Ep: 2386 | Steps:  130 | Reward:   319.94
Total T:  172566 | Ep: 2387 | Steps:  133 | Reward:   320.31
Total T:  172713 | Ep: 2388 | Steps:  147 | Reward:   337.15
Total T:  172843 | Ep: 2389 | Steps:  130 | Reward:   320.78
Total T:  172965 | Ep: 2390 | Steps:  122 | Reward:   317.92
Total T:  173096 | Ep: 2391 | Steps:  131 | Reward:   320.76
Total T:  173224 | Ep: 2392 | Steps:  128 | Reward:   312.02
Total T:  173348 | Ep: 2393 | Steps:  124 | Reward:   301.72
Total T:  173479 | Ep: 2394 | Steps:  131 | Reward:   318.19
Total T:  173606 | Ep: 2395 | Steps:  127 | Reward:   311.66
Total T:  173723 | Ep: 2396 | Steps:  117 | Reward:   280.96
Total T:  173854 | Ep: 2397 | Steps:  131 | Reward:   323.43
Total T:  173988 | Ep: 2398 | Steps:  134 | Reward:   323.54
Total T:  174123 | Ep: 2399 | Steps:  135 | Reward:   324.65
Total T:  174254 | Ep: 2400 | Steps:  131 | Reward:   319.38
Total T:  174370 | Ep: 2401 | Steps:  116 | Reward:   270.83
Total T:  174505 | Ep: 2402 | Steps:  135 | Reward:   324.84
Total T:  174629 | Ep: 2403 | Steps:  124 | Reward:   308.75
Total T:  174763 | Ep: 2404 | Steps:  134 | Reward:   321.50
Total T:  174893 | Ep: 2405 | Steps:  130 | Reward:   312.11
Total T:  175021 | Ep: 2406 | Steps:  128 | Reward:   311.15
Total T:  175156 | Ep: 2407 | Steps:  135 | Reward:   323.55
Total T:  175290 | Ep: 2408 | Steps:  134 | Reward:   315.44
Total T:  175427 | Ep: 2409 | Steps:  137 | Reward:   323.56
Total T:  175560 | Ep: 2410 | Steps:  133 | Reward:   316.16
Total T:  175697 | Ep: 2411 | Steps:  137 | Reward:   327.83
Total T:  175827 | Ep: 2412 | Steps:  130 | Reward:   306.26
Total T:  175961 | Ep: 2413 | Steps:  134 | Reward:   323.12
Total T:  176097 | Ep: 2414 | Steps:  136 | Reward:   324.33
Total T:  176220 | Ep: 2415 | Steps:  123 | Reward:   292.65
Total T:  176356 | Ep: 2416 | Steps:  136 | Reward:   326.67
Total T:  176491 | Ep: 2417 | Steps:  135 | Reward:   321.48
Total T:  176628 | Ep: 2418 | Steps:  137 | Reward:   322.05
Total T:  176764 | Ep: 2419 | Steps:  136 | Reward:   326.93
Total T:  176900 | Ep: 2420 | Steps:  136 | Reward:   324.83
Total T:  177035 | Ep: 2421 | Steps:  135 | Reward:   319.62
Total T:  177173 | Ep: 2422 | Steps:  138 | Reward:   324.68
Total T:  177314 | Ep: 2423 | Steps:  141 | Reward:   329.34
Total T:  177450 | Ep: 2424 | Steps:  136 | Reward:   324.49
Total T:  177588 | Ep: 2425 | Steps:  138 | Reward:   323.80
Total T:  177725 | Ep: 2426 | Steps:  137 | Reward:   323.27
Total T:  177852 | Ep: 2427 | Steps:  127 | Reward:   316.15
Total T:  177988 | Ep: 2428 | Steps:  136 | Reward:   317.52
Total T:  178124 | Ep: 2429 | Steps:  136 | Reward:   323.66
Total T:  178248 | Ep: 2430 | Steps:  124 | Reward:   305.25
Total T:  178384 | Ep: 2431 | Steps:  136 | Reward:   326.71
Total T:  178522 | Ep: 2432 | Steps:  138 | Reward:   321.62
Total T:  178663 | Ep: 2433 | Steps:  141 | Reward:   328.96
Total T:  178795 | Ep: 2434 | Steps:  132 | Reward:   318.38
Total T:  178930 | Ep: 2435 | Steps:  135 | Reward:   323.00
Total T:  179064 | Ep: 2436 | Steps:  134 | Reward:   321.19
Total T:  179199 | Ep: 2437 | Steps:  135 | Reward:   322.23
Total T:  179335 | Ep: 2438 | Steps:  136 | Reward:   326.99
Total T:  179472 | Ep: 2439 | Steps:  137 | Reward:   318.74
Total T:  179611 | Ep: 2440 | Steps:  139 | Reward:   329.95
Total T:  179758 | Ep: 2441 | Steps:  147 | Reward:   332.25
Total T:  179893 | Ep: 2442 | Steps:  135 | Reward:   326.24
---------------------------------------
Evaluation over 10 episodes: 326.962
---------------------------------------
Total T:  180036 | Ep: 2443 | Steps:  143 | Reward:   329.45
Total T:  180171 | Ep: 2444 | Steps:  135 | Reward:   319.82
Total T:  180306 | Ep: 2445 | Steps:  135 | Reward:   325.38
Total T:  180436 | Ep: 2446 | Steps:  130 | Reward:   320.48
Total T:  180581 | Ep: 2447 | Steps:  145 | Reward:   330.46
Total T:  180717 | Ep: 2448 | Steps:  136 | Reward:   322.12
Total T:  180852 | Ep: 2449 | Steps:  135 | Reward:   324.98
Total T:  180996 | Ep: 2450 | Steps:  144 | Reward:   334.92
Total T:  181139 | Ep: 2451 | Steps:  143 | Reward:   331.58
Total T:  181283 | Ep: 2452 | Steps:  144 | Reward:   331.59
Total T:  181414 | Ep: 2453 | Steps:  131 | Reward:   317.93
Total T:  181545 | Ep: 2454 | Steps:  131 | Reward:   316.83
Total T:  181684 | Ep: 2455 | Steps:  139 | Reward:   325.06
Total T:  181819 | Ep: 2456 | Steps:  135 | Reward:   320.30
Total T:  181958 | Ep: 2457 | Steps:  139 | Reward:   324.63
Total T:  182098 | Ep: 2458 | Steps:  140 | Reward:   325.76
Total T:  182240 | Ep: 2459 | Steps:  142 | Reward:   326.56
Total T:  182393 | Ep: 2460 | Steps:  153 | Reward:   344.95
Total T:  182539 | Ep: 2461 | Steps:  146 | Reward:   333.81
Total T:  182676 | Ep: 2462 | Steps:  137 | Reward:   323.91
Total T:  182806 | Ep: 2463 | Steps:  130 | Reward:   324.05
Total T:  182946 | Ep: 2464 | Steps:  140 | Reward:   326.27
Total T:  183096 | Ep: 2465 | Steps:  150 | Reward:   338.59
Total T:  183240 | Ep: 2466 | Steps:  144 | Reward:   329.24
Total T:  183387 | Ep: 2467 | Steps:  147 | Reward:   334.21
Total T:  183539 | Ep: 2468 | Steps:  152 | Reward:   340.22
Total T:  183678 | Ep: 2469 | Steps:  139 | Reward:   327.17
Total T:  183822 | Ep: 2470 | Steps:  144 | Reward:   330.91
Total T:  183979 | Ep: 2471 | Steps:  157 | Reward:   346.46
Total T:  184114 | Ep: 2472 | Steps:  135 | Reward:   328.88
Total T:  184252 | Ep: 2473 | Steps:  138 | Reward:   332.67
Total T:  184417 | Ep: 2474 | Steps:  165 | Reward:   359.14
Total T:  184577 | Ep: 2475 | Steps:  160 | Reward:   353.67
Total T:  184712 | Ep: 2476 | Steps:  135 | Reward:   333.46
Total T:  184850 | Ep: 2477 | Steps:  138 | Reward:   332.27
Total T:  184996 | Ep: 2478 | Steps:  146 | Reward:   332.24
Total T:  185138 | Ep: 2479 | Steps:  142 | Reward:   326.85
Total T:  185293 | Ep: 2480 | Steps:  155 | Reward:   346.98
Total T:  185444 | Ep: 2481 | Steps:  151 | Reward:   342.92
Total T:  185598 | Ep: 2482 | Steps:  154 | Reward:   342.84
Total T:  185746 | Ep: 2483 | Steps:  148 | Reward:   336.38
Total T:  185899 | Ep: 2484 | Steps:  153 | Reward:   339.51
Total T:  186038 | Ep: 2485 | Steps:  139 | Reward:   329.48
Total T:  186173 | Ep: 2486 | Steps:  135 | Reward:   331.01
Total T:  186327 | Ep: 2487 | Steps:  154 | Reward:   341.66
Total T:  186469 | Ep: 2488 | Steps:  142 | Reward:   329.49
Total T:  186611 | Ep: 2489 | Steps:  142 | Reward:   328.44
Total T:  186768 | Ep: 2490 | Steps:  157 | Reward:   343.80
Total T:  186902 | Ep: 2491 | Steps:  134 | Reward:   328.99
Total T:  187039 | Ep: 2492 | Steps:  137 | Reward:   329.28
Total T:  187178 | Ep: 2493 | Steps:  139 | Reward:   327.80
Total T:  187314 | Ep: 2494 | Steps:  136 | Reward:   327.64
Total T:  187474 | Ep: 2495 | Steps:  160 | Reward:   347.42
Total T:  187605 | Ep: 2496 | Steps:  131 | Reward:   324.46
Total T:  187744 | Ep: 2497 | Steps:  139 | Reward:   326.81
Total T:  187905 | Ep: 2498 | Steps:  161 | Reward:   349.93
Total T:  188054 | Ep: 2499 | Steps:  149 | Reward:   336.38
Total T:  188189 | Ep: 2500 | Steps:  135 | Reward:   324.09
Total T:  188329 | Ep: 2501 | Steps:  140 | Reward:   333.39
Total T:  188482 | Ep: 2502 | Steps:  153 | Reward:   339.04
Total T:  188622 | Ep: 2503 | Steps:  140 | Reward:   328.07
Total T:  188769 | Ep: 2504 | Steps:  147 | Reward:   341.17
Total T:  188923 | Ep: 2505 | Steps:  154 | Reward:   341.65
Total T:  189068 | Ep: 2506 | Steps:  145 | Reward:   334.60
Total T:  189233 | Ep: 2507 | Steps:  165 | Reward:   357.51
Total T:  189378 | Ep: 2508 | Steps:  145 | Reward:   340.07
Total T:  189533 | Ep: 2509 | Steps:  155 | Reward:   343.44
Total T:  189667 | Ep: 2510 | Steps:  134 | Reward:   325.65
Total T:  189810 | Ep: 2511 | Steps:  143 | Reward:   334.26
Total T:  189946 | Ep: 2512 | Steps:  136 | Reward:   333.83
---------------------------------------
Evaluation over 10 episodes: 332.541
---------------------------------------
Total T:  190083 | Ep: 2513 | Steps:  137 | Reward:   326.05
Total T:  190251 | Ep: 2514 | Steps:  168 | Reward:   365.55
Total T:  190272 | Ep: 2515 | Steps:   21 | Reward:    26.42
Total T:  190429 | Ep: 2516 | Steps:  157 | Reward:   343.57
Total T:  190573 | Ep: 2517 | Steps:  144 | Reward:   330.10
Total T:  190713 | Ep: 2518 | Steps:  140 | Reward:   327.66
Total T:  190856 | Ep: 2519 | Steps:  143 | Reward:   328.82
Total T:  190997 | Ep: 2520 | Steps:  141 | Reward:   334.32
Total T:  191141 | Ep: 2521 | Steps:  144 | Reward:   335.90
Total T:  191275 | Ep: 2522 | Steps:  134 | Reward:   329.83
Total T:  191411 | Ep: 2523 | Steps:  136 | Reward:   330.79
Total T:  191550 | Ep: 2524 | Steps:  139 | Reward:   329.01
Total T:  191691 | Ep: 2525 | Steps:  141 | Reward:   326.24
Total T:  191829 | Ep: 2526 | Steps:  138 | Reward:   327.91
Total T:  191991 | Ep: 2527 | Steps:  162 | Reward:   350.42
Total T:  192129 | Ep: 2528 | Steps:  138 | Reward:   333.92
Total T:  192266 | Ep: 2529 | Steps:  137 | Reward:   335.54
Total T:  192402 | Ep: 2530 | Steps:  136 | Reward:   330.15
Total T:  192548 | Ep: 2531 | Steps:  146 | Reward:   338.08
Total T:  192684 | Ep: 2532 | Steps:  136 | Reward:   334.33
Total T:  192824 | Ep: 2533 | Steps:  140 | Reward:   334.58
Total T:  192965 | Ep: 2534 | Steps:  141 | Reward:   327.49
Total T:  193109 | Ep: 2535 | Steps:  144 | Reward:   337.34
Total T:  193256 | Ep: 2536 | Steps:  147 | Reward:   341.37
Total T:  193402 | Ep: 2537 | Steps:  146 | Reward:   332.96
Total T:  193549 | Ep: 2538 | Steps:  147 | Reward:   336.46
Total T:  193703 | Ep: 2539 | Steps:  154 | Reward:   345.19
Total T:  193847 | Ep: 2540 | Steps:  144 | Reward:   335.13
Total T:  193995 | Ep: 2541 | Steps:  148 | Reward:   340.84
Total T:  194138 | Ep: 2542 | Steps:  143 | Reward:   336.85
Total T:  194283 | Ep: 2543 | Steps:  145 | Reward:   333.32
Total T:  194428 | Ep: 2544 | Steps:  145 | Reward:   338.25
Total T:  194553 | Ep: 2545 | Steps:  125 | Reward:   312.04
Total T:  194702 | Ep: 2546 | Steps:  149 | Reward:   338.16
Total T:  194854 | Ep: 2547 | Steps:  152 | Reward:   339.96
Total T:  194986 | Ep: 2548 | Steps:  132 | Reward:   320.83
Total T:  195142 | Ep: 2549 | Steps:  156 | Reward:   345.09
Total T:  195282 | Ep: 2550 | Steps:  140 | Reward:   332.04
Total T:  195420 | Ep: 2551 | Steps:  138 | Reward:   333.60
Total T:  195568 | Ep: 2552 | Steps:  148 | Reward:   336.29
Total T:  195742 | Ep: 2553 | Steps:  174 | Reward:   364.20
Total T:  195899 | Ep: 2554 | Steps:  157 | Reward:   345.26
Total T:  196054 | Ep: 2555 | Steps:  155 | Reward:   341.99
Total T:  196194 | Ep: 2556 | Steps:  140 | Reward:   329.20
Total T:  196343 | Ep: 2557 | Steps:  149 | Reward:   338.73
Total T:  196502 | Ep: 2558 | Steps:  159 | Reward:   347.78
Total T:  196632 | Ep: 2559 | Steps:  130 | Reward:   316.46
Total T:  196771 | Ep: 2560 | Steps:  139 | Reward:   328.87
Total T:  196915 | Ep: 2561 | Steps:  144 | Reward:   331.16
Total T:  197056 | Ep: 2562 | Steps:  141 | Reward:   331.80
Total T:  197219 | Ep: 2563 | Steps:  163 | Reward:   353.59
Total T:  197353 | Ep: 2564 | Steps:  134 | Reward:   328.39
Total T:  197513 | Ep: 2565 | Steps:  160 | Reward:   343.00
Total T:  197703 | Ep: 2566 | Steps:  190 | Reward:   381.24
Total T:  197863 | Ep: 2567 | Steps:  160 | Reward:   346.51
Total T:  198006 | Ep: 2568 | Steps:  143 | Reward:   331.42
Total T:  198147 | Ep: 2569 | Steps:  141 | Reward:   331.59
Total T:  198280 | Ep: 2570 | Steps:  133 | Reward:   325.55
Total T:  198426 | Ep: 2571 | Steps:  146 | Reward:   329.77
Total T:  198573 | Ep: 2572 | Steps:  147 | Reward:   332.81
Total T:  198719 | Ep: 2573 | Steps:  146 | Reward:   332.10
Total T:  198857 | Ep: 2574 | Steps:  138 | Reward:   324.15
Total T:  199002 | Ep: 2575 | Steps:  145 | Reward:   331.45
Total T:  199156 | Ep: 2576 | Steps:  154 | Reward:   339.56
Total T:  199291 | Ep: 2577 | Steps:  135 | Reward:   323.81
Total T:  199422 | Ep: 2578 | Steps:  131 | Reward:   324.43
Total T:  199581 | Ep: 2579 | Steps:  159 | Reward:   348.34
Total T:  199707 | Ep: 2580 | Steps:  126 | Reward:   317.68
Total T:  199858 | Ep: 2581 | Steps:  151 | Reward:   339.26
Total T:  199986 | Ep: 2582 | Steps:  128 | Reward:   319.03
---------------------------------------
Evaluation over 10 episodes: 331.135
---------------------------------------
Total T:  200130 | Ep: 2583 | Steps:  144 | Reward:   328.23
Total T:  200262 | Ep: 2584 | Steps:  132 | Reward:   325.75
Total T:  200406 | Ep: 2585 | Steps:  144 | Reward:   330.29
Total T:  200544 | Ep: 2586 | Steps:  138 | Reward:   321.38
Total T:  200700 | Ep: 2587 | Steps:  156 | Reward:   343.10
Total T:  200854 | Ep: 2588 | Steps:  154 | Reward:   341.76
Total T:  200990 | Ep: 2589 | Steps:  136 | Reward:   334.54
Total T:  201155 | Ep: 2590 | Steps:  165 | Reward:   354.89
Total T:  201290 | Ep: 2591 | Steps:  135 | Reward:   331.62
Total T:  201447 | Ep: 2592 | Steps:  157 | Reward:   349.32
Total T:  201579 | Ep: 2593 | Steps:  132 | Reward:   327.86
Total T:  201716 | Ep: 2594 | Steps:  137 | Reward:   328.19
Total T:  201849 | Ep: 2595 | Steps:  133 | Reward:   328.20
Total T:  201980 | Ep: 2596 | Steps:  131 | Reward:   326.59
Total T:  202106 | Ep: 2597 | Steps:  126 | Reward:   313.73
Total T:  202252 | Ep: 2598 | Steps:  146 | Reward:   335.12
Total T:  202415 | Ep: 2599 | Steps:  163 | Reward:   349.72
Total T:  202552 | Ep: 2600 | Steps:  137 | Reward:   336.78
Total T:  202691 | Ep: 2601 | Steps:  139 | Reward:   335.72
Total T:  202846 | Ep: 2602 | Steps:  155 | Reward:   344.79
Total T:  202969 | Ep: 2603 | Steps:  123 | Reward:   310.29
Total T:  203117 | Ep: 2604 | Steps:  148 | Reward:   340.81
Total T:  203250 | Ep: 2605 | Steps:  133 | Reward:   316.73
Total T:  203405 | Ep: 2606 | Steps:  155 | Reward:   342.25
Total T:  203549 | Ep: 2607 | Steps:  144 | Reward:   327.81
Total T:  203695 | Ep: 2608 | Steps:  146 | Reward:   335.73
Total T:  203830 | Ep: 2609 | Steps:  135 | Reward:   320.58
Total T:  203959 | Ep: 2610 | Steps:  129 | Reward:   321.39
Total T:  204111 | Ep: 2611 | Steps:  152 | Reward:   339.59
Total T:  204249 | Ep: 2612 | Steps:  138 | Reward:   319.04
Total T:  204384 | Ep: 2613 | Steps:  135 | Reward:   313.75
Total T:  204541 | Ep: 2614 | Steps:  157 | Reward:   348.22
Total T:  204707 | Ep: 2615 | Steps:  166 | Reward:   354.36
Total T:  204858 | Ep: 2616 | Steps:  151 | Reward:   338.73
Total T:  205010 | Ep: 2617 | Steps:  152 | Reward:   341.22
Total T:  205168 | Ep: 2618 | Steps:  158 | Reward:   347.82
Total T:  205292 | Ep: 2619 | Steps:  124 | Reward:   313.77
Total T:  205441 | Ep: 2620 | Steps:  149 | Reward:   334.09
Total T:  205595 | Ep: 2621 | Steps:  154 | Reward:   345.00
Total T:  205742 | Ep: 2622 | Steps:  147 | Reward:   338.90
Total T:  205886 | Ep: 2623 | Steps:  144 | Reward:   332.49
Total T:  206037 | Ep: 2624 | Steps:  151 | Reward:   339.79
Total T:  206187 | Ep: 2625 | Steps:  150 | Reward:   337.30
Total T:  206315 | Ep: 2626 | Steps:  128 | Reward:   319.14
Total T:  206473 | Ep: 2627 | Steps:  158 | Reward:   348.01
Total T:  206621 | Ep: 2628 | Steps:  148 | Reward:   338.12
Total T:  206789 | Ep: 2629 | Steps:  168 | Reward:   361.35
Total T:  206939 | Ep: 2630 | Steps:  150 | Reward:   342.58
Total T:  207078 | Ep: 2631 | Steps:  139 | Reward:   323.42
Total T:  207230 | Ep: 2632 | Steps:  152 | Reward:   342.22
Total T:  207372 | Ep: 2633 | Steps:  142 | Reward:   321.33
Total T:  207504 | Ep: 2634 | Steps:  132 | Reward:   323.81
Total T:  207656 | Ep: 2635 | Steps:  152 | Reward:   341.24
Total T:  207821 | Ep: 2636 | Steps:  165 | Reward:   355.40
Total T:  207992 | Ep: 2637 | Steps:  171 | Reward:   361.48
Total T:  208139 | Ep: 2638 | Steps:  147 | Reward:   335.36
Total T:  208316 | Ep: 2639 | Steps:  177 | Reward:   371.17
Total T:  208455 | Ep: 2640 | Steps:  139 | Reward:   322.93
Total T:  208615 | Ep: 2641 | Steps:  160 | Reward:   350.42
Total T:  208781 | Ep: 2642 | Steps:  166 | Reward:   359.07
Total T:  208928 | Ep: 2643 | Steps:  147 | Reward:   333.13
Total T:  209097 | Ep: 2644 | Steps:  169 | Reward:   360.72
Total T:  209239 | Ep: 2645 | Steps:  142 | Reward:   321.06
Total T:  209394 | Ep: 2646 | Steps:  155 | Reward:   340.57
Total T:  209557 | Ep: 2647 | Steps:  163 | Reward:   355.30
Total T:  209721 | Ep: 2648 | Steps:  164 | Reward:   352.86
Total T:  209892 | Ep: 2649 | Steps:  171 | Reward:   360.99
---------------------------------------
Evaluation over 10 episodes: 343.772
---------------------------------------
Total T:  210040 | Ep: 2650 | Steps:  148 | Reward:   330.27
Total T:  210203 | Ep: 2651 | Steps:  163 | Reward:   349.45
Total T:  210344 | Ep: 2652 | Steps:  141 | Reward:   327.11
Total T:  210522 | Ep: 2653 | Steps:  178 | Reward:   371.74
Total T:  210693 | Ep: 2654 | Steps:  171 | Reward:   362.57
Total T:  210855 | Ep: 2655 | Steps:  162 | Reward:   349.24
Total T:  211015 | Ep: 2656 | Steps:  160 | Reward:   348.99
Total T:  211184 | Ep: 2657 | Steps:  169 | Reward:   360.42
Total T:  211348 | Ep: 2658 | Steps:  164 | Reward:   357.33
Total T:  211502 | Ep: 2659 | Steps:  154 | Reward:   340.74
Total T:  211641 | Ep: 2660 | Steps:  139 | Reward:   327.47
Total T:  211792 | Ep: 2661 | Steps:  151 | Reward:   337.34
Total T:  211943 | Ep: 2662 | Steps:  151 | Reward:   336.48
Total T:  212096 | Ep: 2663 | Steps:  153 | Reward:   340.45
Total T:  212242 | Ep: 2664 | Steps:  146 | Reward:   333.57
Total T:  212414 | Ep: 2665 | Steps:  172 | Reward:   363.95
Total T:  212574 | Ep: 2666 | Steps:  160 | Reward:   349.02
Total T:  212724 | Ep: 2667 | Steps:  150 | Reward:   340.32
Total T:  212882 | Ep: 2668 | Steps:  158 | Reward:   349.20
Total T:  213023 | Ep: 2669 | Steps:  141 | Reward:   323.98
Total T:  213172 | Ep: 2670 | Steps:  149 | Reward:   337.39
Total T:  213307 | Ep: 2671 | Steps:  135 | Reward:   320.64
Total T:  213459 | Ep: 2672 | Steps:  152 | Reward:   338.58
Total T:  213595 | Ep: 2673 | Steps:  136 | Reward:   327.38
Total T:  213739 | Ep: 2674 | Steps:  144 | Reward:   327.09
Total T:  213876 | Ep: 2675 | Steps:  137 | Reward:   327.19
Total T:  214032 | Ep: 2676 | Steps:  156 | Reward:   344.31
Total T:  214189 | Ep: 2677 | Steps:  157 | Reward:   343.37
Total T:  214340 | Ep: 2678 | Steps:  151 | Reward:   340.02
Total T:  214474 | Ep: 2679 | Steps:  134 | Reward:   325.83
Total T:  214632 | Ep: 2680 | Steps:  158 | Reward:   347.73
Total T:  214780 | Ep: 2681 | Steps:  148 | Reward:   332.86
Total T:  214934 | Ep: 2682 | Steps:  154 | Reward:   339.96
Total T:  215090 | Ep: 2683 | Steps:  156 | Reward:   338.76
Total T:  215222 | Ep: 2684 | Steps:  132 | Reward:   324.51
Total T:  215378 | Ep: 2685 | Steps:  156 | Reward:   344.97
Total T:  215532 | Ep: 2686 | Steps:  154 | Reward:   337.16
Total T:  215679 | Ep: 2687 | Steps:  147 | Reward:   330.24
Total T:  215827 | Ep: 2688 | Steps:  148 | Reward:   332.69
Total T:  215959 | Ep: 2689 | Steps:  132 | Reward:   320.06
Total T:  216090 | Ep: 2690 | Steps:  131 | Reward:   320.59
Total T:  216224 | Ep: 2691 | Steps:  134 | Reward:   324.32
Total T:  216355 | Ep: 2692 | Steps:  131 | Reward:   315.33
Total T:  216487 | Ep: 2693 | Steps:  132 | Reward:   320.61
Total T:  216636 | Ep: 2694 | Steps:  149 | Reward:   335.86
Total T:  216780 | Ep: 2695 | Steps:  144 | Reward:   331.88
Total T:  216944 | Ep: 2696 | Steps:  164 | Reward:   353.35
Total T:  217081 | Ep: 2697 | Steps:  137 | Reward:   336.04
Total T:  217216 | Ep: 2698 | Steps:  135 | Reward:   320.79
Total T:  217361 | Ep: 2699 | Steps:  145 | Reward:   332.60
Total T:  217524 | Ep: 2700 | Steps:  163 | Reward:   353.27
Total T:  217654 | Ep: 2701 | Steps:  130 | Reward:   323.33
Total T:  217802 | Ep: 2702 | Steps:  148 | Reward:   333.05
Total T:  217947 | Ep: 2703 | Steps:  145 | Reward:   331.13
Total T:  218102 | Ep: 2704 | Steps:  155 | Reward:   341.99
Total T:  218246 | Ep: 2705 | Steps:  144 | Reward:   328.53
Total T:  218391 | Ep: 2706 | Steps:  145 | Reward:   333.39
Total T:  218530 | Ep: 2707 | Steps:  139 | Reward:   329.38
Total T:  218671 | Ep: 2708 | Steps:  141 | Reward:   326.33
Total T:  218833 | Ep: 2709 | Steps:  162 | Reward:   346.20
Total T:  218968 | Ep: 2710 | Steps:  135 | Reward:   327.42
Total T:  219107 | Ep: 2711 | Steps:  139 | Reward:   327.02
Total T:  219244 | Ep: 2712 | Steps:  137 | Reward:   333.40
Total T:  219377 | Ep: 2713 | Steps:  133 | Reward:   325.16
Total T:  219510 | Ep: 2714 | Steps:  133 | Reward:   329.67
Total T:  219668 | Ep: 2715 | Steps:  158 | Reward:   346.40
Total T:  219803 | Ep: 2716 | Steps:  135 | Reward:   331.19
Total T:  219936 | Ep: 2717 | Steps:  133 | Reward:   326.47
---------------------------------------
Evaluation over 10 episodes: 349.633
---------------------------------------
Total T:  220080 | Ep: 2718 | Steps:  144 | Reward:   337.87
Total T:  220234 | Ep: 2719 | Steps:  154 | Reward:   343.92
Total T:  220385 | Ep: 2720 | Steps:  151 | Reward:   339.12
Total T:  220515 | Ep: 2721 | Steps:  130 | Reward:   318.89
Total T:  220654 | Ep: 2722 | Steps:  139 | Reward:   326.62
Total T:  220802 | Ep: 2723 | Steps:  148 | Reward:   338.77
Total T:  220936 | Ep: 2724 | Steps:  134 | Reward:   327.50
Total T:  221087 | Ep: 2725 | Steps:  151 | Reward:   340.48
Total T:  221225 | Ep: 2726 | Steps:  138 | Reward:   329.02
Total T:  221376 | Ep: 2727 | Steps:  151 | Reward:   337.11
Total T:  221535 | Ep: 2728 | Steps:  159 | Reward:   346.80
Total T:  221694 | Ep: 2729 | Steps:  159 | Reward:   350.66
Total T:  221854 | Ep: 2730 | Steps:  160 | Reward:   348.52
Total T:  221996 | Ep: 2731 | Steps:  142 | Reward:   322.12
Total T:  222145 | Ep: 2732 | Steps:  149 | Reward:   333.28
Total T:  222317 | Ep: 2733 | Steps:  172 | Reward:   365.09
Total T:  222461 | Ep: 2734 | Steps:  144 | Reward:   330.57
Total T:  222617 | Ep: 2735 | Steps:  156 | Reward:   342.74
Total T:  222762 | Ep: 2736 | Steps:  145 | Reward:   331.29
Total T:  222894 | Ep: 2737 | Steps:  132 | Reward:   325.84
Total T:  223028 | Ep: 2738 | Steps:  134 | Reward:   323.42
Total T:  223153 | Ep: 2739 | Steps:  125 | Reward:   314.95
Total T:  223293 | Ep: 2740 | Steps:  140 | Reward:   325.58
Total T:  223423 | Ep: 2741 | Steps:  130 | Reward:   319.03
Total T:  223555 | Ep: 2742 | Steps:  132 | Reward:   324.81
Total T:  223686 | Ep: 2743 | Steps:  131 | Reward:   323.39
Total T:  223822 | Ep: 2744 | Steps:  136 | Reward:   331.92
Total T:  223977 | Ep: 2745 | Steps:  155 | Reward:   339.62
Total T:  224111 | Ep: 2746 | Steps:  134 | Reward:   326.55
Total T:  224246 | Ep: 2747 | Steps:  135 | Reward:   322.25
Total T:  224377 | Ep: 2748 | Steps:  131 | Reward:   329.38
Total T:  224511 | Ep: 2749 | Steps:  134 | Reward:   322.90
Total T:  224645 | Ep: 2750 | Steps:  134 | Reward:   322.73
Total T:  224778 | Ep: 2751 | Steps:  133 | Reward:   326.61
Total T:  224930 | Ep: 2752 | Steps:  152 | Reward:   339.69
Total T:  225065 | Ep: 2753 | Steps:  135 | Reward:   332.28
Total T:  225200 | Ep: 2754 | Steps:  135 | Reward:   330.24
Total T:  225337 | Ep: 2755 | Steps:  137 | Reward:   328.42
Total T:  225486 | Ep: 2756 | Steps:  149 | Reward:   337.37
Total T:  225627 | Ep: 2757 | Steps:  141 | Reward:   326.83
Total T:  225762 | Ep: 2758 | Steps:  135 | Reward:   329.49
Total T:  225894 | Ep: 2759 | Steps:  132 | Reward:   320.15
Total T:  226027 | Ep: 2760 | Steps:  133 | Reward:   328.74
Total T:  226163 | Ep: 2761 | Steps:  136 | Reward:   330.14
Total T:  226290 | Ep: 2762 | Steps:  127 | Reward:   318.16
Total T:  226427 | Ep: 2763 | Steps:  137 | Reward:   325.08
Total T:  226560 | Ep: 2764 | Steps:  133 | Reward:   323.11
Total T:  226694 | Ep: 2765 | Steps:  134 | Reward:   324.95
Total T:  226830 | Ep: 2766 | Steps:  136 | Reward:   327.42
Total T:  226958 | Ep: 2767 | Steps:  128 | Reward:   319.05
Total T:  227091 | Ep: 2768 | Steps:  133 | Reward:   324.33
Total T:  227229 | Ep: 2769 | Steps:  138 | Reward:   327.47
Total T:  227355 | Ep: 2770 | Steps:  126 | Reward:   315.70
Total T:  227492 | Ep: 2771 | Steps:  137 | Reward:   326.33
Total T:  227618 | Ep: 2772 | Steps:  126 | Reward:   315.93
Total T:  227765 | Ep: 2773 | Steps:  147 | Reward:   333.33
Total T:  227915 | Ep: 2774 | Steps:  150 | Reward:   342.27
Total T:  228065 | Ep: 2775 | Steps:  150 | Reward:   336.62
Total T:  228201 | Ep: 2776 | Steps:  136 | Reward:   325.86
Total T:  228335 | Ep: 2777 | Steps:  134 | Reward:   321.38
Total T:  228470 | Ep: 2778 | Steps:  135 | Reward:   325.67
Total T:  228605 | Ep: 2779 | Steps:  135 | Reward:   323.25
Total T:  228747 | Ep: 2780 | Steps:  142 | Reward:   330.80
Total T:  228898 | Ep: 2781 | Steps:  151 | Reward:   342.31
Total T:  229035 | Ep: 2782 | Steps:  137 | Reward:   327.64
Total T:  229186 | Ep: 2783 | Steps:  151 | Reward:   339.50
Total T:  229340 | Ep: 2784 | Steps:  154 | Reward:   341.79
Total T:  229485 | Ep: 2785 | Steps:  145 | Reward:   334.77
Total T:  229627 | Ep: 2786 | Steps:  142 | Reward:   330.33
Total T:  229785 | Ep: 2787 | Steps:  158 | Reward:   349.44
Total T:  229917 | Ep: 2788 | Steps:  132 | Reward:   321.05
---------------------------------------
Evaluation over 10 episodes: 320.618
---------------------------------------
Total T:  230051 | Ep: 2789 | Steps:  134 | Reward:   322.18
Total T:  230201 | Ep: 2790 | Steps:  150 | Reward:   338.66
Total T:  230353 | Ep: 2791 | Steps:  152 | Reward:   341.59
Total T:  230497 | Ep: 2792 | Steps:  144 | Reward:   332.74
Total T:  230626 | Ep: 2793 | Steps:  129 | Reward:   318.69
Total T:  230779 | Ep: 2794 | Steps:  153 | Reward:   342.45
Total T:  230931 | Ep: 2795 | Steps:  152 | Reward:   337.71
Total T:  231068 | Ep: 2796 | Steps:  137 | Reward:   323.61
Total T:  231215 | Ep: 2797 | Steps:  147 | Reward:   336.24
Total T:  231366 | Ep: 2798 | Steps:  151 | Reward:   341.83
Total T:  231501 | Ep: 2799 | Steps:  135 | Reward:   326.92
Total T:  231636 | Ep: 2800 | Steps:  135 | Reward:   324.49
Total T:  231779 | Ep: 2801 | Steps:  143 | Reward:   331.63
Total T:  231930 | Ep: 2802 | Steps:  151 | Reward:   340.72
Total T:  232074 | Ep: 2803 | Steps:  144 | Reward:   331.63
Total T:  232226 | Ep: 2804 | Steps:  152 | Reward:   340.84
Total T:  232372 | Ep: 2805 | Steps:  146 | Reward:   335.19
Total T:  232522 | Ep: 2806 | Steps:  150 | Reward:   338.65
Total T:  232674 | Ep: 2807 | Steps:  152 | Reward:   343.96
Total T:  232821 | Ep: 2808 | Steps:  147 | Reward:   333.97
Total T:  232970 | Ep: 2809 | Steps:  149 | Reward:   338.57
Total T:  233107 | Ep: 2810 | Steps:  137 | Reward:   324.47
Total T:  233260 | Ep: 2811 | Steps:  153 | Reward:   343.23
Total T:  233408 | Ep: 2812 | Steps:  148 | Reward:   333.99
Total T:  233553 | Ep: 2813 | Steps:  145 | Reward:   331.37
Total T:  233704 | Ep: 2814 | Steps:  151 | Reward:   343.55
Total T:  233854 | Ep: 2815 | Steps:  150 | Reward:   338.64
Total T:  233997 | Ep: 2816 | Steps:  143 | Reward:   327.57
Total T:  234135 | Ep: 2817 | Steps:  138 | Reward:   328.24
Total T:  234283 | Ep: 2818 | Steps:  148 | Reward:   337.51
Total T:  234435 | Ep: 2819 | Steps:  152 | Reward:   341.04
Total T:  234584 | Ep: 2820 | Steps:  149 | Reward:   339.40
Total T:  234733 | Ep: 2821 | Steps:  149 | Reward:   342.50
Total T:  234891 | Ep: 2822 | Steps:  158 | Reward:   349.11
Total T:  235043 | Ep: 2823 | Steps:  152 | Reward:   335.02
Total T:  235194 | Ep: 2824 | Steps:  151 | Reward:   342.20
Total T:  235344 | Ep: 2825 | Steps:  150 | Reward:   339.84
Total T:  235494 | Ep: 2826 | Steps:  150 | Reward:   337.93
Total T:  235646 | Ep: 2827 | Steps:  152 | Reward:   339.80
Total T:  235797 | Ep: 2828 | Steps:  151 | Reward:   338.27
Total T:  235949 | Ep: 2829 | Steps:  152 | Reward:   340.16
Total T:  236103 | Ep: 2830 | Steps:  154 | Reward:   344.21
Total T:  236254 | Ep: 2831 | Steps:  151 | Reward:   339.98
Total T:  236409 | Ep: 2832 | Steps:  155 | Reward:   345.79
Total T:  236561 | Ep: 2833 | Steps:  152 | Reward:   341.65
Total T:  236713 | Ep: 2834 | Steps:  152 | Reward:   339.08
Total T:  236866 | Ep: 2835 | Steps:  153 | Reward:   341.40
Total T:  237017 | Ep: 2836 | Steps:  151 | Reward:   338.60
Total T:  237169 | Ep: 2837 | Steps:  152 | Reward:   339.29
Total T:  237317 | Ep: 2838 | Steps:  148 | Reward:   339.56
Total T:  237464 | Ep: 2839 | Steps:  147 | Reward:   336.22
Total T:  237610 | Ep: 2840 | Steps:  146 | Reward:   336.23
Total T:  237757 | Ep: 2841 | Steps:  147 | Reward:   330.86
Total T:  237906 | Ep: 2842 | Steps:  149 | Reward:   336.93
Total T:  238061 | Ep: 2843 | Steps:  155 | Reward:   345.69
Total T:  238216 | Ep: 2844 | Steps:  155 | Reward:   345.90
Total T:  238368 | Ep: 2845 | Steps:  152 | Reward:   341.22
Total T:  238521 | Ep: 2846 | Steps:  153 | Reward:   343.19
Total T:  238671 | Ep: 2847 | Steps:  150 | Reward:   338.65
Total T:  238822 | Ep: 2848 | Steps:  151 | Reward:   338.33
Total T:  238970 | Ep: 2849 | Steps:  148 | Reward:   335.08
Total T:  239121 | Ep: 2850 | Steps:  151 | Reward:   339.50
Total T:  239271 | Ep: 2851 | Steps:  150 | Reward:   332.93
Total T:  239426 | Ep: 2852 | Steps:  155 | Reward:   346.30
Total T:  239578 | Ep: 2853 | Steps:  152 | Reward:   339.68
Total T:  239727 | Ep: 2854 | Steps:  149 | Reward:   337.93
Total T:  239874 | Ep: 2855 | Steps:  147 | Reward:   333.91
---------------------------------------
Evaluation over 10 episodes: 343.224
---------------------------------------
Total T:  240027 | Ep: 2856 | Steps:  153 | Reward:   342.10
Total T:  240180 | Ep: 2857 | Steps:  153 | Reward:   346.58
Total T:  240332 | Ep: 2858 | Steps:  152 | Reward:   342.46
Total T:  240487 | Ep: 2859 | Steps:  155 | Reward:   346.80
Total T:  240639 | Ep: 2860 | Steps:  152 | Reward:   341.37
Total T:  240789 | Ep: 2861 | Steps:  150 | Reward:   339.39
Total T:  240944 | Ep: 2862 | Steps:  155 | Reward:   345.95
Total T:  241091 | Ep: 2863 | Steps:  147 | Reward:   334.58
Total T:  241244 | Ep: 2864 | Steps:  153 | Reward:   343.56
Total T:  241398 | Ep: 2865 | Steps:  154 | Reward:   345.97
Total T:  241551 | Ep: 2866 | Steps:  153 | Reward:   341.45
Total T:  241704 | Ep: 2867 | Steps:  153 | Reward:   342.50
Total T:  241857 | Ep: 2868 | Steps:  153 | Reward:   342.15
Total T:  242013 | Ep: 2869 | Steps:  156 | Reward:   346.81
Total T:  242160 | Ep: 2870 | Steps:  147 | Reward:   334.61
Total T:  242308 | Ep: 2871 | Steps:  148 | Reward:   336.42
Total T:  242460 | Ep: 2872 | Steps:  152 | Reward:   343.13
Total T:  242610 | Ep: 2873 | Steps:  150 | Reward:   339.06
Total T:  242764 | Ep: 2874 | Steps:  154 | Reward:   344.81
Total T:  242914 | Ep: 2875 | Steps:  150 | Reward:   336.42
Total T:  243070 | Ep: 2876 | Steps:  156 | Reward:   348.04
Total T:  243223 | Ep: 2877 | Steps:  153 | Reward:   343.83
Total T:  243376 | Ep: 2878 | Steps:  153 | Reward:   342.76
Total T:  243528 | Ep: 2879 | Steps:  152 | Reward:   343.00
Total T:  243677 | Ep: 2880 | Steps:  149 | Reward:   336.76
Total T:  243828 | Ep: 2881 | Steps:  151 | Reward:   339.08
Total T:  243980 | Ep: 2882 | Steps:  152 | Reward:   343.55
Total T:  244130 | Ep: 2883 | Steps:  150 | Reward:   339.23
Total T:  244280 | Ep: 2884 | Steps:  150 | Reward:   339.36
Total T:  244429 | Ep: 2885 | Steps:  149 | Reward:   334.21
Total T:  244579 | Ep: 2886 | Steps:  150 | Reward:   340.12
Total T:  244729 | Ep: 2887 | Steps:  150 | Reward:   338.34
Total T:  244878 | Ep: 2888 | Steps:  149 | Reward:   339.35
Total T:  245027 | Ep: 2889 | Steps:  149 | Reward:   336.75
Total T:  245177 | Ep: 2890 | Steps:  150 | Reward:   339.30
Total T:  245330 | Ep: 2891 | Steps:  153 | Reward:   343.45
Total T:  245481 | Ep: 2892 | Steps:  151 | Reward:   341.19
Total T:  245632 | Ep: 2893 | Steps:  151 | Reward:   339.85
Total T:  245784 | Ep: 2894 | Steps:  152 | Reward:   341.18
Total T:  245936 | Ep: 2895 | Steps:  152 | Reward:   343.79
Total T:  246085 | Ep: 2896 | Steps:  149 | Reward:   336.03
Total T:  246237 | Ep: 2897 | Steps:  152 | Reward:   341.79
Total T:  246389 | Ep: 2898 | Steps:  152 | Reward:   345.01
Total T:  246543 | Ep: 2899 | Steps:  154 | Reward:   343.32
Total T:  246692 | Ep: 2900 | Steps:  149 | Reward:   336.94
Total T:  246840 | Ep: 2901 | Steps:  148 | Reward:   335.97
Total T:  246990 | Ep: 2902 | Steps:  150 | Reward:   338.52
Total T:  247141 | Ep: 2903 | Steps:  151 | Reward:   339.43
Total T:  247293 | Ep: 2904 | Steps:  152 | Reward:   340.78
Total T:  247440 | Ep: 2905 | Steps:  147 | Reward:   337.63
Total T:  247590 | Ep: 2906 | Steps:  150 | Reward:   339.98
Total T:  247739 | Ep: 2907 | Steps:  149 | Reward:   336.85
Total T:  247891 | Ep: 2908 | Steps:  152 | Reward:   341.34
Total T:  248040 | Ep: 2909 | Steps:  149 | Reward:   336.13
Total T:  248191 | Ep: 2910 | Steps:  151 | Reward:   342.68
Total T:  248339 | Ep: 2911 | Steps:  148 | Reward:   337.00
Total T:  248490 | Ep: 2912 | Steps:  151 | Reward:   340.94
Total T:  248640 | Ep: 2913 | Steps:  150 | Reward:   340.53
Total T:  248788 | Ep: 2914 | Steps:  148 | Reward:   336.83
Total T:  248935 | Ep: 2915 | Steps:  147 | Reward:   334.86
Total T:  249087 | Ep: 2916 | Steps:  152 | Reward:   340.07
Total T:  249236 | Ep: 2917 | Steps:  149 | Reward:   336.57
Total T:  249388 | Ep: 2918 | Steps:  152 | Reward:   339.12
Total T:  249539 | Ep: 2919 | Steps:  151 | Reward:   339.97
Total T:  249692 | Ep: 2920 | Steps:  153 | Reward:   339.74
Total T:  249845 | Ep: 2921 | Steps:  153 | Reward:   344.22
Total T:  249991 | Ep: 2922 | Steps:  146 | Reward:   328.15
---------------------------------------
Evaluation over 10 episodes: 337.832
---------------------------------------
Total T:  250140 | Ep: 2923 | Steps:  149 | Reward:   339.46
Total T:  250292 | Ep: 2924 | Steps:  152 | Reward:   339.41
Total T:  250441 | Ep: 2925 | Steps:  149 | Reward:   337.60
Total T:  250588 | Ep: 2926 | Steps:  147 | Reward:   335.57
Total T:  250736 | Ep: 2927 | Steps:  148 | Reward:   336.45
Total T:  250886 | Ep: 2928 | Steps:  150 | Reward:   341.86
Total T:  251031 | Ep: 2929 | Steps:  145 | Reward:   333.19
Total T:  251177 | Ep: 2930 | Steps:  146 | Reward:   334.27
Total T:  251325 | Ep: 2931 | Steps:  148 | Reward:   335.66
Total T:  251471 | Ep: 2932 | Steps:  146 | Reward:   334.44
Total T:  251620 | Ep: 2933 | Steps:  149 | Reward:   337.59
Total T:  251769 | Ep: 2934 | Steps:  149 | Reward:   338.04
Total T:  251915 | Ep: 2935 | Steps:  146 | Reward:   332.68
Total T:  252058 | Ep: 2936 | Steps:  143 | Reward:   329.31
Total T:  252201 | Ep: 2937 | Steps:  143 | Reward:   330.35
Total T:  252345 | Ep: 2938 | Steps:  144 | Reward:   329.12
Total T:  252492 | Ep: 2939 | Steps:  147 | Reward:   333.90
Total T:  252641 | Ep: 2940 | Steps:  149 | Reward:   334.47
Total T:  252789 | Ep: 2941 | Steps:  148 | Reward:   330.81
Total T:  252939 | Ep: 2942 | Steps:  150 | Reward:   334.83
Total T:  253087 | Ep: 2943 | Steps:  148 | Reward:   334.30
Total T:  253235 | Ep: 2944 | Steps:  148 | Reward:   332.15
Total T:  253379 | Ep: 2945 | Steps:  144 | Reward:   330.36
Total T:  253527 | Ep: 2946 | Steps:  148 | Reward:   334.65
Total T:  253674 | Ep: 2947 | Steps:  147 | Reward:   328.10
Total T:  253820 | Ep: 2948 | Steps:  146 | Reward:   333.79
Total T:  253971 | Ep: 2949 | Steps:  151 | Reward:   335.83
Total T:  254118 | Ep: 2950 | Steps:  147 | Reward:   335.17
Total T:  254263 | Ep: 2951 | Steps:  145 | Reward:   333.34
Total T:  254405 | Ep: 2952 | Steps:  142 | Reward:   332.40
Total T:  254550 | Ep: 2953 | Steps:  145 | Reward:   331.82
Total T:  254697 | Ep: 2954 | Steps:  147 | Reward:   331.76
Total T:  254844 | Ep: 2955 | Steps:  147 | Reward:   331.93
Total T:  254982 | Ep: 2956 | Steps:  138 | Reward:   323.53
Total T:  255127 | Ep: 2957 | Steps:  145 | Reward:   333.46
Total T:  255274 | Ep: 2958 | Steps:  147 | Reward:   335.59
Total T:  255409 | Ep: 2959 | Steps:  135 | Reward:   323.09
Total T:  255550 | Ep: 2960 | Steps:  141 | Reward:   331.96
Total T:  255679 | Ep: 2961 | Steps:  129 | Reward:   315.00
Total T:  255818 | Ep: 2962 | Steps:  139 | Reward:   322.73
Total T:  255955 | Ep: 2963 | Steps:  137 | Reward:   329.47
Total T:  256087 | Ep: 2964 | Steps:  132 | Reward:   318.49
Total T:  256220 | Ep: 2965 | Steps:  133 | Reward:   322.23
Total T:  256349 | Ep: 2966 | Steps:  129 | Reward:   315.07
Total T:  256487 | Ep: 2967 | Steps:  138 | Reward:   326.34
Total T:  256628 | Ep: 2968 | Steps:  141 | Reward:   333.65
Total T:  256758 | Ep: 2969 | Steps:  130 | Reward:   315.75
Total T:  256892 | Ep: 2970 | Steps:  134 | Reward:   324.71
Total T:  257034 | Ep: 2971 | Steps:  142 | Reward:   329.18
Total T:  257168 | Ep: 2972 | Steps:  134 | Reward:   325.47
Total T:  257298 | Ep: 2973 | Steps:  130 | Reward:   314.62
Total T:  257429 | Ep: 2974 | Steps:  131 | Reward:   320.35
Total T:  257561 | Ep: 2975 | Steps:  132 | Reward:   319.41
Total T:  257694 | Ep: 2976 | Steps:  133 | Reward:   326.86
Total T:  257823 | Ep: 2977 | Steps:  129 | Reward:   315.61
Total T:  257961 | Ep: 2978 | Steps:  138 | Reward:   325.83
Total T:  258103 | Ep: 2979 | Steps:  142 | Reward:   336.20
Total T:  258237 | Ep: 2980 | Steps:  134 | Reward:   326.83
Total T:  258370 | Ep: 2981 | Steps:  133 | Reward:   323.23
Total T:  258497 | Ep: 2982 | Steps:  127 | Reward:   317.92
Total T:  258630 | Ep: 2983 | Steps:  133 | Reward:   320.48
Total T:  258762 | Ep: 2984 | Steps:  132 | Reward:   315.12
Total T:  258895 | Ep: 2985 | Steps:  133 | Reward:   321.54
Total T:  259036 | Ep: 2986 | Steps:  141 | Reward:   323.41
Total T:  259175 | Ep: 2987 | Steps:  139 | Reward:   337.82
Total T:  259315 | Ep: 2988 | Steps:  140 | Reward:   332.07
Total T:  259456 | Ep: 2989 | Steps:  141 | Reward:   334.41
Total T:  259594 | Ep: 2990 | Steps:  138 | Reward:   325.74
Total T:  259737 | Ep: 2991 | Steps:  143 | Reward:   334.09
Total T:  259880 | Ep: 2992 | Steps:  143 | Reward:   327.58
---------------------------------------
Evaluation over 10 episodes: 330.509
---------------------------------------
Total T:  260017 | Ep: 2993 | Steps:  137 | Reward:   319.09
Total T:  260154 | Ep: 2994 | Steps:  137 | Reward:   325.48
Total T:  260290 | Ep: 2995 | Steps:  136 | Reward:   322.16
Total T:  260433 | Ep: 2996 | Steps:  143 | Reward:   335.30
Total T:  260575 | Ep: 2997 | Steps:  142 | Reward:   325.98
Total T:  260720 | Ep: 2998 | Steps:  145 | Reward:   333.96
Total T:  260866 | Ep: 2999 | Steps:  146 | Reward:   335.50
Total T:  261004 | Ep: 3000 | Steps:  138 | Reward:   329.45
Total T:  261147 | Ep: 3001 | Steps:  143 | Reward:   334.48
Total T:  261285 | Ep: 3002 | Steps:  138 | Reward:   329.30
Total T:  261423 | Ep: 3003 | Steps:  138 | Reward:   329.19
Total T:  261559 | Ep: 3004 | Steps:  136 | Reward:   323.26
Total T:  261703 | Ep: 3005 | Steps:  144 | Reward:   334.05
Total T:  261848 | Ep: 3006 | Steps:  145 | Reward:   328.10
Total T:  261987 | Ep: 3007 | Steps:  139 | Reward:   334.97
Total T:  262128 | Ep: 3008 | Steps:  141 | Reward:   335.86
Total T:  262257 | Ep: 3009 | Steps:  129 | Reward:   316.92
Total T:  262402 | Ep: 3010 | Steps:  145 | Reward:   334.17
Total T:  262544 | Ep: 3011 | Steps:  142 | Reward:   336.84
Total T:  262683 | Ep: 3012 | Steps:  139 | Reward:   325.06
Total T:  262823 | Ep: 3013 | Steps:  140 | Reward:   331.31
Total T:  262966 | Ep: 3014 | Steps:  143 | Reward:   330.73
Total T:  263111 | Ep: 3015 | Steps:  145 | Reward:   331.09
Total T:  263253 | Ep: 3016 | Steps:  142 | Reward:   327.15
Total T:  263383 | Ep: 3017 | Steps:  130 | Reward:   316.30
Total T:  263521 | Ep: 3018 | Steps:  138 | Reward:   330.95
Total T:  263655 | Ep: 3019 | Steps:  134 | Reward:   329.67
Total T:  263787 | Ep: 3020 | Steps:  132 | Reward:   321.64
Total T:  263923 | Ep: 3021 | Steps:  136 | Reward:   330.63
Total T:  264064 | Ep: 3022 | Steps:  141 | Reward:   330.01
Total T:  264203 | Ep: 3023 | Steps:  139 | Reward:   331.19
Total T:  264331 | Ep: 3024 | Steps:  128 | Reward:   330.67
Total T:  264469 | Ep: 3025 | Steps:  138 | Reward:   327.94
Total T:  264606 | Ep: 3026 | Steps:  137 | Reward:   325.75
Total T:  264744 | Ep: 3027 | Steps:  138 | Reward:   321.45
Total T:  264882 | Ep: 3028 | Steps:  138 | Reward:   323.11
Total T:  265026 | Ep: 3029 | Steps:  144 | Reward:   337.19
Total T:  265167 | Ep: 3030 | Steps:  141 | Reward:   334.06
Total T:  265299 | Ep: 3031 | Steps:  132 | Reward:   323.15
Total T:  265439 | Ep: 3032 | Steps:  140 | Reward:   322.90
Total T:  265580 | Ep: 3033 | Steps:  141 | Reward:   325.46
Total T:  265724 | Ep: 3034 | Steps:  144 | Reward:   334.20
Total T:  265869 | Ep: 3035 | Steps:  145 | Reward:   336.86
Total T:  266004 | Ep: 3036 | Steps:  135 | Reward:   330.16
Total T:  266142 | Ep: 3037 | Steps:  138 | Reward:   326.28
Total T:  266285 | Ep: 3038 | Steps:  143 | Reward:   335.85
Total T:  266420 | Ep: 3039 | Steps:  135 | Reward:   330.99
Total T:  266554 | Ep: 3040 | Steps:  134 | Reward:   327.74
Total T:  266694 | Ep: 3041 | Steps:  140 | Reward:   325.95
Total T:  266828 | Ep: 3042 | Steps:  134 | Reward:   324.55
Total T:  266967 | Ep: 3043 | Steps:  139 | Reward:   331.60
Total T:  267096 | Ep: 3044 | Steps:  129 | Reward:   311.74
Total T:  267221 | Ep: 3045 | Steps:  125 | Reward:   333.09
Total T:  267353 | Ep: 3046 | Steps:  132 | Reward:   319.49
Total T:  267486 | Ep: 3047 | Steps:  133 | Reward:   324.46
Total T:  267625 | Ep: 3048 | Steps:  139 | Reward:   330.81
Total T:  267741 | Ep: 3049 | Steps:  116 | Reward:   297.25
Total T:  267870 | Ep: 3050 | Steps:  129 | Reward:   313.06
Total T:  267995 | Ep: 3051 | Steps:  125 | Reward:   323.61
Total T:  268118 | Ep: 3052 | Steps:  123 | Reward:   325.94
Total T:  268244 | Ep: 3053 | Steps:  126 | Reward:   309.92
Total T:  268371 | Ep: 3054 | Steps:  127 | Reward:   307.90
Total T:  268498 | Ep: 3055 | Steps:  127 | Reward:   317.40
Total T:  268624 | Ep: 3056 | Steps:  126 | Reward:   307.53
Total T:  268748 | Ep: 3057 | Steps:  124 | Reward:   301.07
Total T:  268878 | Ep: 3058 | Steps:  130 | Reward:   315.30
Total T:  269008 | Ep: 3059 | Steps:  130 | Reward:   314.68
Total T:  269133 | Ep: 3060 | Steps:  125 | Reward:   305.49
Total T:  269263 | Ep: 3061 | Steps:  130 | Reward:   313.06
Total T:  269391 | Ep: 3062 | Steps:  128 | Reward:   314.77
Total T:  269521 | Ep: 3063 | Steps:  130 | Reward:   314.91
Total T:  269654 | Ep: 3064 | Steps:  133 | Reward:   327.24
Total T:  269786 | Ep: 3065 | Steps:  132 | Reward:   317.70
Total T:  269912 | Ep: 3066 | Steps:  126 | Reward:   299.94
---------------------------------------
Evaluation over 10 episodes: 319.627
---------------------------------------
Total T:  270047 | Ep: 3067 | Steps:  135 | Reward:   329.47
Total T:  270171 | Ep: 3068 | Steps:  124 | Reward:   299.33
Total T:  270297 | Ep: 3069 | Steps:  126 | Reward:   309.44
Total T:  270427 | Ep: 3070 | Steps:  130 | Reward:   314.37
Total T:  270555 | Ep: 3071 | Steps:  128 | Reward:   310.56
Total T:  270680 | Ep: 3072 | Steps:  125 | Reward:   305.94
Total T:  270804 | Ep: 3073 | Steps:  124 | Reward:   314.51
Total T:  270933 | Ep: 3074 | Steps:  129 | Reward:   313.31
Total T:  271076 | Ep: 3075 | Steps:  143 | Reward:   336.08
Total T:  271208 | Ep: 3076 | Steps:  132 | Reward:   315.75
Total T:  271336 | Ep: 3077 | Steps:  128 | Reward:   310.22
Total T:  271464 | Ep: 3078 | Steps:  128 | Reward:   311.54
Total T:  271593 | Ep: 3079 | Steps:  129 | Reward:   311.35
Total T:  271721 | Ep: 3080 | Steps:  128 | Reward:   309.93
Total T:  271850 | Ep: 3081 | Steps:  129 | Reward:   316.30
Total T:  271978 | Ep: 3082 | Steps:  128 | Reward:   311.14
Total T:  272102 | Ep: 3083 | Steps:  124 | Reward:   308.27
Total T:  272224 | Ep: 3084 | Steps:  122 | Reward:   297.62
Total T:  272353 | Ep: 3085 | Steps:  129 | Reward:   308.83
Total T:  272486 | Ep: 3086 | Steps:  133 | Reward:   328.12
Total T:  272609 | Ep: 3087 | Steps:  123 | Reward:   315.30
Total T:  272737 | Ep: 3088 | Steps:  128 | Reward:   314.58
Total T:  272866 | Ep: 3089 | Steps:  129 | Reward:   311.02
Total T:  272996 | Ep: 3090 | Steps:  130 | Reward:   320.99
Total T:  273122 | Ep: 3091 | Steps:  126 | Reward:   311.89
Total T:  273252 | Ep: 3092 | Steps:  130 | Reward:   322.20
Total T:  273385 | Ep: 3093 | Steps:  133 | Reward:   322.14
Total T:  273514 | Ep: 3094 | Steps:  129 | Reward:   316.38
Total T:  273644 | Ep: 3095 | Steps:  130 | Reward:   314.33
Total T:  273769 | Ep: 3096 | Steps:  125 | Reward:   324.65
Total T:  273895 | Ep: 3097 | Steps:  126 | Reward:   313.08
Total T:  274021 | Ep: 3098 | Steps:  126 | Reward:   304.38
Total T:  274150 | Ep: 3099 | Steps:  129 | Reward:   313.03
Total T:  274277 | Ep: 3100 | Steps:  127 | Reward:   310.77
Total T:  274420 | Ep: 3101 | Steps:  143 | Reward:   338.38
Total T:  274542 | Ep: 3102 | Steps:  122 | Reward:   325.14
Total T:  274674 | Ep: 3103 | Steps:  132 | Reward:   316.98
Total T:  274808 | Ep: 3104 | Steps:  134 | Reward:   325.89
Total T:  274938 | Ep: 3105 | Steps:  130 | Reward:   319.05
Total T:  275060 | Ep: 3106 | Steps:  122 | Reward:   302.81
Total T:  275192 | Ep: 3107 | Steps:  132 | Reward:   328.56
Total T:  275317 | Ep: 3108 | Steps:  125 | Reward:   309.15
Total T:  275445 | Ep: 3109 | Steps:  128 | Reward:   316.70
Total T:  275572 | Ep: 3110 | Steps:  127 | Reward:   317.37
Total T:  275703 | Ep: 3111 | Steps:  131 | Reward:   315.93
Total T:  275835 | Ep: 3112 | Steps:  132 | Reward:   318.51
Total T:  275969 | Ep: 3113 | Steps:  134 | Reward:   330.49
Total T:  276099 | Ep: 3114 | Steps:  130 | Reward:   319.42
Total T:  276221 | Ep: 3115 | Steps:  122 | Reward:   315.16
Total T:  276354 | Ep: 3116 | Steps:  133 | Reward:   335.62
Total T:  276489 | Ep: 3117 | Steps:  135 | Reward:   328.15
Total T:  276625 | Ep: 3118 | Steps:  136 | Reward:   321.96
Total T:  276759 | Ep: 3119 | Steps:  134 | Reward:   327.34
Total T:  276893 | Ep: 3120 | Steps:  134 | Reward:   330.42
Total T:  277030 | Ep: 3121 | Steps:  137 | Reward:   336.73
Total T:  277167 | Ep: 3122 | Steps:  137 | Reward:   330.15
Total T:  277298 | Ep: 3123 | Steps:  131 | Reward:   322.01
Total T:  277431 | Ep: 3124 | Steps:  133 | Reward:   327.15
Total T:  277561 | Ep: 3125 | Steps:  130 | Reward:   318.09
Total T:  277690 | Ep: 3126 | Steps:  129 | Reward:   311.10
Total T:  277826 | Ep: 3127 | Steps:  136 | Reward:   327.55
Total T:  277958 | Ep: 3128 | Steps:  132 | Reward:   317.54
Total T:  278094 | Ep: 3129 | Steps:  136 | Reward:   329.33
Total T:  278225 | Ep: 3130 | Steps:  131 | Reward:   318.98
Total T:  278357 | Ep: 3131 | Steps:  132 | Reward:   323.36
Total T:  278490 | Ep: 3132 | Steps:  133 | Reward:   327.68
Total T:  278626 | Ep: 3133 | Steps:  136 | Reward:   323.99
Total T:  278760 | Ep: 3134 | Steps:  134 | Reward:   329.32
Total T:  278891 | Ep: 3135 | Steps:  131 | Reward:   318.25
Total T:  279034 | Ep: 3136 | Steps:  143 | Reward:   330.45
Total T:  279169 | Ep: 3137 | Steps:  135 | Reward:   321.95
Total T:  279311 | Ep: 3138 | Steps:  142 | Reward:   332.24
Total T:  279438 | Ep: 3139 | Steps:  127 | Reward:   309.29
Total T:  279576 | Ep: 3140 | Steps:  138 | Reward:   334.37
Total T:  279714 | Ep: 3141 | Steps:  138 | Reward:   327.13
Total T:  279845 | Ep: 3142 | Steps:  131 | Reward:   319.22
---------------------------------------
Evaluation over 10 episodes: 331.061
---------------------------------------
Total T:  280009 | Ep: 3143 | Steps:  164 | Reward:   346.72
Total T:  280142 | Ep: 3144 | Steps:  133 | Reward:   327.59
Total T:  280281 | Ep: 3145 | Steps:  139 | Reward:   328.54
Total T:  280419 | Ep: 3146 | Steps:  138 | Reward:   334.24
Total T:  280557 | Ep: 3147 | Steps:  138 | Reward:   338.95
Total T:  280693 | Ep: 3148 | Steps:  136 | Reward:   323.12
Total T:  280829 | Ep: 3149 | Steps:  136 | Reward:   338.56
Total T:  280964 | Ep: 3150 | Steps:  135 | Reward:   320.36
Total T:  281091 | Ep: 3151 | Steps:  127 | Reward:   309.49
Total T:  281226 | Ep: 3152 | Steps:  135 | Reward:   328.13
Total T:  281361 | Ep: 3153 | Steps:  135 | Reward:   327.59
Total T:  281494 | Ep: 3154 | Steps:  133 | Reward:   322.07
Total T:  281626 | Ep: 3155 | Steps:  132 | Reward:   324.46
Total T:  281756 | Ep: 3156 | Steps:  130 | Reward:   319.86
Total T:  281894 | Ep: 3157 | Steps:  138 | Reward:   325.27
Total T:  282031 | Ep: 3158 | Steps:  137 | Reward:   323.89
Total T:  282161 | Ep: 3159 | Steps:  130 | Reward:   312.26
Total T:  282296 | Ep: 3160 | Steps:  135 | Reward:   325.47
Total T:  282435 | Ep: 3161 | Steps:  139 | Reward:   331.65
Total T:  282597 | Ep: 3162 | Steps:  162 | Reward:   347.78
Total T:  282729 | Ep: 3163 | Steps:  132 | Reward:   321.95
Total T:  282863 | Ep: 3164 | Steps:  134 | Reward:   332.45
Total T:  283007 | Ep: 3165 | Steps:  144 | Reward:   329.89
Total T:  283146 | Ep: 3166 | Steps:  139 | Reward:   335.25
Total T:  283274 | Ep: 3167 | Steps:  128 | Reward:   315.75
Total T:  283412 | Ep: 3168 | Steps:  138 | Reward:   328.32
Total T:  283537 | Ep: 3169 | Steps:  125 | Reward:   307.27
Total T:  283655 | Ep: 3170 | Steps:  118 | Reward:   285.47
Total T:  283791 | Ep: 3171 | Steps:  136 | Reward:   334.77
Total T:  283919 | Ep: 3172 | Steps:  128 | Reward:   312.45
Total T:  284050 | Ep: 3173 | Steps:  131 | Reward:   316.86
Total T:  284190 | Ep: 3174 | Steps:  140 | Reward:   334.78
Total T:  284330 | Ep: 3175 | Steps:  140 | Reward:   328.01
Total T:  284467 | Ep: 3176 | Steps:  137 | Reward:   326.23
Total T:  284593 | Ep: 3177 | Steps:  126 | Reward:   301.27
Total T:  284724 | Ep: 3178 | Steps:  131 | Reward:   315.47
Total T:  284857 | Ep: 3179 | Steps:  133 | Reward:   316.69
Total T:  284991 | Ep: 3180 | Steps:  134 | Reward:   322.85
Total T:  285130 | Ep: 3181 | Steps:  139 | Reward:   337.43
Total T:  285264 | Ep: 3182 | Steps:  134 | Reward:   319.64
Total T:  285400 | Ep: 3183 | Steps:  136 | Reward:   320.02
Total T:  285544 | Ep: 3184 | Steps:  144 | Reward:   336.92
Total T:  285670 | Ep: 3185 | Steps:  126 | Reward:   299.79
Total T:  285800 | Ep: 3186 | Steps:  130 | Reward:   319.05
Total T:  285934 | Ep: 3187 | Steps:  134 | Reward:   325.77
Total T:  286059 | Ep: 3188 | Steps:  125 | Reward:   300.71
Total T:  286195 | Ep: 3189 | Steps:  136 | Reward:   334.33
Total T:  286332 | Ep: 3190 | Steps:  137 | Reward:   328.18
Total T:  286469 | Ep: 3191 | Steps:  137 | Reward:   327.64
Total T:  286602 | Ep: 3192 | Steps:  133 | Reward:   323.83
Total T:  286733 | Ep: 3193 | Steps:  131 | Reward:   317.78
Total T:  286865 | Ep: 3194 | Steps:  132 | Reward:   325.22
Total T:  287007 | Ep: 3195 | Steps:  142 | Reward:   327.83
Total T:  287146 | Ep: 3196 | Steps:  139 | Reward:   330.37
Total T:  287283 | Ep: 3197 | Steps:  137 | Reward:   325.21
Total T:  287420 | Ep: 3198 | Steps:  137 | Reward:   325.53
Total T:  287558 | Ep: 3199 | Steps:  138 | Reward:   328.03
Total T:  287698 | Ep: 3200 | Steps:  140 | Reward:   331.73
Total T:  287835 | Ep: 3201 | Steps:  137 | Reward:   324.44
Total T:  287973 | Ep: 3202 | Steps:  138 | Reward:   325.51
Total T:  288111 | Ep: 3203 | Steps:  138 | Reward:   329.32
Total T:  288250 | Ep: 3204 | Steps:  139 | Reward:   327.12
Total T:  288381 | Ep: 3205 | Steps:  131 | Reward:   331.10
Total T:  288517 | Ep: 3206 | Steps:  136 | Reward:   327.72
Total T:  288649 | Ep: 3207 | Steps:  132 | Reward:   326.37
Total T:  288781 | Ep: 3208 | Steps:  132 | Reward:   323.33
Total T:  288927 | Ep: 3209 | Steps:  146 | Reward:   336.87
Total T:  289071 | Ep: 3210 | Steps:  144 | Reward:   332.07
Total T:  289211 | Ep: 3211 | Steps:  140 | Reward:   332.88
Total T:  289348 | Ep: 3212 | Steps:  137 | Reward:   326.87
Total T:  289485 | Ep: 3213 | Steps:  137 | Reward:   331.20
Total T:  289628 | Ep: 3214 | Steps:  143 | Reward:   333.48
Total T:  289758 | Ep: 3215 | Steps:  130 | Reward:   319.15
Total T:  289899 | Ep: 3216 | Steps:  141 | Reward:   329.46
---------------------------------------
Evaluation over 10 episodes: 320.745
---------------------------------------
Total T:  290042 | Ep: 3217 | Steps:  143 | Reward:   330.95
Total T:  290176 | Ep: 3218 | Steps:  134 | Reward:   320.87
Total T:  290320 | Ep: 3219 | Steps:  144 | Reward:   335.38
Total T:  290454 | Ep: 3220 | Steps:  134 | Reward:   322.26
Total T:  290589 | Ep: 3221 | Steps:  135 | Reward:   327.70
Total T:  290727 | Ep: 3222 | Steps:  138 | Reward:   330.60
Total T:  290868 | Ep: 3223 | Steps:  141 | Reward:   326.87
Total T:  291007 | Ep: 3224 | Steps:  139 | Reward:   323.35
Total T:  291140 | Ep: 3225 | Steps:  133 | Reward:   310.44
Total T:  291282 | Ep: 3226 | Steps:  142 | Reward:   332.74
Total T:  291426 | Ep: 3227 | Steps:  144 | Reward:   334.77
Total T:  291567 | Ep: 3228 | Steps:  141 | Reward:   329.34
Total T:  291705 | Ep: 3229 | Steps:  138 | Reward:   328.37
Total T:  291847 | Ep: 3230 | Steps:  142 | Reward:   334.67
Total T:  291980 | Ep: 3231 | Steps:  133 | Reward:   321.90
Total T:  292121 | Ep: 3232 | Steps:  141 | Reward:   330.81
Total T:  292260 | Ep: 3233 | Steps:  139 | Reward:   331.86
Total T:  292400 | Ep: 3234 | Steps:  140 | Reward:   326.68
Total T:  292537 | Ep: 3235 | Steps:  137 | Reward:   324.91
Total T:  292669 | Ep: 3236 | Steps:  132 | Reward:   314.42
Total T:  292805 | Ep: 3237 | Steps:  136 | Reward:   326.85
Total T:  292943 | Ep: 3238 | Steps:  138 | Reward:   326.47
Total T:  293081 | Ep: 3239 | Steps:  138 | Reward:   327.44
Total T:  293220 | Ep: 3240 | Steps:  139 | Reward:   328.02
Total T:  293358 | Ep: 3241 | Steps:  138 | Reward:   324.73
Total T:  293495 | Ep: 3242 | Steps:  137 | Reward:   329.64
Total T:  293637 | Ep: 3243 | Steps:  142 | Reward:   329.42
Total T:  293771 | Ep: 3244 | Steps:  134 | Reward:   326.58
Total T:  293915 | Ep: 3245 | Steps:  144 | Reward:   331.72
Total T:  294046 | Ep: 3246 | Steps:  131 | Reward:   319.62
Total T:  294188 | Ep: 3247 | Steps:  142 | Reward:   331.61
Total T:  294318 | Ep: 3248 | Steps:  130 | Reward:   317.60
Total T:  294453 | Ep: 3249 | Steps:  135 | Reward:   327.07
Total T:  294589 | Ep: 3250 | Steps:  136 | Reward:   319.92
Total T:  294728 | Ep: 3251 | Steps:  139 | Reward:   330.60
Total T:  294861 | Ep: 3252 | Steps:  133 | Reward:   323.41
Total T:  295001 | Ep: 3253 | Steps:  140 | Reward:   329.01
Total T:  295137 | Ep: 3254 | Steps:  136 | Reward:   324.04
Total T:  295278 | Ep: 3255 | Steps:  141 | Reward:   322.56
Total T:  295411 | Ep: 3256 | Steps:  133 | Reward:   326.30
Total T:  295551 | Ep: 3257 | Steps:  140 | Reward:   326.78
Total T:  295688 | Ep: 3258 | Steps:  137 | Reward:   328.62
Total T:  295815 | Ep: 3259 | Steps:  127 | Reward:   312.80
Total T:  295950 | Ep: 3260 | Steps:  135 | Reward:   326.90
Total T:  296091 | Ep: 3261 | Steps:  141 | Reward:   336.62
Total T:  296228 | Ep: 3262 | Steps:  137 | Reward:   330.14
Total T:  296367 | Ep: 3263 | Steps:  139 | Reward:   325.80
Total T:  296499 | Ep: 3264 | Steps:  132 | Reward:   325.82
Total T:  296633 | Ep: 3265 | Steps:  134 | Reward:   327.01
Total T:  296766 | Ep: 3266 | Steps:  133 | Reward:   327.09
Total T:  296904 | Ep: 3267 | Steps:  138 | Reward:   329.58
Total T:  297043 | Ep: 3268 | Steps:  139 | Reward:   331.64
Total T:  297179 | Ep: 3269 | Steps:  136 | Reward:   329.83
Total T:  297322 | Ep: 3270 | Steps:  143 | Reward:   334.54
Total T:  297453 | Ep: 3271 | Steps:  131 | Reward:   321.90
Total T:  297586 | Ep: 3272 | Steps:  133 | Reward:   325.86
Total T:  297725 | Ep: 3273 | Steps:  139 | Reward:   331.92
Total T:  297855 | Ep: 3274 | Steps:  130 | Reward:   321.73
Total T:  297988 | Ep: 3275 | Steps:  133 | Reward:   324.52
Total T:  298122 | Ep: 3276 | Steps:  134 | Reward:   334.20
Total T:  298253 | Ep: 3277 | Steps:  131 | Reward:   323.39
Total T:  298391 | Ep: 3278 | Steps:  138 | Reward:   331.45
Total T:  298524 | Ep: 3279 | Steps:  133 | Reward:   325.80
Total T:  298659 | Ep: 3280 | Steps:  135 | Reward:   318.96
Total T:  298793 | Ep: 3281 | Steps:  134 | Reward:   326.62
Total T:  298927 | Ep: 3282 | Steps:  134 | Reward:   330.43
Total T:  299061 | Ep: 3283 | Steps:  134 | Reward:   322.16
Total T:  299204 | Ep: 3284 | Steps:  143 | Reward:   343.71
Total T:  299342 | Ep: 3285 | Steps:  138 | Reward:   333.33
Total T:  299478 | Ep: 3286 | Steps:  136 | Reward:   323.77
Total T:  299608 | Ep: 3287 | Steps:  130 | Reward:   323.77
Total T:  299746 | Ep: 3288 | Steps:  138 | Reward:   324.49
Total T:  299878 | Ep: 3289 | Steps:  132 | Reward:   327.66
---------------------------------------
Evaluation over 10 episodes: 325.396
---------------------------------------
Total T:  300017 | Ep: 3290 | Steps:  139 | Reward:   328.63
Total T:  300148 | Ep: 3291 | Steps:  131 | Reward:   315.97
Total T:  300280 | Ep: 3292 | Steps:  132 | Reward:   326.53
Total T:  300414 | Ep: 3293 | Steps:  134 | Reward:   328.44
Total T:  300548 | Ep: 3294 | Steps:  134 | Reward:   322.61
Total T:  300683 | Ep: 3295 | Steps:  135 | Reward:   324.05
Total T:  300815 | Ep: 3296 | Steps:  132 | Reward:   327.00
Total T:  300947 | Ep: 3297 | Steps:  132 | Reward:   315.91
Total T:  301073 | Ep: 3298 | Steps:  126 | Reward:   313.38
Total T:  301201 | Ep: 3299 | Steps:  128 | Reward:   313.58
Total T:  301329 | Ep: 3300 | Steps:  128 | Reward:   316.88
Total T:  301454 | Ep: 3301 | Steps:  125 | Reward:   307.52
Total T:  301588 | Ep: 3302 | Steps:  134 | Reward:   326.73
Total T:  301711 | Ep: 3303 | Steps:  123 | Reward:   295.69
Total T:  301839 | Ep: 3304 | Steps:  128 | Reward:   320.60
Total T:  301966 | Ep: 3305 | Steps:  127 | Reward:   312.02
Total T:  302102 | Ep: 3306 | Steps:  136 | Reward:   330.63
Total T:  302228 | Ep: 3307 | Steps:  126 | Reward:   310.96
Total T:  302354 | Ep: 3308 | Steps:  126 | Reward:   310.03
Total T:  302496 | Ep: 3309 | Steps:  142 | Reward:   331.67
Total T:  302620 | Ep: 3310 | Steps:  124 | Reward:   303.15
Total T:  302745 | Ep: 3311 | Steps:  125 | Reward:   301.41
Total T:  302870 | Ep: 3312 | Steps:  125 | Reward:   304.28
Total T:  303002 | Ep: 3313 | Steps:  132 | Reward:   326.15
Total T:  303135 | Ep: 3314 | Steps:  133 | Reward:   322.97
Total T:  303267 | Ep: 3315 | Steps:  132 | Reward:   332.83
Total T:  303390 | Ep: 3316 | Steps:  123 | Reward:   308.96
Total T:  303522 | Ep: 3317 | Steps:  132 | Reward:   326.42
Total T:  303658 | Ep: 3318 | Steps:  136 | Reward:   331.06
Total T:  303793 | Ep: 3319 | Steps:  135 | Reward:   326.33
Total T:  303925 | Ep: 3320 | Steps:  132 | Reward:   333.17
Total T:  304051 | Ep: 3321 | Steps:  126 | Reward:   319.28
Total T:  304177 | Ep: 3322 | Steps:  126 | Reward:   309.48
Total T:  304301 | Ep: 3323 | Steps:  124 | Reward:   308.07
Total T:  304433 | Ep: 3324 | Steps:  132 | Reward:   327.70
Total T:  304569 | Ep: 3325 | Steps:  136 | Reward:   326.94
Total T:  304693 | Ep: 3326 | Steps:  124 | Reward:   309.88
Total T:  304823 | Ep: 3327 | Steps:  130 | Reward:   326.75
Total T:  304957 | Ep: 3328 | Steps:  134 | Reward:   334.90
Total T:  305088 | Ep: 3329 | Steps:  131 | Reward:   323.07
Total T:  305218 | Ep: 3330 | Steps:  130 | Reward:   324.31
Total T:  305342 | Ep: 3331 | Steps:  124 | Reward:   311.47
Total T:  305465 | Ep: 3332 | Steps:  123 | Reward:   302.26
Total T:  305598 | Ep: 3333 | Steps:  133 | Reward:   319.12
Total T:  305722 | Ep: 3334 | Steps:  124 | Reward:   309.55
Total T:  305846 | Ep: 3335 | Steps:  124 | Reward:   307.60
Total T:  305970 | Ep: 3336 | Steps:  124 | Reward:   312.84
Total T:  306104 | Ep: 3337 | Steps:  134 | Reward:   320.38
Total T:  306229 | Ep: 3338 | Steps:  125 | Reward:   307.94
Total T:  306356 | Ep: 3339 | Steps:  127 | Reward:   319.68
Total T:  306490 | Ep: 3340 | Steps:  134 | Reward:   330.60
Total T:  306622 | Ep: 3341 | Steps:  132 | Reward:   330.27
Total T:  306746 | Ep: 3342 | Steps:  124 | Reward:   303.99
Total T:  306869 | Ep: 3343 | Steps:  123 | Reward:   302.57
Total T:  307009 | Ep: 3344 | Steps:  140 | Reward:   335.84
Total T:  307151 | Ep: 3345 | Steps:  142 | Reward:   341.68
Total T:  307283 | Ep: 3346 | Steps:  132 | Reward:   330.98
Total T:  307420 | Ep: 3347 | Steps:  137 | Reward:   333.23
Total T:  307560 | Ep: 3348 | Steps:  140 | Reward:   341.57
Total T:  307690 | Ep: 3349 | Steps:  130 | Reward:   328.79
Total T:  307825 | Ep: 3350 | Steps:  135 | Reward:   332.48
Total T:  307959 | Ep: 3351 | Steps:  134 | Reward:   333.88
Total T:  308095 | Ep: 3352 | Steps:  136 | Reward:   329.94
Total T:  308230 | Ep: 3353 | Steps:  135 | Reward:   340.11
Total T:  308362 | Ep: 3354 | Steps:  132 | Reward:   332.30
Total T:  308498 | Ep: 3355 | Steps:  136 | Reward:   329.64
Total T:  308634 | Ep: 3356 | Steps:  136 | Reward:   333.73
Total T:  308767 | Ep: 3357 | Steps:  133 | Reward:   330.51
Total T:  308895 | Ep: 3358 | Steps:  128 | Reward:   323.18
Total T:  309029 | Ep: 3359 | Steps:  134 | Reward:   333.70
Total T:  309159 | Ep: 3360 | Steps:  130 | Reward:   327.75
Total T:  309282 | Ep: 3361 | Steps:  123 | Reward:   299.90
Total T:  309416 | Ep: 3362 | Steps:  134 | Reward:   333.95
Total T:  309553 | Ep: 3363 | Steps:  137 | Reward:   342.93
Total T:  309678 | Ep: 3364 | Steps:  125 | Reward:   304.09
Total T:  309807 | Ep: 3365 | Steps:  129 | Reward:   323.82
Total T:  309930 | Ep: 3366 | Steps:  123 | Reward:   298.16
---------------------------------------
Evaluation over 10 episodes: 311.806
---------------------------------------
Total T:  310060 | Ep: 3367 | Steps:  130 | Reward:   327.02
Total T:  310196 | Ep: 3368 | Steps:  136 | Reward:   337.64
Total T:  310330 | Ep: 3369 | Steps:  134 | Reward:   334.43
Total T:  310462 | Ep: 3370 | Steps:  132 | Reward:   331.57
Total T:  310595 | Ep: 3371 | Steps:  133 | Reward:   329.14
Total T:  310730 | Ep: 3372 | Steps:  135 | Reward:   335.17
Total T:  310862 | Ep: 3373 | Steps:  132 | Reward:   325.77
Total T:  310997 | Ep: 3374 | Steps:  135 | Reward:   331.19
Total T:  311119 | Ep: 3375 | Steps:  122 | Reward:   300.49
Total T:  311252 | Ep: 3376 | Steps:  133 | Reward:   332.24
Total T:  311386 | Ep: 3377 | Steps:  134 | Reward:   326.62
Total T:  311519 | Ep: 3378 | Steps:  133 | Reward:   333.47
Total T:  311651 | Ep: 3379 | Steps:  132 | Reward:   333.88
Total T:  311788 | Ep: 3380 | Steps:  137 | Reward:   338.19
Total T:  311911 | Ep: 3381 | Steps:  123 | Reward:   303.75
Total T:  312043 | Ep: 3382 | Steps:  132 | Reward:   330.28
Total T:  312176 | Ep: 3383 | Steps:  133 | Reward:   323.11
Total T:  312306 | Ep: 3384 | Steps:  130 | Reward:   318.85
Total T:  312437 | Ep: 3385 | Steps:  131 | Reward:   327.51
Total T:  312575 | Ep: 3386 | Steps:  138 | Reward:   332.75
Total T:  312708 | Ep: 3387 | Steps:  133 | Reward:   339.59
Total T:  312834 | Ep: 3388 | Steps:  126 | Reward:   318.97
Total T:  312959 | Ep: 3389 | Steps:  125 | Reward:   306.47
Total T:  313094 | Ep: 3390 | Steps:  135 | Reward:   324.25
Total T:  313231 | Ep: 3391 | Steps:  137 | Reward:   331.63
Total T:  313364 | Ep: 3392 | Steps:  133 | Reward:   332.21
Total T:  313488 | Ep: 3393 | Steps:  124 | Reward:   303.23
Total T:  313614 | Ep: 3394 | Steps:  126 | Reward:   307.68
Total T:  313752 | Ep: 3395 | Steps:  138 | Reward:   326.41
Total T:  313883 | Ep: 3396 | Steps:  131 | Reward:   332.86
Total T:  314006 | Ep: 3397 | Steps:  123 | Reward:   297.66
Total T:  314132 | Ep: 3398 | Steps:  126 | Reward:   307.02
Total T:  314268 | Ep: 3399 | Steps:  136 | Reward:   343.19
Total T:  314400 | Ep: 3400 | Steps:  132 | Reward:   336.22
Total T:  314523 | Ep: 3401 | Steps:  123 | Reward:   298.53
Total T:  314659 | Ep: 3402 | Steps:  136 | Reward:   343.68
Total T:  314793 | Ep: 3403 | Steps:  134 | Reward:   328.85
Total T:  314926 | Ep: 3404 | Steps:  133 | Reward:   326.54
Total T:  315062 | Ep: 3405 | Steps:  136 | Reward:   340.34
Total T:  315197 | Ep: 3406 | Steps:  135 | Reward:   331.72
Total T:  315323 | Ep: 3407 | Steps:  126 | Reward:   310.10
Total T:  315455 | Ep: 3408 | Steps:  132 | Reward:   334.74
Total T:  315588 | Ep: 3409 | Steps:  133 | Reward:   331.88
Total T:  315719 | Ep: 3410 | Steps:  131 | Reward:   330.83
Total T:  315853 | Ep: 3411 | Steps:  134 | Reward:   331.26
Total T:  315990 | Ep: 3412 | Steps:  137 | Reward:   333.14
Total T:  316128 | Ep: 3413 | Steps:  138 | Reward:   332.37
Total T:  316261 | Ep: 3414 | Steps:  133 | Reward:   325.50
Total T:  316391 | Ep: 3415 | Steps:  130 | Reward:   322.06
Total T:  316525 | Ep: 3416 | Steps:  134 | Reward:   330.24
Total T:  316658 | Ep: 3417 | Steps:  133 | Reward:   339.26
Total T:  316796 | Ep: 3418 | Steps:  138 | Reward:   341.19
Total T:  316929 | Ep: 3419 | Steps:  133 | Reward:   333.13
Total T:  317065 | Ep: 3420 | Steps:  136 | Reward:   332.26
Total T:  317198 | Ep: 3421 | Steps:  133 | Reward:   329.40
Total T:  317332 | Ep: 3422 | Steps:  134 | Reward:   321.45
Total T:  317463 | Ep: 3423 | Steps:  131 | Reward:   321.71
Total T:  317591 | Ep: 3424 | Steps:  128 | Reward:   309.50
Total T:  317718 | Ep: 3425 | Steps:  127 | Reward:   307.13
Total T:  317853 | Ep: 3426 | Steps:  135 | Reward:   326.04
Total T:  317986 | Ep: 3427 | Steps:  133 | Reward:   329.29
Total T:  318117 | Ep: 3428 | Steps:  131 | Reward:   329.15
Total T:  318247 | Ep: 3429 | Steps:  130 | Reward:   319.76
Total T:  318378 | Ep: 3430 | Steps:  131 | Reward:   324.31
Total T:  318512 | Ep: 3431 | Steps:  134 | Reward:   323.50
Total T:  318649 | Ep: 3432 | Steps:  137 | Reward:   334.15
Total T:  318780 | Ep: 3433 | Steps:  131 | Reward:   325.03
Total T:  318912 | Ep: 3434 | Steps:  132 | Reward:   330.99
Total T:  319046 | Ep: 3435 | Steps:  134 | Reward:   331.65
Total T:  319184 | Ep: 3436 | Steps:  138 | Reward:   330.78
Total T:  319324 | Ep: 3437 | Steps:  140 | Reward:   334.64
Total T:  319453 | Ep: 3438 | Steps:  129 | Reward:   323.17
Total T:  319590 | Ep: 3439 | Steps:  137 | Reward:   335.91
Total T:  319723 | Ep: 3440 | Steps:  133 | Reward:   333.60
Total T:  319860 | Ep: 3441 | Steps:  137 | Reward:   334.02
Total T:  319987 | Ep: 3442 | Steps:  127 | Reward:   318.18
---------------------------------------
Evaluation over 10 episodes: 326.372
---------------------------------------
Total T:  320123 | Ep: 3443 | Steps:  136 | Reward:   336.19
Total T:  320252 | Ep: 3444 | Steps:  129 | Reward:   319.71
Total T:  320378 | Ep: 3445 | Steps:  126 | Reward:   308.20
Total T:  320512 | Ep: 3446 | Steps:  134 | Reward:   333.56
Total T:  320646 | Ep: 3447 | Steps:  134 | Reward:   334.45
Total T:  320776 | Ep: 3448 | Steps:  130 | Reward:   317.54
Total T:  320906 | Ep: 3449 | Steps:  130 | Reward:   324.28
Total T:  321040 | Ep: 3450 | Steps:  134 | Reward:   331.54
Total T:  321173 | Ep: 3451 | Steps:  133 | Reward:   326.34
Total T:  321304 | Ep: 3452 | Steps:  131 | Reward:   329.41
Total T:  321440 | Ep: 3453 | Steps:  136 | Reward:   336.14
Total T:  321573 | Ep: 3454 | Steps:  133 | Reward:   330.92
Total T:  321704 | Ep: 3455 | Steps:  131 | Reward:   327.77
Total T:  321837 | Ep: 3456 | Steps:  133 | Reward:   333.69
Total T:  321971 | Ep: 3457 | Steps:  134 | Reward:   331.38
Total T:  322108 | Ep: 3458 | Steps:  137 | Reward:   337.40
Total T:  322245 | Ep: 3459 | Steps:  137 | Reward:   337.87
Total T:  322371 | Ep: 3460 | Steps:  126 | Reward:   310.06
Total T:  322507 | Ep: 3461 | Steps:  136 | Reward:   336.18
Total T:  322643 | Ep: 3462 | Steps:  136 | Reward:   326.63
Total T:  322778 | Ep: 3463 | Steps:  135 | Reward:   330.93
Total T:  322917 | Ep: 3464 | Steps:  139 | Reward:   331.38
Total T:  323051 | Ep: 3465 | Steps:  134 | Reward:   331.34
Total T:  323188 | Ep: 3466 | Steps:  137 | Reward:   331.65
Total T:  323326 | Ep: 3467 | Steps:  138 | Reward:   328.14
Total T:  323461 | Ep: 3468 | Steps:  135 | Reward:   334.83
Total T:  323601 | Ep: 3469 | Steps:  140 | Reward:   338.16
Total T:  323735 | Ep: 3470 | Steps:  134 | Reward:   329.97
Total T:  323872 | Ep: 3471 | Steps:  137 | Reward:   335.92
Total T:  324014 | Ep: 3472 | Steps:  142 | Reward:   334.05
Total T:  324148 | Ep: 3473 | Steps:  134 | Reward:   327.86
Total T:  324279 | Ep: 3474 | Steps:  131 | Reward:   329.07
Total T:  324419 | Ep: 3475 | Steps:  140 | Reward:   329.22
Total T:  324557 | Ep: 3476 | Steps:  138 | Reward:   329.12
Total T:  324689 | Ep: 3477 | Steps:  132 | Reward:   330.17
Total T:  324813 | Ep: 3478 | Steps:  124 | Reward:   300.41
Total T:  324953 | Ep: 3479 | Steps:  140 | Reward:   330.63
Total T:  325089 | Ep: 3480 | Steps:  136 | Reward:   334.81
Total T:  325225 | Ep: 3481 | Steps:  136 | Reward:   335.34
Total T:  325355 | Ep: 3482 | Steps:  130 | Reward:   321.56
Total T:  325497 | Ep: 3483 | Steps:  142 | Reward:   336.42
Total T:  325633 | Ep: 3484 | Steps:  136 | Reward:   334.82
Total T:  325772 | Ep: 3485 | Steps:  139 | Reward:   337.38
Total T:  325911 | Ep: 3486 | Steps:  139 | Reward:   331.66
Total T:  326053 | Ep: 3487 | Steps:  142 | Reward:   331.54
Total T:  326196 | Ep: 3488 | Steps:  143 | Reward:   343.68
Total T:  326329 | Ep: 3489 | Steps:  133 | Reward:   328.63
Total T:  326464 | Ep: 3490 | Steps:  135 | Reward:   331.42
Total T:  326599 | Ep: 3491 | Steps:  135 | Reward:   326.41
Total T:  326738 | Ep: 3492 | Steps:  139 | Reward:   340.00
Total T:  326876 | Ep: 3493 | Steps:  138 | Reward:   328.57
Total T:  327010 | Ep: 3494 | Steps:  134 | Reward:   328.02
Total T:  327149 | Ep: 3495 | Steps:  139 | Reward:   335.04
Total T:  327286 | Ep: 3496 | Steps:  137 | Reward:   323.39
Total T:  327419 | Ep: 3497 | Steps:  133 | Reward:   323.63
Total T:  327553 | Ep: 3498 | Steps:  134 | Reward:   321.44
Total T:  327685 | Ep: 3499 | Steps:  132 | Reward:   319.55
Total T:  327824 | Ep: 3500 | Steps:  139 | Reward:   332.32
Total T:  327967 | Ep: 3501 | Steps:  143 | Reward:   349.52
Total T:  328102 | Ep: 3502 | Steps:  135 | Reward:   326.96
Total T:  328235 | Ep: 3503 | Steps:  133 | Reward:   319.61
Total T:  328369 | Ep: 3504 | Steps:  134 | Reward:   329.43
Total T:  328501 | Ep: 3505 | Steps:  132 | Reward:   326.72
Total T:  328642 | Ep: 3506 | Steps:  141 | Reward:   335.28
Total T:  328784 | Ep: 3507 | Steps:  142 | Reward:   345.10
Total T:  328928 | Ep: 3508 | Steps:  144 | Reward:   336.74
Total T:  329059 | Ep: 3509 | Steps:  131 | Reward:   315.44
Total T:  329197 | Ep: 3510 | Steps:  138 | Reward:   334.51
Total T:  329339 | Ep: 3511 | Steps:  142 | Reward:   333.91
Total T:  329477 | Ep: 3512 | Steps:  138 | Reward:   332.79
Total T:  329619 | Ep: 3513 | Steps:  142 | Reward:   337.09
Total T:  329751 | Ep: 3514 | Steps:  132 | Reward:   328.12
Total T:  329895 | Ep: 3515 | Steps:  144 | Reward:   337.74
---------------------------------------
Evaluation over 10 episodes: 334.585
---------------------------------------
Total T:  330032 | Ep: 3516 | Steps:  137 | Reward:   328.27
Total T:  330166 | Ep: 3517 | Steps:  134 | Reward:   327.82
Total T:  330305 | Ep: 3518 | Steps:  139 | Reward:   324.61
Total T:  330445 | Ep: 3519 | Steps:  140 | Reward:   331.38
Total T:  330577 | Ep: 3520 | Steps:  132 | Reward:   327.94
Total T:  330709 | Ep: 3521 | Steps:  132 | Reward:   327.58
Total T:  330841 | Ep: 3522 | Steps:  132 | Reward:   319.41
Total T:  330980 | Ep: 3523 | Steps:  139 | Reward:   327.50
Total T:  331110 | Ep: 3524 | Steps:  130 | Reward:   324.43
Total T:  331241 | Ep: 3525 | Steps:  131 | Reward:   324.27
Total T:  331370 | Ep: 3526 | Steps:  129 | Reward:   319.00
Total T:  331507 | Ep: 3527 | Steps:  137 | Reward:   326.98
Total T:  331642 | Ep: 3528 | Steps:  135 | Reward:   325.21
Total T:  331774 | Ep: 3529 | Steps:  132 | Reward:   324.01
Total T:  331909 | Ep: 3530 | Steps:  135 | Reward:   323.08
Total T:  332043 | Ep: 3531 | Steps:  134 | Reward:   335.90
Total T:  332187 | Ep: 3532 | Steps:  144 | Reward:   334.98
Total T:  332324 | Ep: 3533 | Steps:  137 | Reward:   329.61
Total T:  332456 | Ep: 3534 | Steps:  132 | Reward:   330.10
Total T:  332587 | Ep: 3535 | Steps:  131 | Reward:   324.69
Total T:  332717 | Ep: 3536 | Steps:  130 | Reward:   323.48
Total T:  332856 | Ep: 3537 | Steps:  139 | Reward:   321.42
Total T:  332994 | Ep: 3538 | Steps:  138 | Reward:   322.45
Total T:  333136 | Ep: 3539 | Steps:  142 | Reward:   328.09
Total T:  333275 | Ep: 3540 | Steps:  139 | Reward:   326.41
Total T:  333408 | Ep: 3541 | Steps:  133 | Reward:   334.58
Total T:  333549 | Ep: 3542 | Steps:  141 | Reward:   330.44
Total T:  333684 | Ep: 3543 | Steps:  135 | Reward:   337.71
Total T:  333818 | Ep: 3544 | Steps:  134 | Reward:   329.28
Total T:  333956 | Ep: 3545 | Steps:  138 | Reward:   333.28
Total T:  334092 | Ep: 3546 | Steps:  136 | Reward:   340.47
Total T:  334226 | Ep: 3547 | Steps:  134 | Reward:   330.55
Total T:  334367 | Ep: 3548 | Steps:  141 | Reward:   331.90
Total T:  334503 | Ep: 3549 | Steps:  136 | Reward:   331.90
Total T:  334638 | Ep: 3550 | Steps:  135 | Reward:   320.41
Total T:  334774 | Ep: 3551 | Steps:  136 | Reward:   321.87
Total T:  334912 | Ep: 3552 | Steps:  138 | Reward:   327.78
Total T:  335050 | Ep: 3553 | Steps:  138 | Reward:   331.87
Total T:  335184 | Ep: 3554 | Steps:  134 | Reward:   321.11
Total T:  335318 | Ep: 3555 | Steps:  134 | Reward:   340.49
Total T:  335461 | Ep: 3556 | Steps:  143 | Reward:   335.72
Total T:  335600 | Ep: 3557 | Steps:  139 | Reward:   338.23
Total T:  335737 | Ep: 3558 | Steps:  137 | Reward:   327.70
Total T:  335880 | Ep: 3559 | Steps:  143 | Reward:   335.12
Total T:  336021 | Ep: 3560 | Steps:  141 | Reward:   338.34
Total T:  336160 | Ep: 3561 | Steps:  139 | Reward:   329.52
Total T:  336296 | Ep: 3562 | Steps:  136 | Reward:   340.30
Total T:  336434 | Ep: 3563 | Steps:  138 | Reward:   334.23
Total T:  336570 | Ep: 3564 | Steps:  136 | Reward:   327.08
Total T:  336707 | Ep: 3565 | Steps:  137 | Reward:   336.23
Total T:  336844 | Ep: 3566 | Steps:  137 | Reward:   325.86
Total T:  336981 | Ep: 3567 | Steps:  137 | Reward:   338.59
Total T:  337115 | Ep: 3568 | Steps:  134 | Reward:   331.05
Total T:  337252 | Ep: 3569 | Steps:  137 | Reward:   341.37
Total T:  337386 | Ep: 3570 | Steps:  134 | Reward:   331.54
Total T:  337518 | Ep: 3571 | Steps:  132 | Reward:   327.85
Total T:  337652 | Ep: 3572 | Steps:  134 | Reward:   333.50
Total T:  337786 | Ep: 3573 | Steps:  134 | Reward:   329.49
Total T:  337924 | Ep: 3574 | Steps:  138 | Reward:   337.70
Total T:  338062 | Ep: 3575 | Steps:  138 | Reward:   341.14
Total T:  338200 | Ep: 3576 | Steps:  138 | Reward:   338.42
Total T:  338334 | Ep: 3577 | Steps:  134 | Reward:   337.92
Total T:  338471 | Ep: 3578 | Steps:  137 | Reward:   335.94
Total T:  338605 | Ep: 3579 | Steps:  134 | Reward:   334.07
Total T:  338740 | Ep: 3580 | Steps:  135 | Reward:   335.14
Total T:  338873 | Ep: 3581 | Steps:  133 | Reward:   334.50
Total T:  339008 | Ep: 3582 | Steps:  135 | Reward:   332.49
Total T:  339142 | Ep: 3583 | Steps:  134 | Reward:   332.76
Total T:  339276 | Ep: 3584 | Steps:  134 | Reward:   329.06
Total T:  339410 | Ep: 3585 | Steps:  134 | Reward:   337.29
Total T:  339544 | Ep: 3586 | Steps:  134 | Reward:   333.83
Total T:  339680 | Ep: 3587 | Steps:  136 | Reward:   340.93
Total T:  339813 | Ep: 3588 | Steps:  133 | Reward:   329.95
Total T:  339948 | Ep: 3589 | Steps:  135 | Reward:   336.19
---------------------------------------
Evaluation over 10 episodes: 335.432
---------------------------------------
Total T:  340083 | Ep: 3590 | Steps:  135 | Reward:   341.68
Total T:  340217 | Ep: 3591 | Steps:  134 | Reward:   337.08
Total T:  340352 | Ep: 3592 | Steps:  135 | Reward:   331.47
Total T:  340489 | Ep: 3593 | Steps:  137 | Reward:   341.49
Total T:  340620 | Ep: 3594 | Steps:  131 | Reward:   330.33
Total T:  340754 | Ep: 3595 | Steps:  134 | Reward:   334.86
Total T:  340887 | Ep: 3596 | Steps:  133 | Reward:   336.52
Total T:  341021 | Ep: 3597 | Steps:  134 | Reward:   331.16
Total T:  341155 | Ep: 3598 | Steps:  134 | Reward:   330.80
Total T:  341291 | Ep: 3599 | Steps:  136 | Reward:   336.12
Total T:  341426 | Ep: 3600 | Steps:  135 | Reward:   331.08
Total T:  341563 | Ep: 3601 | Steps:  137 | Reward:   342.12
Total T:  341695 | Ep: 3602 | Steps:  132 | Reward:   326.25
Total T:  341830 | Ep: 3603 | Steps:  135 | Reward:   336.57
Total T:  341965 | Ep: 3604 | Steps:  135 | Reward:   335.86
Total T:  342089 | Ep: 3605 | Steps:  124 | Reward:   306.33
Total T:  342223 | Ep: 3606 | Steps:  134 | Reward:   339.41
Total T:  342355 | Ep: 3607 | Steps:  132 | Reward:   326.58
Total T:  342481 | Ep: 3608 | Steps:  126 | Reward:   307.16
Total T:  342610 | Ep: 3609 | Steps:  129 | Reward:   320.66
Total T:  342743 | Ep: 3610 | Steps:  133 | Reward:   330.94
Total T:  342876 | Ep: 3611 | Steps:  133 | Reward:   333.52
Total T:  343002 | Ep: 3612 | Steps:  126 | Reward:   315.76
Total T:  343137 | Ep: 3613 | Steps:  135 | Reward:   336.77
Total T:  343268 | Ep: 3614 | Steps:  131 | Reward:   330.45
Total T:  343400 | Ep: 3615 | Steps:  132 | Reward:   331.34
Total T:  343532 | Ep: 3616 | Steps:  132 | Reward:   331.07
Total T:  343664 | Ep: 3617 | Steps:  132 | Reward:   328.34
Total T:  343794 | Ep: 3618 | Steps:  130 | Reward:   328.65
Total T:  343924 | Ep: 3619 | Steps:  130 | Reward:   321.50
Total T:  344057 | Ep: 3620 | Steps:  133 | Reward:   334.48
Total T:  344187 | Ep: 3621 | Steps:  130 | Reward:   323.74
Total T:  344322 | Ep: 3622 | Steps:  135 | Reward:   336.90
Total T:  344455 | Ep: 3623 | Steps:  133 | Reward:   335.53
Total T:  344585 | Ep: 3624 | Steps:  130 | Reward:   318.80
Total T:  344719 | Ep: 3625 | Steps:  134 | Reward:   330.70
Total T:  344851 | Ep: 3626 | Steps:  132 | Reward:   333.75
Total T:  344983 | Ep: 3627 | Steps:  132 | Reward:   332.64
Total T:  345114 | Ep: 3628 | Steps:  131 | Reward:   330.04
Total T:  345246 | Ep: 3629 | Steps:  132 | Reward:   331.09
Total T:  345376 | Ep: 3630 | Steps:  130 | Reward:   327.43
Total T:  345509 | Ep: 3631 | Steps:  133 | Reward:   327.47
Total T:  345637 | Ep: 3632 | Steps:  128 | Reward:   320.89
Total T:  345771 | Ep: 3633 | Steps:  134 | Reward:   331.51
Total T:  345904 | Ep: 3634 | Steps:  133 | Reward:   333.24
Total T:  346038 | Ep: 3635 | Steps:  134 | Reward:   333.63
Total T:  346169 | Ep: 3636 | Steps:  131 | Reward:   318.80
Total T:  346296 | Ep: 3637 | Steps:  127 | Reward:   321.81
Total T:  346427 | Ep: 3638 | Steps:  131 | Reward:   332.43
Total T:  346560 | Ep: 3639 | Steps:  133 | Reward:   334.36
Total T:  346693 | Ep: 3640 | Steps:  133 | Reward:   333.00
Total T:  346825 | Ep: 3641 | Steps:  132 | Reward:   331.85
Total T:  346957 | Ep: 3642 | Steps:  132 | Reward:   326.99
Total T:  347090 | Ep: 3643 | Steps:  133 | Reward:   332.49
Total T:  347223 | Ep: 3644 | Steps:  133 | Reward:   334.52
Total T:  347354 | Ep: 3645 | Steps:  131 | Reward:   331.32
Total T:  347487 | Ep: 3646 | Steps:  133 | Reward:   333.52
Total T:  347620 | Ep: 3647 | Steps:  133 | Reward:   333.59
Total T:  347752 | Ep: 3648 | Steps:  132 | Reward:   335.82
Total T:  347884 | Ep: 3649 | Steps:  132 | Reward:   333.95
Total T:  348016 | Ep: 3650 | Steps:  132 | Reward:   334.24
Total T:  348147 | Ep: 3651 | Steps:  131 | Reward:   332.49
Total T:  348278 | Ep: 3652 | Steps:  131 | Reward:   329.78
Total T:  348410 | Ep: 3653 | Steps:  132 | Reward:   335.53
Total T:  348542 | Ep: 3654 | Steps:  132 | Reward:   332.33
Total T:  348675 | Ep: 3655 | Steps:  133 | Reward:   338.24
Total T:  348807 | Ep: 3656 | Steps:  132 | Reward:   330.27
Total T:  348940 | Ep: 3657 | Steps:  133 | Reward:   336.53
Total T:  349074 | Ep: 3658 | Steps:  134 | Reward:   337.34
Total T:  349205 | Ep: 3659 | Steps:  131 | Reward:   331.40
Total T:  349337 | Ep: 3660 | Steps:  132 | Reward:   334.54
Total T:  349471 | Ep: 3661 | Steps:  134 | Reward:   337.34
Total T:  349603 | Ep: 3662 | Steps:  132 | Reward:   330.93
Total T:  349733 | Ep: 3663 | Steps:  130 | Reward:   328.05
Total T:  349867 | Ep: 3664 | Steps:  134 | Reward:   339.26
Total T:  349999 | Ep: 3665 | Steps:  132 | Reward:   334.51
---------------------------------------
Evaluation over 10 episodes: 329.322
---------------------------------------
Total T:  350129 | Ep: 3666 | Steps:  130 | Reward:   325.70
Total T:  350260 | Ep: 3667 | Steps:  131 | Reward:   330.88
Total T:  350391 | Ep: 3668 | Steps:  131 | Reward:   329.76
Total T:  350526 | Ep: 3669 | Steps:  135 | Reward:   338.74
Total T:  350658 | Ep: 3670 | Steps:  132 | Reward:   333.24
Total T:  350789 | Ep: 3671 | Steps:  131 | Reward:   331.12
Total T:  350919 | Ep: 3672 | Steps:  130 | Reward:   327.48
Total T:  351053 | Ep: 3673 | Steps:  134 | Reward:   338.26
Total T:  351187 | Ep: 3674 | Steps:  134 | Reward:   335.41
Total T:  351318 | Ep: 3675 | Steps:  131 | Reward:   329.31
Total T:  351453 | Ep: 3676 | Steps:  135 | Reward:   335.81
Total T:  351585 | Ep: 3677 | Steps:  132 | Reward:   330.88
Total T:  351718 | Ep: 3678 | Steps:  133 | Reward:   334.50
Total T:  351850 | Ep: 3679 | Steps:  132 | Reward:   335.22
Total T:  351982 | Ep: 3680 | Steps:  132 | Reward:   332.86
Total T:  352115 | Ep: 3681 | Steps:  133 | Reward:   338.09
Total T:  352242 | Ep: 3682 | Steps:  127 | Reward:   319.21
Total T:  352373 | Ep: 3683 | Steps:  131 | Reward:   329.79
Total T:  352507 | Ep: 3684 | Steps:  134 | Reward:   332.76
Total T:  352635 | Ep: 3685 | Steps:  128 | Reward:   320.69
Total T:  352767 | Ep: 3686 | Steps:  132 | Reward:   331.73
Total T:  352899 | Ep: 3687 | Steps:  132 | Reward:   338.66
Total T:  353028 | Ep: 3688 | Steps:  129 | Reward:   323.93
Total T:  353154 | Ep: 3689 | Steps:  126 | Reward:   315.99
Total T:  353286 | Ep: 3690 | Steps:  132 | Reward:   332.81
Total T:  353416 | Ep: 3691 | Steps:  130 | Reward:   327.55
Total T:  353546 | Ep: 3692 | Steps:  130 | Reward:   325.60
Total T:  353677 | Ep: 3693 | Steps:  131 | Reward:   329.31
Total T:  353811 | Ep: 3694 | Steps:  134 | Reward:   339.78
Total T:  353942 | Ep: 3695 | Steps:  131 | Reward:   329.81
Total T:  354074 | Ep: 3696 | Steps:  132 | Reward:   327.58
Total T:  354207 | Ep: 3697 | Steps:  133 | Reward:   336.15
Total T:  354339 | Ep: 3698 | Steps:  132 | Reward:   334.07
Total T:  354461 | Ep: 3699 | Steps:  122 | Reward:   302.09
Total T:  354595 | Ep: 3700 | Steps:  134 | Reward:   334.58
Total T:  354728 | Ep: 3701 | Steps:  133 | Reward:   334.01
Total T:  354862 | Ep: 3702 | Steps:  134 | Reward:   333.67
Total T:  354989 | Ep: 3703 | Steps:  127 | Reward:   315.65
Total T:  355122 | Ep: 3704 | Steps:  133 | Reward:   335.88
Total T:  355254 | Ep: 3705 | Steps:  132 | Reward:   332.02
Total T:  355385 | Ep: 3706 | Steps:  131 | Reward:   335.37
Total T:  355516 | Ep: 3707 | Steps:  131 | Reward:   328.29
Total T:  355649 | Ep: 3708 | Steps:  133 | Reward:   336.33
Total T:  355782 | Ep: 3709 | Steps:  133 | Reward:   335.46
Total T:  355913 | Ep: 3710 | Steps:  131 | Reward:   332.02
Total T:  356046 | Ep: 3711 | Steps:  133 | Reward:   334.34
Total T:  356179 | Ep: 3712 | Steps:  133 | Reward:   339.02
Total T:  356314 | Ep: 3713 | Steps:  135 | Reward:   343.36
Total T:  356448 | Ep: 3714 | Steps:  134 | Reward:   337.09
Total T:  356581 | Ep: 3715 | Steps:  133 | Reward:   334.85
Total T:  356712 | Ep: 3716 | Steps:  131 | Reward:   332.42
Total T:  356845 | Ep: 3717 | Steps:  133 | Reward:   335.12
Total T:  356976 | Ep: 3718 | Steps:  131 | Reward:   328.69
Total T:  357107 | Ep: 3719 | Steps:  131 | Reward:   329.64
Total T:  357237 | Ep: 3720 | Steps:  130 | Reward:   325.04
Total T:  357367 | Ep: 3721 | Steps:  130 | Reward:   323.65
Total T:  357501 | Ep: 3722 | Steps:  134 | Reward:   335.10
Total T:  357630 | Ep: 3723 | Steps:  129 | Reward:   324.67
Total T:  357763 | Ep: 3724 | Steps:  133 | Reward:   335.57
Total T:  357895 | Ep: 3725 | Steps:  132 | Reward:   332.48
Total T:  358029 | Ep: 3726 | Steps:  134 | Reward:   337.90
Total T:  358161 | Ep: 3727 | Steps:  132 | Reward:   334.03
Total T:  358296 | Ep: 3728 | Steps:  135 | Reward:   340.56
Total T:  358426 | Ep: 3729 | Steps:  130 | Reward:   322.27
Total T:  358561 | Ep: 3730 | Steps:  135 | Reward:   337.93
Total T:  358693 | Ep: 3731 | Steps:  132 | Reward:   332.16
Total T:  358826 | Ep: 3732 | Steps:  133 | Reward:   335.62
Total T:  358956 | Ep: 3733 | Steps:  130 | Reward:   327.00
Total T:  359088 | Ep: 3734 | Steps:  132 | Reward:   332.15
Total T:  359216 | Ep: 3735 | Steps:  128 | Reward:   316.13
Total T:  359349 | Ep: 3736 | Steps:  133 | Reward:   337.14
Total T:  359484 | Ep: 3737 | Steps:  135 | Reward:   339.30
Total T:  359618 | Ep: 3738 | Steps:  134 | Reward:   340.59
Total T:  359753 | Ep: 3739 | Steps:  135 | Reward:   342.22
Total T:  359882 | Ep: 3740 | Steps:  129 | Reward:   316.82
---------------------------------------
Evaluation over 10 episodes: 338.509
---------------------------------------
Total T:  360016 | Ep: 3741 | Steps:  134 | Reward:   337.87
Total T:  360143 | Ep: 3742 | Steps:  127 | Reward:   313.11
Total T:  360278 | Ep: 3743 | Steps:  135 | Reward:   339.35
Total T:  360413 | Ep: 3744 | Steps:  135 | Reward:   341.39
Total T:  360549 | Ep: 3745 | Steps:  136 | Reward:   339.56
Total T:  360685 | Ep: 3746 | Steps:  136 | Reward:   342.83
Total T:  360820 | Ep: 3747 | Steps:  135 | Reward:   339.93
Total T:  360954 | Ep: 3748 | Steps:  134 | Reward:   335.85
Total T:  361088 | Ep: 3749 | Steps:  134 | Reward:   333.13
Total T:  361222 | Ep: 3750 | Steps:  134 | Reward:   337.00
Total T:  361358 | Ep: 3751 | Steps:  136 | Reward:   344.97
Total T:  361484 | Ep: 3752 | Steps:  126 | Reward:   314.66
Total T:  361617 | Ep: 3753 | Steps:  133 | Reward:   334.39
Total T:  361751 | Ep: 3754 | Steps:  134 | Reward:   334.38
Total T:  361885 | Ep: 3755 | Steps:  134 | Reward:   333.38
Total T:  362019 | Ep: 3756 | Steps:  134 | Reward:   338.35
Total T:  362153 | Ep: 3757 | Steps:  134 | Reward:   335.64
Total T:  362285 | Ep: 3758 | Steps:  132 | Reward:   325.72
Total T:  362420 | Ep: 3759 | Steps:  135 | Reward:   338.36
Total T:  362554 | Ep: 3760 | Steps:  134 | Reward:   338.22
Total T:  362686 | Ep: 3761 | Steps:  132 | Reward:   330.25
Total T:  362822 | Ep: 3762 | Steps:  136 | Reward:   343.95
Total T:  362958 | Ep: 3763 | Steps:  136 | Reward:   344.47
Total T:  363094 | Ep: 3764 | Steps:  136 | Reward:   342.75
Total T:  363228 | Ep: 3765 | Steps:  134 | Reward:   337.80
Total T:  363364 | Ep: 3766 | Steps:  136 | Reward:   343.87
Total T:  363498 | Ep: 3767 | Steps:  134 | Reward:   338.14
Total T:  363632 | Ep: 3768 | Steps:  134 | Reward:   336.88
Total T:  363767 | Ep: 3769 | Steps:  135 | Reward:   340.49
Total T:  363901 | Ep: 3770 | Steps:  134 | Reward:   339.52
Total T:  364035 | Ep: 3771 | Steps:  134 | Reward:   335.67
Total T:  364168 | Ep: 3772 | Steps:  133 | Reward:   332.84
Total T:  364301 | Ep: 3773 | Steps:  133 | Reward:   331.59
Total T:  364436 | Ep: 3774 | Steps:  135 | Reward:   341.90
Total T:  364571 | Ep: 3775 | Steps:  135 | Reward:   338.44
Total T:  364705 | Ep: 3776 | Steps:  134 | Reward:   339.95
Total T:  364839 | Ep: 3777 | Steps:  134 | Reward:   334.86
Total T:  364973 | Ep: 3778 | Steps:  134 | Reward:   339.56
Total T:  365106 | Ep: 3779 | Steps:  133 | Reward:   333.86
Total T:  365241 | Ep: 3780 | Steps:  135 | Reward:   335.34
Total T:  365374 | Ep: 3781 | Steps:  133 | Reward:   333.88
Total T:  365509 | Ep: 3782 | Steps:  135 | Reward:   334.18
Total T:  365644 | Ep: 3783 | Steps:  135 | Reward:   338.57
Total T:  365777 | Ep: 3784 | Steps:  133 | Reward:   330.03
Total T:  365911 | Ep: 3785 | Steps:  134 | Reward:   336.28
Total T:  366049 | Ep: 3786 | Steps:  138 | Reward:   344.73
Total T:  366186 | Ep: 3787 | Steps:  137 | Reward:   344.90
Total T:  366324 | Ep: 3788 | Steps:  138 | Reward:   341.30
Total T:  366457 | Ep: 3789 | Steps:  133 | Reward:   329.63
Total T:  366593 | Ep: 3790 | Steps:  136 | Reward:   346.27
Total T:  366732 | Ep: 3791 | Steps:  139 | Reward:   344.25
Total T:  366867 | Ep: 3792 | Steps:  135 | Reward:   340.84
Total T:  366998 | Ep: 3793 | Steps:  131 | Reward:   328.84
Total T:  367137 | Ep: 3794 | Steps:  139 | Reward:   340.51
Total T:  367271 | Ep: 3795 | Steps:  134 | Reward:   334.63
Total T:  367407 | Ep: 3796 | Steps:  136 | Reward:   344.14
Total T:  367543 | Ep: 3797 | Steps:  136 | Reward:   341.21
Total T:  367676 | Ep: 3798 | Steps:  133 | Reward:   334.29
Total T:  367811 | Ep: 3799 | Steps:  135 | Reward:   343.27
Total T:  367947 | Ep: 3800 | Steps:  136 | Reward:   338.64
Total T:  368083 | Ep: 3801 | Steps:  136 | Reward:   338.44
Total T:  368218 | Ep: 3802 | Steps:  135 | Reward:   336.82
Total T:  368353 | Ep: 3803 | Steps:  135 | Reward:   338.50
Total T:  368489 | Ep: 3804 | Steps:  136 | Reward:   338.68
Total T:  368628 | Ep: 3805 | Steps:  139 | Reward:   335.12
Total T:  368761 | Ep: 3806 | Steps:  133 | Reward:   330.73
Total T:  368894 | Ep: 3807 | Steps:  133 | Reward:   331.78
Total T:  369030 | Ep: 3808 | Steps:  136 | Reward:   338.92
Total T:  369163 | Ep: 3809 | Steps:  133 | Reward:   333.45
Total T:  369299 | Ep: 3810 | Steps:  136 | Reward:   334.46
Total T:  369432 | Ep: 3811 | Steps:  133 | Reward:   333.56
Total T:  369566 | Ep: 3812 | Steps:  134 | Reward:   335.22
Total T:  369699 | Ep: 3813 | Steps:  133 | Reward:   333.45
Total T:  369833 | Ep: 3814 | Steps:  134 | Reward:   332.52
Total T:  369965 | Ep: 3815 | Steps:  132 | Reward:   331.52
---------------------------------------
Evaluation over 10 episodes: 334.064
---------------------------------------
Total T:  370096 | Ep: 3816 | Steps:  131 | Reward:   328.90
Total T:  370230 | Ep: 3817 | Steps:  134 | Reward:   333.44
Total T:  370366 | Ep: 3818 | Steps:  136 | Reward:   341.80
Total T:  370501 | Ep: 3819 | Steps:  135 | Reward:   341.32
Total T:  370636 | Ep: 3820 | Steps:  135 | Reward:   342.69
Total T:  370770 | Ep: 3821 | Steps:  134 | Reward:   342.83
Total T:  370900 | Ep: 3822 | Steps:  130 | Reward:   316.09
Total T:  371032 | Ep: 3823 | Steps:  132 | Reward:   329.95
Total T:  371169 | Ep: 3824 | Steps:  137 | Reward:   340.21
Total T:  371307 | Ep: 3825 | Steps:  138 | Reward:   338.14
Total T:  371442 | Ep: 3826 | Steps:  135 | Reward:   334.86
Total T:  371578 | Ep: 3827 | Steps:  136 | Reward:   337.67
Total T:  371711 | Ep: 3828 | Steps:  133 | Reward:   333.74
Total T:  371845 | Ep: 3829 | Steps:  134 | Reward:   335.40
Total T:  371976 | Ep: 3830 | Steps:  131 | Reward:   328.50
Total T:  372111 | Ep: 3831 | Steps:  135 | Reward:   337.61
Total T:  372243 | Ep: 3832 | Steps:  132 | Reward:   331.73
Total T:  372377 | Ep: 3833 | Steps:  134 | Reward:   338.43
Total T:  372510 | Ep: 3834 | Steps:  133 | Reward:   334.61
Total T:  372641 | Ep: 3835 | Steps:  131 | Reward:   330.27
Total T:  372774 | Ep: 3836 | Steps:  133 | Reward:   335.60
Total T:  372904 | Ep: 3837 | Steps:  130 | Reward:   320.10
Total T:  373039 | Ep: 3838 | Steps:  135 | Reward:   336.21
Total T:  373167 | Ep: 3839 | Steps:  128 | Reward:   319.10
Total T:  373299 | Ep: 3840 | Steps:  132 | Reward:   333.10
Total T:  373433 | Ep: 3841 | Steps:  134 | Reward:   331.76
Total T:  373567 | Ep: 3842 | Steps:  134 | Reward:   334.31
Total T:  373699 | Ep: 3843 | Steps:  132 | Reward:   331.68
Total T:  373832 | Ep: 3844 | Steps:  133 | Reward:   334.11
Total T:  373968 | Ep: 3845 | Steps:  136 | Reward:   332.68
Total T:  374105 | Ep: 3846 | Steps:  137 | Reward:   336.04
Total T:  374241 | Ep: 3847 | Steps:  136 | Reward:   339.96
Total T:  374373 | Ep: 3848 | Steps:  132 | Reward:   329.82
Total T:  374503 | Ep: 3849 | Steps:  130 | Reward:   325.46
Total T:  374636 | Ep: 3850 | Steps:  133 | Reward:   332.89
Total T:  374770 | Ep: 3851 | Steps:  134 | Reward:   333.93
Total T:  374900 | Ep: 3852 | Steps:  130 | Reward:   327.10
Total T:  375028 | Ep: 3853 | Steps:  128 | Reward:   321.67
Total T:  375161 | Ep: 3854 | Steps:  133 | Reward:   331.48
Total T:  375295 | Ep: 3855 | Steps:  134 | Reward:   334.27
Total T:  375428 | Ep: 3856 | Steps:  133 | Reward:   331.18
Total T:  375558 | Ep: 3857 | Steps:  130 | Reward:   324.27
Total T:  375690 | Ep: 3858 | Steps:  132 | Reward:   330.86
Total T:  375823 | Ep: 3859 | Steps:  133 | Reward:   332.51
Total T:  375956 | Ep: 3860 | Steps:  133 | Reward:   331.81
Total T:  376087 | Ep: 3861 | Steps:  131 | Reward:   327.91
Total T:  376223 | Ep: 3862 | Steps:  136 | Reward:   343.99
Total T:  376350 | Ep: 3863 | Steps:  127 | Reward:   318.78
Total T:  376482 | Ep: 3864 | Steps:  132 | Reward:   331.04
Total T:  376612 | Ep: 3865 | Steps:  130 | Reward:   324.77
Total T:  376746 | Ep: 3866 | Steps:  134 | Reward:   338.99
Total T:  376878 | Ep: 3867 | Steps:  132 | Reward:   329.91
Total T:  377010 | Ep: 3868 | Steps:  132 | Reward:   335.08
Total T:  377142 | Ep: 3869 | Steps:  132 | Reward:   332.04
Total T:  377268 | Ep: 3870 | Steps:  126 | Reward:   313.07
Total T:  377399 | Ep: 3871 | Steps:  131 | Reward:   330.38
Total T:  377533 | Ep: 3872 | Steps:  134 | Reward:   337.39
Total T:  377667 | Ep: 3873 | Steps:  134 | Reward:   335.08
Total T:  377799 | Ep: 3874 | Steps:  132 | Reward:   325.65
Total T:  377928 | Ep: 3875 | Steps:  129 | Reward:   316.99
Total T:  378055 | Ep: 3876 | Steps:  127 | Reward:   316.32
Total T:  378191 | Ep: 3877 | Steps:  136 | Reward:   337.17
Total T:  378322 | Ep: 3878 | Steps:  131 | Reward:   329.22
Total T:  378460 | Ep: 3879 | Steps:  138 | Reward:   339.41
Total T:  378592 | Ep: 3880 | Steps:  132 | Reward:   329.98
Total T:  378721 | Ep: 3881 | Steps:  129 | Reward:   319.00
Total T:  378854 | Ep: 3882 | Steps:  133 | Reward:   329.59
Total T:  378984 | Ep: 3883 | Steps:  130 | Reward:   323.12
Total T:  379109 | Ep: 3884 | Steps:  125 | Reward:   309.66
Total T:  379241 | Ep: 3885 | Steps:  132 | Reward:   329.16
Total T:  379370 | Ep: 3886 | Steps:  129 | Reward:   318.75
Total T:  379501 | Ep: 3887 | Steps:  131 | Reward:   327.66
Total T:  379628 | Ep: 3888 | Steps:  127 | Reward:   312.29
Total T:  379758 | Ep: 3889 | Steps:  130 | Reward:   325.27
Total T:  379891 | Ep: 3890 | Steps:  133 | Reward:   332.49
---------------------------------------
Evaluation over 10 episodes: 330.182
---------------------------------------
Total T:  380018 | Ep: 3891 | Steps:  127 | Reward:   311.55
Total T:  380145 | Ep: 3892 | Steps:  127 | Reward:   310.64
Total T:  380277 | Ep: 3893 | Steps:  132 | Reward:   326.84
Total T:  380407 | Ep: 3894 | Steps:  130 | Reward:   323.63
Total T:  380538 | Ep: 3895 | Steps:  131 | Reward:   326.00
Total T:  380673 | Ep: 3896 | Steps:  135 | Reward:   339.04
Total T:  380798 | Ep: 3897 | Steps:  125 | Reward:   309.86
Total T:  380929 | Ep: 3898 | Steps:  131 | Reward:   327.01
Total T:  381063 | Ep: 3899 | Steps:  134 | Reward:   339.20
Total T:  381195 | Ep: 3900 | Steps:  132 | Reward:   331.22
Total T:  381326 | Ep: 3901 | Steps:  131 | Reward:   327.27
Total T:  381459 | Ep: 3902 | Steps:  133 | Reward:   333.86
Total T:  381595 | Ep: 3903 | Steps:  136 | Reward:   338.09
Total T:  381730 | Ep: 3904 | Steps:  135 | Reward:   335.50
Total T:  381865 | Ep: 3905 | Steps:  135 | Reward:   336.42
Total T:  382000 | Ep: 3906 | Steps:  135 | Reward:   336.25
Total T:  382126 | Ep: 3907 | Steps:  126 | Reward:   311.47
Total T:  382261 | Ep: 3908 | Steps:  135 | Reward:   338.60
Total T:  382387 | Ep: 3909 | Steps:  126 | Reward:   308.23
Total T:  382522 | Ep: 3910 | Steps:  135 | Reward:   335.98
Total T:  382653 | Ep: 3911 | Steps:  131 | Reward:   328.31
Total T:  382778 | Ep: 3912 | Steps:  125 | Reward:   306.42
Total T:  382903 | Ep: 3913 | Steps:  125 | Reward:   304.35
Total T:  383033 | Ep: 3914 | Steps:  130 | Reward:   324.37
Total T:  383165 | Ep: 3915 | Steps:  132 | Reward:   331.48
Total T:  383291 | Ep: 3916 | Steps:  126 | Reward:   308.47
Total T:  383424 | Ep: 3917 | Steps:  133 | Reward:   332.51
Total T:  383558 | Ep: 3918 | Steps:  134 | Reward:   336.64
Total T:  383690 | Ep: 3919 | Steps:  132 | Reward:   330.71
Total T:  383824 | Ep: 3920 | Steps:  134 | Reward:   332.71
Total T:  383957 | Ep: 3921 | Steps:  133 | Reward:   332.23
Total T:  384089 | Ep: 3922 | Steps:  132 | Reward:   334.85
Total T:  384220 | Ep: 3923 | Steps:  131 | Reward:   328.29
Total T:  384349 | Ep: 3924 | Steps:  129 | Reward:   323.15
Total T:  384474 | Ep: 3925 | Steps:  125 | Reward:   307.96
Total T:  384602 | Ep: 3926 | Steps:  128 | Reward:   315.48
Total T:  384738 | Ep: 3927 | Steps:  136 | Reward:   338.07
Total T:  384869 | Ep: 3928 | Steps:  131 | Reward:   327.01
Total T:  385004 | Ep: 3929 | Steps:  135 | Reward:   335.53
Total T:  385140 | Ep: 3930 | Steps:  136 | Reward:   334.67
Total T:  385274 | Ep: 3931 | Steps:  134 | Reward:   335.23
Total T:  385404 | Ep: 3932 | Steps:  130 | Reward:   323.33
Total T:  385536 | Ep: 3933 | Steps:  132 | Reward:   329.66
Total T:  385667 | Ep: 3934 | Steps:  131 | Reward:   325.11
Total T:  385800 | Ep: 3935 | Steps:  133 | Reward:   330.29
Total T:  385942 | Ep: 3936 | Steps:  142 | Reward:   347.87
Total T:  386074 | Ep: 3937 | Steps:  132 | Reward:   330.62
Total T:  386208 | Ep: 3938 | Steps:  134 | Reward:   337.95
Total T:  386342 | Ep: 3939 | Steps:  134 | Reward:   331.16
Total T:  386476 | Ep: 3940 | Steps:  134 | Reward:   333.25
Total T:  386611 | Ep: 3941 | Steps:  135 | Reward:   332.26
Total T:  386744 | Ep: 3942 | Steps:  133 | Reward:   333.16
Total T:  386879 | Ep: 3943 | Steps:  135 | Reward:   335.68
Total T:  387015 | Ep: 3944 | Steps:  136 | Reward:   341.53
Total T:  387156 | Ep: 3945 | Steps:  141 | Reward:   350.24
Total T:  387299 | Ep: 3946 | Steps:  143 | Reward:   347.82
Total T:  387435 | Ep: 3947 | Steps:  136 | Reward:   342.42
Total T:  387572 | Ep: 3948 | Steps:  137 | Reward:   347.39
Total T:  387707 | Ep: 3949 | Steps:  135 | Reward:   339.23
Total T:  387840 | Ep: 3950 | Steps:  133 | Reward:   333.74
Total T:  387972 | Ep: 3951 | Steps:  132 | Reward:   334.82
Total T:  388108 | Ep: 3952 | Steps:  136 | Reward:   342.25
Total T:  388243 | Ep: 3953 | Steps:  135 | Reward:   340.93
Total T:  388379 | Ep: 3954 | Steps:  136 | Reward:   341.86
Total T:  388517 | Ep: 3955 | Steps:  138 | Reward:   339.55
Total T:  388653 | Ep: 3956 | Steps:  136 | Reward:   344.58
Total T:  388788 | Ep: 3957 | Steps:  135 | Reward:   340.50
Total T:  388922 | Ep: 3958 | Steps:  134 | Reward:   334.00
Total T:  389055 | Ep: 3959 | Steps:  133 | Reward:   339.44
Total T:  389191 | Ep: 3960 | Steps:  136 | Reward:   343.37
Total T:  389325 | Ep: 3961 | Steps:  134 | Reward:   337.83
Total T:  389460 | Ep: 3962 | Steps:  135 | Reward:   340.23
Total T:  389589 | Ep: 3963 | Steps:  129 | Reward:   319.51
Total T:  389725 | Ep: 3964 | Steps:  136 | Reward:   343.11
Total T:  389863 | Ep: 3965 | Steps:  138 | Reward:   347.81
Total T:  389998 | Ep: 3966 | Steps:  135 | Reward:   340.59
---------------------------------------
Evaluation over 10 episodes: 338.942
---------------------------------------
Total T:  390135 | Ep: 3967 | Steps:  137 | Reward:   338.99
Total T:  390270 | Ep: 3968 | Steps:  135 | Reward:   341.90
Total T:  390404 | Ep: 3969 | Steps:  134 | Reward:   334.14
Total T:  390540 | Ep: 3970 | Steps:  136 | Reward:   343.27
Total T:  390677 | Ep: 3971 | Steps:  137 | Reward:   345.43
Total T:  390814 | Ep: 3972 | Steps:  137 | Reward:   347.77
Total T:  390951 | Ep: 3973 | Steps:  137 | Reward:   345.59
Total T:  391087 | Ep: 3974 | Steps:  136 | Reward:   345.50
Total T:  391223 | Ep: 3975 | Steps:  136 | Reward:   340.01
Total T:  391357 | Ep: 3976 | Steps:  134 | Reward:   339.35
Total T:  391495 | Ep: 3977 | Steps:  138 | Reward:   349.04
Total T:  391629 | Ep: 3978 | Steps:  134 | Reward:   338.62
Total T:  391764 | Ep: 3979 | Steps:  135 | Reward:   340.13
Total T:  391900 | Ep: 3980 | Steps:  136 | Reward:   342.28
Total T:  392036 | Ep: 3981 | Steps:  136 | Reward:   344.65
Total T:  392172 | Ep: 3982 | Steps:  136 | Reward:   344.73
Total T:  392306 | Ep: 3983 | Steps:  134 | Reward:   340.85
Total T:  392441 | Ep: 3984 | Steps:  135 | Reward:   342.41
Total T:  392577 | Ep: 3985 | Steps:  136 | Reward:   345.03
Total T:  392713 | Ep: 3986 | Steps:  136 | Reward:   340.60
Total T:  392845 | Ep: 3987 | Steps:  132 | Reward:   331.59
Total T:  392981 | Ep: 3988 | Steps:  136 | Reward:   334.91
Total T:  393117 | Ep: 3989 | Steps:  136 | Reward:   340.92
Total T:  393251 | Ep: 3990 | Steps:  134 | Reward:   341.93
Total T:  393386 | Ep: 3991 | Steps:  135 | Reward:   338.02
Total T:  393516 | Ep: 3992 | Steps:  130 | Reward:   324.10
Total T:  393650 | Ep: 3993 | Steps:  134 | Reward:   333.29
Total T:  393784 | Ep: 3994 | Steps:  134 | Reward:   333.93
Total T:  393918 | Ep: 3995 | Steps:  134 | Reward:   336.61
Total T:  394052 | Ep: 3996 | Steps:  134 | Reward:   333.80
Total T:  394185 | Ep: 3997 | Steps:  133 | Reward:   332.84
Total T:  394318 | Ep: 3998 | Steps:  133 | Reward:   332.88
Total T:  394455 | Ep: 3999 | Steps:  137 | Reward:   339.08
Total T:  394588 | Ep: 4000 | Steps:  133 | Reward:   334.59
Total T:  394723 | Ep: 4001 | Steps:  135 | Reward:   336.75
Total T:  394858 | Ep: 4002 | Steps:  135 | Reward:   336.99
Total T:  394984 | Ep: 4003 | Steps:  126 | Reward:   308.32
Total T:  395118 | Ep: 4004 | Steps:  134 | Reward:   339.20
Total T:  395254 | Ep: 4005 | Steps:  136 | Reward:   337.93
Total T:  395388 | Ep: 4006 | Steps:  134 | Reward:   335.78
Total T:  395522 | Ep: 4007 | Steps:  134 | Reward:   332.37
Total T:  395648 | Ep: 4008 | Steps:  126 | Reward:   311.63
Total T:  395781 | Ep: 4009 | Steps:  133 | Reward:   331.97
Total T:  395915 | Ep: 4010 | Steps:  134 | Reward:   334.92
Total T:  396050 | Ep: 4011 | Steps:  135 | Reward:   337.51
Total T:  396187 | Ep: 4012 | Steps:  137 | Reward:   333.28
Total T:  396314 | Ep: 4013 | Steps:  127 | Reward:   316.56
Total T:  396447 | Ep: 4014 | Steps:  133 | Reward:   330.59
Total T:  396580 | Ep: 4015 | Steps:  133 | Reward:   333.88
Total T:  396712 | Ep: 4016 | Steps:  132 | Reward:   331.02
Total T:  396844 | Ep: 4017 | Steps:  132 | Reward:   331.55
Total T:  396976 | Ep: 4018 | Steps:  132 | Reward:   331.61
Total T:  397103 | Ep: 4019 | Steps:  127 | Reward:   314.84
Total T:  397242 | Ep: 4020 | Steps:  139 | Reward:   336.89
Total T:  397376 | Ep: 4021 | Steps:  134 | Reward:   335.34
Total T:  397510 | Ep: 4022 | Steps:  134 | Reward:   337.95
Total T:  397636 | Ep: 4023 | Steps:  126 | Reward:   309.96
Total T:  397769 | Ep: 4024 | Steps:  133 | Reward:   335.21
Total T:  397896 | Ep: 4025 | Steps:  127 | Reward:   311.60
Total T:  398021 | Ep: 4026 | Steps:  125 | Reward:   306.25
Total T:  398155 | Ep: 4027 | Steps:  134 | Reward:   335.50
Total T:  398282 | Ep: 4028 | Steps:  127 | Reward:   311.68
Total T:  398415 | Ep: 4029 | Steps:  133 | Reward:   332.15
Total T:  398540 | Ep: 4030 | Steps:  125 | Reward:   307.03
Total T:  398668 | Ep: 4031 | Steps:  128 | Reward:   312.76
Total T:  398795 | Ep: 4032 | Steps:  127 | Reward:   309.60
Total T:  398920 | Ep: 4033 | Steps:  125 | Reward:   306.67
Total T:  399048 | Ep: 4034 | Steps:  128 | Reward:   311.53
Total T:  399183 | Ep: 4035 | Steps:  135 | Reward:   338.81
Total T:  399317 | Ep: 4036 | Steps:  134 | Reward:   339.35
Total T:  399441 | Ep: 4037 | Steps:  124 | Reward:   301.73
Total T:  399576 | Ep: 4038 | Steps:  135 | Reward:   339.79
Total T:  399708 | Ep: 4039 | Steps:  132 | Reward:   328.73
Total T:  399837 | Ep: 4040 | Steps:  129 | Reward:   321.96
Total T:  399973 | Ep: 4041 | Steps:  136 | Reward:   345.51
---------------------------------------
Evaluation over 10 episodes: 343.012
---------------------------------------
Total T:  400100 | Ep: 4042 | Steps:  127 | Reward:   310.25
Total T:  400224 | Ep: 4043 | Steps:  124 | Reward:   303.86
Total T:  400359 | Ep: 4044 | Steps:  135 | Reward:   335.68
Total T:  400496 | Ep: 4045 | Steps:  137 | Reward:   342.65
Total T:  400624 | Ep: 4046 | Steps:  128 | Reward:   310.36
Total T:  400751 | Ep: 4047 | Steps:  127 | Reward:   311.28
Total T:  400885 | Ep: 4048 | Steps:  134 | Reward:   337.57
Total T:  401020 | Ep: 4049 | Steps:  135 | Reward:   339.47
Total T:  401154 | Ep: 4050 | Steps:  134 | Reward:   335.09
Total T:  401290 | Ep: 4051 | Steps:  136 | Reward:   342.46
Total T:  401424 | Ep: 4052 | Steps:  134 | Reward:   340.23
Total T:  401559 | Ep: 4053 | Steps:  135 | Reward:   341.17
Total T:  401696 | Ep: 4054 | Steps:  137 | Reward:   353.13
Total T:  401834 | Ep: 4055 | Steps:  138 | Reward:   349.50
Total T:  401972 | Ep: 4056 | Steps:  138 | Reward:   359.39
Total T:  402106 | Ep: 4057 | Steps:  134 | Reward:   345.23
Total T:  402244 | Ep: 4058 | Steps:  138 | Reward:   356.02
Total T:  402384 | Ep: 4059 | Steps:  140 | Reward:   356.40
Total T:  402519 | Ep: 4060 | Steps:  135 | Reward:   338.19
Total T:  402656 | Ep: 4061 | Steps:  137 | Reward:   344.28
Total T:  402800 | Ep: 4062 | Steps:  144 | Reward:   372.69
Total T:  402937 | Ep: 4063 | Steps:  137 | Reward:   350.91
Total T:  403074 | Ep: 4064 | Steps:  137 | Reward:   345.60
Total T:  403211 | Ep: 4065 | Steps:  137 | Reward:   347.16
Total T:  403349 | Ep: 4066 | Steps:  138 | Reward:   346.81
Total T:  403487 | Ep: 4067 | Steps:  138 | Reward:   340.54
Total T:  403625 | Ep: 4068 | Steps:  138 | Reward:   349.07
Total T:  403759 | Ep: 4069 | Steps:  134 | Reward:   331.58
Total T:  403894 | Ep: 4070 | Steps:  135 | Reward:   330.15
Total T:  404027 | Ep: 4071 | Steps:  133 | Reward:   333.43
Total T:  404159 | Ep: 4072 | Steps:  132 | Reward:   326.50
Total T:  404298 | Ep: 4073 | Steps:  139 | Reward:   335.78
Total T:  404428 | Ep: 4074 | Steps:  130 | Reward:   317.40
Total T:  404558 | Ep: 4075 | Steps:  130 | Reward:   322.67
Total T:  404689 | Ep: 4076 | Steps:  131 | Reward:   322.82
Total T:  404819 | Ep: 4077 | Steps:  130 | Reward:   324.10
Total T:  404948 | Ep: 4078 | Steps:  129 | Reward:   318.23
Total T:  405079 | Ep: 4079 | Steps:  131 | Reward:   323.01
Total T:  405210 | Ep: 4080 | Steps:  131 | Reward:   321.89
Total T:  405339 | Ep: 4081 | Steps:  129 | Reward:   311.84
Total T:  405468 | Ep: 4082 | Steps:  129 | Reward:   314.53
Total T:  405598 | Ep: 4083 | Steps:  130 | Reward:   321.70
Total T:  405727 | Ep: 4084 | Steps:  129 | Reward:   319.92
Total T:  405857 | Ep: 4085 | Steps:  130 | Reward:   319.85
Total T:  405986 | Ep: 4086 | Steps:  129 | Reward:   309.60
Total T:  406115 | Ep: 4087 | Steps:  129 | Reward:   315.14
Total T:  406250 | Ep: 4088 | Steps:  135 | Reward:   329.87
Total T:  406379 | Ep: 4089 | Steps:  129 | Reward:   318.46
Total T:  406507 | Ep: 4090 | Steps:  128 | Reward:   310.03
Total T:  406644 | Ep: 4091 | Steps:  137 | Reward:   336.17
Total T:  406772 | Ep: 4092 | Steps:  128 | Reward:   312.16
Total T:  406906 | Ep: 4093 | Steps:  134 | Reward:   329.76
Total T:  407035 | Ep: 4094 | Steps:  129 | Reward:   316.90
Total T:  407161 | Ep: 4095 | Steps:  126 | Reward:   305.81
Total T:  407288 | Ep: 4096 | Steps:  127 | Reward:   309.17
Total T:  407417 | Ep: 4097 | Steps:  129 | Reward:   313.36
Total T:  407544 | Ep: 4098 | Steps:  127 | Reward:   308.15
Total T:  407678 | Ep: 4099 | Steps:  134 | Reward:   330.91
Total T:  407803 | Ep: 4100 | Steps:  125 | Reward:   304.84
Total T:  407930 | Ep: 4101 | Steps:  127 | Reward:   311.09
Total T:  408066 | Ep: 4102 | Steps:  136 | Reward:   335.67
Total T:  408196 | Ep: 4103 | Steps:  130 | Reward:   318.14
Total T:  408333 | Ep: 4104 | Steps:  137 | Reward:   332.83
Total T:  408468 | Ep: 4105 | Steps:  135 | Reward:   332.31
Total T:  408593 | Ep: 4106 | Steps:  125 | Reward:   304.89
Total T:  408725 | Ep: 4107 | Steps:  132 | Reward:   327.78
Total T:  408862 | Ep: 4108 | Steps:  137 | Reward:   331.00
Total T:  408989 | Ep: 4109 | Steps:  127 | Reward:   309.92
Total T:  409129 | Ep: 4110 | Steps:  140 | Reward:   334.55
Total T:  409260 | Ep: 4111 | Steps:  131 | Reward:   321.62
Total T:  409387 | Ep: 4112 | Steps:  127 | Reward:   308.47
Total T:  409533 | Ep: 4113 | Steps:  146 | Reward:   339.96
Total T:  409675 | Ep: 4114 | Steps:  142 | Reward:   341.82
Total T:  409806 | Ep: 4115 | Steps:  131 | Reward:   323.16
Total T:  409929 | Ep: 4116 | Steps:  123 | Reward:   301.64
---------------------------------------
Evaluation over 10 episodes: 349.435
---------------------------------------
Total T:  410061 | Ep: 4117 | Steps:  132 | Reward:   325.32
Total T:  410206 | Ep: 4118 | Steps:  145 | Reward:   364.46
Total T:  410338 | Ep: 4119 | Steps:  132 | Reward:   330.24
Total T:  410489 | Ep: 4120 | Steps:  151 | Reward:   358.44
Total T:  410638 | Ep: 4121 | Steps:  149 | Reward:   358.07
Total T:  410763 | Ep: 4122 | Steps:  125 | Reward:   310.25
Total T:  410910 | Ep: 4123 | Steps:  147 | Reward:   356.72
Total T:  411067 | Ep: 4124 | Steps:  157 | Reward:   370.97
Total T:  411212 | Ep: 4125 | Steps:  145 | Reward:   361.85
Total T:  411357 | Ep: 4126 | Steps:  145 | Reward:   345.24
Total T:  411508 | Ep: 4127 | Steps:  151 | Reward:   362.15
Total T:  411657 | Ep: 4128 | Steps:  149 | Reward:   368.36
Total T:  411800 | Ep: 4129 | Steps:  143 | Reward:   343.58
Total T:  411939 | Ep: 4130 | Steps:  139 | Reward:   348.84
Total T:  412082 | Ep: 4131 | Steps:  143 | Reward:   337.78
Total T:  412221 | Ep: 4132 | Steps:  139 | Reward:   338.60
Total T:  412363 | Ep: 4133 | Steps:  142 | Reward:   334.96
Total T:  412497 | Ep: 4134 | Steps:  134 | Reward:   341.01
Total T:  412636 | Ep: 4135 | Steps:  139 | Reward:   337.12
Total T:  412776 | Ep: 4136 | Steps:  140 | Reward:   348.16
Total T:  412915 | Ep: 4137 | Steps:  139 | Reward:   337.56
Total T:  413059 | Ep: 4138 | Steps:  144 | Reward:   332.63
Total T:  413205 | Ep: 4139 | Steps:  146 | Reward:   338.94
Total T:  413351 | Ep: 4140 | Steps:  146 | Reward:   351.50
Total T:  413498 | Ep: 4141 | Steps:  147 | Reward:   348.43
Total T:  413633 | Ep: 4142 | Steps:  135 | Reward:   332.83
Total T:  413775 | Ep: 4143 | Steps:  142 | Reward:   348.83
Total T:  413922 | Ep: 4144 | Steps:  147 | Reward:   347.36
Total T:  414065 | Ep: 4145 | Steps:  143 | Reward:   340.90
Total T:  414226 | Ep: 4146 | Steps:  161 | Reward:   418.36
Total T:  414374 | Ep: 4147 | Steps:  148 | Reward:   380.55
Total T:  414520 | Ep: 4148 | Steps:  146 | Reward:   351.30
Total T:  414659 | Ep: 4149 | Steps:  139 | Reward:   338.44
Total T:  414803 | Ep: 4150 | Steps:  144 | Reward:   340.73
Total T:  414942 | Ep: 4151 | Steps:  139 | Reward:   336.12
Total T:  415083 | Ep: 4152 | Steps:  141 | Reward:   338.13
Total T:  415220 | Ep: 4153 | Steps:  137 | Reward:   331.81
Total T:  415369 | Ep: 4154 | Steps:  149 | Reward:   361.80
Total T:  415515 | Ep: 4155 | Steps:  146 | Reward:   354.15
Total T:  415665 | Ep: 4156 | Steps:  150 | Reward:   351.39
Total T:  415807 | Ep: 4157 | Steps:  142 | Reward:   335.22
Total T:  415952 | Ep: 4158 | Steps:  145 | Reward:   352.16
Total T:  416080 | Ep: 4159 | Steps:  128 | Reward:   314.33
Total T:  416218 | Ep: 4160 | Steps:  138 | Reward:   337.80
Total T:  416352 | Ep: 4161 | Steps:  134 | Reward:   336.04
Total T:  416492 | Ep: 4162 | Steps:  140 | Reward:   349.11
Total T:  416632 | Ep: 4163 | Steps:  140 | Reward:   346.32
Total T:  416773 | Ep: 4164 | Steps:  141 | Reward:   351.69
Total T:  416914 | Ep: 4165 | Steps:  141 | Reward:   344.89
Total T:  417052 | Ep: 4166 | Steps:  138 | Reward:   331.74
Total T:  417183 | Ep: 4167 | Steps:  131 | Reward:   329.01
Total T:  417313 | Ep: 4168 | Steps:  130 | Reward:   320.01
Total T:  417459 | Ep: 4169 | Steps:  146 | Reward:   353.24
Total T:  417599 | Ep: 4170 | Steps:  140 | Reward:   346.06
Total T:  417742 | Ep: 4171 | Steps:  143 | Reward:   347.16
Total T:  417887 | Ep: 4172 | Steps:  145 | Reward:   350.03
Total T:  418024 | Ep: 4173 | Steps:  137 | Reward:   347.53
Total T:  418163 | Ep: 4174 | Steps:  139 | Reward:   356.87
Total T:  418300 | Ep: 4175 | Steps:  137 | Reward:   347.60
Total T:  418441 | Ep: 4176 | Steps:  141 | Reward:   350.02
Total T:  418569 | Ep: 4177 | Steps:  128 | Reward:   315.06
Total T:  418710 | Ep: 4178 | Steps:  141 | Reward:   348.60
Total T:  418848 | Ep: 4179 | Steps:  138 | Reward:   352.25
Total T:  418992 | Ep: 4180 | Steps:  144 | Reward:   356.04
Total T:  419126 | Ep: 4181 | Steps:  134 | Reward:   334.23
Total T:  419265 | Ep: 4182 | Steps:  139 | Reward:   348.41
Total T:  419407 | Ep: 4183 | Steps:  142 | Reward:   350.77
Total T:  419533 | Ep: 4184 | Steps:  126 | Reward:   311.84
Total T:  419674 | Ep: 4185 | Steps:  141 | Reward:   355.97
Total T:  419810 | Ep: 4186 | Steps:  136 | Reward:   339.18
Total T:  419950 | Ep: 4187 | Steps:  140 | Reward:   350.46
---------------------------------------
Evaluation over 10 episodes: 344.191
---------------------------------------
Total T:  420084 | Ep: 4188 | Steps:  134 | Reward:   336.21
Total T:  420219 | Ep: 4189 | Steps:  135 | Reward:   334.08
Total T:  420354 | Ep: 4190 | Steps:  135 | Reward:   336.82
Total T:  420496 | Ep: 4191 | Steps:  142 | Reward:   340.90
Total T:  420630 | Ep: 4192 | Steps:  134 | Reward:   330.24
Total T:  420754 | Ep: 4193 | Steps:  124 | Reward:   297.62
Total T:  420899 | Ep: 4194 | Steps:  145 | Reward:   341.07
Total T:  421036 | Ep: 4195 | Steps:  137 | Reward:   344.74
Total T:  421175 | Ep: 4196 | Steps:  139 | Reward:   340.22
Total T:  421306 | Ep: 4197 | Steps:  131 | Reward:   324.16
Total T:  421445 | Ep: 4198 | Steps:  139 | Reward:   350.81
Total T:  421574 | Ep: 4199 | Steps:  129 | Reward:   320.40
Total T:  421716 | Ep: 4200 | Steps:  142 | Reward:   349.78
Total T:  421848 | Ep: 4201 | Steps:  132 | Reward:   333.28
Total T:  421976 | Ep: 4202 | Steps:  128 | Reward:   311.37
Total T:  422113 | Ep: 4203 | Steps:  137 | Reward:   344.24
Total T:  422250 | Ep: 4204 | Steps:  137 | Reward:   345.57
Total T:  422380 | Ep: 4205 | Steps:  130 | Reward:   328.04
Total T:  422506 | Ep: 4206 | Steps:  126 | Reward:   311.65
Total T:  422637 | Ep: 4207 | Steps:  131 | Reward:   323.50
Total T:  422779 | Ep: 4208 | Steps:  142 | Reward:   343.11
Total T:  422914 | Ep: 4209 | Steps:  135 | Reward:   331.39
Total T:  423055 | Ep: 4210 | Steps:  141 | Reward:   346.90
Total T:  423183 | Ep: 4211 | Steps:  128 | Reward:   315.42
Total T:  423319 | Ep: 4212 | Steps:  136 | Reward:   340.86
Total T:  423446 | Ep: 4213 | Steps:  127 | Reward:   310.72
Total T:  423583 | Ep: 4214 | Steps:  137 | Reward:   339.78
Total T:  423721 | Ep: 4215 | Steps:  138 | Reward:   354.01
Total T:  423859 | Ep: 4216 | Steps:  138 | Reward:   345.96
Total T:  423999 | Ep: 4217 | Steps:  140 | Reward:   350.29
Total T:  424130 | Ep: 4218 | Steps:  131 | Reward:   329.51
Total T:  424267 | Ep: 4219 | Steps:  137 | Reward:   338.93
Total T:  424394 | Ep: 4220 | Steps:  127 | Reward:   317.93
Total T:  424538 | Ep: 4221 | Steps:  144 | Reward:   353.13
Total T:  424677 | Ep: 4222 | Steps:  139 | Reward:   340.19
Total T:  424813 | Ep: 4223 | Steps:  136 | Reward:   344.54
Total T:  424948 | Ep: 4224 | Steps:  135 | Reward:   344.64
Total T:  425090 | Ep: 4225 | Steps:  142 | Reward:   350.99
Total T:  425225 | Ep: 4226 | Steps:  135 | Reward:   344.02
Total T:  425360 | Ep: 4227 | Steps:  135 | Reward:   344.62
Total T:  425495 | Ep: 4228 | Steps:  135 | Reward:   342.85
Total T:  425632 | Ep: 4229 | Steps:  137 | Reward:   350.49
Total T:  425774 | Ep: 4230 | Steps:  142 | Reward:   358.72
Total T:  425909 | Ep: 4231 | Steps:  135 | Reward:   347.34
Total T:  426042 | Ep: 4232 | Steps:  133 | Reward:   343.48
Total T:  426176 | Ep: 4233 | Steps:  134 | Reward:   344.85
Total T:  426318 | Ep: 4234 | Steps:  142 | Reward:   351.58
Total T:  426445 | Ep: 4235 | Steps:  127 | Reward:   319.46
Total T:  426579 | Ep: 4236 | Steps:  134 | Reward:   348.76
Total T:  426712 | Ep: 4237 | Steps:  133 | Reward:   336.53
Total T:  426850 | Ep: 4238 | Steps:  138 | Reward:   354.35
Total T:  426992 | Ep: 4239 | Steps:  142 | Reward:   357.66
Total T:  427134 | Ep: 4240 | Steps:  142 | Reward:   349.00
Total T:  427273 | Ep: 4241 | Steps:  139 | Reward:   347.75
Total T:  427416 | Ep: 4242 | Steps:  143 | Reward:   359.62
Total T:  427553 | Ep: 4243 | Steps:  137 | Reward:   345.80
Total T:  427690 | Ep: 4244 | Steps:  137 | Reward:   348.43
Total T:  427828 | Ep: 4245 | Steps:  138 | Reward:   345.63
Total T:  427968 | Ep: 4246 | Steps:  140 | Reward:   346.81
Total T:  428103 | Ep: 4247 | Steps:  135 | Reward:   337.89
Total T:  428241 | Ep: 4248 | Steps:  138 | Reward:   343.93
Total T:  428376 | Ep: 4249 | Steps:  135 | Reward:   345.10
Total T:  428509 | Ep: 4250 | Steps:  133 | Reward:   337.56
Total T:  428643 | Ep: 4251 | Steps:  134 | Reward:   338.99
Total T:  428782 | Ep: 4252 | Steps:  139 | Reward:   346.51
Total T:  428918 | Ep: 4253 | Steps:  136 | Reward:   348.30
Total T:  429053 | Ep: 4254 | Steps:  135 | Reward:   331.35
Total T:  429190 | Ep: 4255 | Steps:  137 | Reward:   338.81
Total T:  429329 | Ep: 4256 | Steps:  139 | Reward:   343.89
Total T:  429462 | Ep: 4257 | Steps:  133 | Reward:   330.98
Total T:  429584 | Ep: 4258 | Steps:  122 | Reward:   295.97
Total T:  429715 | Ep: 4259 | Steps:  131 | Reward:   330.25
Total T:  429841 | Ep: 4260 | Steps:  126 | Reward:   311.59
Total T:  429970 | Ep: 4261 | Steps:  129 | Reward:   320.38
---------------------------------------
Evaluation over 10 episodes: 314.904
---------------------------------------
Total T:  430098 | Ep: 4262 | Steps:  128 | Reward:   317.61
Total T:  430231 | Ep: 4263 | Steps:  133 | Reward:   332.86
Total T:  430356 | Ep: 4264 | Steps:  125 | Reward:   306.36
Total T:  430486 | Ep: 4265 | Steps:  130 | Reward:   327.71
Total T:  430618 | Ep: 4266 | Steps:  132 | Reward:   328.74
Total T:  430748 | Ep: 4267 | Steps:  130 | Reward:   322.99
Total T:  430878 | Ep: 4268 | Steps:  130 | Reward:   321.00
Total T:  431006 | Ep: 4269 | Steps:  128 | Reward:   318.62
Total T:  431143 | Ep: 4270 | Steps:  137 | Reward:   333.30
Total T:  431277 | Ep: 4271 | Steps:  134 | Reward:   331.11
Total T:  431409 | Ep: 4272 | Steps:  132 | Reward:   325.13
Total T:  431543 | Ep: 4273 | Steps:  134 | Reward:   322.83
Total T:  431680 | Ep: 4274 | Steps:  137 | Reward:   335.62
Total T:  431807 | Ep: 4275 | Steps:  127 | Reward:   314.97
Total T:  431946 | Ep: 4276 | Steps:  139 | Reward:   336.89
Total T:  432081 | Ep: 4277 | Steps:  135 | Reward:   335.33
Total T:  432217 | Ep: 4278 | Steps:  136 | Reward:   337.86
Total T:  432341 | Ep: 4279 | Steps:  124 | Reward:   302.69
Total T:  432478 | Ep: 4280 | Steps:  137 | Reward:   338.14
Total T:  432603 | Ep: 4281 | Steps:  125 | Reward:   312.88
Total T:  432741 | Ep: 4282 | Steps:  138 | Reward:   335.35
Total T:  432867 | Ep: 4283 | Steps:  126 | Reward:   314.41
Total T:  432993 | Ep: 4284 | Steps:  126 | Reward:   309.40
Total T:  433122 | Ep: 4285 | Steps:  129 | Reward:   316.19
Total T:  433259 | Ep: 4286 | Steps:  137 | Reward:   333.89
Total T:  433398 | Ep: 4287 | Steps:  139 | Reward:   338.99
Total T:  433525 | Ep: 4288 | Steps:  127 | Reward:   315.74
Total T:  433652 | Ep: 4289 | Steps:  127 | Reward:   312.93
Total T:  433792 | Ep: 4290 | Steps:  140 | Reward:   342.69
Total T:  433932 | Ep: 4291 | Steps:  140 | Reward:   343.07
Total T:  434070 | Ep: 4292 | Steps:  138 | Reward:   338.03
Total T:  434206 | Ep: 4293 | Steps:  136 | Reward:   335.77
Total T:  434348 | Ep: 4294 | Steps:  142 | Reward:   346.11
Total T:  434483 | Ep: 4295 | Steps:  135 | Reward:   334.86
Total T:  434615 | Ep: 4296 | Steps:  132 | Reward:   328.94
Total T:  434748 | Ep: 4297 | Steps:  133 | Reward:   332.80
Total T:  434877 | Ep: 4298 | Steps:  129 | Reward:   325.42
Total T:  435006 | Ep: 4299 | Steps:  129 | Reward:   315.04
Total T:  435133 | Ep: 4300 | Steps:  127 | Reward:   306.25
Total T:  435266 | Ep: 4301 | Steps:  133 | Reward:   335.49
Total T:  435402 | Ep: 4302 | Steps:  136 | Reward:   336.27
Total T:  435530 | Ep: 4303 | Steps:  128 | Reward:   311.83
Total T:  435666 | Ep: 4304 | Steps:  136 | Reward:   338.63
Total T:  435803 | Ep: 4305 | Steps:  137 | Reward:   338.08
Total T:  435931 | Ep: 4306 | Steps:  128 | Reward:   310.01
Total T:  436066 | Ep: 4307 | Steps:  135 | Reward:   335.47
Total T:  436203 | Ep: 4308 | Steps:  137 | Reward:   341.18
Total T:  436341 | Ep: 4309 | Steps:  138 | Reward:   337.17
Total T:  436469 | Ep: 4310 | Steps:  128 | Reward:   309.77
Total T:  436597 | Ep: 4311 | Steps:  128 | Reward:   309.92
Total T:  436725 | Ep: 4312 | Steps:  128 | Reward:   310.51
Total T:  436860 | Ep: 4313 | Steps:  135 | Reward:   338.03
Total T:  436987 | Ep: 4314 | Steps:  127 | Reward:   308.38
Total T:  437127 | Ep: 4315 | Steps:  140 | Reward:   341.70
Total T:  437264 | Ep: 4316 | Steps:  137 | Reward:   331.85
Total T:  437393 | Ep: 4317 | Steps:  129 | Reward:   314.93
Total T:  437524 | Ep: 4318 | Steps:  131 | Reward:   321.95
Total T:  437651 | Ep: 4319 | Steps:  127 | Reward:   308.15
Total T:  437779 | Ep: 4320 | Steps:  128 | Reward:   308.46
Total T:  437910 | Ep: 4321 | Steps:  131 | Reward:   325.02
Total T:  438045 | Ep: 4322 | Steps:  135 | Reward:   337.34
Total T:  438172 | Ep: 4323 | Steps:  127 | Reward:   307.06
Total T:  438307 | Ep: 4324 | Steps:  135 | Reward:   343.50
Total T:  438436 | Ep: 4325 | Steps:  129 | Reward:   303.26
Total T:  438578 | Ep: 4326 | Steps:  142 | Reward:   343.99
Total T:  438715 | Ep: 4327 | Steps:  137 | Reward:   333.48
Total T:  438847 | Ep: 4328 | Steps:  132 | Reward:   328.08
Total T:  438982 | Ep: 4329 | Steps:  135 | Reward:   339.53
Total T:  439126 | Ep: 4330 | Steps:  144 | Reward:   345.23
Total T:  439267 | Ep: 4331 | Steps:  141 | Reward:   344.06
Total T:  439401 | Ep: 4332 | Steps:  134 | Reward:   337.72
Total T:  439536 | Ep: 4333 | Steps:  135 | Reward:   346.09
Total T:  439662 | Ep: 4334 | Steps:  126 | Reward:   304.80
Total T:  439796 | Ep: 4335 | Steps:  134 | Reward:   340.25
Total T:  439922 | Ep: 4336 | Steps:  126 | Reward:   304.86
---------------------------------------
Evaluation over 10 episodes: 332.770
---------------------------------------
Total T:  440056 | Ep: 4337 | Steps:  134 | Reward:   347.53
Total T:  440188 | Ep: 4338 | Steps:  132 | Reward:   337.00
Total T:  440328 | Ep: 4339 | Steps:  140 | Reward:   341.26
Total T:  440463 | Ep: 4340 | Steps:  135 | Reward:   340.10
Total T:  440599 | Ep: 4341 | Steps:  136 | Reward:   338.85
Total T:  440734 | Ep: 4342 | Steps:  135 | Reward:   348.95
Total T:  440877 | Ep: 4343 | Steps:  143 | Reward:   344.57
Total T:  441010 | Ep: 4344 | Steps:  133 | Reward:   343.34
Total T:  441150 | Ep: 4345 | Steps:  140 | Reward:   349.27
Total T:  441290 | Ep: 4346 | Steps:  140 | Reward:   345.89
Total T:  441427 | Ep: 4347 | Steps:  137 | Reward:   347.73
Total T:  441563 | Ep: 4348 | Steps:  136 | Reward:   341.35
Total T:  441705 | Ep: 4349 | Steps:  142 | Reward:   341.22
Total T:  441840 | Ep: 4350 | Steps:  135 | Reward:   336.62
Total T:  441984 | Ep: 4351 | Steps:  144 | Reward:   348.16
Total T:  442127 | Ep: 4352 | Steps:  143 | Reward:   348.01
Total T:  442268 | Ep: 4353 | Steps:  141 | Reward:   338.04
Total T:  442399 | Ep: 4354 | Steps:  131 | Reward:   340.44
Total T:  442534 | Ep: 4355 | Steps:  135 | Reward:   334.38
Total T:  442670 | Ep: 4356 | Steps:  136 | Reward:   339.80
Total T:  442806 | Ep: 4357 | Steps:  136 | Reward:   349.48
Total T:  442945 | Ep: 4358 | Steps:  139 | Reward:   338.37
Total T:  443086 | Ep: 4359 | Steps:  141 | Reward:   336.91
Total T:  443220 | Ep: 4360 | Steps:  134 | Reward:   333.90
Total T:  443348 | Ep: 4361 | Steps:  128 | Reward:   326.29
Total T:  443488 | Ep: 4362 | Steps:  140 | Reward:   346.05
Total T:  443621 | Ep: 4363 | Steps:  133 | Reward:   336.60
Total T:  443763 | Ep: 4364 | Steps:  142 | Reward:   349.32
Total T:  443901 | Ep: 4365 | Steps:  138 | Reward:   340.17
Total T:  444031 | Ep: 4366 | Steps:  130 | Reward:   330.49
Total T:  444162 | Ep: 4367 | Steps:  131 | Reward:   333.92
Total T:  444293 | Ep: 4368 | Steps:  131 | Reward:   331.33
Total T:  444424 | Ep: 4369 | Steps:  131 | Reward:   336.04
Total T:  444557 | Ep: 4370 | Steps:  133 | Reward:   328.20
Total T:  444686 | Ep: 4371 | Steps:  129 | Reward:   331.87
Total T:  444826 | Ep: 4372 | Steps:  140 | Reward:   345.71
Total T:  444966 | Ep: 4373 | Steps:  140 | Reward:   346.82
Total T:  445096 | Ep: 4374 | Steps:  130 | Reward:   333.03
Total T:  445229 | Ep: 4375 | Steps:  133 | Reward:   335.84
Total T:  445361 | Ep: 4376 | Steps:  132 | Reward:   335.57
Total T:  445498 | Ep: 4377 | Steps:  137 | Reward:   359.21
Total T:  445628 | Ep: 4378 | Steps:  130 | Reward:   327.50
Total T:  445763 | Ep: 4379 | Steps:  135 | Reward:   347.66
Total T:  445904 | Ep: 4380 | Steps:  141 | Reward:   346.17
Total T:  446034 | Ep: 4381 | Steps:  130 | Reward:   332.65
Total T:  446166 | Ep: 4382 | Steps:  132 | Reward:   332.01
Total T:  446304 | Ep: 4383 | Steps:  138 | Reward:   334.91
Total T:  446433 | Ep: 4384 | Steps:  129 | Reward:   328.01
Total T:  446567 | Ep: 4385 | Steps:  134 | Reward:   329.92
Total T:  446698 | Ep: 4386 | Steps:  131 | Reward:   322.17
Total T:  446836 | Ep: 4387 | Steps:  138 | Reward:   345.59
Total T:  446970 | Ep: 4388 | Steps:  134 | Reward:   333.60
Total T:  447110 | Ep: 4389 | Steps:  140 | Reward:   342.69
Total T:  447248 | Ep: 4390 | Steps:  138 | Reward:   333.79
Total T:  447387 | Ep: 4391 | Steps:  139 | Reward:   338.70
Total T:  447528 | Ep: 4392 | Steps:  141 | Reward:   344.46
Total T:  447661 | Ep: 4393 | Steps:  133 | Reward:   337.01
Total T:  447784 | Ep: 4394 | Steps:  123 | Reward:   298.99
Total T:  447914 | Ep: 4395 | Steps:  130 | Reward:   324.63
Total T:  448034 | Ep: 4396 | Steps:  120 | Reward:   292.47
Total T:  448175 | Ep: 4397 | Steps:  141 | Reward:   345.05
Total T:  448312 | Ep: 4398 | Steps:  137 | Reward:   339.20
Total T:  448448 | Ep: 4399 | Steps:  136 | Reward:   331.40
Total T:  448585 | Ep: 4400 | Steps:  137 | Reward:   343.39
Total T:  448725 | Ep: 4401 | Steps:  140 | Reward:   349.54
Total T:  448860 | Ep: 4402 | Steps:  135 | Reward:   336.39
Total T:  448998 | Ep: 4403 | Steps:  138 | Reward:   340.51
Total T:  449126 | Ep: 4404 | Steps:  128 | Reward:   325.70
Total T:  449255 | Ep: 4405 | Steps:  129 | Reward:   326.64
Total T:  449382 | Ep: 4406 | Steps:  127 | Reward:   318.23
Total T:  449512 | Ep: 4407 | Steps:  130 | Reward:   334.05
Total T:  449651 | Ep: 4408 | Steps:  139 | Reward:   326.93
Total T:  449782 | Ep: 4409 | Steps:  131 | Reward:   328.40
Total T:  449910 | Ep: 4410 | Steps:  128 | Reward:   323.78
---------------------------------------
Evaluation over 10 episodes: 326.751
---------------------------------------
Total T:  450051 | Ep: 4411 | Steps:  141 | Reward:   337.29
Total T:  450192 | Ep: 4412 | Steps:  141 | Reward:   354.11
Total T:  450327 | Ep: 4413 | Steps:  135 | Reward:   327.57
Total T:  450463 | Ep: 4414 | Steps:  136 | Reward:   330.16
Total T:  450598 | Ep: 4415 | Steps:  135 | Reward:   337.79
Total T:  450734 | Ep: 4416 | Steps:  136 | Reward:   325.35
Total T:  450867 | Ep: 4417 | Steps:  133 | Reward:   338.62
Total T:  450999 | Ep: 4418 | Steps:  132 | Reward:   335.72
Total T:  451131 | Ep: 4419 | Steps:  132 | Reward:   330.10
Total T:  451261 | Ep: 4420 | Steps:  130 | Reward:   329.24
Total T:  451385 | Ep: 4421 | Steps:  124 | Reward:   315.70
Total T:  451514 | Ep: 4422 | Steps:  129 | Reward:   323.05
Total T:  451641 | Ep: 4423 | Steps:  127 | Reward:   320.63
Total T:  451774 | Ep: 4424 | Steps:  133 | Reward:   338.45
Total T:  451900 | Ep: 4425 | Steps:  126 | Reward:   315.77
Total T:  452023 | Ep: 4426 | Steps:  123 | Reward:   302.83
Total T:  452149 | Ep: 4427 | Steps:  126 | Reward:   308.05
Total T:  452276 | Ep: 4428 | Steps:  127 | Reward:   326.35
Total T:  452405 | Ep: 4429 | Steps:  129 | Reward:   327.19
Total T:  452533 | Ep: 4430 | Steps:  128 | Reward:   322.69
Total T:  452665 | Ep: 4431 | Steps:  132 | Reward:   329.80
Total T:  452793 | Ep: 4432 | Steps:  128 | Reward:   316.19
Total T:  452916 | Ep: 4433 | Steps:  123 | Reward:   299.05
Total T:  453045 | Ep: 4434 | Steps:  129 | Reward:   329.64
Total T:  453172 | Ep: 4435 | Steps:  127 | Reward:   324.02
Total T:  453302 | Ep: 4436 | Steps:  130 | Reward:   327.90
Total T:  453432 | Ep: 4437 | Steps:  130 | Reward:   328.02
Total T:  453564 | Ep: 4438 | Steps:  132 | Reward:   342.56
Total T:  453692 | Ep: 4439 | Steps:  128 | Reward:   323.73
Total T:  453813 | Ep: 4440 | Steps:  121 | Reward:   303.17
Total T:  453939 | Ep: 4441 | Steps:  126 | Reward:   315.02
Total T:  454064 | Ep: 4442 | Steps:  125 | Reward:   312.77
Total T:  454188 | Ep: 4443 | Steps:  124 | Reward:   314.54
Total T:  454326 | Ep: 4444 | Steps:  138 | Reward:   337.84
Total T:  454454 | Ep: 4445 | Steps:  128 | Reward:   316.75
Total T:  454581 | Ep: 4446 | Steps:  127 | Reward:   316.44
Total T:  454721 | Ep: 4447 | Steps:  140 | Reward:   340.14
Total T:  454848 | Ep: 4448 | Steps:  127 | Reward:   310.25
Total T:  454975 | Ep: 4449 | Steps:  127 | Reward:   320.78
Total T:  455093 | Ep: 4450 | Steps:  118 | Reward:   283.22
Total T:  455221 | Ep: 4451 | Steps:  128 | Reward:   316.41
Total T:  455346 | Ep: 4452 | Steps:  125 | Reward:   300.64
Total T:  455483 | Ep: 4453 | Steps:  137 | Reward:   341.25
Total T:  455606 | Ep: 4454 | Steps:  123 | Reward:   299.69
Total T:  455732 | Ep: 4455 | Steps:  126 | Reward:   309.12
Total T:  455860 | Ep: 4456 | Steps:  128 | Reward:   310.35
Total T:  455984 | Ep: 4457 | Steps:  124 | Reward:   304.18
Total T:  456109 | Ep: 4458 | Steps:  125 | Reward:   304.76
Total T:  456238 | Ep: 4459 | Steps:  129 | Reward:   317.38
Total T:  456363 | Ep: 4460 | Steps:  125 | Reward:   302.52
Total T:  456487 | Ep: 4461 | Steps:  124 | Reward:   302.66
Total T:  456614 | Ep: 4462 | Steps:  127 | Reward:   314.04
Total T:  456741 | Ep: 4463 | Steps:  127 | Reward:   309.34
Total T:  456868 | Ep: 4464 | Steps:  127 | Reward:   314.66
Total T:  456992 | Ep: 4465 | Steps:  124 | Reward:   296.67
Total T:  457129 | Ep: 4466 | Steps:  137 | Reward:   345.51
Total T:  457251 | Ep: 4467 | Steps:  122 | Reward:   294.87
Total T:  457379 | Ep: 4468 | Steps:  128 | Reward:   311.35
Total T:  457503 | Ep: 4469 | Steps:  124 | Reward:   296.06
Total T:  457626 | Ep: 4470 | Steps:  123 | Reward:   295.02
Total T:  457747 | Ep: 4471 | Steps:  121 | Reward:   293.46
Total T:  457869 | Ep: 4472 | Steps:  122 | Reward:   291.23
Total T:  457992 | Ep: 4473 | Steps:  123 | Reward:   288.91
Total T:  458117 | Ep: 4474 | Steps:  125 | Reward:   295.83
Total T:  458238 | Ep: 4475 | Steps:  121 | Reward:   285.59
Total T:  458364 | Ep: 4476 | Steps:  126 | Reward:   305.41
Total T:  458491 | Ep: 4477 | Steps:  127 | Reward:   303.33
Total T:  458616 | Ep: 4478 | Steps:  125 | Reward:   299.15
Total T:  458756 | Ep: 4479 | Steps:  140 | Reward:   339.25
Total T:  458884 | Ep: 4480 | Steps:  128 | Reward:   311.76
Total T:  459005 | Ep: 4481 | Steps:  121 | Reward:   286.80
Total T:  459128 | Ep: 4482 | Steps:  123 | Reward:   295.34
Total T:  459254 | Ep: 4483 | Steps:  126 | Reward:   300.48
Total T:  459378 | Ep: 4484 | Steps:  124 | Reward:   294.92
Total T:  459501 | Ep: 4485 | Steps:  123 | Reward:   296.29
Total T:  459625 | Ep: 4486 | Steps:  124 | Reward:   295.04
Total T:  459748 | Ep: 4487 | Steps:  123 | Reward:   292.59
Total T:  459869 | Ep: 4488 | Steps:  121 | Reward:   292.97
Total T:  459992 | Ep: 4489 | Steps:  123 | Reward:   295.90
---------------------------------------
Evaluation over 10 episodes: 290.935
---------------------------------------
Total T:  460117 | Ep: 4490 | Steps:  125 | Reward:   294.17
Total T:  460240 | Ep: 4491 | Steps:  123 | Reward:   295.45
Total T:  460362 | Ep: 4492 | Steps:  122 | Reward:   291.87
Total T:  460483 | Ep: 4493 | Steps:  121 | Reward:   286.44
Total T:  460605 | Ep: 4494 | Steps:  122 | Reward:   289.80
Total T:  460728 | Ep: 4495 | Steps:  123 | Reward:   297.21
Total T:  460851 | Ep: 4496 | Steps:  123 | Reward:   286.68
Total T:  460978 | Ep: 4497 | Steps:  127 | Reward:   306.86
Total T:  461102 | Ep: 4498 | Steps:  124 | Reward:   296.66
Total T:  461241 | Ep: 4499 | Steps:  139 | Reward:   348.09
Total T:  461365 | Ep: 4500 | Steps:  124 | Reward:   293.33
Total T:  461498 | Ep: 4501 | Steps:  133 | Reward:   337.92
Total T:  461623 | Ep: 4502 | Steps:  125 | Reward:   295.44
Total T:  461746 | Ep: 4503 | Steps:  123 | Reward:   294.07
Total T:  461879 | Ep: 4504 | Steps:  133 | Reward:   336.87
Total T:  462005 | Ep: 4505 | Steps:  126 | Reward:   302.85
Total T:  462147 | Ep: 4506 | Steps:  142 | Reward:   370.17
Total T:  462275 | Ep: 4507 | Steps:  128 | Reward:   318.04
Total T:  462413 | Ep: 4508 | Steps:  138 | Reward:   332.43
Total T:  462550 | Ep: 4509 | Steps:  137 | Reward:   352.45
Total T:  462690 | Ep: 4510 | Steps:  140 | Reward:   343.11
Total T:  462829 | Ep: 4511 | Steps:  139 | Reward:   338.63
Total T:  462967 | Ep: 4512 | Steps:  138 | Reward:   338.40
Total T:  463090 | Ep: 4513 | Steps:  123 | Reward:   294.38
Total T:  463227 | Ep: 4514 | Steps:  137 | Reward:   352.85
Total T:  463365 | Ep: 4515 | Steps:  138 | Reward:   337.08
Total T:  463501 | Ep: 4516 | Steps:  136 | Reward:   346.68
Total T:  463636 | Ep: 4517 | Steps:  135 | Reward:   329.35
Total T:  463779 | Ep: 4518 | Steps:  143 | Reward:   349.88
Total T:  463922 | Ep: 4519 | Steps:  143 | Reward:   342.46
Total T:  464047 | Ep: 4520 | Steps:  125 | Reward:   301.58
Total T:  464181 | Ep: 4521 | Steps:  134 | Reward:   333.85
Total T:  464323 | Ep: 4522 | Steps:  142 | Reward:   342.71
Total T:  464463 | Ep: 4523 | Steps:  140 | Reward:   338.65
Total T:  464604 | Ep: 4524 | Steps:  141 | Reward:   343.98
Total T:  464745 | Ep: 4525 | Steps:  141 | Reward:   338.00
Total T:  464890 | Ep: 4526 | Steps:  145 | Reward:   348.85
Total T:  465022 | Ep: 4527 | Steps:  132 | Reward:   338.34
Total T:  465152 | Ep: 4528 | Steps:  130 | Reward:   315.32
Total T:  465299 | Ep: 4529 | Steps:  147 | Reward:   362.14
Total T:  465437 | Ep: 4530 | Steps:  138 | Reward:   341.32
Total T:  465573 | Ep: 4531 | Steps:  136 | Reward:   343.53
Total T:  465710 | Ep: 4532 | Steps:  137 | Reward:   353.26
Total T:  465852 | Ep: 4533 | Steps:  142 | Reward:   350.62
Total T:  465999 | Ep: 4534 | Steps:  147 | Reward:   374.00
Total T:  466142 | Ep: 4535 | Steps:  143 | Reward:   373.30
Total T:  466281 | Ep: 4536 | Steps:  139 | Reward:   336.69
Total T:  466429 | Ep: 4537 | Steps:  148 | Reward:   373.51
Total T:  466569 | Ep: 4538 | Steps:  140 | Reward:   368.29
Total T:  466718 | Ep: 4539 | Steps:  149 | Reward:   377.98
Total T:  466865 | Ep: 4540 | Steps:  147 | Reward:   370.38
Total T:  467006 | Ep: 4541 | Steps:  141 | Reward:   374.34
Total T:  467140 | Ep: 4542 | Steps:  134 | Reward:   328.06
Total T:  467271 | Ep: 4543 | Steps:  131 | Reward:   324.32
Total T:  467419 | Ep: 4544 | Steps:  148 | Reward:   368.66
Total T:  467545 | Ep: 4545 | Steps:  126 | Reward:   300.80
Total T:  467689 | Ep: 4546 | Steps:  144 | Reward:   354.06
Total T:  467832 | Ep: 4547 | Steps:  143 | Reward:   356.53
Total T:  467965 | Ep: 4548 | Steps:  133 | Reward:   321.45
Total T:  468100 | Ep: 4549 | Steps:  135 | Reward:   354.64
Total T:  468240 | Ep: 4550 | Steps:  140 | Reward:   344.45
Total T:  468385 | Ep: 4551 | Steps:  145 | Reward:   356.93
Total T:  468525 | Ep: 4552 | Steps:  140 | Reward:   344.07
Total T:  468654 | Ep: 4553 | Steps:  129 | Reward:   314.72
Total T:  468784 | Ep: 4554 | Steps:  130 | Reward:   317.65
Total T:  468914 | Ep: 4555 | Steps:  130 | Reward:   319.03
Total T:  469051 | Ep: 4556 | Steps:  137 | Reward:   329.30
Total T:  469192 | Ep: 4557 | Steps:  141 | Reward:   339.06
Total T:  469341 | Ep: 4558 | Steps:  149 | Reward:   372.44
Total T:  469470 | Ep: 4559 | Steps:  129 | Reward:   322.64
Total T:  469598 | Ep: 4560 | Steps:  128 | Reward:   306.40
Total T:  469730 | Ep: 4561 | Steps:  132 | Reward:   319.31
Total T:  469869 | Ep: 4562 | Steps:  139 | Reward:   339.45
---------------------------------------
Evaluation over 10 episodes: 350.860
---------------------------------------
Total T:  470012 | Ep: 4563 | Steps:  143 | Reward:   353.57
Total T:  470140 | Ep: 4564 | Steps:  128 | Reward:   304.53
Total T:  470283 | Ep: 4565 | Steps:  143 | Reward:   355.12
Total T:  470415 | Ep: 4566 | Steps:  132 | Reward:   328.36
Total T:  470562 | Ep: 4567 | Steps:  147 | Reward:   362.16
Total T:  470697 | Ep: 4568 | Steps:  135 | Reward:   326.24
Total T:  470839 | Ep: 4569 | Steps:  142 | Reward:   353.57
Total T:  470979 | Ep: 4570 | Steps:  140 | Reward:   348.54
Total T:  471122 | Ep: 4571 | Steps:  143 | Reward:   348.44
Total T:  471267 | Ep: 4572 | Steps:  145 | Reward:   358.06
Total T:  471401 | Ep: 4573 | Steps:  134 | Reward:   333.08
Total T:  471547 | Ep: 4574 | Steps:  146 | Reward:   369.12
Total T:  471678 | Ep: 4575 | Steps:  131 | Reward:   313.81
Total T:  471820 | Ep: 4576 | Steps:  142 | Reward:   353.73
Total T:  471964 | Ep: 4577 | Steps:  144 | Reward:   360.96
Total T:  472098 | Ep: 4578 | Steps:  134 | Reward:   321.98
Total T:  472228 | Ep: 4579 | Steps:  130 | Reward:   323.52
Total T:  472357 | Ep: 4580 | Steps:  129 | Reward:   321.58
Total T:  472485 | Ep: 4581 | Steps:  128 | Reward:   324.20
Total T:  472623 | Ep: 4582 | Steps:  138 | Reward:   343.02
Total T:  472761 | Ep: 4583 | Steps:  138 | Reward:   343.51
Total T:  472889 | Ep: 4584 | Steps:  128 | Reward:   309.63
Total T:  473022 | Ep: 4585 | Steps:  133 | Reward:   331.56
Total T:  473163 | Ep: 4586 | Steps:  141 | Reward:   355.87
Total T:  473299 | Ep: 4587 | Steps:  136 | Reward:   333.47
Total T:  473444 | Ep: 4588 | Steps:  145 | Reward:   352.67
Total T:  473594 | Ep: 4589 | Steps:  150 | Reward:   377.90
Total T:  473735 | Ep: 4590 | Steps:  141 | Reward:   349.83
Total T:  473879 | Ep: 4591 | Steps:  144 | Reward:   362.03
Total T:  474012 | Ep: 4592 | Steps:  133 | Reward:   321.03
Total T:  474141 | Ep: 4593 | Steps:  129 | Reward:   307.45
Total T:  474270 | Ep: 4594 | Steps:  129 | Reward:   307.57
Total T:  474409 | Ep: 4595 | Steps:  139 | Reward:   340.45
Total T:  474540 | Ep: 4596 | Steps:  131 | Reward:   314.86
Total T:  474676 | Ep: 4597 | Steps:  136 | Reward:   330.98
Total T:  474810 | Ep: 4598 | Steps:  134 | Reward:   322.71
Total T:  474949 | Ep: 4599 | Steps:  139 | Reward:   365.77
Total T:  475086 | Ep: 4600 | Steps:  137 | Reward:   335.67
Total T:  475226 | Ep: 4601 | Steps:  140 | Reward:   361.14
Total T:  475361 | Ep: 4602 | Steps:  135 | Reward:   338.79
Total T:  475501 | Ep: 4603 | Steps:  140 | Reward:   360.99
Total T:  475636 | Ep: 4604 | Steps:  135 | Reward:   329.33
Total T:  475773 | Ep: 4605 | Steps:  137 | Reward:   349.89
Total T:  475911 | Ep: 4606 | Steps:  138 | Reward:   341.14
Total T:  476050 | Ep: 4607 | Steps:  139 | Reward:   353.17
Total T:  476189 | Ep: 4608 | Steps:  139 | Reward:   346.16
Total T:  476325 | Ep: 4609 | Steps:  136 | Reward:   339.61
Total T:  476460 | Ep: 4610 | Steps:  135 | Reward:   331.32
Total T:  476596 | Ep: 4611 | Steps:  136 | Reward:   343.54
Total T:  476732 | Ep: 4612 | Steps:  136 | Reward:   341.04
Total T:  476879 | Ep: 4613 | Steps:  147 | Reward:   363.90
Total T:  477027 | Ep: 4614 | Steps:  148 | Reward:   369.57
Total T:  477171 | Ep: 4615 | Steps:  144 | Reward:   362.43
Total T:  477304 | Ep: 4616 | Steps:  133 | Reward:   319.12
Total T:  477448 | Ep: 4617 | Steps:  144 | Reward:   359.56
Total T:  477582 | Ep: 4618 | Steps:  134 | Reward:   325.30
Total T:  477726 | Ep: 4619 | Steps:  144 | Reward:   365.74
Total T:  477871 | Ep: 4620 | Steps:  145 | Reward:   368.67
Total T:  478014 | Ep: 4621 | Steps:  143 | Reward:   351.40
Total T:  478157 | Ep: 4622 | Steps:  143 | Reward:   361.33
Total T:  478297 | Ep: 4623 | Steps:  140 | Reward:   341.36
Total T:  478435 | Ep: 4624 | Steps:  138 | Reward:   336.68
Total T:  478575 | Ep: 4625 | Steps:  140 | Reward:   338.04
Total T:  478712 | Ep: 4626 | Steps:  137 | Reward:   329.06
Total T:  478852 | Ep: 4627 | Steps:  140 | Reward:   344.06
Total T:  478997 | Ep: 4628 | Steps:  145 | Reward:   361.16
Total T:  479140 | Ep: 4629 | Steps:  143 | Reward:   358.29
Total T:  479279 | Ep: 4630 | Steps:  139 | Reward:   342.04
Total T:  479412 | Ep: 4631 | Steps:  133 | Reward:   320.59
Total T:  479550 | Ep: 4632 | Steps:  138 | Reward:   336.17
Total T:  479693 | Ep: 4633 | Steps:  143 | Reward:   352.54
Total T:  479828 | Ep: 4634 | Steps:  135 | Reward:   326.55
Total T:  479963 | Ep: 4635 | Steps:  135 | Reward:   325.34
---------------------------------------
Evaluation over 10 episodes: 358.075
---------------------------------------
Total T:  480105 | Ep: 4636 | Steps:  142 | Reward:   354.08
Total T:  480249 | Ep: 4637 | Steps:  144 | Reward:   357.37
Total T:  480390 | Ep: 4638 | Steps:  141 | Reward:   355.50
Total T:  480523 | Ep: 4639 | Steps:  133 | Reward:   324.43
Total T:  480657 | Ep: 4640 | Steps:  134 | Reward:   324.38
Total T:  480795 | Ep: 4641 | Steps:  138 | Reward:   358.09
Total T:  480927 | Ep: 4642 | Steps:  132 | Reward:   316.33
Total T:  481077 | Ep: 4643 | Steps:  150 | Reward:   381.71
Total T:  481225 | Ep: 4644 | Steps:  148 | Reward:   373.72
Total T:  481371 | Ep: 4645 | Steps:  146 | Reward:   368.19
Total T:  481516 | Ep: 4646 | Steps:  145 | Reward:   368.67
Total T:  481643 | Ep: 4647 | Steps:  127 | Reward:   300.04
Total T:  481790 | Ep: 4648 | Steps:  147 | Reward:   370.94
Total T:  481938 | Ep: 4649 | Steps:  148 | Reward:   373.69
Total T:  482073 | Ep: 4650 | Steps:  135 | Reward:   335.86
Total T:  482218 | Ep: 4651 | Steps:  145 | Reward:   368.13
Total T:  482364 | Ep: 4652 | Steps:  146 | Reward:   370.08
Total T:  482503 | Ep: 4653 | Steps:  139 | Reward:   357.37
Total T:  482629 | Ep: 4654 | Steps:  126 | Reward:   294.91
Total T:  482772 | Ep: 4655 | Steps:  143 | Reward:   359.80
Total T:  482898 | Ep: 4656 | Steps:  126 | Reward:   295.65
Total T:  483042 | Ep: 4657 | Steps:  144 | Reward:   368.87
Total T:  483185 | Ep: 4658 | Steps:  143 | Reward:   362.49
Total T:  483330 | Ep: 4659 | Steps:  145 | Reward:   371.88
Total T:  483460 | Ep: 4660 | Steps:  130 | Reward:   315.50
Total T:  483603 | Ep: 4661 | Steps:  143 | Reward:   352.95
Total T:  483748 | Ep: 4662 | Steps:  145 | Reward:   369.30
Total T:  483889 | Ep: 4663 | Steps:  141 | Reward:   345.05
Total T:  484034 | Ep: 4664 | Steps:  145 | Reward:   362.64
Total T:  484180 | Ep: 4665 | Steps:  146 | Reward:   367.53
Total T:  484310 | Ep: 4666 | Steps:  130 | Reward:   317.79
Total T:  484442 | Ep: 4667 | Steps:  132 | Reward:   320.13
Total T:  484586 | Ep: 4668 | Steps:  144 | Reward:   368.16
Total T:  484720 | Ep: 4669 | Steps:  134 | Reward:   341.68
Total T:  484852 | Ep: 4670 | Steps:  132 | Reward:   320.29
Total T:  484981 | Ep: 4671 | Steps:  129 | Reward:   308.57
Total T:  485112 | Ep: 4672 | Steps:  131 | Reward:   313.44
Total T:  485241 | Ep: 4673 | Steps:  129 | Reward:   309.29
Total T:  485372 | Ep: 4674 | Steps:  131 | Reward:   314.64
Total T:  485507 | Ep: 4675 | Steps:  135 | Reward:   328.49
Total T:  485640 | Ep: 4676 | Steps:  133 | Reward:   331.13
Total T:  485771 | Ep: 4677 | Steps:  131 | Reward:   316.85
Total T:  485902 | Ep: 4678 | Steps:  131 | Reward:   314.07
Total T:  486053 | Ep: 4679 | Steps:  151 | Reward:   404.18
Total T:  486197 | Ep: 4680 | Steps:  144 | Reward:   374.94
Total T:  486329 | Ep: 4681 | Steps:  132 | Reward:   318.70
Total T:  486461 | Ep: 4682 | Steps:  132 | Reward:   319.14
Total T:  486606 | Ep: 4683 | Steps:  145 | Reward:   373.51
Total T:  486752 | Ep: 4684 | Steps:  146 | Reward:   366.32
Total T:  486899 | Ep: 4685 | Steps:  147 | Reward:   379.45
Total T:  487034 | Ep: 4686 | Steps:  135 | Reward:   325.12
Total T:  487166 | Ep: 4687 | Steps:  132 | Reward:   319.68
Total T:  487297 | Ep: 4688 | Steps:  131 | Reward:   318.41
Total T:  487431 | Ep: 4689 | Steps:  134 | Reward:   326.56
Total T:  487564 | Ep: 4690 | Steps:  133 | Reward:   322.27
Total T:  487695 | Ep: 4691 | Steps:  131 | Reward:   317.04
Total T:  487826 | Ep: 4692 | Steps:  131 | Reward:   317.18
Total T:  487957 | Ep: 4693 | Steps:  131 | Reward:   312.56
Total T:  488099 | Ep: 4694 | Steps:  142 | Reward:   374.97
Total T:  488236 | Ep: 4695 | Steps:  137 | Reward:   339.34
Total T:  488372 | Ep: 4696 | Steps:  136 | Reward:   335.55
Total T:  488506 | Ep: 4697 | Steps:  134 | Reward:   323.40
Total T:  488653 | Ep: 4698 | Steps:  147 | Reward:   379.47
Total T:  488801 | Ep: 4699 | Steps:  148 | Reward:   381.43
Total T:  488935 | Ep: 4700 | Steps:  134 | Reward:   324.03
Total T:  489078 | Ep: 4701 | Steps:  143 | Reward:   380.02
Total T:  489209 | Ep: 4702 | Steps:  131 | Reward:   314.85
Total T:  489350 | Ep: 4703 | Steps:  141 | Reward:   363.95
Total T:  489494 | Ep: 4704 | Steps:  144 | Reward:   350.65
Total T:  489635 | Ep: 4705 | Steps:  141 | Reward:   377.54
Total T:  489777 | Ep: 4706 | Steps:  142 | Reward:   373.34
Total T:  489916 | Ep: 4707 | Steps:  139 | Reward:   356.57
---------------------------------------
Evaluation over 10 episodes: 301.762
---------------------------------------
Total T:  490051 | Ep: 4708 | Steps:  135 | Reward:   323.38
Total T:  490196 | Ep: 4709 | Steps:  145 | Reward:   386.00
Total T:  490328 | Ep: 4710 | Steps:  132 | Reward:   317.82
Total T:  490472 | Ep: 4711 | Steps:  144 | Reward:   367.74
Total T:  490603 | Ep: 4712 | Steps:  131 | Reward:   307.70
Total T:  490741 | Ep: 4713 | Steps:  138 | Reward:   353.01
Total T:  490879 | Ep: 4714 | Steps:  138 | Reward:   346.72
Total T:  491016 | Ep: 4715 | Steps:  137 | Reward:   339.70
Total T:  491152 | Ep: 4716 | Steps:  136 | Reward:   343.38
Total T:  491294 | Ep: 4717 | Steps:  142 | Reward:   373.87
Total T:  491440 | Ep: 4718 | Steps:  146 | Reward:   403.08
Total T:  491577 | Ep: 4719 | Steps:  137 | Reward:   333.19
Total T:  491715 | Ep: 4720 | Steps:  138 | Reward:   334.58
Total T:  491853 | Ep: 4721 | Steps:  138 | Reward:   346.03
Total T:  492000 | Ep: 4722 | Steps:  147 | Reward:   391.00
Total T:  492146 | Ep: 4723 | Steps:  146 | Reward:   389.08
Total T:  492281 | Ep: 4724 | Steps:  135 | Reward:   326.13
Total T:  492411 | Ep: 4725 | Steps:  130 | Reward:   310.64
Total T:  492552 | Ep: 4726 | Steps:  141 | Reward:   351.62
Total T:  492683 | Ep: 4727 | Steps:  131 | Reward:   312.76
Total T:  492812 | Ep: 4728 | Steps:  129 | Reward:   304.61
Total T:  492951 | Ep: 4729 | Steps:  139 | Reward:   347.49
Total T:  493080 | Ep: 4730 | Steps:  129 | Reward:   301.29
Total T:  493223 | Ep: 4731 | Steps:  143 | Reward:   378.56
Total T:  493364 | Ep: 4732 | Steps:  141 | Reward:   364.34
Total T:  493504 | Ep: 4733 | Steps:  140 | Reward:   360.04
Total T:  493646 | Ep: 4734 | Steps:  142 | Reward:   364.63
Total T:  493789 | Ep: 4735 | Steps:  143 | Reward:   370.59
Total T:  493931 | Ep: 4736 | Steps:  142 | Reward:   369.02
Total T:  494067 | Ep: 4737 | Steps:  136 | Reward:   339.86
Total T:  494205 | Ep: 4738 | Steps:  138 | Reward:   340.43
Total T:  494341 | Ep: 4739 | Steps:  136 | Reward:   337.40
Total T:  494473 | Ep: 4740 | Steps:  132 | Reward:   310.14
Total T:  494606 | Ep: 4741 | Steps:  133 | Reward:   330.29
Total T:  494737 | Ep: 4742 | Steps:  131 | Reward:   312.84
Total T:  494882 | Ep: 4743 | Steps:  145 | Reward:   374.22
Total T:  495009 | Ep: 4744 | Steps:  127 | Reward:   298.71
Total T:  495141 | Ep: 4745 | Steps:  132 | Reward:   320.52
Total T:  495270 | Ep: 4746 | Steps:  129 | Reward:   308.80
Total T:  495402 | Ep: 4747 | Steps:  132 | Reward:   329.99
Total T:  495538 | Ep: 4748 | Steps:  136 | Reward:   335.03
Total T:  495665 | Ep: 4749 | Steps:  127 | Reward:   300.27
Total T:  495784 | Ep: 4750 | Steps:  119 | Reward:   276.49
Total T:  495917 | Ep: 4751 | Steps:  133 | Reward:   329.80
Total T:  496044 | Ep: 4752 | Steps:  127 | Reward:   301.32
Total T:  496181 | Ep: 4753 | Steps:  137 | Reward:   348.64
Total T:  496316 | Ep: 4754 | Steps:  135 | Reward:   342.96
Total T:  496443 | Ep: 4755 | Steps:  127 | Reward:   306.62
Total T:  496572 | Ep: 4756 | Steps:  129 | Reward:   315.41
Total T:  496702 | Ep: 4757 | Steps:  130 | Reward:   314.26
Total T:  496829 | Ep: 4758 | Steps:  127 | Reward:   305.32
Total T:  496970 | Ep: 4759 | Steps:  141 | Reward:   336.38
Total T:  497096 | Ep: 4760 | Steps:  126 | Reward:   297.57
Total T:  497224 | Ep: 4761 | Steps:  128 | Reward:   308.03
Total T:  497370 | Ep: 4762 | Steps:  146 | Reward:   364.79
Total T:  497504 | Ep: 4763 | Steps:  134 | Reward:   340.43
Total T:  497638 | Ep: 4764 | Steps:  134 | Reward:   326.55
Total T:  497770 | Ep: 4765 | Steps:  132 | Reward:   329.63
Total T:  497903 | Ep: 4766 | Steps:  133 | Reward:   331.62
Total T:  498044 | Ep: 4767 | Steps:  141 | Reward:   341.06
Total T:  498172 | Ep: 4768 | Steps:  128 | Reward:   304.36
Total T:  498304 | Ep: 4769 | Steps:  132 | Reward:   319.52
Total T:  498435 | Ep: 4770 | Steps:  131 | Reward:   319.67
Total T:  498566 | Ep: 4771 | Steps:  131 | Reward:   318.37
Total T:  498697 | Ep: 4772 | Steps:  131 | Reward:   315.57
Total T:  498833 | Ep: 4773 | Steps:  136 | Reward:   343.04
Total T:  498969 | Ep: 4774 | Steps:  136 | Reward:   351.02
Total T:  499099 | Ep: 4775 | Steps:  130 | Reward:   316.78
Total T:  499245 | Ep: 4776 | Steps:  146 | Reward:   373.41
Total T:  499393 | Ep: 4777 | Steps:  148 | Reward:   381.20
Total T:  499521 | Ep: 4778 | Steps:  128 | Reward:   309.35
Total T:  499662 | Ep: 4779 | Steps:  141 | Reward:   343.37
Total T:  499790 | Ep: 4780 | Steps:  128 | Reward:   302.12
Total T:  499925 | Ep: 4781 | Steps:  135 | Reward:   327.00
---------------------------------------
Evaluation over 10 episodes: 331.402
---------------------------------------
Total T:  500055 | Ep: 4782 | Steps:  130 | Reward:   322.00
Total T:  500200 | Ep: 4783 | Steps:  145 | Reward:   380.17
Total T:  500333 | Ep: 4784 | Steps:  133 | Reward:   319.47
Total T:  500462 | Ep: 4785 | Steps:  129 | Reward:   313.55
Total T:  500592 | Ep: 4786 | Steps:  130 | Reward:   316.83
Total T:  500722 | Ep: 4787 | Steps:  130 | Reward:   316.17
Total T:  500861 | Ep: 4788 | Steps:  139 | Reward:   334.32
Total T:  500998 | Ep: 4789 | Steps:  137 | Reward:   337.56
Total T:  501129 | Ep: 4790 | Steps:  131 | Reward:   326.71
Total T:  501260 | Ep: 4791 | Steps:  131 | Reward:   325.25
Total T:  501395 | Ep: 4792 | Steps:  135 | Reward:   338.37
Total T:  501524 | Ep: 4793 | Steps:  129 | Reward:   315.13
Total T:  501658 | Ep: 4794 | Steps:  134 | Reward:   342.77
Total T:  501792 | Ep: 4795 | Steps:  134 | Reward:   333.74
Total T:  501925 | Ep: 4796 | Steps:  133 | Reward:   326.48
Total T:  502059 | Ep: 4797 | Steps:  134 | Reward:   335.20
Total T:  502195 | Ep: 4798 | Steps:  136 | Reward:   347.14
Total T:  502326 | Ep: 4799 | Steps:  131 | Reward:   316.65
Total T:  502459 | Ep: 4800 | Steps:  133 | Reward:   333.05
Total T:  502594 | Ep: 4801 | Steps:  135 | Reward:   348.44
Total T:  502722 | Ep: 4802 | Steps:  128 | Reward:   311.30
Total T:  502852 | Ep: 4803 | Steps:  130 | Reward:   321.49
Total T:  502986 | Ep: 4804 | Steps:  134 | Reward:   337.70
Total T:  503115 | Ep: 4805 | Steps:  129 | Reward:   309.16
Total T:  503247 | Ep: 4806 | Steps:  132 | Reward:   324.78
Total T:  503381 | Ep: 4807 | Steps:  134 | Reward:   335.96
Total T:  503511 | Ep: 4808 | Steps:  130 | Reward:   316.20
Total T:  503658 | Ep: 4809 | Steps:  147 | Reward:   381.60
Total T:  503803 | Ep: 4810 | Steps:  145 | Reward:   373.77
Total T:  503935 | Ep: 4811 | Steps:  132 | Reward:   328.00
Total T:  504068 | Ep: 4812 | Steps:  133 | Reward:   331.49
Total T:  504213 | Ep: 4813 | Steps:  145 | Reward:   371.39
Total T:  504344 | Ep: 4814 | Steps:  131 | Reward:   316.75
Total T:  504478 | Ep: 4815 | Steps:  134 | Reward:   321.32
Total T:  504611 | Ep: 4816 | Steps:  133 | Reward:   331.32
Total T:  504745 | Ep: 4817 | Steps:  134 | Reward:   330.00
Total T:  504874 | Ep: 4818 | Steps:  129 | Reward:   314.30
Total T:  505004 | Ep: 4819 | Steps:  130 | Reward:   309.19
Total T:  505135 | Ep: 4820 | Steps:  131 | Reward:   313.35
Total T:  505264 | Ep: 4821 | Steps:  129 | Reward:   308.83
Total T:  505395 | Ep: 4822 | Steps:  131 | Reward:   322.74
Total T:  505538 | Ep: 4823 | Steps:  143 | Reward:   365.91
Total T:  505670 | Ep: 4824 | Steps:  132 | Reward:   323.64
Total T:  505820 | Ep: 4825 | Steps:  150 | Reward:   385.46
Total T:  505958 | Ep: 4826 | Steps:  138 | Reward:   348.38
Total T:  506083 | Ep: 4827 | Steps:  125 | Reward:   304.84
Total T:  506213 | Ep: 4828 | Steps:  130 | Reward:   313.41
Total T:  506345 | Ep: 4829 | Steps:  132 | Reward:   321.77
Total T:  506483 | Ep: 4830 | Steps:  138 | Reward:   345.71
Total T:  506617 | Ep: 4831 | Steps:  134 | Reward:   323.57
Total T:  506745 | Ep: 4832 | Steps:  128 | Reward:   312.89
Total T:  506885 | Ep: 4833 | Steps:  140 | Reward:   347.54
Total T:  507014 | Ep: 4834 | Steps:  129 | Reward:   311.81
Total T:  507154 | Ep: 4835 | Steps:  140 | Reward:   337.38
Total T:  507286 | Ep: 4836 | Steps:  132 | Reward:   323.29
Total T:  507416 | Ep: 4837 | Steps:  130 | Reward:   317.82
Total T:  507553 | Ep: 4838 | Steps:  137 | Reward:   326.13
Total T:  507682 | Ep: 4839 | Steps:  129 | Reward:   308.99
Total T:  507812 | Ep: 4840 | Steps:  130 | Reward:   315.34
Total T:  507945 | Ep: 4841 | Steps:  133 | Reward:   329.70
Total T:  508076 | Ep: 4842 | Steps:  131 | Reward:   317.29
Total T:  508215 | Ep: 4843 | Steps:  139 | Reward:   337.50
Total T:  508344 | Ep: 4844 | Steps:  129 | Reward:   310.82
Total T:  508476 | Ep: 4845 | Steps:  132 | Reward:   321.96
Total T:  508608 | Ep: 4846 | Steps:  132 | Reward:   326.18
Total T:  508742 | Ep: 4847 | Steps:  134 | Reward:   330.53
Total T:  508885 | Ep: 4848 | Steps:  143 | Reward:   347.05
Total T:  509021 | Ep: 4849 | Steps:  136 | Reward:   337.66
Total T:  509155 | Ep: 4850 | Steps:  134 | Reward:   338.95
Total T:  509287 | Ep: 4851 | Steps:  132 | Reward:   334.13
Total T:  509421 | Ep: 4852 | Steps:  134 | Reward:   331.78
Total T:  509556 | Ep: 4853 | Steps:  135 | Reward:   337.22
Total T:  509696 | Ep: 4854 | Steps:  140 | Reward:   349.18
Total T:  509830 | Ep: 4855 | Steps:  134 | Reward:   334.31
Total T:  509970 | Ep: 4856 | Steps:  140 | Reward:   351.93
---------------------------------------
Evaluation over 10 episodes: 356.294
---------------------------------------
Total T:  510105 | Ep: 4857 | Steps:  135 | Reward:   334.74
Total T:  510243 | Ep: 4858 | Steps:  138 | Reward:   346.09
Total T:  510379 | Ep: 4859 | Steps:  136 | Reward:   324.28
Total T:  510512 | Ep: 4860 | Steps:  133 | Reward:   333.54
Total T:  510646 | Ep: 4861 | Steps:  134 | Reward:   332.14
Total T:  510778 | Ep: 4862 | Steps:  132 | Reward:   324.34
Total T:  510915 | Ep: 4863 | Steps:  137 | Reward:   350.56
Total T:  511052 | Ep: 4864 | Steps:  137 | Reward:   349.78
Total T:  511184 | Ep: 4865 | Steps:  132 | Reward:   320.59
Total T:  511327 | Ep: 4866 | Steps:  143 | Reward:   368.67
Total T:  511467 | Ep: 4867 | Steps:  140 | Reward:   358.12
Total T:  511608 | Ep: 4868 | Steps:  141 | Reward:   375.30
Total T:  511754 | Ep: 4869 | Steps:  146 | Reward:   377.38
Total T:  511886 | Ep: 4870 | Steps:  132 | Reward:   323.23
Total T:  512035 | Ep: 4871 | Steps:  149 | Reward:   405.53
Total T:  512178 | Ep: 4872 | Steps:  143 | Reward:   373.78
Total T:  512314 | Ep: 4873 | Steps:  136 | Reward:   354.75
Total T:  512452 | Ep: 4874 | Steps:  138 | Reward:   365.16
Total T:  512583 | Ep: 4875 | Steps:  131 | Reward:   326.88
Total T:  512717 | Ep: 4876 | Steps:  134 | Reward:   325.46
Total T:  512850 | Ep: 4877 | Steps:  133 | Reward:   337.83
Total T:  512982 | Ep: 4878 | Steps:  132 | Reward:   321.74
Total T:  513113 | Ep: 4879 | Steps:  131 | Reward:   330.95
Total T:  513245 | Ep: 4880 | Steps:  132 | Reward:   326.34
Total T:  513382 | Ep: 4881 | Steps:  137 | Reward:   354.66
Total T:  513528 | Ep: 4882 | Steps:  146 | Reward:   364.31
Total T:  513660 | Ep: 4883 | Steps:  132 | Reward:   326.87
Total T:  513805 | Ep: 4884 | Steps:  145 | Reward:   358.99
Total T:  513937 | Ep: 4885 | Steps:  132 | Reward:   313.92
Total T:  514074 | Ep: 4886 | Steps:  137 | Reward:   326.46
Total T:  514221 | Ep: 4887 | Steps:  147 | Reward:   368.50
Total T:  514368 | Ep: 4888 | Steps:  147 | Reward:   377.76
Total T:  514513 | Ep: 4889 | Steps:  145 | Reward:   365.24
Total T:  514649 | Ep: 4890 | Steps:  136 | Reward:   322.35
Total T:  514785 | Ep: 4891 | Steps:  136 | Reward:   328.44
Total T:  514934 | Ep: 4892 | Steps:  149 | Reward:   375.61
Total T:  515077 | Ep: 4893 | Steps:  143 | Reward:   353.55
Total T:  515224 | Ep: 4894 | Steps:  147 | Reward:   375.44
Total T:  515375 | Ep: 4895 | Steps:  151 | Reward:   389.33
Total T:  515511 | Ep: 4896 | Steps:  136 | Reward:   328.98
Total T:  515663 | Ep: 4897 | Steps:  152 | Reward:   380.22
Total T:  515810 | Ep: 4898 | Steps:  147 | Reward:   375.49
Total T:  515949 | Ep: 4899 | Steps:  139 | Reward:   330.81
Total T:  516081 | Ep: 4900 | Steps:  132 | Reward:   321.87
Total T:  516226 | Ep: 4901 | Steps:  145 | Reward:   367.50
Total T:  516357 | Ep: 4902 | Steps:  131 | Reward:   314.47
Total T:  516503 | Ep: 4903 | Steps:  146 | Reward:   375.26
Total T:  516646 | Ep: 4904 | Steps:  143 | Reward:   362.01
Total T:  516796 | Ep: 4905 | Steps:  150 | Reward:   391.91
Total T:  516950 | Ep: 4906 | Steps:  154 | Reward:   389.60
Total T:  517101 | Ep: 4907 | Steps:  151 | Reward:   385.31
Total T:  517252 | Ep: 4908 | Steps:  151 | Reward:   389.87
Total T:  517391 | Ep: 4909 | Steps:  139 | Reward:   339.56
Total T:  517552 | Ep: 4910 | Steps:  161 | Reward:   466.16
Total T:  517705 | Ep: 4911 | Steps:  153 | Reward:   398.07
Total T:  517861 | Ep: 4912 | Steps:  156 | Reward:   412.58
Total T:  518014 | Ep: 4913 | Steps:  153 | Reward:   390.51
Total T:  518149 | Ep: 4914 | Steps:  135 | Reward:   328.39
Total T:  518298 | Ep: 4915 | Steps:  149 | Reward:   380.02
Total T:  518448 | Ep: 4916 | Steps:  150 | Reward:   381.86
Total T:  518585 | Ep: 4917 | Steps:  137 | Reward:   333.38
Total T:  518733 | Ep: 4918 | Steps:  148 | Reward:   382.52
Total T:  518883 | Ep: 4919 | Steps:  150 | Reward:   391.18
Total T:  519027 | Ep: 4920 | Steps:  144 | Reward:   354.38
Total T:  519177 | Ep: 4921 | Steps:  150 | Reward:   386.24
Total T:  519319 | Ep: 4922 | Steps:  142 | Reward:   358.56
Total T:  519468 | Ep: 4923 | Steps:  149 | Reward:   392.99
Total T:  519615 | Ep: 4924 | Steps:  147 | Reward:   371.04
Total T:  519768 | Ep: 4925 | Steps:  153 | Reward:   397.41
Total T:  519895 | Ep: 4926 | Steps:  127 | Reward:   298.14
---------------------------------------
Evaluation over 10 episodes: 322.340
---------------------------------------
Total T:  520045 | Ep: 4927 | Steps:  150 | Reward:   385.44
Total T:  520180 | Ep: 4928 | Steps:  135 | Reward:   329.34
Total T:  520311 | Ep: 4929 | Steps:  131 | Reward:   306.62
Total T:  520461 | Ep: 4930 | Steps:  150 | Reward:   383.01
Total T:  520590 | Ep: 4931 | Steps:  129 | Reward:   304.91
Total T:  520741 | Ep: 4932 | Steps:  151 | Reward:   385.81
Total T:  520879 | Ep: 4933 | Steps:  138 | Reward:   337.07
Total T:  521028 | Ep: 4934 | Steps:  149 | Reward:   378.76
Total T:  521173 | Ep: 4935 | Steps:  145 | Reward:   362.42
Total T:  521322 | Ep: 4936 | Steps:  149 | Reward:   388.05
Total T:  521475 | Ep: 4937 | Steps:  153 | Reward:   399.89
Total T:  521609 | Ep: 4938 | Steps:  134 | Reward:   323.93
Total T:  521768 | Ep: 4939 | Steps:  159 | Reward:   416.13
Total T:  521906 | Ep: 4940 | Steps:  138 | Reward:   345.02
Total T:  522046 | Ep: 4941 | Steps:  140 | Reward:   340.07
Total T:  522195 | Ep: 4942 | Steps:  149 | Reward:   373.36
Total T:  522358 | Ep: 4943 | Steps:  163 | Reward:   429.99
Total T:  522515 | Ep: 4944 | Steps:  157 | Reward:   409.36
Total T:  522671 | Ep: 4945 | Steps:  156 | Reward:   397.80
Total T:  522808 | Ep: 4946 | Steps:  137 | Reward:   340.65
Total T:  522949 | Ep: 4947 | Steps:  141 | Reward:   355.61
Total T:  523100 | Ep: 4948 | Steps:  151 | Reward:   382.37
Total T:  523238 | Ep: 4949 | Steps:  138 | Reward:   349.30
Total T:  523378 | Ep: 4950 | Steps:  140 | Reward:   350.28
Total T:  523518 | Ep: 4951 | Steps:  140 | Reward:   344.47
Total T:  523677 | Ep: 4952 | Steps:  159 | Reward:   410.96
Total T:  523846 | Ep: 4953 | Steps:  169 | Reward:   463.71
Total T:  523986 | Ep: 4954 | Steps:  140 | Reward:   346.78
Total T:  524139 | Ep: 4955 | Steps:  153 | Reward:   401.74
Total T:  524303 | Ep: 4956 | Steps:  164 | Reward:   434.68
Total T:  524459 | Ep: 4957 | Steps:  156 | Reward:   423.60
Total T:  524605 | Ep: 4958 | Steps:  146 | Reward:   362.34
Total T:  524779 | Ep: 4959 | Steps:  174 | Reward:   485.87
Total T:  524917 | Ep: 4960 | Steps:  138 | Reward:   342.54
Total T:  525054 | Ep: 4961 | Steps:  137 | Reward:   332.36
Total T:  525193 | Ep: 4962 | Steps:  139 | Reward:   349.47
Total T:  525331 | Ep: 4963 | Steps:  138 | Reward:   343.08
Total T:  525513 | Ep: 4964 | Steps:  182 | Reward:   514.46
Total T:  525659 | Ep: 4965 | Steps:  146 | Reward:   367.46
Total T:  525796 | Ep: 4966 | Steps:  137 | Reward:   331.64
Total T:  525916 | Ep: 4967 | Steps:  120 | Reward:   284.11
Total T:  526063 | Ep: 4968 | Steps:  147 | Reward:   364.03
Total T:  526189 | Ep: 4969 | Steps:  126 | Reward:   299.36
Total T:  526328 | Ep: 4970 | Steps:  139 | Reward:   339.55
Total T:  526477 | Ep: 4971 | Steps:  149 | Reward:   380.58
Total T:  526615 | Ep: 4972 | Steps:  138 | Reward:   336.95
Total T:  526734 | Ep: 4973 | Steps:  119 | Reward:   280.25
Total T:  526872 | Ep: 4974 | Steps:  138 | Reward:   336.06
Total T:  527016 | Ep: 4975 | Steps:  144 | Reward:   366.33
Total T:  527147 | Ep: 4976 | Steps:  131 | Reward:   312.75
Total T:  527293 | Ep: 4977 | Steps:  146 | Reward:   371.54
Total T:  527444 | Ep: 4978 | Steps:  151 | Reward:   398.57
Total T:  527589 | Ep: 4979 | Steps:  145 | Reward:   371.41
Total T:  527719 | Ep: 4980 | Steps:  130 | Reward:   315.05
Total T:  527853 | Ep: 4981 | Steps:  134 | Reward:   333.25
Total T:  527998 | Ep: 4982 | Steps:  145 | Reward:   369.93
Total T:  528135 | Ep: 4983 | Steps:  137 | Reward:   335.75
Total T:  528275 | Ep: 4984 | Steps:  140 | Reward:   350.61
Total T:  528418 | Ep: 4985 | Steps:  143 | Reward:   354.07
Total T:  528553 | Ep: 4986 | Steps:  135 | Reward:   324.67
Total T:  528683 | Ep: 4987 | Steps:  130 | Reward:   313.48
Total T:  528822 | Ep: 4988 | Steps:  139 | Reward:   341.91
Total T:  528951 | Ep: 4989 | Steps:  129 | Reward:   305.61
Total T:  529090 | Ep: 4990 | Steps:  139 | Reward:   341.88
Total T:  529222 | Ep: 4991 | Steps:  132 | Reward:   312.99
Total T:  529376 | Ep: 4992 | Steps:  154 | Reward:   397.36
Total T:  529524 | Ep: 4993 | Steps:  148 | Reward:   381.64
Total T:  529665 | Ep: 4994 | Steps:  141 | Reward:   348.77
Total T:  529809 | Ep: 4995 | Steps:  144 | Reward:   360.45
Total T:  529957 | Ep: 4996 | Steps:  148 | Reward:   381.47
---------------------------------------
Evaluation over 10 episodes: 313.967
---------------------------------------
Total T:  530094 | Ep: 4997 | Steps:  137 | Reward:   334.21
Total T:  530237 | Ep: 4998 | Steps:  143 | Reward:   356.31
Total T:  530368 | Ep: 4999 | Steps:  131 | Reward:   310.46
Total T:  530505 | Ep: 5000 | Steps:  137 | Reward:   332.76
Total T:  530653 | Ep: 5001 | Steps:  148 | Reward:   382.86
Total T:  530795 | Ep: 5002 | Steps:  142 | Reward:   351.28
Total T:  530931 | Ep: 5003 | Steps:  136 | Reward:   332.14
Total T:  531062 | Ep: 5004 | Steps:  131 | Reward:   312.06
Total T:  531205 | Ep: 5005 | Steps:  143 | Reward:   357.59
Total T:  531339 | Ep: 5006 | Steps:  134 | Reward:   324.07
Total T:  531474 | Ep: 5007 | Steps:  135 | Reward:   327.60
Total T:  531619 | Ep: 5008 | Steps:  145 | Reward:   366.55
Total T:  531757 | Ep: 5009 | Steps:  138 | Reward:   336.54
Total T:  531895 | Ep: 5010 | Steps:  138 | Reward:   342.67
Total T:  532016 | Ep: 5011 | Steps:  121 | Reward:   284.27
Total T:  532165 | Ep: 5012 | Steps:  149 | Reward:   387.82
Total T:  532305 | Ep: 5013 | Steps:  140 | Reward:   351.47
Total T:  532458 | Ep: 5014 | Steps:  153 | Reward:   407.45
Total T:  532609 | Ep: 5015 | Steps:  151 | Reward:   392.13
Total T:  532739 | Ep: 5016 | Steps:  130 | Reward:   308.22
Total T:  532886 | Ep: 5017 | Steps:  147 | Reward:   374.23
Total T:  533028 | Ep: 5018 | Steps:  142 | Reward:   354.93
Total T:  533185 | Ep: 5019 | Steps:  157 | Reward:   428.93
Total T:  533333 | Ep: 5020 | Steps:  148 | Reward:   384.71
Total T:  533471 | Ep: 5021 | Steps:  138 | Reward:   356.98
Total T:  533610 | Ep: 5022 | Steps:  139 | Reward:   358.04
Total T:  533769 | Ep: 5023 | Steps:  159 | Reward:   415.56
Total T:  533914 | Ep: 5024 | Steps:  145 | Reward:   377.03
Total T:  534074 | Ep: 5025 | Steps:  160 | Reward:   433.42
Total T:  534221 | Ep: 5026 | Steps:  147 | Reward:   378.05
Total T:  534373 | Ep: 5027 | Steps:  152 | Reward:   396.13
Total T:  534501 | Ep: 5028 | Steps:  128 | Reward:   319.08
Total T:  534643 | Ep: 5029 | Steps:  142 | Reward:   360.87
Total T:  534772 | Ep: 5030 | Steps:  129 | Reward:   314.15
Total T:  534925 | Ep: 5031 | Steps:  153 | Reward:   391.52
Total T:  535074 | Ep: 5032 | Steps:  149 | Reward:   392.55
Total T:  535225 | Ep: 5033 | Steps:  151 | Reward:   397.13
Total T:  535350 | Ep: 5034 | Steps:  125 | Reward:   299.73
Total T:  535505 | Ep: 5035 | Steps:  155 | Reward:   420.86
Total T:  535644 | Ep: 5036 | Steps:  139 | Reward:   350.90
Total T:  535796 | Ep: 5037 | Steps:  152 | Reward:   399.36
Total T:  535938 | Ep: 5038 | Steps:  142 | Reward:   366.69
Total T:  536063 | Ep: 5039 | Steps:  125 | Reward:   309.54
Total T:  536219 | Ep: 5040 | Steps:  156 | Reward:   412.97
Total T:  536366 | Ep: 5041 | Steps:  147 | Reward:   392.21
Total T:  536506 | Ep: 5042 | Steps:  140 | Reward:   366.41
Total T:  536659 | Ep: 5043 | Steps:  153 | Reward:   407.33
Total T:  536813 | Ep: 5044 | Steps:  154 | Reward:   412.01
Total T:  536957 | Ep: 5045 | Steps:  144 | Reward:   367.10
Total T:  537098 | Ep: 5046 | Steps:  141 | Reward:   358.08
Total T:  537250 | Ep: 5047 | Steps:  152 | Reward:   398.40
Total T:  537398 | Ep: 5048 | Steps:  148 | Reward:   387.88
Total T:  537550 | Ep: 5049 | Steps:  152 | Reward:   395.52
Total T:  537689 | Ep: 5050 | Steps:  139 | Reward:   349.41
Total T:  537841 | Ep: 5051 | Steps:  152 | Reward:   397.67
Total T:  537982 | Ep: 5052 | Steps:  141 | Reward:   368.83
Total T:  538122 | Ep: 5053 | Steps:  140 | Reward:   350.42
Total T:  538263 | Ep: 5054 | Steps:  141 | Reward:   357.82
Total T:  538402 | Ep: 5055 | Steps:  139 | Reward:   350.17
Total T:  538542 | Ep: 5056 | Steps:  140 | Reward:   355.28
Total T:  538690 | Ep: 5057 | Steps:  148 | Reward:   388.74
Total T:  538826 | Ep: 5058 | Steps:  136 | Reward:   329.57
Total T:  538972 | Ep: 5059 | Steps:  146 | Reward:   382.00
Total T:  539110 | Ep: 5060 | Steps:  138 | Reward:   354.81
Total T:  539242 | Ep: 5061 | Steps:  132 | Reward:   314.08
Total T:  539384 | Ep: 5062 | Steps:  142 | Reward:   370.63
Total T:  539525 | Ep: 5063 | Steps:  141 | Reward:   366.18
Total T:  539669 | Ep: 5064 | Steps:  144 | Reward:   383.72
Total T:  539807 | Ep: 5065 | Steps:  138 | Reward:   364.89
Total T:  539939 | Ep: 5066 | Steps:  132 | Reward:   315.51
---------------------------------------
Evaluation over 10 episodes: 369.784
---------------------------------------
Total T:  540077 | Ep: 5067 | Steps:  138 | Reward:   343.84
Total T:  540210 | Ep: 5068 | Steps:  133 | Reward:   317.76
Total T:  540342 | Ep: 5069 | Steps:  132 | Reward:   317.42
Total T:  540481 | Ep: 5070 | Steps:  139 | Reward:   359.06
Total T:  540618 | Ep: 5071 | Steps:  137 | Reward:   350.82
Total T:  540763 | Ep: 5072 | Steps:  145 | Reward:   371.45
Total T:  540903 | Ep: 5073 | Steps:  140 | Reward:   375.54
Total T:  541044 | Ep: 5074 | Steps:  141 | Reward:   367.77
Total T:  541189 | Ep: 5075 | Steps:  145 | Reward:   388.97
Total T:  541331 | Ep: 5076 | Steps:  142 | Reward:   363.59
Total T:  541470 | Ep: 5077 | Steps:  139 | Reward:   352.70
Total T:  541609 | Ep: 5078 | Steps:  139 | Reward:   355.72
Total T:  541746 | Ep: 5079 | Steps:  137 | Reward:   338.12
Total T:  541885 | Ep: 5080 | Steps:  139 | Reward:   347.20
Total T:  542023 | Ep: 5081 | Steps:  138 | Reward:   342.26
Total T:  542165 | Ep: 5082 | Steps:  142 | Reward:   363.54
Total T:  542304 | Ep: 5083 | Steps:  139 | Reward:   348.37
Total T:  542447 | Ep: 5084 | Steps:  143 | Reward:   366.32
Total T:  542592 | Ep: 5085 | Steps:  145 | Reward:   385.95
Total T:  542730 | Ep: 5086 | Steps:  138 | Reward:   347.98
Total T:  542866 | Ep: 5087 | Steps:  136 | Reward:   335.91
Total T:  543005 | Ep: 5088 | Steps:  139 | Reward:   346.83
Total T:  543153 | Ep: 5089 | Steps:  148 | Reward:   386.55
Total T:  543296 | Ep: 5090 | Steps:  143 | Reward:   363.97
Total T:  543445 | Ep: 5091 | Steps:  149 | Reward:   400.71
Total T:  543595 | Ep: 5092 | Steps:  150 | Reward:   396.17
Total T:  543744 | Ep: 5093 | Steps:  149 | Reward:   396.09
Total T:  543899 | Ep: 5094 | Steps:  155 | Reward:   421.89
Total T:  544059 | Ep: 5095 | Steps:  160 | Reward:   451.43
Total T:  544217 | Ep: 5096 | Steps:  158 | Reward:   432.85
Total T:  544368 | Ep: 5097 | Steps:  151 | Reward:   407.15
Total T:  544531 | Ep: 5098 | Steps:  163 | Reward:   447.87
Total T:  544693 | Ep: 5099 | Steps:  162 | Reward:   453.90
Total T:  544857 | Ep: 5100 | Steps:  164 | Reward:   450.64
Total T:  545027 | Ep: 5101 | Steps:  170 | Reward:   456.31
Total T:  545195 | Ep: 5102 | Steps:  168 | Reward:   446.33
Total T:  545380 | Ep: 5103 | Steps:  185 | Reward:   517.33
Total T:  545541 | Ep: 5104 | Steps:  161 | Reward:   442.84
Total T:  545716 | Ep: 5105 | Steps:  175 | Reward:   503.60
Total T:  545883 | Ep: 5106 | Steps:  167 | Reward:   454.98
Total T:  546081 | Ep: 5107 | Steps:  198 | Reward:   596.19
Total T:  546284 | Ep: 5108 | Steps:  203 | Reward:   630.55
Total T:  546453 | Ep: 5109 | Steps:  169 | Reward:   466.47
Total T:  546629 | Ep: 5110 | Steps:  176 | Reward:   496.70
Total T:  546862 | Ep: 5111 | Steps:  233 | Reward:   748.09
Total T:  547017 | Ep: 5112 | Steps:  155 | Reward:   425.81
Total T:  547180 | Ep: 5113 | Steps:  163 | Reward:   457.77
Total T:  547333 | Ep: 5114 | Steps:  153 | Reward:   403.20
Total T:  547480 | Ep: 5115 | Steps:  147 | Reward:   382.32
Total T:  547621 | Ep: 5116 | Steps:  141 | Reward:   359.11
Total T:  547761 | Ep: 5117 | Steps:  140 | Reward:   350.18
Total T:  547901 | Ep: 5118 | Steps:  140 | Reward:   348.76
Total T:  548044 | Ep: 5119 | Steps:  143 | Reward:   373.86
Total T:  548180 | Ep: 5120 | Steps:  136 | Reward:   333.95
Total T:  548320 | Ep: 5121 | Steps:  140 | Reward:   350.56
Total T:  548461 | Ep: 5122 | Steps:  141 | Reward:   353.30
Total T:  548599 | Ep: 5123 | Steps:  138 | Reward:   349.83
Total T:  548739 | Ep: 5124 | Steps:  140 | Reward:   346.02
Total T:  548879 | Ep: 5125 | Steps:  140 | Reward:   348.51
Total T:  549018 | Ep: 5126 | Steps:  139 | Reward:   344.82
Total T:  549155 | Ep: 5127 | Steps:  137 | Reward:   339.54
Total T:  549291 | Ep: 5128 | Steps:  136 | Reward:   328.95
Total T:  549432 | Ep: 5129 | Steps:  141 | Reward:   351.57
Total T:  549567 | Ep: 5130 | Steps:  135 | Reward:   330.18
Total T:  549705 | Ep: 5131 | Steps:  138 | Reward:   342.74
Total T:  549841 | Ep: 5132 | Steps:  136 | Reward:   332.64
Total T:  549979 | Ep: 5133 | Steps:  138 | Reward:   337.05
---------------------------------------
Evaluation over 10 episodes: 354.709
---------------------------------------
Total T:  550118 | Ep: 5134 | Steps:  139 | Reward:   344.40
Total T:  550257 | Ep: 5135 | Steps:  139 | Reward:   342.41
Total T:  550393 | Ep: 5136 | Steps:  136 | Reward:   327.90
Total T:  550529 | Ep: 5137 | Steps:  136 | Reward:   322.75
Total T:  550621 | Ep: 5138 | Steps:   92 | Reward:   202.38
Total T:  550756 | Ep: 5139 | Steps:  135 | Reward:   321.98
Total T:  550893 | Ep: 5140 | Steps:  137 | Reward:   332.93
Total T:  551031 | Ep: 5141 | Steps:  138 | Reward:   339.11
Total T:  551170 | Ep: 5142 | Steps:  139 | Reward:   340.48
Total T:  551306 | Ep: 5143 | Steps:  136 | Reward:   327.62
Total T:  551446 | Ep: 5144 | Steps:  140 | Reward:   339.71
Total T:  551587 | Ep: 5145 | Steps:  141 | Reward:   351.55
Total T:  551727 | Ep: 5146 | Steps:  140 | Reward:   342.42
Total T:  551868 | Ep: 5147 | Steps:  141 | Reward:   347.64
Total T:  552008 | Ep: 5148 | Steps:  140 | Reward:   341.31
Total T:  552142 | Ep: 5149 | Steps:  134 | Reward:   315.49
Total T:  552284 | Ep: 5150 | Steps:  142 | Reward:   352.16
Total T:  552424 | Ep: 5151 | Steps:  140 | Reward:   340.91
Total T:  552566 | Ep: 5152 | Steps:  142 | Reward:   360.96
Total T:  552710 | Ep: 5153 | Steps:  144 | Reward:   361.88
Total T:  552856 | Ep: 5154 | Steps:  146 | Reward:   366.14
Total T:  553001 | Ep: 5155 | Steps:  145 | Reward:   368.38
Total T:  553148 | Ep: 5156 | Steps:  147 | Reward:   385.23
Total T:  553295 | Ep: 5157 | Steps:  147 | Reward:   381.73
Total T:  553444 | Ep: 5158 | Steps:  149 | Reward:   389.58
Total T:  553587 | Ep: 5159 | Steps:  143 | Reward:   360.55
Total T:  553734 | Ep: 5160 | Steps:  147 | Reward:   382.25
Total T:  553884 | Ep: 5161 | Steps:  150 | Reward:   396.95
Total T:  554035 | Ep: 5162 | Steps:  151 | Reward:   403.65
Total T:  554190 | Ep: 5163 | Steps:  155 | Reward:   414.35
Total T:  554339 | Ep: 5164 | Steps:  149 | Reward:   385.21
Total T:  554487 | Ep: 5165 | Steps:  148 | Reward:   375.34
Total T:  554637 | Ep: 5166 | Steps:  150 | Reward:   383.27
Total T:  554788 | Ep: 5167 | Steps:  151 | Reward:   400.66
Total T:  554934 | Ep: 5168 | Steps:  146 | Reward:   367.07
Total T:  555081 | Ep: 5169 | Steps:  147 | Reward:   382.67
Total T:  555227 | Ep: 5170 | Steps:  146 | Reward:   369.38
Total T:  555373 | Ep: 5171 | Steps:  146 | Reward:   378.34
Total T:  555520 | Ep: 5172 | Steps:  147 | Reward:   365.50
Total T:  555664 | Ep: 5173 | Steps:  144 | Reward:   366.84
Total T:  555809 | Ep: 5174 | Steps:  145 | Reward:   380.79
Total T:  555953 | Ep: 5175 | Steps:  144 | Reward:   364.40
Total T:  556098 | Ep: 5176 | Steps:  145 | Reward:   361.76
Total T:  556241 | Ep: 5177 | Steps:  143 | Reward:   363.21
Total T:  556385 | Ep: 5178 | Steps:  144 | Reward:   368.95
Total T:  556529 | Ep: 5179 | Steps:  144 | Reward:   362.09
Total T:  556672 | Ep: 5180 | Steps:  143 | Reward:   355.54
Total T:  556815 | Ep: 5181 | Steps:  143 | Reward:   354.13
Total T:  556963 | Ep: 5182 | Steps:  148 | Reward:   391.86
Total T:  557108 | Ep: 5183 | Steps:  145 | Reward:   368.55
Total T:  557252 | Ep: 5184 | Steps:  144 | Reward:   364.72
Total T:  557395 | Ep: 5185 | Steps:  143 | Reward:   354.94
Total T:  557546 | Ep: 5186 | Steps:  151 | Reward:   368.05
Total T:  557690 | Ep: 5187 | Steps:  144 | Reward:   358.10
Total T:  557834 | Ep: 5188 | Steps:  144 | Reward:   358.51
Total T:  557978 | Ep: 5189 | Steps:  144 | Reward:   358.22
Total T:  558119 | Ep: 5190 | Steps:  141 | Reward:   353.41
Total T:  558259 | Ep: 5191 | Steps:  140 | Reward:   330.09
Total T:  558403 | Ep: 5192 | Steps:  144 | Reward:   355.82
Total T:  558550 | Ep: 5193 | Steps:  147 | Reward:   370.69
Total T:  558694 | Ep: 5194 | Steps:  144 | Reward:   360.45
Total T:  558836 | Ep: 5195 | Steps:  142 | Reward:   355.16
Total T:  558977 | Ep: 5196 | Steps:  141 | Reward:   343.17
Total T:  559120 | Ep: 5197 | Steps:  143 | Reward:   356.48
Total T:  559261 | Ep: 5198 | Steps:  141 | Reward:   350.66
Total T:  559406 | Ep: 5199 | Steps:  145 | Reward:   357.07
Total T:  559545 | Ep: 5200 | Steps:  139 | Reward:   332.67
Total T:  559682 | Ep: 5201 | Steps:  137 | Reward:   323.78
Total T:  559820 | Ep: 5202 | Steps:  138 | Reward:   331.59
Total T:  559956 | Ep: 5203 | Steps:  136 | Reward:   322.46
---------------------------------------
Evaluation over 10 episodes: 317.586
---------------------------------------
Total T:  560091 | Ep: 5204 | Steps:  135 | Reward:   317.87
Total T:  560231 | Ep: 5205 | Steps:  140 | Reward:   344.15
Total T:  560370 | Ep: 5206 | Steps:  139 | Reward:   336.79
Total T:  560505 | Ep: 5207 | Steps:  135 | Reward:   318.99
Total T:  560643 | Ep: 5208 | Steps:  138 | Reward:   333.08
Total T:  560781 | Ep: 5209 | Steps:  138 | Reward:   332.24
Total T:  560924 | Ep: 5210 | Steps:  143 | Reward:   364.98
Total T:  561071 | Ep: 5211 | Steps:  147 | Reward:   376.18
Total T:  561210 | Ep: 5212 | Steps:  139 | Reward:   338.56
Total T:  561353 | Ep: 5213 | Steps:  143 | Reward:   354.31
Total T:  561492 | Ep: 5214 | Steps:  139 | Reward:   340.48
Total T:  561629 | Ep: 5215 | Steps:  137 | Reward:   325.19
Total T:  561768 | Ep: 5216 | Steps:  139 | Reward:   341.40
Total T:  561910 | Ep: 5217 | Steps:  142 | Reward:   342.46
Total T:  562052 | Ep: 5218 | Steps:  142 | Reward:   350.63
Total T:  562198 | Ep: 5219 | Steps:  146 | Reward:   374.58
Total T:  562342 | Ep: 5220 | Steps:  144 | Reward:   365.75
Total T:  562484 | Ep: 5221 | Steps:  142 | Reward:   356.62
Total T:  562626 | Ep: 5222 | Steps:  142 | Reward:   358.35
Total T:  562766 | Ep: 5223 | Steps:  140 | Reward:   352.01
Total T:  562903 | Ep: 5224 | Steps:  137 | Reward:   331.73
Total T:  563046 | Ep: 5225 | Steps:  143 | Reward:   361.91
Total T:  563185 | Ep: 5226 | Steps:  139 | Reward:   336.49
Total T:  563330 | Ep: 5227 | Steps:  145 | Reward:   375.88
Total T:  563470 | Ep: 5228 | Steps:  140 | Reward:   347.74
Total T:  563610 | Ep: 5229 | Steps:  140 | Reward:   352.40
Total T:  563751 | Ep: 5230 | Steps:  141 | Reward:   347.40
Total T:  563898 | Ep: 5231 | Steps:  147 | Reward:   380.23
Total T:  564044 | Ep: 5232 | Steps:  146 | Reward:   368.96
Total T:  564184 | Ep: 5233 | Steps:  140 | Reward:   355.34
Total T:  564331 | Ep: 5234 | Steps:  147 | Reward:   381.80
Total T:  564473 | Ep: 5235 | Steps:  142 | Reward:   351.44
Total T:  564615 | Ep: 5236 | Steps:  142 | Reward:   354.57
Total T:  564756 | Ep: 5237 | Steps:  141 | Reward:   355.09
Total T:  564900 | Ep: 5238 | Steps:  144 | Reward:   360.17
Total T:  565044 | Ep: 5239 | Steps:  144 | Reward:   359.18
Total T:  565187 | Ep: 5240 | Steps:  143 | Reward:   360.89
Total T:  565330 | Ep: 5241 | Steps:  143 | Reward:   357.77
Total T:  565473 | Ep: 5242 | Steps:  143 | Reward:   360.92
Total T:  565625 | Ep: 5243 | Steps:  152 | Reward:   402.25
Total T:  565767 | Ep: 5244 | Steps:  142 | Reward:   351.31
Total T:  565905 | Ep: 5245 | Steps:  138 | Reward:   335.91
Total T:  566047 | Ep: 5246 | Steps:  142 | Reward:   363.29
Total T:  566186 | Ep: 5247 | Steps:  139 | Reward:   343.09
Total T:  566328 | Ep: 5248 | Steps:  142 | Reward:   354.63
Total T:  566470 | Ep: 5249 | Steps:  142 | Reward:   353.70
Total T:  566610 | Ep: 5250 | Steps:  140 | Reward:   345.66
Total T:  566756 | Ep: 5251 | Steps:  146 | Reward:   379.82
Total T:  566899 | Ep: 5252 | Steps:  143 | Reward:   361.45
Total T:  567040 | Ep: 5253 | Steps:  141 | Reward:   349.77
Total T:  567186 | Ep: 5254 | Steps:  146 | Reward:   374.37
Total T:  567324 | Ep: 5255 | Steps:  138 | Reward:   335.44
Total T:  567466 | Ep: 5256 | Steps:  142 | Reward:   353.60
Total T:  567604 | Ep: 5257 | Steps:  138 | Reward:   341.40
Total T:  567749 | Ep: 5258 | Steps:  145 | Reward:   374.88
Total T:  567891 | Ep: 5259 | Steps:  142 | Reward:   358.79
Total T:  568031 | Ep: 5260 | Steps:  140 | Reward:   346.95
Total T:  568170 | Ep: 5261 | Steps:  139 | Reward:   334.07
Total T:  568307 | Ep: 5262 | Steps:  137 | Reward:   330.51
Total T:  568449 | Ep: 5263 | Steps:  142 | Reward:   355.98
Total T:  568590 | Ep: 5264 | Steps:  141 | Reward:   348.57
Total T:  568727 | Ep: 5265 | Steps:  137 | Reward:   332.00
Total T:  568868 | Ep: 5266 | Steps:  141 | Reward:   349.22
Total T:  569004 | Ep: 5267 | Steps:  136 | Reward:   332.24
Total T:  569141 | Ep: 5268 | Steps:  137 | Reward:   338.47
Total T:  569280 | Ep: 5269 | Steps:  139 | Reward:   338.20
Total T:  569419 | Ep: 5270 | Steps:  139 | Reward:   337.10
Total T:  569558 | Ep: 5271 | Steps:  139 | Reward:   337.18
Total T:  569701 | Ep: 5272 | Steps:  143 | Reward:   362.73
Total T:  569838 | Ep: 5273 | Steps:  137 | Reward:   326.86
Total T:  569977 | Ep: 5274 | Steps:  139 | Reward:   333.28
---------------------------------------
Evaluation over 10 episodes: 329.211
---------------------------------------
Total T:  570116 | Ep: 5275 | Steps:  139 | Reward:   335.93
Total T:  570255 | Ep: 5276 | Steps:  139 | Reward:   339.80
Total T:  570396 | Ep: 5277 | Steps:  141 | Reward:   342.67
Total T:  570535 | Ep: 5278 | Steps:  139 | Reward:   339.25
Total T:  570675 | Ep: 5279 | Steps:  140 | Reward:   340.98
Total T:  570820 | Ep: 5280 | Steps:  145 | Reward:   364.83
Total T:  570964 | Ep: 5281 | Steps:  144 | Reward:   355.67
Total T:  571123 | Ep: 5282 | Steps:  159 | Reward:   419.30
Total T:  571268 | Ep: 5283 | Steps:  145 | Reward:   369.89
Total T:  571412 | Ep: 5284 | Steps:  144 | Reward:   360.26
Total T:  571560 | Ep: 5285 | Steps:  148 | Reward:   375.90
Total T:  571705 | Ep: 5286 | Steps:  145 | Reward:   366.36
Total T:  571850 | Ep: 5287 | Steps:  145 | Reward:   363.19
Total T:  571997 | Ep: 5288 | Steps:  147 | Reward:   375.12
Total T:  572142 | Ep: 5289 | Steps:  145 | Reward:   362.45
Total T:  572287 | Ep: 5290 | Steps:  145 | Reward:   368.80
Total T:  572438 | Ep: 5291 | Steps:  151 | Reward:   386.46
Total T:  572623 | Ep: 5292 | Steps:  185 | Reward:   564.89
Total T:  572767 | Ep: 5293 | Steps:  144 | Reward:   365.14
Total T:  572911 | Ep: 5294 | Steps:  144 | Reward:   370.00
Total T:  573055 | Ep: 5295 | Steps:  144 | Reward:   361.16
Total T:  573202 | Ep: 5296 | Steps:  147 | Reward:   372.09
Total T:  573352 | Ep: 5297 | Steps:  150 | Reward:   383.50
Total T:  573498 | Ep: 5298 | Steps:  146 | Reward:   372.23
Total T:  573648 | Ep: 5299 | Steps:  150 | Reward:   387.08
Total T:  573848 | Ep: 5300 | Steps:  200 | Reward:   643.50
Total T:  574020 | Ep: 5301 | Steps:  172 | Reward:   469.21
Total T:  574197 | Ep: 5302 | Steps:  177 | Reward:   493.78
Total T:  574299 | Ep: 5303 | Steps:  102 | Reward:   234.13
Total T:  574483 | Ep: 5304 | Steps:  184 | Reward:   520.43
Total T:  574581 | Ep: 5305 | Steps:   98 | Reward:   218.62
Total T:  574831 | Ep: 5306 | Steps:  250 | Reward:   741.85
Total T:  575070 | Ep: 5307 | Steps:  239 | Reward:   711.88
Total T:  575293 | Ep: 5308 | Steps:  223 | Reward:   700.71
Total T:  575543 | Ep: 5309 | Steps:  250 | Reward:   754.21
Total T:  575740 | Ep: 5310 | Steps:  197 | Reward:   547.21
Total T:  575966 | Ep: 5311 | Steps:  226 | Reward:   682.27
Total T:  576141 | Ep: 5312 | Steps:  175 | Reward:   483.88
Total T:  576315 | Ep: 5313 | Steps:  174 | Reward:   481.47
Total T:  576478 | Ep: 5314 | Steps:  163 | Reward:   453.84
Total T:  576669 | Ep: 5315 | Steps:  191 | Reward:   576.08
Total T:  576843 | Ep: 5316 | Steps:  174 | Reward:   514.67
Total T:  577010 | Ep: 5317 | Steps:  167 | Reward:   447.09
Total T:  577180 | Ep: 5318 | Steps:  170 | Reward:   476.51
Total T:  577354 | Ep: 5319 | Steps:  174 | Reward:   478.81
Total T:  577592 | Ep: 5320 | Steps:  238 | Reward:   712.81
Total T:  577769 | Ep: 5321 | Steps:  177 | Reward:   478.25
Total T:  577920 | Ep: 5322 | Steps:  151 | Reward:   388.84
Total T:  578071 | Ep: 5323 | Steps:  151 | Reward:   407.71
Total T:  578242 | Ep: 5324 | Steps:  171 | Reward:   460.38
Total T:  578389 | Ep: 5325 | Steps:  147 | Reward:   371.56
Total T:  578570 | Ep: 5326 | Steps:  181 | Reward:   524.76
Total T:  578755 | Ep: 5327 | Steps:  185 | Reward:   515.40
Total T:  578947 | Ep: 5328 | Steps:  192 | Reward:   521.38
Total T:  579129 | Ep: 5329 | Steps:  182 | Reward:   504.71
Total T:  579302 | Ep: 5330 | Steps:  173 | Reward:   469.87
Total T:  579476 | Ep: 5331 | Steps:  174 | Reward:   461.64
Total T:  579621 | Ep: 5332 | Steps:  145 | Reward:   355.05
Total T:  579779 | Ep: 5333 | Steps:  158 | Reward:   422.24
Total T:  579958 | Ep: 5334 | Steps:  179 | Reward:   483.88
---------------------------------------
Evaluation over 10 episodes: 396.980
---------------------------------------
Total T:  580109 | Ep: 5335 | Steps:  151 | Reward:   400.10
Total T:  580296 | Ep: 5336 | Steps:  187 | Reward:   508.06
Total T:  580467 | Ep: 5337 | Steps:  171 | Reward:   481.89
Total T:  580646 | Ep: 5338 | Steps:  179 | Reward:   482.11
Total T:  580826 | Ep: 5339 | Steps:  180 | Reward:   491.70
Total T:  580989 | Ep: 5340 | Steps:  163 | Reward:   430.63
Total T:  581171 | Ep: 5341 | Steps:  182 | Reward:   493.57
Total T:  581379 | Ep: 5342 | Steps:  208 | Reward:   610.53
Total T:  581545 | Ep: 5343 | Steps:  166 | Reward:   450.61
Total T:  581722 | Ep: 5344 | Steps:  177 | Reward:   478.65
Total T:  581917 | Ep: 5345 | Steps:  195 | Reward:   598.06
Total T:  582141 | Ep: 5346 | Steps:  224 | Reward:   690.21
Total T:  582311 | Ep: 5347 | Steps:  170 | Reward:   442.57
Total T:  582487 | Ep: 5348 | Steps:  176 | Reward:   509.11
Total T:  582659 | Ep: 5349 | Steps:  172 | Reward:   482.83
Total T:  582849 | Ep: 5350 | Steps:  190 | Reward:   522.59
Total T:  583024 | Ep: 5351 | Steps:  175 | Reward:   475.39
Total T:  583186 | Ep: 5352 | Steps:  162 | Reward:   413.30
Total T:  583362 | Ep: 5353 | Steps:  176 | Reward:   470.46
Total T:  583522 | Ep: 5354 | Steps:  160 | Reward:   411.30
Total T:  583686 | Ep: 5355 | Steps:  164 | Reward:   426.98
Total T:  583842 | Ep: 5356 | Steps:  156 | Reward:   420.29
Total T:  584003 | Ep: 5357 | Steps:  161 | Reward:   419.35
Total T:  584182 | Ep: 5358 | Steps:  179 | Reward:   536.20
Total T:  584343 | Ep: 5359 | Steps:  161 | Reward:   443.78
Total T:  584516 | Ep: 5360 | Steps:  173 | Reward:   488.84
Total T:  584653 | Ep: 5361 | Steps:  137 | Reward:   337.27
Total T:  584794 | Ep: 5362 | Steps:  141 | Reward:   345.29
Total T:  584957 | Ep: 5363 | Steps:  163 | Reward:   446.41
Total T:  585117 | Ep: 5364 | Steps:  160 | Reward:   436.06
Total T:  585264 | Ep: 5365 | Steps:  147 | Reward:   373.94
Total T:  585423 | Ep: 5366 | Steps:  159 | Reward:   414.75
Total T:  585567 | Ep: 5367 | Steps:  144 | Reward:   350.19
Total T:  585724 | Ep: 5368 | Steps:  157 | Reward:   424.15
Total T:  585866 | Ep: 5369 | Steps:  142 | Reward:   349.73
Total T:  586033 | Ep: 5370 | Steps:  167 | Reward:   470.68
Total T:  586180 | Ep: 5371 | Steps:  147 | Reward:   369.67
Total T:  586343 | Ep: 5372 | Steps:  163 | Reward:   464.95
Total T:  586489 | Ep: 5373 | Steps:  146 | Reward:   372.85
Total T:  586675 | Ep: 5374 | Steps:  186 | Reward:   522.18
Total T:  586844 | Ep: 5375 | Steps:  169 | Reward:   473.98
Total T:  587012 | Ep: 5376 | Steps:  168 | Reward:   455.05
Total T:  587180 | Ep: 5377 | Steps:  168 | Reward:   474.87
Total T:  587377 | Ep: 5378 | Steps:  197 | Reward:   562.86
Total T:  587601 | Ep: 5379 | Steps:  224 | Reward:   706.53
Total T:  587778 | Ep: 5380 | Steps:  177 | Reward:   486.72
Total T:  587980 | Ep: 5381 | Steps:  202 | Reward:   583.07
Total T:  588156 | Ep: 5382 | Steps:  176 | Reward:   458.25
Total T:  588366 | Ep: 5383 | Steps:  210 | Reward:   649.93
Total T:  588583 | Ep: 5384 | Steps:  217 | Reward:   648.63
Total T:  588812 | Ep: 5385 | Steps:  229 | Reward:   735.34
Total T:  589017 | Ep: 5386 | Steps:  205 | Reward:   612.90
Total T:  589198 | Ep: 5387 | Steps:  181 | Reward:   489.04
Total T:  589341 | Ep: 5388 | Steps:  143 | Reward:   362.94
Total T:  589528 | Ep: 5389 | Steps:  187 | Reward:   513.26
Total T:  589716 | Ep: 5390 | Steps:  188 | Reward:   544.97
Total T:  589890 | Ep: 5391 | Steps:  174 | Reward:   469.53
---------------------------------------
Evaluation over 10 episodes: 525.071
---------------------------------------
Total T:  590080 | Ep: 5392 | Steps:  190 | Reward:   557.37
Total T:  590263 | Ep: 5393 | Steps:  183 | Reward:   518.70
Total T:  590437 | Ep: 5394 | Steps:  174 | Reward:   474.73
Total T:  590630 | Ep: 5395 | Steps:  193 | Reward:   546.57
Total T:  590807 | Ep: 5396 | Steps:  177 | Reward:   482.12
Total T:  590995 | Ep: 5397 | Steps:  188 | Reward:   517.90
Total T:  591190 | Ep: 5398 | Steps:  195 | Reward:   555.56
Total T:  591345 | Ep: 5399 | Steps:  155 | Reward:   406.52
Total T:  591519 | Ep: 5400 | Steps:  174 | Reward:   485.07
Total T:  591693 | Ep: 5401 | Steps:  174 | Reward:   505.03
Total T:  591866 | Ep: 5402 | Steps:  173 | Reward:   455.72
Total T:  592030 | Ep: 5403 | Steps:  164 | Reward:   449.16
Total T:  592193 | Ep: 5404 | Steps:  163 | Reward:   421.84
Total T:  592354 | Ep: 5405 | Steps:  161 | Reward:   432.15
Total T:  592534 | Ep: 5406 | Steps:  180 | Reward:   502.20
Total T:  592702 | Ep: 5407 | Steps:  168 | Reward:   443.69
Total T:  592864 | Ep: 5408 | Steps:  162 | Reward:   433.19
Total T:  593033 | Ep: 5409 | Steps:  169 | Reward:   485.11
Total T:  593198 | Ep: 5410 | Steps:  165 | Reward:   441.52
Total T:  593376 | Ep: 5411 | Steps:  178 | Reward:   487.96
Total T:  593543 | Ep: 5412 | Steps:  167 | Reward:   471.82
Total T:  593713 | Ep: 5413 | Steps:  170 | Reward:   449.68
Total T:  593874 | Ep: 5414 | Steps:  161 | Reward:   412.00
Total T:  594041 | Ep: 5415 | Steps:  167 | Reward:   438.94
Total T:  594234 | Ep: 5416 | Steps:  193 | Reward:   539.86
Total T:  594404 | Ep: 5417 | Steps:  170 | Reward:   478.86
Total T:  594577 | Ep: 5418 | Steps:  173 | Reward:   464.40
Total T:  594785 | Ep: 5419 | Steps:  208 | Reward:   583.55
Total T:  595005 | Ep: 5420 | Steps:  220 | Reward:   666.48
Total T:  595236 | Ep: 5421 | Steps:  231 | Reward:   727.58
Total T:  595416 | Ep: 5422 | Steps:  180 | Reward:   490.58
Total T:  595661 | Ep: 5423 | Steps:  245 | Reward:   746.17
Total T:  595870 | Ep: 5424 | Steps:  209 | Reward:   591.92
Total T:  596046 | Ep: 5425 | Steps:  176 | Reward:   467.46
Total T:  596216 | Ep: 5426 | Steps:  170 | Reward:   442.48
Total T:  596367 | Ep: 5427 | Steps:  151 | Reward:   373.57
Total T:  596535 | Ep: 5428 | Steps:  168 | Reward:   436.61
Total T:  596718 | Ep: 5429 | Steps:  183 | Reward:   479.04
Total T:  596901 | Ep: 5430 | Steps:  183 | Reward:   490.16
Total T:  597082 | Ep: 5431 | Steps:  181 | Reward:   487.13
Total T:  597244 | Ep: 5432 | Steps:  162 | Reward:   418.88
Total T:  597425 | Ep: 5433 | Steps:  181 | Reward:   490.56
Total T:  597587 | Ep: 5434 | Steps:  162 | Reward:   422.09
Total T:  597780 | Ep: 5435 | Steps:  193 | Reward:   512.99
Total T:  597955 | Ep: 5436 | Steps:  175 | Reward:   461.42
Total T:  598150 | Ep: 5437 | Steps:  195 | Reward:   532.12
Total T:  598327 | Ep: 5438 | Steps:  177 | Reward:   468.85
Total T:  598507 | Ep: 5439 | Steps:  180 | Reward:   477.24
Total T:  598668 | Ep: 5440 | Steps:  161 | Reward:   415.86
Total T:  598848 | Ep: 5441 | Steps:  180 | Reward:   483.58
Total T:  599038 | Ep: 5442 | Steps:  190 | Reward:   520.63
Total T:  599202 | Ep: 5443 | Steps:  164 | Reward:   446.12
Total T:  599360 | Ep: 5444 | Steps:  158 | Reward:   406.27
Total T:  599512 | Ep: 5445 | Steps:  152 | Reward:   385.01
Total T:  599656 | Ep: 5446 | Steps:  144 | Reward:   362.07
Total T:  599806 | Ep: 5447 | Steps:  150 | Reward:   377.37
Total T:  599952 | Ep: 5448 | Steps:  146 | Reward:   366.97
---------------------------------------
Evaluation over 10 episodes: 376.728
---------------------------------------
Total T:  600129 | Ep: 5449 | Steps:  177 | Reward:   485.07
Total T:  600278 | Ep: 5450 | Steps:  149 | Reward:   383.04
Total T:  600467 | Ep: 5451 | Steps:  189 | Reward:   582.32
Total T:  600633 | Ep: 5452 | Steps:  166 | Reward:   425.15
Total T:  600794 | Ep: 5453 | Steps:  161 | Reward:   436.88
Total T:  600955 | Ep: 5454 | Steps:  161 | Reward:   405.53
Total T:  601098 | Ep: 5455 | Steps:  143 | Reward:   360.91
Total T:  601254 | Ep: 5456 | Steps:  156 | Reward:   405.68
Total T:  601413 | Ep: 5457 | Steps:  159 | Reward:   405.48
Total T:  601570 | Ep: 5458 | Steps:  157 | Reward:   394.01
Total T:  601714 | Ep: 5459 | Steps:  144 | Reward:   371.97
Total T:  601860 | Ep: 5460 | Steps:  146 | Reward:   370.12
Total T:  602068 | Ep: 5461 | Steps:  208 | Reward:   582.49
Total T:  602272 | Ep: 5462 | Steps:  204 | Reward:   592.46
Total T:  602445 | Ep: 5463 | Steps:  173 | Reward:   469.68
Total T:  602632 | Ep: 5464 | Steps:  187 | Reward:   509.58
Total T:  602778 | Ep: 5465 | Steps:  146 | Reward:   382.31
Total T:  602963 | Ep: 5466 | Steps:  185 | Reward:   491.22
Total T:  603167 | Ep: 5467 | Steps:  204 | Reward:   566.71
Total T:  603373 | Ep: 5468 | Steps:  206 | Reward:   604.59
Total T:  603602 | Ep: 5469 | Steps:  229 | Reward:   767.30
Total T:  603840 | Ep: 5470 | Steps:  238 | Reward:   810.44
Total T:  604057 | Ep: 5471 | Steps:  217 | Reward:   675.99
Total T:  604286 | Ep: 5472 | Steps:  229 | Reward:   726.45
Total T:  604480 | Ep: 5473 | Steps:  194 | Reward:   592.32
Total T:  604698 | Ep: 5474 | Steps:  218 | Reward:   650.33
Total T:  604917 | Ep: 5475 | Steps:  219 | Reward:   677.99
Total T:  605135 | Ep: 5476 | Steps:  218 | Reward:   656.26
Total T:  605353 | Ep: 5477 | Steps:  218 | Reward:   661.84
Total T:  605529 | Ep: 5478 | Steps:  176 | Reward:   495.40
Total T:  605749 | Ep: 5479 | Steps:  220 | Reward:   689.76
Total T:  605922 | Ep: 5480 | Steps:  173 | Reward:   468.19
Total T:  606146 | Ep: 5481 | Steps:  224 | Reward:   742.25
Total T:  606367 | Ep: 5482 | Steps:  221 | Reward:   732.45
Total T:  606598 | Ep: 5483 | Steps:  231 | Reward:   775.29
Total T:  606771 | Ep: 5484 | Steps:  173 | Reward:   496.86
Total T:  606950 | Ep: 5485 | Steps:  179 | Reward:   509.51
Total T:  607142 | Ep: 5486 | Steps:  192 | Reward:   557.41
Total T:  607313 | Ep: 5487 | Steps:  171 | Reward:   496.23
Total T:  607507 | Ep: 5488 | Steps:  194 | Reward:   568.39
Total T:  607694 | Ep: 5489 | Steps:  187 | Reward:   538.46
Total T:  607876 | Ep: 5490 | Steps:  182 | Reward:   530.60
Total T:  608042 | Ep: 5491 | Steps:  166 | Reward:   462.79
Total T:  608210 | Ep: 5492 | Steps:  168 | Reward:   462.05
Total T:  608440 | Ep: 5493 | Steps:  230 | Reward:   751.56
Total T:  608623 | Ep: 5494 | Steps:  183 | Reward:   501.02
Total T:  608814 | Ep: 5495 | Steps:  191 | Reward:   566.13
Total T:  609007 | Ep: 5496 | Steps:  193 | Reward:   568.35
Total T:  609176 | Ep: 5497 | Steps:  169 | Reward:   471.01
Total T:  609413 | Ep: 5498 | Steps:  237 | Reward:   787.99
Total T:  609631 | Ep: 5499 | Steps:  218 | Reward:   670.89
Total T:  609833 | Ep: 5500 | Steps:  202 | Reward:   616.87
---------------------------------------
Evaluation over 10 episodes: 700.022
---------------------------------------
Total T:  610032 | Ep: 5501 | Steps:  199 | Reward:   610.97
Total T:  610257 | Ep: 5502 | Steps:  225 | Reward:   700.81
Total T:  610461 | Ep: 5503 | Steps:  204 | Reward:   598.44
Total T:  610680 | Ep: 5504 | Steps:  219 | Reward:   674.76
Total T:  610906 | Ep: 5505 | Steps:  226 | Reward:   702.95
Total T:  611132 | Ep: 5506 | Steps:  226 | Reward:   736.02
Total T:  611380 | Ep: 5507 | Steps:  248 | Reward:   784.15
Total T:  611611 | Ep: 5508 | Steps:  231 | Reward:   776.86
Total T:  611835 | Ep: 5509 | Steps:  224 | Reward:   726.31
Total T:  612070 | Ep: 5510 | Steps:  235 | Reward:   742.50
Total T:  612317 | Ep: 5511 | Steps:  247 | Reward:   761.53
Total T:  612510 | Ep: 5512 | Steps:  193 | Reward:   595.11
Total T:  612728 | Ep: 5513 | Steps:  218 | Reward:   672.47
Total T:  612926 | Ep: 5514 | Steps:  198 | Reward:   581.07
Total T:  613113 | Ep: 5515 | Steps:  187 | Reward:   548.40
Total T:  613321 | Ep: 5516 | Steps:  208 | Reward:   637.00
Total T:  613517 | Ep: 5517 | Steps:  196 | Reward:   566.26
Total T:  613728 | Ep: 5518 | Steps:  211 | Reward:   613.19
Total T:  613919 | Ep: 5519 | Steps:  191 | Reward:   572.85
Total T:  614107 | Ep: 5520 | Steps:  188 | Reward:   520.95
Total T:  614288 | Ep: 5521 | Steps:  181 | Reward:   493.71
Total T:  614502 | Ep: 5522 | Steps:  214 | Reward:   675.81
Total T:  614733 | Ep: 5523 | Steps:  231 | Reward:   650.65
Total T:  614940 | Ep: 5524 | Steps:  207 | Reward:   584.14
Total T:  615124 | Ep: 5525 | Steps:  184 | Reward:   489.78
Total T:  615303 | Ep: 5526 | Steps:  179 | Reward:   515.52
Total T:  615494 | Ep: 5527 | Steps:  191 | Reward:   585.33
Total T:  615661 | Ep: 5528 | Steps:  167 | Reward:   495.39
Total T:  615849 | Ep: 5529 | Steps:  188 | Reward:   541.70
Total T:  616024 | Ep: 5530 | Steps:  175 | Reward:   530.85
Total T:  616219 | Ep: 5531 | Steps:  195 | Reward:   563.34
Total T:  616408 | Ep: 5532 | Steps:  189 | Reward:   526.60
Total T:  616594 | Ep: 5533 | Steps:  186 | Reward:   581.97
Total T:  616780 | Ep: 5534 | Steps:  186 | Reward:   587.42
Total T:  616955 | Ep: 5535 | Steps:  175 | Reward:   461.36
Total T:  617169 | Ep: 5536 | Steps:  214 | Reward:   649.06
Total T:  617376 | Ep: 5537 | Steps:  207 | Reward:   592.35
Total T:  617564 | Ep: 5538 | Steps:  188 | Reward:   599.26
Total T:  617774 | Ep: 5539 | Steps:  210 | Reward:   684.91
Total T:  617952 | Ep: 5540 | Steps:  178 | Reward:   548.96
Total T:  618154 | Ep: 5541 | Steps:  202 | Reward:   656.93
Total T:  618331 | Ep: 5542 | Steps:  177 | Reward:   543.34
Total T:  618562 | Ep: 5543 | Steps:  231 | Reward:   687.54
Total T:  618774 | Ep: 5544 | Steps:  212 | Reward:   692.42
Total T:  618993 | Ep: 5545 | Steps:  219 | Reward:   708.15
Total T:  619203 | Ep: 5546 | Steps:  210 | Reward:   677.81
Total T:  619412 | Ep: 5547 | Steps:  209 | Reward:   672.41
Total T:  619620 | Ep: 5548 | Steps:  208 | Reward:   680.98
Total T:  619844 | Ep: 5549 | Steps:  224 | Reward:   688.21
---------------------------------------
Evaluation over 10 episodes: 690.789
---------------------------------------
Total T:  620059 | Ep: 5550 | Steps:  215 | Reward:   656.96
Total T:  620253 | Ep: 5551 | Steps:  194 | Reward:   608.86
Total T:  620466 | Ep: 5552 | Steps:  213 | Reward:   695.35
Total T:  620700 | Ep: 5553 | Steps:  234 | Reward:   697.61
Total T:  620903 | Ep: 5554 | Steps:  203 | Reward:   654.46
Total T:  621135 | Ep: 5555 | Steps:  232 | Reward:   698.86
Total T:  621341 | Ep: 5556 | Steps:  206 | Reward:   665.57
Total T:  621634 | Ep: 5557 | Steps:  293 | Reward:   917.09
Total T:  621856 | Ep: 5558 | Steps:  222 | Reward:   701.57
Total T:  622091 | Ep: 5559 | Steps:  235 | Reward:   709.08
Total T:  622306 | Ep: 5560 | Steps:  215 | Reward:   674.60
Total T:  622522 | Ep: 5561 | Steps:  216 | Reward:   637.80
Total T:  622751 | Ep: 5562 | Steps:  229 | Reward:   663.52
Total T:  623006 | Ep: 5563 | Steps:  255 | Reward:   784.55
Total T:  623235 | Ep: 5564 | Steps:  229 | Reward:   629.09
Total T:  623456 | Ep: 5565 | Steps:  221 | Reward:   653.76
Total T:  623687 | Ep: 5566 | Steps:  231 | Reward:   706.39
Total T:  623918 | Ep: 5567 | Steps:  231 | Reward:   673.21
Total T:  624126 | Ep: 5568 | Steps:  208 | Reward:   677.95
Total T:  624364 | Ep: 5569 | Steps:  238 | Reward:   752.26
Total T:  624586 | Ep: 5570 | Steps:  222 | Reward:   634.49
Total T:  624832 | Ep: 5571 | Steps:  246 | Reward:   777.00
Total T:  625045 | Ep: 5572 | Steps:  213 | Reward:   628.13
Total T:  625286 | Ep: 5573 | Steps:  241 | Reward:   744.21
Total T:  625553 | Ep: 5574 | Steps:  267 | Reward:   863.24
Total T:  625806 | Ep: 5575 | Steps:  253 | Reward:   783.50
Total T:  626086 | Ep: 5576 | Steps:  280 | Reward:   905.40
Total T:  626360 | Ep: 5577 | Steps:  274 | Reward:   867.08
Total T:  626595 | Ep: 5578 | Steps:  235 | Reward:   735.18
Total T:  626808 | Ep: 5579 | Steps:  213 | Reward:   651.39
Total T:  627026 | Ep: 5580 | Steps:  218 | Reward:   654.17
Total T:  627250 | Ep: 5581 | Steps:  224 | Reward:   715.32
Total T:  627471 | Ep: 5582 | Steps:  221 | Reward:   716.13
Total T:  627704 | Ep: 5583 | Steps:  233 | Reward:   775.78
Total T:  627906 | Ep: 5584 | Steps:  202 | Reward:   647.21
Total T:  628134 | Ep: 5585 | Steps:  228 | Reward:   736.44
Total T:  628335 | Ep: 5586 | Steps:  201 | Reward:   632.07
Total T:  628559 | Ep: 5587 | Steps:  224 | Reward:   703.24
Total T:  628773 | Ep: 5588 | Steps:  214 | Reward:   684.54
Total T:  628970 | Ep: 5589 | Steps:  197 | Reward:   629.31
Total T:  629175 | Ep: 5590 | Steps:  205 | Reward:   658.09
Total T:  629383 | Ep: 5591 | Steps:  208 | Reward:   666.78
Total T:  629576 | Ep: 5592 | Steps:  193 | Reward:   614.48
Total T:  629784 | Ep: 5593 | Steps:  208 | Reward:   662.39
Total T:  629983 | Ep: 5594 | Steps:  199 | Reward:   631.23
---------------------------------------
Evaluation over 10 episodes: 712.719
---------------------------------------
Total T:  630185 | Ep: 5595 | Steps:  202 | Reward:   649.61
Total T:  630384 | Ep: 5596 | Steps:  199 | Reward:   623.88
Total T:  630577 | Ep: 5597 | Steps:  193 | Reward:   610.45
Total T:  630761 | Ep: 5598 | Steps:  184 | Reward:   563.41
Total T:  630969 | Ep: 5599 | Steps:  208 | Reward:   662.79
Total T:  631153 | Ep: 5600 | Steps:  184 | Reward:   574.68
Total T:  631350 | Ep: 5601 | Steps:  197 | Reward:   614.20
Total T:  631558 | Ep: 5602 | Steps:  208 | Reward:   672.66
Total T:  631753 | Ep: 5603 | Steps:  195 | Reward:   613.91
Total T:  631971 | Ep: 5604 | Steps:  218 | Reward:   694.30
Total T:  632170 | Ep: 5605 | Steps:  199 | Reward:   622.62
Total T:  632364 | Ep: 5606 | Steps:  194 | Reward:   617.91
Total T:  632537 | Ep: 5607 | Steps:  173 | Reward:   505.84
Total T:  632732 | Ep: 5608 | Steps:  195 | Reward:   623.86
Total T:  632931 | Ep: 5609 | Steps:  199 | Reward:   631.61
Total T:  633130 | Ep: 5610 | Steps:  199 | Reward:   636.88
Total T:  633346 | Ep: 5611 | Steps:  216 | Reward:   679.92
Total T:  633547 | Ep: 5612 | Steps:  201 | Reward:   648.09
Total T:  633745 | Ep: 5613 | Steps:  198 | Reward:   640.99
Total T:  633951 | Ep: 5614 | Steps:  206 | Reward:   669.36
Total T:  634157 | Ep: 5615 | Steps:  206 | Reward:   669.03
Total T:  634364 | Ep: 5616 | Steps:  207 | Reward:   673.82
Total T:  634562 | Ep: 5617 | Steps:  198 | Reward:   631.70
Total T:  634772 | Ep: 5618 | Steps:  210 | Reward:   691.76
Total T:  634985 | Ep: 5619 | Steps:  213 | Reward:   696.91
Total T:  635193 | Ep: 5620 | Steps:  208 | Reward:   683.88
Total T:  635388 | Ep: 5621 | Steps:  195 | Reward:   630.77
Total T:  635600 | Ep: 5622 | Steps:  212 | Reward:   693.58
Total T:  635822 | Ep: 5623 | Steps:  222 | Reward:   729.25
Total T:  636033 | Ep: 5624 | Steps:  211 | Reward:   697.04
Total T:  636218 | Ep: 5625 | Steps:  185 | Reward:   579.59
Total T:  636415 | Ep: 5626 | Steps:  197 | Reward:   638.75
Total T:  636609 | Ep: 5627 | Steps:  194 | Reward:   615.01
Total T:  636818 | Ep: 5628 | Steps:  209 | Reward:   688.20
Total T:  637057 | Ep: 5629 | Steps:  239 | Reward:   775.07
Total T:  637321 | Ep: 5630 | Steps:  264 | Reward:   860.79
Total T:  637608 | Ep: 5631 | Steps:  287 | Reward:   905.97
Total T:  637858 | Ep: 5632 | Steps:  250 | Reward:   837.93
Total T:  638152 | Ep: 5633 | Steps:  294 | Reward:   992.32
Total T:  638513 | Ep: 5634 | Steps:  361 | Reward:  1202.31
Total T:  639001 | Ep: 5635 | Steps:  488 | Reward:  1470.86
Total T:  639257 | Ep: 5636 | Steps:  256 | Reward:   739.31
Total T:  639546 | Ep: 5637 | Steps:  289 | Reward:   961.79
---------------------------------------
Evaluation over 10 episodes: 745.360
---------------------------------------
Total T:  640261 | Ep: 5638 | Steps:  715 | Reward:  2195.70
Total T:  640283 | Ep: 5639 | Steps:   22 | Reward:    30.06
Total T:  640499 | Ep: 5640 | Steps:  216 | Reward:   585.19
Total T:  641129 | Ep: 5641 | Steps:  630 | Reward:  1820.22
Total T:  641367 | Ep: 5642 | Steps:  238 | Reward:   622.51
Total T:  641683 | Ep: 5643 | Steps:  316 | Reward:   888.06
Total T:  642124 | Ep: 5644 | Steps:  441 | Reward:  1304.25
Total T:  642385 | Ep: 5645 | Steps:  261 | Reward:   737.73
Total T:  642635 | Ep: 5646 | Steps:  250 | Reward:   729.46
Total T:  642896 | Ep: 5647 | Steps:  261 | Reward:   757.92
Total T:  643232 | Ep: 5648 | Steps:  336 | Reward:   984.52
Total T:  643245 | Ep: 5649 | Steps:   13 | Reward:    14.15
Total T:  643256 | Ep: 5650 | Steps:   11 | Reward:    10.82
Total T:  643268 | Ep: 5651 | Steps:   12 | Reward:    12.38
Total T:  643529 | Ep: 5652 | Steps:  261 | Reward:   779.40
Total T:  643789 | Ep: 5653 | Steps:  260 | Reward:   754.03
Total T:  644036 | Ep: 5654 | Steps:  247 | Reward:   734.97
Total T:  644304 | Ep: 5655 | Steps:  268 | Reward:   764.92
Total T:  644590 | Ep: 5656 | Steps:  286 | Reward:   858.14
Total T:  644849 | Ep: 5657 | Steps:  259 | Reward:   757.91
Total T:  645105 | Ep: 5658 | Steps:  256 | Reward:   775.43
Total T:  645389 | Ep: 5659 | Steps:  284 | Reward:   884.68
Total T:  645548 | Ep: 5660 | Steps:  159 | Reward:   402.53
Total T:  645808 | Ep: 5661 | Steps:  260 | Reward:   789.25
Total T:  646073 | Ep: 5662 | Steps:  265 | Reward:   775.17
Total T:  646336 | Ep: 5663 | Steps:  263 | Reward:   747.50
Total T:  646623 | Ep: 5664 | Steps:  287 | Reward:   860.10
Total T:  646881 | Ep: 5665 | Steps:  258 | Reward:   797.03
Total T:  647192 | Ep: 5666 | Steps:  311 | Reward:  1028.27
Total T:  647597 | Ep: 5667 | Steps:  405 | Reward:  1278.76
Total T:  647869 | Ep: 5668 | Steps:  272 | Reward:   746.76
Total T:  648151 | Ep: 5669 | Steps:  282 | Reward:   804.53
Total T:  648416 | Ep: 5670 | Steps:  265 | Reward:   774.49
Total T:  648701 | Ep: 5671 | Steps:  285 | Reward:   930.01
Total T:  649046 | Ep: 5672 | Steps:  345 | Reward:  1047.69
Total T:  649357 | Ep: 5673 | Steps:  311 | Reward:   906.05
Total T:  649665 | Ep: 5674 | Steps:  308 | Reward:   915.77
Total T:  649943 | Ep: 5675 | Steps:  278 | Reward:   793.89
---------------------------------------
Evaluation over 10 episodes: 803.574
---------------------------------------
Total T:  650261 | Ep: 5676 | Steps:  318 | Reward:  1037.96
Total T:  650618 | Ep: 5677 | Steps:  357 | Reward:  1013.90
Total T:  650930 | Ep: 5678 | Steps:  312 | Reward:   987.89
Total T:  651216 | Ep: 5679 | Steps:  286 | Reward:   911.52
Total T:  651511 | Ep: 5680 | Steps:  295 | Reward:   956.63
Total T:  651740 | Ep: 5681 | Steps:  229 | Reward:   743.05
Total T:  652050 | Ep: 5682 | Steps:  310 | Reward:  1100.76
Total T:  652382 | Ep: 5683 | Steps:  332 | Reward:  1117.73
Total T:  652583 | Ep: 5684 | Steps:  201 | Reward:   596.04
Total T:  652816 | Ep: 5685 | Steps:  233 | Reward:   755.70
Total T:  653104 | Ep: 5686 | Steps:  288 | Reward:   988.42
Total T:  653406 | Ep: 5687 | Steps:  302 | Reward:   789.21
Total T:  653682 | Ep: 5688 | Steps:  276 | Reward:   950.30
Total T:  653905 | Ep: 5689 | Steps:  223 | Reward:   736.30
Total T:  654191 | Ep: 5690 | Steps:  286 | Reward:   975.57
Total T:  654492 | Ep: 5691 | Steps:  301 | Reward:  1005.72
Total T:  654578 | Ep: 5692 | Steps:   86 | Reward:   190.01
Total T:  654873 | Ep: 5693 | Steps:  295 | Reward:   976.00
Total T:  655121 | Ep: 5694 | Steps:  248 | Reward:   801.51
Total T:  655398 | Ep: 5695 | Steps:  277 | Reward:   898.07
Total T:  655663 | Ep: 5696 | Steps:  265 | Reward:   875.24
Total T:  655888 | Ep: 5697 | Steps:  225 | Reward:   723.08
Total T:  656161 | Ep: 5698 | Steps:  273 | Reward:   905.27
Total T:  656365 | Ep: 5699 | Steps:  204 | Reward:   627.46
Total T:  656612 | Ep: 5700 | Steps:  247 | Reward:   838.83
Total T:  656839 | Ep: 5701 | Steps:  227 | Reward:   763.34
Total T:  657065 | Ep: 5702 | Steps:  226 | Reward:   708.98
Total T:  657340 | Ep: 5703 | Steps:  275 | Reward:   921.73
Total T:  657628 | Ep: 5704 | Steps:  288 | Reward:   995.17
Total T:  657872 | Ep: 5705 | Steps:  244 | Reward:   820.34
Total T:  658129 | Ep: 5706 | Steps:  257 | Reward:   879.36
Total T:  658412 | Ep: 5707 | Steps:  283 | Reward:   996.11
Total T:  658671 | Ep: 5708 | Steps:  259 | Reward:   883.41
Total T:  658950 | Ep: 5709 | Steps:  279 | Reward:   965.40
Total T:  659245 | Ep: 5710 | Steps:  295 | Reward:  1018.99
Total T:  659506 | Ep: 5711 | Steps:  261 | Reward:   925.61
Total T:  659760 | Ep: 5712 | Steps:  254 | Reward:   885.46
---------------------------------------
Evaluation over 10 episodes: 959.191
---------------------------------------
Total T:  660049 | Ep: 5713 | Steps:  289 | Reward:   993.62
Total T:  660355 | Ep: 5714 | Steps:  306 | Reward:   984.35
Total T:  660813 | Ep: 5715 | Steps:  458 | Reward:  1444.82
Total T:  661087 | Ep: 5716 | Steps:  274 | Reward:   862.98
Total T:  661350 | Ep: 5717 | Steps:  263 | Reward:   916.25
Total T:  661640 | Ep: 5718 | Steps:  290 | Reward:   848.65
Total T:  661932 | Ep: 5719 | Steps:  292 | Reward:   851.55
Total T:  662194 | Ep: 5720 | Steps:  262 | Reward:   915.21
Total T:  662524 | Ep: 5721 | Steps:  330 | Reward:  1167.36
Total T:  662809 | Ep: 5722 | Steps:  285 | Reward:   939.73
Total T:  663173 | Ep: 5723 | Steps:  364 | Reward:  1081.20
Total T:  663639 | Ep: 5724 | Steps:  466 | Reward:  1519.82
Total T:  663907 | Ep: 5725 | Steps:  268 | Reward:   735.36
Total T:  664255 | Ep: 5726 | Steps:  348 | Reward:  1092.23
Total T:  665177 | Ep: 5727 | Steps:  922 | Reward:  2634.03
Total T:  665552 | Ep: 5728 | Steps:  375 | Reward:  1101.90
Total T:  666011 | Ep: 5729 | Steps:  459 | Reward:  1440.09
Total T:  666479 | Ep: 5730 | Steps:  468 | Reward:  1573.06
Total T:  666979 | Ep: 5731 | Steps:  500 | Reward:  1327.14
Total T:  667429 | Ep: 5732 | Steps:  450 | Reward:  1218.77
Total T:  667717 | Ep: 5733 | Steps:  288 | Reward:   780.30
Total T:  668012 | Ep: 5734 | Steps:  295 | Reward:   827.29
Total T:  668331 | Ep: 5735 | Steps:  319 | Reward:   953.31
Total T:  669331 | Ep: 5736 | Steps: 1000 | Reward:  2628.20
Total T:  669612 | Ep: 5737 | Steps:  281 | Reward:   726.45
---------------------------------------
Evaluation over 10 episodes: 378.067
---------------------------------------
Total T:  670424 | Ep: 5738 | Steps:  812 | Reward:  2461.66
Total T:  670711 | Ep: 5739 | Steps:  287 | Reward:   798.91
Total T:  671597 | Ep: 5740 | Steps:  886 | Reward:  2443.49
Total T:  672113 | Ep: 5741 | Steps:  516 | Reward:  1615.72
Total T:  672666 | Ep: 5742 | Steps:  553 | Reward:  1408.94
Total T:  673074 | Ep: 5743 | Steps:  408 | Reward:  1296.60
Total T:  673643 | Ep: 5744 | Steps:  569 | Reward:  1807.43
Total T:  673929 | Ep: 5745 | Steps:  286 | Reward:   782.43
Total T:  674344 | Ep: 5746 | Steps:  415 | Reward:  1431.49
Total T:  674764 | Ep: 5747 | Steps:  420 | Reward:  1337.10
Total T:  675764 | Ep: 5748 | Steps: 1000 | Reward:  2503.10
Total T:  676045 | Ep: 5749 | Steps:  281 | Reward:   941.00
Total T:  676272 | Ep: 5750 | Steps:  227 | Reward:   774.07
Total T:  676678 | Ep: 5751 | Steps:  406 | Reward:  1272.43
Total T:  676959 | Ep: 5752 | Steps:  281 | Reward:  1000.68
Total T:  677959 | Ep: 5753 | Steps: 1000 | Reward:  2689.81
Total T:  678078 | Ep: 5754 | Steps:  119 | Reward:   322.96
Total T:  679078 | Ep: 5755 | Steps: 1000 | Reward:  2497.96
---------------------------------------
Evaluation over 10 episodes: 958.768
---------------------------------------
Total T:  680078 | Ep: 5756 | Steps: 1000 | Reward:  2716.04
Total T:  680239 | Ep: 5757 | Steps:  161 | Reward:   509.55
Total T:  681239 | Ep: 5758 | Steps: 1000 | Reward:  2590.66
Total T:  681387 | Ep: 5759 | Steps:  148 | Reward:   448.17
Total T:  681585 | Ep: 5760 | Steps:  198 | Reward:   636.08
Total T:  681813 | Ep: 5761 | Steps:  228 | Reward:   749.46
Total T:  681963 | Ep: 5762 | Steps:  150 | Reward:   441.84
Total T:  682963 | Ep: 5763 | Steps: 1000 | Reward:  2704.11
Total T:  683963 | Ep: 5764 | Steps: 1000 | Reward:  2770.47
Total T:  684106 | Ep: 5765 | Steps:  143 | Reward:   405.17
Total T:  684233 | Ep: 5766 | Steps:  127 | Reward:   332.90
Total T:  684362 | Ep: 5767 | Steps:  129 | Reward:   336.27
Total T:  684531 | Ep: 5768 | Steps:  169 | Reward:   517.58
Total T:  684714 | Ep: 5769 | Steps:  183 | Reward:   564.32
Total T:  684902 | Ep: 5770 | Steps:  188 | Reward:   586.62
Total T:  685063 | Ep: 5771 | Steps:  161 | Reward:   478.36
Total T:  685242 | Ep: 5772 | Steps:  179 | Reward:   563.69
Total T:  685502 | Ep: 5773 | Steps:  260 | Reward:   898.33
Total T:  685700 | Ep: 5774 | Steps:  198 | Reward:   629.10
Total T:  685961 | Ep: 5775 | Steps:  261 | Reward:   903.10
Total T:  686961 | Ep: 5776 | Steps: 1000 | Reward:  2886.27
Total T:  687313 | Ep: 5777 | Steps:  352 | Reward:  1160.23
Total T:  687664 | Ep: 5778 | Steps:  351 | Reward:  1087.98
Total T:  688664 | Ep: 5779 | Steps: 1000 | Reward:  2869.76
Total T:  689664 | Ep: 5780 | Steps: 1000 | Reward:  2934.99
---------------------------------------
Evaluation over 10 episodes: 2881.583
---------------------------------------
Total T:  690664 | Ep: 5781 | Steps: 1000 | Reward:  2947.26
Total T:  690976 | Ep: 5782 | Steps:  312 | Reward:  1100.71
Total T:  691279 | Ep: 5783 | Steps:  303 | Reward:  1087.72
Total T:  691605 | Ep: 5784 | Steps:  326 | Reward:  1123.54
Total T:  691922 | Ep: 5785 | Steps:  317 | Reward:  1087.04
Total T:  692922 | Ep: 5786 | Steps: 1000 | Reward:  2882.79
Total T:  693922 | Ep: 5787 | Steps: 1000 | Reward:  2999.98
Total T:  694164 | Ep: 5788 | Steps:  242 | Reward:   835.17
Total T:  694449 | Ep: 5789 | Steps:  285 | Reward:   989.68
Total T:  694724 | Ep: 5790 | Steps:  275 | Reward:   971.01
Total T:  695724 | Ep: 5791 | Steps: 1000 | Reward:  2927.53
Total T:  696077 | Ep: 5792 | Steps:  353 | Reward:  1135.78
Total T:  697077 | Ep: 5793 | Steps: 1000 | Reward:  2875.68
Total T:  698077 | Ep: 5794 | Steps: 1000 | Reward:  2821.74
Total T:  699077 | Ep: 5795 | Steps: 1000 | Reward:  2868.34
---------------------------------------
Evaluation over 10 episodes: 1944.865
---------------------------------------
Total T:  700077 | Ep: 5796 | Steps: 1000 | Reward:  2929.59
Total T:  700607 | Ep: 5797 | Steps:  530 | Reward:  1618.88
Total T:  700902 | Ep: 5798 | Steps:  295 | Reward:  1041.13
Total T:  701221 | Ep: 5799 | Steps:  319 | Reward:   925.88
Total T:  702000 | Ep: 5800 | Steps:  779 | Reward:  2264.14
Total T:  703000 | Ep: 5801 | Steps: 1000 | Reward:  2993.81
Total T:  703645 | Ep: 5802 | Steps:  645 | Reward:  1814.37
Total T:  703926 | Ep: 5803 | Steps:  281 | Reward:   964.91
Total T:  704212 | Ep: 5804 | Steps:  286 | Reward:   847.51
Total T:  705212 | Ep: 5805 | Steps: 1000 | Reward:  2923.63
Total T:  705582 | Ep: 5806 | Steps:  370 | Reward:  1059.92
Total T:  706582 | Ep: 5807 | Steps: 1000 | Reward:  2850.42
Total T:  706877 | Ep: 5808 | Steps:  295 | Reward:  1001.25
Total T:  707847 | Ep: 5809 | Steps:  970 | Reward:  2928.22
Total T:  708161 | Ep: 5810 | Steps:  314 | Reward:  1034.18
Total T:  709161 | Ep: 5811 | Steps: 1000 | Reward:  2834.60
Total T:  709458 | Ep: 5812 | Steps:  297 | Reward:  1005.50
Total T:  709765 | Ep: 5813 | Steps:  307 | Reward:  1022.95
---------------------------------------
Evaluation over 10 episodes: 2466.251
---------------------------------------
Total T:  710765 | Ep: 5814 | Steps: 1000 | Reward:  2778.72
Total T:  711051 | Ep: 5815 | Steps:  286 | Reward:   967.94
Total T:  712051 | Ep: 5816 | Steps: 1000 | Reward:  2707.75
Total T:  712458 | Ep: 5817 | Steps:  407 | Reward:  1102.04
Total T:  713012 | Ep: 5818 | Steps:  554 | Reward:  1518.96
Total T:  713337 | Ep: 5819 | Steps:  325 | Reward:  1142.79
Total T:  714337 | Ep: 5820 | Steps: 1000 | Reward:  2661.23
Total T:  714643 | Ep: 5821 | Steps:  306 | Reward:  1028.79
Total T:  715643 | Ep: 5822 | Steps: 1000 | Reward:  2714.11
Total T:  716367 | Ep: 5823 | Steps:  724 | Reward:  2204.48
Total T:  716808 | Ep: 5824 | Steps:  441 | Reward:  1450.68
Total T:  717808 | Ep: 5825 | Steps: 1000 | Reward:  2750.45
Total T:  718249 | Ep: 5826 | Steps:  441 | Reward:  1342.93
Total T:  718708 | Ep: 5827 | Steps:  459 | Reward:  1441.93
Total T:  719041 | Ep: 5828 | Steps:  333 | Reward:  1166.78
Total T:  719485 | Ep: 5829 | Steps:  444 | Reward:  1354.49
---------------------------------------
Evaluation over 10 episodes: 1831.492
---------------------------------------
Total T:  720092 | Ep: 5830 | Steps:  607 | Reward:  1743.67
Total T:  721092 | Ep: 5831 | Steps: 1000 | Reward:  2903.92
Total T:  722092 | Ep: 5832 | Steps: 1000 | Reward:  2750.70
Total T:  722381 | Ep: 5833 | Steps:  289 | Reward:  1007.14
Total T:  722679 | Ep: 5834 | Steps:  298 | Reward:  1017.83
Total T:  722994 | Ep: 5835 | Steps:  315 | Reward:   913.87
Total T:  723297 | Ep: 5836 | Steps:  303 | Reward:  1029.48
Total T:  724297 | Ep: 5837 | Steps: 1000 | Reward:  2886.17
Total T:  725297 | Ep: 5838 | Steps: 1000 | Reward:  2861.25
Total T:  725607 | Ep: 5839 | Steps:  310 | Reward:  1091.82
Total T:  725909 | Ep: 5840 | Steps:  302 | Reward:  1081.64
Total T:  726209 | Ep: 5841 | Steps:  300 | Reward:  1061.36
Total T:  726499 | Ep: 5842 | Steps:  290 | Reward:   994.04
Total T:  727499 | Ep: 5843 | Steps: 1000 | Reward:  2767.17
Total T:  728499 | Ep: 5844 | Steps: 1000 | Reward:  2887.01
Total T:  729499 | Ep: 5845 | Steps: 1000 | Reward:  2885.77
Total T:  729767 | Ep: 5846 | Steps:  268 | Reward:   940.68
---------------------------------------
Evaluation over 10 episodes: 993.172
---------------------------------------
Total T:  730043 | Ep: 5847 | Steps:  276 | Reward:   951.79
Total T:  730394 | Ep: 5848 | Steps:  351 | Reward:  1198.65
Total T:  730742 | Ep: 5849 | Steps:  348 | Reward:  1215.53
Total T:  731742 | Ep: 5850 | Steps: 1000 | Reward:  3062.39
Total T:  732649 | Ep: 5851 | Steps:  907 | Reward:  2721.19
Total T:  733649 | Ep: 5852 | Steps: 1000 | Reward:  2998.13
Total T:  734649 | Ep: 5853 | Steps: 1000 | Reward:  2970.74
Total T:  734971 | Ep: 5854 | Steps:  322 | Reward:  1126.29
Total T:  735254 | Ep: 5855 | Steps:  283 | Reward:   991.18
Total T:  735515 | Ep: 5856 | Steps:  261 | Reward:   903.40
Total T:  736515 | Ep: 5857 | Steps: 1000 | Reward:  2970.57
Total T:  736760 | Ep: 5858 | Steps:  245 | Reward:   855.87
Total T:  737468 | Ep: 5859 | Steps:  708 | Reward:  2228.20
Total T:  738127 | Ep: 5860 | Steps:  659 | Reward:  2106.77
Total T:  738390 | Ep: 5861 | Steps:  263 | Reward:   943.02
Total T:  739390 | Ep: 5862 | Steps: 1000 | Reward:  3075.75
Total T:  739639 | Ep: 5863 | Steps:  249 | Reward:   860.35
Total T:  739954 | Ep: 5864 | Steps:  315 | Reward:  1128.19
---------------------------------------
Evaluation over 10 episodes: 1042.286
---------------------------------------
Total T:  740227 | Ep: 5865 | Steps:  273 | Reward:   970.70
Total T:  740574 | Ep: 5866 | Steps:  347 | Reward:  1266.43
Total T:  741329 | Ep: 5867 | Steps:  755 | Reward:  2527.77
Total T:  741611 | Ep: 5868 | Steps:  282 | Reward:   984.31
Total T:  741884 | Ep: 5869 | Steps:  273 | Reward:   951.10
Total T:  742158 | Ep: 5870 | Steps:  274 | Reward:   955.11
Total T:  742532 | Ep: 5871 | Steps:  374 | Reward:  1250.28
Total T:  742846 | Ep: 5872 | Steps:  314 | Reward:  1090.67
Total T:  743171 | Ep: 5873 | Steps:  325 | Reward:  1179.07
Total T:  743435 | Ep: 5874 | Steps:  264 | Reward:   921.80
Total T:  743719 | Ep: 5875 | Steps:  284 | Reward:   986.26
Total T:  744048 | Ep: 5876 | Steps:  329 | Reward:  1185.50
Total T:  744429 | Ep: 5877 | Steps:  381 | Reward:  1361.97
Total T:  744728 | Ep: 5878 | Steps:  299 | Reward:  1048.99
Total T:  745018 | Ep: 5879 | Steps:  290 | Reward:  1001.07
Total T:  745440 | Ep: 5880 | Steps:  422 | Reward:  1288.61
Total T:  745804 | Ep: 5881 | Steps:  364 | Reward:  1285.24
Total T:  746102 | Ep: 5882 | Steps:  298 | Reward:  1056.29
Total T:  747102 | Ep: 5883 | Steps: 1000 | Reward:  3028.06
Total T:  747374 | Ep: 5884 | Steps:  272 | Reward:   967.27
Total T:  748374 | Ep: 5885 | Steps: 1000 | Reward:  3098.46
Total T:  749374 | Ep: 5886 | Steps: 1000 | Reward:  3074.12
Total T:  749737 | Ep: 5887 | Steps:  363 | Reward:  1285.76
---------------------------------------
Evaluation over 10 episodes: 2506.125
---------------------------------------
Total T:  750148 | Ep: 5888 | Steps:  411 | Reward:  1383.90
Total T:  750747 | Ep: 5889 | Steps:  599 | Reward:  1933.28
Total T:  751088 | Ep: 5890 | Steps:  341 | Reward:  1230.00
Total T:  751435 | Ep: 5891 | Steps:  347 | Reward:  1250.18
Total T:  752435 | Ep: 5892 | Steps: 1000 | Reward:  2920.43
Total T:  753435 | Ep: 5893 | Steps: 1000 | Reward:  3029.61
Total T:  754435 | Ep: 5894 | Steps: 1000 | Reward:  2959.90
Total T:  754740 | Ep: 5895 | Steps:  305 | Reward:  1024.53
Total T:  755092 | Ep: 5896 | Steps:  352 | Reward:  1197.43
Total T:  756092 | Ep: 5897 | Steps: 1000 | Reward:  2828.50
Total T:  757092 | Ep: 5898 | Steps: 1000 | Reward:  2943.52
Total T:  758092 | Ep: 5899 | Steps: 1000 | Reward:  2809.57
Total T:  759092 | Ep: 5900 | Steps: 1000 | Reward:  2828.37
---------------------------------------
Evaluation over 10 episodes: 2650.215
---------------------------------------
Total T:  760092 | Ep: 5901 | Steps: 1000 | Reward:  2948.12
Total T:  761092 | Ep: 5902 | Steps: 1000 | Reward:  2945.73
Total T:  762092 | Ep: 5903 | Steps: 1000 | Reward:  2960.65
Total T:  763092 | Ep: 5904 | Steps: 1000 | Reward:  2901.31
Total T:  764092 | Ep: 5905 | Steps: 1000 | Reward:  2901.65
Total T:  765092 | Ep: 5906 | Steps: 1000 | Reward:  2939.31
Total T:  766092 | Ep: 5907 | Steps: 1000 | Reward:  2966.42
Total T:  766484 | Ep: 5908 | Steps:  392 | Reward:  1312.82
Total T:  766780 | Ep: 5909 | Steps:  296 | Reward:   991.40
Total T:  767148 | Ep: 5910 | Steps:  368 | Reward:  1267.55
Total T:  767449 | Ep: 5911 | Steps:  301 | Reward:  1053.04
Total T:  767731 | Ep: 5912 | Steps:  282 | Reward:   995.06
Total T:  768030 | Ep: 5913 | Steps:  299 | Reward:  1033.91
Total T:  768334 | Ep: 5914 | Steps:  304 | Reward:  1036.64
Total T:  768704 | Ep: 5915 | Steps:  370 | Reward:  1302.31
Total T:  769033 | Ep: 5916 | Steps:  329 | Reward:  1169.61
Total T:  769384 | Ep: 5917 | Steps:  351 | Reward:  1206.13
Total T:  769689 | Ep: 5918 | Steps:  305 | Reward:  1013.87
---------------------------------------
Evaluation over 10 episodes: 1599.360
---------------------------------------
Total T:  770236 | Ep: 5919 | Steps:  547 | Reward:  1687.79
Total T:  770543 | Ep: 5920 | Steps:  307 | Reward:  1003.27
Total T:  771543 | Ep: 5921 | Steps: 1000 | Reward:  2879.82
Total T:  771935 | Ep: 5922 | Steps:  392 | Reward:  1324.75
Total T:  772935 | Ep: 5923 | Steps: 1000 | Reward:  2826.92
Total T:  773223 | Ep: 5924 | Steps:  288 | Reward:   986.40
Total T:  774223 | Ep: 5925 | Steps: 1000 | Reward:  2960.00
Total T:  775223 | Ep: 5926 | Steps: 1000 | Reward:  2857.50
Total T:  775499 | Ep: 5927 | Steps:  276 | Reward:   981.94
Total T:  776499 | Ep: 5928 | Steps: 1000 | Reward:  2933.09
Total T:  777499 | Ep: 5929 | Steps: 1000 | Reward:  2943.81
Total T:  778499 | Ep: 5930 | Steps: 1000 | Reward:  2908.52
Total T:  778796 | Ep: 5931 | Steps:  297 | Reward:   980.99
Total T:  779796 | Ep: 5932 | Steps: 1000 | Reward:  2861.68
Total T:  779997 | Ep: 5933 | Steps:  201 | Reward:   598.54
---------------------------------------
Evaluation over 10 episodes: 3160.770
---------------------------------------
Total T:  780284 | Ep: 5934 | Steps:  287 | Reward:   960.15
Total T:  780603 | Ep: 5935 | Steps:  319 | Reward:  1091.60
Total T:  780895 | Ep: 5936 | Steps:  292 | Reward:  1022.08
Total T:  781895 | Ep: 5937 | Steps: 1000 | Reward:  2976.34
Total T:  782895 | Ep: 5938 | Steps: 1000 | Reward:  2957.70
Total T:  783895 | Ep: 5939 | Steps: 1000 | Reward:  2858.49
Total T:  784191 | Ep: 5940 | Steps:  296 | Reward:  1040.01
Total T:  784603 | Ep: 5941 | Steps:  412 | Reward:  1500.14
Total T:  785046 | Ep: 5942 | Steps:  443 | Reward:  1305.24
Total T:  785376 | Ep: 5943 | Steps:  330 | Reward:  1178.44
Total T:  785802 | Ep: 5944 | Steps:  426 | Reward:  1309.78
Total T:  786802 | Ep: 5945 | Steps: 1000 | Reward:  3008.81
Total T:  787088 | Ep: 5946 | Steps:  286 | Reward:  1007.89
Total T:  787376 | Ep: 5947 | Steps:  288 | Reward:  1005.81
Total T:  787675 | Ep: 5948 | Steps:  299 | Reward:  1020.60
Total T:  787970 | Ep: 5949 | Steps:  295 | Reward:  1048.61
Total T:  788262 | Ep: 5950 | Steps:  292 | Reward:  1005.37
Total T:  788561 | Ep: 5951 | Steps:  299 | Reward:  1045.25
Total T:  788856 | Ep: 5952 | Steps:  295 | Reward:   988.24
Total T:  789221 | Ep: 5953 | Steps:  365 | Reward:  1275.34
Total T:  789574 | Ep: 5954 | Steps:  353 | Reward:  1249.43
---------------------------------------
Evaluation over 10 episodes: 1343.039
---------------------------------------
Total T:  790574 | Ep: 5955 | Steps: 1000 | Reward:  3017.01
Total T:  790843 | Ep: 5956 | Steps:  269 | Reward:   783.87
Total T:  791280 | Ep: 5957 | Steps:  437 | Reward:  1300.92
Total T:  791720 | Ep: 5958 | Steps:  440 | Reward:  1267.10
Total T:  792720 | Ep: 5959 | Steps: 1000 | Reward:  2827.80
Total T:  792991 | Ep: 5960 | Steps:  271 | Reward:   962.04
Total T:  793991 | Ep: 5961 | Steps: 1000 | Reward:  2947.84
Total T:  794991 | Ep: 5962 | Steps: 1000 | Reward:  3044.34
Total T:  795344 | Ep: 5963 | Steps:  353 | Reward:  1274.84
Total T:  795640 | Ep: 5964 | Steps:  296 | Reward:  1012.72
Total T:  796640 | Ep: 5965 | Steps: 1000 | Reward:  2996.47
Total T:  796939 | Ep: 5966 | Steps:  299 | Reward:  1039.87
Total T:  797181 | Ep: 5967 | Steps:  242 | Reward:   811.03
Total T:  797381 | Ep: 5968 | Steps:  200 | Reward:   587.94
Total T:  797617 | Ep: 5969 | Steps:  236 | Reward:   789.80
Total T:  797900 | Ep: 5970 | Steps:  283 | Reward:   986.08
Total T:  798201 | Ep: 5971 | Steps:  301 | Reward:  1037.53
Total T:  799201 | Ep: 5972 | Steps: 1000 | Reward:  3040.80
Total T:  799457 | Ep: 5973 | Steps:  256 | Reward:   906.54
Total T:  799991 | Ep: 5974 | Steps:  534 | Reward:  1619.14
---------------------------------------
Evaluation over 10 episodes: 1029.970
---------------------------------------
Total T:  800629 | Ep: 5975 | Steps:  638 | Reward:  1903.14
Total T:  801629 | Ep: 5976 | Steps: 1000 | Reward:  3132.44
Total T:  802629 | Ep: 5977 | Steps: 1000 | Reward:  3171.06
Total T:  803629 | Ep: 5978 | Steps: 1000 | Reward:  3063.57
Total T:  804629 | Ep: 5979 | Steps: 1000 | Reward:  2955.28
Total T:  805629 | Ep: 5980 | Steps: 1000 | Reward:  2953.14
Total T:  806629 | Ep: 5981 | Steps: 1000 | Reward:  2963.53
Total T:  807629 | Ep: 5982 | Steps: 1000 | Reward:  2939.19
Total T:  808629 | Ep: 5983 | Steps: 1000 | Reward:  3066.35
Total T:  809629 | Ep: 5984 | Steps: 1000 | Reward:  3070.28
---------------------------------------
Evaluation over 10 episodes: 2981.538
---------------------------------------
Total T:  810629 | Ep: 5985 | Steps: 1000 | Reward:  3065.41
Total T:  810904 | Ep: 5986 | Steps:  275 | Reward:   961.55
Total T:  811904 | Ep: 5987 | Steps: 1000 | Reward:  3018.34
Total T:  812904 | Ep: 5988 | Steps: 1000 | Reward:  2986.25
Total T:  813904 | Ep: 5989 | Steps: 1000 | Reward:  3027.15
Total T:  814904 | Ep: 5990 | Steps: 1000 | Reward:  2956.89
Total T:  815904 | Ep: 5991 | Steps: 1000 | Reward:  2985.52
Total T:  816904 | Ep: 5992 | Steps: 1000 | Reward:  2945.62
Total T:  817904 | Ep: 5993 | Steps: 1000 | Reward:  3050.86
Total T:  818904 | Ep: 5994 | Steps: 1000 | Reward:  3124.97
Total T:  819904 | Ep: 5995 | Steps: 1000 | Reward:  2971.87
---------------------------------------
Evaluation over 10 episodes: 1059.174
---------------------------------------
Total T:  820159 | Ep: 5996 | Steps:  255 | Reward:   913.69
Total T:  820408 | Ep: 5997 | Steps:  249 | Reward:   873.16
Total T:  821408 | Ep: 5998 | Steps: 1000 | Reward:  2954.75
Total T:  822408 | Ep: 5999 | Steps: 1000 | Reward:  3055.94
Total T:  823408 | Ep: 6000 | Steps: 1000 | Reward:  2933.85
Total T:  824408 | Ep: 6001 | Steps: 1000 | Reward:  2936.29
Total T:  825408 | Ep: 6002 | Steps: 1000 | Reward:  2865.00
Total T:  826408 | Ep: 6003 | Steps: 1000 | Reward:  2918.57
Total T:  827408 | Ep: 6004 | Steps: 1000 | Reward:  2932.27
Total T:  828408 | Ep: 6005 | Steps: 1000 | Reward:  2943.65
Total T:  829408 | Ep: 6006 | Steps: 1000 | Reward:  3015.12
---------------------------------------
Evaluation over 10 episodes: 2959.799
---------------------------------------
Total T:  830408 | Ep: 6007 | Steps: 1000 | Reward:  2994.11
Total T:  831408 | Ep: 6008 | Steps: 1000 | Reward:  3071.57
Total T:  832408 | Ep: 6009 | Steps: 1000 | Reward:  3126.28
Total T:  833408 | Ep: 6010 | Steps: 1000 | Reward:  3102.01
Total T:  834408 | Ep: 6011 | Steps: 1000 | Reward:  3042.83
Total T:  835408 | Ep: 6012 | Steps: 1000 | Reward:  3082.17
Total T:  836408 | Ep: 6013 | Steps: 1000 | Reward:  3132.32
Total T:  836674 | Ep: 6014 | Steps:  266 | Reward:   957.04
Total T:  836935 | Ep: 6015 | Steps:  261 | Reward:   941.99
Total T:  837210 | Ep: 6016 | Steps:  275 | Reward:   975.79
Total T:  838210 | Ep: 6017 | Steps: 1000 | Reward:  3186.71
Total T:  839210 | Ep: 6018 | Steps: 1000 | Reward:  3173.90
---------------------------------------
Evaluation over 10 episodes: 1800.942
---------------------------------------
Total T:  840210 | Ep: 6019 | Steps: 1000 | Reward:  3141.97
Total T:  840479 | Ep: 6020 | Steps:  269 | Reward:   969.59
Total T:  841479 | Ep: 6021 | Steps: 1000 | Reward:  3161.88
Total T:  841775 | Ep: 6022 | Steps:  296 | Reward:  1040.07
Total T:  842775 | Ep: 6023 | Steps: 1000 | Reward:  3207.80
Total T:  843775 | Ep: 6024 | Steps: 1000 | Reward:  3165.08
Total T:  844775 | Ep: 6025 | Steps: 1000 | Reward:  3119.82
Total T:  845775 | Ep: 6026 | Steps: 1000 | Reward:  3186.54
Total T:  846775 | Ep: 6027 | Steps: 1000 | Reward:  3205.21
Total T:  846898 | Ep: 6028 | Steps:  123 | Reward:   287.12
Total T:  847283 | Ep: 6029 | Steps:  385 | Reward:  1339.13
Total T:  848283 | Ep: 6030 | Steps: 1000 | Reward:  3211.80
Total T:  848561 | Ep: 6031 | Steps:  278 | Reward:   987.60
Total T:  849561 | Ep: 6032 | Steps: 1000 | Reward:  3196.60
Total T:  849847 | Ep: 6033 | Steps:  286 | Reward:  1029.93
---------------------------------------
Evaluation over 10 episodes: 3075.866
---------------------------------------
Total T:  850135 | Ep: 6034 | Steps:  288 | Reward:  1021.11
Total T:  850426 | Ep: 6035 | Steps:  291 | Reward:  1031.05
Total T:  851426 | Ep: 6036 | Steps: 1000 | Reward:  3275.08
Total T:  851715 | Ep: 6037 | Steps:  289 | Reward:  1039.25
Total T:  852715 | Ep: 6038 | Steps: 1000 | Reward:  3235.87
Total T:  853715 | Ep: 6039 | Steps: 1000 | Reward:  3201.02
Total T:  854045 | Ep: 6040 | Steps:  330 | Reward:  1178.39
Total T:  854296 | Ep: 6041 | Steps:  251 | Reward:   809.90
Total T:  855296 | Ep: 6042 | Steps: 1000 | Reward:  3130.74
Total T:  856296 | Ep: 6043 | Steps: 1000 | Reward:  3171.65
Total T:  857235 | Ep: 6044 | Steps:  939 | Reward:  3117.20
Total T:  857578 | Ep: 6045 | Steps:  343 | Reward:  1186.21
Total T:  858578 | Ep: 6046 | Steps: 1000 | Reward:  3107.01
Total T:  859578 | Ep: 6047 | Steps: 1000 | Reward:  3112.02
---------------------------------------
Evaluation over 10 episodes: 3118.299
---------------------------------------
Total T:  860578 | Ep: 6048 | Steps: 1000 | Reward:  3148.52
Total T:  861127 | Ep: 6049 | Steps:  549 | Reward:  1825.05
Total T:  861696 | Ep: 6050 | Steps:  569 | Reward:  1938.81
Total T:  862696 | Ep: 6051 | Steps: 1000 | Reward:  3158.55
Total T:  863165 | Ep: 6052 | Steps:  469 | Reward:  1554.12
Total T:  864007 | Ep: 6053 | Steps:  842 | Reward:  2768.56
Total T:  865007 | Ep: 6054 | Steps: 1000 | Reward:  3110.62
Total T:  866007 | Ep: 6055 | Steps: 1000 | Reward:  3084.96
Total T:  866258 | Ep: 6056 | Steps:  251 | Reward:   897.79
Total T:  867258 | Ep: 6057 | Steps: 1000 | Reward:  3112.51
Total T:  868258 | Ep: 6058 | Steps: 1000 | Reward:  3129.31
Total T:  869258 | Ep: 6059 | Steps: 1000 | Reward:  3147.24
---------------------------------------
Evaluation over 10 episodes: 2561.303
---------------------------------------
Total T:  870258 | Ep: 6060 | Steps: 1000 | Reward:  3217.07
Total T:  870496 | Ep: 6061 | Steps:  238 | Reward:   844.88
Total T:  870758 | Ep: 6062 | Steps:  262 | Reward:   953.01
Total T:  871758 | Ep: 6063 | Steps: 1000 | Reward:  3196.01
Total T:  872758 | Ep: 6064 | Steps: 1000 | Reward:  3187.49
Total T:  873035 | Ep: 6065 | Steps:  277 | Reward:  1003.77
Total T:  874035 | Ep: 6066 | Steps: 1000 | Reward:  3217.85
Total T:  874307 | Ep: 6067 | Steps:  272 | Reward:   972.26
Total T:  875307 | Ep: 6068 | Steps: 1000 | Reward:  3242.55
Total T:  875573 | Ep: 6069 | Steps:  266 | Reward:   959.67
Total T:  875914 | Ep: 6070 | Steps:  341 | Reward:  1264.34
Total T:  876178 | Ep: 6071 | Steps:  264 | Reward:   943.11
Total T:  876478 | Ep: 6072 | Steps:  300 | Reward:  1033.85
Total T:  876833 | Ep: 6073 | Steps:  355 | Reward:  1282.74
Total T:  877142 | Ep: 6074 | Steps:  309 | Reward:  1100.55
Total T:  877386 | Ep: 6075 | Steps:  244 | Reward:   851.30
Total T:  877660 | Ep: 6076 | Steps:  274 | Reward:   963.89
Total T:  877893 | Ep: 6077 | Steps:  233 | Reward:   805.87
Total T:  878893 | Ep: 6078 | Steps: 1000 | Reward:  3165.41
Total T:  879152 | Ep: 6079 | Steps:  259 | Reward:   828.00
Total T:  879426 | Ep: 6080 | Steps:  274 | Reward:   956.46
Total T:  879718 | Ep: 6081 | Steps:  292 | Reward:  1024.67
Total T:  879969 | Ep: 6082 | Steps:  251 | Reward:   879.00
---------------------------------------
Evaluation over 10 episodes: 2938.078
---------------------------------------
Total T:  880248 | Ep: 6083 | Steps:  279 | Reward:   974.51
Total T:  880527 | Ep: 6084 | Steps:  279 | Reward:   989.96
Total T:  880745 | Ep: 6085 | Steps:  218 | Reward:   728.00
Total T:  881745 | Ep: 6086 | Steps: 1000 | Reward:  3201.51
Total T:  882745 | Ep: 6087 | Steps: 1000 | Reward:  3221.74
Total T:  883044 | Ep: 6088 | Steps:  299 | Reward:  1030.12
Total T:  884044 | Ep: 6089 | Steps: 1000 | Reward:  3242.20
Total T:  884331 | Ep: 6090 | Steps:  287 | Reward:  1018.14
Total T:  884662 | Ep: 6091 | Steps:  331 | Reward:  1106.74
Total T:  884905 | Ep: 6092 | Steps:  243 | Reward:   845.43
Total T:  885905 | Ep: 6093 | Steps: 1000 | Reward:  3257.74
Total T:  886181 | Ep: 6094 | Steps:  276 | Reward:   986.65
Total T:  887181 | Ep: 6095 | Steps: 1000 | Reward:  3245.35
Total T:  887487 | Ep: 6096 | Steps:  306 | Reward:  1092.62
Total T:  887777 | Ep: 6097 | Steps:  290 | Reward:  1028.41
Total T:  888777 | Ep: 6098 | Steps: 1000 | Reward:  3234.46
Total T:  889777 | Ep: 6099 | Steps: 1000 | Reward:  3204.82
---------------------------------------
Evaluation over 10 episodes: 2906.458
---------------------------------------
Total T:  890777 | Ep: 6100 | Steps: 1000 | Reward:  3180.52
Total T:  891073 | Ep: 6101 | Steps:  296 | Reward:  1024.56
Total T:  891398 | Ep: 6102 | Steps:  325 | Reward:  1108.19
Total T:  892398 | Ep: 6103 | Steps: 1000 | Reward:  3183.83
Total T:  893398 | Ep: 6104 | Steps: 1000 | Reward:  3170.91
Total T:  893651 | Ep: 6105 | Steps:  253 | Reward:   828.73
Total T:  894651 | Ep: 6106 | Steps: 1000 | Reward:  3236.20
Total T:  894936 | Ep: 6107 | Steps:  285 | Reward:   978.81
Total T:  895936 | Ep: 6108 | Steps: 1000 | Reward:  3167.66
Total T:  896936 | Ep: 6109 | Steps: 1000 | Reward:  3222.32
Total T:  897936 | Ep: 6110 | Steps: 1000 | Reward:  3271.17
Total T:  898219 | Ep: 6111 | Steps:  283 | Reward:   989.56
Total T:  898529 | Ep: 6112 | Steps:  310 | Reward:  1054.59
Total T:  898885 | Ep: 6113 | Steps:  356 | Reward:  1228.88
Total T:  899885 | Ep: 6114 | Steps: 1000 | Reward:  3229.93
---------------------------------------
Evaluation over 10 episodes: 3168.109
---------------------------------------
Total T:  900184 | Ep: 6115 | Steps:  299 | Reward:  1074.80
Total T:  901184 | Ep: 6116 | Steps: 1000 | Reward:  3232.88
Total T:  902184 | Ep: 6117 | Steps: 1000 | Reward:  3251.51
Total T:  903184 | Ep: 6118 | Steps: 1000 | Reward:  3191.86
Total T:  903520 | Ep: 6119 | Steps:  336 | Reward:  1031.08
Total T:  903765 | Ep: 6120 | Steps:  245 | Reward:   834.33
Total T:  904013 | Ep: 6121 | Steps:  248 | Reward:   868.41
Total T:  904304 | Ep: 6122 | Steps:  291 | Reward:  1003.72
Total T:  904680 | Ep: 6123 | Steps:  376 | Reward:  1281.17
Total T:  905383 | Ep: 6124 | Steps:  703 | Reward:  2432.35
Total T:  905659 | Ep: 6125 | Steps:  276 | Reward:   962.52
Total T:  906659 | Ep: 6126 | Steps: 1000 | Reward:  3177.30
Total T:  906922 | Ep: 6127 | Steps:  263 | Reward:   921.19
Total T:  907219 | Ep: 6128 | Steps:  297 | Reward:  1011.99
Total T:  907511 | Ep: 6129 | Steps:  292 | Reward:  1004.75
Total T:  907949 | Ep: 6130 | Steps:  438 | Reward:  1512.05
Total T:  908949 | Ep: 6131 | Steps: 1000 | Reward:  3208.64
Total T:  909949 | Ep: 6132 | Steps: 1000 | Reward:  3142.48
---------------------------------------
Evaluation over 10 episodes: 1189.234
---------------------------------------
Total T:  910245 | Ep: 6133 | Steps:  296 | Reward:  1017.74
Total T:  910634 | Ep: 6134 | Steps:  389 | Reward:  1326.24
Total T:  910914 | Ep: 6135 | Steps:  280 | Reward:   980.98
Total T:  911130 | Ep: 6136 | Steps:  216 | Reward:   711.89
Total T:  911379 | Ep: 6137 | Steps:  249 | Reward:   863.01
Total T:  911661 | Ep: 6138 | Steps:  282 | Reward:   990.19
Total T:  912661 | Ep: 6139 | Steps: 1000 | Reward:  3218.09
Total T:  913661 | Ep: 6140 | Steps: 1000 | Reward:  3245.68
Total T:  913945 | Ep: 6141 | Steps:  284 | Reward:  1000.96
Total T:  914945 | Ep: 6142 | Steps: 1000 | Reward:  3217.22
Total T:  915945 | Ep: 6143 | Steps: 1000 | Reward:  3223.22
Total T:  916945 | Ep: 6144 | Steps: 1000 | Reward:  3203.06
Total T:  917945 | Ep: 6145 | Steps: 1000 | Reward:  3208.00
Total T:  918218 | Ep: 6146 | Steps:  273 | Reward:   957.69
Total T:  919218 | Ep: 6147 | Steps: 1000 | Reward:  3216.63
---------------------------------------
Evaluation over 10 episodes: 3132.032
---------------------------------------
Total T:  920218 | Ep: 6148 | Steps: 1000 | Reward:  3198.13
Total T:  921218 | Ep: 6149 | Steps: 1000 | Reward:  3198.85
Total T:  921454 | Ep: 6150 | Steps:  236 | Reward:   797.70
Total T:  921780 | Ep: 6151 | Steps:  326 | Reward:  1111.81
Total T:  922048 | Ep: 6152 | Steps:  268 | Reward:   939.19
Total T:  922298 | Ep: 6153 | Steps:  250 | Reward:   798.25
Total T:  922628 | Ep: 6154 | Steps:  330 | Reward:  1089.48
Total T:  922862 | Ep: 6155 | Steps:  234 | Reward:   792.79
Total T:  923720 | Ep: 6156 | Steps:  858 | Reward:  2834.34
Total T:  923873 | Ep: 6157 | Steps:  153 | Reward:   424.41
Total T:  924542 | Ep: 6158 | Steps:  669 | Reward:  2206.10
Total T:  925542 | Ep: 6159 | Steps: 1000 | Reward:  3176.26
Total T:  926542 | Ep: 6160 | Steps: 1000 | Reward:  3226.63
Total T:  926800 | Ep: 6161 | Steps:  258 | Reward:   907.04
Total T:  927065 | Ep: 6162 | Steps:  265 | Reward:   921.37
Total T:  928065 | Ep: 6163 | Steps: 1000 | Reward:  3184.65
Total T:  928302 | Ep: 6164 | Steps:  237 | Reward:   811.86
Total T:  929213 | Ep: 6165 | Steps:  911 | Reward:  3038.52
---------------------------------------
Evaluation over 10 episodes: 1466.652
---------------------------------------
Total T:  930213 | Ep: 6166 | Steps: 1000 | Reward:  3232.88
Total T:  931213 | Ep: 6167 | Steps: 1000 | Reward:  3166.25
Total T:  931483 | Ep: 6168 | Steps:  270 | Reward:   938.11
Total T:  932483 | Ep: 6169 | Steps: 1000 | Reward:  3204.78
Total T:  933483 | Ep: 6170 | Steps: 1000 | Reward:  3208.30
Total T:  934483 | Ep: 6171 | Steps: 1000 | Reward:  3210.38
Total T:  935483 | Ep: 6172 | Steps: 1000 | Reward:  3177.58
Total T:  936483 | Ep: 6173 | Steps: 1000 | Reward:  3195.88
Total T:  937483 | Ep: 6174 | Steps: 1000 | Reward:  3189.09
Total T:  938483 | Ep: 6175 | Steps: 1000 | Reward:  3236.56
Total T:  939140 | Ep: 6176 | Steps:  657 | Reward:  2169.29
---------------------------------------
Evaluation over 10 episodes: 3204.557
---------------------------------------
Total T:  940140 | Ep: 6177 | Steps: 1000 | Reward:  3230.88
Total T:  941140 | Ep: 6178 | Steps: 1000 | Reward:  3247.71
Total T:  942140 | Ep: 6179 | Steps: 1000 | Reward:  3255.23
Total T:  943140 | Ep: 6180 | Steps: 1000 | Reward:  3211.01
Total T:  944140 | Ep: 6181 | Steps: 1000 | Reward:  3225.64
Total T:  945140 | Ep: 6182 | Steps: 1000 | Reward:  3218.68
Total T:  946140 | Ep: 6183 | Steps: 1000 | Reward:  3230.56
Total T:  946423 | Ep: 6184 | Steps:  283 | Reward:   977.25
Total T:  947423 | Ep: 6185 | Steps: 1000 | Reward:  3215.42
Total T:  947780 | Ep: 6186 | Steps:  357 | Reward:  1243.95
Total T:  948780 | Ep: 6187 | Steps: 1000 | Reward:  3255.05
Total T:  949057 | Ep: 6188 | Steps:  277 | Reward:   955.11
Total T:  949306 | Ep: 6189 | Steps:  249 | Reward:   846.06
---------------------------------------
Evaluation over 10 episodes: 2385.854
---------------------------------------
Total T:  950306 | Ep: 6190 | Steps: 1000 | Reward:  3207.96
Total T:  950651 | Ep: 6191 | Steps:  345 | Reward:  1194.44
Total T:  950898 | Ep: 6192 | Steps:  247 | Reward:   833.78
Total T:  951162 | Ep: 6193 | Steps:  264 | Reward:   923.84
Total T:  952162 | Ep: 6194 | Steps: 1000 | Reward:  3201.61
Total T:  953162 | Ep: 6195 | Steps: 1000 | Reward:  3150.84
Total T:  953434 | Ep: 6196 | Steps:  272 | Reward:   935.79
Total T:  954434 | Ep: 6197 | Steps: 1000 | Reward:  3229.09
Total T:  954736 | Ep: 6198 | Steps:  302 | Reward:  1046.85
Total T:  955736 | Ep: 6199 | Steps: 1000 | Reward:  3249.53
Total T:  956736 | Ep: 6200 | Steps: 1000 | Reward:  3262.41
Total T:  957077 | Ep: 6201 | Steps:  341 | Reward:  1144.10
Total T:  958077 | Ep: 6202 | Steps: 1000 | Reward:  3222.28
Total T:  959077 | Ep: 6203 | Steps: 1000 | Reward:  3234.40
Total T:  959409 | Ep: 6204 | Steps:  332 | Reward:  1164.32
---------------------------------------
Evaluation over 10 episodes: 3239.743
---------------------------------------
Total T:  960062 | Ep: 6205 | Steps:  653 | Reward:  2168.20
Total T:  960598 | Ep: 6206 | Steps:  536 | Reward:  1789.18
Total T:  961598 | Ep: 6207 | Steps: 1000 | Reward:  3187.86
Total T:  962598 | Ep: 6208 | Steps: 1000 | Reward:  3198.58
Total T:  963598 | Ep: 6209 | Steps: 1000 | Reward:  3246.25
Total T:  964598 | Ep: 6210 | Steps: 1000 | Reward:  3230.06
Total T:  965598 | Ep: 6211 | Steps: 1000 | Reward:  3280.89
Total T:  965867 | Ep: 6212 | Steps:  269 | Reward:   924.78
Total T:  966618 | Ep: 6213 | Steps:  751 | Reward:  2510.81
Total T:  967618 | Ep: 6214 | Steps: 1000 | Reward:  3268.00
Total T:  968618 | Ep: 6215 | Steps: 1000 | Reward:  3255.49
Total T:  969343 | Ep: 6216 | Steps:  725 | Reward:  2407.75
---------------------------------------
Evaluation over 10 episodes: 3269.076
---------------------------------------
Total T:  970343 | Ep: 6217 | Steps: 1000 | Reward:  3241.19
Total T:  971343 | Ep: 6218 | Steps: 1000 | Reward:  3274.16
Total T:  972343 | Ep: 6219 | Steps: 1000 | Reward:  3264.54
Total T:  973343 | Ep: 6220 | Steps: 1000 | Reward:  3267.31
Total T:  974343 | Ep: 6221 | Steps: 1000 | Reward:  3253.06
Total T:  975343 | Ep: 6222 | Steps: 1000 | Reward:  3258.43
Total T:  976343 | Ep: 6223 | Steps: 1000 | Reward:  3263.35
Total T:  977343 | Ep: 6224 | Steps: 1000 | Reward:  3294.85
Total T:  978343 | Ep: 6225 | Steps: 1000 | Reward:  3242.90
Total T:  978645 | Ep: 6226 | Steps:  302 | Reward:  1022.20
Total T:  978944 | Ep: 6227 | Steps:  299 | Reward:  1013.11
Total T:  979944 | Ep: 6228 | Steps: 1000 | Reward:  3256.72
---------------------------------------
Evaluation over 10 episodes: 3213.665
---------------------------------------
Total T:  980944 | Ep: 6229 | Steps: 1000 | Reward:  3222.11
Total T:  981944 | Ep: 6230 | Steps: 1000 | Reward:  3267.13
Total T:  982944 | Ep: 6231 | Steps: 1000 | Reward:  3270.96
Total T:  983944 | Ep: 6232 | Steps: 1000 | Reward:  3254.90
Total T:  984944 | Ep: 6233 | Steps: 1000 | Reward:  3270.10
Total T:  985944 | Ep: 6234 | Steps: 1000 | Reward:  3257.16
Total T:  986944 | Ep: 6235 | Steps: 1000 | Reward:  3228.63
Total T:  987944 | Ep: 6236 | Steps: 1000 | Reward:  3239.80
Total T:  988944 | Ep: 6237 | Steps: 1000 | Reward:  3258.43
Total T:  989944 | Ep: 6238 | Steps: 1000 | Reward:  3237.84
---------------------------------------
Evaluation over 10 episodes: 3229.878
---------------------------------------
Total T:  990944 | Ep: 6239 | Steps: 1000 | Reward:  3209.79
Total T:  991944 | Ep: 6240 | Steps: 1000 | Reward:  3252.69
Total T:  992944 | Ep: 6241 | Steps: 1000 | Reward:  3218.58
Total T:  993944 | Ep: 6242 | Steps: 1000 | Reward:  3253.92
Total T:  994944 | Ep: 6243 | Steps: 1000 | Reward:  3210.52
Total T:  995944 | Ep: 6244 | Steps: 1000 | Reward:  3240.56
Total T:  996944 | Ep: 6245 | Steps: 1000 | Reward:  3220.04
Total T:  997944 | Ep: 6246 | Steps: 1000 | Reward:  3211.16
Total T:  998944 | Ep: 6247 | Steps: 1000 | Reward:  3208.79
Total T:  999944 | Ep: 6248 | Steps: 1000 | Reward:  3250.48
---------------------------------------
Evaluation over 10 episodes: 3099.500
---------------------------------------

[main] Model saved:
        actor  -> /home/naida/Desktop/CS515-Deep-RL/TD3_algorithm/runs/td3_sweep_hopper-v4_seed3_Hopper-v4_10-05-2026_21-37-11/model_actor
        critic -> /home/naida/Desktop/CS515-Deep-RL/TD3_algorithm/runs/td3_sweep_hopper-v4_seed3_Hopper-v4_10-05-2026_21-37-11/model_critic
[main] Training history -> /home/naida/Desktop/CS515-Deep-RL/TD3_algorithm/runs/td3_sweep_hopper-v4_seed3_Hopper-v4_10-05-2026_21-37-11/episode_rewards.csv
[main] Eval history     -> /home/naida/Desktop/CS515-Deep-RL/TD3_algorithm/runs/td3_sweep_hopper-v4_seed3_Hopper-v4_10-05-2026_21-37-11/eval_rewards.csv
[main] Summary          -> /home/naida/Desktop/CS515-Deep-RL/TD3_algorithm/runs/td3_sweep_hopper-v4_seed3_Hopper-v4_10-05-2026_21-37-11/summary.json
[main] Unified eval -> /home/naida/Desktop/CS515-Deep-RL/results/continuous/td3/hopper-v4/seed_3.npy
[main] Wallclock    -> /home/naida/Desktop/CS515-Deep-RL/results/wallclock/continuous/td3/hopper-v4/seed_3.npy
[plot] Saved plot to /home/naida/Desktop/CS515-Deep-RL/TD3_algorithm/runs/td3_sweep_hopper-v4_seed3_Hopper-v4_10-05-2026_21-37-11/training_curves.png

============================================================
Training complete. To watch the trained agent play:
  python test.py --env_name Hopper-v4 --load_dir "/home/naida/Desktop/CS515-Deep-RL/TD3_algorithm/runs/td3_sweep_hopper-v4_seed3_Hopper-v4_10-05-2026_21-37-11"
============================================================
