/home/naida/anaconda3/envs/deep_rl/lib/python3.10/site-packages/gymnasium/core.py:311: UserWarning: [33mWARN: env.seed to get variables from other wrappers is deprecated and will be removed in v1.0, to get this variable you can do `env.unwrapped.seed` for environment variables or `env.get_wrapper_attr('seed')` that will search the reminding wrappers.[0m
  logger.warn(
--------------------------------------------------
Env:        Hopper-v4
  ob_dim    = 11
  ac_dim    = 3
  max_action= 1.0
Logdir:     /home/naida/Desktop/CS515-Deep-RL/TD3_algorithm/runs/td3_sweep_hopper-v4_seed0_Hopper-v4_10-05-2026_21-26-23
Rendering:  off
--------------------------------------------------
/home/naida/anaconda3/envs/deep_rl/lib/python3.10/site-packages/gymnasium/core.py:311: UserWarning: [33mWARN: env.seed to get variables from other wrappers is deprecated and will be removed in v1.0, to get this variable you can do `env.unwrapped.seed` for environment variables or `env.get_wrapper_attr('seed')` that will search the reminding wrappers.[0m
  logger.warn(
---------------------------------------
Evaluation over 10 episodes: 18.670
---------------------------------------
Total T:      17 | Ep:    1 | Steps:   17 | Reward:     9.52
Total T:      37 | Ep:    2 | Steps:   20 | Reward:    14.18
Total T:      71 | Ep:    3 | Steps:   34 | Reward:    13.01
Total T:      81 | Ep:    4 | Steps:   10 | Reward:     5.50
Total T:     119 | Ep:    5 | Steps:   38 | Reward:    49.27
Total T:     142 | Ep:    6 | Steps:   23 | Reward:    20.11
Total T:     156 | Ep:    7 | Steps:   14 | Reward:    10.73
Total T:     167 | Ep:    8 | Steps:   11 | Reward:     8.90
Total T:     186 | Ep:    9 | Steps:   19 | Reward:    18.09
Total T:     227 | Ep:   10 | Steps:   41 | Reward:    16.54
Total T:     241 | Ep:   11 | Steps:   14 | Reward:     9.84
Total T:     278 | Ep:   12 | Steps:   37 | Reward:    39.56
Total T:     289 | Ep:   13 | Steps:   11 | Reward:     7.17
Total T:     298 | Ep:   14 | Steps:    9 | Reward:     6.44
Total T:     309 | Ep:   15 | Steps:   11 | Reward:     8.17
Total T:     327 | Ep:   16 | Steps:   18 | Reward:    18.95
Total T:     350 | Ep:   17 | Steps:   23 | Reward:    22.15
Total T:     367 | Ep:   18 | Steps:   17 | Reward:    11.32
Total T:     400 | Ep:   19 | Steps:   33 | Reward:    15.42
Total T:     421 | Ep:   20 | Steps:   21 | Reward:     7.80
Total T:     439 | Ep:   21 | Steps:   18 | Reward:    13.33
Total T:     449 | Ep:   22 | Steps:   10 | Reward:     7.45
Total T:     473 | Ep:   23 | Steps:   24 | Reward:    13.31
Total T:     486 | Ep:   24 | Steps:   13 | Reward:    10.65
Total T:     523 | Ep:   25 | Steps:   37 | Reward:    41.46
Total T:     554 | Ep:   26 | Steps:   31 | Reward:    37.26
Total T:     568 | Ep:   27 | Steps:   14 | Reward:     9.71
Total T:     581 | Ep:   28 | Steps:   13 | Reward:    11.59
Total T:     591 | Ep:   29 | Steps:   10 | Reward:     8.33
Total T:     612 | Ep:   30 | Steps:   21 | Reward:    11.31
Total T:     637 | Ep:   31 | Steps:   25 | Reward:    13.87
Total T:     652 | Ep:   32 | Steps:   15 | Reward:    13.35
Total T:     669 | Ep:   33 | Steps:   17 | Reward:    11.98
Total T:     686 | Ep:   34 | Steps:   17 | Reward:    14.71
Total T:     715 | Ep:   35 | Steps:   29 | Reward:    27.39
Total T:     759 | Ep:   36 | Steps:   44 | Reward:    57.15
Total T:     776 | Ep:   37 | Steps:   17 | Reward:    13.20
Total T:     798 | Ep:   38 | Steps:   22 | Reward:    12.28
Total T:     810 | Ep:   39 | Steps:   12 | Reward:     9.67
Total T:     847 | Ep:   40 | Steps:   37 | Reward:    39.85
Total T:     861 | Ep:   41 | Steps:   14 | Reward:     9.33
Total T:     872 | Ep:   42 | Steps:   11 | Reward:     9.59
Total T:     918 | Ep:   43 | Steps:   46 | Reward:    23.07
Total T:     932 | Ep:   44 | Steps:   14 | Reward:     8.57
Total T:     958 | Ep:   45 | Steps:   26 | Reward:    29.94
Total T:     986 | Ep:   46 | Steps:   28 | Reward:    19.79
Total T:    1005 | Ep:   47 | Steps:   19 | Reward:    17.92
Total T:    1025 | Ep:   48 | Steps:   20 | Reward:    10.88
Total T:    1049 | Ep:   49 | Steps:   24 | Reward:    25.31
Total T:    1065 | Ep:   50 | Steps:   16 | Reward:    11.21
Total T:    1078 | Ep:   51 | Steps:   13 | Reward:     8.19
Total T:    1098 | Ep:   52 | Steps:   20 | Reward:    21.84
Total T:    1110 | Ep:   53 | Steps:   12 | Reward:     9.81
Total T:    1127 | Ep:   54 | Steps:   17 | Reward:    12.84
Total T:    1165 | Ep:   55 | Steps:   38 | Reward:    41.21
Total T:    1200 | Ep:   56 | Steps:   35 | Reward:    32.62
Total T:    1222 | Ep:   57 | Steps:   22 | Reward:    20.86
Total T:    1239 | Ep:   58 | Steps:   17 | Reward:    15.17
Total T:    1255 | Ep:   59 | Steps:   16 | Reward:    11.79
Total T:    1280 | Ep:   60 | Steps:   25 | Reward:    19.31
Total T:    1303 | Ep:   61 | Steps:   23 | Reward:    11.40
Total T:    1316 | Ep:   62 | Steps:   13 | Reward:    12.06
Total T:    1330 | Ep:   63 | Steps:   14 | Reward:     8.82
Total T:    1345 | Ep:   64 | Steps:   15 | Reward:    10.62
Total T:    1368 | Ep:   65 | Steps:   23 | Reward:    11.01
Total T:    1391 | Ep:   66 | Steps:   23 | Reward:    15.59
Total T:    1414 | Ep:   67 | Steps:   23 | Reward:    19.98
Total T:    1445 | Ep:   68 | Steps:   31 | Reward:    25.69
Total T:    1468 | Ep:   69 | Steps:   23 | Reward:    19.22
Total T:    1480 | Ep:   70 | Steps:   12 | Reward:    11.08
Total T:    1511 | Ep:   71 | Steps:   31 | Reward:    33.18
Total T:    1527 | Ep:   72 | Steps:   16 | Reward:    15.06
Total T:    1560 | Ep:   73 | Steps:   33 | Reward:    26.84
Total T:    1589 | Ep:   74 | Steps:   29 | Reward:    30.61
Total T:    1617 | Ep:   75 | Steps:   28 | Reward:    26.32
Total T:    1643 | Ep:   76 | Steps:   26 | Reward:    13.68
Total T:    1662 | Ep:   77 | Steps:   19 | Reward:    14.93
Total T:    1684 | Ep:   78 | Steps:   22 | Reward:    18.01
Total T:    1696 | Ep:   79 | Steps:   12 | Reward:     7.22
Total T:    1717 | Ep:   80 | Steps:   21 | Reward:    20.23
Total T:    1756 | Ep:   81 | Steps:   39 | Reward:    31.56
Total T:    1769 | Ep:   82 | Steps:   13 | Reward:    10.81
Total T:    1785 | Ep:   83 | Steps:   16 | Reward:    12.37
Total T:    1797 | Ep:   84 | Steps:   12 | Reward:    10.58
Total T:    1867 | Ep:   85 | Steps:   70 | Reward:    89.51
Total T:    1881 | Ep:   86 | Steps:   14 | Reward:    13.03
Total T:    1909 | Ep:   87 | Steps:   28 | Reward:    35.70
Total T:    1924 | Ep:   88 | Steps:   15 | Reward:     6.50
Total T:    1942 | Ep:   89 | Steps:   18 | Reward:    11.05
Total T:    1966 | Ep:   90 | Steps:   24 | Reward:    13.46
Total T:    1978 | Ep:   91 | Steps:   12 | Reward:     8.70
Total T:    1995 | Ep:   92 | Steps:   17 | Reward:    12.42
Total T:    2037 | Ep:   93 | Steps:   42 | Reward:    40.87
Total T:    2045 | Ep:   94 | Steps:    8 | Reward:     5.86
Total T:    2077 | Ep:   95 | Steps:   32 | Reward:     8.50
Total T:    2094 | Ep:   96 | Steps:   17 | Reward:    10.47
Total T:    2119 | Ep:   97 | Steps:   25 | Reward:    17.15
Total T:    2147 | Ep:   98 | Steps:   28 | Reward:    24.94
Total T:    2161 | Ep:   99 | Steps:   14 | Reward:    11.63
Total T:    2179 | Ep:  100 | Steps:   18 | Reward:    12.40
Total T:    2200 | Ep:  101 | Steps:   21 | Reward:    22.82
Total T:    2223 | Ep:  102 | Steps:   23 | Reward:    17.55
Total T:    2253 | Ep:  103 | Steps:   30 | Reward:    21.85
Total T:    2281 | Ep:  104 | Steps:   28 | Reward:    29.58
Total T:    2308 | Ep:  105 | Steps:   27 | Reward:    31.66
Total T:    2349 | Ep:  106 | Steps:   41 | Reward:    63.11
Total T:    2368 | Ep:  107 | Steps:   19 | Reward:    19.49
Total T:    2381 | Ep:  108 | Steps:   13 | Reward:     9.92
Total T:    2401 | Ep:  109 | Steps:   20 | Reward:    20.52
Total T:    2455 | Ep:  110 | Steps:   54 | Reward:    58.02
Total T:    2537 | Ep:  111 | Steps:   82 | Reward:   103.64
Total T:    2565 | Ep:  112 | Steps:   28 | Reward:    26.42
Total T:    2576 | Ep:  113 | Steps:   11 | Reward:     9.88
Total T:    2597 | Ep:  114 | Steps:   21 | Reward:    10.21
Total T:    2626 | Ep:  115 | Steps:   29 | Reward:    25.60
Total T:    2639 | Ep:  116 | Steps:   13 | Reward:     8.76
Total T:    2656 | Ep:  117 | Steps:   17 | Reward:    10.94
Total T:    2675 | Ep:  118 | Steps:   19 | Reward:    14.53
Total T:    2696 | Ep:  119 | Steps:   21 | Reward:    21.89
Total T:    2704 | Ep:  120 | Steps:    8 | Reward:     5.53
Total T:    2728 | Ep:  121 | Steps:   24 | Reward:    25.89
Total T:    2744 | Ep:  122 | Steps:   16 | Reward:    11.49
Total T:    2770 | Ep:  123 | Steps:   26 | Reward:    18.71
Total T:    2790 | Ep:  124 | Steps:   20 | Reward:     7.57
Total T:    2826 | Ep:  125 | Steps:   36 | Reward:    15.38
Total T:    2851 | Ep:  126 | Steps:   25 | Reward:    14.04
Total T:    2868 | Ep:  127 | Steps:   17 | Reward:    17.91
Total T:    2887 | Ep:  128 | Steps:   19 | Reward:    15.91
Total T:    2905 | Ep:  129 | Steps:   18 | Reward:    17.13
Total T:    2930 | Ep:  130 | Steps:   25 | Reward:    12.01
Total T:    2970 | Ep:  131 | Steps:   40 | Reward:    20.86
Total T:    2996 | Ep:  132 | Steps:   26 | Reward:    12.51
Total T:    3013 | Ep:  133 | Steps:   17 | Reward:    18.64
Total T:    3026 | Ep:  134 | Steps:   13 | Reward:    10.34
Total T:    3065 | Ep:  135 | Steps:   39 | Reward:    13.89
Total T:    3083 | Ep:  136 | Steps:   18 | Reward:     8.42
Total T:    3096 | Ep:  137 | Steps:   13 | Reward:     6.79
Total T:    3108 | Ep:  138 | Steps:   12 | Reward:     9.59
Total T:    3122 | Ep:  139 | Steps:   14 | Reward:    11.54
Total T:    3135 | Ep:  140 | Steps:   13 | Reward:     7.74
Total T:    3151 | Ep:  141 | Steps:   16 | Reward:    10.24
Total T:    3188 | Ep:  142 | Steps:   37 | Reward:    25.67
Total T:    3199 | Ep:  143 | Steps:   11 | Reward:     9.30
Total T:    3213 | Ep:  144 | Steps:   14 | Reward:     7.54
Total T:    3226 | Ep:  145 | Steps:   13 | Reward:    12.44
Total T:    3246 | Ep:  146 | Steps:   20 | Reward:    22.05
Total T:    3258 | Ep:  147 | Steps:   12 | Reward:     9.65
Total T:    3289 | Ep:  148 | Steps:   31 | Reward:    15.03
Total T:    3306 | Ep:  149 | Steps:   17 | Reward:    18.47
Total T:    3328 | Ep:  150 | Steps:   22 | Reward:    13.16
Total T:    3369 | Ep:  151 | Steps:   41 | Reward:    25.51
Total T:    3396 | Ep:  152 | Steps:   27 | Reward:    18.68
Total T:    3414 | Ep:  153 | Steps:   18 | Reward:     9.24
Total T:    3430 | Ep:  154 | Steps:   16 | Reward:    13.32
Total T:    3468 | Ep:  155 | Steps:   38 | Reward:    33.36
Total T:    3504 | Ep:  156 | Steps:   36 | Reward:    19.06
Total T:    3536 | Ep:  157 | Steps:   32 | Reward:    28.84
Total T:    3552 | Ep:  158 | Steps:   16 | Reward:     5.72
Total T:    3566 | Ep:  159 | Steps:   14 | Reward:    10.01
Total T:    3601 | Ep:  160 | Steps:   35 | Reward:    33.26
Total T:    3619 | Ep:  161 | Steps:   18 | Reward:    14.55
Total T:    3635 | Ep:  162 | Steps:   16 | Reward:    17.00
Total T:    3658 | Ep:  163 | Steps:   23 | Reward:    15.51
Total T:    3671 | Ep:  164 | Steps:   13 | Reward:     9.64
Total T:    3688 | Ep:  165 | Steps:   17 | Reward:    16.65
Total T:    3722 | Ep:  166 | Steps:   34 | Reward:    28.66
Total T:    3757 | Ep:  167 | Steps:   35 | Reward:    20.77
Total T:    3791 | Ep:  168 | Steps:   34 | Reward:    22.17
Total T:    3811 | Ep:  169 | Steps:   20 | Reward:    23.01
Total T:    3830 | Ep:  170 | Steps:   19 | Reward:    19.44
Total T:    3840 | Ep:  171 | Steps:   10 | Reward:     7.23
Total T:    3861 | Ep:  172 | Steps:   21 | Reward:    14.74
Total T:    3878 | Ep:  173 | Steps:   17 | Reward:    16.06
Total T:    3901 | Ep:  174 | Steps:   23 | Reward:    10.58
Total T:    3928 | Ep:  175 | Steps:   27 | Reward:    13.01
Total T:    3951 | Ep:  176 | Steps:   23 | Reward:    18.80
Total T:    3969 | Ep:  177 | Steps:   18 | Reward:    16.18
Total T:    3985 | Ep:  178 | Steps:   16 | Reward:     9.52
Total T:    4075 | Ep:  179 | Steps:   90 | Reward:   161.67
Total T:    4101 | Ep:  180 | Steps:   26 | Reward:    22.89
Total T:    4146 | Ep:  181 | Steps:   45 | Reward:    39.99
Total T:    4176 | Ep:  182 | Steps:   30 | Reward:     8.31
Total T:    4189 | Ep:  183 | Steps:   13 | Reward:     5.33
Total T:    4207 | Ep:  184 | Steps:   18 | Reward:     9.81
Total T:    4229 | Ep:  185 | Steps:   22 | Reward:    22.30
Total T:    4243 | Ep:  186 | Steps:   14 | Reward:     9.57
Total T:    4276 | Ep:  187 | Steps:   33 | Reward:    29.73
Total T:    4292 | Ep:  188 | Steps:   16 | Reward:    11.82
Total T:    4317 | Ep:  189 | Steps:   25 | Reward:     7.77
Total T:    4336 | Ep:  190 | Steps:   19 | Reward:    16.48
Total T:    4363 | Ep:  191 | Steps:   27 | Reward:    13.06
Total T:    4384 | Ep:  192 | Steps:   21 | Reward:    21.54
Total T:    4410 | Ep:  193 | Steps:   26 | Reward:    20.35
Total T:    4441 | Ep:  194 | Steps:   31 | Reward:    12.66
Total T:    4478 | Ep:  195 | Steps:   37 | Reward:    31.04
Total T:    4531 | Ep:  196 | Steps:   53 | Reward:    84.72
Total T:    4541 | Ep:  197 | Steps:   10 | Reward:     4.64
Total T:    4573 | Ep:  198 | Steps:   32 | Reward:    14.99
Total T:    4582 | Ep:  199 | Steps:    9 | Reward:     5.40
Total T:    4597 | Ep:  200 | Steps:   15 | Reward:    10.89
Total T:    4615 | Ep:  201 | Steps:   18 | Reward:     8.88
Total T:    4664 | Ep:  202 | Steps:   49 | Reward:    78.41
Total T:    4686 | Ep:  203 | Steps:   22 | Reward:    23.37
Total T:    4713 | Ep:  204 | Steps:   27 | Reward:    35.13
Total T:    4734 | Ep:  205 | Steps:   21 | Reward:    17.29
Total T:    4753 | Ep:  206 | Steps:   19 | Reward:    14.93
Total T:    4783 | Ep:  207 | Steps:   30 | Reward:    26.33
Total T:    4801 | Ep:  208 | Steps:   18 | Reward:     8.32
Total T:    4832 | Ep:  209 | Steps:   31 | Reward:    11.18
Total T:    4855 | Ep:  210 | Steps:   23 | Reward:    20.45
Total T:    4874 | Ep:  211 | Steps:   19 | Reward:    21.11
Total T:    4899 | Ep:  212 | Steps:   25 | Reward:     9.68
Total T:    4917 | Ep:  213 | Steps:   18 | Reward:    18.47
Total T:    4926 | Ep:  214 | Steps:    9 | Reward:     6.61
Total T:    4938 | Ep:  215 | Steps:   12 | Reward:     9.49
Total T:    4949 | Ep:  216 | Steps:   11 | Reward:     9.46
Total T:    4963 | Ep:  217 | Steps:   14 | Reward:     7.76
Total T:    4991 | Ep:  218 | Steps:   28 | Reward:    11.63
Total T:    5014 | Ep:  219 | Steps:   23 | Reward:    17.21
Total T:    5042 | Ep:  220 | Steps:   28 | Reward:    24.65
Total T:    5066 | Ep:  221 | Steps:   24 | Reward:    20.96
Total T:    5074 | Ep:  222 | Steps:    8 | Reward:     4.64
Total T:    5087 | Ep:  223 | Steps:   13 | Reward:     8.58
Total T:    5114 | Ep:  224 | Steps:   27 | Reward:    24.82
Total T:    5153 | Ep:  225 | Steps:   39 | Reward:    32.43
Total T:    5166 | Ep:  226 | Steps:   13 | Reward:    10.45
Total T:    5194 | Ep:  227 | Steps:   28 | Reward:    11.56
Total T:    5213 | Ep:  228 | Steps:   19 | Reward:    12.54
Total T:    5224 | Ep:  229 | Steps:   11 | Reward:     8.18
Total T:    5242 | Ep:  230 | Steps:   18 | Reward:    12.66
Total T:    5259 | Ep:  231 | Steps:   17 | Reward:    15.75
Total T:    5276 | Ep:  232 | Steps:   17 | Reward:    17.33
Total T:    5307 | Ep:  233 | Steps:   31 | Reward:    17.45
Total T:    5320 | Ep:  234 | Steps:   13 | Reward:     6.53
Total T:    5337 | Ep:  235 | Steps:   17 | Reward:    19.78
Total T:    5350 | Ep:  236 | Steps:   13 | Reward:    10.29
Total T:    5436 | Ep:  237 | Steps:   86 | Reward:   108.87
Total T:    5473 | Ep:  238 | Steps:   37 | Reward:    19.20
Total T:    5502 | Ep:  239 | Steps:   29 | Reward:    30.15
Total T:    5524 | Ep:  240 | Steps:   22 | Reward:    20.99
Total T:    5546 | Ep:  241 | Steps:   22 | Reward:     9.44
Total T:    5560 | Ep:  242 | Steps:   14 | Reward:    11.65
Total T:    5572 | Ep:  243 | Steps:   12 | Reward:     9.49
Total T:    5581 | Ep:  244 | Steps:    9 | Reward:     6.53
Total T:    5597 | Ep:  245 | Steps:   16 | Reward:    13.21
Total T:    5647 | Ep:  246 | Steps:   50 | Reward:    77.71
Total T:    5670 | Ep:  247 | Steps:   23 | Reward:    15.67
Total T:    5686 | Ep:  248 | Steps:   16 | Reward:    11.00
Total T:    5719 | Ep:  249 | Steps:   33 | Reward:    26.02
Total T:    5735 | Ep:  250 | Steps:   16 | Reward:    12.84
Total T:    5788 | Ep:  251 | Steps:   53 | Reward:    69.33
Total T:    5808 | Ep:  252 | Steps:   20 | Reward:     9.16
Total T:    5818 | Ep:  253 | Steps:   10 | Reward:     7.29
Total T:    5856 | Ep:  254 | Steps:   38 | Reward:    41.28
Total T:    5881 | Ep:  255 | Steps:   25 | Reward:    26.45
Total T:    5894 | Ep:  256 | Steps:   13 | Reward:    11.76
Total T:    5907 | Ep:  257 | Steps:   13 | Reward:     8.76
Total T:    5925 | Ep:  258 | Steps:   18 | Reward:    11.68
Total T:    5951 | Ep:  259 | Steps:   26 | Reward:    16.20
Total T:    5964 | Ep:  260 | Steps:   13 | Reward:    11.48
Total T:    5986 | Ep:  261 | Steps:   22 | Reward:    24.25
Total T:    6009 | Ep:  262 | Steps:   23 | Reward:    23.89
Total T:    6037 | Ep:  263 | Steps:   28 | Reward:    15.66
Total T:    6051 | Ep:  264 | Steps:   14 | Reward:     9.54
Total T:    6066 | Ep:  265 | Steps:   15 | Reward:     7.52
Total T:    6088 | Ep:  266 | Steps:   22 | Reward:    20.09
Total T:    6107 | Ep:  267 | Steps:   19 | Reward:    12.10
Total T:    6122 | Ep:  268 | Steps:   15 | Reward:    12.68
Total T:    6144 | Ep:  269 | Steps:   22 | Reward:    18.21
Total T:    6157 | Ep:  270 | Steps:   13 | Reward:    10.26
Total T:    6186 | Ep:  271 | Steps:   29 | Reward:    14.35
Total T:    6202 | Ep:  272 | Steps:   16 | Reward:    12.62
Total T:    6213 | Ep:  273 | Steps:   11 | Reward:     9.21
Total T:    6224 | Ep:  274 | Steps:   11 | Reward:     9.16
Total T:    6233 | Ep:  275 | Steps:    9 | Reward:     7.63
Total T:    6275 | Ep:  276 | Steps:   42 | Reward:    12.93
Total T:    6307 | Ep:  277 | Steps:   32 | Reward:    34.36
Total T:    6335 | Ep:  278 | Steps:   28 | Reward:    14.94
Total T:    6373 | Ep:  279 | Steps:   38 | Reward:    11.90
Total T:    6384 | Ep:  280 | Steps:   11 | Reward:     8.51
Total T:    6400 | Ep:  281 | Steps:   16 | Reward:    14.51
Total T:    6414 | Ep:  282 | Steps:   14 | Reward:    12.14
Total T:    6432 | Ep:  283 | Steps:   18 | Reward:    18.80
Total T:    6462 | Ep:  284 | Steps:   30 | Reward:    18.24
Total T:    6483 | Ep:  285 | Steps:   21 | Reward:    16.49
Total T:    6544 | Ep:  286 | Steps:   61 | Reward:    67.95
Total T:    6610 | Ep:  287 | Steps:   66 | Reward:    78.43
Total T:    6624 | Ep:  288 | Steps:   14 | Reward:    11.59
Total T:    6642 | Ep:  289 | Steps:   18 | Reward:    13.12
Total T:    6665 | Ep:  290 | Steps:   23 | Reward:     8.87
Total T:    6678 | Ep:  291 | Steps:   13 | Reward:     9.95
Total T:    6689 | Ep:  292 | Steps:   11 | Reward:     8.69
Total T:    6708 | Ep:  293 | Steps:   19 | Reward:    15.23
Total T:    6725 | Ep:  294 | Steps:   17 | Reward:    10.37
Total T:    6749 | Ep:  295 | Steps:   24 | Reward:    13.52
Total T:    6771 | Ep:  296 | Steps:   22 | Reward:    23.73
Total T:    6803 | Ep:  297 | Steps:   32 | Reward:    34.67
Total T:    6814 | Ep:  298 | Steps:   11 | Reward:     6.49
Total T:    6877 | Ep:  299 | Steps:   63 | Reward:    67.85
Total T:    6895 | Ep:  300 | Steps:   18 | Reward:    18.76
Total T:    6919 | Ep:  301 | Steps:   24 | Reward:    14.80
Total T:    6939 | Ep:  302 | Steps:   20 | Reward:     9.08
Total T:    6961 | Ep:  303 | Steps:   22 | Reward:    14.13
Total T:    6982 | Ep:  304 | Steps:   21 | Reward:     9.04
Total T:    6998 | Ep:  305 | Steps:   16 | Reward:    12.06
Total T:    7010 | Ep:  306 | Steps:   12 | Reward:     6.18
Total T:    7051 | Ep:  307 | Steps:   41 | Reward:    25.50
Total T:    7086 | Ep:  308 | Steps:   35 | Reward:    49.40
Total T:    7100 | Ep:  309 | Steps:   14 | Reward:    11.03
Total T:    7117 | Ep:  310 | Steps:   17 | Reward:     9.38
Total T:    7154 | Ep:  311 | Steps:   37 | Reward:    51.86
Total T:    7196 | Ep:  312 | Steps:   42 | Reward:    27.46
Total T:    7214 | Ep:  313 | Steps:   18 | Reward:     9.54
Total T:    7250 | Ep:  314 | Steps:   36 | Reward:    12.36
Total T:    7273 | Ep:  315 | Steps:   23 | Reward:    23.61
Total T:    7288 | Ep:  316 | Steps:   15 | Reward:    11.36
Total T:    7335 | Ep:  317 | Steps:   47 | Reward:    72.34
Total T:    7348 | Ep:  318 | Steps:   13 | Reward:     9.05
Total T:    7361 | Ep:  319 | Steps:   13 | Reward:     8.51
Total T:    7374 | Ep:  320 | Steps:   13 | Reward:    11.40
Total T:    7389 | Ep:  321 | Steps:   15 | Reward:    12.71
Total T:    7401 | Ep:  322 | Steps:   12 | Reward:     9.52
Total T:    7411 | Ep:  323 | Steps:   10 | Reward:     6.18
Total T:    7449 | Ep:  324 | Steps:   38 | Reward:    21.41
Total T:    7533 | Ep:  325 | Steps:   84 | Reward:   108.64
Total T:    7553 | Ep:  326 | Steps:   20 | Reward:    13.09
Total T:    7566 | Ep:  327 | Steps:   13 | Reward:    11.51
Total T:    7606 | Ep:  328 | Steps:   40 | Reward:    57.33
Total T:    7630 | Ep:  329 | Steps:   24 | Reward:     8.11
Total T:    7654 | Ep:  330 | Steps:   24 | Reward:    21.31
Total T:    7665 | Ep:  331 | Steps:   11 | Reward:     7.83
Total T:    7682 | Ep:  332 | Steps:   17 | Reward:    11.42
Total T:    7702 | Ep:  333 | Steps:   20 | Reward:    20.63
Total T:    7712 | Ep:  334 | Steps:   10 | Reward:     7.63
Total T:    7728 | Ep:  335 | Steps:   16 | Reward:     8.80
Total T:    7762 | Ep:  336 | Steps:   34 | Reward:    15.93
Total T:    7771 | Ep:  337 | Steps:    9 | Reward:     7.08
Total T:    7794 | Ep:  338 | Steps:   23 | Reward:    14.98
Total T:    7808 | Ep:  339 | Steps:   14 | Reward:    11.94
Total T:    7825 | Ep:  340 | Steps:   17 | Reward:    12.67
Total T:    7846 | Ep:  341 | Steps:   21 | Reward:    23.41
Total T:    7888 | Ep:  342 | Steps:   42 | Reward:    59.78
Total T:    7902 | Ep:  343 | Steps:   14 | Reward:    13.40
Total T:    7939 | Ep:  344 | Steps:   37 | Reward:     9.39
Total T:    7956 | Ep:  345 | Steps:   17 | Reward:     9.99
Total T:    7976 | Ep:  346 | Steps:   20 | Reward:    18.22
Total T:    7997 | Ep:  347 | Steps:   21 | Reward:    11.59
Total T:    8016 | Ep:  348 | Steps:   19 | Reward:     8.49
Total T:    8030 | Ep:  349 | Steps:   14 | Reward:    12.73
Total T:    8054 | Ep:  350 | Steps:   24 | Reward:    20.88
Total T:    8076 | Ep:  351 | Steps:   22 | Reward:    19.39
Total T:    8107 | Ep:  352 | Steps:   31 | Reward:    37.27
Total T:    8139 | Ep:  353 | Steps:   32 | Reward:    46.31
Total T:    8154 | Ep:  354 | Steps:   15 | Reward:    12.03
Total T:    8173 | Ep:  355 | Steps:   19 | Reward:    18.13
Total T:    8198 | Ep:  356 | Steps:   25 | Reward:    19.53
Total T:    8230 | Ep:  357 | Steps:   32 | Reward:    20.24
Total T:    8248 | Ep:  358 | Steps:   18 | Reward:    10.64
Total T:    8259 | Ep:  359 | Steps:   11 | Reward:     7.37
Total T:    8321 | Ep:  360 | Steps:   62 | Reward:    71.19
Total T:    8337 | Ep:  361 | Steps:   16 | Reward:    12.52
Total T:    8351 | Ep:  362 | Steps:   14 | Reward:     7.93
Total T:    8364 | Ep:  363 | Steps:   13 | Reward:    10.01
Total T:    8394 | Ep:  364 | Steps:   30 | Reward:    29.36
Total T:    8418 | Ep:  365 | Steps:   24 | Reward:    10.75
Total T:    8430 | Ep:  366 | Steps:   12 | Reward:     6.45
Total T:    8447 | Ep:  367 | Steps:   17 | Reward:     9.27
Total T:    8474 | Ep:  368 | Steps:   27 | Reward:    19.52
Total T:    8488 | Ep:  369 | Steps:   14 | Reward:    10.80
Total T:    8509 | Ep:  370 | Steps:   21 | Reward:    22.93
Total T:    8521 | Ep:  371 | Steps:   12 | Reward:     9.29
Total T:    8533 | Ep:  372 | Steps:   12 | Reward:    10.12
Total T:    8556 | Ep:  373 | Steps:   23 | Reward:    13.90
Total T:    8569 | Ep:  374 | Steps:   13 | Reward:    10.54
Total T:    8613 | Ep:  375 | Steps:   44 | Reward:    20.53
Total T:    8628 | Ep:  376 | Steps:   15 | Reward:    11.00
Total T:    8637 | Ep:  377 | Steps:    9 | Reward:     6.94
Total T:    8649 | Ep:  378 | Steps:   12 | Reward:     8.56
Total T:    8673 | Ep:  379 | Steps:   24 | Reward:     7.19
Total T:    8708 | Ep:  380 | Steps:   35 | Reward:    20.89
Total T:    8723 | Ep:  381 | Steps:   15 | Reward:    11.64
Total T:    8745 | Ep:  382 | Steps:   22 | Reward:    21.01
Total T:    8758 | Ep:  383 | Steps:   13 | Reward:    10.73
Total T:    8772 | Ep:  384 | Steps:   14 | Reward:     9.75
Total T:    8789 | Ep:  385 | Steps:   17 | Reward:    14.81
Total T:    8822 | Ep:  386 | Steps:   33 | Reward:    26.34
Total T:    8840 | Ep:  387 | Steps:   18 | Reward:    16.31
Total T:    8854 | Ep:  388 | Steps:   14 | Reward:    12.49
Total T:    8870 | Ep:  389 | Steps:   16 | Reward:    14.20
Total T:    8885 | Ep:  390 | Steps:   15 | Reward:    14.14
Total T:    8906 | Ep:  391 | Steps:   21 | Reward:    10.87
Total T:    8923 | Ep:  392 | Steps:   17 | Reward:    10.95
Total T:    8936 | Ep:  393 | Steps:   13 | Reward:     7.71
Total T:    8958 | Ep:  394 | Steps:   22 | Reward:    16.12
Total T:    8982 | Ep:  395 | Steps:   24 | Reward:    17.08
Total T:    9006 | Ep:  396 | Steps:   24 | Reward:    27.66
Total T:    9026 | Ep:  397 | Steps:   20 | Reward:    19.52
Total T:    9051 | Ep:  398 | Steps:   25 | Reward:    15.45
Total T:    9065 | Ep:  399 | Steps:   14 | Reward:     8.77
Total T:    9097 | Ep:  400 | Steps:   32 | Reward:    15.75
Total T:    9107 | Ep:  401 | Steps:   10 | Reward:     8.52
Total T:    9124 | Ep:  402 | Steps:   17 | Reward:     7.49
Total T:    9137 | Ep:  403 | Steps:   13 | Reward:     8.19
Total T:    9156 | Ep:  404 | Steps:   19 | Reward:    16.13
Total T:    9189 | Ep:  405 | Steps:   33 | Reward:    17.75
Total T:    9210 | Ep:  406 | Steps:   21 | Reward:    14.02
Total T:    9230 | Ep:  407 | Steps:   20 | Reward:    17.12
Total T:    9252 | Ep:  408 | Steps:   22 | Reward:    22.05
Total T:    9268 | Ep:  409 | Steps:   16 | Reward:    14.38
Total T:    9279 | Ep:  410 | Steps:   11 | Reward:     8.99
Total T:    9298 | Ep:  411 | Steps:   19 | Reward:    16.39
Total T:    9313 | Ep:  412 | Steps:   15 | Reward:    10.26
Total T:    9329 | Ep:  413 | Steps:   16 | Reward:    12.82
Total T:    9370 | Ep:  414 | Steps:   41 | Reward:    17.94
Total T:    9385 | Ep:  415 | Steps:   15 | Reward:     6.71
Total T:    9400 | Ep:  416 | Steps:   15 | Reward:    12.44
Total T:    9421 | Ep:  417 | Steps:   21 | Reward:    10.12
Total T:    9437 | Ep:  418 | Steps:   16 | Reward:    11.10
Total T:    9456 | Ep:  419 | Steps:   19 | Reward:    19.69
Total T:    9472 | Ep:  420 | Steps:   16 | Reward:    12.82
Total T:    9513 | Ep:  421 | Steps:   41 | Reward:    29.60
Total T:    9549 | Ep:  422 | Steps:   36 | Reward:    24.02
Total T:    9577 | Ep:  423 | Steps:   28 | Reward:    11.15
Total T:    9613 | Ep:  424 | Steps:   36 | Reward:    37.59
Total T:    9631 | Ep:  425 | Steps:   18 | Reward:    11.95
Total T:    9646 | Ep:  426 | Steps:   15 | Reward:    10.57
Total T:    9656 | Ep:  427 | Steps:   10 | Reward:     7.41
Total T:    9701 | Ep:  428 | Steps:   45 | Reward:    65.50
Total T:    9738 | Ep:  429 | Steps:   37 | Reward:    47.95
Total T:    9756 | Ep:  430 | Steps:   18 | Reward:     9.61
Total T:    9777 | Ep:  431 | Steps:   21 | Reward:    11.89
Total T:    9789 | Ep:  432 | Steps:   12 | Reward:     9.10
Total T:    9813 | Ep:  433 | Steps:   24 | Reward:    26.46
Total T:    9892 | Ep:  434 | Steps:   79 | Reward:    67.08
Total T:    9908 | Ep:  435 | Steps:   16 | Reward:    10.11
Total T:    9949 | Ep:  436 | Steps:   41 | Reward:    72.80
Total T:    9969 | Ep:  437 | Steps:   20 | Reward:    17.34
Total T:    9994 | Ep:  438 | Steps:   25 | Reward:    20.85
---------------------------------------
Evaluation over 10 episodes: 18.522
---------------------------------------
Total T:   10009 | Ep:  439 | Steps:   15 | Reward:    11.31
Total T:   10028 | Ep:  440 | Steps:   19 | Reward:    14.28
Total T:   10050 | Ep:  441 | Steps:   22 | Reward:    17.50
Total T:   10063 | Ep:  442 | Steps:   13 | Reward:    10.73
Total T:   10074 | Ep:  443 | Steps:   11 | Reward:     9.17
Total T:   10097 | Ep:  444 | Steps:   23 | Reward:    20.35
Total T:   10122 | Ep:  445 | Steps:   25 | Reward:    21.34
Total T:   10144 | Ep:  446 | Steps:   22 | Reward:    17.92
Total T:   10159 | Ep:  447 | Steps:   15 | Reward:    10.03
Total T:   10173 | Ep:  448 | Steps:   14 | Reward:    11.39
Total T:   10188 | Ep:  449 | Steps:   15 | Reward:    10.43
Total T:   10210 | Ep:  450 | Steps:   22 | Reward:    19.26
Total T:   10233 | Ep:  451 | Steps:   23 | Reward:    20.06
Total T:   10259 | Ep:  452 | Steps:   26 | Reward:    25.77
Total T:   10272 | Ep:  453 | Steps:   13 | Reward:    10.95
Total T:   10286 | Ep:  454 | Steps:   14 | Reward:    12.62
Total T:   10308 | Ep:  455 | Steps:   22 | Reward:    23.43
Total T:   10321 | Ep:  456 | Steps:   13 | Reward:     8.81
Total T:   10343 | Ep:  457 | Steps:   22 | Reward:    20.39
Total T:   10358 | Ep:  458 | Steps:   15 | Reward:    14.20
Total T:   10370 | Ep:  459 | Steps:   12 | Reward:     8.57
Total T:   10398 | Ep:  460 | Steps:   28 | Reward:    24.40
Total T:   10416 | Ep:  461 | Steps:   18 | Reward:    13.69
Total T:   10436 | Ep:  462 | Steps:   20 | Reward:    10.98
Total T:   10456 | Ep:  463 | Steps:   20 | Reward:    12.10
Total T:   10467 | Ep:  464 | Steps:   11 | Reward:     9.40
Total T:   10480 | Ep:  465 | Steps:   13 | Reward:    11.25
Total T:   10498 | Ep:  466 | Steps:   18 | Reward:    18.84
Total T:   10509 | Ep:  467 | Steps:   11 | Reward:     8.22
Total T:   10541 | Ep:  468 | Steps:   32 | Reward:    26.38
Total T:   10560 | Ep:  469 | Steps:   19 | Reward:    16.52
Total T:   10576 | Ep:  470 | Steps:   16 | Reward:    10.05
Total T:   10591 | Ep:  471 | Steps:   15 | Reward:    11.83
Total T:   10608 | Ep:  472 | Steps:   17 | Reward:    13.62
Total T:   10628 | Ep:  473 | Steps:   20 | Reward:    20.46
Total T:   10667 | Ep:  474 | Steps:   39 | Reward:    42.94
Total T:   10688 | Ep:  475 | Steps:   21 | Reward:    11.90
Total T:   10729 | Ep:  476 | Steps:   41 | Reward:    25.08
Total T:   10753 | Ep:  477 | Steps:   24 | Reward:    11.22
Total T:   10769 | Ep:  478 | Steps:   16 | Reward:    11.34
Total T:   10783 | Ep:  479 | Steps:   14 | Reward:     9.11
Total T:   10830 | Ep:  480 | Steps:   47 | Reward:    79.33
Total T:   10856 | Ep:  481 | Steps:   26 | Reward:    21.87
Total T:   10872 | Ep:  482 | Steps:   16 | Reward:    12.69
Total T:   10886 | Ep:  483 | Steps:   14 | Reward:     9.86
Total T:   10897 | Ep:  484 | Steps:   11 | Reward:     7.48
Total T:   10911 | Ep:  485 | Steps:   14 | Reward:    12.74
Total T:   10942 | Ep:  486 | Steps:   31 | Reward:    23.31
Total T:   10957 | Ep:  487 | Steps:   15 | Reward:     9.55
Total T:   11004 | Ep:  488 | Steps:   47 | Reward:    51.09
Total T:   11037 | Ep:  489 | Steps:   33 | Reward:    24.32
Total T:   11055 | Ep:  490 | Steps:   18 | Reward:    13.56
Total T:   11076 | Ep:  491 | Steps:   21 | Reward:     9.10
Total T:   11134 | Ep:  492 | Steps:   58 | Reward:    77.85
Total T:   11160 | Ep:  493 | Steps:   26 | Reward:    26.52
Total T:   11172 | Ep:  494 | Steps:   12 | Reward:     9.40
Total T:   11196 | Ep:  495 | Steps:   24 | Reward:    16.05
Total T:   11219 | Ep:  496 | Steps:   23 | Reward:    13.46
Total T:   11242 | Ep:  497 | Steps:   23 | Reward:    12.20
Total T:   11260 | Ep:  498 | Steps:   18 | Reward:    17.64
Total T:   11277 | Ep:  499 | Steps:   17 | Reward:    16.59
Total T:   11295 | Ep:  500 | Steps:   18 | Reward:    14.87
Total T:   11308 | Ep:  501 | Steps:   13 | Reward:    10.02
Total T:   11332 | Ep:  502 | Steps:   24 | Reward:     9.82
Total T:   11368 | Ep:  503 | Steps:   36 | Reward:    14.51
Total T:   11384 | Ep:  504 | Steps:   16 | Reward:    14.89
Total T:   11405 | Ep:  505 | Steps:   21 | Reward:    12.07
Total T:   11453 | Ep:  506 | Steps:   48 | Reward:    58.22
Total T:   11468 | Ep:  507 | Steps:   15 | Reward:    11.09
Total T:   11506 | Ep:  508 | Steps:   38 | Reward:    62.02
Total T:   11516 | Ep:  509 | Steps:   10 | Reward:     6.99
Total T:   11550 | Ep:  510 | Steps:   34 | Reward:     7.95
Total T:   11566 | Ep:  511 | Steps:   16 | Reward:    10.52
Total T:   11594 | Ep:  512 | Steps:   28 | Reward:     9.60
Total T:   11615 | Ep:  513 | Steps:   21 | Reward:    15.82
Total T:   11636 | Ep:  514 | Steps:   21 | Reward:     8.03
Total T:   11656 | Ep:  515 | Steps:   20 | Reward:    20.14
Total T:   11674 | Ep:  516 | Steps:   18 | Reward:    13.74
Total T:   11688 | Ep:  517 | Steps:   14 | Reward:    13.23
Total T:   11701 | Ep:  518 | Steps:   13 | Reward:     9.46
Total T:   11730 | Ep:  519 | Steps:   29 | Reward:    23.68
Total T:   11772 | Ep:  520 | Steps:   42 | Reward:    60.88
Total T:   11785 | Ep:  521 | Steps:   13 | Reward:    10.24
Total T:   11798 | Ep:  522 | Steps:   13 | Reward:     9.04
Total T:   11817 | Ep:  523 | Steps:   19 | Reward:    14.65
Total T:   11826 | Ep:  524 | Steps:    9 | Reward:     7.37
Total T:   11845 | Ep:  525 | Steps:   19 | Reward:    17.86
Total T:   11868 | Ep:  526 | Steps:   23 | Reward:    12.77
Total T:   11887 | Ep:  527 | Steps:   19 | Reward:    12.37
Total T:   11913 | Ep:  528 | Steps:   26 | Reward:    18.62
Total T:   11933 | Ep:  529 | Steps:   20 | Reward:    14.70
Total T:   11947 | Ep:  530 | Steps:   14 | Reward:    13.41
Total T:   11960 | Ep:  531 | Steps:   13 | Reward:    11.73
Total T:   12012 | Ep:  532 | Steps:   52 | Reward:    58.93
Total T:   12044 | Ep:  533 | Steps:   32 | Reward:    20.27
Total T:   12056 | Ep:  534 | Steps:   12 | Reward:     8.18
Total T:   12081 | Ep:  535 | Steps:   25 | Reward:    17.61
Total T:   12125 | Ep:  536 | Steps:   44 | Reward:    26.35
Total T:   12151 | Ep:  537 | Steps:   26 | Reward:    27.86
Total T:   12172 | Ep:  538 | Steps:   21 | Reward:    16.22
Total T:   12183 | Ep:  539 | Steps:   11 | Reward:     9.35
Total T:   12207 | Ep:  540 | Steps:   24 | Reward:    21.54
Total T:   12259 | Ep:  541 | Steps:   52 | Reward:    64.57
Total T:   12294 | Ep:  542 | Steps:   35 | Reward:    37.31
Total T:   12315 | Ep:  543 | Steps:   21 | Reward:    19.42
Total T:   12329 | Ep:  544 | Steps:   14 | Reward:    12.95
Total T:   12384 | Ep:  545 | Steps:   55 | Reward:    47.02
Total T:   12398 | Ep:  546 | Steps:   14 | Reward:    11.78
Total T:   12422 | Ep:  547 | Steps:   24 | Reward:    14.70
Total T:   12446 | Ep:  548 | Steps:   24 | Reward:    14.37
Total T:   12462 | Ep:  549 | Steps:   16 | Reward:    10.42
Total T:   12473 | Ep:  550 | Steps:   11 | Reward:     9.15
Total T:   12488 | Ep:  551 | Steps:   15 | Reward:     9.14
Total T:   12498 | Ep:  552 | Steps:   10 | Reward:     6.84
Total T:   12515 | Ep:  553 | Steps:   17 | Reward:     9.56
Total T:   12526 | Ep:  554 | Steps:   11 | Reward:     9.60
Total T:   12535 | Ep:  555 | Steps:    9 | Reward:     5.15
Total T:   12560 | Ep:  556 | Steps:   25 | Reward:    27.29
Total T:   12576 | Ep:  557 | Steps:   16 | Reward:    10.45
Total T:   12594 | Ep:  558 | Steps:   18 | Reward:     8.00
Total T:   12605 | Ep:  559 | Steps:   11 | Reward:     9.31
Total T:   12616 | Ep:  560 | Steps:   11 | Reward:     7.74
Total T:   12632 | Ep:  561 | Steps:   16 | Reward:    10.00
Total T:   12669 | Ep:  562 | Steps:   37 | Reward:    28.86
Total T:   12689 | Ep:  563 | Steps:   20 | Reward:     9.57
Total T:   12705 | Ep:  564 | Steps:   16 | Reward:    15.24
Total T:   12733 | Ep:  565 | Steps:   28 | Reward:    11.87
Total T:   12746 | Ep:  566 | Steps:   13 | Reward:    11.69
Total T:   12759 | Ep:  567 | Steps:   13 | Reward:     5.20
Total T:   12772 | Ep:  568 | Steps:   13 | Reward:    10.54
Total T:   12798 | Ep:  569 | Steps:   26 | Reward:    23.01
Total T:   12823 | Ep:  570 | Steps:   25 | Reward:    16.52
Total T:   12832 | Ep:  571 | Steps:    9 | Reward:     6.66
Total T:   12861 | Ep:  572 | Steps:   29 | Reward:    32.04
Total T:   12889 | Ep:  573 | Steps:   28 | Reward:    34.52
Total T:   12904 | Ep:  574 | Steps:   15 | Reward:    12.45
Total T:   12915 | Ep:  575 | Steps:   11 | Reward:     8.76
Total T:   12926 | Ep:  576 | Steps:   11 | Reward:     8.22
Total T:   12941 | Ep:  577 | Steps:   15 | Reward:    12.26
Total T:   12953 | Ep:  578 | Steps:   12 | Reward:     8.82
Total T:   12971 | Ep:  579 | Steps:   18 | Reward:    15.16
Total T:   13001 | Ep:  580 | Steps:   30 | Reward:    38.19
Total T:   13021 | Ep:  581 | Steps:   20 | Reward:    13.29
Total T:   13044 | Ep:  582 | Steps:   23 | Reward:    19.23
Total T:   13058 | Ep:  583 | Steps:   14 | Reward:    12.46
Total T:   13076 | Ep:  584 | Steps:   18 | Reward:    18.32
Total T:   13090 | Ep:  585 | Steps:   14 | Reward:     9.61
Total T:   13104 | Ep:  586 | Steps:   14 | Reward:     9.71
Total T:   13115 | Ep:  587 | Steps:   11 | Reward:     8.75
Total T:   13141 | Ep:  588 | Steps:   26 | Reward:    16.94
Total T:   13158 | Ep:  589 | Steps:   17 | Reward:     7.40
Total T:   13182 | Ep:  590 | Steps:   24 | Reward:    20.80
Total T:   13193 | Ep:  591 | Steps:   11 | Reward:     8.07
Total T:   13207 | Ep:  592 | Steps:   14 | Reward:     8.14
Total T:   13223 | Ep:  593 | Steps:   16 | Reward:    11.84
Total T:   13248 | Ep:  594 | Steps:   25 | Reward:    24.05
Total T:   13264 | Ep:  595 | Steps:   16 | Reward:    10.83
Total T:   13275 | Ep:  596 | Steps:   11 | Reward:     9.15
Total T:   13300 | Ep:  597 | Steps:   25 | Reward:    17.71
Total T:   13339 | Ep:  598 | Steps:   39 | Reward:    36.78
Total T:   13366 | Ep:  599 | Steps:   27 | Reward:    28.94
Total T:   13383 | Ep:  600 | Steps:   17 | Reward:    10.41
Total T:   13409 | Ep:  601 | Steps:   26 | Reward:    24.56
Total T:   13431 | Ep:  602 | Steps:   22 | Reward:    13.75
Total T:   13442 | Ep:  603 | Steps:   11 | Reward:     7.12
Total T:   13461 | Ep:  604 | Steps:   19 | Reward:    19.17
Total T:   13476 | Ep:  605 | Steps:   15 | Reward:    11.48
Total T:   13502 | Ep:  606 | Steps:   26 | Reward:    19.34
Total T:   13534 | Ep:  607 | Steps:   32 | Reward:    25.40
Total T:   13580 | Ep:  608 | Steps:   46 | Reward:    50.84
Total T:   13598 | Ep:  609 | Steps:   18 | Reward:    14.04
Total T:   13616 | Ep:  610 | Steps:   18 | Reward:    10.55
Total T:   13642 | Ep:  611 | Steps:   26 | Reward:    15.25
Total T:   13668 | Ep:  612 | Steps:   26 | Reward:    26.21
Total T:   13681 | Ep:  613 | Steps:   13 | Reward:     8.82
Total T:   13704 | Ep:  614 | Steps:   23 | Reward:    23.98
Total T:   13719 | Ep:  615 | Steps:   15 | Reward:     9.04
Total T:   13735 | Ep:  616 | Steps:   16 | Reward:    12.51
Total T:   13749 | Ep:  617 | Steps:   14 | Reward:    10.90
Total T:   13771 | Ep:  618 | Steps:   22 | Reward:    21.33
Total T:   13796 | Ep:  619 | Steps:   25 | Reward:    17.60
Total T:   13812 | Ep:  620 | Steps:   16 | Reward:     9.24
Total T:   13903 | Ep:  621 | Steps:   91 | Reward:   167.11
Total T:   13930 | Ep:  622 | Steps:   27 | Reward:    16.81
Total T:   13952 | Ep:  623 | Steps:   22 | Reward:    15.74
Total T:   14011 | Ep:  624 | Steps:   59 | Reward:    73.59
Total T:   14044 | Ep:  625 | Steps:   33 | Reward:    18.45
Total T:   14059 | Ep:  626 | Steps:   15 | Reward:    11.11
Total T:   14075 | Ep:  627 | Steps:   16 | Reward:    10.66
Total T:   14093 | Ep:  628 | Steps:   18 | Reward:    11.71
Total T:   14103 | Ep:  629 | Steps:   10 | Reward:     7.61
Total T:   14134 | Ep:  630 | Steps:   31 | Reward:    16.04
Total T:   14143 | Ep:  631 | Steps:    9 | Reward:     6.69
Total T:   14155 | Ep:  632 | Steps:   12 | Reward:     8.39
Total T:   14166 | Ep:  633 | Steps:   11 | Reward:     7.48
Total T:   14181 | Ep:  634 | Steps:   15 | Reward:    14.63
Total T:   14209 | Ep:  635 | Steps:   28 | Reward:    24.14
Total T:   14244 | Ep:  636 | Steps:   35 | Reward:    12.98
Total T:   14283 | Ep:  637 | Steps:   39 | Reward:    13.27
Total T:   14294 | Ep:  638 | Steps:   11 | Reward:     9.17
Total T:   14308 | Ep:  639 | Steps:   14 | Reward:    11.76
Total T:   14320 | Ep:  640 | Steps:   12 | Reward:    11.08
Total T:   14377 | Ep:  641 | Steps:   57 | Reward:    43.17
Total T:   14394 | Ep:  642 | Steps:   17 | Reward:    11.92
Total T:   14423 | Ep:  643 | Steps:   29 | Reward:    16.20
Total T:   14437 | Ep:  644 | Steps:   14 | Reward:    12.76
Total T:   14461 | Ep:  645 | Steps:   24 | Reward:    13.16
Total T:   14476 | Ep:  646 | Steps:   15 | Reward:     7.71
Total T:   14491 | Ep:  647 | Steps:   15 | Reward:    11.28
Total T:   14516 | Ep:  648 | Steps:   25 | Reward:    26.51
Total T:   14611 | Ep:  649 | Steps:   95 | Reward:   204.51
Total T:   14639 | Ep:  650 | Steps:   28 | Reward:    22.86
Total T:   14653 | Ep:  651 | Steps:   14 | Reward:    10.33
Total T:   14674 | Ep:  652 | Steps:   21 | Reward:    20.51
Total T:   14690 | Ep:  653 | Steps:   16 | Reward:    13.58
Total T:   14702 | Ep:  654 | Steps:   12 | Reward:     7.69
Total T:   14715 | Ep:  655 | Steps:   13 | Reward:    10.76
Total T:   14731 | Ep:  656 | Steps:   16 | Reward:    16.07
Total T:   14758 | Ep:  657 | Steps:   27 | Reward:    26.51
Total T:   14787 | Ep:  658 | Steps:   29 | Reward:     9.27
Total T:   14799 | Ep:  659 | Steps:   12 | Reward:    10.48
Total T:   14816 | Ep:  660 | Steps:   17 | Reward:    13.29
Total T:   14827 | Ep:  661 | Steps:   11 | Reward:    10.25
Total T:   14844 | Ep:  662 | Steps:   17 | Reward:    13.40
Total T:   14872 | Ep:  663 | Steps:   28 | Reward:    25.10
Total T:   14903 | Ep:  664 | Steps:   31 | Reward:    21.93
Total T:   14919 | Ep:  665 | Steps:   16 | Reward:     9.31
Total T:   14942 | Ep:  666 | Steps:   23 | Reward:    15.57
Total T:   14974 | Ep:  667 | Steps:   32 | Reward:    34.23
Total T:   14997 | Ep:  668 | Steps:   23 | Reward:     9.08
Total T:   15017 | Ep:  669 | Steps:   20 | Reward:    19.58
Total T:   15108 | Ep:  670 | Steps:   91 | Reward:   139.87
Total T:   15125 | Ep:  671 | Steps:   17 | Reward:    14.93
Total T:   15136 | Ep:  672 | Steps:   11 | Reward:     8.93
Total T:   15167 | Ep:  673 | Steps:   31 | Reward:    37.42
Total T:   15191 | Ep:  674 | Steps:   24 | Reward:    15.18
Total T:   15213 | Ep:  675 | Steps:   22 | Reward:    11.51
Total T:   15251 | Ep:  676 | Steps:   38 | Reward:    37.39
Total T:   15265 | Ep:  677 | Steps:   14 | Reward:    11.33
Total T:   15284 | Ep:  678 | Steps:   19 | Reward:     9.60
Total T:   15320 | Ep:  679 | Steps:   36 | Reward:    54.23
Total T:   15337 | Ep:  680 | Steps:   17 | Reward:    15.28
Total T:   15351 | Ep:  681 | Steps:   14 | Reward:     8.61
Total T:   15361 | Ep:  682 | Steps:   10 | Reward:     8.55
Total T:   15389 | Ep:  683 | Steps:   28 | Reward:    10.59
Total T:   15426 | Ep:  684 | Steps:   37 | Reward:    22.05
Total T:   15457 | Ep:  685 | Steps:   31 | Reward:     6.03
Total T:   15495 | Ep:  686 | Steps:   38 | Reward:    34.87
Total T:   15515 | Ep:  687 | Steps:   20 | Reward:    18.90
Total T:   15532 | Ep:  688 | Steps:   17 | Reward:    18.14
Total T:   15546 | Ep:  689 | Steps:   14 | Reward:    12.14
Total T:   15571 | Ep:  690 | Steps:   25 | Reward:     9.00
Total T:   15586 | Ep:  691 | Steps:   15 | Reward:    10.17
Total T:   15612 | Ep:  692 | Steps:   26 | Reward:    10.39
Total T:   15626 | Ep:  693 | Steps:   14 | Reward:    13.36
Total T:   15642 | Ep:  694 | Steps:   16 | Reward:    16.00
Total T:   15663 | Ep:  695 | Steps:   21 | Reward:    24.19
Total T:   15695 | Ep:  696 | Steps:   32 | Reward:    22.85
Total T:   15706 | Ep:  697 | Steps:   11 | Reward:     9.07
Total T:   15732 | Ep:  698 | Steps:   26 | Reward:     7.80
Total T:   15749 | Ep:  699 | Steps:   17 | Reward:    13.72
Total T:   15761 | Ep:  700 | Steps:   12 | Reward:    10.29
Total T:   15781 | Ep:  701 | Steps:   20 | Reward:    16.66
Total T:   15797 | Ep:  702 | Steps:   16 | Reward:     6.80
Total T:   15813 | Ep:  703 | Steps:   16 | Reward:    14.22
Total T:   15826 | Ep:  704 | Steps:   13 | Reward:     9.33
Total T:   15844 | Ep:  705 | Steps:   18 | Reward:    10.44
Total T:   15999 | Ep:  706 | Steps:  155 | Reward:   137.84
Total T:   16012 | Ep:  707 | Steps:   13 | Reward:    11.87
Total T:   16024 | Ep:  708 | Steps:   12 | Reward:     8.73
Total T:   16042 | Ep:  709 | Steps:   18 | Reward:    12.28
Total T:   16077 | Ep:  710 | Steps:   35 | Reward:    15.09
Total T:   16088 | Ep:  711 | Steps:   11 | Reward:     8.46
Total T:   16103 | Ep:  712 | Steps:   15 | Reward:    10.45
Total T:   16121 | Ep:  713 | Steps:   18 | Reward:    14.36
Total T:   16140 | Ep:  714 | Steps:   19 | Reward:    12.61
Total T:   16165 | Ep:  715 | Steps:   25 | Reward:    25.70
Total T:   16178 | Ep:  716 | Steps:   13 | Reward:    10.15
Total T:   16198 | Ep:  717 | Steps:   20 | Reward:    11.05
Total T:   16212 | Ep:  718 | Steps:   14 | Reward:    12.19
Total T:   16235 | Ep:  719 | Steps:   23 | Reward:    27.38
Total T:   16266 | Ep:  720 | Steps:   31 | Reward:    47.35
Total T:   16306 | Ep:  721 | Steps:   40 | Reward:    34.09
Total T:   16322 | Ep:  722 | Steps:   16 | Reward:    15.71
Total T:   16356 | Ep:  723 | Steps:   34 | Reward:    39.20
Total T:   16378 | Ep:  724 | Steps:   22 | Reward:    15.87
Total T:   16405 | Ep:  725 | Steps:   27 | Reward:    22.69
Total T:   16424 | Ep:  726 | Steps:   19 | Reward:    14.92
Total T:   16460 | Ep:  727 | Steps:   36 | Reward:    10.10
Total T:   16490 | Ep:  728 | Steps:   30 | Reward:    29.67
Total T:   16504 | Ep:  729 | Steps:   14 | Reward:     8.40
Total T:   16527 | Ep:  730 | Steps:   23 | Reward:    17.38
Total T:   16546 | Ep:  731 | Steps:   19 | Reward:    14.19
Total T:   16571 | Ep:  732 | Steps:   25 | Reward:    13.57
Total T:   16589 | Ep:  733 | Steps:   18 | Reward:    16.91
Total T:   16611 | Ep:  734 | Steps:   22 | Reward:    21.07
Total T:   16622 | Ep:  735 | Steps:   11 | Reward:     8.91
Total T:   16632 | Ep:  736 | Steps:   10 | Reward:     8.88
Total T:   16646 | Ep:  737 | Steps:   14 | Reward:    12.33
Total T:   16660 | Ep:  738 | Steps:   14 | Reward:     7.87
Total T:   16672 | Ep:  739 | Steps:   12 | Reward:     9.46
Total T:   16684 | Ep:  740 | Steps:   12 | Reward:     8.39
Total T:   16708 | Ep:  741 | Steps:   24 | Reward:    14.75
Total T:   16729 | Ep:  742 | Steps:   21 | Reward:    15.10
Total T:   16747 | Ep:  743 | Steps:   18 | Reward:     8.64
Total T:   16757 | Ep:  744 | Steps:   10 | Reward:     6.81
Total T:   16788 | Ep:  745 | Steps:   31 | Reward:    26.99
Total T:   16809 | Ep:  746 | Steps:   21 | Reward:    13.74
Total T:   16820 | Ep:  747 | Steps:   11 | Reward:     9.90
Total T:   16837 | Ep:  748 | Steps:   17 | Reward:     8.75
Total T:   16860 | Ep:  749 | Steps:   23 | Reward:    16.64
Total T:   16876 | Ep:  750 | Steps:   16 | Reward:    13.68
Total T:   16896 | Ep:  751 | Steps:   20 | Reward:    20.21
Total T:   16917 | Ep:  752 | Steps:   21 | Reward:    14.56
Total T:   16935 | Ep:  753 | Steps:   18 | Reward:    13.24
Total T:   16958 | Ep:  754 | Steps:   23 | Reward:    23.23
Total T:   16968 | Ep:  755 | Steps:   10 | Reward:     8.11
Total T:   16987 | Ep:  756 | Steps:   19 | Reward:    13.11
Total T:   17008 | Ep:  757 | Steps:   21 | Reward:    18.94
Total T:   17026 | Ep:  758 | Steps:   18 | Reward:    11.40
Total T:   17055 | Ep:  759 | Steps:   29 | Reward:    23.22
Total T:   17072 | Ep:  760 | Steps:   17 | Reward:    14.78
Total T:   17126 | Ep:  761 | Steps:   54 | Reward:    85.42
Total T:   17150 | Ep:  762 | Steps:   24 | Reward:    23.85
Total T:   17168 | Ep:  763 | Steps:   18 | Reward:    16.05
Total T:   17191 | Ep:  764 | Steps:   23 | Reward:    18.61
Total T:   17231 | Ep:  765 | Steps:   40 | Reward:    45.20
Total T:   17251 | Ep:  766 | Steps:   20 | Reward:    11.40
Total T:   17266 | Ep:  767 | Steps:   15 | Reward:    10.90
Total T:   17278 | Ep:  768 | Steps:   12 | Reward:    10.79
Total T:   17313 | Ep:  769 | Steps:   35 | Reward:    22.34
Total T:   17332 | Ep:  770 | Steps:   19 | Reward:    17.93
Total T:   17344 | Ep:  771 | Steps:   12 | Reward:    10.89
Total T:   17354 | Ep:  772 | Steps:   10 | Reward:     3.75
Total T:   17371 | Ep:  773 | Steps:   17 | Reward:    11.09
Total T:   17390 | Ep:  774 | Steps:   19 | Reward:    15.17
Total T:   17399 | Ep:  775 | Steps:    9 | Reward:     6.69
Total T:   17435 | Ep:  776 | Steps:   36 | Reward:    27.99
Total T:   17449 | Ep:  777 | Steps:   14 | Reward:     6.88
Total T:   17471 | Ep:  778 | Steps:   22 | Reward:    13.96
Total T:   17497 | Ep:  779 | Steps:   26 | Reward:    23.12
Total T:   17516 | Ep:  780 | Steps:   19 | Reward:    18.05
Total T:   17540 | Ep:  781 | Steps:   24 | Reward:    10.15
Total T:   17557 | Ep:  782 | Steps:   17 | Reward:    10.95
Total T:   17569 | Ep:  783 | Steps:   12 | Reward:     9.74
Total T:   17582 | Ep:  784 | Steps:   13 | Reward:    10.60
Total T:   17597 | Ep:  785 | Steps:   15 | Reward:    10.58
Total T:   17630 | Ep:  786 | Steps:   33 | Reward:    44.94
Total T:   17648 | Ep:  787 | Steps:   18 | Reward:    14.09
Total T:   17673 | Ep:  788 | Steps:   25 | Reward:    11.41
Total T:   17683 | Ep:  789 | Steps:   10 | Reward:     7.10
Total T:   17699 | Ep:  790 | Steps:   16 | Reward:    10.28
Total T:   17727 | Ep:  791 | Steps:   28 | Reward:    23.87
Total T:   17746 | Ep:  792 | Steps:   19 | Reward:     9.57
Total T:   17765 | Ep:  793 | Steps:   19 | Reward:    10.80
Total T:   17777 | Ep:  794 | Steps:   12 | Reward:     9.66
Total T:   17798 | Ep:  795 | Steps:   21 | Reward:    11.22
Total T:   17817 | Ep:  796 | Steps:   19 | Reward:    17.77
Total T:   17834 | Ep:  797 | Steps:   17 | Reward:    13.27
Total T:   17854 | Ep:  798 | Steps:   20 | Reward:    20.93
Total T:   17868 | Ep:  799 | Steps:   14 | Reward:    12.00
Total T:   17894 | Ep:  800 | Steps:   26 | Reward:    21.86
Total T:   17912 | Ep:  801 | Steps:   18 | Reward:    12.52
Total T:   17928 | Ep:  802 | Steps:   16 | Reward:    15.35
Total T:   17951 | Ep:  803 | Steps:   23 | Reward:    18.20
Total T:   17990 | Ep:  804 | Steps:   39 | Reward:    26.95
Total T:   18029 | Ep:  805 | Steps:   39 | Reward:    40.41
Total T:   18054 | Ep:  806 | Steps:   25 | Reward:    21.54
Total T:   18083 | Ep:  807 | Steps:   29 | Reward:    34.49
Total T:   18129 | Ep:  808 | Steps:   46 | Reward:    30.16
Total T:   18147 | Ep:  809 | Steps:   18 | Reward:    12.52
Total T:   18162 | Ep:  810 | Steps:   15 | Reward:    14.46
Total T:   18183 | Ep:  811 | Steps:   21 | Reward:    17.11
Total T:   18198 | Ep:  812 | Steps:   15 | Reward:    12.87
Total T:   18212 | Ep:  813 | Steps:   14 | Reward:    12.33
Total T:   18257 | Ep:  814 | Steps:   45 | Reward:    57.42
Total T:   18274 | Ep:  815 | Steps:   17 | Reward:    10.11
Total T:   18307 | Ep:  816 | Steps:   33 | Reward:    27.71
Total T:   18327 | Ep:  817 | Steps:   20 | Reward:    10.85
Total T:   18389 | Ep:  818 | Steps:   62 | Reward:    94.34
Total T:   18403 | Ep:  819 | Steps:   14 | Reward:    13.25
Total T:   18418 | Ep:  820 | Steps:   15 | Reward:     7.97
Total T:   18431 | Ep:  821 | Steps:   13 | Reward:     8.45
Total T:   18444 | Ep:  822 | Steps:   13 | Reward:     9.94
Total T:   18458 | Ep:  823 | Steps:   14 | Reward:    12.15
Total T:   18470 | Ep:  824 | Steps:   12 | Reward:    10.29
Total T:   18499 | Ep:  825 | Steps:   29 | Reward:    29.29
Total T:   18511 | Ep:  826 | Steps:   12 | Reward:     8.76
Total T:   18536 | Ep:  827 | Steps:   25 | Reward:    10.35
Total T:   18553 | Ep:  828 | Steps:   17 | Reward:    11.81
Total T:   18569 | Ep:  829 | Steps:   16 | Reward:    15.98
Total T:   18594 | Ep:  830 | Steps:   25 | Reward:    27.26
Total T:   18617 | Ep:  831 | Steps:   23 | Reward:    23.37
Total T:   18644 | Ep:  832 | Steps:   27 | Reward:    23.42
Total T:   18654 | Ep:  833 | Steps:   10 | Reward:     6.96
Total T:   18719 | Ep:  834 | Steps:   65 | Reward:   106.58
Total T:   18731 | Ep:  835 | Steps:   12 | Reward:     9.19
Total T:   18750 | Ep:  836 | Steps:   19 | Reward:    11.85
Total T:   18783 | Ep:  837 | Steps:   33 | Reward:    15.38
Total T:   18799 | Ep:  838 | Steps:   16 | Reward:    16.23
Total T:   18823 | Ep:  839 | Steps:   24 | Reward:    19.38
Total T:   18831 | Ep:  840 | Steps:    8 | Reward:     4.84
Total T:   18884 | Ep:  841 | Steps:   53 | Reward:    66.62
Total T:   18904 | Ep:  842 | Steps:   20 | Reward:    15.89
Total T:   18942 | Ep:  843 | Steps:   38 | Reward:    23.72
Total T:   18958 | Ep:  844 | Steps:   16 | Reward:     9.16
Total T:   18978 | Ep:  845 | Steps:   20 | Reward:     9.69
Total T:   18993 | Ep:  846 | Steps:   15 | Reward:     8.33
Total T:   19024 | Ep:  847 | Steps:   31 | Reward:    24.86
Total T:   19039 | Ep:  848 | Steps:   15 | Reward:    14.10
Total T:   19058 | Ep:  849 | Steps:   19 | Reward:    19.22
Total T:   19121 | Ep:  850 | Steps:   63 | Reward:    88.73
Total T:   19140 | Ep:  851 | Steps:   19 | Reward:     7.92
Total T:   19159 | Ep:  852 | Steps:   19 | Reward:    15.88
Total T:   19182 | Ep:  853 | Steps:   23 | Reward:    13.51
Total T:   19198 | Ep:  854 | Steps:   16 | Reward:    12.52
Total T:   19213 | Ep:  855 | Steps:   15 | Reward:    11.50
Total T:   19226 | Ep:  856 | Steps:   13 | Reward:     9.01
Total T:   19240 | Ep:  857 | Steps:   14 | Reward:    10.78
Total T:   19257 | Ep:  858 | Steps:   17 | Reward:     9.77
Total T:   19285 | Ep:  859 | Steps:   28 | Reward:    20.28
Total T:   19309 | Ep:  860 | Steps:   24 | Reward:    16.20
Total T:   19325 | Ep:  861 | Steps:   16 | Reward:    11.92
Total T:   19347 | Ep:  862 | Steps:   22 | Reward:    20.64
Total T:   19357 | Ep:  863 | Steps:   10 | Reward:     7.25
Total T:   19379 | Ep:  864 | Steps:   22 | Reward:    13.76
Total T:   19390 | Ep:  865 | Steps:   11 | Reward:     7.30
Total T:   19417 | Ep:  866 | Steps:   27 | Reward:    30.88
Total T:   19440 | Ep:  867 | Steps:   23 | Reward:    23.88
Total T:   19463 | Ep:  868 | Steps:   23 | Reward:    24.42
Total T:   19475 | Ep:  869 | Steps:   12 | Reward:     8.76
Total T:   19496 | Ep:  870 | Steps:   21 | Reward:    19.42
Total T:   19515 | Ep:  871 | Steps:   19 | Reward:    10.65
Total T:   19530 | Ep:  872 | Steps:   15 | Reward:    11.46
Total T:   19555 | Ep:  873 | Steps:   25 | Reward:    25.99
Total T:   19581 | Ep:  874 | Steps:   26 | Reward:    21.70
Total T:   19604 | Ep:  875 | Steps:   23 | Reward:    26.11
Total T:   19642 | Ep:  876 | Steps:   38 | Reward:    29.48
Total T:   19659 | Ep:  877 | Steps:   17 | Reward:    10.45
Total T:   19671 | Ep:  878 | Steps:   12 | Reward:     8.16
Total T:   19695 | Ep:  879 | Steps:   24 | Reward:    11.77
Total T:   19729 | Ep:  880 | Steps:   34 | Reward:    16.03
Total T:   19738 | Ep:  881 | Steps:    9 | Reward:     6.75
Total T:   19750 | Ep:  882 | Steps:   12 | Reward:     9.52
Total T:   19786 | Ep:  883 | Steps:   36 | Reward:    33.91
Total T:   19802 | Ep:  884 | Steps:   16 | Reward:    11.21
Total T:   19813 | Ep:  885 | Steps:   11 | Reward:     6.40
Total T:   19828 | Ep:  886 | Steps:   15 | Reward:    10.73
Total T:   19842 | Ep:  887 | Steps:   14 | Reward:    12.84
Total T:   19869 | Ep:  888 | Steps:   27 | Reward:    11.97
Total T:   19887 | Ep:  889 | Steps:   18 | Reward:    20.00
Total T:   19906 | Ep:  890 | Steps:   19 | Reward:    12.82
Total T:   19920 | Ep:  891 | Steps:   14 | Reward:    11.45
Total T:   19945 | Ep:  892 | Steps:   25 | Reward:    21.00
Total T:   19971 | Ep:  893 | Steps:   26 | Reward:    25.24
Total T:   19993 | Ep:  894 | Steps:   22 | Reward:    15.98
---------------------------------------
Evaluation over 10 episodes: 18.554
---------------------------------------
Total T:   20034 | Ep:  895 | Steps:   41 | Reward:    54.82
Total T:   20056 | Ep:  896 | Steps:   22 | Reward:    11.65
Total T:   20094 | Ep:  897 | Steps:   38 | Reward:    50.01
Total T:   20108 | Ep:  898 | Steps:   14 | Reward:     8.19
Total T:   20140 | Ep:  899 | Steps:   32 | Reward:    10.27
Total T:   20165 | Ep:  900 | Steps:   25 | Reward:    28.69
Total T:   20232 | Ep:  901 | Steps:   67 | Reward:   110.21
Total T:   20247 | Ep:  902 | Steps:   15 | Reward:     9.63
Total T:   20271 | Ep:  903 | Steps:   24 | Reward:    10.49
Total T:   20299 | Ep:  904 | Steps:   28 | Reward:    29.52
Total T:   20316 | Ep:  905 | Steps:   17 | Reward:     6.04
Total T:   20333 | Ep:  906 | Steps:   17 | Reward:    12.31
Total T:   20346 | Ep:  907 | Steps:   13 | Reward:    11.64
Total T:   20363 | Ep:  908 | Steps:   17 | Reward:     7.81
Total T:   20380 | Ep:  909 | Steps:   17 | Reward:    11.29
Total T:   20395 | Ep:  910 | Steps:   15 | Reward:    10.71
Total T:   20422 | Ep:  911 | Steps:   27 | Reward:    25.33
Total T:   20437 | Ep:  912 | Steps:   15 | Reward:    10.45
Total T:   20453 | Ep:  913 | Steps:   16 | Reward:    15.42
Total T:   20487 | Ep:  914 | Steps:   34 | Reward:    13.05
Total T:   20526 | Ep:  915 | Steps:   39 | Reward:    46.45
Total T:   20578 | Ep:  916 | Steps:   52 | Reward:    84.50
Total T:   20649 | Ep:  917 | Steps:   71 | Reward:   139.13
Total T:   20661 | Ep:  918 | Steps:   12 | Reward:     9.48
Total T:   20689 | Ep:  919 | Steps:   28 | Reward:    27.69
Total T:   20708 | Ep:  920 | Steps:   19 | Reward:    18.87
Total T:   20723 | Ep:  921 | Steps:   15 | Reward:     9.56
Total T:   20736 | Ep:  922 | Steps:   13 | Reward:     3.77
Total T:   20763 | Ep:  923 | Steps:   27 | Reward:    25.36
Total T:   20778 | Ep:  924 | Steps:   15 | Reward:    12.43
Total T:   20788 | Ep:  925 | Steps:   10 | Reward:     7.11
Total T:   20810 | Ep:  926 | Steps:   22 | Reward:    15.29
Total T:   20828 | Ep:  927 | Steps:   18 | Reward:    10.35
Total T:   20852 | Ep:  928 | Steps:   24 | Reward:    12.76
Total T:   20872 | Ep:  929 | Steps:   20 | Reward:    22.87
Total T:   20892 | Ep:  930 | Steps:   20 | Reward:    16.43
Total T:   20910 | Ep:  931 | Steps:   18 | Reward:    15.08
Total T:   20947 | Ep:  932 | Steps:   37 | Reward:    36.98
Total T:   20967 | Ep:  933 | Steps:   20 | Reward:    20.70
Total T:   20991 | Ep:  934 | Steps:   24 | Reward:    10.46
Total T:   21008 | Ep:  935 | Steps:   17 | Reward:    13.67
Total T:   21032 | Ep:  936 | Steps:   24 | Reward:    12.66
Total T:   21052 | Ep:  937 | Steps:   20 | Reward:    18.56
Total T:   21073 | Ep:  938 | Steps:   21 | Reward:    17.45
Total T:   21088 | Ep:  939 | Steps:   15 | Reward:    10.16
Total T:   21150 | Ep:  940 | Steps:   62 | Reward:   105.69
Total T:   21177 | Ep:  941 | Steps:   27 | Reward:    11.86
Total T:   21191 | Ep:  942 | Steps:   14 | Reward:    13.93
Total T:   21205 | Ep:  943 | Steps:   14 | Reward:    11.04
Total T:   21218 | Ep:  944 | Steps:   13 | Reward:     8.10
Total T:   21241 | Ep:  945 | Steps:   23 | Reward:     8.32
Total T:   21253 | Ep:  946 | Steps:   12 | Reward:     8.77
Total T:   21272 | Ep:  947 | Steps:   19 | Reward:    12.81
Total T:   21294 | Ep:  948 | Steps:   22 | Reward:    10.55
Total T:   21314 | Ep:  949 | Steps:   20 | Reward:    19.53
Total T:   21333 | Ep:  950 | Steps:   19 | Reward:    13.68
Total T:   21380 | Ep:  951 | Steps:   47 | Reward:    51.76
Total T:   21399 | Ep:  952 | Steps:   19 | Reward:     9.93
Total T:   21418 | Ep:  953 | Steps:   19 | Reward:    16.58
Total T:   21433 | Ep:  954 | Steps:   15 | Reward:    14.68
Total T:   21453 | Ep:  955 | Steps:   20 | Reward:    20.28
Total T:   21469 | Ep:  956 | Steps:   16 | Reward:     5.83
Total T:   21484 | Ep:  957 | Steps:   15 | Reward:    12.16
Total T:   21492 | Ep:  958 | Steps:    8 | Reward:     5.34
Total T:   21523 | Ep:  959 | Steps:   31 | Reward:    14.06
Total T:   21544 | Ep:  960 | Steps:   21 | Reward:    10.19
Total T:   21562 | Ep:  961 | Steps:   18 | Reward:    17.46
Total T:   21590 | Ep:  962 | Steps:   28 | Reward:    26.93
Total T:   21601 | Ep:  963 | Steps:   11 | Reward:     7.58
Total T:   21619 | Ep:  964 | Steps:   18 | Reward:    11.62
Total T:   21664 | Ep:  965 | Steps:   45 | Reward:    60.22
Total T:   21677 | Ep:  966 | Steps:   13 | Reward:    10.92
Total T:   21694 | Ep:  967 | Steps:   17 | Reward:    10.04
Total T:   21711 | Ep:  968 | Steps:   17 | Reward:     6.91
Total T:   21740 | Ep:  969 | Steps:   29 | Reward:    37.82
Total T:   21760 | Ep:  970 | Steps:   20 | Reward:    20.01
Total T:   21787 | Ep:  971 | Steps:   27 | Reward:    16.71
Total T:   21831 | Ep:  972 | Steps:   44 | Reward:    73.62
Total T:   21846 | Ep:  973 | Steps:   15 | Reward:     7.89
Total T:   21885 | Ep:  974 | Steps:   39 | Reward:    29.52
Total T:   21905 | Ep:  975 | Steps:   20 | Reward:    11.54
Total T:   21933 | Ep:  976 | Steps:   28 | Reward:    18.28
Total T:   21958 | Ep:  977 | Steps:   25 | Reward:     4.65
Total T:   21976 | Ep:  978 | Steps:   18 | Reward:    15.86
Total T:   22004 | Ep:  979 | Steps:   28 | Reward:    12.08
Total T:   22020 | Ep:  980 | Steps:   16 | Reward:    13.46
Total T:   22039 | Ep:  981 | Steps:   19 | Reward:    22.35
Total T:   22061 | Ep:  982 | Steps:   22 | Reward:    20.09
Total T:   22070 | Ep:  983 | Steps:    9 | Reward:     5.72
Total T:   22089 | Ep:  984 | Steps:   19 | Reward:    14.53
Total T:   22130 | Ep:  985 | Steps:   41 | Reward:    56.40
Total T:   22206 | Ep:  986 | Steps:   76 | Reward:   105.85
Total T:   22224 | Ep:  987 | Steps:   18 | Reward:    15.31
Total T:   22264 | Ep:  988 | Steps:   40 | Reward:    29.52
Total T:   22279 | Ep:  989 | Steps:   15 | Reward:    12.28
Total T:   22293 | Ep:  990 | Steps:   14 | Reward:    12.44
Total T:   22320 | Ep:  991 | Steps:   27 | Reward:    19.10
Total T:   22381 | Ep:  992 | Steps:   61 | Reward:    82.51
Total T:   22397 | Ep:  993 | Steps:   16 | Reward:    15.72
Total T:   22412 | Ep:  994 | Steps:   15 | Reward:    13.45
Total T:   22428 | Ep:  995 | Steps:   16 | Reward:     7.23
Total T:   22441 | Ep:  996 | Steps:   13 | Reward:     9.47
Total T:   22457 | Ep:  997 | Steps:   16 | Reward:    15.90
Total T:   22510 | Ep:  998 | Steps:   53 | Reward:    44.61
Total T:   22525 | Ep:  999 | Steps:   15 | Reward:    11.36
Total T:   22547 | Ep: 1000 | Steps:   22 | Reward:    11.33
Total T:   22584 | Ep: 1001 | Steps:   37 | Reward:    11.19
Total T:   22613 | Ep: 1002 | Steps:   29 | Reward:    20.92
Total T:   22624 | Ep: 1003 | Steps:   11 | Reward:     7.86
Total T:   22636 | Ep: 1004 | Steps:   12 | Reward:     8.99
Total T:   22658 | Ep: 1005 | Steps:   22 | Reward:    17.88
Total T:   22672 | Ep: 1006 | Steps:   14 | Reward:    12.47
Total T:   22689 | Ep: 1007 | Steps:   17 | Reward:    11.21
Total T:   22703 | Ep: 1008 | Steps:   14 | Reward:    12.45
Total T:   22718 | Ep: 1009 | Steps:   15 | Reward:     7.64
Total T:   22787 | Ep: 1010 | Steps:   69 | Reward:    95.15
Total T:   22817 | Ep: 1011 | Steps:   30 | Reward:    40.14
Total T:   22834 | Ep: 1012 | Steps:   17 | Reward:    11.44
Total T:   22852 | Ep: 1013 | Steps:   18 | Reward:    19.75
Total T:   22889 | Ep: 1014 | Steps:   37 | Reward:    45.55
Total T:   22919 | Ep: 1015 | Steps:   30 | Reward:    27.42
Total T:   22930 | Ep: 1016 | Steps:   11 | Reward:     6.62
Total T:   22950 | Ep: 1017 | Steps:   20 | Reward:    16.40
Total T:   22969 | Ep: 1018 | Steps:   19 | Reward:    10.56
Total T:   22989 | Ep: 1019 | Steps:   20 | Reward:    12.69
Total T:   23003 | Ep: 1020 | Steps:   14 | Reward:     9.62
Total T:   23013 | Ep: 1021 | Steps:   10 | Reward:     7.87
Total T:   23027 | Ep: 1022 | Steps:   14 | Reward:    10.30
Total T:   23045 | Ep: 1023 | Steps:   18 | Reward:    12.28
Total T:   23068 | Ep: 1024 | Steps:   23 | Reward:    13.09
Total T:   23083 | Ep: 1025 | Steps:   15 | Reward:    12.55
Total T:   23111 | Ep: 1026 | Steps:   28 | Reward:    16.59
Total T:   23135 | Ep: 1027 | Steps:   24 | Reward:    17.66
Total T:   23156 | Ep: 1028 | Steps:   21 | Reward:    14.23
Total T:   23165 | Ep: 1029 | Steps:    9 | Reward:     5.56
Total T:   23176 | Ep: 1030 | Steps:   11 | Reward:     8.23
Total T:   23198 | Ep: 1031 | Steps:   22 | Reward:    10.37
Total T:   23231 | Ep: 1032 | Steps:   33 | Reward:    20.42
Total T:   23249 | Ep: 1033 | Steps:   18 | Reward:    15.76
Total T:   23264 | Ep: 1034 | Steps:   15 | Reward:    15.41
Total T:   23274 | Ep: 1035 | Steps:   10 | Reward:     6.50
Total T:   23283 | Ep: 1036 | Steps:    9 | Reward:     6.78
Total T:   23296 | Ep: 1037 | Steps:   13 | Reward:     4.39
Total T:   23314 | Ep: 1038 | Steps:   18 | Reward:    15.27
Total T:   23342 | Ep: 1039 | Steps:   28 | Reward:    13.88
Total T:   23363 | Ep: 1040 | Steps:   21 | Reward:    14.25
Total T:   23387 | Ep: 1041 | Steps:   24 | Reward:    20.90
Total T:   23398 | Ep: 1042 | Steps:   11 | Reward:     9.46
Total T:   23426 | Ep: 1043 | Steps:   28 | Reward:    32.52
Total T:   23445 | Ep: 1044 | Steps:   19 | Reward:    17.71
Total T:   23460 | Ep: 1045 | Steps:   15 | Reward:     7.28
Total T:   23474 | Ep: 1046 | Steps:   14 | Reward:    10.49
Total T:   23508 | Ep: 1047 | Steps:   34 | Reward:    37.24
Total T:   23519 | Ep: 1048 | Steps:   11 | Reward:     9.57
Total T:   23549 | Ep: 1049 | Steps:   30 | Reward:    18.90
Total T:   23567 | Ep: 1050 | Steps:   18 | Reward:    13.68
Total T:   23586 | Ep: 1051 | Steps:   19 | Reward:    17.27
Total T:   23621 | Ep: 1052 | Steps:   35 | Reward:    23.83
Total T:   23634 | Ep: 1053 | Steps:   13 | Reward:     7.10
Total T:   23672 | Ep: 1054 | Steps:   38 | Reward:    39.32
Total T:   23706 | Ep: 1055 | Steps:   34 | Reward:    16.87
Total T:   23720 | Ep: 1056 | Steps:   14 | Reward:    10.17
Total T:   23813 | Ep: 1057 | Steps:   93 | Reward:    72.80
Total T:   23828 | Ep: 1058 | Steps:   15 | Reward:    10.35
Total T:   23864 | Ep: 1059 | Steps:   36 | Reward:    31.31
Total T:   23884 | Ep: 1060 | Steps:   20 | Reward:    23.20
Total T:   23902 | Ep: 1061 | Steps:   18 | Reward:    13.90
Total T:   23922 | Ep: 1062 | Steps:   20 | Reward:    17.91
Total T:   23952 | Ep: 1063 | Steps:   30 | Reward:    32.45
Total T:   23966 | Ep: 1064 | Steps:   14 | Reward:     9.06
Total T:   23994 | Ep: 1065 | Steps:   28 | Reward:    19.11
Total T:   24007 | Ep: 1066 | Steps:   13 | Reward:    10.41
Total T:   24038 | Ep: 1067 | Steps:   31 | Reward:    34.80
Total T:   24054 | Ep: 1068 | Steps:   16 | Reward:    13.90
Total T:   24068 | Ep: 1069 | Steps:   14 | Reward:    12.95
Total T:   24086 | Ep: 1070 | Steps:   18 | Reward:    15.89
Total T:   24155 | Ep: 1071 | Steps:   69 | Reward:   134.87
Total T:   24183 | Ep: 1072 | Steps:   28 | Reward:    12.97
Total T:   24197 | Ep: 1073 | Steps:   14 | Reward:    14.40
Total T:   24214 | Ep: 1074 | Steps:   17 | Reward:    14.76
Total T:   24260 | Ep: 1075 | Steps:   46 | Reward:    34.44
Total T:   24299 | Ep: 1076 | Steps:   39 | Reward:    21.48
Total T:   24312 | Ep: 1077 | Steps:   13 | Reward:    10.22
Total T:   24359 | Ep: 1078 | Steps:   47 | Reward:    22.18
Total T:   24385 | Ep: 1079 | Steps:   26 | Reward:    29.28
Total T:   24401 | Ep: 1080 | Steps:   16 | Reward:    11.73
Total T:   24429 | Ep: 1081 | Steps:   28 | Reward:    31.41
Total T:   24443 | Ep: 1082 | Steps:   14 | Reward:    11.30
Total T:   24459 | Ep: 1083 | Steps:   16 | Reward:     7.34
Total T:   24474 | Ep: 1084 | Steps:   15 | Reward:    15.77
Total T:   24495 | Ep: 1085 | Steps:   21 | Reward:    13.17
Total T:   24518 | Ep: 1086 | Steps:   23 | Reward:    20.46
Total T:   24547 | Ep: 1087 | Steps:   29 | Reward:    22.81
Total T:   24564 | Ep: 1088 | Steps:   17 | Reward:     6.75
Total T:   24576 | Ep: 1089 | Steps:   12 | Reward:     9.38
Total T:   24601 | Ep: 1090 | Steps:   25 | Reward:    22.70
Total T:   24624 | Ep: 1091 | Steps:   23 | Reward:    13.51
Total T:   24654 | Ep: 1092 | Steps:   30 | Reward:    21.00
Total T:   24683 | Ep: 1093 | Steps:   29 | Reward:    16.15
Total T:   24732 | Ep: 1094 | Steps:   49 | Reward:    29.31
Total T:   24776 | Ep: 1095 | Steps:   44 | Reward:    45.28
Total T:   24788 | Ep: 1096 | Steps:   12 | Reward:     8.90
Total T:   24813 | Ep: 1097 | Steps:   25 | Reward:    13.08
Total T:   24852 | Ep: 1098 | Steps:   39 | Reward:    21.18
Total T:   24879 | Ep: 1099 | Steps:   27 | Reward:    15.66
Total T:   24891 | Ep: 1100 | Steps:   12 | Reward:     9.69
Total T:   24930 | Ep: 1101 | Steps:   39 | Reward:    31.82
Total T:   24962 | Ep: 1102 | Steps:   32 | Reward:    26.01
Total T:   24976 | Ep: 1103 | Steps:   14 | Reward:    11.34
Total T:   24987 | Ep: 1104 | Steps:   11 | Reward:     7.91
Total T:   25011 | Ep: 1105 | Steps:   24 | Reward:    18.71
Total T:   25030 | Ep: 1106 | Steps:   19 | Reward:     8.94
Total T:   25043 | Ep: 1107 | Steps:   13 | Reward:     7.27
Total T:   25056 | Ep: 1108 | Steps:   13 | Reward:     6.70
Total T:   25065 | Ep: 1109 | Steps:    9 | Reward:     4.85
Total T:   25073 | Ep: 1110 | Steps:    8 | Reward:     4.40
Total T:   25081 | Ep: 1111 | Steps:    8 | Reward:     4.74
Total T:   25089 | Ep: 1112 | Steps:    8 | Reward:     4.10
Total T:   25096 | Ep: 1113 | Steps:    7 | Reward:     4.04
Total T:   25103 | Ep: 1114 | Steps:    7 | Reward:     3.94
Total T:   25110 | Ep: 1115 | Steps:    7 | Reward:     4.15
Total T:   25117 | Ep: 1116 | Steps:    7 | Reward:     4.15
Total T:   25125 | Ep: 1117 | Steps:    8 | Reward:     3.86
Total T:   25133 | Ep: 1118 | Steps:    8 | Reward:     4.21
Total T:   25140 | Ep: 1119 | Steps:    7 | Reward:     4.03
Total T:   25148 | Ep: 1120 | Steps:    8 | Reward:     3.85
Total T:   25166 | Ep: 1121 | Steps:   18 | Reward:    -1.32
Total T:   25185 | Ep: 1122 | Steps:   19 | Reward:    -1.35
Total T:   25203 | Ep: 1123 | Steps:   18 | Reward:    -1.21
Total T:   25221 | Ep: 1124 | Steps:   18 | Reward:    -1.28
Total T:   25239 | Ep: 1125 | Steps:   18 | Reward:    -1.13
Total T:   25257 | Ep: 1126 | Steps:   18 | Reward:    -0.62
Total T:   25275 | Ep: 1127 | Steps:   18 | Reward:    -1.21
Total T:   25293 | Ep: 1128 | Steps:   18 | Reward:    -1.12
Total T:   25311 | Ep: 1129 | Steps:   18 | Reward:    -1.64
Total T:   25329 | Ep: 1130 | Steps:   18 | Reward:    -1.53
Total T:   25347 | Ep: 1131 | Steps:   18 | Reward:    -1.15
Total T:   25365 | Ep: 1132 | Steps:   18 | Reward:    -1.36
Total T:   25383 | Ep: 1133 | Steps:   18 | Reward:    -1.35
Total T:   25401 | Ep: 1134 | Steps:   18 | Reward:    -1.20
Total T:   25418 | Ep: 1135 | Steps:   17 | Reward:    -1.07
Total T:   25436 | Ep: 1136 | Steps:   18 | Reward:    -0.66
Total T:   25454 | Ep: 1137 | Steps:   18 | Reward:    -1.13
Total T:   25472 | Ep: 1138 | Steps:   18 | Reward:    -1.22
Total T:   25490 | Ep: 1139 | Steps:   18 | Reward:    -0.80
Total T:   25508 | Ep: 1140 | Steps:   18 | Reward:    -1.32
Total T:   25526 | Ep: 1141 | Steps:   18 | Reward:    -1.29
Total T:   25544 | Ep: 1142 | Steps:   18 | Reward:    -1.00
Total T:   25562 | Ep: 1143 | Steps:   18 | Reward:    -1.67
Total T:   25580 | Ep: 1144 | Steps:   18 | Reward:    -1.28
Total T:   25599 | Ep: 1145 | Steps:   19 | Reward:    -1.09
Total T:   25617 | Ep: 1146 | Steps:   18 | Reward:    -1.17
Total T:   25635 | Ep: 1147 | Steps:   18 | Reward:    -1.42
Total T:   25653 | Ep: 1148 | Steps:   18 | Reward:    -1.01
Total T:   25671 | Ep: 1149 | Steps:   18 | Reward:    -0.90
Total T:   25689 | Ep: 1150 | Steps:   18 | Reward:    -1.03
Total T:   25707 | Ep: 1151 | Steps:   18 | Reward:    -1.12
Total T:   25725 | Ep: 1152 | Steps:   18 | Reward:    -1.10
Total T:   25743 | Ep: 1153 | Steps:   18 | Reward:    -0.99
Total T:   25761 | Ep: 1154 | Steps:   18 | Reward:    -0.85
Total T:   25779 | Ep: 1155 | Steps:   18 | Reward:    -0.66
Total T:   25797 | Ep: 1156 | Steps:   18 | Reward:    -0.76
Total T:   25815 | Ep: 1157 | Steps:   18 | Reward:    -1.10
Total T:   25833 | Ep: 1158 | Steps:   18 | Reward:    -1.27
Total T:   25851 | Ep: 1159 | Steps:   18 | Reward:    -1.31
Total T:   25869 | Ep: 1160 | Steps:   18 | Reward:    -0.57
Total T:   25887 | Ep: 1161 | Steps:   18 | Reward:    -1.14
Total T:   25905 | Ep: 1162 | Steps:   18 | Reward:    -1.19
Total T:   25923 | Ep: 1163 | Steps:   18 | Reward:    -1.12
Total T:   25941 | Ep: 1164 | Steps:   18 | Reward:    -1.51
Total T:   25959 | Ep: 1165 | Steps:   18 | Reward:    -1.02
Total T:   25977 | Ep: 1166 | Steps:   18 | Reward:    -0.92
Total T:   25996 | Ep: 1167 | Steps:   19 | Reward:    -1.63
Total T:   26014 | Ep: 1168 | Steps:   18 | Reward:    -1.44
Total T:   26053 | Ep: 1169 | Steps:   39 | Reward:    52.55
Total T:   26076 | Ep: 1170 | Steps:   23 | Reward:    40.54
Total T:   26098 | Ep: 1171 | Steps:   22 | Reward:    38.74
Total T:   26120 | Ep: 1172 | Steps:   22 | Reward:    38.85
Total T:   26142 | Ep: 1173 | Steps:   22 | Reward:    38.80
Total T:   26164 | Ep: 1174 | Steps:   22 | Reward:    38.80
Total T:   26186 | Ep: 1175 | Steps:   22 | Reward:    38.54
Total T:   26208 | Ep: 1176 | Steps:   22 | Reward:    39.09
Total T:   26231 | Ep: 1177 | Steps:   23 | Reward:    40.23
Total T:   26254 | Ep: 1178 | Steps:   23 | Reward:    40.26
Total T:   26276 | Ep: 1179 | Steps:   22 | Reward:    38.41
Total T:   26298 | Ep: 1180 | Steps:   22 | Reward:    38.74
Total T:   26320 | Ep: 1181 | Steps:   22 | Reward:    38.78
Total T:   26342 | Ep: 1182 | Steps:   22 | Reward:    38.38
Total T:   26365 | Ep: 1183 | Steps:   23 | Reward:    40.01
Total T:   26387 | Ep: 1184 | Steps:   22 | Reward:    39.06
Total T:   26409 | Ep: 1185 | Steps:   22 | Reward:    38.70
Total T:   26431 | Ep: 1186 | Steps:   22 | Reward:    38.79
Total T:   26454 | Ep: 1187 | Steps:   23 | Reward:    40.31
Total T:   26476 | Ep: 1188 | Steps:   22 | Reward:    38.76
Total T:   26498 | Ep: 1189 | Steps:   22 | Reward:    38.53
Total T:   26520 | Ep: 1190 | Steps:   22 | Reward:    38.61
Total T:   26542 | Ep: 1191 | Steps:   22 | Reward:    38.64
Total T:   26564 | Ep: 1192 | Steps:   22 | Reward:    38.42
Total T:   26587 | Ep: 1193 | Steps:   23 | Reward:    40.72
Total T:   26609 | Ep: 1194 | Steps:   22 | Reward:    38.84
Total T:   26631 | Ep: 1195 | Steps:   22 | Reward:    38.97
Total T:   26653 | Ep: 1196 | Steps:   22 | Reward:    38.82
Total T:   26675 | Ep: 1197 | Steps:   22 | Reward:    38.51
Total T:   26698 | Ep: 1198 | Steps:   23 | Reward:    40.42
Total T:   26720 | Ep: 1199 | Steps:   22 | Reward:    38.51
Total T:   26742 | Ep: 1200 | Steps:   22 | Reward:    38.50
Total T:   26764 | Ep: 1201 | Steps:   22 | Reward:    38.30
Total T:   26786 | Ep: 1202 | Steps:   22 | Reward:    38.73
Total T:   26809 | Ep: 1203 | Steps:   23 | Reward:    40.59
Total T:   26854 | Ep: 1204 | Steps:   45 | Reward:    81.89
Total T:   26909 | Ep: 1205 | Steps:   55 | Reward:   100.29
Total T:   26991 | Ep: 1206 | Steps:   82 | Reward:   171.89
Total T:   27077 | Ep: 1207 | Steps:   86 | Reward:   171.00
Total T:   27162 | Ep: 1208 | Steps:   85 | Reward:   177.65
Total T:   27224 | Ep: 1209 | Steps:   62 | Reward:   113.32
Total T:   27292 | Ep: 1210 | Steps:   68 | Reward:   127.62
Total T:   27378 | Ep: 1211 | Steps:   86 | Reward:   179.65
Total T:   27463 | Ep: 1212 | Steps:   85 | Reward:   174.95
Total T:   27541 | Ep: 1213 | Steps:   78 | Reward:   159.72
Total T:   27626 | Ep: 1214 | Steps:   85 | Reward:   176.48
Total T:   27712 | Ep: 1215 | Steps:   86 | Reward:   174.56
Total T:   27798 | Ep: 1216 | Steps:   86 | Reward:   175.40
Total T:   27885 | Ep: 1217 | Steps:   87 | Reward:   174.39
Total T:   27972 | Ep: 1218 | Steps:   87 | Reward:   175.28
Total T:   28058 | Ep: 1219 | Steps:   86 | Reward:   175.27
Total T:   28143 | Ep: 1220 | Steps:   85 | Reward:   174.27
Total T:   28227 | Ep: 1221 | Steps:   84 | Reward:   167.62
Total T:   28314 | Ep: 1222 | Steps:   87 | Reward:   176.41
Total T:   28400 | Ep: 1223 | Steps:   86 | Reward:   175.07
Total T:   28488 | Ep: 1224 | Steps:   88 | Reward:   174.92
Total T:   28575 | Ep: 1225 | Steps:   87 | Reward:   177.02
Total T:   28663 | Ep: 1226 | Steps:   88 | Reward:   175.10
Total T:   28749 | Ep: 1227 | Steps:   86 | Reward:   173.27
Total T:   28836 | Ep: 1228 | Steps:   87 | Reward:   171.80
Total T:   28922 | Ep: 1229 | Steps:   86 | Reward:   174.81
Total T:   29008 | Ep: 1230 | Steps:   86 | Reward:   176.51
Total T:   29095 | Ep: 1231 | Steps:   87 | Reward:   177.99
Total T:   29182 | Ep: 1232 | Steps:   87 | Reward:   172.50
Total T:   29268 | Ep: 1233 | Steps:   86 | Reward:   173.18
Total T:   29354 | Ep: 1234 | Steps:   86 | Reward:   172.16
Total T:   29440 | Ep: 1235 | Steps:   86 | Reward:   174.39
Total T:   29527 | Ep: 1236 | Steps:   87 | Reward:   173.13
Total T:   29614 | Ep: 1237 | Steps:   87 | Reward:   175.26
Total T:   29701 | Ep: 1238 | Steps:   87 | Reward:   176.86
Total T:   29788 | Ep: 1239 | Steps:   87 | Reward:   175.52
Total T:   29875 | Ep: 1240 | Steps:   87 | Reward:   174.63
Total T:   29962 | Ep: 1241 | Steps:   87 | Reward:   175.06
---------------------------------------
Evaluation over 10 episodes: 173.603
---------------------------------------
Total T:   30049 | Ep: 1242 | Steps:   87 | Reward:   172.27
Total T:   30135 | Ep: 1243 | Steps:   86 | Reward:   175.37
Total T:   30222 | Ep: 1244 | Steps:   87 | Reward:   174.09
Total T:   30309 | Ep: 1245 | Steps:   87 | Reward:   173.90
Total T:   30395 | Ep: 1246 | Steps:   86 | Reward:   174.88
Total T:   30481 | Ep: 1247 | Steps:   86 | Reward:   171.11
Total T:   30567 | Ep: 1248 | Steps:   86 | Reward:   172.71
Total T:   30654 | Ep: 1249 | Steps:   87 | Reward:   171.90
Total T:   30742 | Ep: 1250 | Steps:   88 | Reward:   173.54
Total T:   30828 | Ep: 1251 | Steps:   86 | Reward:   175.49
Total T:   30914 | Ep: 1252 | Steps:   86 | Reward:   172.62
Total T:   30999 | Ep: 1253 | Steps:   85 | Reward:   173.59
Total T:   31085 | Ep: 1254 | Steps:   86 | Reward:   172.49
Total T:   31171 | Ep: 1255 | Steps:   86 | Reward:   171.09
Total T:   31257 | Ep: 1256 | Steps:   86 | Reward:   170.91
Total T:   31342 | Ep: 1257 | Steps:   85 | Reward:   172.67
Total T:   31428 | Ep: 1258 | Steps:   86 | Reward:   170.02
Total T:   31513 | Ep: 1259 | Steps:   85 | Reward:   170.95
Total T:   31598 | Ep: 1260 | Steps:   85 | Reward:   171.91
Total T:   31684 | Ep: 1261 | Steps:   86 | Reward:   170.63
Total T:   31769 | Ep: 1262 | Steps:   85 | Reward:   167.70
Total T:   31855 | Ep: 1263 | Steps:   86 | Reward:   170.51
Total T:   31934 | Ep: 1264 | Steps:   79 | Reward:   154.16
Total T:   32019 | Ep: 1265 | Steps:   85 | Reward:   166.81
Total T:   32105 | Ep: 1266 | Steps:   86 | Reward:   168.75
Total T:   32189 | Ep: 1267 | Steps:   84 | Reward:   164.75
Total T:   32269 | Ep: 1268 | Steps:   80 | Reward:   154.78
Total T:   32353 | Ep: 1269 | Steps:   84 | Reward:   165.65
Total T:   32435 | Ep: 1270 | Steps:   82 | Reward:   160.54
Total T:   32518 | Ep: 1271 | Steps:   83 | Reward:   162.64
Total T:   32595 | Ep: 1272 | Steps:   77 | Reward:   148.05
Total T:   32675 | Ep: 1273 | Steps:   80 | Reward:   155.49
Total T:   32760 | Ep: 1274 | Steps:   85 | Reward:   167.07
Total T:   32846 | Ep: 1275 | Steps:   86 | Reward:   172.27
Total T:   32933 | Ep: 1276 | Steps:   87 | Reward:   171.60
Total T:   33012 | Ep: 1277 | Steps:   79 | Reward:   153.45
Total T:   33092 | Ep: 1278 | Steps:   80 | Reward:   155.37
Total T:   33174 | Ep: 1279 | Steps:   82 | Reward:   159.42
Total T:   33259 | Ep: 1280 | Steps:   85 | Reward:   166.02
Total T:   33341 | Ep: 1281 | Steps:   82 | Reward:   160.05
Total T:   33418 | Ep: 1282 | Steps:   77 | Reward:   148.00
Total T:   33503 | Ep: 1283 | Steps:   85 | Reward:   168.11
Total T:   33586 | Ep: 1284 | Steps:   83 | Reward:   162.31
Total T:   33668 | Ep: 1285 | Steps:   82 | Reward:   160.88
Total T:   33750 | Ep: 1286 | Steps:   82 | Reward:   159.67
Total T:   33830 | Ep: 1287 | Steps:   80 | Reward:   156.28
Total T:   33914 | Ep: 1288 | Steps:   84 | Reward:   165.07
Total T:   33995 | Ep: 1289 | Steps:   81 | Reward:   157.97
Total T:   34078 | Ep: 1290 | Steps:   83 | Reward:   162.24
Total T:   34160 | Ep: 1291 | Steps:   82 | Reward:   160.37
Total T:   34241 | Ep: 1292 | Steps:   81 | Reward:   158.32
Total T:   34327 | Ep: 1293 | Steps:   86 | Reward:   168.86
Total T:   34412 | Ep: 1294 | Steps:   85 | Reward:   167.97
Total T:   34498 | Ep: 1295 | Steps:   86 | Reward:   169.35
Total T:   34582 | Ep: 1296 | Steps:   84 | Reward:   165.09
Total T:   34664 | Ep: 1297 | Steps:   82 | Reward:   159.93
Total T:   34751 | Ep: 1298 | Steps:   87 | Reward:   172.49
Total T:   34837 | Ep: 1299 | Steps:   86 | Reward:   169.61
Total T:   34923 | Ep: 1300 | Steps:   86 | Reward:   170.34
Total T:   35010 | Ep: 1301 | Steps:   87 | Reward:   174.39
Total T:   35096 | Ep: 1302 | Steps:   86 | Reward:   169.63
Total T:   35183 | Ep: 1303 | Steps:   87 | Reward:   171.57
Total T:   35270 | Ep: 1304 | Steps:   87 | Reward:   171.86
Total T:   35356 | Ep: 1305 | Steps:   86 | Reward:   169.18
Total T:   35442 | Ep: 1306 | Steps:   86 | Reward:   171.04
Total T:   35528 | Ep: 1307 | Steps:   86 | Reward:   171.44
Total T:   35614 | Ep: 1308 | Steps:   86 | Reward:   169.76
Total T:   35702 | Ep: 1309 | Steps:   88 | Reward:   177.26
Total T:   35789 | Ep: 1310 | Steps:   87 | Reward:   176.92
Total T:   35876 | Ep: 1311 | Steps:   87 | Reward:   175.21
Total T:   35963 | Ep: 1312 | Steps:   87 | Reward:   172.87
Total T:   36050 | Ep: 1313 | Steps:   87 | Reward:   172.41
Total T:   36137 | Ep: 1314 | Steps:   87 | Reward:   174.94
Total T:   36225 | Ep: 1315 | Steps:   88 | Reward:   178.88
Total T:   36313 | Ep: 1316 | Steps:   88 | Reward:   176.61
Total T:   36401 | Ep: 1317 | Steps:   88 | Reward:   176.54
Total T:   36488 | Ep: 1318 | Steps:   87 | Reward:   176.25
Total T:   36575 | Ep: 1319 | Steps:   87 | Reward:   176.63
Total T:   36663 | Ep: 1320 | Steps:   88 | Reward:   176.58
Total T:   36749 | Ep: 1321 | Steps:   86 | Reward:   175.83
Total T:   36836 | Ep: 1322 | Steps:   87 | Reward:   175.01
Total T:   36924 | Ep: 1323 | Steps:   88 | Reward:   176.64
Total T:   37011 | Ep: 1324 | Steps:   87 | Reward:   176.12
Total T:   37097 | Ep: 1325 | Steps:   86 | Reward:   175.57
Total T:   37184 | Ep: 1326 | Steps:   87 | Reward:   179.54
Total T:   37271 | Ep: 1327 | Steps:   87 | Reward:   175.26
Total T:   37358 | Ep: 1328 | Steps:   87 | Reward:   176.32
Total T:   37445 | Ep: 1329 | Steps:   87 | Reward:   179.69
Total T:   37532 | Ep: 1330 | Steps:   87 | Reward:   177.13
Total T:   37619 | Ep: 1331 | Steps:   87 | Reward:   173.22
Total T:   37706 | Ep: 1332 | Steps:   87 | Reward:   175.62
Total T:   37793 | Ep: 1333 | Steps:   87 | Reward:   174.55
Total T:   37880 | Ep: 1334 | Steps:   87 | Reward:   178.49
Total T:   37967 | Ep: 1335 | Steps:   87 | Reward:   177.61
Total T:   38053 | Ep: 1336 | Steps:   86 | Reward:   177.53
Total T:   38140 | Ep: 1337 | Steps:   87 | Reward:   176.86
Total T:   38226 | Ep: 1338 | Steps:   86 | Reward:   179.33
Total T:   38313 | Ep: 1339 | Steps:   87 | Reward:   180.33
Total T:   38400 | Ep: 1340 | Steps:   87 | Reward:   176.50
Total T:   38487 | Ep: 1341 | Steps:   87 | Reward:   176.95
Total T:   38573 | Ep: 1342 | Steps:   86 | Reward:   178.48
Total T:   38659 | Ep: 1343 | Steps:   86 | Reward:   176.78
Total T:   38746 | Ep: 1344 | Steps:   87 | Reward:   176.73
Total T:   38832 | Ep: 1345 | Steps:   86 | Reward:   174.90
Total T:   38919 | Ep: 1346 | Steps:   87 | Reward:   177.61
Total T:   39006 | Ep: 1347 | Steps:   87 | Reward:   175.03
Total T:   39092 | Ep: 1348 | Steps:   86 | Reward:   175.22
Total T:   39178 | Ep: 1349 | Steps:   86 | Reward:   178.40
Total T:   39265 | Ep: 1350 | Steps:   87 | Reward:   176.60
Total T:   39351 | Ep: 1351 | Steps:   86 | Reward:   173.42
Total T:   39437 | Ep: 1352 | Steps:   86 | Reward:   177.35
Total T:   39523 | Ep: 1353 | Steps:   86 | Reward:   174.79
Total T:   39610 | Ep: 1354 | Steps:   87 | Reward:   180.14
Total T:   39697 | Ep: 1355 | Steps:   87 | Reward:   178.73
Total T:   39783 | Ep: 1356 | Steps:   86 | Reward:   176.77
Total T:   39869 | Ep: 1357 | Steps:   86 | Reward:   181.17
Total T:   39954 | Ep: 1358 | Steps:   85 | Reward:   177.21
---------------------------------------
Evaluation over 10 episodes: 174.053
---------------------------------------
Total T:   40040 | Ep: 1359 | Steps:   86 | Reward:   179.89
Total T:   40127 | Ep: 1360 | Steps:   87 | Reward:   177.72
Total T:   40214 | Ep: 1361 | Steps:   87 | Reward:   176.50
Total T:   40300 | Ep: 1362 | Steps:   86 | Reward:   173.52
Total T:   40386 | Ep: 1363 | Steps:   86 | Reward:   173.23
Total T:   40471 | Ep: 1364 | Steps:   85 | Reward:   176.06
Total T:   40558 | Ep: 1365 | Steps:   87 | Reward:   177.30
Total T:   40644 | Ep: 1366 | Steps:   86 | Reward:   178.30
Total T:   40731 | Ep: 1367 | Steps:   87 | Reward:   182.31
Total T:   40817 | Ep: 1368 | Steps:   86 | Reward:   177.55
Total T:   40904 | Ep: 1369 | Steps:   87 | Reward:   174.93
Total T:   40991 | Ep: 1370 | Steps:   87 | Reward:   176.42
Total T:   41078 | Ep: 1371 | Steps:   87 | Reward:   177.21
Total T:   41164 | Ep: 1372 | Steps:   86 | Reward:   174.58
Total T:   41250 | Ep: 1373 | Steps:   86 | Reward:   176.52
Total T:   41336 | Ep: 1374 | Steps:   86 | Reward:   171.91
Total T:   41422 | Ep: 1375 | Steps:   86 | Reward:   172.98
Total T:   41508 | Ep: 1376 | Steps:   86 | Reward:   175.33
Total T:   41594 | Ep: 1377 | Steps:   86 | Reward:   176.82
Total T:   41680 | Ep: 1378 | Steps:   86 | Reward:   176.20
Total T:   41766 | Ep: 1379 | Steps:   86 | Reward:   175.16
Total T:   41851 | Ep: 1380 | Steps:   85 | Reward:   173.87
Total T:   41937 | Ep: 1381 | Steps:   86 | Reward:   174.15
Total T:   42022 | Ep: 1382 | Steps:   85 | Reward:   176.72
Total T:   42108 | Ep: 1383 | Steps:   86 | Reward:   174.30
Total T:   42194 | Ep: 1384 | Steps:   86 | Reward:   173.32
Total T:   42279 | Ep: 1385 | Steps:   85 | Reward:   173.41
Total T:   42365 | Ep: 1386 | Steps:   86 | Reward:   177.15
Total T:   42450 | Ep: 1387 | Steps:   85 | Reward:   176.67
Total T:   42536 | Ep: 1388 | Steps:   86 | Reward:   173.63
Total T:   42623 | Ep: 1389 | Steps:   87 | Reward:   174.15
Total T:   42709 | Ep: 1390 | Steps:   86 | Reward:   173.57
Total T:   42795 | Ep: 1391 | Steps:   86 | Reward:   174.13
Total T:   42882 | Ep: 1392 | Steps:   87 | Reward:   175.75
Total T:   42969 | Ep: 1393 | Steps:   87 | Reward:   177.55
Total T:   43055 | Ep: 1394 | Steps:   86 | Reward:   175.78
Total T:   43126 | Ep: 1395 | Steps:   71 | Reward:   131.21
Total T:   43234 | Ep: 1396 | Steps:  108 | Reward:   292.95
Total T:   43405 | Ep: 1397 | Steps:  171 | Reward:   336.85
Total T:   43572 | Ep: 1398 | Steps:  167 | Reward:   304.23
Total T:   43721 | Ep: 1399 | Steps:  149 | Reward:   321.84
Total T:   43871 | Ep: 1400 | Steps:  150 | Reward:   320.17
Total T:   44016 | Ep: 1401 | Steps:  145 | Reward:   312.07
Total T:   44170 | Ep: 1402 | Steps:  154 | Reward:   315.73
Total T:   44331 | Ep: 1403 | Steps:  161 | Reward:   312.10
Total T:   44485 | Ep: 1404 | Steps:  154 | Reward:   298.15
Total T:   44623 | Ep: 1405 | Steps:  138 | Reward:   275.70
Total T:   44763 | Ep: 1406 | Steps:  140 | Reward:   278.15
Total T:   44891 | Ep: 1407 | Steps:  128 | Reward:   261.95
Total T:   45007 | Ep: 1408 | Steps:  116 | Reward:   251.06
Total T:   45124 | Ep: 1409 | Steps:  117 | Reward:   248.75
Total T:   45227 | Ep: 1410 | Steps:  103 | Reward:   227.72
Total T:   45333 | Ep: 1411 | Steps:  106 | Reward:   229.50
Total T:   45442 | Ep: 1412 | Steps:  109 | Reward:   235.55
Total T:   45544 | Ep: 1413 | Steps:  102 | Reward:   223.78
Total T:   45648 | Ep: 1414 | Steps:  104 | Reward:   229.33
Total T:   45748 | Ep: 1415 | Steps:  100 | Reward:   222.48
Total T:   45850 | Ep: 1416 | Steps:  102 | Reward:   226.07
Total T:   45946 | Ep: 1417 | Steps:   96 | Reward:   215.66
Total T:   46040 | Ep: 1418 | Steps:   94 | Reward:   209.26
Total T:   46132 | Ep: 1419 | Steps:   92 | Reward:   205.20
Total T:   46178 | Ep: 1420 | Steps:   46 | Reward:    77.34
Total T:   46274 | Ep: 1421 | Steps:   96 | Reward:   196.98
Total T:   46363 | Ep: 1422 | Steps:   89 | Reward:   196.04
Total T:   46409 | Ep: 1423 | Steps:   46 | Reward:    80.04
Total T:   46460 | Ep: 1424 | Steps:   51 | Reward:    90.84
Total T:   46525 | Ep: 1425 | Steps:   65 | Reward:   119.53
Total T:   46573 | Ep: 1426 | Steps:   48 | Reward:    84.23
Total T:   46622 | Ep: 1427 | Steps:   49 | Reward:    88.21
Total T:   46669 | Ep: 1428 | Steps:   47 | Reward:    81.91
Total T:   46773 | Ep: 1429 | Steps:  104 | Reward:   229.58
Total T:   46874 | Ep: 1430 | Steps:  101 | Reward:   222.75
Total T:   46984 | Ep: 1431 | Steps:  110 | Reward:   245.29
Total T:   47093 | Ep: 1432 | Steps:  109 | Reward:   227.03
Total T:   47187 | Ep: 1433 | Steps:   94 | Reward:   194.27
Total T:   47289 | Ep: 1434 | Steps:  102 | Reward:   215.08
Total T:   47405 | Ep: 1435 | Steps:  116 | Reward:   252.49
Total T:   47531 | Ep: 1436 | Steps:  126 | Reward:   267.85
Total T:   47620 | Ep: 1437 | Steps:   89 | Reward:   181.51
Total T:   47740 | Ep: 1438 | Steps:  120 | Reward:   258.17
Total T:   47872 | Ep: 1439 | Steps:  132 | Reward:   280.98
Total T:   47994 | Ep: 1440 | Steps:  122 | Reward:   258.16
Total T:   48107 | Ep: 1441 | Steps:  113 | Reward:   236.25
Total T:   48220 | Ep: 1442 | Steps:  113 | Reward:   242.32
Total T:   48331 | Ep: 1443 | Steps:  111 | Reward:   236.24
Total T:   48444 | Ep: 1444 | Steps:  113 | Reward:   242.63
Total T:   48554 | Ep: 1445 | Steps:  110 | Reward:   234.15
Total T:   48664 | Ep: 1446 | Steps:  110 | Reward:   232.95
Total T:   48775 | Ep: 1447 | Steps:  111 | Reward:   236.07
Total T:   48891 | Ep: 1448 | Steps:  116 | Reward:   246.28
Total T:   49005 | Ep: 1449 | Steps:  114 | Reward:   243.47
Total T:   49119 | Ep: 1450 | Steps:  114 | Reward:   241.02
Total T:   49235 | Ep: 1451 | Steps:  116 | Reward:   244.84
Total T:   49343 | Ep: 1452 | Steps:  108 | Reward:   230.37
Total T:   49459 | Ep: 1453 | Steps:  116 | Reward:   247.66
Total T:   49573 | Ep: 1454 | Steps:  114 | Reward:   244.49
Total T:   49648 | Ep: 1455 | Steps:   75 | Reward:   145.82
Total T:   49725 | Ep: 1456 | Steps:   77 | Reward:   149.05
Total T:   49799 | Ep: 1457 | Steps:   74 | Reward:   142.59
Total T:   49876 | Ep: 1458 | Steps:   77 | Reward:   150.75
Total T:   49897 | Ep: 1459 | Steps:   21 | Reward:    37.13
Total T:   49918 | Ep: 1460 | Steps:   21 | Reward:    37.14
Total T:   49941 | Ep: 1461 | Steps:   23 | Reward:    39.79
Total T:   49963 | Ep: 1462 | Steps:   22 | Reward:    38.74
Total T:   49986 | Ep: 1463 | Steps:   23 | Reward:    39.72
---------------------------------------
Evaluation over 10 episodes: 48.732
---------------------------------------
Total T:   50008 | Ep: 1464 | Steps:   22 | Reward:    38.34
Total T:   50030 | Ep: 1465 | Steps:   22 | Reward:    38.47
Total T:   50052 | Ep: 1466 | Steps:   22 | Reward:    38.49
Total T:   50074 | Ep: 1467 | Steps:   22 | Reward:    38.54
Total T:   50096 | Ep: 1468 | Steps:   22 | Reward:    38.19
Total T:   50118 | Ep: 1469 | Steps:   22 | Reward:    39.08
Total T:   50140 | Ep: 1470 | Steps:   22 | Reward:    38.62
Total T:   50216 | Ep: 1471 | Steps:   76 | Reward:   146.94
Total T:   50328 | Ep: 1472 | Steps:  112 | Reward:   249.53
Total T:   50438 | Ep: 1473 | Steps:  110 | Reward:   241.05
Total T:   50538 | Ep: 1474 | Steps:  100 | Reward:   213.64
Total T:   50645 | Ep: 1475 | Steps:  107 | Reward:   242.57
Total T:   50753 | Ep: 1476 | Steps:  108 | Reward:   246.59
Total T:   50865 | Ep: 1477 | Steps:  112 | Reward:   255.76
Total T:   50980 | Ep: 1478 | Steps:  115 | Reward:   260.41
Total T:   51086 | Ep: 1479 | Steps:  106 | Reward:   236.79
Total T:   51193 | Ep: 1480 | Steps:  107 | Reward:   230.71
Total T:   51305 | Ep: 1481 | Steps:  112 | Reward:   254.99
Total T:   51416 | Ep: 1482 | Steps:  111 | Reward:   242.95
Total T:   51523 | Ep: 1483 | Steps:  107 | Reward:   230.46
Total T:   51630 | Ep: 1484 | Steps:  107 | Reward:   226.82
Total T:   51744 | Ep: 1485 | Steps:  114 | Reward:   237.16
Total T:   51845 | Ep: 1486 | Steps:  101 | Reward:   189.94
Total T:   51947 | Ep: 1487 | Steps:  102 | Reward:   202.26
Total T:   52051 | Ep: 1488 | Steps:  104 | Reward:   202.54
Total T:   52163 | Ep: 1489 | Steps:  112 | Reward:   226.57
Total T:   52265 | Ep: 1490 | Steps:  102 | Reward:   196.85
Total T:   52358 | Ep: 1491 | Steps:   93 | Reward:   177.04
Total T:   52453 | Ep: 1492 | Steps:   95 | Reward:   177.55
Total T:   52551 | Ep: 1493 | Steps:   98 | Reward:   184.20
Total T:   52647 | Ep: 1494 | Steps:   96 | Reward:   189.14
Total T:   52739 | Ep: 1495 | Steps:   92 | Reward:   175.75
Total T:   52834 | Ep: 1496 | Steps:   95 | Reward:   185.56
Total T:   52933 | Ep: 1497 | Steps:   99 | Reward:   199.58
Total T:   53027 | Ep: 1498 | Steps:   94 | Reward:   178.23
Total T:   53128 | Ep: 1499 | Steps:  101 | Reward:   204.25
Total T:   53226 | Ep: 1500 | Steps:   98 | Reward:   191.12
Total T:   53322 | Ep: 1501 | Steps:   96 | Reward:   190.50
Total T:   53419 | Ep: 1502 | Steps:   97 | Reward:   188.09
Total T:   53504 | Ep: 1503 | Steps:   85 | Reward:   158.00
Total T:   53595 | Ep: 1504 | Steps:   91 | Reward:   176.37
Total T:   53699 | Ep: 1505 | Steps:  104 | Reward:   207.63
Total T:   53789 | Ep: 1506 | Steps:   90 | Reward:   174.51
Total T:   53889 | Ep: 1507 | Steps:  100 | Reward:   198.61
Total T:   53985 | Ep: 1508 | Steps:   96 | Reward:   195.33
Total T:   54097 | Ep: 1509 | Steps:  112 | Reward:   223.10
Total T:   54203 | Ep: 1510 | Steps:  106 | Reward:   215.21
Total T:   54302 | Ep: 1511 | Steps:   99 | Reward:   198.90
Total T:   54392 | Ep: 1512 | Steps:   90 | Reward:   175.05
Total T:   54502 | Ep: 1513 | Steps:  110 | Reward:   220.36
Total T:   54611 | Ep: 1514 | Steps:  109 | Reward:   215.14
Total T:   54721 | Ep: 1515 | Steps:  110 | Reward:   225.46
Total T:   54836 | Ep: 1516 | Steps:  115 | Reward:   236.23
Total T:   54954 | Ep: 1517 | Steps:  118 | Reward:   237.47
Total T:   55082 | Ep: 1518 | Steps:  128 | Reward:   250.52
Total T:   55212 | Ep: 1519 | Steps:  130 | Reward:   308.50
Total T:   55336 | Ep: 1520 | Steps:  124 | Reward:   268.31
Total T:   55459 | Ep: 1521 | Steps:  123 | Reward:   247.91
Total T:   55573 | Ep: 1522 | Steps:  114 | Reward:   237.91
Total T:   55702 | Ep: 1523 | Steps:  129 | Reward:   257.80
Total T:   55828 | Ep: 1524 | Steps:  126 | Reward:   265.29
Total T:   55955 | Ep: 1525 | Steps:  127 | Reward:   248.16
Total T:   56077 | Ep: 1526 | Steps:  122 | Reward:   243.71
Total T:   56220 | Ep: 1527 | Steps:  143 | Reward:   270.22
Total T:   56351 | Ep: 1528 | Steps:  131 | Reward:   258.01
Total T:   56468 | Ep: 1529 | Steps:  117 | Reward:   240.75
Total T:   56592 | Ep: 1530 | Steps:  124 | Reward:   253.57
Total T:   56716 | Ep: 1531 | Steps:  124 | Reward:   253.87
Total T:   56840 | Ep: 1532 | Steps:  124 | Reward:   252.25
Total T:   56957 | Ep: 1533 | Steps:  117 | Reward:   245.18
Total T:   57080 | Ep: 1534 | Steps:  123 | Reward:   256.44
Total T:   57205 | Ep: 1535 | Steps:  125 | Reward:   253.98
Total T:   57329 | Ep: 1536 | Steps:  124 | Reward:   260.62
Total T:   57453 | Ep: 1537 | Steps:  124 | Reward:   254.57
Total T:   57581 | Ep: 1538 | Steps:  128 | Reward:   266.82
Total T:   57702 | Ep: 1539 | Steps:  121 | Reward:   253.01
Total T:   57828 | Ep: 1540 | Steps:  126 | Reward:   274.38
Total T:   57953 | Ep: 1541 | Steps:  125 | Reward:   259.94
Total T:   58076 | Ep: 1542 | Steps:  123 | Reward:   265.09
Total T:   58203 | Ep: 1543 | Steps:  127 | Reward:   262.10
Total T:   58322 | Ep: 1544 | Steps:  119 | Reward:   267.87
Total T:   58450 | Ep: 1545 | Steps:  128 | Reward:   255.72
Total T:   58568 | Ep: 1546 | Steps:  118 | Reward:   270.28
Total T:   58687 | Ep: 1547 | Steps:  119 | Reward:   271.07
Total T:   58809 | Ep: 1548 | Steps:  122 | Reward:   268.21
Total T:   58923 | Ep: 1549 | Steps:  114 | Reward:   260.49
Total T:   59044 | Ep: 1550 | Steps:  121 | Reward:   279.52
Total T:   59162 | Ep: 1551 | Steps:  118 | Reward:   270.68
Total T:   59276 | Ep: 1552 | Steps:  114 | Reward:   263.37
Total T:   59395 | Ep: 1553 | Steps:  119 | Reward:   267.00
Total T:   59518 | Ep: 1554 | Steps:  123 | Reward:   252.17
Total T:   59634 | Ep: 1555 | Steps:  116 | Reward:   274.20
Total T:   59745 | Ep: 1556 | Steps:  111 | Reward:   266.20
Total T:   59848 | Ep: 1557 | Steps:  103 | Reward:   251.30
Total T:   59954 | Ep: 1558 | Steps:  106 | Reward:   259.34
---------------------------------------
Evaluation over 10 episodes: 239.893
---------------------------------------
Total T:   60064 | Ep: 1559 | Steps:  110 | Reward:   261.52
Total T:   60175 | Ep: 1560 | Steps:  111 | Reward:   262.82
Total T:   60288 | Ep: 1561 | Steps:  113 | Reward:   262.88
Total T:   60403 | Ep: 1562 | Steps:  115 | Reward:   290.97
Total T:   60520 | Ep: 1563 | Steps:  117 | Reward:   292.28
Total T:   60644 | Ep: 1564 | Steps:  124 | Reward:   326.96
Total T:   60758 | Ep: 1565 | Steps:  114 | Reward:   275.43
Total T:   60879 | Ep: 1566 | Steps:  121 | Reward:   302.61
Total T:   60993 | Ep: 1567 | Steps:  114 | Reward:   260.97
Total T:   61120 | Ep: 1568 | Steps:  127 | Reward:   318.08
Total T:   61249 | Ep: 1569 | Steps:  129 | Reward:   340.47
Total T:   61377 | Ep: 1570 | Steps:  128 | Reward:   342.55
Total T:   61515 | Ep: 1571 | Steps:  138 | Reward:   361.90
Total T:   61652 | Ep: 1572 | Steps:  137 | Reward:   377.21
Total T:   61787 | Ep: 1573 | Steps:  135 | Reward:   377.13
Total T:   61926 | Ep: 1574 | Steps:  139 | Reward:   376.56
Total T:   62018 | Ep: 1575 | Steps:   92 | Reward:   209.37
Total T:   62154 | Ep: 1576 | Steps:  136 | Reward:   380.17
Total T:   62295 | Ep: 1577 | Steps:  141 | Reward:   407.03
Total T:   62422 | Ep: 1578 | Steps:  127 | Reward:   315.20
Total T:   62564 | Ep: 1579 | Steps:  142 | Reward:   395.30
Total T:   62703 | Ep: 1580 | Steps:  139 | Reward:   342.60
Total T:   62844 | Ep: 1581 | Steps:  141 | Reward:   354.72
Total T:   62976 | Ep: 1582 | Steps:  132 | Reward:   335.14
Total T:   63155 | Ep: 1583 | Steps:  179 | Reward:   526.86
Total T:   63318 | Ep: 1584 | Steps:  163 | Reward:   408.36
Total T:   63531 | Ep: 1585 | Steps:  213 | Reward:   588.26
Total T:   63753 | Ep: 1586 | Steps:  222 | Reward:   622.84
Total T:   63991 | Ep: 1587 | Steps:  238 | Reward:   691.98
Total T:   64157 | Ep: 1588 | Steps:  166 | Reward:   410.49
Total T:   64271 | Ep: 1589 | Steps:  114 | Reward:   216.58
Total T:   64512 | Ep: 1590 | Steps:  241 | Reward:   647.27
Total T:   64740 | Ep: 1591 | Steps:  228 | Reward:   575.56
Total T:   64972 | Ep: 1592 | Steps:  232 | Reward:   630.10
Total T:   65163 | Ep: 1593 | Steps:  191 | Reward:   480.75
Total T:   65344 | Ep: 1594 | Steps:  181 | Reward:   461.34
Total T:   65572 | Ep: 1595 | Steps:  228 | Reward:   624.69
Total T:   65788 | Ep: 1596 | Steps:  216 | Reward:   572.38
Total T:   65977 | Ep: 1597 | Steps:  189 | Reward:   483.68
Total T:   66164 | Ep: 1598 | Steps:  187 | Reward:   472.07
Total T:   66354 | Ep: 1599 | Steps:  190 | Reward:   478.15
Total T:   66541 | Ep: 1600 | Steps:  187 | Reward:   475.02
Total T:   66697 | Ep: 1601 | Steps:  156 | Reward:   474.38
Total T:   66879 | Ep: 1602 | Steps:  182 | Reward:   460.90
Total T:   67059 | Ep: 1603 | Steps:  180 | Reward:   442.79
Total T:   67239 | Ep: 1604 | Steps:  180 | Reward:   451.76
Total T:   67403 | Ep: 1605 | Steps:  164 | Reward:   395.94
Total T:   67582 | Ep: 1606 | Steps:  179 | Reward:   451.29
Total T:   67799 | Ep: 1607 | Steps:  217 | Reward:   521.43
Total T:   68015 | Ep: 1608 | Steps:  216 | Reward:   541.62
Total T:   68225 | Ep: 1609 | Steps:  210 | Reward:   498.69
Total T:   68470 | Ep: 1610 | Steps:  245 | Reward:   631.19
Total T:   68650 | Ep: 1611 | Steps:  180 | Reward:   478.46
Total T:   68840 | Ep: 1612 | Steps:  190 | Reward:   478.48
Total T:   69017 | Ep: 1613 | Steps:  177 | Reward:   449.21
Total T:   69207 | Ep: 1614 | Steps:  190 | Reward:   466.69
Total T:   69336 | Ep: 1615 | Steps:  129 | Reward:   361.24
Total T:   69476 | Ep: 1616 | Steps:  140 | Reward:   302.83
Total T:   69635 | Ep: 1617 | Steps:  159 | Reward:   376.65
Total T:   69800 | Ep: 1618 | Steps:  165 | Reward:   408.77
Total T:   69967 | Ep: 1619 | Steps:  167 | Reward:   399.11
---------------------------------------
Evaluation over 10 episodes: 382.614
---------------------------------------
Total T:   70129 | Ep: 1620 | Steps:  162 | Reward:   395.08
Total T:   70296 | Ep: 1621 | Steps:  167 | Reward:   414.33
Total T:   70456 | Ep: 1622 | Steps:  160 | Reward:   401.08
Total T:   70615 | Ep: 1623 | Steps:  159 | Reward:   402.31
Total T:   70776 | Ep: 1624 | Steps:  161 | Reward:   408.36
Total T:   70916 | Ep: 1625 | Steps:  140 | Reward:   346.53
Total T:   71077 | Ep: 1626 | Steps:  161 | Reward:   402.84
Total T:   71231 | Ep: 1627 | Steps:  154 | Reward:   394.52
Total T:   71376 | Ep: 1628 | Steps:  145 | Reward:   367.28
Total T:   71507 | Ep: 1629 | Steps:  131 | Reward:   316.86
Total T:   71658 | Ep: 1630 | Steps:  151 | Reward:   396.72
Total T:   71801 | Ep: 1631 | Steps:  143 | Reward:   371.58
Total T:   71936 | Ep: 1632 | Steps:  135 | Reward:   333.51
Total T:   72072 | Ep: 1633 | Steps:  136 | Reward:   342.64
Total T:   72208 | Ep: 1634 | Steps:  136 | Reward:   341.54
Total T:   72346 | Ep: 1635 | Steps:  138 | Reward:   348.65
Total T:   72487 | Ep: 1636 | Steps:  141 | Reward:   361.40
Total T:   72616 | Ep: 1637 | Steps:  129 | Reward:   323.68
Total T:   72757 | Ep: 1638 | Steps:  141 | Reward:   339.44
Total T:   72893 | Ep: 1639 | Steps:  136 | Reward:   333.84
Total T:   73027 | Ep: 1640 | Steps:  134 | Reward:   329.38
Total T:   73158 | Ep: 1641 | Steps:  131 | Reward:   329.98
Total T:   73291 | Ep: 1642 | Steps:  133 | Reward:   321.19
Total T:   73427 | Ep: 1643 | Steps:  136 | Reward:   339.43
Total T:   73560 | Ep: 1644 | Steps:  133 | Reward:   340.03
Total T:   73696 | Ep: 1645 | Steps:  136 | Reward:   334.13
Total T:   73830 | Ep: 1646 | Steps:  134 | Reward:   340.19
Total T:   73968 | Ep: 1647 | Steps:  138 | Reward:   357.40
Total T:   74105 | Ep: 1648 | Steps:  137 | Reward:   338.70
Total T:   74274 | Ep: 1649 | Steps:  169 | Reward:   479.68
Total T:   74411 | Ep: 1650 | Steps:  137 | Reward:   341.48
Total T:   74542 | Ep: 1651 | Steps:  131 | Reward:   307.82
Total T:   74720 | Ep: 1652 | Steps:  178 | Reward:   492.29
Total T:   74885 | Ep: 1653 | Steps:  165 | Reward:   430.02
Total T:   75053 | Ep: 1654 | Steps:  168 | Reward:   465.32
Total T:   75214 | Ep: 1655 | Steps:  161 | Reward:   430.08
Total T:   75351 | Ep: 1656 | Steps:  137 | Reward:   335.81
Total T:   75489 | Ep: 1657 | Steps:  138 | Reward:   348.38
Total T:   75656 | Ep: 1658 | Steps:  167 | Reward:   476.48
Total T:   75818 | Ep: 1659 | Steps:  162 | Reward:   451.30
Total T:   75965 | Ep: 1660 | Steps:  147 | Reward:   416.65
Total T:   76140 | Ep: 1661 | Steps:  175 | Reward:   498.62
Total T:   76309 | Ep: 1662 | Steps:  169 | Reward:   496.56
Total T:   76489 | Ep: 1663 | Steps:  180 | Reward:   550.38
Total T:   76658 | Ep: 1664 | Steps:  169 | Reward:   492.08
Total T:   76841 | Ep: 1665 | Steps:  183 | Reward:   565.20
Total T:   77035 | Ep: 1666 | Steps:  194 | Reward:   592.97
Total T:   77213 | Ep: 1667 | Steps:  178 | Reward:   520.94
Total T:   77391 | Ep: 1668 | Steps:  178 | Reward:   520.04
Total T:   77586 | Ep: 1669 | Steps:  195 | Reward:   602.90
Total T:   77742 | Ep: 1670 | Steps:  156 | Reward:   454.78
Total T:   77920 | Ep: 1671 | Steps:  178 | Reward:   522.93
Total T:   78119 | Ep: 1672 | Steps:  199 | Reward:   620.11
Total T:   78314 | Ep: 1673 | Steps:  195 | Reward:   625.49
Total T:   78499 | Ep: 1674 | Steps:  185 | Reward:   549.35
Total T:   78697 | Ep: 1675 | Steps:  198 | Reward:   616.27
Total T:   78864 | Ep: 1676 | Steps:  167 | Reward:   476.03
Total T:   79042 | Ep: 1677 | Steps:  178 | Reward:   531.40
Total T:   79203 | Ep: 1678 | Steps:  161 | Reward:   460.39
Total T:   79367 | Ep: 1679 | Steps:  164 | Reward:   492.43
Total T:   79548 | Ep: 1680 | Steps:  181 | Reward:   553.08
Total T:   79734 | Ep: 1681 | Steps:  186 | Reward:   591.29
Total T:   79925 | Ep: 1682 | Steps:  191 | Reward:   566.36
---------------------------------------
Evaluation over 10 episodes: 677.835
---------------------------------------
Total T:   80112 | Ep: 1683 | Steps:  187 | Reward:   552.61
Total T:   80281 | Ep: 1684 | Steps:  169 | Reward:   486.98
Total T:   80481 | Ep: 1685 | Steps:  200 | Reward:   626.41
Total T:   80670 | Ep: 1686 | Steps:  189 | Reward:   577.29
Total T:   80854 | Ep: 1687 | Steps:  184 | Reward:   582.82
Total T:   80998 | Ep: 1688 | Steps:  144 | Reward:   412.74
Total T:   81144 | Ep: 1689 | Steps:  146 | Reward:   423.14
Total T:   81349 | Ep: 1690 | Steps:  205 | Reward:   645.28
Total T:   81532 | Ep: 1691 | Steps:  183 | Reward:   540.70
Total T:   81718 | Ep: 1692 | Steps:  186 | Reward:   553.30
Total T:   81926 | Ep: 1693 | Steps:  208 | Reward:   627.91
Total T:   82098 | Ep: 1694 | Steps:  172 | Reward:   510.79
Total T:   82268 | Ep: 1695 | Steps:  170 | Reward:   508.60
Total T:   82420 | Ep: 1696 | Steps:  152 | Reward:   449.63
Total T:   82592 | Ep: 1697 | Steps:  172 | Reward:   502.96
Total T:   82846 | Ep: 1698 | Steps:  254 | Reward:   778.71
Total T:   83005 | Ep: 1699 | Steps:  159 | Reward:   470.96
Total T:   83186 | Ep: 1700 | Steps:  181 | Reward:   528.93
Total T:   83363 | Ep: 1701 | Steps:  177 | Reward:   519.85
Total T:   83625 | Ep: 1702 | Steps:  262 | Reward:   736.97
Total T:   83812 | Ep: 1703 | Steps:  187 | Reward:   547.76
Total T:   84009 | Ep: 1704 | Steps:  197 | Reward:   624.71
Total T:   84167 | Ep: 1705 | Steps:  158 | Reward:   466.72
Total T:   84333 | Ep: 1706 | Steps:  166 | Reward:   491.90
Total T:   84522 | Ep: 1707 | Steps:  189 | Reward:   560.40
Total T:   84737 | Ep: 1708 | Steps:  215 | Reward:   669.92
Total T:   84910 | Ep: 1709 | Steps:  173 | Reward:   511.83
Total T:   85081 | Ep: 1710 | Steps:  171 | Reward:   481.14
Total T:   85266 | Ep: 1711 | Steps:  185 | Reward:   515.05
Total T:   85442 | Ep: 1712 | Steps:  176 | Reward:   510.21
Total T:   85651 | Ep: 1713 | Steps:  209 | Reward:   609.98
Total T:   85862 | Ep: 1714 | Steps:  211 | Reward:   663.62
Total T:   86038 | Ep: 1715 | Steps:  176 | Reward:   508.47
Total T:   86248 | Ep: 1716 | Steps:  210 | Reward:   632.64
Total T:   86456 | Ep: 1717 | Steps:  208 | Reward:   565.51
Total T:   86647 | Ep: 1718 | Steps:  191 | Reward:   567.67
Total T:   86841 | Ep: 1719 | Steps:  194 | Reward:   586.86
Total T:   87057 | Ep: 1720 | Steps:  216 | Reward:   675.49
Total T:   87275 | Ep: 1721 | Steps:  218 | Reward:   672.02
Total T:   87586 | Ep: 1722 | Steps:  311 | Reward:   998.38
Total T:   88002 | Ep: 1723 | Steps:  416 | Reward:  1117.87
Total T:   88288 | Ep: 1724 | Steps:  286 | Reward:   924.99
Total T:   88513 | Ep: 1725 | Steps:  225 | Reward:   712.56
Total T:   89021 | Ep: 1726 | Steps:  508 | Reward:  1411.97
Total T:   89299 | Ep: 1727 | Steps:  278 | Reward:   911.39
---------------------------------------
Evaluation over 10 episodes: 1986.901
---------------------------------------
Total T:   90163 | Ep: 1728 | Steps:  864 | Reward:  2603.70
Total T:   90467 | Ep: 1729 | Steps:  304 | Reward:   972.05
Total T:   90681 | Ep: 1730 | Steps:  214 | Reward:   626.60
Total T:   90945 | Ep: 1731 | Steps:  264 | Reward:   821.94
Total T:   91228 | Ep: 1732 | Steps:  283 | Reward:   863.39
Total T:   91515 | Ep: 1733 | Steps:  287 | Reward:   905.65
Total T:   91738 | Ep: 1734 | Steps:  223 | Reward:   663.93
Total T:   91973 | Ep: 1735 | Steps:  235 | Reward:   714.87
Total T:   92248 | Ep: 1736 | Steps:  275 | Reward:   865.24
Total T:   92524 | Ep: 1737 | Steps:  276 | Reward:   836.87
Total T:   92824 | Ep: 1738 | Steps:  300 | Reward:   928.34
Total T:   93190 | Ep: 1739 | Steps:  366 | Reward:  1152.53
Total T:   93396 | Ep: 1740 | Steps:  206 | Reward:   556.82
Total T:   93628 | Ep: 1741 | Steps:  232 | Reward:   700.89
Total T:   94212 | Ep: 1742 | Steps:  584 | Reward:  1821.06
Total T:   94241 | Ep: 1743 | Steps:   29 | Reward:    45.67
Total T:   94668 | Ep: 1744 | Steps:  427 | Reward:  1241.16
Total T:   94702 | Ep: 1745 | Steps:   34 | Reward:    54.59
Total T:   95556 | Ep: 1746 | Steps:  854 | Reward:  2403.76
Total T:   95815 | Ep: 1747 | Steps:  259 | Reward:   755.13
Total T:   95922 | Ep: 1748 | Steps:  107 | Reward:   239.08
Total T:   96198 | Ep: 1749 | Steps:  276 | Reward:   848.50
Total T:   96336 | Ep: 1750 | Steps:  138 | Reward:   351.62
Total T:   96592 | Ep: 1751 | Steps:  256 | Reward:   794.76
Total T:   96756 | Ep: 1752 | Steps:  164 | Reward:   457.17
Total T:   97024 | Ep: 1753 | Steps:  268 | Reward:   832.43
Total T:   97138 | Ep: 1754 | Steps:  114 | Reward:   259.49
Total T:   97387 | Ep: 1755 | Steps:  249 | Reward:   744.36
Total T:   97574 | Ep: 1756 | Steps:  187 | Reward:   528.09
Total T:   97820 | Ep: 1757 | Steps:  246 | Reward:   752.13
Total T:   98162 | Ep: 1758 | Steps:  342 | Reward:  1059.27
Total T:   98408 | Ep: 1759 | Steps:  246 | Reward:   749.49
Total T:   98698 | Ep: 1760 | Steps:  290 | Reward:   841.99
Total T:   98940 | Ep: 1761 | Steps:  242 | Reward:   728.11
Total T:   99143 | Ep: 1762 | Steps:  203 | Reward:   599.17
Total T:   99340 | Ep: 1763 | Steps:  197 | Reward:   590.80
Total T:   99463 | Ep: 1764 | Steps:  123 | Reward:   280.63
Total T:   99653 | Ep: 1765 | Steps:  190 | Reward:   566.61
Total T:   99771 | Ep: 1766 | Steps:  118 | Reward:   268.09
---------------------------------------
Evaluation over 10 episodes: 785.109
---------------------------------------
Total T:  100007 | Ep: 1767 | Steps:  236 | Reward:   711.16
Total T:  100210 | Ep: 1768 | Steps:  203 | Reward:   610.05
Total T:  100322 | Ep: 1769 | Steps:  112 | Reward:   256.77
Total T:  100519 | Ep: 1770 | Steps:  197 | Reward:   615.23
Total T:  100714 | Ep: 1771 | Steps:  195 | Reward:   571.46
Total T:  100911 | Ep: 1772 | Steps:  197 | Reward:   605.40
Total T:  101095 | Ep: 1773 | Steps:  184 | Reward:   532.83
Total T:  101256 | Ep: 1774 | Steps:  161 | Reward:   482.38
Total T:  101369 | Ep: 1775 | Steps:  113 | Reward:   261.04
Total T:  101571 | Ep: 1776 | Steps:  202 | Reward:   619.88
Total T:  101748 | Ep: 1777 | Steps:  177 | Reward:   523.04
Total T:  101932 | Ep: 1778 | Steps:  184 | Reward:   563.38
Total T:  102114 | Ep: 1779 | Steps:  182 | Reward:   555.32
Total T:  102296 | Ep: 1780 | Steps:  182 | Reward:   531.27
Total T:  102533 | Ep: 1781 | Steps:  237 | Reward:   735.87
Total T:  102712 | Ep: 1782 | Steps:  179 | Reward:   527.89
Total T:  102901 | Ep: 1783 | Steps:  189 | Reward:   556.96
Total T:  103102 | Ep: 1784 | Steps:  201 | Reward:   622.81
Total T:  103283 | Ep: 1785 | Steps:  181 | Reward:   520.90
Total T:  103406 | Ep: 1786 | Steps:  123 | Reward:   278.50
Total T:  103528 | Ep: 1787 | Steps:  122 | Reward:   224.27
Total T:  103695 | Ep: 1788 | Steps:  167 | Reward:   500.17
Total T:  103904 | Ep: 1789 | Steps:  209 | Reward:   461.18
Total T:  104333 | Ep: 1790 | Steps:  429 | Reward:  1280.06
Total T:  104441 | Ep: 1791 | Steps:  108 | Reward:   214.90
Total T:  104548 | Ep: 1792 | Steps:  107 | Reward:   223.73
Total T:  104736 | Ep: 1793 | Steps:  188 | Reward:   558.52
Total T:  104854 | Ep: 1794 | Steps:  118 | Reward:   269.75
Total T:  105314 | Ep: 1795 | Steps:  460 | Reward:  1405.26
Total T:  105440 | Ep: 1796 | Steps:  126 | Reward:   289.89
Total T:  105667 | Ep: 1797 | Steps:  227 | Reward:   508.40
Total T:  105871 | Ep: 1798 | Steps:  204 | Reward:   649.73
Total T:  106000 | Ep: 1799 | Steps:  129 | Reward:   241.82
Total T:  106324 | Ep: 1800 | Steps:  324 | Reward:   725.59
Total T:  106528 | Ep: 1801 | Steps:  204 | Reward:   646.87
Total T:  106727 | Ep: 1802 | Steps:  199 | Reward:   628.42
Total T:  106930 | Ep: 1803 | Steps:  203 | Reward:   636.76
Total T:  107120 | Ep: 1804 | Steps:  190 | Reward:   535.70
Total T:  107345 | Ep: 1805 | Steps:  225 | Reward:   736.39
Total T:  107566 | Ep: 1806 | Steps:  221 | Reward:   647.02
Total T:  107740 | Ep: 1807 | Steps:  174 | Reward:   533.99
Total T:  107874 | Ep: 1808 | Steps:  134 | Reward:   242.17
Total T:  108308 | Ep: 1809 | Steps:  434 | Reward:   975.33
Total T:  108563 | Ep: 1810 | Steps:  255 | Reward:   814.18
Total T:  108791 | Ep: 1811 | Steps:  228 | Reward:   448.30
Total T:  109002 | Ep: 1812 | Steps:  211 | Reward:   394.00
Total T:  109724 | Ep: 1813 | Steps:  722 | Reward:  1666.28
Total T:  109944 | Ep: 1814 | Steps:  220 | Reward:   704.80
---------------------------------------
Evaluation over 10 episodes: 987.944
---------------------------------------
Total T:  110395 | Ep: 1815 | Steps:  451 | Reward:  1267.35
Total T:  110698 | Ep: 1816 | Steps:  303 | Reward:   899.56
Total T:  110831 | Ep: 1817 | Steps:  133 | Reward:   261.53
Total T:  111194 | Ep: 1818 | Steps:  363 | Reward:  1112.41
Total T:  111529 | Ep: 1819 | Steps:  335 | Reward:   994.15
Total T:  111914 | Ep: 1820 | Steps:  385 | Reward:  1128.75
Total T:  112451 | Ep: 1821 | Steps:  537 | Reward:  1541.90
Total T:  112766 | Ep: 1822 | Steps:  315 | Reward:   923.50
Total T:  113060 | Ep: 1823 | Steps:  294 | Reward:   866.89
Total T:  113362 | Ep: 1824 | Steps:  302 | Reward:   876.60
Total T:  113673 | Ep: 1825 | Steps:  311 | Reward:   937.87
Total T:  113932 | Ep: 1826 | Steps:  259 | Reward:   769.67
Total T:  114136 | Ep: 1827 | Steps:  204 | Reward:   557.55
Total T:  114477 | Ep: 1828 | Steps:  341 | Reward:  1038.15
Total T:  114802 | Ep: 1829 | Steps:  325 | Reward:   928.63
Total T:  115075 | Ep: 1830 | Steps:  273 | Reward:   759.70
Total T:  115331 | Ep: 1831 | Steps:  256 | Reward:   705.05
Total T:  115545 | Ep: 1832 | Steps:  214 | Reward:   585.75
Total T:  115888 | Ep: 1833 | Steps:  343 | Reward:  1017.29
Total T:  116213 | Ep: 1834 | Steps:  325 | Reward:   907.54
Total T:  116539 | Ep: 1835 | Steps:  326 | Reward:   979.25
Total T:  116858 | Ep: 1836 | Steps:  319 | Reward:  1006.12
Total T:  117389 | Ep: 1837 | Steps:  531 | Reward:  1618.46
Total T:  117677 | Ep: 1838 | Steps:  288 | Reward:   840.31
Total T:  117998 | Ep: 1839 | Steps:  321 | Reward:  1054.15
Total T:  118362 | Ep: 1840 | Steps:  364 | Reward:  1166.74
Total T:  118621 | Ep: 1841 | Steps:  259 | Reward:   827.62
Total T:  118865 | Ep: 1842 | Steps:  244 | Reward:   835.23
Total T:  119099 | Ep: 1843 | Steps:  234 | Reward:   747.56
Total T:  119407 | Ep: 1844 | Steps:  308 | Reward:   895.74
Total T:  119702 | Ep: 1845 | Steps:  295 | Reward:   922.16
---------------------------------------
Evaluation over 10 episodes: 1084.954
---------------------------------------
Total T:  120022 | Ep: 1846 | Steps:  320 | Reward:  1063.66
Total T:  120302 | Ep: 1847 | Steps:  280 | Reward:   898.92
Total T:  120540 | Ep: 1848 | Steps:  238 | Reward:   804.96
Total T:  120855 | Ep: 1849 | Steps:  315 | Reward:   957.03
Total T:  121022 | Ep: 1850 | Steps:  167 | Reward:   520.92
Total T:  121330 | Ep: 1851 | Steps:  308 | Reward:   976.44
Total T:  121688 | Ep: 1852 | Steps:  358 | Reward:  1124.52
Total T:  121974 | Ep: 1853 | Steps:  286 | Reward:   865.49
Total T:  122334 | Ep: 1854 | Steps:  360 | Reward:  1243.53
Total T:  122581 | Ep: 1855 | Steps:  247 | Reward:   697.40
Total T:  122961 | Ep: 1856 | Steps:  380 | Reward:  1155.29
Total T:  123321 | Ep: 1857 | Steps:  360 | Reward:  1143.52
Total T:  123607 | Ep: 1858 | Steps:  286 | Reward:   836.49
Total T:  123916 | Ep: 1859 | Steps:  309 | Reward:   982.56
Total T:  124264 | Ep: 1860 | Steps:  348 | Reward:  1178.39
Total T:  124598 | Ep: 1861 | Steps:  334 | Reward:  1139.88
Total T:  124794 | Ep: 1862 | Steps:  196 | Reward:   608.76
Total T:  125154 | Ep: 1863 | Steps:  360 | Reward:  1129.16
Total T:  125436 | Ep: 1864 | Steps:  282 | Reward:   920.46
Total T:  125802 | Ep: 1865 | Steps:  366 | Reward:  1130.68
Total T:  126113 | Ep: 1866 | Steps:  311 | Reward:   955.40
Total T:  126493 | Ep: 1867 | Steps:  380 | Reward:  1163.18
Total T:  126746 | Ep: 1868 | Steps:  253 | Reward:   740.08
Total T:  127102 | Ep: 1869 | Steps:  356 | Reward:  1097.62
Total T:  127429 | Ep: 1870 | Steps:  327 | Reward:   946.05
Total T:  127652 | Ep: 1871 | Steps:  223 | Reward:   727.33
Total T:  128064 | Ep: 1872 | Steps:  412 | Reward:  1316.03
Total T:  128281 | Ep: 1873 | Steps:  217 | Reward:   687.60
Total T:  128530 | Ep: 1874 | Steps:  249 | Reward:   813.46
Total T:  128834 | Ep: 1875 | Steps:  304 | Reward:   957.86
Total T:  129056 | Ep: 1876 | Steps:  222 | Reward:   721.37
Total T:  129410 | Ep: 1877 | Steps:  354 | Reward:  1141.08
Total T:  129601 | Ep: 1878 | Steps:  191 | Reward:   590.54
Total T:  129823 | Ep: 1879 | Steps:  222 | Reward:   728.52
---------------------------------------
Evaluation over 10 episodes: 939.746
---------------------------------------
Total T:  130014 | Ep: 1880 | Steps:  191 | Reward:   590.68
Total T:  130221 | Ep: 1881 | Steps:  207 | Reward:   653.85
Total T:  130440 | Ep: 1882 | Steps:  219 | Reward:   703.30
Total T:  130663 | Ep: 1883 | Steps:  223 | Reward:   737.06
Total T:  130880 | Ep: 1884 | Steps:  217 | Reward:   696.41
Total T:  131091 | Ep: 1885 | Steps:  211 | Reward:   691.55
Total T:  131319 | Ep: 1886 | Steps:  228 | Reward:   721.57
Total T:  131518 | Ep: 1887 | Steps:  199 | Reward:   606.24
Total T:  131890 | Ep: 1888 | Steps:  372 | Reward:  1236.96
Total T:  132091 | Ep: 1889 | Steps:  201 | Reward:   653.10
Total T:  132320 | Ep: 1890 | Steps:  229 | Reward:   737.57
Total T:  132540 | Ep: 1891 | Steps:  220 | Reward:   713.95
Total T:  132760 | Ep: 1892 | Steps:  220 | Reward:   701.60
Total T:  132956 | Ep: 1893 | Steps:  196 | Reward:   617.91
Total T:  133164 | Ep: 1894 | Steps:  208 | Reward:   664.36
Total T:  133380 | Ep: 1895 | Steps:  216 | Reward:   697.84
Total T:  133601 | Ep: 1896 | Steps:  221 | Reward:   707.08
Total T:  133814 | Ep: 1897 | Steps:  213 | Reward:   692.27
Total T:  134036 | Ep: 1898 | Steps:  222 | Reward:   709.98
Total T:  134259 | Ep: 1899 | Steps:  223 | Reward:   719.00
Total T:  134643 | Ep: 1900 | Steps:  384 | Reward:  1234.49
Total T:  134866 | Ep: 1901 | Steps:  223 | Reward:   715.83
Total T:  135080 | Ep: 1902 | Steps:  214 | Reward:   690.83
Total T:  135299 | Ep: 1903 | Steps:  219 | Reward:   703.94
Total T:  135600 | Ep: 1904 | Steps:  301 | Reward:  1009.72
Total T:  135827 | Ep: 1905 | Steps:  227 | Reward:   739.05
Total T:  136111 | Ep: 1906 | Steps:  284 | Reward:   898.74
Total T:  136449 | Ep: 1907 | Steps:  338 | Reward:  1041.36
Total T:  136678 | Ep: 1908 | Steps:  229 | Reward:   737.14
Total T:  137049 | Ep: 1909 | Steps:  371 | Reward:  1217.55
Total T:  137341 | Ep: 1910 | Steps:  292 | Reward:   979.01
Total T:  137763 | Ep: 1911 | Steps:  422 | Reward:  1328.26
Total T:  137992 | Ep: 1912 | Steps:  229 | Reward:   733.18
Total T:  138214 | Ep: 1913 | Steps:  222 | Reward:   582.65
Total T:  138583 | Ep: 1914 | Steps:  369 | Reward:  1168.21
Total T:  139141 | Ep: 1915 | Steps:  558 | Reward:  1753.38
Total T:  139372 | Ep: 1916 | Steps:  231 | Reward:   730.21
Total T:  139650 | Ep: 1917 | Steps:  278 | Reward:   911.23
Total T:  139923 | Ep: 1918 | Steps:  273 | Reward:   819.72
---------------------------------------
Evaluation over 10 episodes: 1326.788
---------------------------------------
Total T:  140563 | Ep: 1919 | Steps:  640 | Reward:  1984.44
Total T:  141242 | Ep: 1920 | Steps:  679 | Reward:  2207.87
Total T:  141801 | Ep: 1921 | Steps:  559 | Reward:  1766.33
Total T:  142009 | Ep: 1922 | Steps:  208 | Reward:   639.52
Total T:  142355 | Ep: 1923 | Steps:  346 | Reward:  1116.30
Total T:  142645 | Ep: 1924 | Steps:  290 | Reward:   867.09
Total T:  143514 | Ep: 1925 | Steps:  869 | Reward:  2776.33
Total T:  144173 | Ep: 1926 | Steps:  659 | Reward:  2002.19
Total T:  144407 | Ep: 1927 | Steps:  234 | Reward:   632.33
Total T:  144805 | Ep: 1928 | Steps:  398 | Reward:  1200.97
Total T:  145066 | Ep: 1929 | Steps:  261 | Reward:   833.92
Total T:  145532 | Ep: 1930 | Steps:  466 | Reward:  1437.97
Total T:  146221 | Ep: 1931 | Steps:  689 | Reward:  2144.17
Total T:  146722 | Ep: 1932 | Steps:  501 | Reward:  1472.47
Total T:  147186 | Ep: 1933 | Steps:  464 | Reward:  1342.53
Total T:  147778 | Ep: 1934 | Steps:  592 | Reward:  1772.62
Total T:  148205 | Ep: 1935 | Steps:  427 | Reward:  1410.03
Total T:  148803 | Ep: 1936 | Steps:  598 | Reward:  1951.02
Total T:  149214 | Ep: 1937 | Steps:  411 | Reward:  1311.67
Total T:  149613 | Ep: 1938 | Steps:  399 | Reward:  1234.01
---------------------------------------
Evaluation over 10 episodes: 848.810
---------------------------------------
Total T:  150194 | Ep: 1939 | Steps:  581 | Reward:  1791.71
Total T:  150595 | Ep: 1940 | Steps:  401 | Reward:  1334.20
Total T:  150859 | Ep: 1941 | Steps:  264 | Reward:   837.33
Total T:  151089 | Ep: 1942 | Steps:  230 | Reward:   727.96
Total T:  151394 | Ep: 1943 | Steps:  305 | Reward:   987.28
Total T:  151655 | Ep: 1944 | Steps:  261 | Reward:   839.96
Total T:  151889 | Ep: 1945 | Steps:  234 | Reward:   742.87
Total T:  152115 | Ep: 1946 | Steps:  226 | Reward:   715.91
Total T:  152440 | Ep: 1947 | Steps:  325 | Reward:  1070.33
Total T:  152697 | Ep: 1948 | Steps:  257 | Reward:   812.08
Total T:  152922 | Ep: 1949 | Steps:  225 | Reward:   706.85
Total T:  153141 | Ep: 1950 | Steps:  219 | Reward:   701.08
Total T:  153428 | Ep: 1951 | Steps:  287 | Reward:   944.05
Total T:  153658 | Ep: 1952 | Steps:  230 | Reward:   729.75
Total T:  153967 | Ep: 1953 | Steps:  309 | Reward:  1006.05
Total T:  154186 | Ep: 1954 | Steps:  219 | Reward:   706.17
Total T:  154394 | Ep: 1955 | Steps:  208 | Reward:   682.90
Total T:  154617 | Ep: 1956 | Steps:  223 | Reward:   717.39
Total T:  154846 | Ep: 1957 | Steps:  229 | Reward:   723.20
Total T:  155051 | Ep: 1958 | Steps:  205 | Reward:   670.87
Total T:  155259 | Ep: 1959 | Steps:  208 | Reward:   694.56
Total T:  155468 | Ep: 1960 | Steps:  209 | Reward:   679.29
Total T:  155777 | Ep: 1961 | Steps:  309 | Reward:  1022.29
Total T:  155964 | Ep: 1962 | Steps:  187 | Reward:   565.88
Total T:  156162 | Ep: 1963 | Steps:  198 | Reward:   627.34
Total T:  156387 | Ep: 1964 | Steps:  225 | Reward:   725.62
Total T:  156591 | Ep: 1965 | Steps:  204 | Reward:   650.33
Total T:  156894 | Ep: 1966 | Steps:  303 | Reward:   989.23
Total T:  157125 | Ep: 1967 | Steps:  231 | Reward:   745.86
Total T:  157356 | Ep: 1968 | Steps:  231 | Reward:   728.01
Total T:  157575 | Ep: 1969 | Steps:  219 | Reward:   717.26
Total T:  157798 | Ep: 1970 | Steps:  223 | Reward:   709.21
Total T:  158043 | Ep: 1971 | Steps:  245 | Reward:   829.03
Total T:  158269 | Ep: 1972 | Steps:  226 | Reward:   738.15
Total T:  158471 | Ep: 1973 | Steps:  202 | Reward:   640.41
Total T:  158759 | Ep: 1974 | Steps:  288 | Reward:   922.45
Total T:  158959 | Ep: 1975 | Steps:  200 | Reward:   620.34
Total T:  159163 | Ep: 1976 | Steps:  204 | Reward:   635.05
Total T:  159436 | Ep: 1977 | Steps:  273 | Reward:   917.70
Total T:  159660 | Ep: 1978 | Steps:  224 | Reward:   737.16
Total T:  159866 | Ep: 1979 | Steps:  206 | Reward:   643.50
---------------------------------------
Evaluation over 10 episodes: 875.225
---------------------------------------
Total T:  160080 | Ep: 1980 | Steps:  214 | Reward:   676.06
Total T:  160291 | Ep: 1981 | Steps:  211 | Reward:   666.45
Total T:  160408 | Ep: 1982 | Steps:  117 | Reward:   283.47
Total T:  160649 | Ep: 1983 | Steps:  241 | Reward:   787.42
Total T:  160771 | Ep: 1984 | Steps:  122 | Reward:   301.53
Total T:  160982 | Ep: 1985 | Steps:  211 | Reward:   689.89
Total T:  161137 | Ep: 1986 | Steps:  155 | Reward:   433.50
Total T:  161300 | Ep: 1987 | Steps:  163 | Reward:   465.87
Total T:  161463 | Ep: 1988 | Steps:  163 | Reward:   466.48
Total T:  161653 | Ep: 1989 | Steps:  190 | Reward:   602.42
Total T:  161783 | Ep: 1990 | Steps:  130 | Reward:   330.61
Total T:  162001 | Ep: 1991 | Steps:  218 | Reward:   689.42
Total T:  162132 | Ep: 1992 | Steps:  131 | Reward:   335.19
Total T:  162320 | Ep: 1993 | Steps:  188 | Reward:   565.72
Total T:  162501 | Ep: 1994 | Steps:  181 | Reward:   531.18
Total T:  162756 | Ep: 1995 | Steps:  255 | Reward:   814.12
Total T:  162955 | Ep: 1996 | Steps:  199 | Reward:   623.64
Total T:  163163 | Ep: 1997 | Steps:  208 | Reward:   660.04
Total T:  163353 | Ep: 1998 | Steps:  190 | Reward:   583.66
Total T:  163547 | Ep: 1999 | Steps:  194 | Reward:   586.69
Total T:  163742 | Ep: 2000 | Steps:  195 | Reward:   639.67
Total T:  163906 | Ep: 2001 | Steps:  164 | Reward:   486.51
Total T:  164092 | Ep: 2002 | Steps:  186 | Reward:   551.24
Total T:  164252 | Ep: 2003 | Steps:  160 | Reward:   476.46
Total T:  164357 | Ep: 2004 | Steps:  105 | Reward:   231.33
Total T:  164570 | Ep: 2005 | Steps:  213 | Reward:   656.96
Total T:  164749 | Ep: 2006 | Steps:  179 | Reward:   524.15
Total T:  164869 | Ep: 2007 | Steps:  120 | Reward:   292.13
Total T:  165073 | Ep: 2008 | Steps:  204 | Reward:   616.35
Total T:  165280 | Ep: 2009 | Steps:  207 | Reward:   644.02
Total T:  165509 | Ep: 2010 | Steps:  229 | Reward:   724.04
Total T:  165728 | Ep: 2011 | Steps:  219 | Reward:   683.29
Total T:  165898 | Ep: 2012 | Steps:  170 | Reward:   501.64
Total T:  166101 | Ep: 2013 | Steps:  203 | Reward:   624.87
Total T:  166220 | Ep: 2014 | Steps:  119 | Reward:   292.21
Total T:  166399 | Ep: 2015 | Steps:  179 | Reward:   519.39
Total T:  166587 | Ep: 2016 | Steps:  188 | Reward:   583.31
Total T:  166716 | Ep: 2017 | Steps:  129 | Reward:   331.50
Total T:  166937 | Ep: 2018 | Steps:  221 | Reward:   711.41
Total T:  167187 | Ep: 2019 | Steps:  250 | Reward:   817.14
Total T:  167429 | Ep: 2020 | Steps:  242 | Reward:   770.69
Total T:  167602 | Ep: 2021 | Steps:  173 | Reward:   529.04
Total T:  167967 | Ep: 2022 | Steps:  365 | Reward:  1216.34
Total T:  168215 | Ep: 2023 | Steps:  248 | Reward:   822.99
Total T:  168423 | Ep: 2024 | Steps:  208 | Reward:   646.64
Total T:  168585 | Ep: 2025 | Steps:  162 | Reward:   463.49
Total T:  168735 | Ep: 2026 | Steps:  150 | Reward:   418.11
Total T:  168992 | Ep: 2027 | Steps:  257 | Reward:   869.25
Total T:  169190 | Ep: 2028 | Steps:  198 | Reward:   607.69
Total T:  169505 | Ep: 2029 | Steps:  315 | Reward:   991.83
Total T:  169696 | Ep: 2030 | Steps:  191 | Reward:   585.24
Total T:  169875 | Ep: 2031 | Steps:  179 | Reward:   525.24
---------------------------------------
Evaluation over 10 episodes: 753.480
---------------------------------------
Total T:  170080 | Ep: 2032 | Steps:  205 | Reward:   631.33
Total T:  170267 | Ep: 2033 | Steps:  187 | Reward:   568.13
Total T:  170441 | Ep: 2034 | Steps:  174 | Reward:   506.85
Total T:  170640 | Ep: 2035 | Steps:  199 | Reward:   617.15
Total T:  171533 | Ep: 2036 | Steps:  893 | Reward:  2953.27
Total T:  171791 | Ep: 2037 | Steps:  258 | Reward:   852.01
Total T:  171988 | Ep: 2038 | Steps:  197 | Reward:   607.88
Total T:  172452 | Ep: 2039 | Steps:  464 | Reward:  1578.04
Total T:  172635 | Ep: 2040 | Steps:  183 | Reward:   544.84
Total T:  172930 | Ep: 2041 | Steps:  295 | Reward:   992.71
Total T:  173570 | Ep: 2042 | Steps:  640 | Reward:  2103.86
Total T:  173948 | Ep: 2043 | Steps:  378 | Reward:  1230.78
Total T:  174423 | Ep: 2044 | Steps:  475 | Reward:  1532.87
Total T:  174798 | Ep: 2045 | Steps:  375 | Reward:  1206.16
Total T:  175334 | Ep: 2046 | Steps:  536 | Reward:  1758.00
Total T:  175579 | Ep: 2047 | Steps:  245 | Reward:   812.68
Total T:  176146 | Ep: 2048 | Steps:  567 | Reward:  1882.67
Total T:  176661 | Ep: 2049 | Steps:  515 | Reward:  1649.78
Total T:  177094 | Ep: 2050 | Steps:  433 | Reward:  1376.34
Total T:  177416 | Ep: 2051 | Steps:  322 | Reward:  1028.39
Total T:  177651 | Ep: 2052 | Steps:  235 | Reward:   754.12
Total T:  177869 | Ep: 2053 | Steps:  218 | Reward:   701.25
Total T:  178123 | Ep: 2054 | Steps:  254 | Reward:   853.71
Total T:  178517 | Ep: 2055 | Steps:  394 | Reward:  1320.78
Total T:  179004 | Ep: 2056 | Steps:  487 | Reward:  1610.51
Total T:  179034 | Ep: 2057 | Steps:   30 | Reward:    44.75
Total T:  179380 | Ep: 2058 | Steps:  346 | Reward:  1123.73
Total T:  179852 | Ep: 2059 | Steps:  472 | Reward:  1488.35
---------------------------------------
Evaluation over 10 episodes: 2895.291
---------------------------------------
Total T:  180414 | Ep: 2060 | Steps:  562 | Reward:  1832.66
Total T:  180801 | Ep: 2061 | Steps:  387 | Reward:  1234.92
Total T:  181249 | Ep: 2062 | Steps:  448 | Reward:  1426.20
Total T:  182249 | Ep: 2063 | Steps: 1000 | Reward:  3175.40
Total T:  182672 | Ep: 2064 | Steps:  423 | Reward:  1304.11
Total T:  183564 | Ep: 2065 | Steps:  892 | Reward:  2865.58
Total T:  184097 | Ep: 2066 | Steps:  533 | Reward:  1690.68
Total T:  184742 | Ep: 2067 | Steps:  645 | Reward:  2128.49
Total T:  185244 | Ep: 2068 | Steps:  502 | Reward:  1627.08
Total T:  186075 | Ep: 2069 | Steps:  831 | Reward:  2717.61
Total T:  187075 | Ep: 2070 | Steps: 1000 | Reward:  3204.90
Total T:  187545 | Ep: 2071 | Steps:  470 | Reward:  1517.93
Total T:  188049 | Ep: 2072 | Steps:  504 | Reward:  1564.30
Total T:  188801 | Ep: 2073 | Steps:  752 | Reward:  2400.17
Total T:  189360 | Ep: 2074 | Steps:  559 | Reward:  1770.81
Total T:  189871 | Ep: 2075 | Steps:  511 | Reward:  1607.10
---------------------------------------
Evaluation over 10 episodes: 2560.911
---------------------------------------
Total T:  190646 | Ep: 2076 | Steps:  775 | Reward:  2488.69
Total T:  191646 | Ep: 2077 | Steps: 1000 | Reward:  2935.33
Total T:  192646 | Ep: 2078 | Steps: 1000 | Reward:  3106.58
Total T:  193188 | Ep: 2079 | Steps:  542 | Reward:  1651.59
Total T:  194022 | Ep: 2080 | Steps:  834 | Reward:  2558.20
Total T:  194274 | Ep: 2081 | Steps:  252 | Reward:   630.25
Total T:  194827 | Ep: 2082 | Steps:  553 | Reward:  1451.02
Total T:  195827 | Ep: 2083 | Steps: 1000 | Reward:  3177.40
Total T:  196668 | Ep: 2084 | Steps:  841 | Reward:  2462.50
Total T:  197064 | Ep: 2085 | Steps:  396 | Reward:  1130.46
Total T:  197981 | Ep: 2086 | Steps:  917 | Reward:  2833.97
Total T:  198981 | Ep: 2087 | Steps: 1000 | Reward:  3004.39
Total T:  199391 | Ep: 2088 | Steps:  410 | Reward:  1171.32
---------------------------------------
Evaluation over 10 episodes: 398.819
---------------------------------------
Total T:  200391 | Ep: 2089 | Steps: 1000 | Reward:  2998.87
Total T:  201239 | Ep: 2090 | Steps:  848 | Reward:  2615.54
Total T:  202239 | Ep: 2091 | Steps: 1000 | Reward:  3071.78
Total T:  203239 | Ep: 2092 | Steps: 1000 | Reward:  3121.23
Total T:  204239 | Ep: 2093 | Steps: 1000 | Reward:  3192.06
Total T:  205239 | Ep: 2094 | Steps: 1000 | Reward:  3195.30
Total T:  205815 | Ep: 2095 | Steps:  576 | Reward:  1807.84
Total T:  206815 | Ep: 2096 | Steps: 1000 | Reward:  3227.39
Total T:  207815 | Ep: 2097 | Steps: 1000 | Reward:  3263.18
Total T:  208469 | Ep: 2098 | Steps:  654 | Reward:  2073.16
Total T:  208676 | Ep: 2099 | Steps:  207 | Reward:   504.74
Total T:  209676 | Ep: 2100 | Steps: 1000 | Reward:  3263.86
---------------------------------------
Evaluation over 10 episodes: 2838.755
---------------------------------------
Total T:  210247 | Ep: 2101 | Steps:  571 | Reward:  1818.29
Total T:  210625 | Ep: 2102 | Steps:  378 | Reward:  1203.27
Total T:  211100 | Ep: 2103 | Steps:  475 | Reward:  1522.52
Total T:  211516 | Ep: 2104 | Steps:  416 | Reward:  1327.46
Total T:  211633 | Ep: 2105 | Steps:  117 | Reward:   248.16
Total T:  211750 | Ep: 2106 | Steps:  117 | Reward:   250.05
Total T:  212211 | Ep: 2107 | Steps:  461 | Reward:  1485.71
Total T:  212578 | Ep: 2108 | Steps:  367 | Reward:  1165.86
Total T:  213122 | Ep: 2109 | Steps:  544 | Reward:  1770.78
Total T:  214122 | Ep: 2110 | Steps: 1000 | Reward:  3263.40
Total T:  214503 | Ep: 2111 | Steps:  381 | Reward:  1244.31
Total T:  214888 | Ep: 2112 | Steps:  385 | Reward:  1265.57
Total T:  215511 | Ep: 2113 | Steps:  623 | Reward:  2005.48
Total T:  216056 | Ep: 2114 | Steps:  545 | Reward:  1793.99
Total T:  216626 | Ep: 2115 | Steps:  570 | Reward:  1886.74
Total T:  217261 | Ep: 2116 | Steps:  635 | Reward:  2065.55
Total T:  218261 | Ep: 2117 | Steps: 1000 | Reward:  3249.60
Total T:  218953 | Ep: 2118 | Steps:  692 | Reward:  2394.02
Total T:  219797 | Ep: 2119 | Steps:  844 | Reward:  2780.84
---------------------------------------
Evaluation over 10 episodes: 3262.194
---------------------------------------
Total T:  220797 | Ep: 2120 | Steps: 1000 | Reward:  3268.65
Total T:  221679 | Ep: 2121 | Steps:  882 | Reward:  2925.95
Total T:  222064 | Ep: 2122 | Steps:  385 | Reward:  1228.66
Total T:  222906 | Ep: 2123 | Steps:  842 | Reward:  2778.17
Total T:  223906 | Ep: 2124 | Steps: 1000 | Reward:  3261.61
Total T:  224307 | Ep: 2125 | Steps:  401 | Reward:  1314.74
Total T:  225307 | Ep: 2126 | Steps: 1000 | Reward:  3233.89
Total T:  226303 | Ep: 2127 | Steps:  996 | Reward:  3336.42
Total T:  227303 | Ep: 2128 | Steps: 1000 | Reward:  3270.73
Total T:  228303 | Ep: 2129 | Steps: 1000 | Reward:  3250.75
Total T:  229303 | Ep: 2130 | Steps: 1000 | Reward:  3302.91
---------------------------------------
Evaluation over 10 episodes: 3327.140
---------------------------------------
Total T:  230303 | Ep: 2131 | Steps: 1000 | Reward:  3245.30
Total T:  231303 | Ep: 2132 | Steps: 1000 | Reward:  3351.32
Total T:  232303 | Ep: 2133 | Steps: 1000 | Reward:  3277.19
Total T:  233130 | Ep: 2134 | Steps:  827 | Reward:  2761.86
Total T:  234130 | Ep: 2135 | Steps: 1000 | Reward:  3313.66
Total T:  235130 | Ep: 2136 | Steps: 1000 | Reward:  3365.70
Total T:  235432 | Ep: 2137 | Steps:  302 | Reward:   975.42
Total T:  235848 | Ep: 2138 | Steps:  416 | Reward:  1378.25
Total T:  236158 | Ep: 2139 | Steps:  310 | Reward:  1025.40
Total T:  236471 | Ep: 2140 | Steps:  313 | Reward:  1057.24
Total T:  236762 | Ep: 2141 | Steps:  291 | Reward:   972.80
Total T:  237096 | Ep: 2142 | Steps:  334 | Reward:  1118.49
Total T:  237906 | Ep: 2143 | Steps:  810 | Reward:  2576.84
Total T:  238270 | Ep: 2144 | Steps:  364 | Reward:  1222.55
Total T:  239270 | Ep: 2145 | Steps: 1000 | Reward:  3217.98
---------------------------------------
Evaluation over 10 episodes: 3104.879
---------------------------------------
Total T:  240270 | Ep: 2146 | Steps: 1000 | Reward:  3274.41
Total T:  240577 | Ep: 2147 | Steps:  307 | Reward:  1031.59
Total T:  241577 | Ep: 2148 | Steps: 1000 | Reward:  3244.67
Total T:  242577 | Ep: 2149 | Steps: 1000 | Reward:  3151.32
Total T:  243577 | Ep: 2150 | Steps: 1000 | Reward:  3177.35
Total T:  244577 | Ep: 2151 | Steps: 1000 | Reward:  3192.44
Total T:  244892 | Ep: 2152 | Steps:  315 | Reward:  1041.34
Total T:  245244 | Ep: 2153 | Steps:  352 | Reward:  1173.94
Total T:  245946 | Ep: 2154 | Steps:  702 | Reward:  2234.58
Total T:  246252 | Ep: 2155 | Steps:  306 | Reward:  1050.48
Total T:  246836 | Ep: 2156 | Steps:  584 | Reward:  1923.83
Total T:  247637 | Ep: 2157 | Steps:  801 | Reward:  2654.71
Total T:  247941 | Ep: 2158 | Steps:  304 | Reward:  1033.76
Total T:  248887 | Ep: 2159 | Steps:  946 | Reward:  3131.96
Total T:  249226 | Ep: 2160 | Steps:  339 | Reward:  1162.85
Total T:  250000 | Ep: 2161 | Steps:  774 | Reward:  2629.20
---------------------------------------
Evaluation over 10 episodes: 3016.206
---------------------------------------
Total T:  250319 | Ep: 2162 | Steps:  319 | Reward:  1068.33
Total T:  250601 | Ep: 2163 | Steps:  282 | Reward:   982.91
Total T:  250974 | Ep: 2164 | Steps:  373 | Reward:  1251.16
Total T:  251313 | Ep: 2165 | Steps:  339 | Reward:  1120.06
Total T:  252313 | Ep: 2166 | Steps: 1000 | Reward:  3320.29
Total T:  252643 | Ep: 2167 | Steps:  330 | Reward:  1097.99
Total T:  253308 | Ep: 2168 | Steps:  665 | Reward:  2270.54
Total T:  253856 | Ep: 2169 | Steps:  548 | Reward:  1727.42
Total T:  254390 | Ep: 2170 | Steps:  534 | Reward:  1650.28
Total T:  255390 | Ep: 2171 | Steps: 1000 | Reward:  3252.82
Total T:  255694 | Ep: 2172 | Steps:  304 | Reward:  1031.33
Total T:  256694 | Ep: 2173 | Steps: 1000 | Reward:  3413.38
Total T:  257008 | Ep: 2174 | Steps:  314 | Reward:  1056.98
Total T:  257329 | Ep: 2175 | Steps:  321 | Reward:  1091.84
Total T:  258329 | Ep: 2176 | Steps: 1000 | Reward:  3327.11
Total T:  259329 | Ep: 2177 | Steps: 1000 | Reward:  3373.71
Total T:  259653 | Ep: 2178 | Steps:  324 | Reward:  1104.36
---------------------------------------
Evaluation over 10 episodes: 2966.078
---------------------------------------
Total T:  260437 | Ep: 2179 | Steps:  784 | Reward:  2643.24
Total T:  261437 | Ep: 2180 | Steps: 1000 | Reward:  3325.68
Total T:  261786 | Ep: 2181 | Steps:  349 | Reward:  1221.86
Total T:  262786 | Ep: 2182 | Steps: 1000 | Reward:  3289.13
Total T:  263074 | Ep: 2183 | Steps:  288 | Reward:  1000.02
Total T:  263329 | Ep: 2184 | Steps:  255 | Reward:   886.14
Total T:  264329 | Ep: 2185 | Steps: 1000 | Reward:  3360.52
Total T:  265329 | Ep: 2186 | Steps: 1000 | Reward:  3375.72
Total T:  265585 | Ep: 2187 | Steps:  256 | Reward:   863.90
Total T:  265905 | Ep: 2188 | Steps:  320 | Reward:  1065.91
Total T:  266876 | Ep: 2189 | Steps:  971 | Reward:  3234.47
Total T:  267168 | Ep: 2190 | Steps:  292 | Reward:   987.05
Total T:  268168 | Ep: 2191 | Steps: 1000 | Reward:  3376.31
Total T:  268511 | Ep: 2192 | Steps:  343 | Reward:  1144.46
Total T:  268747 | Ep: 2193 | Steps:  236 | Reward:   794.35
Total T:  269747 | Ep: 2194 | Steps: 1000 | Reward:  3332.97
---------------------------------------
Evaluation over 10 episodes: 3356.955
---------------------------------------
Total T:  270747 | Ep: 2195 | Steps: 1000 | Reward:  3329.70
Total T:  271747 | Ep: 2196 | Steps: 1000 | Reward:  3307.74
Total T:  272383 | Ep: 2197 | Steps:  636 | Reward:  2179.94
Total T:  272846 | Ep: 2198 | Steps:  463 | Reward:  1532.48
Total T:  273188 | Ep: 2199 | Steps:  342 | Reward:  1122.69
Total T:  274188 | Ep: 2200 | Steps: 1000 | Reward:  3355.32
Total T:  275188 | Ep: 2201 | Steps: 1000 | Reward:  3347.24
Total T:  276188 | Ep: 2202 | Steps: 1000 | Reward:  3351.00
Total T:  276479 | Ep: 2203 | Steps:  291 | Reward:   979.33
Total T:  276826 | Ep: 2204 | Steps:  347 | Reward:  1159.98
Total T:  277826 | Ep: 2205 | Steps: 1000 | Reward:  3339.14
Total T:  278592 | Ep: 2206 | Steps:  766 | Reward:  2492.96
Total T:  278894 | Ep: 2207 | Steps:  302 | Reward:  1014.23
Total T:  279894 | Ep: 2208 | Steps: 1000 | Reward:  3271.34
---------------------------------------
Evaluation over 10 episodes: 2521.676
---------------------------------------
Total T:  280179 | Ep: 2209 | Steps:  285 | Reward:  1009.19
Total T:  281179 | Ep: 2210 | Steps: 1000 | Reward:  3433.22
Total T:  281492 | Ep: 2211 | Steps:  313 | Reward:  1024.22
Total T:  282492 | Ep: 2212 | Steps: 1000 | Reward:  3441.14
Total T:  283492 | Ep: 2213 | Steps: 1000 | Reward:  3418.36
Total T:  284492 | Ep: 2214 | Steps: 1000 | Reward:  3497.22
Total T:  285492 | Ep: 2215 | Steps: 1000 | Reward:  3386.62
Total T:  286078 | Ep: 2216 | Steps:  586 | Reward:  2029.00
Total T:  287078 | Ep: 2217 | Steps: 1000 | Reward:  3307.03
Total T:  287287 | Ep: 2218 | Steps:  209 | Reward:   694.12
Total T:  288287 | Ep: 2219 | Steps: 1000 | Reward:  3359.95
Total T:  288660 | Ep: 2220 | Steps:  373 | Reward:  1235.51
Total T:  288971 | Ep: 2221 | Steps:  311 | Reward:  1033.72
Total T:  289533 | Ep: 2222 | Steps:  562 | Reward:  1950.01
Total T:  289939 | Ep: 2223 | Steps:  406 | Reward:  1279.54
---------------------------------------
Evaluation over 10 episodes: 3293.748
---------------------------------------
Total T:  290939 | Ep: 2224 | Steps: 1000 | Reward:  3482.61
Total T:  291312 | Ep: 2225 | Steps:  373 | Reward:  1230.54
Total T:  292312 | Ep: 2226 | Steps: 1000 | Reward:  3482.29
Total T:  293312 | Ep: 2227 | Steps: 1000 | Reward:  3497.96
Total T:  294312 | Ep: 2228 | Steps: 1000 | Reward:  3421.48
Total T:  295312 | Ep: 2229 | Steps: 1000 | Reward:  3457.39
Total T:  296312 | Ep: 2230 | Steps: 1000 | Reward:  3488.04
Total T:  297312 | Ep: 2231 | Steps: 1000 | Reward:  3377.59
Total T:  298312 | Ep: 2232 | Steps: 1000 | Reward:  3502.26
Total T:  299312 | Ep: 2233 | Steps: 1000 | Reward:  3469.18
---------------------------------------
Evaluation over 10 episodes: 3480.802
---------------------------------------
Total T:  300312 | Ep: 2234 | Steps: 1000 | Reward:  3434.79
Total T:  301312 | Ep: 2235 | Steps: 1000 | Reward:  3392.39
Total T:  302312 | Ep: 2236 | Steps: 1000 | Reward:  3502.15
Total T:  303312 | Ep: 2237 | Steps: 1000 | Reward:  3445.01
Total T:  304312 | Ep: 2238 | Steps: 1000 | Reward:  3501.29
Total T:  305312 | Ep: 2239 | Steps: 1000 | Reward:  3523.07
Total T:  306251 | Ep: 2240 | Steps:  939 | Reward:  3236.88
Total T:  307251 | Ep: 2241 | Steps: 1000 | Reward:  3476.56
Total T:  308251 | Ep: 2242 | Steps: 1000 | Reward:  3501.85
Total T:  309251 | Ep: 2243 | Steps: 1000 | Reward:  3481.50
---------------------------------------
Evaluation over 10 episodes: 3620.979
---------------------------------------
Total T:  310251 | Ep: 2244 | Steps: 1000 | Reward:  3445.64
Total T:  311251 | Ep: 2245 | Steps: 1000 | Reward:  3450.24
Total T:  312251 | Ep: 2246 | Steps: 1000 | Reward:  3484.37
Total T:  313251 | Ep: 2247 | Steps: 1000 | Reward:  3517.84
Total T:  313837 | Ep: 2248 | Steps:  586 | Reward:  1885.81
Total T:  314837 | Ep: 2249 | Steps: 1000 | Reward:  3466.01
Total T:  315837 | Ep: 2250 | Steps: 1000 | Reward:  3498.45
Total T:  316837 | Ep: 2251 | Steps: 1000 | Reward:  3457.42
Total T:  317349 | Ep: 2252 | Steps:  512 | Reward:  1742.74
Total T:  317941 | Ep: 2253 | Steps:  592 | Reward:  2025.89
Total T:  318941 | Ep: 2254 | Steps: 1000 | Reward:  3515.71
Total T:  319941 | Ep: 2255 | Steps: 1000 | Reward:  3450.96
---------------------------------------
Evaluation over 10 episodes: 3567.476
---------------------------------------
Total T:  320941 | Ep: 2256 | Steps: 1000 | Reward:  3496.90
Total T:  321380 | Ep: 2257 | Steps:  439 | Reward:  1475.62
Total T:  321743 | Ep: 2258 | Steps:  363 | Reward:  1335.07
Total T:  322743 | Ep: 2259 | Steps: 1000 | Reward:  3494.00
Total T:  323743 | Ep: 2260 | Steps: 1000 | Reward:  3514.68
Total T:  324743 | Ep: 2261 | Steps: 1000 | Reward:  3513.07
Total T:  325743 | Ep: 2262 | Steps: 1000 | Reward:  3540.91
Total T:  326162 | Ep: 2263 | Steps:  419 | Reward:  1418.96
Total T:  327162 | Ep: 2264 | Steps: 1000 | Reward:  3492.71
Total T:  328162 | Ep: 2265 | Steps: 1000 | Reward:  3365.06
Total T:  329162 | Ep: 2266 | Steps: 1000 | Reward:  3537.25
---------------------------------------
Evaluation over 10 episodes: 1713.195
---------------------------------------
Total T:  330162 | Ep: 2267 | Steps: 1000 | Reward:  3550.96
Total T:  331162 | Ep: 2268 | Steps: 1000 | Reward:  3503.91
Total T:  332162 | Ep: 2269 | Steps: 1000 | Reward:  3412.60
Total T:  333162 | Ep: 2270 | Steps: 1000 | Reward:  3414.88
Total T:  333532 | Ep: 2271 | Steps:  370 | Reward:  1256.88
Total T:  334470 | Ep: 2272 | Steps:  938 | Reward:  3300.47
Total T:  335470 | Ep: 2273 | Steps: 1000 | Reward:  3524.44
Total T:  336470 | Ep: 2274 | Steps: 1000 | Reward:  3490.18
Total T:  336886 | Ep: 2275 | Steps:  416 | Reward:  1485.08
Total T:  337234 | Ep: 2276 | Steps:  348 | Reward:  1255.04
Total T:  338234 | Ep: 2277 | Steps: 1000 | Reward:  3417.88
Total T:  339193 | Ep: 2278 | Steps:  959 | Reward:  3354.38
---------------------------------------
Evaluation over 10 episodes: 3562.369
---------------------------------------
Total T:  340193 | Ep: 2279 | Steps: 1000 | Reward:  3517.42
Total T:  340758 | Ep: 2280 | Steps:  565 | Reward:  1939.16
Total T:  341758 | Ep: 2281 | Steps: 1000 | Reward:  3436.97
Total T:  342239 | Ep: 2282 | Steps:  481 | Reward:  1690.73
Total T:  343239 | Ep: 2283 | Steps: 1000 | Reward:  3432.10
Total T:  343711 | Ep: 2284 | Steps:  472 | Reward:  1652.56
Total T:  344051 | Ep: 2285 | Steps:  340 | Reward:  1152.44
Total T:  345051 | Ep: 2286 | Steps: 1000 | Reward:  3373.30
Total T:  346051 | Ep: 2287 | Steps: 1000 | Reward:  3445.36
Total T:  347051 | Ep: 2288 | Steps: 1000 | Reward:  3516.03
Total T:  348051 | Ep: 2289 | Steps: 1000 | Reward:  3481.79
Total T:  349051 | Ep: 2290 | Steps: 1000 | Reward:  3497.65
Total T:  349444 | Ep: 2291 | Steps:  393 | Reward:  1354.91
Total T:  349547 | Ep: 2292 | Steps:  103 | Reward:   218.50
Total T:  349868 | Ep: 2293 | Steps:  321 | Reward:  1155.95
---------------------------------------
Evaluation over 10 episodes: 3372.853
---------------------------------------
Total T:  350361 | Ep: 2294 | Steps:  493 | Reward:  1719.59
Total T:  351361 | Ep: 2295 | Steps: 1000 | Reward:  3517.89
Total T:  352219 | Ep: 2296 | Steps:  858 | Reward:  3040.51
Total T:  353219 | Ep: 2297 | Steps: 1000 | Reward:  3503.39
Total T:  354219 | Ep: 2298 | Steps: 1000 | Reward:  3520.56
Total T:  355219 | Ep: 2299 | Steps: 1000 | Reward:  3478.92
Total T:  355916 | Ep: 2300 | Steps:  697 | Reward:  2324.41
Total T:  356352 | Ep: 2301 | Steps:  436 | Reward:  1500.67
Total T:  357123 | Ep: 2302 | Steps:  771 | Reward:  2731.13
Total T:  358123 | Ep: 2303 | Steps: 1000 | Reward:  3532.47
Total T:  359123 | Ep: 2304 | Steps: 1000 | Reward:  3459.20
Total T:  359479 | Ep: 2305 | Steps:  356 | Reward:  1203.62
---------------------------------------
Evaluation over 10 episodes: 2819.660
---------------------------------------
Total T:  360088 | Ep: 2306 | Steps:  609 | Reward:  2229.84
Total T:  360306 | Ep: 2307 | Steps:  218 | Reward:   719.62
Total T:  360641 | Ep: 2308 | Steps:  335 | Reward:  1128.55
Total T:  361594 | Ep: 2309 | Steps:  953 | Reward:  3310.15
Total T:  362594 | Ep: 2310 | Steps: 1000 | Reward:  3450.66
Total T:  363594 | Ep: 2311 | Steps: 1000 | Reward:  3388.67
Total T:  364594 | Ep: 2312 | Steps: 1000 | Reward:  3495.13
Total T:  365594 | Ep: 2313 | Steps: 1000 | Reward:  3335.58
Total T:  366594 | Ep: 2314 | Steps: 1000 | Reward:  3455.65
Total T:  367093 | Ep: 2315 | Steps:  499 | Reward:  1785.29
Total T:  368093 | Ep: 2316 | Steps: 1000 | Reward:  3512.89
Total T:  369093 | Ep: 2317 | Steps: 1000 | Reward:  3490.32
---------------------------------------
Evaluation over 10 episodes: 3037.233
---------------------------------------
Total T:  370093 | Ep: 2318 | Steps: 1000 | Reward:  3403.94
Total T:  371093 | Ep: 2319 | Steps: 1000 | Reward:  3394.03
Total T:  372093 | Ep: 2320 | Steps: 1000 | Reward:  3511.27
Total T:  372442 | Ep: 2321 | Steps:  349 | Reward:  1260.43
Total T:  373442 | Ep: 2322 | Steps: 1000 | Reward:  3422.66
Total T:  373882 | Ep: 2323 | Steps:  440 | Reward:  1581.67
Total T:  374882 | Ep: 2324 | Steps: 1000 | Reward:  3467.82
Total T:  375882 | Ep: 2325 | Steps: 1000 | Reward:  3422.24
Total T:  376091 | Ep: 2326 | Steps:  209 | Reward:   694.17
Total T:  376545 | Ep: 2327 | Steps:  454 | Reward:  1653.28
Total T:  377545 | Ep: 2328 | Steps: 1000 | Reward:  3461.31
Total T:  378296 | Ep: 2329 | Steps:  751 | Reward:  2629.59
Total T:  379296 | Ep: 2330 | Steps: 1000 | Reward:  3419.21
---------------------------------------
Evaluation over 10 episodes: 3524.030
---------------------------------------
Total T:  380296 | Ep: 2331 | Steps: 1000 | Reward:  3388.58
Total T:  380734 | Ep: 2332 | Steps:  438 | Reward:  1448.15
Total T:  381734 | Ep: 2333 | Steps: 1000 | Reward:  3442.45
Total T:  381970 | Ep: 2334 | Steps:  236 | Reward:   827.76
Total T:  382197 | Ep: 2335 | Steps:  227 | Reward:   773.78
Total T:  382940 | Ep: 2336 | Steps:  743 | Reward:  2571.63
Total T:  383940 | Ep: 2337 | Steps: 1000 | Reward:  3434.32
Total T:  384940 | Ep: 2338 | Steps: 1000 | Reward:  3354.13
Total T:  385297 | Ep: 2339 | Steps:  357 | Reward:  1313.10
Total T:  385508 | Ep: 2340 | Steps:  211 | Reward:   709.59
Total T:  385805 | Ep: 2341 | Steps:  297 | Reward:  1067.40
Total T:  386805 | Ep: 2342 | Steps: 1000 | Reward:  3480.55
Total T:  387073 | Ep: 2343 | Steps:  268 | Reward:   977.68
Total T:  387268 | Ep: 2344 | Steps:  195 | Reward:   665.70
Total T:  387531 | Ep: 2345 | Steps:  263 | Reward:   954.18
Total T:  387751 | Ep: 2346 | Steps:  220 | Reward:   748.75
Total T:  387992 | Ep: 2347 | Steps:  241 | Reward:   859.45
Total T:  388354 | Ep: 2348 | Steps:  362 | Reward:  1277.67
Total T:  388636 | Ep: 2349 | Steps:  282 | Reward:  1005.14
Total T:  389636 | Ep: 2350 | Steps: 1000 | Reward:  3472.95
---------------------------------------
Evaluation over 10 episodes: 3564.909
---------------------------------------
Total T:  390636 | Ep: 2351 | Steps: 1000 | Reward:  3420.02
Total T:  391636 | Ep: 2352 | Steps: 1000 | Reward:  3420.21
Total T:  392636 | Ep: 2353 | Steps: 1000 | Reward:  3402.50
Total T:  393636 | Ep: 2354 | Steps: 1000 | Reward:  3428.68
Total T:  393911 | Ep: 2355 | Steps:  275 | Reward:   985.97
Total T:  394911 | Ep: 2356 | Steps: 1000 | Reward:  3557.64
Total T:  395911 | Ep: 2357 | Steps: 1000 | Reward:  3471.02
Total T:  396382 | Ep: 2358 | Steps:  471 | Reward:  1614.03
Total T:  397382 | Ep: 2359 | Steps: 1000 | Reward:  3422.39
Total T:  398382 | Ep: 2360 | Steps: 1000 | Reward:  3519.92
Total T:  399382 | Ep: 2361 | Steps: 1000 | Reward:  3506.99
Total T:  399989 | Ep: 2362 | Steps:  607 | Reward:  2107.90
---------------------------------------
Evaluation over 10 episodes: 3127.974
---------------------------------------
Total T:  400783 | Ep: 2363 | Steps:  794 | Reward:  2782.74
Total T:  401783 | Ep: 2364 | Steps: 1000 | Reward:  3449.38
Total T:  402783 | Ep: 2365 | Steps: 1000 | Reward:  3498.63
Total T:  403783 | Ep: 2366 | Steps: 1000 | Reward:  3494.38
Total T:  404783 | Ep: 2367 | Steps: 1000 | Reward:  3331.17
Total T:  405783 | Ep: 2368 | Steps: 1000 | Reward:  3479.22
Total T:  406531 | Ep: 2369 | Steps:  748 | Reward:  2578.63
Total T:  407531 | Ep: 2370 | Steps: 1000 | Reward:  3409.46
Total T:  408531 | Ep: 2371 | Steps: 1000 | Reward:  3472.66
Total T:  409342 | Ep: 2372 | Steps:  811 | Reward:  2821.46
Total T:  409638 | Ep: 2373 | Steps:  296 | Reward:   982.42
---------------------------------------
Evaluation over 10 episodes: 3252.394
---------------------------------------
Total T:  410638 | Ep: 2374 | Steps: 1000 | Reward:  3304.28
Total T:  411638 | Ep: 2375 | Steps: 1000 | Reward:  3395.97
Total T:  412638 | Ep: 2376 | Steps: 1000 | Reward:  3353.07
Total T:  413638 | Ep: 2377 | Steps: 1000 | Reward:  3239.46
Total T:  414638 | Ep: 2378 | Steps: 1000 | Reward:  3448.00
Total T:  415638 | Ep: 2379 | Steps: 1000 | Reward:  3393.29
Total T:  416638 | Ep: 2380 | Steps: 1000 | Reward:  3284.48
Total T:  417638 | Ep: 2381 | Steps: 1000 | Reward:  3298.95
Total T:  418638 | Ep: 2382 | Steps: 1000 | Reward:  3429.32
Total T:  419638 | Ep: 2383 | Steps: 1000 | Reward:  3400.71
---------------------------------------
Evaluation over 10 episodes: 3553.510
---------------------------------------
Total T:  420638 | Ep: 2384 | Steps: 1000 | Reward:  3371.31
Total T:  421638 | Ep: 2385 | Steps: 1000 | Reward:  3499.99
Total T:  422638 | Ep: 2386 | Steps: 1000 | Reward:  3397.73
Total T:  423638 | Ep: 2387 | Steps: 1000 | Reward:  3369.90
Total T:  424638 | Ep: 2388 | Steps: 1000 | Reward:  3372.52
Total T:  425638 | Ep: 2389 | Steps: 1000 | Reward:  3451.75
Total T:  426638 | Ep: 2390 | Steps: 1000 | Reward:  3485.52
Total T:  427638 | Ep: 2391 | Steps: 1000 | Reward:  3424.74
Total T:  428638 | Ep: 2392 | Steps: 1000 | Reward:  3483.21
Total T:  429638 | Ep: 2393 | Steps: 1000 | Reward:  3499.85
---------------------------------------
Evaluation over 10 episodes: 2947.844
---------------------------------------
Total T:  430638 | Ep: 2394 | Steps: 1000 | Reward:  3489.67
Total T:  431638 | Ep: 2395 | Steps: 1000 | Reward:  3388.12
Total T:  432638 | Ep: 2396 | Steps: 1000 | Reward:  3363.88
Total T:  433638 | Ep: 2397 | Steps: 1000 | Reward:  3387.70
Total T:  434638 | Ep: 2398 | Steps: 1000 | Reward:  3456.88
Total T:  435638 | Ep: 2399 | Steps: 1000 | Reward:  3454.83
Total T:  436638 | Ep: 2400 | Steps: 1000 | Reward:  3502.69
Total T:  437638 | Ep: 2401 | Steps: 1000 | Reward:  3454.61
Total T:  438161 | Ep: 2402 | Steps:  523 | Reward:  1907.78
Total T:  439161 | Ep: 2403 | Steps: 1000 | Reward:  3467.96
---------------------------------------
Evaluation over 10 episodes: 3557.064
---------------------------------------
Total T:  440161 | Ep: 2404 | Steps: 1000 | Reward:  3427.44
Total T:  441161 | Ep: 2405 | Steps: 1000 | Reward:  3458.23
Total T:  442161 | Ep: 2406 | Steps: 1000 | Reward:  3372.19
Total T:  443161 | Ep: 2407 | Steps: 1000 | Reward:  3452.41
Total T:  444161 | Ep: 2408 | Steps: 1000 | Reward:  3473.50
Total T:  445161 | Ep: 2409 | Steps: 1000 | Reward:  3436.87
Total T:  446161 | Ep: 2410 | Steps: 1000 | Reward:  3437.49
Total T:  447161 | Ep: 2411 | Steps: 1000 | Reward:  3433.04
Total T:  448161 | Ep: 2412 | Steps: 1000 | Reward:  3360.18
Total T:  449161 | Ep: 2413 | Steps: 1000 | Reward:  3479.78
Total T:  449596 | Ep: 2414 | Steps:  435 | Reward:  1388.99
---------------------------------------
Evaluation over 10 episodes: 3552.636
---------------------------------------
Total T:  450067 | Ep: 2415 | Steps:  471 | Reward:  1715.13
Total T:  451067 | Ep: 2416 | Steps: 1000 | Reward:  3472.00
Total T:  451392 | Ep: 2417 | Steps:  325 | Reward:  1152.48
Total T:  452392 | Ep: 2418 | Steps: 1000 | Reward:  3385.60
Total T:  453392 | Ep: 2419 | Steps: 1000 | Reward:  3491.99
Total T:  454392 | Ep: 2420 | Steps: 1000 | Reward:  3449.31
Total T:  455392 | Ep: 2421 | Steps: 1000 | Reward:  3360.10
Total T:  456392 | Ep: 2422 | Steps: 1000 | Reward:  3356.76
Total T:  457392 | Ep: 2423 | Steps: 1000 | Reward:  3428.82
Total T:  458392 | Ep: 2424 | Steps: 1000 | Reward:  3421.87
Total T:  459392 | Ep: 2425 | Steps: 1000 | Reward:  3487.78
---------------------------------------
Evaluation over 10 episodes: 3548.612
---------------------------------------
Total T:  460392 | Ep: 2426 | Steps: 1000 | Reward:  3363.71
Total T:  461392 | Ep: 2427 | Steps: 1000 | Reward:  3451.91
Total T:  462392 | Ep: 2428 | Steps: 1000 | Reward:  3438.81
Total T:  463392 | Ep: 2429 | Steps: 1000 | Reward:  3395.56
Total T:  464392 | Ep: 2430 | Steps: 1000 | Reward:  3542.69
Total T:  465392 | Ep: 2431 | Steps: 1000 | Reward:  3448.47
Total T:  466330 | Ep: 2432 | Steps:  938 | Reward:  3391.16
Total T:  467330 | Ep: 2433 | Steps: 1000 | Reward:  3368.70
Total T:  468330 | Ep: 2434 | Steps: 1000 | Reward:  3437.06
Total T:  469330 | Ep: 2435 | Steps: 1000 | Reward:  3428.97
---------------------------------------
Evaluation over 10 episodes: 3504.890
---------------------------------------
Total T:  470330 | Ep: 2436 | Steps: 1000 | Reward:  3423.24
Total T:  471330 | Ep: 2437 | Steps: 1000 | Reward:  3330.05
Total T:  472330 | Ep: 2438 | Steps: 1000 | Reward:  3449.36
Total T:  473330 | Ep: 2439 | Steps: 1000 | Reward:  3387.14
Total T:  474330 | Ep: 2440 | Steps: 1000 | Reward:  3346.27
Total T:  475330 | Ep: 2441 | Steps: 1000 | Reward:  3419.04
Total T:  476330 | Ep: 2442 | Steps: 1000 | Reward:  3496.26
Total T:  477330 | Ep: 2443 | Steps: 1000 | Reward:  3420.01
Total T:  478330 | Ep: 2444 | Steps: 1000 | Reward:  3466.30
Total T:  479330 | Ep: 2445 | Steps: 1000 | Reward:  3265.76
---------------------------------------
Evaluation over 10 episodes: 3586.472
---------------------------------------
Total T:  480330 | Ep: 2446 | Steps: 1000 | Reward:  3475.49
Total T:  481330 | Ep: 2447 | Steps: 1000 | Reward:  3363.65
Total T:  482330 | Ep: 2448 | Steps: 1000 | Reward:  3480.69
Total T:  483330 | Ep: 2449 | Steps: 1000 | Reward:  3456.49
Total T:  484054 | Ep: 2450 | Steps:  724 | Reward:  2541.22
Total T:  485054 | Ep: 2451 | Steps: 1000 | Reward:  3458.75
Total T:  486054 | Ep: 2452 | Steps: 1000 | Reward:  3444.14
Total T:  487054 | Ep: 2453 | Steps: 1000 | Reward:  3404.17
Total T:  488054 | Ep: 2454 | Steps: 1000 | Reward:  3401.94
Total T:  489054 | Ep: 2455 | Steps: 1000 | Reward:  3456.50
---------------------------------------
Evaluation over 10 episodes: 3483.083
---------------------------------------
Total T:  490054 | Ep: 2456 | Steps: 1000 | Reward:  3447.59
Total T:  491054 | Ep: 2457 | Steps: 1000 | Reward:  3378.68
Total T:  492054 | Ep: 2458 | Steps: 1000 | Reward:  3436.21
Total T:  493054 | Ep: 2459 | Steps: 1000 | Reward:  3493.45
Total T:  494054 | Ep: 2460 | Steps: 1000 | Reward:  3434.55
Total T:  495054 | Ep: 2461 | Steps: 1000 | Reward:  3429.30
Total T:  496037 | Ep: 2462 | Steps:  983 | Reward:  3543.96
Total T:  496870 | Ep: 2463 | Steps:  833 | Reward:  2911.35
Total T:  497870 | Ep: 2464 | Steps: 1000 | Reward:  3375.91
Total T:  498870 | Ep: 2465 | Steps: 1000 | Reward:  3449.91
Total T:  499870 | Ep: 2466 | Steps: 1000 | Reward:  3428.10
---------------------------------------
Evaluation over 10 episodes: 3478.223
---------------------------------------
Total T:  500870 | Ep: 2467 | Steps: 1000 | Reward:  3441.41
Total T:  501870 | Ep: 2468 | Steps: 1000 | Reward:  3468.71
Total T:  502870 | Ep: 2469 | Steps: 1000 | Reward:  3382.10
Total T:  503870 | Ep: 2470 | Steps: 1000 | Reward:  3421.85
Total T:  504870 | Ep: 2471 | Steps: 1000 | Reward:  3419.46
Total T:  505870 | Ep: 2472 | Steps: 1000 | Reward:  3448.46
Total T:  506870 | Ep: 2473 | Steps: 1000 | Reward:  3381.43
Total T:  507169 | Ep: 2474 | Steps:  299 | Reward:  1073.01
Total T:  508169 | Ep: 2475 | Steps: 1000 | Reward:  3430.33
Total T:  509169 | Ep: 2476 | Steps: 1000 | Reward:  3409.69
---------------------------------------
Evaluation over 10 episodes: 3532.397
---------------------------------------
Total T:  510169 | Ep: 2477 | Steps: 1000 | Reward:  3397.91
Total T:  511169 | Ep: 2478 | Steps: 1000 | Reward:  3469.35
Total T:  512169 | Ep: 2479 | Steps: 1000 | Reward:  3409.74
Total T:  513169 | Ep: 2480 | Steps: 1000 | Reward:  3442.03
Total T:  514169 | Ep: 2481 | Steps: 1000 | Reward:  3491.25
Total T:  515169 | Ep: 2482 | Steps: 1000 | Reward:  3368.99
Total T:  516169 | Ep: 2483 | Steps: 1000 | Reward:  3504.87
Total T:  517169 | Ep: 2484 | Steps: 1000 | Reward:  3410.58
Total T:  518169 | Ep: 2485 | Steps: 1000 | Reward:  3439.10
Total T:  519169 | Ep: 2486 | Steps: 1000 | Reward:  3420.37
---------------------------------------
Evaluation over 10 episodes: 3592.632
---------------------------------------
Total T:  520169 | Ep: 2487 | Steps: 1000 | Reward:  3462.19
Total T:  521169 | Ep: 2488 | Steps: 1000 | Reward:  3369.91
Total T:  522169 | Ep: 2489 | Steps: 1000 | Reward:  3454.08
Total T:  523169 | Ep: 2490 | Steps: 1000 | Reward:  3415.43
Total T:  524169 | Ep: 2491 | Steps: 1000 | Reward:  3426.51
Total T:  525169 | Ep: 2492 | Steps: 1000 | Reward:  3443.71
Total T:  526169 | Ep: 2493 | Steps: 1000 | Reward:  3341.31
Total T:  527169 | Ep: 2494 | Steps: 1000 | Reward:  3490.22
Total T:  528169 | Ep: 2495 | Steps: 1000 | Reward:  3471.84
Total T:  529169 | Ep: 2496 | Steps: 1000 | Reward:  3456.28
---------------------------------------
Evaluation over 10 episodes: 3572.944
---------------------------------------
Total T:  530169 | Ep: 2497 | Steps: 1000 | Reward:  3445.99
Total T:  531169 | Ep: 2498 | Steps: 1000 | Reward:  3439.85
Total T:  532169 | Ep: 2499 | Steps: 1000 | Reward:  3409.76
Total T:  533169 | Ep: 2500 | Steps: 1000 | Reward:  3437.93
Total T:  534169 | Ep: 2501 | Steps: 1000 | Reward:  3399.90
Total T:  535169 | Ep: 2502 | Steps: 1000 | Reward:  3356.37
Total T:  536169 | Ep: 2503 | Steps: 1000 | Reward:  3448.94
Total T:  536696 | Ep: 2504 | Steps:  527 | Reward:  1751.64
Total T:  537696 | Ep: 2505 | Steps: 1000 | Reward:  3433.44
Total T:  538696 | Ep: 2506 | Steps: 1000 | Reward:  3483.42
Total T:  539148 | Ep: 2507 | Steps:  452 | Reward:  1605.19
---------------------------------------
Evaluation over 10 episodes: 3545.575
---------------------------------------
Total T:  540148 | Ep: 2508 | Steps: 1000 | Reward:  3467.43
Total T:  541148 | Ep: 2509 | Steps: 1000 | Reward:  3462.51
Total T:  542148 | Ep: 2510 | Steps: 1000 | Reward:  3397.33
Total T:  543148 | Ep: 2511 | Steps: 1000 | Reward:  3442.38
Total T:  544148 | Ep: 2512 | Steps: 1000 | Reward:  3399.93
Total T:  545148 | Ep: 2513 | Steps: 1000 | Reward:  3480.25
Total T:  546148 | Ep: 2514 | Steps: 1000 | Reward:  3428.83
Total T:  547148 | Ep: 2515 | Steps: 1000 | Reward:  3439.03
Total T:  548148 | Ep: 2516 | Steps: 1000 | Reward:  3401.76
Total T:  548918 | Ep: 2517 | Steps:  770 | Reward:  2732.00
Total T:  549918 | Ep: 2518 | Steps: 1000 | Reward:  3490.93
---------------------------------------
Evaluation over 10 episodes: 3572.508
---------------------------------------
Total T:  550918 | Ep: 2519 | Steps: 1000 | Reward:  3452.97
Total T:  551918 | Ep: 2520 | Steps: 1000 | Reward:  3391.52
Total T:  552918 | Ep: 2521 | Steps: 1000 | Reward:  3490.77
Total T:  553918 | Ep: 2522 | Steps: 1000 | Reward:  3444.97
Total T:  554918 | Ep: 2523 | Steps: 1000 | Reward:  3481.12
Total T:  555918 | Ep: 2524 | Steps: 1000 | Reward:  3477.80
Total T:  556918 | Ep: 2525 | Steps: 1000 | Reward:  3434.65
Total T:  557829 | Ep: 2526 | Steps:  911 | Reward:  3185.40
Total T:  558829 | Ep: 2527 | Steps: 1000 | Reward:  3473.56
Total T:  559829 | Ep: 2528 | Steps: 1000 | Reward:  3488.06
---------------------------------------
Evaluation over 10 episodes: 3573.568
---------------------------------------
Total T:  560829 | Ep: 2529 | Steps: 1000 | Reward:  3442.94
Total T:  561829 | Ep: 2530 | Steps: 1000 | Reward:  3434.78
Total T:  562829 | Ep: 2531 | Steps: 1000 | Reward:  3511.62
Total T:  563829 | Ep: 2532 | Steps: 1000 | Reward:  3514.11
Total T:  564829 | Ep: 2533 | Steps: 1000 | Reward:  3523.06
Total T:  565829 | Ep: 2534 | Steps: 1000 | Reward:  3509.33
Total T:  566829 | Ep: 2535 | Steps: 1000 | Reward:  3434.66
Total T:  567829 | Ep: 2536 | Steps: 1000 | Reward:  3470.44
Total T:  568829 | Ep: 2537 | Steps: 1000 | Reward:  3491.50
Total T:  569829 | Ep: 2538 | Steps: 1000 | Reward:  3496.79
---------------------------------------
Evaluation over 10 episodes: 3572.674
---------------------------------------
Total T:  570829 | Ep: 2539 | Steps: 1000 | Reward:  3452.36
Total T:  571829 | Ep: 2540 | Steps: 1000 | Reward:  3504.61
Total T:  572829 | Ep: 2541 | Steps: 1000 | Reward:  3394.72
Total T:  573829 | Ep: 2542 | Steps: 1000 | Reward:  3507.27
Total T:  574829 | Ep: 2543 | Steps: 1000 | Reward:  3504.36
Total T:  575829 | Ep: 2544 | Steps: 1000 | Reward:  3457.45
Total T:  576829 | Ep: 2545 | Steps: 1000 | Reward:  3496.82
Total T:  577829 | Ep: 2546 | Steps: 1000 | Reward:  3483.13
Total T:  578829 | Ep: 2547 | Steps: 1000 | Reward:  3497.46
Total T:  579829 | Ep: 2548 | Steps: 1000 | Reward:  3556.23
---------------------------------------
Evaluation over 10 episodes: 3542.513
---------------------------------------
Total T:  580829 | Ep: 2549 | Steps: 1000 | Reward:  3491.59
Total T:  581282 | Ep: 2550 | Steps:  453 | Reward:  1656.57
Total T:  582232 | Ep: 2551 | Steps:  950 | Reward:  3449.33
Total T:  583232 | Ep: 2552 | Steps: 1000 | Reward:  3507.87
Total T:  584232 | Ep: 2553 | Steps: 1000 | Reward:  3455.14
Total T:  585232 | Ep: 2554 | Steps: 1000 | Reward:  3502.06
Total T:  585916 | Ep: 2555 | Steps:  684 | Reward:  2463.01
Total T:  586916 | Ep: 2556 | Steps: 1000 | Reward:  3483.43
Total T:  587916 | Ep: 2557 | Steps: 1000 | Reward:  3470.03
Total T:  588916 | Ep: 2558 | Steps: 1000 | Reward:  3464.39
Total T:  589916 | Ep: 2559 | Steps: 1000 | Reward:  3481.40
---------------------------------------
Evaluation over 10 episodes: 3547.145
---------------------------------------
Total T:  590916 | Ep: 2560 | Steps: 1000 | Reward:  3509.50
Total T:  591916 | Ep: 2561 | Steps: 1000 | Reward:  3529.16
Total T:  592916 | Ep: 2562 | Steps: 1000 | Reward:  3482.71
Total T:  593916 | Ep: 2563 | Steps: 1000 | Reward:  3491.49
Total T:  594689 | Ep: 2564 | Steps:  773 | Reward:  2651.92
Total T:  595689 | Ep: 2565 | Steps: 1000 | Reward:  3472.76
Total T:  596689 | Ep: 2566 | Steps: 1000 | Reward:  3501.48
Total T:  597214 | Ep: 2567 | Steps:  525 | Reward:  1895.06
Total T:  598214 | Ep: 2568 | Steps: 1000 | Reward:  3506.20
Total T:  599214 | Ep: 2569 | Steps: 1000 | Reward:  3484.97
Total T:  599586 | Ep: 2570 | Steps:  372 | Reward:  1355.19
---------------------------------------
Evaluation over 10 episodes: 3548.517
---------------------------------------
Total T:  600568 | Ep: 2571 | Steps:  982 | Reward:  3620.20
Total T:  601568 | Ep: 2572 | Steps: 1000 | Reward:  3498.99
Total T:  602093 | Ep: 2573 | Steps:  525 | Reward:  1877.73
Total T:  602351 | Ep: 2574 | Steps:  258 | Reward:   951.81
Total T:  603351 | Ep: 2575 | Steps: 1000 | Reward:  3499.87
Total T:  604351 | Ep: 2576 | Steps: 1000 | Reward:  3493.93
Total T:  605351 | Ep: 2577 | Steps: 1000 | Reward:  3482.61
Total T:  606351 | Ep: 2578 | Steps: 1000 | Reward:  3420.67
Total T:  607351 | Ep: 2579 | Steps: 1000 | Reward:  3456.87
Total T:  608351 | Ep: 2580 | Steps: 1000 | Reward:  3479.33
Total T:  609351 | Ep: 2581 | Steps: 1000 | Reward:  3493.12
---------------------------------------
Evaluation over 10 episodes: 3530.131
---------------------------------------
Total T:  610351 | Ep: 2582 | Steps: 1000 | Reward:  3521.53
Total T:  611351 | Ep: 2583 | Steps: 1000 | Reward:  3511.17
Total T:  612351 | Ep: 2584 | Steps: 1000 | Reward:  3501.22
Total T:  613351 | Ep: 2585 | Steps: 1000 | Reward:  3499.18
Total T:  614351 | Ep: 2586 | Steps: 1000 | Reward:  3545.19
Total T:  615351 | Ep: 2587 | Steps: 1000 | Reward:  3562.74
Total T:  616351 | Ep: 2588 | Steps: 1000 | Reward:  3515.28
Total T:  616843 | Ep: 2589 | Steps:  492 | Reward:  1729.07
Total T:  617225 | Ep: 2590 | Steps:  382 | Reward:  1367.11
Total T:  618225 | Ep: 2591 | Steps: 1000 | Reward:  3497.35
Total T:  619225 | Ep: 2592 | Steps: 1000 | Reward:  3505.61
Total T:  619753 | Ep: 2593 | Steps:  528 | Reward:  1875.47
---------------------------------------
Evaluation over 10 episodes: 3555.034
---------------------------------------
Total T:  620753 | Ep: 2594 | Steps: 1000 | Reward:  3464.73
Total T:  621725 | Ep: 2595 | Steps:  972 | Reward:  3510.96
Total T:  622725 | Ep: 2596 | Steps: 1000 | Reward:  3529.72
Total T:  623725 | Ep: 2597 | Steps: 1000 | Reward:  3479.43
Total T:  624725 | Ep: 2598 | Steps: 1000 | Reward:  3450.92
Total T:  625725 | Ep: 2599 | Steps: 1000 | Reward:  3447.83
Total T:  626725 | Ep: 2600 | Steps: 1000 | Reward:  3432.51
Total T:  627725 | Ep: 2601 | Steps: 1000 | Reward:  3474.42
Total T:  628725 | Ep: 2602 | Steps: 1000 | Reward:  3495.51
Total T:  629725 | Ep: 2603 | Steps: 1000 | Reward:  3526.31
---------------------------------------
Evaluation over 10 episodes: 3544.114
---------------------------------------
Total T:  630725 | Ep: 2604 | Steps: 1000 | Reward:  3472.38
Total T:  631725 | Ep: 2605 | Steps: 1000 | Reward:  3461.18
Total T:  631990 | Ep: 2606 | Steps:  265 | Reward:   970.52
Total T:  632990 | Ep: 2607 | Steps: 1000 | Reward:  3452.22
Total T:  633990 | Ep: 2608 | Steps: 1000 | Reward:  3466.54
Total T:  634990 | Ep: 2609 | Steps: 1000 | Reward:  3470.51
Total T:  635990 | Ep: 2610 | Steps: 1000 | Reward:  3513.65
Total T:  636990 | Ep: 2611 | Steps: 1000 | Reward:  3424.80
Total T:  637990 | Ep: 2612 | Steps: 1000 | Reward:  3519.86
Total T:  638990 | Ep: 2613 | Steps: 1000 | Reward:  3525.22
Total T:  639990 | Ep: 2614 | Steps: 1000 | Reward:  3607.12
---------------------------------------
Evaluation over 10 episodes: 3563.266
---------------------------------------
Total T:  640990 | Ep: 2615 | Steps: 1000 | Reward:  3473.36
Total T:  641990 | Ep: 2616 | Steps: 1000 | Reward:  3451.84
Total T:  642990 | Ep: 2617 | Steps: 1000 | Reward:  3382.67
Total T:  643888 | Ep: 2618 | Steps:  898 | Reward:  3099.96
Total T:  644273 | Ep: 2619 | Steps:  385 | Reward:  1314.34
Total T:  645273 | Ep: 2620 | Steps: 1000 | Reward:  3510.26
Total T:  646273 | Ep: 2621 | Steps: 1000 | Reward:  3458.50
Total T:  647273 | Ep: 2622 | Steps: 1000 | Reward:  3506.85
Total T:  648273 | Ep: 2623 | Steps: 1000 | Reward:  3479.68
Total T:  649273 | Ep: 2624 | Steps: 1000 | Reward:  3513.53
---------------------------------------
Evaluation over 10 episodes: 3125.510
---------------------------------------
Total T:  650273 | Ep: 2625 | Steps: 1000 | Reward:  3525.00
Total T:  651273 | Ep: 2626 | Steps: 1000 | Reward:  3538.24
Total T:  652273 | Ep: 2627 | Steps: 1000 | Reward:  3497.27
Total T:  653273 | Ep: 2628 | Steps: 1000 | Reward:  3490.36
Total T:  654273 | Ep: 2629 | Steps: 1000 | Reward:  3489.30
Total T:  655273 | Ep: 2630 | Steps: 1000 | Reward:  3486.43
Total T:  656273 | Ep: 2631 | Steps: 1000 | Reward:  3487.97
Total T:  657273 | Ep: 2632 | Steps: 1000 | Reward:  3453.60
Total T:  657625 | Ep: 2633 | Steps:  352 | Reward:  1286.48
Total T:  658625 | Ep: 2634 | Steps: 1000 | Reward:  3471.20
Total T:  659625 | Ep: 2635 | Steps: 1000 | Reward:  3463.46
---------------------------------------
Evaluation over 10 episodes: 3571.986
---------------------------------------
Total T:  660625 | Ep: 2636 | Steps: 1000 | Reward:  3461.03
Total T:  661269 | Ep: 2637 | Steps:  644 | Reward:  2244.63
Total T:  662269 | Ep: 2638 | Steps: 1000 | Reward:  3478.59
Total T:  663269 | Ep: 2639 | Steps: 1000 | Reward:  3530.52
Total T:  664269 | Ep: 2640 | Steps: 1000 | Reward:  3460.93
Total T:  665269 | Ep: 2641 | Steps: 1000 | Reward:  3498.77
Total T:  666269 | Ep: 2642 | Steps: 1000 | Reward:  3520.05
Total T:  667269 | Ep: 2643 | Steps: 1000 | Reward:  3475.65
Total T:  668269 | Ep: 2644 | Steps: 1000 | Reward:  3475.20
Total T:  668620 | Ep: 2645 | Steps:  351 | Reward:  1271.79
Total T:  669620 | Ep: 2646 | Steps: 1000 | Reward:  3481.27
---------------------------------------
Evaluation over 10 episodes: 3310.076
---------------------------------------
Total T:  670620 | Ep: 2647 | Steps: 1000 | Reward:  3448.63
Total T:  671620 | Ep: 2648 | Steps: 1000 | Reward:  3466.46
Total T:  672620 | Ep: 2649 | Steps: 1000 | Reward:  3509.78
Total T:  673509 | Ep: 2650 | Steps:  889 | Reward:  3151.19
Total T:  674509 | Ep: 2651 | Steps: 1000 | Reward:  3505.99
Total T:  675137 | Ep: 2652 | Steps:  628 | Reward:  2172.92
Total T:  676137 | Ep: 2653 | Steps: 1000 | Reward:  3427.93
Total T:  677137 | Ep: 2654 | Steps: 1000 | Reward:  3491.63
Total T:  678137 | Ep: 2655 | Steps: 1000 | Reward:  3467.56
Total T:  679137 | Ep: 2656 | Steps: 1000 | Reward:  3465.30
---------------------------------------
Evaluation over 10 episodes: 3544.377
---------------------------------------
Total T:  680137 | Ep: 2657 | Steps: 1000 | Reward:  3448.55
Total T:  681137 | Ep: 2658 | Steps: 1000 | Reward:  3449.40
Total T:  682137 | Ep: 2659 | Steps: 1000 | Reward:  3426.65
Total T:  683137 | Ep: 2660 | Steps: 1000 | Reward:  3452.53
Total T:  684137 | Ep: 2661 | Steps: 1000 | Reward:  3404.15
Total T:  685137 | Ep: 2662 | Steps: 1000 | Reward:  3467.36
Total T:  685486 | Ep: 2663 | Steps:  349 | Reward:  1228.11
Total T:  686486 | Ep: 2664 | Steps: 1000 | Reward:  3487.18
Total T:  687486 | Ep: 2665 | Steps: 1000 | Reward:  3478.05
Total T:  688486 | Ep: 2666 | Steps: 1000 | Reward:  3454.07
Total T:  689486 | Ep: 2667 | Steps: 1000 | Reward:  3499.17
---------------------------------------
Evaluation over 10 episodes: 3564.984
---------------------------------------
Total T:  690486 | Ep: 2668 | Steps: 1000 | Reward:  3445.39
Total T:  691486 | Ep: 2669 | Steps: 1000 | Reward:  3477.24
Total T:  692486 | Ep: 2670 | Steps: 1000 | Reward:  3489.66
Total T:  693486 | Ep: 2671 | Steps: 1000 | Reward:  3458.31
Total T:  694486 | Ep: 2672 | Steps: 1000 | Reward:  3416.62
Total T:  695486 | Ep: 2673 | Steps: 1000 | Reward:  3469.21
Total T:  696486 | Ep: 2674 | Steps: 1000 | Reward:  3446.55
Total T:  697486 | Ep: 2675 | Steps: 1000 | Reward:  3454.32
Total T:  698486 | Ep: 2676 | Steps: 1000 | Reward:  3508.49
Total T:  699486 | Ep: 2677 | Steps: 1000 | Reward:  3442.21
---------------------------------------
Evaluation over 10 episodes: 3552.199
---------------------------------------
Total T:  700486 | Ep: 2678 | Steps: 1000 | Reward:  3463.14
Total T:  701486 | Ep: 2679 | Steps: 1000 | Reward:  3449.86
Total T:  702486 | Ep: 2680 | Steps: 1000 | Reward:  3427.16
Total T:  703486 | Ep: 2681 | Steps: 1000 | Reward:  3461.44
Total T:  704486 | Ep: 2682 | Steps: 1000 | Reward:  3492.90
Total T:  705486 | Ep: 2683 | Steps: 1000 | Reward:  3457.02
Total T:  706486 | Ep: 2684 | Steps: 1000 | Reward:  3454.03
Total T:  707486 | Ep: 2685 | Steps: 1000 | Reward:  3485.13
Total T:  708486 | Ep: 2686 | Steps: 1000 | Reward:  3471.37
Total T:  709486 | Ep: 2687 | Steps: 1000 | Reward:  3479.42
---------------------------------------
Evaluation over 10 episodes: 3469.484
---------------------------------------
Total T:  710486 | Ep: 2688 | Steps: 1000 | Reward:  3474.49
Total T:  711486 | Ep: 2689 | Steps: 1000 | Reward:  3458.89
Total T:  712486 | Ep: 2690 | Steps: 1000 | Reward:  3434.88
Total T:  713486 | Ep: 2691 | Steps: 1000 | Reward:  3459.28
Total T:  714486 | Ep: 2692 | Steps: 1000 | Reward:  3488.68
Total T:  715486 | Ep: 2693 | Steps: 1000 | Reward:  3471.97
Total T:  716486 | Ep: 2694 | Steps: 1000 | Reward:  3444.80
Total T:  717486 | Ep: 2695 | Steps: 1000 | Reward:  3466.10
Total T:  718486 | Ep: 2696 | Steps: 1000 | Reward:  3455.55
Total T:  719486 | Ep: 2697 | Steps: 1000 | Reward:  3473.93
---------------------------------------
Evaluation over 10 episodes: 3569.114
---------------------------------------
Total T:  720486 | Ep: 2698 | Steps: 1000 | Reward:  3453.31
Total T:  721486 | Ep: 2699 | Steps: 1000 | Reward:  3472.17
Total T:  722486 | Ep: 2700 | Steps: 1000 | Reward:  3492.24
Total T:  723486 | Ep: 2701 | Steps: 1000 | Reward:  3459.47
Total T:  724486 | Ep: 2702 | Steps: 1000 | Reward:  3476.72
Total T:  725486 | Ep: 2703 | Steps: 1000 | Reward:  3479.25
Total T:  726486 | Ep: 2704 | Steps: 1000 | Reward:  3460.86
Total T:  727486 | Ep: 2705 | Steps: 1000 | Reward:  3475.51
Total T:  728486 | Ep: 2706 | Steps: 1000 | Reward:  3418.22
Total T:  729486 | Ep: 2707 | Steps: 1000 | Reward:  3451.18
---------------------------------------
Evaluation over 10 episodes: 3534.811
---------------------------------------
Total T:  730486 | Ep: 2708 | Steps: 1000 | Reward:  3431.75
Total T:  731486 | Ep: 2709 | Steps: 1000 | Reward:  3458.90
Total T:  732486 | Ep: 2710 | Steps: 1000 | Reward:  3454.46
Total T:  733486 | Ep: 2711 | Steps: 1000 | Reward:  3401.17
Total T:  734486 | Ep: 2712 | Steps: 1000 | Reward:  3405.47
Total T:  735486 | Ep: 2713 | Steps: 1000 | Reward:  3461.65
Total T:  736486 | Ep: 2714 | Steps: 1000 | Reward:  3462.38
Total T:  737486 | Ep: 2715 | Steps: 1000 | Reward:  3496.87
Total T:  738486 | Ep: 2716 | Steps: 1000 | Reward:  3468.99
Total T:  739486 | Ep: 2717 | Steps: 1000 | Reward:  3482.04
Total T:  739692 | Ep: 2718 | Steps:  206 | Reward:   591.05
---------------------------------------
Evaluation over 10 episodes: 3513.158
---------------------------------------
Total T:  740692 | Ep: 2719 | Steps: 1000 | Reward:  3485.23
Total T:  741692 | Ep: 2720 | Steps: 1000 | Reward:  3460.83
Total T:  742692 | Ep: 2721 | Steps: 1000 | Reward:  3505.04
Total T:  743692 | Ep: 2722 | Steps: 1000 | Reward:  3398.07
Total T:  744692 | Ep: 2723 | Steps: 1000 | Reward:  3433.13
Total T:  745216 | Ep: 2724 | Steps:  524 | Reward:  1879.58
Total T:  746216 | Ep: 2725 | Steps: 1000 | Reward:  3462.49
Total T:  747216 | Ep: 2726 | Steps: 1000 | Reward:  3473.12
Total T:  748216 | Ep: 2727 | Steps: 1000 | Reward:  3431.72
Total T:  749216 | Ep: 2728 | Steps: 1000 | Reward:  3433.47
---------------------------------------
Evaluation over 10 episodes: 3514.845
---------------------------------------
Total T:  750216 | Ep: 2729 | Steps: 1000 | Reward:  3466.91
Total T:  751061 | Ep: 2730 | Steps:  845 | Reward:  3029.37
Total T:  752061 | Ep: 2731 | Steps: 1000 | Reward:  3418.12
Total T:  753061 | Ep: 2732 | Steps: 1000 | Reward:  3438.91
Total T:  754061 | Ep: 2733 | Steps: 1000 | Reward:  3449.56
Total T:  754517 | Ep: 2734 | Steps:  456 | Reward:  1601.59
Total T:  755517 | Ep: 2735 | Steps: 1000 | Reward:  3427.87
Total T:  756517 | Ep: 2736 | Steps: 1000 | Reward:  3477.15
Total T:  757517 | Ep: 2737 | Steps: 1000 | Reward:  3420.25
Total T:  758517 | Ep: 2738 | Steps: 1000 | Reward:  3428.45
Total T:  759517 | Ep: 2739 | Steps: 1000 | Reward:  3438.60
---------------------------------------
Evaluation over 10 episodes: 3469.838
---------------------------------------
Total T:  760326 | Ep: 2740 | Steps:  809 | Reward:  2894.30
Total T:  761326 | Ep: 2741 | Steps: 1000 | Reward:  3455.46
Total T:  762326 | Ep: 2742 | Steps: 1000 | Reward:  3470.56
Total T:  763326 | Ep: 2743 | Steps: 1000 | Reward:  3441.16
Total T:  764326 | Ep: 2744 | Steps: 1000 | Reward:  3449.34
Total T:  765326 | Ep: 2745 | Steps: 1000 | Reward:  3478.80
Total T:  766326 | Ep: 2746 | Steps: 1000 | Reward:  3437.09
Total T:  767326 | Ep: 2747 | Steps: 1000 | Reward:  3469.78
Total T:  768326 | Ep: 2748 | Steps: 1000 | Reward:  3422.41
Total T:  768716 | Ep: 2749 | Steps:  390 | Reward:  1353.69
Total T:  769716 | Ep: 2750 | Steps: 1000 | Reward:  3438.35
---------------------------------------
Evaluation over 10 episodes: 3312.151
---------------------------------------
Total T:  770716 | Ep: 2751 | Steps: 1000 | Reward:  3456.85
Total T:  771716 | Ep: 2752 | Steps: 1000 | Reward:  3510.09
Total T:  772716 | Ep: 2753 | Steps: 1000 | Reward:  3446.48
Total T:  773716 | Ep: 2754 | Steps: 1000 | Reward:  3433.02
Total T:  774716 | Ep: 2755 | Steps: 1000 | Reward:  3562.92
Total T:  774999 | Ep: 2756 | Steps:  283 | Reward:   997.54
Total T:  775432 | Ep: 2757 | Steps:  433 | Reward:  1562.82
Total T:  776407 | Ep: 2758 | Steps:  975 | Reward:  3516.67
Total T:  777197 | Ep: 2759 | Steps:  790 | Reward:  2883.61
Total T:  778197 | Ep: 2760 | Steps: 1000 | Reward:  3421.93
Total T:  779197 | Ep: 2761 | Steps: 1000 | Reward:  3449.75
---------------------------------------
Evaluation over 10 episodes: 3507.736
---------------------------------------
Total T:  780011 | Ep: 2762 | Steps:  814 | Reward:  2911.87
Total T:  781011 | Ep: 2763 | Steps: 1000 | Reward:  3453.32
Total T:  782011 | Ep: 2764 | Steps: 1000 | Reward:  3482.73
Total T:  782595 | Ep: 2765 | Steps:  584 | Reward:  2151.99
Total T:  783595 | Ep: 2766 | Steps: 1000 | Reward:  3456.01
Total T:  784024 | Ep: 2767 | Steps:  429 | Reward:  1504.90
Total T:  785024 | Ep: 2768 | Steps: 1000 | Reward:  3554.37
Total T:  786024 | Ep: 2769 | Steps: 1000 | Reward:  3471.95
Total T:  787024 | Ep: 2770 | Steps: 1000 | Reward:  3454.03
Total T:  788024 | Ep: 2771 | Steps: 1000 | Reward:  3512.28
Total T:  788634 | Ep: 2772 | Steps:  610 | Reward:  2191.18
Total T:  789025 | Ep: 2773 | Steps:  391 | Reward:  1370.30
Total T:  789406 | Ep: 2774 | Steps:  381 | Reward:  1360.46
Total T:  789806 | Ep: 2775 | Steps:  400 | Reward:  1416.29
---------------------------------------
Evaluation over 10 episodes: 3570.550
---------------------------------------
Total T:  790806 | Ep: 2776 | Steps: 1000 | Reward:  3447.61
Total T:  791674 | Ep: 2777 | Steps:  868 | Reward:  3136.62
Total T:  792003 | Ep: 2778 | Steps:  329 | Reward:  1176.49
Total T:  792987 | Ep: 2779 | Steps:  984 | Reward:  3486.55
Total T:  793987 | Ep: 2780 | Steps: 1000 | Reward:  3486.92
Total T:  794987 | Ep: 2781 | Steps: 1000 | Reward:  3520.12
Total T:  795987 | Ep: 2782 | Steps: 1000 | Reward:  3492.57
Total T:  796987 | Ep: 2783 | Steps: 1000 | Reward:  3490.06
Total T:  797615 | Ep: 2784 | Steps:  628 | Reward:  2276.74
Total T:  798032 | Ep: 2785 | Steps:  417 | Reward:  1564.40
Total T:  799032 | Ep: 2786 | Steps: 1000 | Reward:  3535.22
---------------------------------------
Evaluation over 10 episodes: 3531.399
---------------------------------------
Total T:  800032 | Ep: 2787 | Steps: 1000 | Reward:  3469.71
Total T:  800633 | Ep: 2788 | Steps:  601 | Reward:  2212.60
Total T:  801633 | Ep: 2789 | Steps: 1000 | Reward:  3486.77
Total T:  802572 | Ep: 2790 | Steps:  939 | Reward:  3377.76
Total T:  803247 | Ep: 2791 | Steps:  675 | Reward:  2402.26
Total T:  804247 | Ep: 2792 | Steps: 1000 | Reward:  3528.83
Total T:  805247 | Ep: 2793 | Steps: 1000 | Reward:  3511.99
Total T:  806247 | Ep: 2794 | Steps: 1000 | Reward:  3466.62
Total T:  807247 | Ep: 2795 | Steps: 1000 | Reward:  3482.67
Total T:  808247 | Ep: 2796 | Steps: 1000 | Reward:  3478.37
Total T:  809247 | Ep: 2797 | Steps: 1000 | Reward:  3416.07
---------------------------------------
Evaluation over 10 episodes: 3541.080
---------------------------------------
Total T:  810247 | Ep: 2798 | Steps: 1000 | Reward:  3491.09
Total T:  811247 | Ep: 2799 | Steps: 1000 | Reward:  3441.41
Total T:  812247 | Ep: 2800 | Steps: 1000 | Reward:  3439.73
Total T:  813247 | Ep: 2801 | Steps: 1000 | Reward:  3510.40
Total T:  814247 | Ep: 2802 | Steps: 1000 | Reward:  3475.84
Total T:  815247 | Ep: 2803 | Steps: 1000 | Reward:  3497.08
Total T:  816247 | Ep: 2804 | Steps: 1000 | Reward:  3423.48
Total T:  817247 | Ep: 2805 | Steps: 1000 | Reward:  3477.21
Total T:  818247 | Ep: 2806 | Steps: 1000 | Reward:  3500.04
Total T:  819247 | Ep: 2807 | Steps: 1000 | Reward:  3464.75
---------------------------------------
Evaluation over 10 episodes: 3586.269
---------------------------------------
Total T:  820247 | Ep: 2808 | Steps: 1000 | Reward:  3509.56
Total T:  821247 | Ep: 2809 | Steps: 1000 | Reward:  3472.66
Total T:  822247 | Ep: 2810 | Steps: 1000 | Reward:  3434.75
Total T:  823247 | Ep: 2811 | Steps: 1000 | Reward:  3492.31
Total T:  823279 | Ep: 2812 | Steps:   32 | Reward:    49.64
Total T:  823311 | Ep: 2813 | Steps:   32 | Reward:    49.85
Total T:  824311 | Ep: 2814 | Steps: 1000 | Reward:  3463.35
Total T:  825311 | Ep: 2815 | Steps: 1000 | Reward:  3469.10
Total T:  826216 | Ep: 2816 | Steps:  905 | Reward:  3273.37
Total T:  827216 | Ep: 2817 | Steps: 1000 | Reward:  3526.95
Total T:  828216 | Ep: 2818 | Steps: 1000 | Reward:  3512.42
Total T:  829216 | Ep: 2819 | Steps: 1000 | Reward:  3482.41
---------------------------------------
Evaluation over 10 episodes: 3552.203
---------------------------------------
Total T:  830216 | Ep: 2820 | Steps: 1000 | Reward:  3454.21
Total T:  830777 | Ep: 2821 | Steps:  561 | Reward:  2032.10
Total T:  831777 | Ep: 2822 | Steps: 1000 | Reward:  3431.02
Total T:  832777 | Ep: 2823 | Steps: 1000 | Reward:  3474.70
Total T:  833777 | Ep: 2824 | Steps: 1000 | Reward:  3455.56
Total T:  834777 | Ep: 2825 | Steps: 1000 | Reward:  3461.03
Total T:  835777 | Ep: 2826 | Steps: 1000 | Reward:  3394.25
Total T:  836401 | Ep: 2827 | Steps:  624 | Reward:  2260.33
Total T:  837401 | Ep: 2828 | Steps: 1000 | Reward:  3484.61
Total T:  838401 | Ep: 2829 | Steps: 1000 | Reward:  3470.99
Total T:  839401 | Ep: 2830 | Steps: 1000 | Reward:  3470.99
---------------------------------------
Evaluation over 10 episodes: 3573.967
---------------------------------------
Total T:  840401 | Ep: 2831 | Steps: 1000 | Reward:  3500.53
Total T:  841401 | Ep: 2832 | Steps: 1000 | Reward:  3396.46
Total T:  842401 | Ep: 2833 | Steps: 1000 | Reward:  3491.78
Total T:  843401 | Ep: 2834 | Steps: 1000 | Reward:  3521.06
Total T:  843525 | Ep: 2835 | Steps:  124 | Reward:   310.38
Total T:  844074 | Ep: 2836 | Steps:  549 | Reward:  1975.09
Total T:  845074 | Ep: 2837 | Steps: 1000 | Reward:  3475.42
Total T:  846074 | Ep: 2838 | Steps: 1000 | Reward:  3491.94
Total T:  846709 | Ep: 2839 | Steps:  635 | Reward:  2293.89
Total T:  847709 | Ep: 2840 | Steps: 1000 | Reward:  3510.71
Total T:  848709 | Ep: 2841 | Steps: 1000 | Reward:  3446.01
Total T:  849709 | Ep: 2842 | Steps: 1000 | Reward:  3494.54
---------------------------------------
Evaluation over 10 episodes: 3530.330
---------------------------------------
Total T:  850709 | Ep: 2843 | Steps: 1000 | Reward:  3446.78
Total T:  851709 | Ep: 2844 | Steps: 1000 | Reward:  3569.92
Total T:  852709 | Ep: 2845 | Steps: 1000 | Reward:  3457.82
Total T:  853709 | Ep: 2846 | Steps: 1000 | Reward:  3391.97
Total T:  854709 | Ep: 2847 | Steps: 1000 | Reward:  3461.05
Total T:  855709 | Ep: 2848 | Steps: 1000 | Reward:  3502.46
Total T:  856709 | Ep: 2849 | Steps: 1000 | Reward:  3501.79
Total T:  857709 | Ep: 2850 | Steps: 1000 | Reward:  3450.82
Total T:  858709 | Ep: 2851 | Steps: 1000 | Reward:  3433.47
Total T:  859709 | Ep: 2852 | Steps: 1000 | Reward:  3443.46
---------------------------------------
Evaluation over 10 episodes: 3507.264
---------------------------------------
Total T:  860709 | Ep: 2853 | Steps: 1000 | Reward:  3492.48
Total T:  861693 | Ep: 2854 | Steps:  984 | Reward:  3595.50
Total T:  862693 | Ep: 2855 | Steps: 1000 | Reward:  3511.25
Total T:  863693 | Ep: 2856 | Steps: 1000 | Reward:  3502.65
Total T:  864612 | Ep: 2857 | Steps:  919 | Reward:  3329.67
Total T:  865612 | Ep: 2858 | Steps: 1000 | Reward:  3459.47
Total T:  866612 | Ep: 2859 | Steps: 1000 | Reward:  3471.93
Total T:  867612 | Ep: 2860 | Steps: 1000 | Reward:  3419.93
Total T:  868612 | Ep: 2861 | Steps: 1000 | Reward:  3481.37
Total T:  869612 | Ep: 2862 | Steps: 1000 | Reward:  3454.90
---------------------------------------
Evaluation over 10 episodes: 3513.243
---------------------------------------
Total T:  870612 | Ep: 2863 | Steps: 1000 | Reward:  3439.47
Total T:  871612 | Ep: 2864 | Steps: 1000 | Reward:  3497.82
Total T:  872612 | Ep: 2865 | Steps: 1000 | Reward:  3468.86
Total T:  873286 | Ep: 2866 | Steps:  674 | Reward:  2339.29
Total T:  874286 | Ep: 2867 | Steps: 1000 | Reward:  3501.94
Total T:  875286 | Ep: 2868 | Steps: 1000 | Reward:  3472.73
Total T:  876286 | Ep: 2869 | Steps: 1000 | Reward:  3482.49
Total T:  877286 | Ep: 2870 | Steps: 1000 | Reward:  3478.16
Total T:  878286 | Ep: 2871 | Steps: 1000 | Reward:  3493.70
Total T:  879286 | Ep: 2872 | Steps: 1000 | Reward:  3479.33
---------------------------------------
Evaluation over 10 episodes: 3527.586
---------------------------------------
Total T:  880286 | Ep: 2873 | Steps: 1000 | Reward:  3446.84
Total T:  881286 | Ep: 2874 | Steps: 1000 | Reward:  3457.32
Total T:  882286 | Ep: 2875 | Steps: 1000 | Reward:  3489.26
Total T:  883286 | Ep: 2876 | Steps: 1000 | Reward:  3522.98
Total T:  884286 | Ep: 2877 | Steps: 1000 | Reward:  3473.03
Total T:  885286 | Ep: 2878 | Steps: 1000 | Reward:  3502.62
Total T:  886286 | Ep: 2879 | Steps: 1000 | Reward:  3459.70
Total T:  887286 | Ep: 2880 | Steps: 1000 | Reward:  3423.43
Total T:  888286 | Ep: 2881 | Steps: 1000 | Reward:  3513.43
Total T:  889286 | Ep: 2882 | Steps: 1000 | Reward:  3457.54
---------------------------------------
Evaluation over 10 episodes: 3516.203
---------------------------------------
Total T:  890286 | Ep: 2883 | Steps: 1000 | Reward:  3458.84
Total T:  891032 | Ep: 2884 | Steps:  746 | Reward:  2638.93
Total T:  892032 | Ep: 2885 | Steps: 1000 | Reward:  3604.56
Total T:  893032 | Ep: 2886 | Steps: 1000 | Reward:  3453.59
Total T:  894032 | Ep: 2887 | Steps: 1000 | Reward:  3499.35
Total T:  895032 | Ep: 2888 | Steps: 1000 | Reward:  3463.40
Total T:  896032 | Ep: 2889 | Steps: 1000 | Reward:  3486.93
Total T:  897032 | Ep: 2890 | Steps: 1000 | Reward:  3485.03
Total T:  898032 | Ep: 2891 | Steps: 1000 | Reward:  3420.00
Total T:  899032 | Ep: 2892 | Steps: 1000 | Reward:  3500.13
---------------------------------------
Evaluation over 10 episodes: 3536.648
---------------------------------------
Total T:  900032 | Ep: 2893 | Steps: 1000 | Reward:  3470.51
Total T:  901032 | Ep: 2894 | Steps: 1000 | Reward:  3493.21
Total T:  902032 | Ep: 2895 | Steps: 1000 | Reward:  3443.70
Total T:  903032 | Ep: 2896 | Steps: 1000 | Reward:  3476.40
Total T:  904032 | Ep: 2897 | Steps: 1000 | Reward:  3434.56
Total T:  905032 | Ep: 2898 | Steps: 1000 | Reward:  3462.28
Total T:  906032 | Ep: 2899 | Steps: 1000 | Reward:  3475.50
Total T:  907032 | Ep: 2900 | Steps: 1000 | Reward:  3473.21
Total T:  908032 | Ep: 2901 | Steps: 1000 | Reward:  3528.51
Total T:  909032 | Ep: 2902 | Steps: 1000 | Reward:  3484.49
---------------------------------------
Evaluation over 10 episodes: 3562.036
---------------------------------------
Total T:  910032 | Ep: 2903 | Steps: 1000 | Reward:  3536.81
Total T:  911032 | Ep: 2904 | Steps: 1000 | Reward:  3472.79
Total T:  912032 | Ep: 2905 | Steps: 1000 | Reward:  3494.39
Total T:  913032 | Ep: 2906 | Steps: 1000 | Reward:  3431.23
Total T:  914032 | Ep: 2907 | Steps: 1000 | Reward:  3485.32
Total T:  915032 | Ep: 2908 | Steps: 1000 | Reward:  3476.87
Total T:  916032 | Ep: 2909 | Steps: 1000 | Reward:  3471.07
Total T:  917032 | Ep: 2910 | Steps: 1000 | Reward:  3485.59
Total T:  918032 | Ep: 2911 | Steps: 1000 | Reward:  3491.22
Total T:  919032 | Ep: 2912 | Steps: 1000 | Reward:  3496.48
---------------------------------------
Evaluation over 10 episodes: 2662.201
---------------------------------------
Total T:  920032 | Ep: 2913 | Steps: 1000 | Reward:  3461.33
Total T:  921032 | Ep: 2914 | Steps: 1000 | Reward:  3410.45
Total T:  922032 | Ep: 2915 | Steps: 1000 | Reward:  3458.17
Total T:  923032 | Ep: 2916 | Steps: 1000 | Reward:  3467.43
Total T:  924032 | Ep: 2917 | Steps: 1000 | Reward:  3476.29
Total T:  925032 | Ep: 2918 | Steps: 1000 | Reward:  3501.84
Total T:  926032 | Ep: 2919 | Steps: 1000 | Reward:  3483.80
Total T:  927032 | Ep: 2920 | Steps: 1000 | Reward:  3503.38
Total T:  928032 | Ep: 2921 | Steps: 1000 | Reward:  3460.03
Total T:  929032 | Ep: 2922 | Steps: 1000 | Reward:  3430.05
---------------------------------------
Evaluation over 10 episodes: 3560.259
---------------------------------------
Total T:  930032 | Ep: 2923 | Steps: 1000 | Reward:  3491.51
Total T:  931032 | Ep: 2924 | Steps: 1000 | Reward:  3467.24
Total T:  932032 | Ep: 2925 | Steps: 1000 | Reward:  3487.75
Total T:  933032 | Ep: 2926 | Steps: 1000 | Reward:  3471.80
Total T:  934032 | Ep: 2927 | Steps: 1000 | Reward:  3449.16
Total T:  935032 | Ep: 2928 | Steps: 1000 | Reward:  3483.19
Total T:  936032 | Ep: 2929 | Steps: 1000 | Reward:  3482.60
Total T:  937032 | Ep: 2930 | Steps: 1000 | Reward:  3474.59
Total T:  937223 | Ep: 2931 | Steps:  191 | Reward:   524.26
Total T:  938223 | Ep: 2932 | Steps: 1000 | Reward:  3502.96
Total T:  939223 | Ep: 2933 | Steps: 1000 | Reward:  3475.72
---------------------------------------
Evaluation over 10 episodes: 3584.310
---------------------------------------
Total T:  940223 | Ep: 2934 | Steps: 1000 | Reward:  3509.32
Total T:  941223 | Ep: 2935 | Steps: 1000 | Reward:  3511.18
Total T:  942223 | Ep: 2936 | Steps: 1000 | Reward:  3510.96
Total T:  943223 | Ep: 2937 | Steps: 1000 | Reward:  3483.03
Total T:  944223 | Ep: 2938 | Steps: 1000 | Reward:  3555.45
Total T:  945223 | Ep: 2939 | Steps: 1000 | Reward:  3531.88
Total T:  946223 | Ep: 2940 | Steps: 1000 | Reward:  3492.96
Total T:  947223 | Ep: 2941 | Steps: 1000 | Reward:  3534.92
Total T:  948223 | Ep: 2942 | Steps: 1000 | Reward:  3513.87
Total T:  949223 | Ep: 2943 | Steps: 1000 | Reward:  3449.82
---------------------------------------
Evaluation over 10 episodes: 3576.737
---------------------------------------
Total T:  950223 | Ep: 2944 | Steps: 1000 | Reward:  3493.92
Total T:  951223 | Ep: 2945 | Steps: 1000 | Reward:  3452.10
Total T:  952223 | Ep: 2946 | Steps: 1000 | Reward:  3470.39
Total T:  953223 | Ep: 2947 | Steps: 1000 | Reward:  3433.60
Total T:  954223 | Ep: 2948 | Steps: 1000 | Reward:  3521.46
Total T:  955223 | Ep: 2949 | Steps: 1000 | Reward:  3504.22
Total T:  956223 | Ep: 2950 | Steps: 1000 | Reward:  3488.65
Total T:  957223 | Ep: 2951 | Steps: 1000 | Reward:  3503.40
Total T:  958223 | Ep: 2952 | Steps: 1000 | Reward:  3526.53
Total T:  959223 | Ep: 2953 | Steps: 1000 | Reward:  3487.82
---------------------------------------
Evaluation over 10 episodes: 3570.942
---------------------------------------
Total T:  960223 | Ep: 2954 | Steps: 1000 | Reward:  3478.92
Total T:  961223 | Ep: 2955 | Steps: 1000 | Reward:  3462.13
Total T:  962223 | Ep: 2956 | Steps: 1000 | Reward:  3476.32
Total T:  963223 | Ep: 2957 | Steps: 1000 | Reward:  3485.02
Total T:  964223 | Ep: 2958 | Steps: 1000 | Reward:  3503.30
Total T:  965223 | Ep: 2959 | Steps: 1000 | Reward:  3519.74
Total T:  966223 | Ep: 2960 | Steps: 1000 | Reward:  3474.92
Total T:  967201 | Ep: 2961 | Steps:  978 | Reward:  3576.45
Total T:  968201 | Ep: 2962 | Steps: 1000 | Reward:  3507.32
Total T:  969201 | Ep: 2963 | Steps: 1000 | Reward:  3417.34
---------------------------------------
Evaluation over 10 episodes: 3597.018
---------------------------------------
Total T:  970201 | Ep: 2964 | Steps: 1000 | Reward:  3502.18
Total T:  971138 | Ep: 2965 | Steps:  937 | Reward:  3448.66
Total T:  972138 | Ep: 2966 | Steps: 1000 | Reward:  3492.12
Total T:  973138 | Ep: 2967 | Steps: 1000 | Reward:  3507.37
Total T:  974138 | Ep: 2968 | Steps: 1000 | Reward:  3502.68
Total T:  975138 | Ep: 2969 | Steps: 1000 | Reward:  3427.97
Total T:  976138 | Ep: 2970 | Steps: 1000 | Reward:  3494.42
Total T:  977138 | Ep: 2971 | Steps: 1000 | Reward:  3477.47
Total T:  978138 | Ep: 2972 | Steps: 1000 | Reward:  3488.99
Total T:  979138 | Ep: 2973 | Steps: 1000 | Reward:  3436.99
---------------------------------------
Evaluation over 10 episodes: 3541.270
---------------------------------------
Total T:  980138 | Ep: 2974 | Steps: 1000 | Reward:  3440.38
Total T:  981138 | Ep: 2975 | Steps: 1000 | Reward:  3456.93
Total T:  982138 | Ep: 2976 | Steps: 1000 | Reward:  3470.56
Total T:  983138 | Ep: 2977 | Steps: 1000 | Reward:  3466.82
Total T:  984138 | Ep: 2978 | Steps: 1000 | Reward:  3510.30
Total T:  985138 | Ep: 2979 | Steps: 1000 | Reward:  3486.08
Total T:  986138 | Ep: 2980 | Steps: 1000 | Reward:  3470.09
Total T:  987138 | Ep: 2981 | Steps: 1000 | Reward:  3435.59
Total T:  988138 | Ep: 2982 | Steps: 1000 | Reward:  3505.40
Total T:  989138 | Ep: 2983 | Steps: 1000 | Reward:  3497.56
---------------------------------------
Evaluation over 10 episodes: 3557.771
---------------------------------------
Total T:  990138 | Ep: 2984 | Steps: 1000 | Reward:  3432.97
Total T:  991138 | Ep: 2985 | Steps: 1000 | Reward:  3483.75
Total T:  992138 | Ep: 2986 | Steps: 1000 | Reward:  3510.11
Total T:  993138 | Ep: 2987 | Steps: 1000 | Reward:  3486.44
Total T:  994138 | Ep: 2988 | Steps: 1000 | Reward:  3476.34
Total T:  995138 | Ep: 2989 | Steps: 1000 | Reward:  3451.13
Total T:  996138 | Ep: 2990 | Steps: 1000 | Reward:  3481.45
Total T:  997138 | Ep: 2991 | Steps: 1000 | Reward:  3519.96
Total T:  998078 | Ep: 2992 | Steps:  940 | Reward:  3447.66
Total T:  999078 | Ep: 2993 | Steps: 1000 | Reward:  3464.01
---------------------------------------
Evaluation over 10 episodes: 3515.795
---------------------------------------

[main] Model saved:
        actor  -> /home/naida/Desktop/CS515-Deep-RL/TD3_algorithm/runs/td3_sweep_hopper-v4_seed0_Hopper-v4_10-05-2026_21-26-23/model_actor
        critic -> /home/naida/Desktop/CS515-Deep-RL/TD3_algorithm/runs/td3_sweep_hopper-v4_seed0_Hopper-v4_10-05-2026_21-26-23/model_critic
[main] Training history -> /home/naida/Desktop/CS515-Deep-RL/TD3_algorithm/runs/td3_sweep_hopper-v4_seed0_Hopper-v4_10-05-2026_21-26-23/episode_rewards.csv
[main] Eval history     -> /home/naida/Desktop/CS515-Deep-RL/TD3_algorithm/runs/td3_sweep_hopper-v4_seed0_Hopper-v4_10-05-2026_21-26-23/eval_rewards.csv
[main] Summary          -> /home/naida/Desktop/CS515-Deep-RL/TD3_algorithm/runs/td3_sweep_hopper-v4_seed0_Hopper-v4_10-05-2026_21-26-23/summary.json
[main] Unified eval -> /home/naida/Desktop/CS515-Deep-RL/results/continuous/td3/hopper-v4/seed_0.npy
[main] Wallclock    -> /home/naida/Desktop/CS515-Deep-RL/results/wallclock/continuous/td3/hopper-v4/seed_0.npy
[plot] Saved plot to /home/naida/Desktop/CS515-Deep-RL/TD3_algorithm/runs/td3_sweep_hopper-v4_seed0_Hopper-v4_10-05-2026_21-26-23/training_curves.png

============================================================
Training complete. To watch the trained agent play:
  python test.py --env_name Hopper-v4 --load_dir "/home/naida/Desktop/CS515-Deep-RL/TD3_algorithm/runs/td3_sweep_hopper-v4_seed0_Hopper-v4_10-05-2026_21-26-23"
============================================================
