/home/naida/anaconda3/envs/deep_rl/lib/python3.10/site-packages/gymnasium/core.py:311: UserWarning: [33mWARN: env.seed to get variables from other wrappers is deprecated and will be removed in v1.0, to get this variable you can do `env.unwrapped.seed` for environment variables or `env.get_wrapper_attr('seed')` that will search the reminding wrappers.[0m
  logger.warn(
--------------------------------------------------
Env:        Hopper-v4
  ob_dim    = 11
  ac_dim    = 3
  max_action= 1.0
Logdir:     /home/naida/Desktop/CS515-Deep-RL/TD3_algorithm/runs/td3_sweep_hopper-v4_seed2_Hopper-v4_10-05-2026_21-36-47
Rendering:  off
--------------------------------------------------
/home/naida/anaconda3/envs/deep_rl/lib/python3.10/site-packages/gymnasium/core.py:311: UserWarning: [33mWARN: env.seed to get variables from other wrappers is deprecated and will be removed in v1.0, to get this variable you can do `env.unwrapped.seed` for environment variables or `env.get_wrapper_attr('seed')` that will search the reminding wrappers.[0m
  logger.warn(
---------------------------------------
Evaluation over 10 episodes: 57.138
---------------------------------------
Total T:      25 | Ep:    1 | Steps:   25 | Reward:    18.70
Total T:      38 | Ep:    2 | Steps:   13 | Reward:     8.31
Total T:      48 | Ep:    3 | Steps:   10 | Reward:     7.10
Total T:      67 | Ep:    4 | Steps:   19 | Reward:    11.77
Total T:      95 | Ep:    5 | Steps:   28 | Reward:    17.44
Total T:     113 | Ep:    6 | Steps:   18 | Reward:    10.36
Total T:     137 | Ep:    7 | Steps:   24 | Reward:    26.10
Total T:     175 | Ep:    8 | Steps:   38 | Reward:    14.40
Total T:     185 | Ep:    9 | Steps:   10 | Reward:     7.42
Total T:     212 | Ep:   10 | Steps:   27 | Reward:    32.74
Total T:     233 | Ep:   11 | Steps:   21 | Reward:    19.87
Total T:     247 | Ep:   12 | Steps:   14 | Reward:     8.35
Total T:     260 | Ep:   13 | Steps:   13 | Reward:     8.16
Total T:     304 | Ep:   14 | Steps:   44 | Reward:    46.39
Total T:     333 | Ep:   15 | Steps:   29 | Reward:    35.84
Total T:     354 | Ep:   16 | Steps:   21 | Reward:    14.53
Total T:     366 | Ep:   17 | Steps:   12 | Reward:    10.51
Total T:     383 | Ep:   18 | Steps:   17 | Reward:     9.15
Total T:     415 | Ep:   19 | Steps:   32 | Reward:     6.94
Total T:     438 | Ep:   20 | Steps:   23 | Reward:    20.88
Total T:     452 | Ep:   21 | Steps:   14 | Reward:    11.72
Total T:     484 | Ep:   22 | Steps:   32 | Reward:    15.48
Total T:     505 | Ep:   23 | Steps:   21 | Reward:    11.77
Total T:     527 | Ep:   24 | Steps:   22 | Reward:    16.45
Total T:     558 | Ep:   25 | Steps:   31 | Reward:    26.28
Total T:     591 | Ep:   26 | Steps:   33 | Reward:    13.51
Total T:     615 | Ep:   27 | Steps:   24 | Reward:    22.62
Total T:     626 | Ep:   28 | Steps:   11 | Reward:     8.50
Total T:     656 | Ep:   29 | Steps:   30 | Reward:    32.70
Total T:     678 | Ep:   30 | Steps:   22 | Reward:     9.19
Total T:     689 | Ep:   31 | Steps:   11 | Reward:     7.60
Total T:     718 | Ep:   32 | Steps:   29 | Reward:    18.79
Total T:     734 | Ep:   33 | Steps:   16 | Reward:     9.59
Total T:     764 | Ep:   34 | Steps:   30 | Reward:    28.05
Total T:     786 | Ep:   35 | Steps:   22 | Reward:    14.59
Total T:     799 | Ep:   36 | Steps:   13 | Reward:    12.48
Total T:     823 | Ep:   37 | Steps:   24 | Reward:    17.36
Total T:     888 | Ep:   38 | Steps:   65 | Reward:    76.08
Total T:     942 | Ep:   39 | Steps:   54 | Reward:    49.80
Total T:     959 | Ep:   40 | Steps:   17 | Reward:    15.25
Total T:     983 | Ep:   41 | Steps:   24 | Reward:     7.19
Total T:    1004 | Ep:   42 | Steps:   21 | Reward:    11.46
Total T:    1019 | Ep:   43 | Steps:   15 | Reward:     8.26
Total T:    1030 | Ep:   44 | Steps:   11 | Reward:     8.19
Total T:    1056 | Ep:   45 | Steps:   26 | Reward:    21.87
Total T:    1087 | Ep:   46 | Steps:   31 | Reward:    12.40
Total T:    1104 | Ep:   47 | Steps:   17 | Reward:     8.72
Total T:    1124 | Ep:   48 | Steps:   20 | Reward:     6.01
Total T:    1146 | Ep:   49 | Steps:   22 | Reward:    14.96
Total T:    1167 | Ep:   50 | Steps:   21 | Reward:    20.78
Total T:    1199 | Ep:   51 | Steps:   32 | Reward:    13.67
Total T:    1215 | Ep:   52 | Steps:   16 | Reward:    11.14
Total T:    1232 | Ep:   53 | Steps:   17 | Reward:    17.15
Total T:    1264 | Ep:   54 | Steps:   32 | Reward:    41.07
Total T:    1323 | Ep:   55 | Steps:   59 | Reward:    56.87
Total T:    1338 | Ep:   56 | Steps:   15 | Reward:    13.91
Total T:    1358 | Ep:   57 | Steps:   20 | Reward:     6.91
Total T:    1385 | Ep:   58 | Steps:   27 | Reward:    15.83
Total T:    1404 | Ep:   59 | Steps:   19 | Reward:    12.38
Total T:    1423 | Ep:   60 | Steps:   19 | Reward:    13.98
Total T:    1443 | Ep:   61 | Steps:   20 | Reward:     9.67
Total T:    1468 | Ep:   62 | Steps:   25 | Reward:    27.89
Total T:    1484 | Ep:   63 | Steps:   16 | Reward:    16.06
Total T:    1528 | Ep:   64 | Steps:   44 | Reward:    30.67
Total T:    1545 | Ep:   65 | Steps:   17 | Reward:     8.15
Total T:    1558 | Ep:   66 | Steps:   13 | Reward:    10.47
Total T:    1571 | Ep:   67 | Steps:   13 | Reward:    10.27
Total T:    1624 | Ep:   68 | Steps:   53 | Reward:    55.64
Total T:    1674 | Ep:   69 | Steps:   50 | Reward:    28.54
Total T:    1689 | Ep:   70 | Steps:   15 | Reward:    11.32
Total T:    1718 | Ep:   71 | Steps:   29 | Reward:    19.91
Total T:    1738 | Ep:   72 | Steps:   20 | Reward:     6.95
Total T:    1766 | Ep:   73 | Steps:   28 | Reward:    28.31
Total T:    1799 | Ep:   74 | Steps:   33 | Reward:     9.70
Total T:    1819 | Ep:   75 | Steps:   20 | Reward:    10.52
Total T:    1840 | Ep:   76 | Steps:   21 | Reward:    18.20
Total T:    1899 | Ep:   77 | Steps:   59 | Reward:    67.68
Total T:    1957 | Ep:   78 | Steps:   58 | Reward:    65.43
Total T:    1979 | Ep:   79 | Steps:   22 | Reward:     5.69
Total T:    2001 | Ep:   80 | Steps:   22 | Reward:    13.28
Total T:    2031 | Ep:   81 | Steps:   30 | Reward:    28.50
Total T:    2047 | Ep:   82 | Steps:   16 | Reward:    14.93
Total T:    2058 | Ep:   83 | Steps:   11 | Reward:     8.74
Total T:    2076 | Ep:   84 | Steps:   18 | Reward:    14.39
Total T:    2111 | Ep:   85 | Steps:   35 | Reward:    19.15
Total T:    2126 | Ep:   86 | Steps:   15 | Reward:     9.52
Total T:    2150 | Ep:   87 | Steps:   24 | Reward:    20.90
Total T:    2174 | Ep:   88 | Steps:   24 | Reward:    20.58
Total T:    2188 | Ep:   89 | Steps:   14 | Reward:     8.85
Total T:    2215 | Ep:   90 | Steps:   27 | Reward:    25.03
Total T:    2251 | Ep:   91 | Steps:   36 | Reward:    42.60
Total T:    2263 | Ep:   92 | Steps:   12 | Reward:     9.20
Total T:    2309 | Ep:   93 | Steps:   46 | Reward:    33.23
Total T:    2325 | Ep:   94 | Steps:   16 | Reward:     9.31
Total T:    2340 | Ep:   95 | Steps:   15 | Reward:    13.75
Total T:    2359 | Ep:   96 | Steps:   19 | Reward:     9.45
Total T:    2382 | Ep:   97 | Steps:   23 | Reward:    26.67
Total T:    2407 | Ep:   98 | Steps:   25 | Reward:    23.57
Total T:    2441 | Ep:   99 | Steps:   34 | Reward:    32.06
Total T:    2472 | Ep:  100 | Steps:   31 | Reward:    26.63
Total T:    2488 | Ep:  101 | Steps:   16 | Reward:    12.93
Total T:    2504 | Ep:  102 | Steps:   16 | Reward:    12.75
Total T:    2544 | Ep:  103 | Steps:   40 | Reward:    58.80
Total T:    2562 | Ep:  104 | Steps:   18 | Reward:    15.86
Total T:    2587 | Ep:  105 | Steps:   25 | Reward:    24.26
Total T:    2603 | Ep:  106 | Steps:   16 | Reward:    13.59
Total T:    2619 | Ep:  107 | Steps:   16 | Reward:    13.10
Total T:    2633 | Ep:  108 | Steps:   14 | Reward:     6.37
Total T:    2654 | Ep:  109 | Steps:   21 | Reward:    12.87
Total T:    2669 | Ep:  110 | Steps:   15 | Reward:    11.74
Total T:    2682 | Ep:  111 | Steps:   13 | Reward:     8.38
Total T:    2702 | Ep:  112 | Steps:   20 | Reward:    14.82
Total T:    2727 | Ep:  113 | Steps:   25 | Reward:    15.99
Total T:    2746 | Ep:  114 | Steps:   19 | Reward:    15.35
Total T:    2787 | Ep:  115 | Steps:   41 | Reward:    28.08
Total T:    2801 | Ep:  116 | Steps:   14 | Reward:    13.02
Total T:    2814 | Ep:  117 | Steps:   13 | Reward:     8.48
Total T:    2833 | Ep:  118 | Steps:   19 | Reward:    10.77
Total T:    2848 | Ep:  119 | Steps:   15 | Reward:    11.07
Total T:    2869 | Ep:  120 | Steps:   21 | Reward:    12.78
Total T:    2910 | Ep:  121 | Steps:   41 | Reward:    45.47
Total T:    2972 | Ep:  122 | Steps:   62 | Reward:   112.11
Total T:    2986 | Ep:  123 | Steps:   14 | Reward:    11.56
Total T:    2999 | Ep:  124 | Steps:   13 | Reward:    11.09
Total T:    3020 | Ep:  125 | Steps:   21 | Reward:    16.45
Total T:    3037 | Ep:  126 | Steps:   17 | Reward:    14.95
Total T:    3056 | Ep:  127 | Steps:   19 | Reward:    13.30
Total T:    3081 | Ep:  128 | Steps:   25 | Reward:    11.88
Total T:    3099 | Ep:  129 | Steps:   18 | Reward:    13.24
Total T:    3125 | Ep:  130 | Steps:   26 | Reward:    13.80
Total T:    3140 | Ep:  131 | Steps:   15 | Reward:    14.76
Total T:    3150 | Ep:  132 | Steps:   10 | Reward:     7.28
Total T:    3179 | Ep:  133 | Steps:   29 | Reward:    19.03
Total T:    3192 | Ep:  134 | Steps:   13 | Reward:    10.46
Total T:    3202 | Ep:  135 | Steps:   10 | Reward:     6.61
Total T:    3214 | Ep:  136 | Steps:   12 | Reward:     8.50
Total T:    3230 | Ep:  137 | Steps:   16 | Reward:    10.79
Total T:    3248 | Ep:  138 | Steps:   18 | Reward:    11.69
Total T:    3279 | Ep:  139 | Steps:   31 | Reward:    18.42
Total T:    3294 | Ep:  140 | Steps:   15 | Reward:    10.53
Total T:    3316 | Ep:  141 | Steps:   22 | Reward:    13.78
Total T:    3337 | Ep:  142 | Steps:   21 | Reward:    13.84
Total T:    3350 | Ep:  143 | Steps:   13 | Reward:     9.17
Total T:    3371 | Ep:  144 | Steps:   21 | Reward:    12.00
Total T:    3392 | Ep:  145 | Steps:   21 | Reward:    21.27
Total T:    3448 | Ep:  146 | Steps:   56 | Reward:    59.47
Total T:    3463 | Ep:  147 | Steps:   15 | Reward:    11.60
Total T:    3475 | Ep:  148 | Steps:   12 | Reward:     7.24
Total T:    3501 | Ep:  149 | Steps:   26 | Reward:    28.25
Total T:    3530 | Ep:  150 | Steps:   29 | Reward:    19.79
Total T:    3544 | Ep:  151 | Steps:   14 | Reward:    12.47
Total T:    3558 | Ep:  152 | Steps:   14 | Reward:    10.22
Total T:    3582 | Ep:  153 | Steps:   24 | Reward:    16.02
Total T:    3596 | Ep:  154 | Steps:   14 | Reward:    10.05
Total T:    3635 | Ep:  155 | Steps:   39 | Reward:    44.21
Total T:    3647 | Ep:  156 | Steps:   12 | Reward:     9.96
Total T:    3682 | Ep:  157 | Steps:   35 | Reward:    15.09
Total T:    3722 | Ep:  158 | Steps:   40 | Reward:    21.29
Total T:    3739 | Ep:  159 | Steps:   17 | Reward:    17.93
Total T:    3761 | Ep:  160 | Steps:   22 | Reward:    12.13
Total T:    3773 | Ep:  161 | Steps:   12 | Reward:     7.43
Total T:    3784 | Ep:  162 | Steps:   11 | Reward:     8.44
Total T:    3798 | Ep:  163 | Steps:   14 | Reward:     8.90
Total T:    3809 | Ep:  164 | Steps:   11 | Reward:     7.48
Total T:    3836 | Ep:  165 | Steps:   27 | Reward:    32.22
Total T:    3852 | Ep:  166 | Steps:   16 | Reward:    12.49
Total T:    3875 | Ep:  167 | Steps:   23 | Reward:    16.07
Total T:    3898 | Ep:  168 | Steps:   23 | Reward:    21.99
Total T:    3909 | Ep:  169 | Steps:   11 | Reward:     8.74
Total T:    3927 | Ep:  170 | Steps:   18 | Reward:    14.81
Total T:    3938 | Ep:  171 | Steps:   11 | Reward:     7.45
Total T:    3952 | Ep:  172 | Steps:   14 | Reward:    12.45
Total T:    3989 | Ep:  173 | Steps:   37 | Reward:    23.51
Total T:    4001 | Ep:  174 | Steps:   12 | Reward:     9.33
Total T:    4012 | Ep:  175 | Steps:   11 | Reward:     8.54
Total T:    4028 | Ep:  176 | Steps:   16 | Reward:    12.90
Total T:    4053 | Ep:  177 | Steps:   25 | Reward:    12.76
Total T:    4085 | Ep:  178 | Steps:   32 | Reward:    41.13
Total T:    4099 | Ep:  179 | Steps:   14 | Reward:    12.28
Total T:    4114 | Ep:  180 | Steps:   15 | Reward:    12.84
Total T:    4157 | Ep:  181 | Steps:   43 | Reward:    47.39
Total T:    4185 | Ep:  182 | Steps:   28 | Reward:    20.52
Total T:    4194 | Ep:  183 | Steps:    9 | Reward:     7.18
Total T:    4208 | Ep:  184 | Steps:   14 | Reward:    12.51
Total T:    4243 | Ep:  185 | Steps:   35 | Reward:    35.10
Total T:    4265 | Ep:  186 | Steps:   22 | Reward:    21.20
Total T:    4300 | Ep:  187 | Steps:   35 | Reward:    33.42
Total T:    4322 | Ep:  188 | Steps:   22 | Reward:    14.11
Total T:    4347 | Ep:  189 | Steps:   25 | Reward:    23.70
Total T:    4370 | Ep:  190 | Steps:   23 | Reward:    22.33
Total T:    4397 | Ep:  191 | Steps:   27 | Reward:     9.78
Total T:    4419 | Ep:  192 | Steps:   22 | Reward:    21.89
Total T:    4439 | Ep:  193 | Steps:   20 | Reward:    12.01
Total T:    4450 | Ep:  194 | Steps:   11 | Reward:     8.23
Total T:    4463 | Ep:  195 | Steps:   13 | Reward:     9.09
Total T:    4482 | Ep:  196 | Steps:   19 | Reward:    18.79
Total T:    4494 | Ep:  197 | Steps:   12 | Reward:     9.62
Total T:    4518 | Ep:  198 | Steps:   24 | Reward:    16.75
Total T:    4529 | Ep:  199 | Steps:   11 | Reward:     8.99
Total T:    4548 | Ep:  200 | Steps:   19 | Reward:    13.08
Total T:    4587 | Ep:  201 | Steps:   39 | Reward:    18.75
Total T:    4604 | Ep:  202 | Steps:   17 | Reward:    10.19
Total T:    4628 | Ep:  203 | Steps:   24 | Reward:    15.82
Total T:    4658 | Ep:  204 | Steps:   30 | Reward:    30.58
Total T:    4673 | Ep:  205 | Steps:   15 | Reward:     8.40
Total T:    4689 | Ep:  206 | Steps:   16 | Reward:    16.15
Total T:    4705 | Ep:  207 | Steps:   16 | Reward:    10.64
Total T:    4731 | Ep:  208 | Steps:   26 | Reward:    27.64
Total T:    4746 | Ep:  209 | Steps:   15 | Reward:     7.33
Total T:    4756 | Ep:  210 | Steps:   10 | Reward:     8.33
Total T:    4774 | Ep:  211 | Steps:   18 | Reward:    13.19
Total T:    4802 | Ep:  212 | Steps:   28 | Reward:    13.02
Total T:    4813 | Ep:  213 | Steps:   11 | Reward:     8.42
Total T:    4827 | Ep:  214 | Steps:   14 | Reward:    10.71
Total T:    4848 | Ep:  215 | Steps:   21 | Reward:    19.41
Total T:    4867 | Ep:  216 | Steps:   19 | Reward:     8.03
Total T:    4894 | Ep:  217 | Steps:   27 | Reward:    11.81
Total T:    4911 | Ep:  218 | Steps:   17 | Reward:     7.47
Total T:    4937 | Ep:  219 | Steps:   26 | Reward:    13.80
Total T:    4948 | Ep:  220 | Steps:   11 | Reward:     8.39
Total T:    4979 | Ep:  221 | Steps:   31 | Reward:    37.02
Total T:    4998 | Ep:  222 | Steps:   19 | Reward:    14.23
Total T:    5027 | Ep:  223 | Steps:   29 | Reward:    34.90
Total T:    5055 | Ep:  224 | Steps:   28 | Reward:    16.47
Total T:    5073 | Ep:  225 | Steps:   18 | Reward:    14.57
Total T:    5088 | Ep:  226 | Steps:   15 | Reward:    11.75
Total T:    5098 | Ep:  227 | Steps:   10 | Reward:     7.31
Total T:    5115 | Ep:  228 | Steps:   17 | Reward:    13.68
Total T:    5169 | Ep:  229 | Steps:   54 | Reward:    73.24
Total T:    5199 | Ep:  230 | Steps:   30 | Reward:    18.04
Total T:    5215 | Ep:  231 | Steps:   16 | Reward:    13.69
Total T:    5266 | Ep:  232 | Steps:   51 | Reward:    53.64
Total T:    5279 | Ep:  233 | Steps:   13 | Reward:    11.06
Total T:    5301 | Ep:  234 | Steps:   22 | Reward:     6.49
Total T:    5327 | Ep:  235 | Steps:   26 | Reward:    25.74
Total T:    5336 | Ep:  236 | Steps:    9 | Reward:     7.35
Total T:    5366 | Ep:  237 | Steps:   30 | Reward:     9.04
Total T:    5407 | Ep:  238 | Steps:   41 | Reward:    26.19
Total T:    5455 | Ep:  239 | Steps:   48 | Reward:    20.51
Total T:    5486 | Ep:  240 | Steps:   31 | Reward:    16.92
Total T:    5499 | Ep:  241 | Steps:   13 | Reward:    12.72
Total T:    5550 | Ep:  242 | Steps:   51 | Reward:    54.43
Total T:    5589 | Ep:  243 | Steps:   39 | Reward:    21.66
Total T:    5618 | Ep:  244 | Steps:   29 | Reward:    37.75
Total T:    5650 | Ep:  245 | Steps:   32 | Reward:    23.37
Total T:    5674 | Ep:  246 | Steps:   24 | Reward:    24.91
Total T:    5695 | Ep:  247 | Steps:   21 | Reward:    16.28
Total T:    5723 | Ep:  248 | Steps:   28 | Reward:    21.62
Total T:    5737 | Ep:  249 | Steps:   14 | Reward:    11.91
Total T:    5766 | Ep:  250 | Steps:   29 | Reward:    10.68
Total T:    5780 | Ep:  251 | Steps:   14 | Reward:    12.83
Total T:    5815 | Ep:  252 | Steps:   35 | Reward:    18.74
Total T:    5826 | Ep:  253 | Steps:   11 | Reward:     9.07
Total T:    5870 | Ep:  254 | Steps:   44 | Reward:    35.59
Total T:    5884 | Ep:  255 | Steps:   14 | Reward:    10.66
Total T:    5903 | Ep:  256 | Steps:   19 | Reward:    11.52
Total T:    5913 | Ep:  257 | Steps:   10 | Reward:     7.92
Total T:    5927 | Ep:  258 | Steps:   14 | Reward:     8.57
Total T:    5941 | Ep:  259 | Steps:   14 | Reward:     9.13
Total T:    5965 | Ep:  260 | Steps:   24 | Reward:    23.28
Total T:    5987 | Ep:  261 | Steps:   22 | Reward:    15.92
Total T:    6007 | Ep:  262 | Steps:   20 | Reward:    13.39
Total T:    6054 | Ep:  263 | Steps:   47 | Reward:    70.70
Total T:    6068 | Ep:  264 | Steps:   14 | Reward:    12.02
Total T:    6092 | Ep:  265 | Steps:   24 | Reward:    14.86
Total T:    6169 | Ep:  266 | Steps:   77 | Reward:   148.35
Total T:    6227 | Ep:  267 | Steps:   58 | Reward:    93.93
Total T:    6261 | Ep:  268 | Steps:   34 | Reward:    36.80
Total T:    6297 | Ep:  269 | Steps:   36 | Reward:     9.75
Total T:    6323 | Ep:  270 | Steps:   26 | Reward:    15.46
Total T:    6387 | Ep:  271 | Steps:   64 | Reward:    76.22
Total T:    6398 | Ep:  272 | Steps:   11 | Reward:     8.77
Total T:    6444 | Ep:  273 | Steps:   46 | Reward:    69.47
Total T:    6454 | Ep:  274 | Steps:   10 | Reward:     7.86
Total T:    6479 | Ep:  275 | Steps:   25 | Reward:    16.01
Total T:    6499 | Ep:  276 | Steps:   20 | Reward:    20.22
Total T:    6515 | Ep:  277 | Steps:   16 | Reward:     9.21
Total T:    6540 | Ep:  278 | Steps:   25 | Reward:    21.18
Total T:    6560 | Ep:  279 | Steps:   20 | Reward:    10.71
Total T:    6580 | Ep:  280 | Steps:   20 | Reward:    19.13
Total T:    6602 | Ep:  281 | Steps:   22 | Reward:    16.86
Total T:    6623 | Ep:  282 | Steps:   21 | Reward:     8.12
Total T:    6636 | Ep:  283 | Steps:   13 | Reward:    11.72
Total T:    6659 | Ep:  284 | Steps:   23 | Reward:    15.27
Total T:    6678 | Ep:  285 | Steps:   19 | Reward:    10.05
Total T:    6694 | Ep:  286 | Steps:   16 | Reward:     9.06
Total T:    6714 | Ep:  287 | Steps:   20 | Reward:     9.10
Total T:    6725 | Ep:  288 | Steps:   11 | Reward:     8.41
Total T:    6740 | Ep:  289 | Steps:   15 | Reward:    11.51
Total T:    6787 | Ep:  290 | Steps:   47 | Reward:    47.67
Total T:    6822 | Ep:  291 | Steps:   35 | Reward:    54.26
Total T:    6840 | Ep:  292 | Steps:   18 | Reward:    14.75
Total T:    6864 | Ep:  293 | Steps:   24 | Reward:    17.37
Total T:    6879 | Ep:  294 | Steps:   15 | Reward:    12.35
Total T:    6891 | Ep:  295 | Steps:   12 | Reward:    10.00
Total T:    6902 | Ep:  296 | Steps:   11 | Reward:     9.68
Total T:    6916 | Ep:  297 | Steps:   14 | Reward:    12.36
Total T:    6998 | Ep:  298 | Steps:   82 | Reward:    84.59
Total T:    7012 | Ep:  299 | Steps:   14 | Reward:    11.21
Total T:    7033 | Ep:  300 | Steps:   21 | Reward:    10.30
Total T:    7061 | Ep:  301 | Steps:   28 | Reward:    18.26
Total T:    7079 | Ep:  302 | Steps:   18 | Reward:    13.02
Total T:    7100 | Ep:  303 | Steps:   21 | Reward:    24.82
Total T:    7142 | Ep:  304 | Steps:   42 | Reward:    70.51
Total T:    7162 | Ep:  305 | Steps:   20 | Reward:    15.70
Total T:    7175 | Ep:  306 | Steps:   13 | Reward:     9.67
Total T:    7195 | Ep:  307 | Steps:   20 | Reward:    20.03
Total T:    7221 | Ep:  308 | Steps:   26 | Reward:    23.04
Total T:    7248 | Ep:  309 | Steps:   27 | Reward:    24.20
Total T:    7270 | Ep:  310 | Steps:   22 | Reward:    17.94
Total T:    7282 | Ep:  311 | Steps:   12 | Reward:     6.40
Total T:    7295 | Ep:  312 | Steps:   13 | Reward:    10.75
Total T:    7310 | Ep:  313 | Steps:   15 | Reward:    12.62
Total T:    7325 | Ep:  314 | Steps:   15 | Reward:    13.77
Total T:    7340 | Ep:  315 | Steps:   15 | Reward:    10.18
Total T:    7355 | Ep:  316 | Steps:   15 | Reward:    10.15
Total T:    7371 | Ep:  317 | Steps:   16 | Reward:    13.67
Total T:    7389 | Ep:  318 | Steps:   18 | Reward:     8.31
Total T:    7411 | Ep:  319 | Steps:   22 | Reward:    16.98
Total T:    7439 | Ep:  320 | Steps:   28 | Reward:    22.15
Total T:    7459 | Ep:  321 | Steps:   20 | Reward:     9.87
Total T:    7493 | Ep:  322 | Steps:   34 | Reward:    24.90
Total T:    7508 | Ep:  323 | Steps:   15 | Reward:    10.50
Total T:    7524 | Ep:  324 | Steps:   16 | Reward:    11.30
Total T:    7541 | Ep:  325 | Steps:   17 | Reward:    12.32
Total T:    7556 | Ep:  326 | Steps:   15 | Reward:     7.03
Total T:    7576 | Ep:  327 | Steps:   20 | Reward:    17.84
Total T:    7600 | Ep:  328 | Steps:   24 | Reward:    12.99
Total T:    7632 | Ep:  329 | Steps:   32 | Reward:    30.80
Total T:    7644 | Ep:  330 | Steps:   12 | Reward:    11.28
Total T:    7684 | Ep:  331 | Steps:   40 | Reward:    44.10
Total T:    7709 | Ep:  332 | Steps:   25 | Reward:    14.22
Total T:    7726 | Ep:  333 | Steps:   17 | Reward:     7.95
Total T:    7742 | Ep:  334 | Steps:   16 | Reward:    16.00
Total T:    7774 | Ep:  335 | Steps:   32 | Reward:     9.78
Total T:    7793 | Ep:  336 | Steps:   19 | Reward:    16.70
Total T:    7826 | Ep:  337 | Steps:   33 | Reward:    42.87
Total T:    7861 | Ep:  338 | Steps:   35 | Reward:    28.19
Total T:    7874 | Ep:  339 | Steps:   13 | Reward:     5.06
Total T:    7894 | Ep:  340 | Steps:   20 | Reward:    14.34
Total T:    7943 | Ep:  341 | Steps:   49 | Reward:    35.08
Total T:    7970 | Ep:  342 | Steps:   27 | Reward:    29.74
Total T:    7981 | Ep:  343 | Steps:   11 | Reward:     7.40
Total T:    8001 | Ep:  344 | Steps:   20 | Reward:    13.71
Total T:    8016 | Ep:  345 | Steps:   15 | Reward:     8.52
Total T:    8047 | Ep:  346 | Steps:   31 | Reward:    18.73
Total T:    8060 | Ep:  347 | Steps:   13 | Reward:     6.24
Total T:    8132 | Ep:  348 | Steps:   72 | Reward:    98.36
Total T:    8161 | Ep:  349 | Steps:   29 | Reward:    21.77
Total T:    8200 | Ep:  350 | Steps:   39 | Reward:    40.48
Total T:    8219 | Ep:  351 | Steps:   19 | Reward:    11.27
Total T:    8240 | Ep:  352 | Steps:   21 | Reward:    14.81
Total T:    8259 | Ep:  353 | Steps:   19 | Reward:    14.96
Total T:    8347 | Ep:  354 | Steps:   88 | Reward:   167.90
Total T:    8360 | Ep:  355 | Steps:   13 | Reward:     9.10
Total T:    8381 | Ep:  356 | Steps:   21 | Reward:    23.03
Total T:    8403 | Ep:  357 | Steps:   22 | Reward:     8.65
Total T:    8421 | Ep:  358 | Steps:   18 | Reward:    11.18
Total T:    8437 | Ep:  359 | Steps:   16 | Reward:     9.79
Total T:    8454 | Ep:  360 | Steps:   17 | Reward:    13.00
Total T:    8477 | Ep:  361 | Steps:   23 | Reward:    26.11
Total T:    8509 | Ep:  362 | Steps:   32 | Reward:    37.13
Total T:    8523 | Ep:  363 | Steps:   14 | Reward:    13.70
Total T:    8534 | Ep:  364 | Steps:   11 | Reward:     9.15
Total T:    8563 | Ep:  365 | Steps:   29 | Reward:     9.59
Total T:    8574 | Ep:  366 | Steps:   11 | Reward:     8.45
Total T:    8587 | Ep:  367 | Steps:   13 | Reward:     7.40
Total T:    8608 | Ep:  368 | Steps:   21 | Reward:    23.21
Total T:    8621 | Ep:  369 | Steps:   13 | Reward:     9.08
Total T:    8643 | Ep:  370 | Steps:   22 | Reward:    18.05
Total T:    8668 | Ep:  371 | Steps:   25 | Reward:    23.41
Total T:    8694 | Ep:  372 | Steps:   26 | Reward:    15.23
Total T:    8705 | Ep:  373 | Steps:   11 | Reward:     9.02
Total T:    8746 | Ep:  374 | Steps:   41 | Reward:    46.77
Total T:    8758 | Ep:  375 | Steps:   12 | Reward:     7.84
Total T:    8772 | Ep:  376 | Steps:   14 | Reward:     9.29
Total T:    8823 | Ep:  377 | Steps:   51 | Reward:    50.16
Total T:    8854 | Ep:  378 | Steps:   31 | Reward:    21.07
Total T:    8880 | Ep:  379 | Steps:   26 | Reward:    25.29
Total T:    8897 | Ep:  380 | Steps:   17 | Reward:    14.92
Total T:    8911 | Ep:  381 | Steps:   14 | Reward:    10.45
Total T:    8924 | Ep:  382 | Steps:   13 | Reward:    11.61
Total T:    8935 | Ep:  383 | Steps:   11 | Reward:     8.28
Total T:    8956 | Ep:  384 | Steps:   21 | Reward:    13.28
Total T:    8997 | Ep:  385 | Steps:   41 | Reward:    36.04
Total T:    9015 | Ep:  386 | Steps:   18 | Reward:    17.39
Total T:    9041 | Ep:  387 | Steps:   26 | Reward:    22.33
Total T:    9055 | Ep:  388 | Steps:   14 | Reward:     8.91
Total T:    9100 | Ep:  389 | Steps:   45 | Reward:    46.39
Total T:    9110 | Ep:  390 | Steps:   10 | Reward:     6.89
Total T:    9122 | Ep:  391 | Steps:   12 | Reward:     9.57
Total T:    9164 | Ep:  392 | Steps:   42 | Reward:    53.43
Total T:    9181 | Ep:  393 | Steps:   17 | Reward:    14.32
Total T:    9193 | Ep:  394 | Steps:   12 | Reward:     7.92
Total T:    9215 | Ep:  395 | Steps:   22 | Reward:    17.69
Total T:    9227 | Ep:  396 | Steps:   12 | Reward:     7.82
Total T:    9237 | Ep:  397 | Steps:   10 | Reward:     7.32
Total T:    9246 | Ep:  398 | Steps:    9 | Reward:     7.33
Total T:    9254 | Ep:  399 | Steps:    8 | Reward:     4.81
Total T:    9265 | Ep:  400 | Steps:   11 | Reward:     8.19
Total T:    9287 | Ep:  401 | Steps:   22 | Reward:    14.72
Total T:    9297 | Ep:  402 | Steps:   10 | Reward:     5.63
Total T:    9330 | Ep:  403 | Steps:   33 | Reward:    30.61
Total T:    9344 | Ep:  404 | Steps:   14 | Reward:    12.30
Total T:    9372 | Ep:  405 | Steps:   28 | Reward:    29.28
Total T:    9389 | Ep:  406 | Steps:   17 | Reward:     9.42
Total T:    9404 | Ep:  407 | Steps:   15 | Reward:    14.91
Total T:    9436 | Ep:  408 | Steps:   32 | Reward:    40.51
Total T:    9488 | Ep:  409 | Steps:   52 | Reward:    70.64
Total T:    9524 | Ep:  410 | Steps:   36 | Reward:    34.43
Total T:    9572 | Ep:  411 | Steps:   48 | Reward:    52.93
Total T:    9586 | Ep:  412 | Steps:   14 | Reward:     8.81
Total T:    9618 | Ep:  413 | Steps:   32 | Reward:    21.67
Total T:    9677 | Ep:  414 | Steps:   59 | Reward:    46.74
Total T:    9714 | Ep:  415 | Steps:   37 | Reward:    24.58
Total T:    9743 | Ep:  416 | Steps:   29 | Reward:    22.89
Total T:    9758 | Ep:  417 | Steps:   15 | Reward:    12.20
Total T:    9769 | Ep:  418 | Steps:   11 | Reward:     7.61
Total T:    9792 | Ep:  419 | Steps:   23 | Reward:    10.17
Total T:    9805 | Ep:  420 | Steps:   13 | Reward:    11.00
Total T:    9829 | Ep:  421 | Steps:   24 | Reward:    18.70
Total T:    9847 | Ep:  422 | Steps:   18 | Reward:     9.20
Total T:    9890 | Ep:  423 | Steps:   43 | Reward:    22.96
Total T:    9904 | Ep:  424 | Steps:   14 | Reward:    12.73
Total T:    9920 | Ep:  425 | Steps:   16 | Reward:    10.12
Total T:    9938 | Ep:  426 | Steps:   18 | Reward:     7.00
Total T:    9953 | Ep:  427 | Steps:   15 | Reward:     9.41
Total T:    9978 | Ep:  428 | Steps:   25 | Reward:    33.86
---------------------------------------
Evaluation over 10 episodes: 57.146
---------------------------------------
Total T:   10023 | Ep:  429 | Steps:   45 | Reward:    72.86
Total T:   10047 | Ep:  430 | Steps:   24 | Reward:    15.03
Total T:   10077 | Ep:  431 | Steps:   30 | Reward:    28.57
Total T:   10096 | Ep:  432 | Steps:   19 | Reward:     7.05
Total T:   10116 | Ep:  433 | Steps:   20 | Reward:    15.25
Total T:   10132 | Ep:  434 | Steps:   16 | Reward:    11.60
Total T:   10160 | Ep:  435 | Steps:   28 | Reward:    20.35
Total T:   10179 | Ep:  436 | Steps:   19 | Reward:    15.99
Total T:   10188 | Ep:  437 | Steps:    9 | Reward:     7.36
Total T:   10206 | Ep:  438 | Steps:   18 | Reward:    13.38
Total T:   10214 | Ep:  439 | Steps:    8 | Reward:     4.99
Total T:   10235 | Ep:  440 | Steps:   21 | Reward:     5.45
Total T:   10255 | Ep:  441 | Steps:   20 | Reward:    21.27
Total T:   10273 | Ep:  442 | Steps:   18 | Reward:    16.12
Total T:   10288 | Ep:  443 | Steps:   15 | Reward:     7.22
Total T:   10309 | Ep:  444 | Steps:   21 | Reward:    13.39
Total T:   10323 | Ep:  445 | Steps:   14 | Reward:    12.75
Total T:   10333 | Ep:  446 | Steps:   10 | Reward:     8.27
Total T:   10344 | Ep:  447 | Steps:   11 | Reward:     7.88
Total T:   10365 | Ep:  448 | Steps:   21 | Reward:    14.91
Total T:   10391 | Ep:  449 | Steps:   26 | Reward:    20.41
Total T:   10400 | Ep:  450 | Steps:    9 | Reward:     6.50
Total T:   10414 | Ep:  451 | Steps:   14 | Reward:     7.19
Total T:   10437 | Ep:  452 | Steps:   23 | Reward:     9.58
Total T:   10462 | Ep:  453 | Steps:   25 | Reward:    20.31
Total T:   10493 | Ep:  454 | Steps:   31 | Reward:     8.14
Total T:   10514 | Ep:  455 | Steps:   21 | Reward:    13.30
Total T:   10526 | Ep:  456 | Steps:   12 | Reward:     9.04
Total T:   10538 | Ep:  457 | Steps:   12 | Reward:     8.60
Total T:   10578 | Ep:  458 | Steps:   40 | Reward:    24.29
Total T:   10593 | Ep:  459 | Steps:   15 | Reward:    12.60
Total T:   10608 | Ep:  460 | Steps:   15 | Reward:     8.36
Total T:   10645 | Ep:  461 | Steps:   37 | Reward:    15.89
Total T:   10669 | Ep:  462 | Steps:   24 | Reward:    17.64
Total T:   10745 | Ep:  463 | Steps:   76 | Reward:   113.90
Total T:   10761 | Ep:  464 | Steps:   16 | Reward:    11.19
Total T:   10796 | Ep:  465 | Steps:   35 | Reward:    23.05
Total T:   10809 | Ep:  466 | Steps:   13 | Reward:     7.68
Total T:   10834 | Ep:  467 | Steps:   25 | Reward:    15.30
Total T:   10845 | Ep:  468 | Steps:   11 | Reward:     9.63
Total T:   10857 | Ep:  469 | Steps:   12 | Reward:     9.44
Total T:   10882 | Ep:  470 | Steps:   25 | Reward:    10.09
Total T:   10912 | Ep:  471 | Steps:   30 | Reward:    10.06
Total T:   10930 | Ep:  472 | Steps:   18 | Reward:    11.54
Total T:   10943 | Ep:  473 | Steps:   13 | Reward:     6.94
Total T:   10961 | Ep:  474 | Steps:   18 | Reward:    18.12
Total T:   10978 | Ep:  475 | Steps:   17 | Reward:    13.07
Total T:   11026 | Ep:  476 | Steps:   48 | Reward:    41.74
Total T:   11048 | Ep:  477 | Steps:   22 | Reward:    13.14
Total T:   11073 | Ep:  478 | Steps:   25 | Reward:    23.86
Total T:   11093 | Ep:  479 | Steps:   20 | Reward:    15.66
Total T:   11110 | Ep:  480 | Steps:   17 | Reward:    11.84
Total T:   11135 | Ep:  481 | Steps:   25 | Reward:    27.07
Total T:   11145 | Ep:  482 | Steps:   10 | Reward:     8.08
Total T:   11161 | Ep:  483 | Steps:   16 | Reward:     8.54
Total T:   11176 | Ep:  484 | Steps:   15 | Reward:    10.60
Total T:   11189 | Ep:  485 | Steps:   13 | Reward:     8.80
Total T:   11208 | Ep:  486 | Steps:   19 | Reward:    20.53
Total T:   11236 | Ep:  487 | Steps:   28 | Reward:    28.46
Total T:   11308 | Ep:  488 | Steps:   72 | Reward:   147.54
Total T:   11322 | Ep:  489 | Steps:   14 | Reward:     8.68
Total T:   11338 | Ep:  490 | Steps:   16 | Reward:    13.43
Total T:   11348 | Ep:  491 | Steps:   10 | Reward:     8.28
Total T:   11373 | Ep:  492 | Steps:   25 | Reward:    11.64
Total T:   11403 | Ep:  493 | Steps:   30 | Reward:    20.02
Total T:   11433 | Ep:  494 | Steps:   30 | Reward:    19.95
Total T:   11442 | Ep:  495 | Steps:    9 | Reward:     7.18
Total T:   11453 | Ep:  496 | Steps:   11 | Reward:     9.87
Total T:   11464 | Ep:  497 | Steps:   11 | Reward:     7.66
Total T:   11476 | Ep:  498 | Steps:   12 | Reward:     6.60
Total T:   11511 | Ep:  499 | Steps:   35 | Reward:    33.12
Total T:   11525 | Ep:  500 | Steps:   14 | Reward:    13.25
Total T:   11538 | Ep:  501 | Steps:   13 | Reward:     7.93
Total T:   11551 | Ep:  502 | Steps:   13 | Reward:     8.42
Total T:   11566 | Ep:  503 | Steps:   15 | Reward:    14.29
Total T:   11592 | Ep:  504 | Steps:   26 | Reward:    14.12
Total T:   11620 | Ep:  505 | Steps:   28 | Reward:    19.98
Total T:   11635 | Ep:  506 | Steps:   15 | Reward:    12.78
Total T:   11671 | Ep:  507 | Steps:   36 | Reward:    29.10
Total T:   11682 | Ep:  508 | Steps:   11 | Reward:     9.86
Total T:   11723 | Ep:  509 | Steps:   41 | Reward:    30.32
Total T:   11749 | Ep:  510 | Steps:   26 | Reward:    13.99
Total T:   11775 | Ep:  511 | Steps:   26 | Reward:    19.39
Total T:   11793 | Ep:  512 | Steps:   18 | Reward:    10.96
Total T:   11831 | Ep:  513 | Steps:   38 | Reward:    18.96
Total T:   11843 | Ep:  514 | Steps:   12 | Reward:     8.99
Total T:   11858 | Ep:  515 | Steps:   15 | Reward:    12.44
Total T:   11874 | Ep:  516 | Steps:   16 | Reward:    11.68
Total T:   11888 | Ep:  517 | Steps:   14 | Reward:    12.64
Total T:   11925 | Ep:  518 | Steps:   37 | Reward:    45.67
Total T:   11942 | Ep:  519 | Steps:   17 | Reward:     9.15
Total T:   11954 | Ep:  520 | Steps:   12 | Reward:     6.70
Total T:   11976 | Ep:  521 | Steps:   22 | Reward:    24.28
Total T:   11994 | Ep:  522 | Steps:   18 | Reward:    10.97
Total T:   12027 | Ep:  523 | Steps:   33 | Reward:    42.25
Total T:   12041 | Ep:  524 | Steps:   14 | Reward:    10.81
Total T:   12072 | Ep:  525 | Steps:   31 | Reward:    36.27
Total T:   12093 | Ep:  526 | Steps:   21 | Reward:    16.45
Total T:   12102 | Ep:  527 | Steps:    9 | Reward:     7.48
Total T:   12119 | Ep:  528 | Steps:   17 | Reward:    16.71
Total T:   12170 | Ep:  529 | Steps:   51 | Reward:    47.37
Total T:   12234 | Ep:  530 | Steps:   64 | Reward:    76.77
Total T:   12246 | Ep:  531 | Steps:   12 | Reward:     9.58
Total T:   12318 | Ep:  532 | Steps:   72 | Reward:   121.23
Total T:   12330 | Ep:  533 | Steps:   12 | Reward:     9.93
Total T:   12347 | Ep:  534 | Steps:   17 | Reward:     9.84
Total T:   12366 | Ep:  535 | Steps:   19 | Reward:    15.83
Total T:   12384 | Ep:  536 | Steps:   18 | Reward:    17.74
Total T:   12397 | Ep:  537 | Steps:   13 | Reward:     9.18
Total T:   12416 | Ep:  538 | Steps:   19 | Reward:    16.47
Total T:   12429 | Ep:  539 | Steps:   13 | Reward:    11.12
Total T:   12454 | Ep:  540 | Steps:   25 | Reward:    15.87
Total T:   12472 | Ep:  541 | Steps:   18 | Reward:    18.33
Total T:   12487 | Ep:  542 | Steps:   15 | Reward:    13.08
Total T:   12510 | Ep:  543 | Steps:   23 | Reward:    17.81
Total T:   12548 | Ep:  544 | Steps:   38 | Reward:    28.13
Total T:   12558 | Ep:  545 | Steps:   10 | Reward:     7.81
Total T:   12577 | Ep:  546 | Steps:   19 | Reward:    14.18
Total T:   12589 | Ep:  547 | Steps:   12 | Reward:    11.24
Total T:   12604 | Ep:  548 | Steps:   15 | Reward:     7.88
Total T:   12620 | Ep:  549 | Steps:   16 | Reward:     7.72
Total T:   12647 | Ep:  550 | Steps:   27 | Reward:    29.47
Total T:   12663 | Ep:  551 | Steps:   16 | Reward:     8.25
Total T:   12686 | Ep:  552 | Steps:   23 | Reward:    16.62
Total T:   12751 | Ep:  553 | Steps:   65 | Reward:   116.90
Total T:   12771 | Ep:  554 | Steps:   20 | Reward:     9.67
Total T:   12790 | Ep:  555 | Steps:   19 | Reward:    10.24
Total T:   12808 | Ep:  556 | Steps:   18 | Reward:    13.19
Total T:   12821 | Ep:  557 | Steps:   13 | Reward:    10.49
Total T:   12832 | Ep:  558 | Steps:   11 | Reward:     9.21
Total T:   12852 | Ep:  559 | Steps:   20 | Reward:    14.54
Total T:   12874 | Ep:  560 | Steps:   22 | Reward:     9.80
Total T:   12898 | Ep:  561 | Steps:   24 | Reward:    15.43
Total T:   12914 | Ep:  562 | Steps:   16 | Reward:    12.99
Total T:   12931 | Ep:  563 | Steps:   17 | Reward:    16.86
Total T:   12943 | Ep:  564 | Steps:   12 | Reward:     9.72
Total T:   12963 | Ep:  565 | Steps:   20 | Reward:    13.09
Total T:   12972 | Ep:  566 | Steps:    9 | Reward:     6.16
Total T:   12989 | Ep:  567 | Steps:   17 | Reward:     7.78
Total T:   12999 | Ep:  568 | Steps:   10 | Reward:     6.59
Total T:   13012 | Ep:  569 | Steps:   13 | Reward:    11.60
Total T:   13032 | Ep:  570 | Steps:   20 | Reward:    10.43
Total T:   13052 | Ep:  571 | Steps:   20 | Reward:    11.33
Total T:   13074 | Ep:  572 | Steps:   22 | Reward:     7.24
Total T:   13095 | Ep:  573 | Steps:   21 | Reward:    16.65
Total T:   13117 | Ep:  574 | Steps:   22 | Reward:    15.80
Total T:   13139 | Ep:  575 | Steps:   22 | Reward:    18.64
Total T:   13164 | Ep:  576 | Steps:   25 | Reward:    18.32
Total T:   13175 | Ep:  577 | Steps:   11 | Reward:     9.05
Total T:   13189 | Ep:  578 | Steps:   14 | Reward:    10.49
Total T:   13215 | Ep:  579 | Steps:   26 | Reward:    27.12
Total T:   13230 | Ep:  580 | Steps:   15 | Reward:    13.29
Total T:   13245 | Ep:  581 | Steps:   15 | Reward:    14.62
Total T:   13288 | Ep:  582 | Steps:   43 | Reward:    30.26
Total T:   13306 | Ep:  583 | Steps:   18 | Reward:    16.88
Total T:   13317 | Ep:  584 | Steps:   11 | Reward:     8.75
Total T:   13341 | Ep:  585 | Steps:   24 | Reward:    23.06
Total T:   13350 | Ep:  586 | Steps:    9 | Reward:     7.86
Total T:   13380 | Ep:  587 | Steps:   30 | Reward:    28.32
Total T:   13393 | Ep:  588 | Steps:   13 | Reward:     7.67
Total T:   13453 | Ep:  589 | Steps:   60 | Reward:    82.82
Total T:   13523 | Ep:  590 | Steps:   70 | Reward:    61.07
Total T:   13549 | Ep:  591 | Steps:   26 | Reward:     8.43
Total T:   13565 | Ep:  592 | Steps:   16 | Reward:     7.93
Total T:   13589 | Ep:  593 | Steps:   24 | Reward:    26.16
Total T:   13625 | Ep:  594 | Steps:   36 | Reward:    46.86
Total T:   13648 | Ep:  595 | Steps:   23 | Reward:    29.47
Total T:   13689 | Ep:  596 | Steps:   41 | Reward:    32.15
Total T:   13703 | Ep:  597 | Steps:   14 | Reward:    12.10
Total T:   13716 | Ep:  598 | Steps:   13 | Reward:     9.65
Total T:   13732 | Ep:  599 | Steps:   16 | Reward:    11.60
Total T:   13744 | Ep:  600 | Steps:   12 | Reward:     9.09
Total T:   13755 | Ep:  601 | Steps:   11 | Reward:     9.38
Total T:   13781 | Ep:  602 | Steps:   26 | Reward:    17.53
Total T:   13792 | Ep:  603 | Steps:   11 | Reward:     7.53
Total T:   13861 | Ep:  604 | Steps:   69 | Reward:    57.44
Total T:   13872 | Ep:  605 | Steps:   11 | Reward:     8.92
Total T:   13903 | Ep:  606 | Steps:   31 | Reward:    19.97
Total T:   13916 | Ep:  607 | Steps:   13 | Reward:     8.95
Total T:   13941 | Ep:  608 | Steps:   25 | Reward:    16.45
Total T:   13951 | Ep:  609 | Steps:   10 | Reward:     7.75
Total T:   13964 | Ep:  610 | Steps:   13 | Reward:     8.23
Total T:   13981 | Ep:  611 | Steps:   17 | Reward:     9.39
Total T:   13993 | Ep:  612 | Steps:   12 | Reward:     9.15
Total T:   14009 | Ep:  613 | Steps:   16 | Reward:     7.59
Total T:   14025 | Ep:  614 | Steps:   16 | Reward:    12.59
Total T:   14047 | Ep:  615 | Steps:   22 | Reward:    27.40
Total T:   14075 | Ep:  616 | Steps:   28 | Reward:    26.82
Total T:   14091 | Ep:  617 | Steps:   16 | Reward:    10.81
Total T:   14108 | Ep:  618 | Steps:   17 | Reward:    12.27
Total T:   14125 | Ep:  619 | Steps:   17 | Reward:    10.51
Total T:   14150 | Ep:  620 | Steps:   25 | Reward:    16.22
Total T:   14193 | Ep:  621 | Steps:   43 | Reward:    27.17
Total T:   14225 | Ep:  622 | Steps:   32 | Reward:    21.17
Total T:   14240 | Ep:  623 | Steps:   15 | Reward:     6.33
Total T:   14256 | Ep:  624 | Steps:   16 | Reward:    11.77
Total T:   14269 | Ep:  625 | Steps:   13 | Reward:    10.71
Total T:   14285 | Ep:  626 | Steps:   16 | Reward:    11.61
Total T:   14304 | Ep:  627 | Steps:   19 | Reward:     8.83
Total T:   14349 | Ep:  628 | Steps:   45 | Reward:    38.14
Total T:   14453 | Ep:  629 | Steps:  104 | Reward:   130.28
Total T:   14482 | Ep:  630 | Steps:   29 | Reward:    26.46
Total T:   14543 | Ep:  631 | Steps:   61 | Reward:   103.12
Total T:   14572 | Ep:  632 | Steps:   29 | Reward:    27.80
Total T:   14591 | Ep:  633 | Steps:   19 | Reward:    14.25
Total T:   14615 | Ep:  634 | Steps:   24 | Reward:    19.48
Total T:   14624 | Ep:  635 | Steps:    9 | Reward:     6.26
Total T:   14641 | Ep:  636 | Steps:   17 | Reward:    11.98
Total T:   14659 | Ep:  637 | Steps:   18 | Reward:    15.48
Total T:   14687 | Ep:  638 | Steps:   28 | Reward:    20.91
Total T:   14702 | Ep:  639 | Steps:   15 | Reward:    11.55
Total T:   14716 | Ep:  640 | Steps:   14 | Reward:    10.73
Total T:   14728 | Ep:  641 | Steps:   12 | Reward:     8.19
Total T:   14747 | Ep:  642 | Steps:   19 | Reward:    18.56
Total T:   14765 | Ep:  643 | Steps:   18 | Reward:    13.18
Total T:   14787 | Ep:  644 | Steps:   22 | Reward:    10.40
Total T:   14801 | Ep:  645 | Steps:   14 | Reward:    11.24
Total T:   14822 | Ep:  646 | Steps:   21 | Reward:    15.39
Total T:   14833 | Ep:  647 | Steps:   11 | Reward:     9.00
Total T:   14842 | Ep:  648 | Steps:    9 | Reward:     5.87
Total T:   14866 | Ep:  649 | Steps:   24 | Reward:    20.84
Total T:   14893 | Ep:  650 | Steps:   27 | Reward:    16.26
Total T:   14902 | Ep:  651 | Steps:    9 | Reward:     6.14
Total T:   14914 | Ep:  652 | Steps:   12 | Reward:     8.12
Total T:   14955 | Ep:  653 | Steps:   41 | Reward:    24.01
Total T:   14983 | Ep:  654 | Steps:   28 | Reward:    29.64
Total T:   15001 | Ep:  655 | Steps:   18 | Reward:    14.71
Total T:   15014 | Ep:  656 | Steps:   13 | Reward:     9.27
Total T:   15036 | Ep:  657 | Steps:   22 | Reward:    12.69
Total T:   15093 | Ep:  658 | Steps:   57 | Reward:    35.95
Total T:   15113 | Ep:  659 | Steps:   20 | Reward:    22.16
Total T:   15128 | Ep:  660 | Steps:   15 | Reward:    12.25
Total T:   15141 | Ep:  661 | Steps:   13 | Reward:    10.08
Total T:   15152 | Ep:  662 | Steps:   11 | Reward:     9.67
Total T:   15173 | Ep:  663 | Steps:   21 | Reward:    22.01
Total T:   15194 | Ep:  664 | Steps:   21 | Reward:    23.68
Total T:   15214 | Ep:  665 | Steps:   20 | Reward:    12.71
Total T:   15229 | Ep:  666 | Steps:   15 | Reward:     8.72
Total T:   15243 | Ep:  667 | Steps:   14 | Reward:    10.40
Total T:   15265 | Ep:  668 | Steps:   22 | Reward:     8.62
Total T:   15282 | Ep:  669 | Steps:   17 | Reward:    13.09
Total T:   15299 | Ep:  670 | Steps:   17 | Reward:    19.44
Total T:   15337 | Ep:  671 | Steps:   38 | Reward:    26.28
Total T:   15349 | Ep:  672 | Steps:   12 | Reward:     9.63
Total T:   15361 | Ep:  673 | Steps:   12 | Reward:     6.52
Total T:   15372 | Ep:  674 | Steps:   11 | Reward:     9.22
Total T:   15401 | Ep:  675 | Steps:   29 | Reward:    23.30
Total T:   15411 | Ep:  676 | Steps:   10 | Reward:     8.62
Total T:   15447 | Ep:  677 | Steps:   36 | Reward:    22.02
Total T:   15477 | Ep:  678 | Steps:   30 | Reward:     9.00
Total T:   15494 | Ep:  679 | Steps:   17 | Reward:     9.71
Total T:   15512 | Ep:  680 | Steps:   18 | Reward:    16.23
Total T:   15531 | Ep:  681 | Steps:   19 | Reward:     6.12
Total T:   15562 | Ep:  682 | Steps:   31 | Reward:    32.10
Total T:   15575 | Ep:  683 | Steps:   13 | Reward:    11.40
Total T:   15596 | Ep:  684 | Steps:   21 | Reward:    18.12
Total T:   15626 | Ep:  685 | Steps:   30 | Reward:    32.84
Total T:   15638 | Ep:  686 | Steps:   12 | Reward:     7.63
Total T:   15664 | Ep:  687 | Steps:   26 | Reward:    27.68
Total T:   15677 | Ep:  688 | Steps:   13 | Reward:    10.99
Total T:   15699 | Ep:  689 | Steps:   22 | Reward:    22.59
Total T:   15734 | Ep:  690 | Steps:   35 | Reward:    44.27
Total T:   15749 | Ep:  691 | Steps:   15 | Reward:    12.01
Total T:   15771 | Ep:  692 | Steps:   22 | Reward:    22.29
Total T:   15788 | Ep:  693 | Steps:   17 | Reward:    15.45
Total T:   15799 | Ep:  694 | Steps:   11 | Reward:     8.77
Total T:   15814 | Ep:  695 | Steps:   15 | Reward:     8.95
Total T:   15829 | Ep:  696 | Steps:   15 | Reward:     9.30
Total T:   15854 | Ep:  697 | Steps:   25 | Reward:    12.25
Total T:   15864 | Ep:  698 | Steps:   10 | Reward:     6.53
Total T:   15883 | Ep:  699 | Steps:   19 | Reward:    15.90
Total T:   15899 | Ep:  700 | Steps:   16 | Reward:    11.16
Total T:   15924 | Ep:  701 | Steps:   25 | Reward:    10.84
Total T:   15940 | Ep:  702 | Steps:   16 | Reward:    10.55
Total T:   15981 | Ep:  703 | Steps:   41 | Reward:    27.82
Total T:   15996 | Ep:  704 | Steps:   15 | Reward:     6.48
Total T:   16031 | Ep:  705 | Steps:   35 | Reward:    38.29
Total T:   16128 | Ep:  706 | Steps:   97 | Reward:   180.33
Total T:   16194 | Ep:  707 | Steps:   66 | Reward:    89.07
Total T:   16233 | Ep:  708 | Steps:   39 | Reward:    45.98
Total T:   16257 | Ep:  709 | Steps:   24 | Reward:    20.92
Total T:   16271 | Ep:  710 | Steps:   14 | Reward:    11.22
Total T:   16286 | Ep:  711 | Steps:   15 | Reward:     8.25
Total T:   16312 | Ep:  712 | Steps:   26 | Reward:    19.74
Total T:   16332 | Ep:  713 | Steps:   20 | Reward:    13.53
Total T:   16354 | Ep:  714 | Steps:   22 | Reward:    19.84
Total T:   16384 | Ep:  715 | Steps:   30 | Reward:    19.55
Total T:   16398 | Ep:  716 | Steps:   14 | Reward:     8.17
Total T:   16447 | Ep:  717 | Steps:   49 | Reward:    75.09
Total T:   16462 | Ep:  718 | Steps:   15 | Reward:     6.96
Total T:   16476 | Ep:  719 | Steps:   14 | Reward:    10.18
Total T:   16488 | Ep:  720 | Steps:   12 | Reward:     8.03
Total T:   16533 | Ep:  721 | Steps:   45 | Reward:    17.26
Total T:   16552 | Ep:  722 | Steps:   19 | Reward:    13.89
Total T:   16577 | Ep:  723 | Steps:   25 | Reward:    11.00
Total T:   16590 | Ep:  724 | Steps:   13 | Reward:     8.94
Total T:   16602 | Ep:  725 | Steps:   12 | Reward:     9.66
Total T:   16620 | Ep:  726 | Steps:   18 | Reward:    12.11
Total T:   16631 | Ep:  727 | Steps:   11 | Reward:     8.61
Total T:   16643 | Ep:  728 | Steps:   12 | Reward:     7.69
Total T:   16657 | Ep:  729 | Steps:   14 | Reward:    13.53
Total T:   16673 | Ep:  730 | Steps:   16 | Reward:    12.10
Total T:   16699 | Ep:  731 | Steps:   26 | Reward:    10.01
Total T:   16750 | Ep:  732 | Steps:   51 | Reward:    22.24
Total T:   16767 | Ep:  733 | Steps:   17 | Reward:    16.44
Total T:   16782 | Ep:  734 | Steps:   15 | Reward:    13.47
Total T:   16796 | Ep:  735 | Steps:   14 | Reward:    12.21
Total T:   16819 | Ep:  736 | Steps:   23 | Reward:    17.79
Total T:   16831 | Ep:  737 | Steps:   12 | Reward:     8.89
Total T:   16844 | Ep:  738 | Steps:   13 | Reward:     9.13
Total T:   16863 | Ep:  739 | Steps:   19 | Reward:     9.44
Total T:   16920 | Ep:  740 | Steps:   57 | Reward:    71.84
Total T:   16934 | Ep:  741 | Steps:   14 | Reward:    10.70
Total T:   16945 | Ep:  742 | Steps:   11 | Reward:     7.77
Total T:   16965 | Ep:  743 | Steps:   20 | Reward:    14.42
Total T:   16978 | Ep:  744 | Steps:   13 | Reward:     8.69
Total T:   16994 | Ep:  745 | Steps:   16 | Reward:     7.76
Total T:   17020 | Ep:  746 | Steps:   26 | Reward:    28.67
Total T:   17032 | Ep:  747 | Steps:   12 | Reward:     6.93
Total T:   17148 | Ep:  748 | Steps:  116 | Reward:   127.19
Total T:   17162 | Ep:  749 | Steps:   14 | Reward:    11.69
Total T:   17174 | Ep:  750 | Steps:   12 | Reward:     6.73
Total T:   17198 | Ep:  751 | Steps:   24 | Reward:    14.49
Total T:   17280 | Ep:  752 | Steps:   82 | Reward:   128.28
Total T:   17299 | Ep:  753 | Steps:   19 | Reward:    19.76
Total T:   17324 | Ep:  754 | Steps:   25 | Reward:    14.75
Total T:   17340 | Ep:  755 | Steps:   16 | Reward:    14.11
Total T:   17365 | Ep:  756 | Steps:   25 | Reward:    17.83
Total T:   17375 | Ep:  757 | Steps:   10 | Reward:     5.85
Total T:   17387 | Ep:  758 | Steps:   12 | Reward:     8.26
Total T:   17401 | Ep:  759 | Steps:   14 | Reward:     7.89
Total T:   17417 | Ep:  760 | Steps:   16 | Reward:    14.77
Total T:   17427 | Ep:  761 | Steps:   10 | Reward:     6.15
Total T:   17443 | Ep:  762 | Steps:   16 | Reward:    13.96
Total T:   17457 | Ep:  763 | Steps:   14 | Reward:    12.71
Total T:   17469 | Ep:  764 | Steps:   12 | Reward:     6.72
Total T:   17495 | Ep:  765 | Steps:   26 | Reward:    22.82
Total T:   17506 | Ep:  766 | Steps:   11 | Reward:     7.48
Total T:   17525 | Ep:  767 | Steps:   19 | Reward:    15.14
Total T:   17541 | Ep:  768 | Steps:   16 | Reward:     8.51
Total T:   17560 | Ep:  769 | Steps:   19 | Reward:    14.36
Total T:   17583 | Ep:  770 | Steps:   23 | Reward:    19.67
Total T:   17644 | Ep:  771 | Steps:   61 | Reward:   114.67
Total T:   17660 | Ep:  772 | Steps:   16 | Reward:     9.44
Total T:   17677 | Ep:  773 | Steps:   17 | Reward:    16.42
Total T:   17685 | Ep:  774 | Steps:    8 | Reward:     5.27
Total T:   17715 | Ep:  775 | Steps:   30 | Reward:    21.81
Total T:   17751 | Ep:  776 | Steps:   36 | Reward:    26.37
Total T:   17780 | Ep:  777 | Steps:   29 | Reward:    17.42
Total T:   17811 | Ep:  778 | Steps:   31 | Reward:    22.28
Total T:   17831 | Ep:  779 | Steps:   20 | Reward:    18.66
Total T:   17854 | Ep:  780 | Steps:   23 | Reward:    11.02
Total T:   17864 | Ep:  781 | Steps:   10 | Reward:     8.03
Total T:   17892 | Ep:  782 | Steps:   28 | Reward:    22.40
Total T:   17924 | Ep:  783 | Steps:   32 | Reward:    31.00
Total T:   17945 | Ep:  784 | Steps:   21 | Reward:    13.15
Total T:   17957 | Ep:  785 | Steps:   12 | Reward:     9.98
Total T:   17984 | Ep:  786 | Steps:   27 | Reward:     8.27
Total T:   18008 | Ep:  787 | Steps:   24 | Reward:     8.29
Total T:   18017 | Ep:  788 | Steps:    9 | Reward:     7.41
Total T:   18045 | Ep:  789 | Steps:   28 | Reward:    29.65
Total T:   18062 | Ep:  790 | Steps:   17 | Reward:    10.72
Total T:   18075 | Ep:  791 | Steps:   13 | Reward:     8.13
Total T:   18109 | Ep:  792 | Steps:   34 | Reward:    25.49
Total T:   18123 | Ep:  793 | Steps:   14 | Reward:    11.14
Total T:   18148 | Ep:  794 | Steps:   25 | Reward:    22.98
Total T:   18159 | Ep:  795 | Steps:   11 | Reward:     5.87
Total T:   18208 | Ep:  796 | Steps:   49 | Reward:    44.69
Total T:   18217 | Ep:  797 | Steps:    9 | Reward:     7.38
Total T:   18228 | Ep:  798 | Steps:   11 | Reward:     7.69
Total T:   18244 | Ep:  799 | Steps:   16 | Reward:     9.43
Total T:   18256 | Ep:  800 | Steps:   12 | Reward:     7.60
Total T:   18317 | Ep:  801 | Steps:   61 | Reward:    87.77
Total T:   18351 | Ep:  802 | Steps:   34 | Reward:    33.26
Total T:   18382 | Ep:  803 | Steps:   31 | Reward:    13.22
Total T:   18398 | Ep:  804 | Steps:   16 | Reward:    16.47
Total T:   18422 | Ep:  805 | Steps:   24 | Reward:    20.32
Total T:   18454 | Ep:  806 | Steps:   32 | Reward:    20.60
Total T:   18465 | Ep:  807 | Steps:   11 | Reward:     9.53
Total T:   18502 | Ep:  808 | Steps:   37 | Reward:    25.28
Total T:   18526 | Ep:  809 | Steps:   24 | Reward:    23.07
Total T:   18541 | Ep:  810 | Steps:   15 | Reward:     8.50
Total T:   18565 | Ep:  811 | Steps:   24 | Reward:    26.80
Total T:   18618 | Ep:  812 | Steps:   53 | Reward:    80.75
Total T:   18657 | Ep:  813 | Steps:   39 | Reward:    33.82
Total T:   18673 | Ep:  814 | Steps:   16 | Reward:    11.69
Total T:   18692 | Ep:  815 | Steps:   19 | Reward:    21.32
Total T:   18704 | Ep:  816 | Steps:   12 | Reward:     7.94
Total T:   18728 | Ep:  817 | Steps:   24 | Reward:    23.65
Total T:   18740 | Ep:  818 | Steps:   12 | Reward:    10.14
Total T:   18756 | Ep:  819 | Steps:   16 | Reward:    14.59
Total T:   18769 | Ep:  820 | Steps:   13 | Reward:    11.84
Total T:   18790 | Ep:  821 | Steps:   21 | Reward:    18.38
Total T:   18805 | Ep:  822 | Steps:   15 | Reward:     9.74
Total T:   18814 | Ep:  823 | Steps:    9 | Reward:     6.45
Total T:   18840 | Ep:  824 | Steps:   26 | Reward:    14.93
Total T:   18870 | Ep:  825 | Steps:   30 | Reward:    17.51
Total T:   18889 | Ep:  826 | Steps:   19 | Reward:    11.25
Total T:   18900 | Ep:  827 | Steps:   11 | Reward:     8.31
Total T:   18921 | Ep:  828 | Steps:   21 | Reward:    15.49
Total T:   18937 | Ep:  829 | Steps:   16 | Reward:    14.01
Total T:   18961 | Ep:  830 | Steps:   24 | Reward:    13.65
Total T:   18976 | Ep:  831 | Steps:   15 | Reward:     6.59
Total T:   19008 | Ep:  832 | Steps:   32 | Reward:    30.71
Total T:   19067 | Ep:  833 | Steps:   59 | Reward:    66.96
Total T:   19088 | Ep:  834 | Steps:   21 | Reward:    16.82
Total T:   19131 | Ep:  835 | Steps:   43 | Reward:    19.04
Total T:   19142 | Ep:  836 | Steps:   11 | Reward:     5.58
Total T:   19158 | Ep:  837 | Steps:   16 | Reward:     9.96
Total T:   19187 | Ep:  838 | Steps:   29 | Reward:    10.16
Total T:   19205 | Ep:  839 | Steps:   18 | Reward:    16.99
Total T:   19222 | Ep:  840 | Steps:   17 | Reward:    12.36
Total T:   19236 | Ep:  841 | Steps:   14 | Reward:    10.19
Total T:   19275 | Ep:  842 | Steps:   39 | Reward:    35.36
Total T:   19295 | Ep:  843 | Steps:   20 | Reward:    13.37
Total T:   19308 | Ep:  844 | Steps:   13 | Reward:    11.81
Total T:   19322 | Ep:  845 | Steps:   14 | Reward:     9.20
Total T:   19337 | Ep:  846 | Steps:   15 | Reward:     8.97
Total T:   19361 | Ep:  847 | Steps:   24 | Reward:    23.32
Total T:   19389 | Ep:  848 | Steps:   28 | Reward:    13.78
Total T:   19419 | Ep:  849 | Steps:   30 | Reward:     8.78
Total T:   19428 | Ep:  850 | Steps:    9 | Reward:     4.96
Total T:   19452 | Ep:  851 | Steps:   24 | Reward:    28.09
Total T:   19466 | Ep:  852 | Steps:   14 | Reward:    12.68
Total T:   19480 | Ep:  853 | Steps:   14 | Reward:    12.62
Total T:   19510 | Ep:  854 | Steps:   30 | Reward:    20.11
Total T:   19536 | Ep:  855 | Steps:   26 | Reward:    15.05
Total T:   19564 | Ep:  856 | Steps:   28 | Reward:    22.76
Total T:   19583 | Ep:  857 | Steps:   19 | Reward:    19.09
Total T:   19616 | Ep:  858 | Steps:   33 | Reward:    21.29
Total T:   19638 | Ep:  859 | Steps:   22 | Reward:    14.61
Total T:   19648 | Ep:  860 | Steps:   10 | Reward:     8.47
Total T:   19692 | Ep:  861 | Steps:   44 | Reward:    72.37
Total T:   19704 | Ep:  862 | Steps:   12 | Reward:     7.89
Total T:   19721 | Ep:  863 | Steps:   17 | Reward:    17.87
Total T:   19739 | Ep:  864 | Steps:   18 | Reward:    13.72
Total T:   19758 | Ep:  865 | Steps:   19 | Reward:    10.29
Total T:   19769 | Ep:  866 | Steps:   11 | Reward:     9.05
Total T:   19788 | Ep:  867 | Steps:   19 | Reward:    14.11
Total T:   19808 | Ep:  868 | Steps:   20 | Reward:    12.50
Total T:   19851 | Ep:  869 | Steps:   43 | Reward:    40.82
Total T:   19896 | Ep:  870 | Steps:   45 | Reward:    26.76
Total T:   19916 | Ep:  871 | Steps:   20 | Reward:     6.75
Total T:   19951 | Ep:  872 | Steps:   35 | Reward:    32.88
Total T:   19972 | Ep:  873 | Steps:   21 | Reward:    23.65
Total T:   19988 | Ep:  874 | Steps:   16 | Reward:     8.74
---------------------------------------
Evaluation over 10 episodes: 57.424
---------------------------------------
Total T:   20002 | Ep:  875 | Steps:   14 | Reward:    13.19
Total T:   20018 | Ep:  876 | Steps:   16 | Reward:    11.74
Total T:   20044 | Ep:  877 | Steps:   26 | Reward:    18.74
Total T:   20070 | Ep:  878 | Steps:   26 | Reward:    25.94
Total T:   20104 | Ep:  879 | Steps:   34 | Reward:    42.07
Total T:   20122 | Ep:  880 | Steps:   18 | Reward:    17.53
Total T:   20132 | Ep:  881 | Steps:   10 | Reward:     8.16
Total T:   20142 | Ep:  882 | Steps:   10 | Reward:     6.18
Total T:   20165 | Ep:  883 | Steps:   23 | Reward:    11.67
Total T:   20183 | Ep:  884 | Steps:   18 | Reward:    16.87
Total T:   20215 | Ep:  885 | Steps:   32 | Reward:    19.15
Total T:   20225 | Ep:  886 | Steps:   10 | Reward:     4.23
Total T:   20237 | Ep:  887 | Steps:   12 | Reward:     8.31
Total T:   20260 | Ep:  888 | Steps:   23 | Reward:     8.33
Total T:   20270 | Ep:  889 | Steps:   10 | Reward:     7.02
Total T:   20280 | Ep:  890 | Steps:   10 | Reward:     8.06
Total T:   20300 | Ep:  891 | Steps:   20 | Reward:    13.34
Total T:   20325 | Ep:  892 | Steps:   25 | Reward:    13.97
Total T:   20344 | Ep:  893 | Steps:   19 | Reward:    16.40
Total T:   20357 | Ep:  894 | Steps:   13 | Reward:     8.47
Total T:   20381 | Ep:  895 | Steps:   24 | Reward:    17.55
Total T:   20394 | Ep:  896 | Steps:   13 | Reward:    10.58
Total T:   20410 | Ep:  897 | Steps:   16 | Reward:     7.82
Total T:   20429 | Ep:  898 | Steps:   19 | Reward:    16.45
Total T:   20469 | Ep:  899 | Steps:   40 | Reward:    54.64
Total T:   20492 | Ep:  900 | Steps:   23 | Reward:    22.72
Total T:   20511 | Ep:  901 | Steps:   19 | Reward:    15.64
Total T:   20539 | Ep:  902 | Steps:   28 | Reward:    25.27
Total T:   20560 | Ep:  903 | Steps:   21 | Reward:    18.01
Total T:   20585 | Ep:  904 | Steps:   25 | Reward:    18.18
Total T:   20610 | Ep:  905 | Steps:   25 | Reward:    10.35
Total T:   20629 | Ep:  906 | Steps:   19 | Reward:    17.46
Total T:   20640 | Ep:  907 | Steps:   11 | Reward:     7.98
Total T:   20683 | Ep:  908 | Steps:   43 | Reward:    52.69
Total T:   20698 | Ep:  909 | Steps:   15 | Reward:    12.65
Total T:   20721 | Ep:  910 | Steps:   23 | Reward:    26.44
Total T:   20752 | Ep:  911 | Steps:   31 | Reward:    21.40
Total T:   20796 | Ep:  912 | Steps:   44 | Reward:    60.63
Total T:   20821 | Ep:  913 | Steps:   25 | Reward:    28.30
Total T:   20840 | Ep:  914 | Steps:   19 | Reward:    15.83
Total T:   20873 | Ep:  915 | Steps:   33 | Reward:    33.23
Total T:   20888 | Ep:  916 | Steps:   15 | Reward:    10.11
Total T:   20904 | Ep:  917 | Steps:   16 | Reward:    11.82
Total T:   20915 | Ep:  918 | Steps:   11 | Reward:     8.27
Total T:   20927 | Ep:  919 | Steps:   12 | Reward:     9.64
Total T:   20949 | Ep:  920 | Steps:   22 | Reward:    14.13
Total T:   20996 | Ep:  921 | Steps:   47 | Reward:    35.01
Total T:   21023 | Ep:  922 | Steps:   27 | Reward:    28.21
Total T:   21044 | Ep:  923 | Steps:   21 | Reward:    20.70
Total T:   21056 | Ep:  924 | Steps:   12 | Reward:    10.21
Total T:   21076 | Ep:  925 | Steps:   20 | Reward:    19.30
Total T:   21117 | Ep:  926 | Steps:   41 | Reward:    24.36
Total T:   21159 | Ep:  927 | Steps:   42 | Reward:    22.70
Total T:   21185 | Ep:  928 | Steps:   26 | Reward:    10.89
Total T:   21212 | Ep:  929 | Steps:   27 | Reward:    25.96
Total T:   21227 | Ep:  930 | Steps:   15 | Reward:     9.57
Total T:   21240 | Ep:  931 | Steps:   13 | Reward:    12.13
Total T:   21261 | Ep:  932 | Steps:   21 | Reward:    20.62
Total T:   21272 | Ep:  933 | Steps:   11 | Reward:     8.46
Total T:   21290 | Ep:  934 | Steps:   18 | Reward:    13.31
Total T:   21304 | Ep:  935 | Steps:   14 | Reward:    11.61
Total T:   21322 | Ep:  936 | Steps:   18 | Reward:    11.92
Total T:   21349 | Ep:  937 | Steps:   27 | Reward:    30.35
Total T:   21366 | Ep:  938 | Steps:   17 | Reward:    15.84
Total T:   21380 | Ep:  939 | Steps:   14 | Reward:    11.57
Total T:   21397 | Ep:  940 | Steps:   17 | Reward:    14.73
Total T:   21436 | Ep:  941 | Steps:   39 | Reward:    34.87
Total T:   21454 | Ep:  942 | Steps:   18 | Reward:    10.89
Total T:   21478 | Ep:  943 | Steps:   24 | Reward:    26.33
Total T:   21495 | Ep:  944 | Steps:   17 | Reward:     8.37
Total T:   21540 | Ep:  945 | Steps:   45 | Reward:    58.61
Total T:   21555 | Ep:  946 | Steps:   15 | Reward:    13.81
Total T:   21593 | Ep:  947 | Steps:   38 | Reward:    28.90
Total T:   21626 | Ep:  948 | Steps:   33 | Reward:    16.79
Total T:   21654 | Ep:  949 | Steps:   28 | Reward:     4.68
Total T:   21673 | Ep:  950 | Steps:   19 | Reward:    10.67
Total T:   21693 | Ep:  951 | Steps:   20 | Reward:    16.03
Total T:   21721 | Ep:  952 | Steps:   28 | Reward:     7.93
Total T:   21783 | Ep:  953 | Steps:   62 | Reward:   115.17
Total T:   21801 | Ep:  954 | Steps:   18 | Reward:    11.63
Total T:   21814 | Ep:  955 | Steps:   13 | Reward:    13.06
Total T:   21833 | Ep:  956 | Steps:   19 | Reward:    17.11
Total T:   21855 | Ep:  957 | Steps:   22 | Reward:     6.58
Total T:   21891 | Ep:  958 | Steps:   36 | Reward:    28.45
Total T:   21901 | Ep:  959 | Steps:   10 | Reward:     7.16
Total T:   21913 | Ep:  960 | Steps:   12 | Reward:    10.78
Total T:   21942 | Ep:  961 | Steps:   29 | Reward:    39.16
Total T:   21959 | Ep:  962 | Steps:   17 | Reward:    20.51
Total T:   21985 | Ep:  963 | Steps:   26 | Reward:    26.12
Total T:   21997 | Ep:  964 | Steps:   12 | Reward:     8.20
Total T:   22007 | Ep:  965 | Steps:   10 | Reward:     7.13
Total T:   22035 | Ep:  966 | Steps:   28 | Reward:    35.64
Total T:   22046 | Ep:  967 | Steps:   11 | Reward:     8.82
Total T:   22061 | Ep:  968 | Steps:   15 | Reward:     9.50
Total T:   22071 | Ep:  969 | Steps:   10 | Reward:     7.27
Total T:   22094 | Ep:  970 | Steps:   23 | Reward:    23.21
Total T:   22117 | Ep:  971 | Steps:   23 | Reward:    19.46
Total T:   22140 | Ep:  972 | Steps:   23 | Reward:    13.35
Total T:   22162 | Ep:  973 | Steps:   22 | Reward:    24.09
Total T:   22175 | Ep:  974 | Steps:   13 | Reward:     8.37
Total T:   22190 | Ep:  975 | Steps:   15 | Reward:    13.23
Total T:   22214 | Ep:  976 | Steps:   24 | Reward:     7.66
Total T:   22234 | Ep:  977 | Steps:   20 | Reward:    12.55
Total T:   22252 | Ep:  978 | Steps:   18 | Reward:    13.13
Total T:   22266 | Ep:  979 | Steps:   14 | Reward:    11.68
Total T:   22281 | Ep:  980 | Steps:   15 | Reward:    11.66
Total T:   22296 | Ep:  981 | Steps:   15 | Reward:    13.04
Total T:   22311 | Ep:  982 | Steps:   15 | Reward:     8.88
Total T:   22321 | Ep:  983 | Steps:   10 | Reward:     8.30
Total T:   22360 | Ep:  984 | Steps:   39 | Reward:    25.18
Total T:   22390 | Ep:  985 | Steps:   30 | Reward:    29.52
Total T:   22422 | Ep:  986 | Steps:   32 | Reward:    20.19
Total T:   22442 | Ep:  987 | Steps:   20 | Reward:    15.32
Total T:   22456 | Ep:  988 | Steps:   14 | Reward:    11.15
Total T:   22478 | Ep:  989 | Steps:   22 | Reward:    20.44
Total T:   22490 | Ep:  990 | Steps:   12 | Reward:     9.10
Total T:   22529 | Ep:  991 | Steps:   39 | Reward:    53.60
Total T:   22551 | Ep:  992 | Steps:   22 | Reward:    17.03
Total T:   22565 | Ep:  993 | Steps:   14 | Reward:    10.22
Total T:   22594 | Ep:  994 | Steps:   29 | Reward:    22.24
Total T:   22607 | Ep:  995 | Steps:   13 | Reward:    11.97
Total T:   22629 | Ep:  996 | Steps:   22 | Reward:    20.15
Total T:   22641 | Ep:  997 | Steps:   12 | Reward:     9.74
Total T:   22661 | Ep:  998 | Steps:   20 | Reward:    11.01
Total T:   22672 | Ep:  999 | Steps:   11 | Reward:     7.72
Total T:   22685 | Ep: 1000 | Steps:   13 | Reward:    11.94
Total T:   22702 | Ep: 1001 | Steps:   17 | Reward:     9.22
Total T:   22724 | Ep: 1002 | Steps:   22 | Reward:    19.29
Total T:   22741 | Ep: 1003 | Steps:   17 | Reward:    10.24
Total T:   22788 | Ep: 1004 | Steps:   47 | Reward:    36.34
Total T:   22811 | Ep: 1005 | Steps:   23 | Reward:    18.38
Total T:   22824 | Ep: 1006 | Steps:   13 | Reward:    11.38
Total T:   22847 | Ep: 1007 | Steps:   23 | Reward:    23.60
Total T:   22860 | Ep: 1008 | Steps:   13 | Reward:     9.42
Total T:   22875 | Ep: 1009 | Steps:   15 | Reward:    10.67
Total T:   22904 | Ep: 1010 | Steps:   29 | Reward:    32.95
Total T:   22931 | Ep: 1011 | Steps:   27 | Reward:    15.10
Total T:   22943 | Ep: 1012 | Steps:   12 | Reward:     8.35
Total T:   22981 | Ep: 1013 | Steps:   38 | Reward:    25.46
Total T:   23006 | Ep: 1014 | Steps:   25 | Reward:    17.50
Total T:   23019 | Ep: 1015 | Steps:   13 | Reward:     8.79
Total T:   23030 | Ep: 1016 | Steps:   11 | Reward:     8.15
Total T:   23047 | Ep: 1017 | Steps:   17 | Reward:     9.30
Total T:   23092 | Ep: 1018 | Steps:   45 | Reward:    32.87
Total T:   23105 | Ep: 1019 | Steps:   13 | Reward:     9.73
Total T:   23126 | Ep: 1020 | Steps:   21 | Reward:    11.75
Total T:   23149 | Ep: 1021 | Steps:   23 | Reward:    15.06
Total T:   23171 | Ep: 1022 | Steps:   22 | Reward:    11.79
Total T:   23185 | Ep: 1023 | Steps:   14 | Reward:    11.30
Total T:   23205 | Ep: 1024 | Steps:   20 | Reward:    19.80
Total T:   23226 | Ep: 1025 | Steps:   21 | Reward:    19.54
Total T:   23289 | Ep: 1026 | Steps:   63 | Reward:    63.63
Total T:   23301 | Ep: 1027 | Steps:   12 | Reward:     8.67
Total T:   23313 | Ep: 1028 | Steps:   12 | Reward:     7.85
Total T:   23339 | Ep: 1029 | Steps:   26 | Reward:    26.79
Total T:   23365 | Ep: 1030 | Steps:   26 | Reward:    13.46
Total T:   23388 | Ep: 1031 | Steps:   23 | Reward:    16.32
Total T:   23417 | Ep: 1032 | Steps:   29 | Reward:    25.54
Total T:   23446 | Ep: 1033 | Steps:   29 | Reward:    33.07
Total T:   23475 | Ep: 1034 | Steps:   29 | Reward:    28.50
Total T:   23501 | Ep: 1035 | Steps:   26 | Reward:    19.38
Total T:   23530 | Ep: 1036 | Steps:   29 | Reward:    31.21
Total T:   23553 | Ep: 1037 | Steps:   23 | Reward:     9.89
Total T:   23566 | Ep: 1038 | Steps:   13 | Reward:     9.98
Total T:   23583 | Ep: 1039 | Steps:   17 | Reward:    12.98
Total T:   23596 | Ep: 1040 | Steps:   13 | Reward:    10.49
Total T:   23625 | Ep: 1041 | Steps:   29 | Reward:    28.22
Total T:   23647 | Ep: 1042 | Steps:   22 | Reward:     8.92
Total T:   23663 | Ep: 1043 | Steps:   16 | Reward:    11.58
Total T:   23689 | Ep: 1044 | Steps:   26 | Reward:    19.71
Total T:   23722 | Ep: 1045 | Steps:   33 | Reward:    16.83
Total T:   23742 | Ep: 1046 | Steps:   20 | Reward:    12.07
Total T:   23777 | Ep: 1047 | Steps:   35 | Reward:    35.95
Total T:   23813 | Ep: 1048 | Steps:   36 | Reward:    45.66
Total T:   23837 | Ep: 1049 | Steps:   24 | Reward:    12.37
Total T:   23850 | Ep: 1050 | Steps:   13 | Reward:    11.29
Total T:   23867 | Ep: 1051 | Steps:   17 | Reward:     9.59
Total T:   23880 | Ep: 1052 | Steps:   13 | Reward:     9.01
Total T:   23899 | Ep: 1053 | Steps:   19 | Reward:    14.53
Total T:   23912 | Ep: 1054 | Steps:   13 | Reward:    11.35
Total T:   23989 | Ep: 1055 | Steps:   77 | Reward:   141.00
Total T:   24012 | Ep: 1056 | Steps:   23 | Reward:    17.28
Total T:   24027 | Ep: 1057 | Steps:   15 | Reward:    11.53
Total T:   24047 | Ep: 1058 | Steps:   20 | Reward:    15.83
Total T:   24077 | Ep: 1059 | Steps:   30 | Reward:    13.85
Total T:   24095 | Ep: 1060 | Steps:   18 | Reward:    15.26
Total T:   24123 | Ep: 1061 | Steps:   28 | Reward:    20.68
Total T:   24150 | Ep: 1062 | Steps:   27 | Reward:    16.49
Total T:   24173 | Ep: 1063 | Steps:   23 | Reward:    18.64
Total T:   24189 | Ep: 1064 | Steps:   16 | Reward:    10.97
Total T:   24216 | Ep: 1065 | Steps:   27 | Reward:    17.86
Total T:   24231 | Ep: 1066 | Steps:   15 | Reward:     8.70
Total T:   24245 | Ep: 1067 | Steps:   14 | Reward:     7.94
Total T:   24267 | Ep: 1068 | Steps:   22 | Reward:    25.88
Total T:   24316 | Ep: 1069 | Steps:   49 | Reward:    30.01
Total T:   24331 | Ep: 1070 | Steps:   15 | Reward:     9.00
Total T:   24365 | Ep: 1071 | Steps:   34 | Reward:    29.95
Total T:   24397 | Ep: 1072 | Steps:   32 | Reward:    27.13
Total T:   24432 | Ep: 1073 | Steps:   35 | Reward:    37.26
Total T:   24444 | Ep: 1074 | Steps:   12 | Reward:     8.56
Total T:   24479 | Ep: 1075 | Steps:   35 | Reward:    13.54
Total T:   24496 | Ep: 1076 | Steps:   17 | Reward:    11.18
Total T:   24512 | Ep: 1077 | Steps:   16 | Reward:    10.54
Total T:   24528 | Ep: 1078 | Steps:   16 | Reward:    10.93
Total T:   24556 | Ep: 1079 | Steps:   28 | Reward:    14.75
Total T:   24575 | Ep: 1080 | Steps:   19 | Reward:    15.94
Total T:   24587 | Ep: 1081 | Steps:   12 | Reward:    11.46
Total T:   24617 | Ep: 1082 | Steps:   30 | Reward:    24.05
Total T:   24660 | Ep: 1083 | Steps:   43 | Reward:    39.19
Total T:   24696 | Ep: 1084 | Steps:   36 | Reward:    31.65
Total T:   24717 | Ep: 1085 | Steps:   21 | Reward:    14.06
Total T:   24729 | Ep: 1086 | Steps:   12 | Reward:    10.51
Total T:   24753 | Ep: 1087 | Steps:   24 | Reward:    23.89
Total T:   24778 | Ep: 1088 | Steps:   25 | Reward:     7.73
Total T:   24797 | Ep: 1089 | Steps:   19 | Reward:     7.86
Total T:   24820 | Ep: 1090 | Steps:   23 | Reward:    24.36
Total T:   24835 | Ep: 1091 | Steps:   15 | Reward:     8.99
Total T:   24854 | Ep: 1092 | Steps:   19 | Reward:    11.73
Total T:   24872 | Ep: 1093 | Steps:   18 | Reward:    17.75
Total T:   24891 | Ep: 1094 | Steps:   19 | Reward:    12.85
Total T:   24912 | Ep: 1095 | Steps:   21 | Reward:    18.53
Total T:   24937 | Ep: 1096 | Steps:   25 | Reward:    28.48
Total T:   24962 | Ep: 1097 | Steps:   25 | Reward:    11.72
Total T:   24979 | Ep: 1098 | Steps:   17 | Reward:    13.09
Total T:   25007 | Ep: 1099 | Steps:   28 | Reward:    17.02
Total T:   25022 | Ep: 1100 | Steps:   15 | Reward:     8.41
Total T:   25033 | Ep: 1101 | Steps:   11 | Reward:     5.15
Total T:   25044 | Ep: 1102 | Steps:   11 | Reward:     3.15
Total T:   25054 | Ep: 1103 | Steps:   10 | Reward:     1.66
Total T:   25064 | Ep: 1104 | Steps:   10 | Reward:     1.09
Total T:   25074 | Ep: 1105 | Steps:   10 | Reward:     0.98
Total T:   25083 | Ep: 1106 | Steps:    9 | Reward:     1.16
Total T:   25093 | Ep: 1107 | Steps:   10 | Reward:     0.54
Total T:   25102 | Ep: 1108 | Steps:    9 | Reward:     1.18
Total T:   25111 | Ep: 1109 | Steps:    9 | Reward:     1.22
Total T:   25121 | Ep: 1110 | Steps:   10 | Reward:     0.13
Total T:   25130 | Ep: 1111 | Steps:    9 | Reward:     0.92
Total T:   25139 | Ep: 1112 | Steps:    9 | Reward:     1.23
Total T:   25149 | Ep: 1113 | Steps:   10 | Reward:    -0.17
Total T:   25159 | Ep: 1114 | Steps:   10 | Reward:     0.46
Total T:   25170 | Ep: 1115 | Steps:   11 | Reward:     0.32
Total T:   25188 | Ep: 1116 | Steps:   18 | Reward:    -1.11
Total T:   25206 | Ep: 1117 | Steps:   18 | Reward:    -0.95
Total T:   25224 | Ep: 1118 | Steps:   18 | Reward:    -0.77
Total T:   25242 | Ep: 1119 | Steps:   18 | Reward:    -1.06
Total T:   25260 | Ep: 1120 | Steps:   18 | Reward:    -1.16
Total T:   25278 | Ep: 1121 | Steps:   18 | Reward:    -1.23
Total T:   25297 | Ep: 1122 | Steps:   19 | Reward:    -1.22
Total T:   25315 | Ep: 1123 | Steps:   18 | Reward:    -1.02
Total T:   25333 | Ep: 1124 | Steps:   18 | Reward:    -0.99
Total T:   25351 | Ep: 1125 | Steps:   18 | Reward:    -1.23
Total T:   25369 | Ep: 1126 | Steps:   18 | Reward:    -1.20
Total T:   25387 | Ep: 1127 | Steps:   18 | Reward:    -1.48
Total T:   25405 | Ep: 1128 | Steps:   18 | Reward:    -1.33
Total T:   25423 | Ep: 1129 | Steps:   18 | Reward:    -1.36
Total T:   25441 | Ep: 1130 | Steps:   18 | Reward:    -1.23
Total T:   25459 | Ep: 1131 | Steps:   18 | Reward:    -1.23
Total T:   25477 | Ep: 1132 | Steps:   18 | Reward:    -0.85
Total T:   25495 | Ep: 1133 | Steps:   18 | Reward:    -0.97
Total T:   25518 | Ep: 1134 | Steps:   23 | Reward:     1.65
Total T:   25542 | Ep: 1135 | Steps:   24 | Reward:    41.49
Total T:   25565 | Ep: 1136 | Steps:   23 | Reward:    40.22
Total T:   25587 | Ep: 1137 | Steps:   22 | Reward:    39.01
Total T:   25610 | Ep: 1138 | Steps:   23 | Reward:    40.71
Total T:   25632 | Ep: 1139 | Steps:   22 | Reward:    38.79
Total T:   25655 | Ep: 1140 | Steps:   23 | Reward:    40.42
Total T:   25678 | Ep: 1141 | Steps:   23 | Reward:    40.18
Total T:   25701 | Ep: 1142 | Steps:   23 | Reward:    40.43
Total T:   25723 | Ep: 1143 | Steps:   22 | Reward:    38.89
Total T:   25745 | Ep: 1144 | Steps:   22 | Reward:    38.63
Total T:   25768 | Ep: 1145 | Steps:   23 | Reward:    40.30
Total T:   25789 | Ep: 1146 | Steps:   21 | Reward:    37.24
Total T:   25812 | Ep: 1147 | Steps:   23 | Reward:    40.21
Total T:   25834 | Ep: 1148 | Steps:   22 | Reward:    38.33
Total T:   25857 | Ep: 1149 | Steps:   23 | Reward:    40.16
Total T:   25879 | Ep: 1150 | Steps:   22 | Reward:    38.22
Total T:   25901 | Ep: 1151 | Steps:   22 | Reward:    39.09
Total T:   25924 | Ep: 1152 | Steps:   23 | Reward:    40.06
Total T:   25946 | Ep: 1153 | Steps:   22 | Reward:    38.63
Total T:   25969 | Ep: 1154 | Steps:   23 | Reward:    40.17
Total T:   25990 | Ep: 1155 | Steps:   21 | Reward:    37.06
Total T:   26013 | Ep: 1156 | Steps:   23 | Reward:    40.41
Total T:   26036 | Ep: 1157 | Steps:   23 | Reward:    40.07
Total T:   26059 | Ep: 1158 | Steps:   23 | Reward:    40.23
Total T:   26082 | Ep: 1159 | Steps:   23 | Reward:    40.38
Total T:   26104 | Ep: 1160 | Steps:   22 | Reward:    38.69
Total T:   26127 | Ep: 1161 | Steps:   23 | Reward:    40.60
Total T:   26149 | Ep: 1162 | Steps:   22 | Reward:    38.38
Total T:   26172 | Ep: 1163 | Steps:   23 | Reward:    40.26
Total T:   26195 | Ep: 1164 | Steps:   23 | Reward:    40.59
Total T:   26217 | Ep: 1165 | Steps:   22 | Reward:    38.99
Total T:   26239 | Ep: 1166 | Steps:   22 | Reward:    38.93
Total T:   26261 | Ep: 1167 | Steps:   22 | Reward:    38.74
Total T:   26284 | Ep: 1168 | Steps:   23 | Reward:    40.56
Total T:   26306 | Ep: 1169 | Steps:   22 | Reward:    39.03
Total T:   26328 | Ep: 1170 | Steps:   22 | Reward:    39.04
Total T:   26351 | Ep: 1171 | Steps:   23 | Reward:    40.35
Total T:   26373 | Ep: 1172 | Steps:   22 | Reward:    38.81
Total T:   26395 | Ep: 1173 | Steps:   22 | Reward:    38.62
Total T:   26417 | Ep: 1174 | Steps:   22 | Reward:    38.88
Total T:   26503 | Ep: 1175 | Steps:   86 | Reward:   170.71
Total T:   26566 | Ep: 1176 | Steps:   63 | Reward:   111.10
Total T:   26653 | Ep: 1177 | Steps:   87 | Reward:   167.53
Total T:   26739 | Ep: 1178 | Steps:   86 | Reward:   164.09
Total T:   26827 | Ep: 1179 | Steps:   88 | Reward:   169.59
Total T:   26914 | Ep: 1180 | Steps:   87 | Reward:   174.23
Total T:   27001 | Ep: 1181 | Steps:   87 | Reward:   175.31
Total T:   27070 | Ep: 1182 | Steps:   69 | Reward:   129.22
Total T:   27132 | Ep: 1183 | Steps:   62 | Reward:   114.94
Total T:   27201 | Ep: 1184 | Steps:   69 | Reward:   128.50
Total T:   27288 | Ep: 1185 | Steps:   87 | Reward:   175.71
Total T:   27375 | Ep: 1186 | Steps:   87 | Reward:   172.83
Total T:   27462 | Ep: 1187 | Steps:   87 | Reward:   173.37
Total T:   27548 | Ep: 1188 | Steps:   86 | Reward:   169.68
Total T:   27635 | Ep: 1189 | Steps:   87 | Reward:   172.80
Total T:   27719 | Ep: 1190 | Steps:   84 | Reward:   166.02
Total T:   27805 | Ep: 1191 | Steps:   86 | Reward:   175.69
Total T:   27892 | Ep: 1192 | Steps:   87 | Reward:   172.78
Total T:   27979 | Ep: 1193 | Steps:   87 | Reward:   173.24
Total T:   28064 | Ep: 1194 | Steps:   85 | Reward:   173.88
Total T:   28150 | Ep: 1195 | Steps:   86 | Reward:   168.92
Total T:   28236 | Ep: 1196 | Steps:   86 | Reward:   169.04
Total T:   28327 | Ep: 1197 | Steps:   91 | Reward:   183.57
Total T:   28396 | Ep: 1198 | Steps:   69 | Reward:   127.96
Total T:   28483 | Ep: 1199 | Steps:   87 | Reward:   169.43
Total T:   28551 | Ep: 1200 | Steps:   68 | Reward:   124.49
Total T:   28650 | Ep: 1201 | Steps:   99 | Reward:   217.52
Total T:   28746 | Ep: 1202 | Steps:   96 | Reward:   204.99
Total T:   28835 | Ep: 1203 | Steps:   89 | Reward:   195.38
Total T:   28930 | Ep: 1204 | Steps:   95 | Reward:   208.50
Total T:   29031 | Ep: 1205 | Steps:  101 | Reward:   223.62
Total T:   29124 | Ep: 1206 | Steps:   93 | Reward:   205.25
Total T:   29224 | Ep: 1207 | Steps:  100 | Reward:   224.26
Total T:   29318 | Ep: 1208 | Steps:   94 | Reward:   208.90
Total T:   29419 | Ep: 1209 | Steps:  101 | Reward:   224.24
Total T:   29524 | Ep: 1210 | Steps:  105 | Reward:   238.10
Total T:   29626 | Ep: 1211 | Steps:  102 | Reward:   230.68
Total T:   29728 | Ep: 1212 | Steps:  102 | Reward:   231.36
Total T:   29819 | Ep: 1213 | Steps:   91 | Reward:   204.64
Total T:   29917 | Ep: 1214 | Steps:   98 | Reward:   220.08
---------------------------------------
Evaluation over 10 episodes: 192.570
---------------------------------------
Total T:   30009 | Ep: 1215 | Steps:   92 | Reward:   202.29
Total T:   30101 | Ep: 1216 | Steps:   92 | Reward:   205.97
Total T:   30188 | Ep: 1217 | Steps:   87 | Reward:   195.29
Total T:   30283 | Ep: 1218 | Steps:   95 | Reward:   210.87
Total T:   30365 | Ep: 1219 | Steps:   82 | Reward:   169.38
Total T:   30451 | Ep: 1220 | Steps:   86 | Reward:   172.10
Total T:   30536 | Ep: 1221 | Steps:   85 | Reward:   187.76
Total T:   30628 | Ep: 1222 | Steps:   92 | Reward:   185.47
Total T:   30710 | Ep: 1223 | Steps:   82 | Reward:   162.63
Total T:   30794 | Ep: 1224 | Steps:   84 | Reward:   181.86
Total T:   30880 | Ep: 1225 | Steps:   86 | Reward:   178.33
Total T:   30964 | Ep: 1226 | Steps:   84 | Reward:   179.51
Total T:   31048 | Ep: 1227 | Steps:   84 | Reward:   177.30
Total T:   31123 | Ep: 1228 | Steps:   75 | Reward:   141.15
Total T:   31207 | Ep: 1229 | Steps:   84 | Reward:   176.52
Total T:   31298 | Ep: 1230 | Steps:   91 | Reward:   199.66
Total T:   31385 | Ep: 1231 | Steps:   87 | Reward:   190.79
Total T:   31476 | Ep: 1232 | Steps:   91 | Reward:   199.58
Total T:   31563 | Ep: 1233 | Steps:   87 | Reward:   190.99
Total T:   31652 | Ep: 1234 | Steps:   89 | Reward:   195.08
Total T:   31738 | Ep: 1235 | Steps:   86 | Reward:   187.88
Total T:   31827 | Ep: 1236 | Steps:   89 | Reward:   196.64
Total T:   31915 | Ep: 1237 | Steps:   88 | Reward:   194.38
Total T:   32002 | Ep: 1238 | Steps:   87 | Reward:   190.90
Total T:   32091 | Ep: 1239 | Steps:   89 | Reward:   197.59
Total T:   32180 | Ep: 1240 | Steps:   89 | Reward:   196.48
Total T:   32271 | Ep: 1241 | Steps:   91 | Reward:   201.87
Total T:   32360 | Ep: 1242 | Steps:   89 | Reward:   198.14
Total T:   32451 | Ep: 1243 | Steps:   91 | Reward:   201.67
Total T:   32534 | Ep: 1244 | Steps:   83 | Reward:   178.25
Total T:   32626 | Ep: 1245 | Steps:   92 | Reward:   204.73
Total T:   32717 | Ep: 1246 | Steps:   91 | Reward:   202.53
Total T:   32805 | Ep: 1247 | Steps:   88 | Reward:   196.05
Total T:   32895 | Ep: 1248 | Steps:   90 | Reward:   201.88
Total T:   32986 | Ep: 1249 | Steps:   91 | Reward:   203.89
Total T:   33077 | Ep: 1250 | Steps:   91 | Reward:   203.13
Total T:   33169 | Ep: 1251 | Steps:   92 | Reward:   206.02
Total T:   33259 | Ep: 1252 | Steps:   90 | Reward:   201.66
Total T:   33351 | Ep: 1253 | Steps:   92 | Reward:   207.00
Total T:   33450 | Ep: 1254 | Steps:   99 | Reward:   206.99
Total T:   33541 | Ep: 1255 | Steps:   91 | Reward:   205.03
Total T:   33629 | Ep: 1256 | Steps:   88 | Reward:   197.25
Total T:   33721 | Ep: 1257 | Steps:   92 | Reward:   206.02
Total T:   33809 | Ep: 1258 | Steps:   88 | Reward:   198.30
Total T:   33897 | Ep: 1259 | Steps:   88 | Reward:   191.83
Total T:   33984 | Ep: 1260 | Steps:   87 | Reward:   190.13
Total T:   34072 | Ep: 1261 | Steps:   88 | Reward:   195.62
Total T:   34157 | Ep: 1262 | Steps:   85 | Reward:   188.81
Total T:   34245 | Ep: 1263 | Steps:   88 | Reward:   196.88
Total T:   34331 | Ep: 1264 | Steps:   86 | Reward:   191.23
Total T:   34418 | Ep: 1265 | Steps:   87 | Reward:   194.82
Total T:   34504 | Ep: 1266 | Steps:   86 | Reward:   192.07
Total T:   34591 | Ep: 1267 | Steps:   87 | Reward:   192.60
Total T:   34678 | Ep: 1268 | Steps:   87 | Reward:   190.88
Total T:   34766 | Ep: 1269 | Steps:   88 | Reward:   192.80
Total T:   34858 | Ep: 1270 | Steps:   92 | Reward:   187.90
Total T:   34947 | Ep: 1271 | Steps:   89 | Reward:   198.84
Total T:   35043 | Ep: 1272 | Steps:   96 | Reward:   198.92
Total T:   35133 | Ep: 1273 | Steps:   90 | Reward:   201.04
Total T:   35223 | Ep: 1274 | Steps:   90 | Reward:   198.69
Total T:   35314 | Ep: 1275 | Steps:   91 | Reward:   201.66
Total T:   35404 | Ep: 1276 | Steps:   90 | Reward:   199.77
Total T:   35497 | Ep: 1277 | Steps:   93 | Reward:   208.58
Total T:   35587 | Ep: 1278 | Steps:   90 | Reward:   199.68
Total T:   35679 | Ep: 1279 | Steps:   92 | Reward:   205.99
Total T:   35768 | Ep: 1280 | Steps:   89 | Reward:   197.86
Total T:   35857 | Ep: 1281 | Steps:   89 | Reward:   196.92
Total T:   35952 | Ep: 1282 | Steps:   95 | Reward:   187.14
Total T:   36046 | Ep: 1283 | Steps:   94 | Reward:   211.91
Total T:   36136 | Ep: 1284 | Steps:   90 | Reward:   187.94
Total T:   36227 | Ep: 1285 | Steps:   91 | Reward:   203.88
Total T:   36318 | Ep: 1286 | Steps:   91 | Reward:   203.40
Total T:   36412 | Ep: 1287 | Steps:   94 | Reward:   192.21
Total T:   36506 | Ep: 1288 | Steps:   94 | Reward:   208.30
Total T:   36597 | Ep: 1289 | Steps:   91 | Reward:   191.71
Total T:   36692 | Ep: 1290 | Steps:   95 | Reward:   189.75
Total T:   36782 | Ep: 1291 | Steps:   90 | Reward:   190.43
Total T:   36869 | Ep: 1292 | Steps:   87 | Reward:   188.24
Total T:   36958 | Ep: 1293 | Steps:   89 | Reward:   185.37
Total T:   37050 | Ep: 1294 | Steps:   92 | Reward:   179.97
Total T:   37138 | Ep: 1295 | Steps:   88 | Reward:   181.48
Total T:   37223 | Ep: 1296 | Steps:   85 | Reward:   165.81
Total T:   37311 | Ep: 1297 | Steps:   88 | Reward:   172.40
Total T:   37401 | Ep: 1298 | Steps:   90 | Reward:   179.02
Total T:   37490 | Ep: 1299 | Steps:   89 | Reward:   175.30
Total T:   37581 | Ep: 1300 | Steps:   91 | Reward:   185.84
Total T:   37677 | Ep: 1301 | Steps:   96 | Reward:   189.43
Total T:   37763 | Ep: 1302 | Steps:   86 | Reward:   169.77
Total T:   37856 | Ep: 1303 | Steps:   93 | Reward:   188.67
Total T:   37946 | Ep: 1304 | Steps:   90 | Reward:   177.41
Total T:   38041 | Ep: 1305 | Steps:   95 | Reward:   189.74
Total T:   38131 | Ep: 1306 | Steps:   90 | Reward:   177.26
Total T:   38224 | Ep: 1307 | Steps:   93 | Reward:   181.97
Total T:   38314 | Ep: 1308 | Steps:   90 | Reward:   189.93
Total T:   38399 | Ep: 1309 | Steps:   85 | Reward:   167.21
Total T:   38489 | Ep: 1310 | Steps:   90 | Reward:   176.65
Total T:   38589 | Ep: 1311 | Steps:  100 | Reward:   197.17
Total T:   38676 | Ep: 1312 | Steps:   87 | Reward:   168.83
Total T:   38766 | Ep: 1313 | Steps:   90 | Reward:   175.08
Total T:   38850 | Ep: 1314 | Steps:   84 | Reward:   162.03
Total T:   38932 | Ep: 1315 | Steps:   82 | Reward:   159.11
Total T:   39021 | Ep: 1316 | Steps:   89 | Reward:   173.67
Total T:   39111 | Ep: 1317 | Steps:   90 | Reward:   174.17
Total T:   39201 | Ep: 1318 | Steps:   90 | Reward:   173.99
Total T:   39282 | Ep: 1319 | Steps:   81 | Reward:   153.05
Total T:   39380 | Ep: 1320 | Steps:   98 | Reward:   192.47
Total T:   39462 | Ep: 1321 | Steps:   82 | Reward:   157.03
Total T:   39546 | Ep: 1322 | Steps:   84 | Reward:   162.16
Total T:   39631 | Ep: 1323 | Steps:   85 | Reward:   163.05
Total T:   39729 | Ep: 1324 | Steps:   98 | Reward:   191.74
Total T:   39824 | Ep: 1325 | Steps:   95 | Reward:   207.51
Total T:   39919 | Ep: 1326 | Steps:   95 | Reward:   193.46
---------------------------------------
Evaluation over 10 episodes: 174.356
---------------------------------------
Total T:   40020 | Ep: 1327 | Steps:  101 | Reward:   195.66
Total T:   40108 | Ep: 1328 | Steps:   88 | Reward:   171.80
Total T:   40192 | Ep: 1329 | Steps:   84 | Reward:   160.52
Total T:   40281 | Ep: 1330 | Steps:   89 | Reward:   172.77
Total T:   40365 | Ep: 1331 | Steps:   84 | Reward:   162.40
Total T:   40453 | Ep: 1332 | Steps:   88 | Reward:   170.65
Total T:   40540 | Ep: 1333 | Steps:   87 | Reward:   169.86
Total T:   40629 | Ep: 1334 | Steps:   89 | Reward:   173.73
Total T:   40723 | Ep: 1335 | Steps:   94 | Reward:   182.86
Total T:   40789 | Ep: 1336 | Steps:   66 | Reward:   121.03
Total T:   40877 | Ep: 1337 | Steps:   88 | Reward:   178.80
Total T:   40970 | Ep: 1338 | Steps:   93 | Reward:   186.22
Total T:   41036 | Ep: 1339 | Steps:   66 | Reward:   122.26
Total T:   41105 | Ep: 1340 | Steps:   69 | Reward:   128.89
Total T:   41176 | Ep: 1341 | Steps:   71 | Reward:   133.80
Total T:   41271 | Ep: 1342 | Steps:   95 | Reward:   193.53
Total T:   41357 | Ep: 1343 | Steps:   86 | Reward:   174.19
Total T:   41444 | Ep: 1344 | Steps:   87 | Reward:   193.91
Total T:   41532 | Ep: 1345 | Steps:   88 | Reward:   192.87
Total T:   41623 | Ep: 1346 | Steps:   91 | Reward:   188.77
Total T:   41715 | Ep: 1347 | Steps:   92 | Reward:   191.72
Total T:   41809 | Ep: 1348 | Steps:   94 | Reward:   193.59
Total T:   41898 | Ep: 1349 | Steps:   89 | Reward:   180.91
Total T:   41982 | Ep: 1350 | Steps:   84 | Reward:   167.87
Total T:   42067 | Ep: 1351 | Steps:   85 | Reward:   188.02
Total T:   42157 | Ep: 1352 | Steps:   90 | Reward:   189.26
Total T:   42246 | Ep: 1353 | Steps:   89 | Reward:   200.32
Total T:   42336 | Ep: 1354 | Steps:   90 | Reward:   201.94
Total T:   42427 | Ep: 1355 | Steps:   91 | Reward:   205.83
Total T:   42521 | Ep: 1356 | Steps:   94 | Reward:   193.34
Total T:   42612 | Ep: 1357 | Steps:   91 | Reward:   206.61
Total T:   42705 | Ep: 1358 | Steps:   93 | Reward:   211.77
Total T:   42793 | Ep: 1359 | Steps:   88 | Reward:   176.91
Total T:   42890 | Ep: 1360 | Steps:   97 | Reward:   195.56
Total T:   42978 | Ep: 1361 | Steps:   88 | Reward:   194.22
Total T:   43068 | Ep: 1362 | Steps:   90 | Reward:   193.40
Total T:   43156 | Ep: 1363 | Steps:   88 | Reward:   193.71
Total T:   43244 | Ep: 1364 | Steps:   88 | Reward:   194.45
Total T:   43331 | Ep: 1365 | Steps:   87 | Reward:   192.38
Total T:   43421 | Ep: 1366 | Steps:   90 | Reward:   193.66
Total T:   43510 | Ep: 1367 | Steps:   89 | Reward:   194.39
Total T:   43601 | Ep: 1368 | Steps:   91 | Reward:   191.24
Total T:   43689 | Ep: 1369 | Steps:   88 | Reward:   177.48
Total T:   43776 | Ep: 1370 | Steps:   87 | Reward:   193.57
Total T:   43864 | Ep: 1371 | Steps:   88 | Reward:   197.23
Total T:   43953 | Ep: 1372 | Steps:   89 | Reward:   197.96
Total T:   44045 | Ep: 1373 | Steps:   92 | Reward:   208.87
Total T:   44136 | Ep: 1374 | Steps:   91 | Reward:   204.70
Total T:   44222 | Ep: 1375 | Steps:   86 | Reward:   185.09
Total T:   44311 | Ep: 1376 | Steps:   89 | Reward:   197.92
Total T:   44397 | Ep: 1377 | Steps:   86 | Reward:   190.93
Total T:   44489 | Ep: 1378 | Steps:   92 | Reward:   208.55
Total T:   44578 | Ep: 1379 | Steps:   89 | Reward:   199.73
Total T:   44667 | Ep: 1380 | Steps:   89 | Reward:   199.44
Total T:   44754 | Ep: 1381 | Steps:   87 | Reward:   193.09
Total T:   44842 | Ep: 1382 | Steps:   88 | Reward:   196.52
Total T:   44928 | Ep: 1383 | Steps:   86 | Reward:   188.72
Total T:   45018 | Ep: 1384 | Steps:   90 | Reward:   202.88
Total T:   45108 | Ep: 1385 | Steps:   90 | Reward:   202.18
Total T:   45196 | Ep: 1386 | Steps:   88 | Reward:   195.54
Total T:   45284 | Ep: 1387 | Steps:   88 | Reward:   198.21
Total T:   45374 | Ep: 1388 | Steps:   90 | Reward:   201.70
Total T:   45465 | Ep: 1389 | Steps:   91 | Reward:   205.96
Total T:   45556 | Ep: 1390 | Steps:   91 | Reward:   204.91
Total T:   45648 | Ep: 1391 | Steps:   92 | Reward:   208.97
Total T:   45738 | Ep: 1392 | Steps:   90 | Reward:   205.03
Total T:   45829 | Ep: 1393 | Steps:   91 | Reward:   207.48
Total T:   45920 | Ep: 1394 | Steps:   91 | Reward:   206.41
Total T:   46013 | Ep: 1395 | Steps:   93 | Reward:   211.23
Total T:   46104 | Ep: 1396 | Steps:   91 | Reward:   206.58
Total T:   46195 | Ep: 1397 | Steps:   91 | Reward:   206.14
Total T:   46288 | Ep: 1398 | Steps:   93 | Reward:   211.49
Total T:   46380 | Ep: 1399 | Steps:   92 | Reward:   208.06
Total T:   46472 | Ep: 1400 | Steps:   92 | Reward:   208.97
Total T:   46561 | Ep: 1401 | Steps:   89 | Reward:   198.93
Total T:   46655 | Ep: 1402 | Steps:   94 | Reward:   210.39
Total T:   46747 | Ep: 1403 | Steps:   92 | Reward:   209.80
Total T:   46840 | Ep: 1404 | Steps:   93 | Reward:   211.35
Total T:   46931 | Ep: 1405 | Steps:   91 | Reward:   208.11
Total T:   47022 | Ep: 1406 | Steps:   91 | Reward:   207.70
Total T:   47113 | Ep: 1407 | Steps:   91 | Reward:   206.52
Total T:   47205 | Ep: 1408 | Steps:   92 | Reward:   209.34
Total T:   47297 | Ep: 1409 | Steps:   92 | Reward:   209.17
Total T:   47388 | Ep: 1410 | Steps:   91 | Reward:   206.69
Total T:   47479 | Ep: 1411 | Steps:   91 | Reward:   208.04
Total T:   47570 | Ep: 1412 | Steps:   91 | Reward:   207.46
Total T:   47662 | Ep: 1413 | Steps:   92 | Reward:   208.94
Total T:   47757 | Ep: 1414 | Steps:   95 | Reward:   219.11
Total T:   47850 | Ep: 1415 | Steps:   93 | Reward:   196.78
Total T:   47941 | Ep: 1416 | Steps:   91 | Reward:   205.09
Total T:   48033 | Ep: 1417 | Steps:   92 | Reward:   208.78
Total T:   48125 | Ep: 1418 | Steps:   92 | Reward:   208.60
Total T:   48218 | Ep: 1419 | Steps:   93 | Reward:   211.11
Total T:   48311 | Ep: 1420 | Steps:   93 | Reward:   211.18
Total T:   48409 | Ep: 1421 | Steps:   98 | Reward:   217.44
Total T:   48512 | Ep: 1422 | Steps:  103 | Reward:   227.86
Total T:   48609 | Ep: 1423 | Steps:   97 | Reward:   222.67
Total T:   48709 | Ep: 1424 | Steps:  100 | Reward:   221.88
Total T:   48814 | Ep: 1425 | Steps:  105 | Reward:   231.75
Total T:   48906 | Ep: 1426 | Steps:   92 | Reward:   205.24
Total T:   49005 | Ep: 1427 | Steps:   99 | Reward:   220.62
Total T:   49101 | Ep: 1428 | Steps:   96 | Reward:   215.45
Total T:   49238 | Ep: 1429 | Steps:  137 | Reward:   257.96
Total T:   49337 | Ep: 1430 | Steps:   99 | Reward:   218.05
Total T:   49436 | Ep: 1431 | Steps:   99 | Reward:   217.31
Total T:   49536 | Ep: 1432 | Steps:  100 | Reward:   219.26
Total T:   49637 | Ep: 1433 | Steps:  101 | Reward:   219.40
Total T:   49736 | Ep: 1434 | Steps:   99 | Reward:   220.50
Total T:   49836 | Ep: 1435 | Steps:  100 | Reward:   218.77
Total T:   49936 | Ep: 1436 | Steps:  100 | Reward:   221.68
---------------------------------------
Evaluation over 10 episodes: 232.926
---------------------------------------
Total T:   50042 | Ep: 1437 | Steps:  106 | Reward:   228.98
Total T:   50141 | Ep: 1438 | Steps:   99 | Reward:   218.73
Total T:   50249 | Ep: 1439 | Steps:  108 | Reward:   228.60
Total T:   50351 | Ep: 1440 | Steps:  102 | Reward:   221.74
Total T:   50456 | Ep: 1441 | Steps:  105 | Reward:   229.04
Total T:   50557 | Ep: 1442 | Steps:  101 | Reward:   222.02
Total T:   50656 | Ep: 1443 | Steps:   99 | Reward:   220.96
Total T:   50760 | Ep: 1444 | Steps:  104 | Reward:   225.69
Total T:   50866 | Ep: 1445 | Steps:  106 | Reward:   237.55
Total T:   50972 | Ep: 1446 | Steps:  106 | Reward:   241.35
Total T:   51077 | Ep: 1447 | Steps:  105 | Reward:   243.40
Total T:   51179 | Ep: 1448 | Steps:  102 | Reward:   234.58
Total T:   51286 | Ep: 1449 | Steps:  107 | Reward:   245.08
Total T:   51389 | Ep: 1450 | Steps:  103 | Reward:   237.23
Total T:   51494 | Ep: 1451 | Steps:  105 | Reward:   239.98
Total T:   51598 | Ep: 1452 | Steps:  104 | Reward:   243.85
Total T:   51702 | Ep: 1453 | Steps:  104 | Reward:   238.50
Total T:   51805 | Ep: 1454 | Steps:  103 | Reward:   240.71
Total T:   51914 | Ep: 1455 | Steps:  109 | Reward:   246.43
Total T:   52021 | Ep: 1456 | Steps:  107 | Reward:   246.92
Total T:   52126 | Ep: 1457 | Steps:  105 | Reward:   241.56
Total T:   52225 | Ep: 1458 | Steps:   99 | Reward:   229.64
Total T:   52325 | Ep: 1459 | Steps:  100 | Reward:   228.22
Total T:   52425 | Ep: 1460 | Steps:  100 | Reward:   217.45
Total T:   52514 | Ep: 1461 | Steps:   89 | Reward:   203.88
Total T:   52613 | Ep: 1462 | Steps:   99 | Reward:   230.14
Total T:   52720 | Ep: 1463 | Steps:  107 | Reward:   206.36
Total T:   52804 | Ep: 1464 | Steps:   84 | Reward:   169.75
Total T:   52911 | Ep: 1465 | Steps:  107 | Reward:   222.77
Total T:   53003 | Ep: 1466 | Steps:   92 | Reward:   185.17
Total T:   53084 | Ep: 1467 | Steps:   81 | Reward:   161.35
Total T:   53179 | Ep: 1468 | Steps:   95 | Reward:   204.08
Total T:   53275 | Ep: 1469 | Steps:   96 | Reward:   207.47
Total T:   53369 | Ep: 1470 | Steps:   94 | Reward:   199.98
Total T:   53464 | Ep: 1471 | Steps:   95 | Reward:   206.47
Total T:   53551 | Ep: 1472 | Steps:   87 | Reward:   177.28
Total T:   53627 | Ep: 1473 | Steps:   76 | Reward:   145.41
Total T:   53716 | Ep: 1474 | Steps:   89 | Reward:   186.33
Total T:   53800 | Ep: 1475 | Steps:   84 | Reward:   174.18
Total T:   53896 | Ep: 1476 | Steps:   96 | Reward:   203.59
Total T:   53987 | Ep: 1477 | Steps:   91 | Reward:   192.63
Total T:   54078 | Ep: 1478 | Steps:   91 | Reward:   195.56
Total T:   54173 | Ep: 1479 | Steps:   95 | Reward:   209.27
Total T:   54267 | Ep: 1480 | Steps:   94 | Reward:   196.41
Total T:   54347 | Ep: 1481 | Steps:   80 | Reward:   163.43
Total T:   54437 | Ep: 1482 | Steps:   90 | Reward:   188.01
Total T:   54515 | Ep: 1483 | Steps:   78 | Reward:   154.44
Total T:   54596 | Ep: 1484 | Steps:   81 | Reward:   162.62
Total T:   54687 | Ep: 1485 | Steps:   91 | Reward:   187.73
Total T:   54771 | Ep: 1486 | Steps:   84 | Reward:   172.30
Total T:   54865 | Ep: 1487 | Steps:   94 | Reward:   189.28
Total T:   54947 | Ep: 1488 | Steps:   82 | Reward:   166.26
Total T:   55043 | Ep: 1489 | Steps:   96 | Reward:   203.06
Total T:   55124 | Ep: 1490 | Steps:   81 | Reward:   164.53
Total T:   55203 | Ep: 1491 | Steps:   79 | Reward:   163.10
Total T:   55305 | Ep: 1492 | Steps:  102 | Reward:   213.66
Total T:   55377 | Ep: 1493 | Steps:   72 | Reward:   143.18
Total T:   55476 | Ep: 1494 | Steps:   99 | Reward:   201.67
Total T:   55572 | Ep: 1495 | Steps:   96 | Reward:   194.74
Total T:   55660 | Ep: 1496 | Steps:   88 | Reward:   185.62
Total T:   55780 | Ep: 1497 | Steps:  120 | Reward:   227.73
Total T:   55888 | Ep: 1498 | Steps:  108 | Reward:   212.61
Total T:   55979 | Ep: 1499 | Steps:   91 | Reward:   205.46
Total T:   56071 | Ep: 1500 | Steps:   92 | Reward:   205.01
Total T:   56167 | Ep: 1501 | Steps:   96 | Reward:   209.87
Total T:   56262 | Ep: 1502 | Steps:   95 | Reward:   210.24
Total T:   56354 | Ep: 1503 | Steps:   92 | Reward:   202.63
Total T:   56450 | Ep: 1504 | Steps:   96 | Reward:   212.31
Total T:   56550 | Ep: 1505 | Steps:  100 | Reward:   207.78
Total T:   56640 | Ep: 1506 | Steps:   90 | Reward:   205.13
Total T:   56735 | Ep: 1507 | Steps:   95 | Reward:   205.63
Total T:   56821 | Ep: 1508 | Steps:   86 | Reward:   182.60
Total T:   56896 | Ep: 1509 | Steps:   75 | Reward:   145.64
Total T:   56989 | Ep: 1510 | Steps:   93 | Reward:   202.28
Total T:   57082 | Ep: 1511 | Steps:   93 | Reward:   202.58
Total T:   57173 | Ep: 1512 | Steps:   91 | Reward:   192.68
Total T:   57268 | Ep: 1513 | Steps:   95 | Reward:   210.61
Total T:   57360 | Ep: 1514 | Steps:   92 | Reward:   203.97
Total T:   57449 | Ep: 1515 | Steps:   89 | Reward:   186.43
Total T:   57553 | Ep: 1516 | Steps:  104 | Reward:   221.41
Total T:   57652 | Ep: 1517 | Steps:   99 | Reward:   195.73
Total T:   57756 | Ep: 1518 | Steps:  104 | Reward:   211.12
Total T:   57854 | Ep: 1519 | Steps:   98 | Reward:   197.17
Total T:   57957 | Ep: 1520 | Steps:  103 | Reward:   218.80
Total T:   58052 | Ep: 1521 | Steps:   95 | Reward:   204.37
Total T:   58143 | Ep: 1522 | Steps:   91 | Reward:   197.62
Total T:   58232 | Ep: 1523 | Steps:   89 | Reward:   188.68
Total T:   58332 | Ep: 1524 | Steps:  100 | Reward:   213.77
Total T:   58429 | Ep: 1525 | Steps:   97 | Reward:   222.16
Total T:   58525 | Ep: 1526 | Steps:   96 | Reward:   205.87
Total T:   58623 | Ep: 1527 | Steps:   98 | Reward:   210.34
Total T:   58721 | Ep: 1528 | Steps:   98 | Reward:   207.31
Total T:   58820 | Ep: 1529 | Steps:   99 | Reward:   197.86
Total T:   58918 | Ep: 1530 | Steps:   98 | Reward:   210.68
Total T:   58999 | Ep: 1531 | Steps:   81 | Reward:   164.56
Total T:   59097 | Ep: 1532 | Steps:   98 | Reward:   206.55
Total T:   59199 | Ep: 1533 | Steps:  102 | Reward:   232.68
Total T:   59293 | Ep: 1534 | Steps:   94 | Reward:   194.57
Total T:   59403 | Ep: 1535 | Steps:  110 | Reward:   239.69
Total T:   59490 | Ep: 1536 | Steps:   87 | Reward:   181.57
Total T:   59594 | Ep: 1537 | Steps:  104 | Reward:   232.07
Total T:   59698 | Ep: 1538 | Steps:  104 | Reward:   237.28
Total T:   59808 | Ep: 1539 | Steps:  110 | Reward:   243.84
Total T:   59920 | Ep: 1540 | Steps:  112 | Reward:   252.83
---------------------------------------
Evaluation over 10 episodes: 255.515
---------------------------------------
Total T:   60018 | Ep: 1541 | Steps:   98 | Reward:   205.27
Total T:   60117 | Ep: 1542 | Steps:   99 | Reward:   219.20
Total T:   60228 | Ep: 1543 | Steps:  111 | Reward:   251.76
Total T:   60339 | Ep: 1544 | Steps:  111 | Reward:   255.15
Total T:   60451 | Ep: 1545 | Steps:  112 | Reward:   241.74
Total T:   60560 | Ep: 1546 | Steps:  109 | Reward:   240.22
Total T:   60664 | Ep: 1547 | Steps:  104 | Reward:   227.92
Total T:   60775 | Ep: 1548 | Steps:  111 | Reward:   245.47
Total T:   60887 | Ep: 1549 | Steps:  112 | Reward:   253.01
Total T:   61002 | Ep: 1550 | Steps:  115 | Reward:   275.34
Total T:   61111 | Ep: 1551 | Steps:  109 | Reward:   242.68
Total T:   61226 | Ep: 1552 | Steps:  115 | Reward:   275.83
Total T:   61343 | Ep: 1553 | Steps:  117 | Reward:   262.32
Total T:   61461 | Ep: 1554 | Steps:  118 | Reward:   287.42
Total T:   61583 | Ep: 1555 | Steps:  122 | Reward:   289.33
Total T:   61703 | Ep: 1556 | Steps:  120 | Reward:   283.52
Total T:   61819 | Ep: 1557 | Steps:  116 | Reward:   275.05
Total T:   61939 | Ep: 1558 | Steps:  120 | Reward:   293.76
Total T:   62055 | Ep: 1559 | Steps:  116 | Reward:   272.86
Total T:   62171 | Ep: 1560 | Steps:  116 | Reward:   274.45
Total T:   62289 | Ep: 1561 | Steps:  118 | Reward:   282.89
Total T:   62404 | Ep: 1562 | Steps:  115 | Reward:   267.84
Total T:   62491 | Ep: 1563 | Steps:   87 | Reward:   191.58
Total T:   62611 | Ep: 1564 | Steps:  120 | Reward:   293.48
Total T:   62735 | Ep: 1565 | Steps:  124 | Reward:   295.51
Total T:   62871 | Ep: 1566 | Steps:  136 | Reward:   328.70
Total T:   62919 | Ep: 1567 | Steps:   48 | Reward:    76.45
Total T:   63040 | Ep: 1568 | Steps:  121 | Reward:   296.31
Total T:   63194 | Ep: 1569 | Steps:  154 | Reward:   338.61
Total T:   63324 | Ep: 1570 | Steps:  130 | Reward:   325.70
Total T:   63445 | Ep: 1571 | Steps:  121 | Reward:   290.60
Total T:   63572 | Ep: 1572 | Steps:  127 | Reward:   309.37
Total T:   63727 | Ep: 1573 | Steps:  155 | Reward:   333.13
Total T:   63846 | Ep: 1574 | Steps:  119 | Reward:   286.46
Total T:   63972 | Ep: 1575 | Steps:  126 | Reward:   307.38
Total T:   64109 | Ep: 1576 | Steps:  137 | Reward:   308.41
Total T:   64239 | Ep: 1577 | Steps:  130 | Reward:   321.81
Total T:   64379 | Ep: 1578 | Steps:  140 | Reward:   322.98
Total T:   64528 | Ep: 1579 | Steps:  149 | Reward:   325.23
Total T:   64661 | Ep: 1580 | Steps:  133 | Reward:   310.35
Total T:   64795 | Ep: 1581 | Steps:  134 | Reward:   301.19
Total T:   64938 | Ep: 1582 | Steps:  143 | Reward:   328.44
Total T:   65069 | Ep: 1583 | Steps:  131 | Reward:   305.31
Total T:   65205 | Ep: 1584 | Steps:  136 | Reward:   311.30
Total T:   65353 | Ep: 1585 | Steps:  148 | Reward:   325.33
Total T:   65496 | Ep: 1586 | Steps:  143 | Reward:   312.82
Total T:   65639 | Ep: 1587 | Steps:  143 | Reward:   316.69
Total T:   65791 | Ep: 1588 | Steps:  152 | Reward:   317.58
Total T:   65964 | Ep: 1589 | Steps:  173 | Reward:   341.92
Total T:   66107 | Ep: 1590 | Steps:  143 | Reward:   316.16
Total T:   66253 | Ep: 1591 | Steps:  146 | Reward:   321.82
Total T:   66392 | Ep: 1592 | Steps:  139 | Reward:   307.45
Total T:   66541 | Ep: 1593 | Steps:  149 | Reward:   313.99
Total T:   66700 | Ep: 1594 | Steps:  159 | Reward:   324.87
Total T:   66830 | Ep: 1595 | Steps:  130 | Reward:   299.36
Total T:   67001 | Ep: 1596 | Steps:  171 | Reward:   335.78
Total T:   67126 | Ep: 1597 | Steps:  125 | Reward:   275.23
Total T:   67263 | Ep: 1598 | Steps:  137 | Reward:   295.82
Total T:   67399 | Ep: 1599 | Steps:  136 | Reward:   299.34
Total T:   67541 | Ep: 1600 | Steps:  142 | Reward:   302.51
Total T:   67609 | Ep: 1601 | Steps:   68 | Reward:   119.74
Total T:   67746 | Ep: 1602 | Steps:  137 | Reward:   289.99
Total T:   67820 | Ep: 1603 | Steps:   74 | Reward:   130.81
Total T:   67973 | Ep: 1604 | Steps:  153 | Reward:   364.68
Total T:   68025 | Ep: 1605 | Steps:   52 | Reward:    90.91
Total T:   68146 | Ep: 1606 | Steps:  121 | Reward:   253.44
Total T:   68271 | Ep: 1607 | Steps:  125 | Reward:   274.23
Total T:   68399 | Ep: 1608 | Steps:  128 | Reward:   281.12
Total T:   68517 | Ep: 1609 | Steps:  118 | Reward:   237.23
Total T:   68644 | Ep: 1610 | Steps:  127 | Reward:   274.19
Total T:   68771 | Ep: 1611 | Steps:  127 | Reward:   281.49
Total T:   68897 | Ep: 1612 | Steps:  126 | Reward:   278.44
Total T:   69019 | Ep: 1613 | Steps:  122 | Reward:   257.56
Total T:   69143 | Ep: 1614 | Steps:  124 | Reward:   287.19
Total T:   69270 | Ep: 1615 | Steps:  127 | Reward:   286.78
Total T:   69393 | Ep: 1616 | Steps:  123 | Reward:   278.74
Total T:   69515 | Ep: 1617 | Steps:  122 | Reward:   256.32
Total T:   69635 | Ep: 1618 | Steps:  120 | Reward:   247.89
Total T:   69759 | Ep: 1619 | Steps:  124 | Reward:   287.72
Total T:   69885 | Ep: 1620 | Steps:  126 | Reward:   278.90
---------------------------------------
Evaluation over 10 episodes: 279.784
---------------------------------------
Total T:   70013 | Ep: 1621 | Steps:  128 | Reward:   292.86
Total T:   70130 | Ep: 1622 | Steps:  117 | Reward:   241.77
Total T:   70277 | Ep: 1623 | Steps:  147 | Reward:   351.63
Total T:   70400 | Ep: 1624 | Steps:  123 | Reward:   233.53
Total T:   70523 | Ep: 1625 | Steps:  123 | Reward:   267.52
Total T:   70641 | Ep: 1626 | Steps:  118 | Reward:   250.59
Total T:   70770 | Ep: 1627 | Steps:  129 | Reward:   253.61
Total T:   70904 | Ep: 1628 | Steps:  134 | Reward:   301.77
Total T:   71028 | Ep: 1629 | Steps:  124 | Reward:   284.95
Total T:   71151 | Ep: 1630 | Steps:  123 | Reward:   269.17
Total T:   71265 | Ep: 1631 | Steps:  114 | Reward:   252.82
Total T:   71394 | Ep: 1632 | Steps:  129 | Reward:   299.05
Total T:   71514 | Ep: 1633 | Steps:  120 | Reward:   263.37
Total T:   71644 | Ep: 1634 | Steps:  130 | Reward:   278.74
Total T:   71764 | Ep: 1635 | Steps:  120 | Reward:   284.48
Total T:   71885 | Ep: 1636 | Steps:  121 | Reward:   285.10
Total T:   72006 | Ep: 1637 | Steps:  121 | Reward:   235.38
Total T:   72126 | Ep: 1638 | Steps:  120 | Reward:   250.83
Total T:   72249 | Ep: 1639 | Steps:  123 | Reward:   267.85
Total T:   72374 | Ep: 1640 | Steps:  125 | Reward:   266.09
Total T:   72496 | Ep: 1641 | Steps:  122 | Reward:   264.63
Total T:   72628 | Ep: 1642 | Steps:  132 | Reward:   312.47
Total T:   72749 | Ep: 1643 | Steps:  121 | Reward:   268.77
Total T:   72871 | Ep: 1644 | Steps:  122 | Reward:   260.48
Total T:   72990 | Ep: 1645 | Steps:  119 | Reward:   241.70
Total T:   73113 | Ep: 1646 | Steps:  123 | Reward:   277.39
Total T:   73225 | Ep: 1647 | Steps:  112 | Reward:   247.70
Total T:   73348 | Ep: 1648 | Steps:  123 | Reward:   295.34
Total T:   73472 | Ep: 1649 | Steps:  124 | Reward:   287.94
Total T:   73591 | Ep: 1650 | Steps:  119 | Reward:   273.38
Total T:   73709 | Ep: 1651 | Steps:  118 | Reward:   276.49
Total T:   73832 | Ep: 1652 | Steps:  123 | Reward:   280.59
Total T:   73956 | Ep: 1653 | Steps:  124 | Reward:   262.14
Total T:   74079 | Ep: 1654 | Steps:  123 | Reward:   280.36
Total T:   74205 | Ep: 1655 | Steps:  126 | Reward:   298.46
Total T:   74326 | Ep: 1656 | Steps:  121 | Reward:   280.68
Total T:   74453 | Ep: 1657 | Steps:  127 | Reward:   300.69
Total T:   74575 | Ep: 1658 | Steps:  122 | Reward:   275.14
Total T:   74699 | Ep: 1659 | Steps:  124 | Reward:   283.87
Total T:   74825 | Ep: 1660 | Steps:  126 | Reward:   291.18
Total T:   74944 | Ep: 1661 | Steps:  119 | Reward:   267.81
Total T:   75072 | Ep: 1662 | Steps:  128 | Reward:   296.32
Total T:   75192 | Ep: 1663 | Steps:  120 | Reward:   273.54
Total T:   75309 | Ep: 1664 | Steps:  117 | Reward:   256.27
Total T:   75431 | Ep: 1665 | Steps:  122 | Reward:   277.29
Total T:   75553 | Ep: 1666 | Steps:  122 | Reward:   281.44
Total T:   75669 | Ep: 1667 | Steps:  116 | Reward:   249.70
Total T:   75787 | Ep: 1668 | Steps:  118 | Reward:   268.43
Total T:   75908 | Ep: 1669 | Steps:  121 | Reward:   272.90
Total T:   76034 | Ep: 1670 | Steps:  126 | Reward:   287.78
Total T:   76166 | Ep: 1671 | Steps:  132 | Reward:   300.18
Total T:   76292 | Ep: 1672 | Steps:  126 | Reward:   294.60
Total T:   76418 | Ep: 1673 | Steps:  126 | Reward:   294.66
Total T:   76544 | Ep: 1674 | Steps:  126 | Reward:   292.04
Total T:   76671 | Ep: 1675 | Steps:  127 | Reward:   286.88
Total T:   76797 | Ep: 1676 | Steps:  126 | Reward:   282.61
Total T:   76921 | Ep: 1677 | Steps:  124 | Reward:   281.31
Total T:   77038 | Ep: 1678 | Steps:  117 | Reward:   271.84
Total T:   77160 | Ep: 1679 | Steps:  122 | Reward:   274.10
Total T:   77289 | Ep: 1680 | Steps:  129 | Reward:   283.66
Total T:   77410 | Ep: 1681 | Steps:  121 | Reward:   274.69
Total T:   77539 | Ep: 1682 | Steps:  129 | Reward:   304.85
Total T:   77664 | Ep: 1683 | Steps:  125 | Reward:   282.85
Total T:   77790 | Ep: 1684 | Steps:  126 | Reward:   287.18
Total T:   77807 | Ep: 1685 | Steps:   17 | Reward:    16.26
Total T:   77921 | Ep: 1686 | Steps:  114 | Reward:   259.51
Total T:   78042 | Ep: 1687 | Steps:  121 | Reward:   280.19
Total T:   78173 | Ep: 1688 | Steps:  131 | Reward:   317.59
Total T:   78305 | Ep: 1689 | Steps:  132 | Reward:   318.43
Total T:   78427 | Ep: 1690 | Steps:  122 | Reward:   286.43
Total T:   78553 | Ep: 1691 | Steps:  126 | Reward:   296.14
Total T:   78688 | Ep: 1692 | Steps:  135 | Reward:   314.66
Total T:   78798 | Ep: 1693 | Steps:  110 | Reward:   258.21
Total T:   78914 | Ep: 1694 | Steps:  116 | Reward:   267.89
Total T:   79031 | Ep: 1695 | Steps:  117 | Reward:   267.37
Total T:   79149 | Ep: 1696 | Steps:  118 | Reward:   266.61
Total T:   79285 | Ep: 1697 | Steps:  136 | Reward:   324.00
Total T:   79398 | Ep: 1698 | Steps:  113 | Reward:   260.28
Total T:   79513 | Ep: 1699 | Steps:  115 | Reward:   269.38
Total T:   79633 | Ep: 1700 | Steps:  120 | Reward:   281.01
Total T:   79746 | Ep: 1701 | Steps:  113 | Reward:   256.82
Total T:   79868 | Ep: 1702 | Steps:  122 | Reward:   286.41
---------------------------------------
Evaluation over 10 episodes: 286.698
---------------------------------------
Total T:   80004 | Ep: 1703 | Steps:  136 | Reward:   341.18
Total T:   80115 | Ep: 1704 | Steps:  111 | Reward:   259.94
Total T:   80232 | Ep: 1705 | Steps:  117 | Reward:   276.53
Total T:   80344 | Ep: 1706 | Steps:  112 | Reward:   261.27
Total T:   80460 | Ep: 1707 | Steps:  116 | Reward:   275.28
Total T:   80573 | Ep: 1708 | Steps:  113 | Reward:   262.27
Total T:   80684 | Ep: 1709 | Steps:  111 | Reward:   261.01
Total T:   80812 | Ep: 1710 | Steps:  128 | Reward:   316.62
Total T:   80941 | Ep: 1711 | Steps:  129 | Reward:   313.74
Total T:   81053 | Ep: 1712 | Steps:  112 | Reward:   257.88
Total T:   81164 | Ep: 1713 | Steps:  111 | Reward:   255.45
Total T:   81278 | Ep: 1714 | Steps:  114 | Reward:   271.43
Total T:   81405 | Ep: 1715 | Steps:  127 | Reward:   308.73
Total T:   81530 | Ep: 1716 | Steps:  125 | Reward:   311.07
Total T:   81648 | Ep: 1717 | Steps:  118 | Reward:   276.28
Total T:   81776 | Ep: 1718 | Steps:  128 | Reward:   312.26
Total T:   81900 | Ep: 1719 | Steps:  124 | Reward:   305.42
Total T:   82027 | Ep: 1720 | Steps:  127 | Reward:   310.34
Total T:   82146 | Ep: 1721 | Steps:  119 | Reward:   279.94
Total T:   82262 | Ep: 1722 | Steps:  116 | Reward:   271.19
Total T:   82383 | Ep: 1723 | Steps:  121 | Reward:   284.46
Total T:   82508 | Ep: 1724 | Steps:  125 | Reward:   308.19
Total T:   82641 | Ep: 1725 | Steps:  133 | Reward:   330.58
Total T:   82767 | Ep: 1726 | Steps:  126 | Reward:   308.03
Total T:   82890 | Ep: 1727 | Steps:  123 | Reward:   301.54
Total T:   83016 | Ep: 1728 | Steps:  126 | Reward:   308.96
Total T:   83144 | Ep: 1729 | Steps:  128 | Reward:   307.67
Total T:   83266 | Ep: 1730 | Steps:  122 | Reward:   295.81
Total T:   83392 | Ep: 1731 | Steps:  126 | Reward:   305.10
Total T:   83516 | Ep: 1732 | Steps:  124 | Reward:   290.96
Total T:   83639 | Ep: 1733 | Steps:  123 | Reward:   297.78
Total T:   83759 | Ep: 1734 | Steps:  120 | Reward:   276.76
Total T:   83882 | Ep: 1735 | Steps:  123 | Reward:   296.16
Total T:   84006 | Ep: 1736 | Steps:  124 | Reward:   306.14
Total T:   84129 | Ep: 1737 | Steps:  123 | Reward:   297.32
Total T:   84254 | Ep: 1738 | Steps:  125 | Reward:   309.19
Total T:   84378 | Ep: 1739 | Steps:  124 | Reward:   307.12
Total T:   84503 | Ep: 1740 | Steps:  125 | Reward:   308.67
Total T:   84630 | Ep: 1741 | Steps:  127 | Reward:   313.77
Total T:   84753 | Ep: 1742 | Steps:  123 | Reward:   305.71
Total T:   84876 | Ep: 1743 | Steps:  123 | Reward:   297.80
Total T:   84997 | Ep: 1744 | Steps:  121 | Reward:   294.71
Total T:   85121 | Ep: 1745 | Steps:  124 | Reward:   299.02
Total T:   85243 | Ep: 1746 | Steps:  122 | Reward:   295.24
Total T:   85365 | Ep: 1747 | Steps:  122 | Reward:   299.63
Total T:   85488 | Ep: 1748 | Steps:  123 | Reward:   296.63
Total T:   85611 | Ep: 1749 | Steps:  123 | Reward:   295.29
Total T:   85735 | Ep: 1750 | Steps:  124 | Reward:   300.53
Total T:   85856 | Ep: 1751 | Steps:  121 | Reward:   292.73
Total T:   85980 | Ep: 1752 | Steps:  124 | Reward:   305.51
Total T:   86102 | Ep: 1753 | Steps:  122 | Reward:   289.92
Total T:   86221 | Ep: 1754 | Steps:  119 | Reward:   279.42
Total T:   86336 | Ep: 1755 | Steps:  115 | Reward:   282.25
Total T:   86461 | Ep: 1756 | Steps:  125 | Reward:   311.04
Total T:   86582 | Ep: 1757 | Steps:  121 | Reward:   291.98
Total T:   86703 | Ep: 1758 | Steps:  121 | Reward:   290.28
Total T:   86823 | Ep: 1759 | Steps:  120 | Reward:   281.65
Total T:   86944 | Ep: 1760 | Steps:  121 | Reward:   286.01
Total T:   87067 | Ep: 1761 | Steps:  123 | Reward:   282.58
Total T:   87178 | Ep: 1762 | Steps:  111 | Reward:   263.97
Total T:   87299 | Ep: 1763 | Steps:  121 | Reward:   295.20
Total T:   87419 | Ep: 1764 | Steps:  120 | Reward:   294.44
Total T:   87539 | Ep: 1765 | Steps:  120 | Reward:   303.22
Total T:   87660 | Ep: 1766 | Steps:  121 | Reward:   290.26
Total T:   87782 | Ep: 1767 | Steps:  122 | Reward:   288.69
Total T:   87903 | Ep: 1768 | Steps:  121 | Reward:   302.04
Total T:   88034 | Ep: 1769 | Steps:  131 | Reward:   337.92
Total T:   88155 | Ep: 1770 | Steps:  121 | Reward:   287.98
Total T:   88274 | Ep: 1771 | Steps:  119 | Reward:   283.92
Total T:   88401 | Ep: 1772 | Steps:  127 | Reward:   325.30
Total T:   88522 | Ep: 1773 | Steps:  121 | Reward:   303.66
Total T:   88639 | Ep: 1774 | Steps:  117 | Reward:   284.15
Total T:   88761 | Ep: 1775 | Steps:  122 | Reward:   299.79
Total T:   88888 | Ep: 1776 | Steps:  127 | Reward:   309.66
Total T:   89013 | Ep: 1777 | Steps:  125 | Reward:   304.99
Total T:   89138 | Ep: 1778 | Steps:  125 | Reward:   325.22
Total T:   89263 | Ep: 1779 | Steps:  125 | Reward:   317.34
Total T:   89382 | Ep: 1780 | Steps:  119 | Reward:   291.04
Total T:   89505 | Ep: 1781 | Steps:  123 | Reward:   301.23
Total T:   89635 | Ep: 1782 | Steps:  130 | Reward:   329.65
Total T:   89753 | Ep: 1783 | Steps:  118 | Reward:   310.36
Total T:   89879 | Ep: 1784 | Steps:  126 | Reward:   320.76
Total T:   89999 | Ep: 1785 | Steps:  120 | Reward:   302.70
---------------------------------------
Evaluation over 10 episodes: 329.106
---------------------------------------
Total T:   90124 | Ep: 1786 | Steps:  125 | Reward:   308.57
Total T:   90252 | Ep: 1787 | Steps:  128 | Reward:   323.88
Total T:   90380 | Ep: 1788 | Steps:  128 | Reward:   322.77
Total T:   90501 | Ep: 1789 | Steps:  121 | Reward:   303.21
Total T:   90625 | Ep: 1790 | Steps:  124 | Reward:   316.70
Total T:   90751 | Ep: 1791 | Steps:  126 | Reward:   312.40
Total T:   90878 | Ep: 1792 | Steps:  127 | Reward:   330.09
Total T:   91007 | Ep: 1793 | Steps:  129 | Reward:   329.43
Total T:   91132 | Ep: 1794 | Steps:  125 | Reward:   313.82
Total T:   91259 | Ep: 1795 | Steps:  127 | Reward:   322.26
Total T:   91384 | Ep: 1796 | Steps:  125 | Reward:   318.03
Total T:   91507 | Ep: 1797 | Steps:  123 | Reward:   320.49
Total T:   91631 | Ep: 1798 | Steps:  124 | Reward:   330.61
Total T:   91757 | Ep: 1799 | Steps:  126 | Reward:   335.81
Total T:   91888 | Ep: 1800 | Steps:  131 | Reward:   334.46
Total T:   92013 | Ep: 1801 | Steps:  125 | Reward:   308.86
Total T:   92139 | Ep: 1802 | Steps:  126 | Reward:   342.97
Total T:   92264 | Ep: 1803 | Steps:  125 | Reward:   306.94
Total T:   92389 | Ep: 1804 | Steps:  125 | Reward:   309.92
Total T:   92513 | Ep: 1805 | Steps:  124 | Reward:   334.28
Total T:   92637 | Ep: 1806 | Steps:  124 | Reward:   318.95
Total T:   92763 | Ep: 1807 | Steps:  126 | Reward:   328.71
Total T:   92888 | Ep: 1808 | Steps:  125 | Reward:   326.04
Total T:   93017 | Ep: 1809 | Steps:  129 | Reward:   329.48
Total T:   93141 | Ep: 1810 | Steps:  124 | Reward:   323.33
Total T:   93264 | Ep: 1811 | Steps:  123 | Reward:   294.18
Total T:   93371 | Ep: 1812 | Steps:  107 | Reward:   262.89
Total T:   93499 | Ep: 1813 | Steps:  128 | Reward:   310.99
Total T:   93627 | Ep: 1814 | Steps:  128 | Reward:   301.63
Total T:   93731 | Ep: 1815 | Steps:  104 | Reward:   253.96
Total T:   93860 | Ep: 1816 | Steps:  129 | Reward:   305.82
Total T:   93968 | Ep: 1817 | Steps:  108 | Reward:   271.23
Total T:   94093 | Ep: 1818 | Steps:  125 | Reward:   311.45
Total T:   94206 | Ep: 1819 | Steps:  113 | Reward:   287.38
Total T:   94336 | Ep: 1820 | Steps:  130 | Reward:   322.99
Total T:   94442 | Ep: 1821 | Steps:  106 | Reward:   262.35
Total T:   94555 | Ep: 1822 | Steps:  113 | Reward:   271.20
Total T:   94664 | Ep: 1823 | Steps:  109 | Reward:   269.31
Total T:   94773 | Ep: 1824 | Steps:  109 | Reward:   267.55
Total T:   94899 | Ep: 1825 | Steps:  126 | Reward:   301.91
Total T:   95030 | Ep: 1826 | Steps:  131 | Reward:   326.71
Total T:   95158 | Ep: 1827 | Steps:  128 | Reward:   325.25
Total T:   95290 | Ep: 1828 | Steps:  132 | Reward:   343.65
Total T:   95399 | Ep: 1829 | Steps:  109 | Reward:   273.17
Total T:   95506 | Ep: 1830 | Steps:  107 | Reward:   267.57
Total T:   95632 | Ep: 1831 | Steps:  126 | Reward:   326.14
Total T:   95762 | Ep: 1832 | Steps:  130 | Reward:   339.22
Total T:   95866 | Ep: 1833 | Steps:  104 | Reward:   257.99
Total T:   95998 | Ep: 1834 | Steps:  132 | Reward:   340.53
Total T:   96131 | Ep: 1835 | Steps:  133 | Reward:   348.03
Total T:   96255 | Ep: 1836 | Steps:  124 | Reward:   314.75
Total T:   96387 | Ep: 1837 | Steps:  132 | Reward:   330.56
Total T:   96519 | Ep: 1838 | Steps:  132 | Reward:   327.21
Total T:   96650 | Ep: 1839 | Steps:  131 | Reward:   333.50
Total T:   96753 | Ep: 1840 | Steps:  103 | Reward:   241.80
Total T:   96897 | Ep: 1841 | Steps:  144 | Reward:   376.35
Total T:   97006 | Ep: 1842 | Steps:  109 | Reward:   267.36
Total T:   97135 | Ep: 1843 | Steps:  129 | Reward:   331.14
Total T:   97269 | Ep: 1844 | Steps:  134 | Reward:   351.42
Total T:   97400 | Ep: 1845 | Steps:  131 | Reward:   345.06
Total T:   97509 | Ep: 1846 | Steps:  109 | Reward:   267.48
Total T:   97643 | Ep: 1847 | Steps:  134 | Reward:   345.85
Total T:   97752 | Ep: 1848 | Steps:  109 | Reward:   258.60
Total T:   97880 | Ep: 1849 | Steps:  128 | Reward:   321.14
Total T:   98008 | Ep: 1850 | Steps:  128 | Reward:   330.29
Total T:   98134 | Ep: 1851 | Steps:  126 | Reward:   292.24
Total T:   98263 | Ep: 1852 | Steps:  129 | Reward:   325.18
Total T:   98389 | Ep: 1853 | Steps:  126 | Reward:   294.00
Total T:   98515 | Ep: 1854 | Steps:  126 | Reward:   324.22
Total T:   98641 | Ep: 1855 | Steps:  126 | Reward:   328.11
Total T:   98765 | Ep: 1856 | Steps:  124 | Reward:   305.83
Total T:   98891 | Ep: 1857 | Steps:  126 | Reward:   326.22
Total T:   98998 | Ep: 1858 | Steps:  107 | Reward:   263.51
Total T:   99123 | Ep: 1859 | Steps:  125 | Reward:   313.23
Total T:   99249 | Ep: 1860 | Steps:  126 | Reward:   287.49
Total T:   99371 | Ep: 1861 | Steps:  122 | Reward:   292.12
Total T:   99499 | Ep: 1862 | Steps:  128 | Reward:   315.05
Total T:   99621 | Ep: 1863 | Steps:  122 | Reward:   296.92
Total T:   99748 | Ep: 1864 | Steps:  127 | Reward:   299.76
Total T:   99870 | Ep: 1865 | Steps:  122 | Reward:   297.73
Total T:   99995 | Ep: 1866 | Steps:  125 | Reward:   309.68
---------------------------------------
Evaluation over 10 episodes: 307.536
---------------------------------------
Total T:  100117 | Ep: 1867 | Steps:  122 | Reward:   282.55
Total T:  100240 | Ep: 1868 | Steps:  123 | Reward:   320.38
Total T:  100364 | Ep: 1869 | Steps:  124 | Reward:   303.97
Total T:  100489 | Ep: 1870 | Steps:  125 | Reward:   290.44
Total T:  100614 | Ep: 1871 | Steps:  125 | Reward:   289.12
Total T:  100740 | Ep: 1872 | Steps:  126 | Reward:   302.32
Total T:  100866 | Ep: 1873 | Steps:  126 | Reward:   289.21
Total T:  100987 | Ep: 1874 | Steps:  121 | Reward:   281.59
Total T:  101113 | Ep: 1875 | Steps:  126 | Reward:   306.10
Total T:  101233 | Ep: 1876 | Steps:  120 | Reward:   279.78
Total T:  101360 | Ep: 1877 | Steps:  127 | Reward:   303.29
Total T:  101486 | Ep: 1878 | Steps:  126 | Reward:   298.79
Total T:  101615 | Ep: 1879 | Steps:  129 | Reward:   307.31
Total T:  101745 | Ep: 1880 | Steps:  130 | Reward:   283.02
Total T:  101870 | Ep: 1881 | Steps:  125 | Reward:   270.18
Total T:  102007 | Ep: 1882 | Steps:  137 | Reward:   291.12
Total T:  102135 | Ep: 1883 | Steps:  128 | Reward:   296.98
Total T:  102263 | Ep: 1884 | Steps:  128 | Reward:   315.25
Total T:  102389 | Ep: 1885 | Steps:  126 | Reward:   305.25
Total T:  102512 | Ep: 1886 | Steps:  123 | Reward:   290.58
Total T:  102640 | Ep: 1887 | Steps:  128 | Reward:   285.86
Total T:  102762 | Ep: 1888 | Steps:  122 | Reward:   311.51
Total T:  102887 | Ep: 1889 | Steps:  125 | Reward:   313.57
Total T:  103013 | Ep: 1890 | Steps:  126 | Reward:   312.85
Total T:  103141 | Ep: 1891 | Steps:  128 | Reward:   277.74
Total T:  103263 | Ep: 1892 | Steps:  122 | Reward:   260.97
Total T:  103394 | Ep: 1893 | Steps:  131 | Reward:   317.76
Total T:  103528 | Ep: 1894 | Steps:  134 | Reward:   343.60
Total T:  103659 | Ep: 1895 | Steps:  131 | Reward:   288.86
Total T:  103804 | Ep: 1896 | Steps:  145 | Reward:   311.94
Total T:  103932 | Ep: 1897 | Steps:  128 | Reward:   314.98
Total T:  104057 | Ep: 1898 | Steps:  125 | Reward:   311.19
Total T:  104185 | Ep: 1899 | Steps:  128 | Reward:   295.88
Total T:  104328 | Ep: 1900 | Steps:  143 | Reward:   305.58
Total T:  104460 | Ep: 1901 | Steps:  132 | Reward:   323.12
Total T:  104594 | Ep: 1902 | Steps:  134 | Reward:   318.58
Total T:  104718 | Ep: 1903 | Steps:  124 | Reward:   309.89
Total T:  104850 | Ep: 1904 | Steps:  132 | Reward:   326.95
Total T:  104968 | Ep: 1905 | Steps:  118 | Reward:   268.32
Total T:  105091 | Ep: 1906 | Steps:  123 | Reward:   297.83
Total T:  105230 | Ep: 1907 | Steps:  139 | Reward:   302.59
Total T:  105349 | Ep: 1908 | Steps:  119 | Reward:   246.10
Total T:  105471 | Ep: 1909 | Steps:  122 | Reward:   289.55
Total T:  105601 | Ep: 1910 | Steps:  130 | Reward:   314.62
Total T:  105729 | Ep: 1911 | Steps:  128 | Reward:   300.42
Total T:  105865 | Ep: 1912 | Steps:  136 | Reward:   331.69
Total T:  105995 | Ep: 1913 | Steps:  130 | Reward:   308.28
Total T:  106127 | Ep: 1914 | Steps:  132 | Reward:   316.62
Total T:  106258 | Ep: 1915 | Steps:  131 | Reward:   320.02
Total T:  106387 | Ep: 1916 | Steps:  129 | Reward:   326.57
Total T:  106521 | Ep: 1917 | Steps:  134 | Reward:   327.98
Total T:  106653 | Ep: 1918 | Steps:  132 | Reward:   325.24
Total T:  106784 | Ep: 1919 | Steps:  131 | Reward:   328.28
Total T:  106918 | Ep: 1920 | Steps:  134 | Reward:   319.07
Total T:  107053 | Ep: 1921 | Steps:  135 | Reward:   324.12
Total T:  107186 | Ep: 1922 | Steps:  133 | Reward:   315.27
Total T:  107318 | Ep: 1923 | Steps:  132 | Reward:   324.53
Total T:  107455 | Ep: 1924 | Steps:  137 | Reward:   328.89
Total T:  107587 | Ep: 1925 | Steps:  132 | Reward:   315.72
Total T:  107718 | Ep: 1926 | Steps:  131 | Reward:   332.75
Total T:  107852 | Ep: 1927 | Steps:  134 | Reward:   345.81
Total T:  107981 | Ep: 1928 | Steps:  129 | Reward:   319.99
Total T:  108118 | Ep: 1929 | Steps:  137 | Reward:   346.48
Total T:  108254 | Ep: 1930 | Steps:  136 | Reward:   331.03
Total T:  108385 | Ep: 1931 | Steps:  131 | Reward:   323.84
Total T:  108517 | Ep: 1932 | Steps:  132 | Reward:   333.50
Total T:  108644 | Ep: 1933 | Steps:  127 | Reward:   297.11
Total T:  108777 | Ep: 1934 | Steps:  133 | Reward:   331.20
Total T:  108908 | Ep: 1935 | Steps:  131 | Reward:   306.97
Total T:  109041 | Ep: 1936 | Steps:  133 | Reward:   326.81
Total T:  109177 | Ep: 1937 | Steps:  136 | Reward:   337.04
Total T:  109307 | Ep: 1938 | Steps:  130 | Reward:   311.90
Total T:  109440 | Ep: 1939 | Steps:  133 | Reward:   320.20
Total T:  109577 | Ep: 1940 | Steps:  137 | Reward:   330.35
Total T:  109704 | Ep: 1941 | Steps:  127 | Reward:   310.64
Total T:  109833 | Ep: 1942 | Steps:  129 | Reward:   336.76
Total T:  109962 | Ep: 1943 | Steps:  129 | Reward:   307.27
---------------------------------------
Evaluation over 10 episodes: 317.937
---------------------------------------
Total T:  110091 | Ep: 1944 | Steps:  129 | Reward:   312.40
Total T:  110216 | Ep: 1945 | Steps:  125 | Reward:   292.51
Total T:  110345 | Ep: 1946 | Steps:  129 | Reward:   321.94
Total T:  110503 | Ep: 1947 | Steps:  158 | Reward:   335.08
Total T:  110630 | Ep: 1948 | Steps:  127 | Reward:   308.23
Total T:  110761 | Ep: 1949 | Steps:  131 | Reward:   307.62
Total T:  110891 | Ep: 1950 | Steps:  130 | Reward:   308.70
Total T:  111022 | Ep: 1951 | Steps:  131 | Reward:   311.57
Total T:  111150 | Ep: 1952 | Steps:  128 | Reward:   305.15
Total T:  111278 | Ep: 1953 | Steps:  128 | Reward:   307.14
Total T:  111420 | Ep: 1954 | Steps:  142 | Reward:   305.24
Total T:  111548 | Ep: 1955 | Steps:  128 | Reward:   307.80
Total T:  111679 | Ep: 1956 | Steps:  131 | Reward:   320.18
Total T:  111802 | Ep: 1957 | Steps:  123 | Reward:   292.34
Total T:  111934 | Ep: 1958 | Steps:  132 | Reward:   299.04
Total T:  112071 | Ep: 1959 | Steps:  137 | Reward:   312.94
Total T:  112203 | Ep: 1960 | Steps:  132 | Reward:   317.55
Total T:  112335 | Ep: 1961 | Steps:  132 | Reward:   324.92
Total T:  112497 | Ep: 1962 | Steps:  162 | Reward:   342.71
Total T:  112637 | Ep: 1963 | Steps:  140 | Reward:   319.96
Total T:  112800 | Ep: 1964 | Steps:  163 | Reward:   337.26
Total T:  112934 | Ep: 1965 | Steps:  134 | Reward:   318.04
Total T:  113088 | Ep: 1966 | Steps:  154 | Reward:   332.63
Total T:  113249 | Ep: 1967 | Steps:  161 | Reward:   334.56
Total T:  113382 | Ep: 1968 | Steps:  133 | Reward:   333.07
Total T:  113580 | Ep: 1969 | Steps:  198 | Reward:   380.56
Total T:  113765 | Ep: 1970 | Steps:  185 | Reward:   366.26
Total T:  113956 | Ep: 1971 | Steps:  191 | Reward:   358.26
Total T:  114074 | Ep: 1972 | Steps:  118 | Reward:   289.82
Total T:  114228 | Ep: 1973 | Steps:  154 | Reward:   338.07
Total T:  114391 | Ep: 1974 | Steps:  163 | Reward:   325.05
Total T:  114523 | Ep: 1975 | Steps:  132 | Reward:   315.51
Total T:  114659 | Ep: 1976 | Steps:  136 | Reward:   327.08
Total T:  114784 | Ep: 1977 | Steps:  125 | Reward:   313.59
Total T:  114917 | Ep: 1978 | Steps:  133 | Reward:   307.31
Total T:  115043 | Ep: 1979 | Steps:  126 | Reward:   314.38
Total T:  115204 | Ep: 1980 | Steps:  161 | Reward:   354.07
Total T:  115368 | Ep: 1981 | Steps:  164 | Reward:   336.25
Total T:  115495 | Ep: 1982 | Steps:  127 | Reward:   331.16
Total T:  115629 | Ep: 1983 | Steps:  134 | Reward:   322.80
Total T:  115769 | Ep: 1984 | Steps:  140 | Reward:   330.30
Total T:  115929 | Ep: 1985 | Steps:  160 | Reward:   327.75
Total T:  116066 | Ep: 1986 | Steps:  137 | Reward:   337.85
Total T:  116191 | Ep: 1987 | Steps:  125 | Reward:   304.42
Total T:  116323 | Ep: 1988 | Steps:  132 | Reward:   316.31
Total T:  116463 | Ep: 1989 | Steps:  140 | Reward:   329.09
Total T:  116632 | Ep: 1990 | Steps:  169 | Reward:   337.67
Total T:  116790 | Ep: 1991 | Steps:  158 | Reward:   329.98
Total T:  116913 | Ep: 1992 | Steps:  123 | Reward:   310.18
Total T:  117020 | Ep: 1993 | Steps:  107 | Reward:   258.75
Total T:  117144 | Ep: 1994 | Steps:  124 | Reward:   308.33
Total T:  117314 | Ep: 1995 | Steps:  170 | Reward:   345.11
Total T:  117456 | Ep: 1996 | Steps:  142 | Reward:   335.56
Total T:  117586 | Ep: 1997 | Steps:  130 | Reward:   317.03
Total T:  117733 | Ep: 1998 | Steps:  147 | Reward:   338.21
Total T:  117870 | Ep: 1999 | Steps:  137 | Reward:   330.35
Total T:  117999 | Ep: 2000 | Steps:  129 | Reward:   316.82
Total T:  118130 | Ep: 2001 | Steps:  131 | Reward:   328.49
Total T:  118297 | Ep: 2002 | Steps:  167 | Reward:   351.89
Total T:  118448 | Ep: 2003 | Steps:  151 | Reward:   341.97
Total T:  118574 | Ep: 2004 | Steps:  126 | Reward:   313.53
Total T:  118714 | Ep: 2005 | Steps:  140 | Reward:   329.01
Total T:  118862 | Ep: 2006 | Steps:  148 | Reward:   338.72
Total T:  118995 | Ep: 2007 | Steps:  133 | Reward:   328.16
Total T:  119142 | Ep: 2008 | Steps:  147 | Reward:   340.72
Total T:  119280 | Ep: 2009 | Steps:  138 | Reward:   329.28
Total T:  119415 | Ep: 2010 | Steps:  135 | Reward:   331.31
Total T:  119548 | Ep: 2011 | Steps:  133 | Reward:   323.32
Total T:  119680 | Ep: 2012 | Steps:  132 | Reward:   325.71
Total T:  119813 | Ep: 2013 | Steps:  133 | Reward:   330.43
Total T:  119950 | Ep: 2014 | Steps:  137 | Reward:   327.59
---------------------------------------
Evaluation over 10 episodes: 327.101
---------------------------------------
Total T:  120083 | Ep: 2015 | Steps:  133 | Reward:   321.82
Total T:  120222 | Ep: 2016 | Steps:  139 | Reward:   326.92
Total T:  120352 | Ep: 2017 | Steps:  130 | Reward:   320.99
Total T:  120487 | Ep: 2018 | Steps:  135 | Reward:   328.48
Total T:  120622 | Ep: 2019 | Steps:  135 | Reward:   341.90
Total T:  120759 | Ep: 2020 | Steps:  137 | Reward:   328.93
Total T:  120895 | Ep: 2021 | Steps:  136 | Reward:   327.12
Total T:  121026 | Ep: 2022 | Steps:  131 | Reward:   325.23
Total T:  121157 | Ep: 2023 | Steps:  131 | Reward:   330.14
Total T:  121290 | Ep: 2024 | Steps:  133 | Reward:   323.52
Total T:  121427 | Ep: 2025 | Steps:  137 | Reward:   327.32
Total T:  121562 | Ep: 2026 | Steps:  135 | Reward:   322.34
Total T:  121696 | Ep: 2027 | Steps:  134 | Reward:   328.60
Total T:  121836 | Ep: 2028 | Steps:  140 | Reward:   328.86
Total T:  121970 | Ep: 2029 | Steps:  134 | Reward:   313.08
Total T:  122101 | Ep: 2030 | Steps:  131 | Reward:   314.16
Total T:  122233 | Ep: 2031 | Steps:  132 | Reward:   320.87
Total T:  122363 | Ep: 2032 | Steps:  130 | Reward:   319.77
Total T:  122492 | Ep: 2033 | Steps:  129 | Reward:   312.16
Total T:  122624 | Ep: 2034 | Steps:  132 | Reward:   324.67
Total T:  122752 | Ep: 2035 | Steps:  128 | Reward:   316.04
Total T:  122881 | Ep: 2036 | Steps:  129 | Reward:   316.66
Total T:  123014 | Ep: 2037 | Steps:  133 | Reward:   324.17
Total T:  123151 | Ep: 2038 | Steps:  137 | Reward:   330.20
Total T:  123262 | Ep: 2039 | Steps:  111 | Reward:   270.89
Total T:  123391 | Ep: 2040 | Steps:  129 | Reward:   325.47
Total T:  123530 | Ep: 2041 | Steps:  139 | Reward:   330.31
Total T:  123660 | Ep: 2042 | Steps:  130 | Reward:   318.99
Total T:  123795 | Ep: 2043 | Steps:  135 | Reward:   334.52
Total T:  123926 | Ep: 2044 | Steps:  131 | Reward:   319.04
Total T:  124056 | Ep: 2045 | Steps:  130 | Reward:   322.41
Total T:  124183 | Ep: 2046 | Steps:  127 | Reward:   314.62
Total T:  124314 | Ep: 2047 | Steps:  131 | Reward:   326.12
Total T:  124444 | Ep: 2048 | Steps:  130 | Reward:   331.86
Total T:  124569 | Ep: 2049 | Steps:  125 | Reward:   292.62
Total T:  124699 | Ep: 2050 | Steps:  130 | Reward:   329.58
Total T:  124829 | Ep: 2051 | Steps:  130 | Reward:   319.11
Total T:  124960 | Ep: 2052 | Steps:  131 | Reward:   321.43
Total T:  125088 | Ep: 2053 | Steps:  128 | Reward:   319.84
Total T:  125215 | Ep: 2054 | Steps:  127 | Reward:   319.49
Total T:  125346 | Ep: 2055 | Steps:  131 | Reward:   338.44
Total T:  125473 | Ep: 2056 | Steps:  127 | Reward:   323.35
Total T:  125602 | Ep: 2057 | Steps:  129 | Reward:   326.27
Total T:  125730 | Ep: 2058 | Steps:  128 | Reward:   325.90
Total T:  125858 | Ep: 2059 | Steps:  128 | Reward:   333.01
Total T:  125986 | Ep: 2060 | Steps:  128 | Reward:   329.98
Total T:  126114 | Ep: 2061 | Steps:  128 | Reward:   330.99
Total T:  126220 | Ep: 2062 | Steps:  106 | Reward:   259.94
Total T:  126346 | Ep: 2063 | Steps:  126 | Reward:   322.94
Total T:  126480 | Ep: 2064 | Steps:  134 | Reward:   337.21
Total T:  126592 | Ep: 2065 | Steps:  112 | Reward:   287.27
Total T:  126720 | Ep: 2066 | Steps:  128 | Reward:   341.69
Total T:  126845 | Ep: 2067 | Steps:  125 | Reward:   316.41
Total T:  126971 | Ep: 2068 | Steps:  126 | Reward:   332.57
Total T:  127100 | Ep: 2069 | Steps:  129 | Reward:   345.83
Total T:  127227 | Ep: 2070 | Steps:  127 | Reward:   338.75
Total T:  127355 | Ep: 2071 | Steps:  128 | Reward:   314.72
Total T:  127467 | Ep: 2072 | Steps:  112 | Reward:   289.57
Total T:  127593 | Ep: 2073 | Steps:  126 | Reward:   339.58
Total T:  127721 | Ep: 2074 | Steps:  128 | Reward:   347.41
Total T:  127847 | Ep: 2075 | Steps:  126 | Reward:   339.67
Total T:  127972 | Ep: 2076 | Steps:  125 | Reward:   338.44
Total T:  128098 | Ep: 2077 | Steps:  126 | Reward:   309.87
Total T:  128223 | Ep: 2078 | Steps:  125 | Reward:   337.66
Total T:  128350 | Ep: 2079 | Steps:  127 | Reward:   344.16
Total T:  128473 | Ep: 2080 | Steps:  123 | Reward:   320.33
Total T:  128596 | Ep: 2081 | Steps:  123 | Reward:   317.81
Total T:  128719 | Ep: 2082 | Steps:  123 | Reward:   330.57
Total T:  128851 | Ep: 2083 | Steps:  132 | Reward:   340.60
Total T:  128973 | Ep: 2084 | Steps:  122 | Reward:   332.03
Total T:  129093 | Ep: 2085 | Steps:  120 | Reward:   323.83
Total T:  129215 | Ep: 2086 | Steps:  122 | Reward:   330.85
Total T:  129324 | Ep: 2087 | Steps:  109 | Reward:   284.33
Total T:  129447 | Ep: 2088 | Steps:  123 | Reward:   331.37
Total T:  129569 | Ep: 2089 | Steps:  122 | Reward:   321.70
Total T:  129691 | Ep: 2090 | Steps:  122 | Reward:   327.64
Total T:  129815 | Ep: 2091 | Steps:  124 | Reward:   333.30
Total T:  129933 | Ep: 2092 | Steps:  118 | Reward:   310.42
---------------------------------------
Evaluation over 10 episodes: 299.541
---------------------------------------
Total T:  130050 | Ep: 2093 | Steps:  117 | Reward:   313.86
Total T:  130170 | Ep: 2094 | Steps:  120 | Reward:   308.61
Total T:  130286 | Ep: 2095 | Steps:  116 | Reward:   304.74
Total T:  130407 | Ep: 2096 | Steps:  121 | Reward:   323.06
Total T:  130530 | Ep: 2097 | Steps:  123 | Reward:   323.87
Total T:  130651 | Ep: 2098 | Steps:  121 | Reward:   324.94
Total T:  130774 | Ep: 2099 | Steps:  123 | Reward:   321.57
Total T:  130902 | Ep: 2100 | Steps:  128 | Reward:   332.44
Total T:  131022 | Ep: 2101 | Steps:  120 | Reward:   316.76
Total T:  131144 | Ep: 2102 | Steps:  122 | Reward:   328.20
Total T:  131268 | Ep: 2103 | Steps:  124 | Reward:   333.92
Total T:  131395 | Ep: 2104 | Steps:  127 | Reward:   322.93
Total T:  131512 | Ep: 2105 | Steps:  117 | Reward:   305.59
Total T:  131632 | Ep: 2106 | Steps:  120 | Reward:   315.82
Total T:  131749 | Ep: 2107 | Steps:  117 | Reward:   302.80
Total T:  131858 | Ep: 2108 | Steps:  109 | Reward:   274.72
Total T:  131980 | Ep: 2109 | Steps:  122 | Reward:   322.97
Total T:  132097 | Ep: 2110 | Steps:  117 | Reward:   305.83
Total T:  132223 | Ep: 2111 | Steps:  126 | Reward:   323.49
Total T:  132351 | Ep: 2112 | Steps:  128 | Reward:   344.33
Total T:  132472 | Ep: 2113 | Steps:  121 | Reward:   320.09
Total T:  132597 | Ep: 2114 | Steps:  125 | Reward:   336.46
Total T:  132702 | Ep: 2115 | Steps:  105 | Reward:   261.18
Total T:  132827 | Ep: 2116 | Steps:  125 | Reward:   325.80
Total T:  132930 | Ep: 2117 | Steps:  103 | Reward:   252.15
Total T:  133056 | Ep: 2118 | Steps:  126 | Reward:   337.14
Total T:  133185 | Ep: 2119 | Steps:  129 | Reward:   323.19
Total T:  133308 | Ep: 2120 | Steps:  123 | Reward:   324.21
Total T:  133437 | Ep: 2121 | Steps:  129 | Reward:   329.81
Total T:  133566 | Ep: 2122 | Steps:  129 | Reward:   333.36
Total T:  133694 | Ep: 2123 | Steps:  128 | Reward:   330.57
Total T:  133821 | Ep: 2124 | Steps:  127 | Reward:   313.44
Total T:  133948 | Ep: 2125 | Steps:  127 | Reward:   324.03
Total T:  134074 | Ep: 2126 | Steps:  126 | Reward:   327.40
Total T:  134190 | Ep: 2127 | Steps:  116 | Reward:   300.08
Total T:  134311 | Ep: 2128 | Steps:  121 | Reward:   309.57
Total T:  134435 | Ep: 2129 | Steps:  124 | Reward:   328.44
Total T:  134556 | Ep: 2130 | Steps:  121 | Reward:   321.33
Total T:  134679 | Ep: 2131 | Steps:  123 | Reward:   326.22
Total T:  134804 | Ep: 2132 | Steps:  125 | Reward:   332.96
Total T:  134934 | Ep: 2133 | Steps:  130 | Reward:   333.74
Total T:  135055 | Ep: 2134 | Steps:  121 | Reward:   317.73
Total T:  135182 | Ep: 2135 | Steps:  127 | Reward:   323.69
Total T:  135310 | Ep: 2136 | Steps:  128 | Reward:   341.26
Total T:  135433 | Ep: 2137 | Steps:  123 | Reward:   327.90
Total T:  135561 | Ep: 2138 | Steps:  128 | Reward:   346.15
Total T:  135683 | Ep: 2139 | Steps:  122 | Reward:   330.09
Total T:  135808 | Ep: 2140 | Steps:  125 | Reward:   336.07
Total T:  135936 | Ep: 2141 | Steps:  128 | Reward:   342.88
Total T:  136064 | Ep: 2142 | Steps:  128 | Reward:   336.41
Total T:  136188 | Ep: 2143 | Steps:  124 | Reward:   326.52
Total T:  136308 | Ep: 2144 | Steps:  120 | Reward:   319.15
Total T:  136434 | Ep: 2145 | Steps:  126 | Reward:   338.76
Total T:  136560 | Ep: 2146 | Steps:  126 | Reward:   339.64
Total T:  136685 | Ep: 2147 | Steps:  125 | Reward:   338.20
Total T:  136810 | Ep: 2148 | Steps:  125 | Reward:   335.06
Total T:  136933 | Ep: 2149 | Steps:  123 | Reward:   335.63
Total T:  137053 | Ep: 2150 | Steps:  120 | Reward:   315.59
Total T:  137177 | Ep: 2151 | Steps:  124 | Reward:   341.54
Total T:  137304 | Ep: 2152 | Steps:  127 | Reward:   306.86
Total T:  137424 | Ep: 2153 | Steps:  120 | Reward:   320.83
Total T:  137550 | Ep: 2154 | Steps:  126 | Reward:   322.29
Total T:  137668 | Ep: 2155 | Steps:  118 | Reward:   311.13
Total T:  137786 | Ep: 2156 | Steps:  118 | Reward:   316.55
Total T:  137907 | Ep: 2157 | Steps:  121 | Reward:   328.82
Total T:  138024 | Ep: 2158 | Steps:  117 | Reward:   312.03
Total T:  138147 | Ep: 2159 | Steps:  123 | Reward:   318.75
Total T:  138273 | Ep: 2160 | Steps:  126 | Reward:   340.67
Total T:  138395 | Ep: 2161 | Steps:  122 | Reward:   322.14
Total T:  138515 | Ep: 2162 | Steps:  120 | Reward:   320.80
Total T:  138634 | Ep: 2163 | Steps:  119 | Reward:   317.73
Total T:  138758 | Ep: 2164 | Steps:  124 | Reward:   333.11
Total T:  138879 | Ep: 2165 | Steps:  121 | Reward:   321.85
Total T:  139002 | Ep: 2166 | Steps:  123 | Reward:   327.32
Total T:  139123 | Ep: 2167 | Steps:  121 | Reward:   315.65
Total T:  139246 | Ep: 2168 | Steps:  123 | Reward:   325.27
Total T:  139367 | Ep: 2169 | Steps:  121 | Reward:   326.28
Total T:  139487 | Ep: 2170 | Steps:  120 | Reward:   320.88
Total T:  139612 | Ep: 2171 | Steps:  125 | Reward:   331.97
Total T:  139737 | Ep: 2172 | Steps:  125 | Reward:   319.72
Total T:  139854 | Ep: 2173 | Steps:  117 | Reward:   302.64
Total T:  139973 | Ep: 2174 | Steps:  119 | Reward:   310.92
---------------------------------------
Evaluation over 10 episodes: 313.362
---------------------------------------
Total T:  140094 | Ep: 2175 | Steps:  121 | Reward:   316.59
Total T:  140211 | Ep: 2176 | Steps:  117 | Reward:   307.54
Total T:  140336 | Ep: 2177 | Steps:  125 | Reward:   337.09
Total T:  140462 | Ep: 2178 | Steps:  126 | Reward:   332.44
Total T:  140581 | Ep: 2179 | Steps:  119 | Reward:   316.68
Total T:  140703 | Ep: 2180 | Steps:  122 | Reward:   329.35
Total T:  140821 | Ep: 2181 | Steps:  118 | Reward:   309.85
Total T:  140940 | Ep: 2182 | Steps:  119 | Reward:   310.50
Total T:  141056 | Ep: 2183 | Steps:  116 | Reward:   302.40
Total T:  141175 | Ep: 2184 | Steps:  119 | Reward:   317.02
Total T:  141301 | Ep: 2185 | Steps:  126 | Reward:   334.70
Total T:  141425 | Ep: 2186 | Steps:  124 | Reward:   328.12
Total T:  141545 | Ep: 2187 | Steps:  120 | Reward:   314.51
Total T:  141665 | Ep: 2188 | Steps:  120 | Reward:   317.73
Total T:  141793 | Ep: 2189 | Steps:  128 | Reward:   335.19
Total T:  141918 | Ep: 2190 | Steps:  125 | Reward:   329.70
Total T:  142041 | Ep: 2191 | Steps:  123 | Reward:   331.94
Total T:  142157 | Ep: 2192 | Steps:  116 | Reward:   304.96
Total T:  142276 | Ep: 2193 | Steps:  119 | Reward:   312.53
Total T:  142398 | Ep: 2194 | Steps:  122 | Reward:   329.73
Total T:  142521 | Ep: 2195 | Steps:  123 | Reward:   327.72
Total T:  142650 | Ep: 2196 | Steps:  129 | Reward:   339.09
Total T:  142776 | Ep: 2197 | Steps:  126 | Reward:   335.32
Total T:  142896 | Ep: 2198 | Steps:  120 | Reward:   326.63
Total T:  143014 | Ep: 2199 | Steps:  118 | Reward:   312.12
Total T:  143134 | Ep: 2200 | Steps:  120 | Reward:   326.37
Total T:  143255 | Ep: 2201 | Steps:  121 | Reward:   322.95
Total T:  143386 | Ep: 2202 | Steps:  131 | Reward:   349.73
Total T:  143504 | Ep: 2203 | Steps:  118 | Reward:   315.32
Total T:  143632 | Ep: 2204 | Steps:  128 | Reward:   333.33
Total T:  143749 | Ep: 2205 | Steps:  117 | Reward:   309.56
Total T:  143878 | Ep: 2206 | Steps:  129 | Reward:   343.69
Total T:  143996 | Ep: 2207 | Steps:  118 | Reward:   318.55
Total T:  144112 | Ep: 2208 | Steps:  116 | Reward:   310.51
Total T:  144238 | Ep: 2209 | Steps:  126 | Reward:   341.77
Total T:  144357 | Ep: 2210 | Steps:  119 | Reward:   312.98
Total T:  144483 | Ep: 2211 | Steps:  126 | Reward:   332.15
Total T:  144604 | Ep: 2212 | Steps:  121 | Reward:   321.22
Total T:  144723 | Ep: 2213 | Steps:  119 | Reward:   314.46
Total T:  144848 | Ep: 2214 | Steps:  125 | Reward:   331.47
Total T:  144976 | Ep: 2215 | Steps:  128 | Reward:   341.13
Total T:  145100 | Ep: 2216 | Steps:  124 | Reward:   330.69
Total T:  145223 | Ep: 2217 | Steps:  123 | Reward:   325.16
Total T:  145339 | Ep: 2218 | Steps:  116 | Reward:   309.67
Total T:  145466 | Ep: 2219 | Steps:  127 | Reward:   343.96
Total T:  145587 | Ep: 2220 | Steps:  121 | Reward:   323.30
Total T:  145715 | Ep: 2221 | Steps:  128 | Reward:   339.20
Total T:  145839 | Ep: 2222 | Steps:  124 | Reward:   335.97
Total T:  145954 | Ep: 2223 | Steps:  115 | Reward:   309.96
Total T:  146085 | Ep: 2224 | Steps:  131 | Reward:   346.67
Total T:  146205 | Ep: 2225 | Steps:  120 | Reward:   324.15
Total T:  146336 | Ep: 2226 | Steps:  131 | Reward:   348.67
Total T:  146450 | Ep: 2227 | Steps:  114 | Reward:   304.60
Total T:  146562 | Ep: 2228 | Steps:  112 | Reward:   297.05
Total T:  146693 | Ep: 2229 | Steps:  131 | Reward:   353.01
Total T:  146809 | Ep: 2230 | Steps:  116 | Reward:   307.78
Total T:  146931 | Ep: 2231 | Steps:  122 | Reward:   324.95
Total T:  147046 | Ep: 2232 | Steps:  115 | Reward:   310.68
Total T:  147177 | Ep: 2233 | Steps:  131 | Reward:   341.27
Total T:  147308 | Ep: 2234 | Steps:  131 | Reward:   357.83
Total T:  147439 | Ep: 2235 | Steps:  131 | Reward:   338.10
Total T:  147568 | Ep: 2236 | Steps:  129 | Reward:   323.41
Total T:  147696 | Ep: 2237 | Steps:  128 | Reward:   345.51
Total T:  147811 | Ep: 2238 | Steps:  115 | Reward:   306.86
Total T:  147931 | Ep: 2239 | Steps:  120 | Reward:   324.24
Total T:  148060 | Ep: 2240 | Steps:  129 | Reward:   349.25
Total T:  148184 | Ep: 2241 | Steps:  124 | Reward:   336.47
Total T:  148302 | Ep: 2242 | Steps:  118 | Reward:   317.49
Total T:  148422 | Ep: 2243 | Steps:  120 | Reward:   322.59
Total T:  148553 | Ep: 2244 | Steps:  131 | Reward:   343.23
Total T:  148672 | Ep: 2245 | Steps:  119 | Reward:   319.91
Total T:  148791 | Ep: 2246 | Steps:  119 | Reward:   324.55
Total T:  148915 | Ep: 2247 | Steps:  124 | Reward:   339.92
Total T:  149040 | Ep: 2248 | Steps:  125 | Reward:   332.61
Total T:  149168 | Ep: 2249 | Steps:  128 | Reward:   335.18
Total T:  149290 | Ep: 2250 | Steps:  122 | Reward:   331.20
Total T:  149411 | Ep: 2251 | Steps:  121 | Reward:   330.23
Total T:  149535 | Ep: 2252 | Steps:  124 | Reward:   334.20
Total T:  149666 | Ep: 2253 | Steps:  131 | Reward:   339.40
Total T:  149792 | Ep: 2254 | Steps:  126 | Reward:   327.02
Total T:  149921 | Ep: 2255 | Steps:  129 | Reward:   348.02
---------------------------------------
Evaluation over 10 episodes: 343.043
---------------------------------------
Total T:  150045 | Ep: 2256 | Steps:  124 | Reward:   338.29
Total T:  150169 | Ep: 2257 | Steps:  124 | Reward:   325.75
Total T:  150296 | Ep: 2258 | Steps:  127 | Reward:   350.09
Total T:  150427 | Ep: 2259 | Steps:  131 | Reward:   356.59
Total T:  150558 | Ep: 2260 | Steps:  131 | Reward:   354.45
Total T:  150691 | Ep: 2261 | Steps:  133 | Reward:   364.69
Total T:  150815 | Ep: 2262 | Steps:  124 | Reward:   335.60
Total T:  150949 | Ep: 2263 | Steps:  134 | Reward:   363.39
Total T:  151083 | Ep: 2264 | Steps:  134 | Reward:   356.15
Total T:  151212 | Ep: 2265 | Steps:  129 | Reward:   358.13
Total T:  151341 | Ep: 2266 | Steps:  129 | Reward:   364.85
Total T:  151475 | Ep: 2267 | Steps:  134 | Reward:   368.54
Total T:  151602 | Ep: 2268 | Steps:  127 | Reward:   344.47
Total T:  151725 | Ep: 2269 | Steps:  123 | Reward:   335.80
Total T:  151858 | Ep: 2270 | Steps:  133 | Reward:   366.04
Total T:  151988 | Ep: 2271 | Steps:  130 | Reward:   354.95
Total T:  152115 | Ep: 2272 | Steps:  127 | Reward:   350.63
Total T:  152233 | Ep: 2273 | Steps:  118 | Reward:   322.90
Total T:  152355 | Ep: 2274 | Steps:  122 | Reward:   331.77
Total T:  152481 | Ep: 2275 | Steps:  126 | Reward:   350.29
Total T:  152617 | Ep: 2276 | Steps:  136 | Reward:   374.14
Total T:  152741 | Ep: 2277 | Steps:  124 | Reward:   344.05
Total T:  152873 | Ep: 2278 | Steps:  132 | Reward:   350.68
Total T:  153004 | Ep: 2279 | Steps:  131 | Reward:   363.35
Total T:  153137 | Ep: 2280 | Steps:  133 | Reward:   359.96
Total T:  153273 | Ep: 2281 | Steps:  136 | Reward:   385.28
Total T:  153394 | Ep: 2282 | Steps:  121 | Reward:   323.53
Total T:  153529 | Ep: 2283 | Steps:  135 | Reward:   372.85
Total T:  153663 | Ep: 2284 | Steps:  134 | Reward:   362.78
Total T:  153794 | Ep: 2285 | Steps:  131 | Reward:   359.29
Total T:  153926 | Ep: 2286 | Steps:  132 | Reward:   353.81
Total T:  154058 | Ep: 2287 | Steps:  132 | Reward:   364.89
Total T:  154180 | Ep: 2288 | Steps:  122 | Reward:   338.12
Total T:  154311 | Ep: 2289 | Steps:  131 | Reward:   366.36
Total T:  154442 | Ep: 2290 | Steps:  131 | Reward:   368.39
Total T:  154563 | Ep: 2291 | Steps:  121 | Reward:   335.19
Total T:  154691 | Ep: 2292 | Steps:  128 | Reward:   354.92
Total T:  154825 | Ep: 2293 | Steps:  134 | Reward:   364.31
Total T:  154957 | Ep: 2294 | Steps:  132 | Reward:   360.86
Total T:  155090 | Ep: 2295 | Steps:  133 | Reward:   364.57
Total T:  155201 | Ep: 2296 | Steps:  111 | Reward:   294.66
Total T:  155335 | Ep: 2297 | Steps:  134 | Reward:   378.53
Total T:  155470 | Ep: 2298 | Steps:  135 | Reward:   377.33
Total T:  155605 | Ep: 2299 | Steps:  135 | Reward:   372.35
Total T:  155741 | Ep: 2300 | Steps:  136 | Reward:   381.52
Total T:  155872 | Ep: 2301 | Steps:  131 | Reward:   368.15
Total T:  156009 | Ep: 2302 | Steps:  137 | Reward:   377.01
Total T:  156142 | Ep: 2303 | Steps:  133 | Reward:   359.04
Total T:  156272 | Ep: 2304 | Steps:  130 | Reward:   353.46
Total T:  156404 | Ep: 2305 | Steps:  132 | Reward:   365.98
Total T:  156539 | Ep: 2306 | Steps:  135 | Reward:   373.25
Total T:  156671 | Ep: 2307 | Steps:  132 | Reward:   367.48
Total T:  156802 | Ep: 2308 | Steps:  131 | Reward:   359.41
Total T:  156937 | Ep: 2309 | Steps:  135 | Reward:   382.08
Total T:  157071 | Ep: 2310 | Steps:  134 | Reward:   367.95
Total T:  157201 | Ep: 2311 | Steps:  130 | Reward:   370.18
Total T:  157337 | Ep: 2312 | Steps:  136 | Reward:   361.76
Total T:  157471 | Ep: 2313 | Steps:  134 | Reward:   375.69
Total T:  157605 | Ep: 2314 | Steps:  134 | Reward:   378.91
Total T:  157734 | Ep: 2315 | Steps:  129 | Reward:   359.46
Total T:  157866 | Ep: 2316 | Steps:  132 | Reward:   357.76
Total T:  157998 | Ep: 2317 | Steps:  132 | Reward:   355.55
Total T:  158133 | Ep: 2318 | Steps:  135 | Reward:   383.94
Total T:  158268 | Ep: 2319 | Steps:  135 | Reward:   374.17
Total T:  158398 | Ep: 2320 | Steps:  130 | Reward:   365.32
Total T:  158534 | Ep: 2321 | Steps:  136 | Reward:   380.19
Total T:  158671 | Ep: 2322 | Steps:  137 | Reward:   365.74
Total T:  158800 | Ep: 2323 | Steps:  129 | Reward:   364.35
Total T:  158933 | Ep: 2324 | Steps:  133 | Reward:   372.55
Total T:  159070 | Ep: 2325 | Steps:  137 | Reward:   372.15
Total T:  159207 | Ep: 2326 | Steps:  137 | Reward:   387.31
Total T:  159338 | Ep: 2327 | Steps:  131 | Reward:   371.19
Total T:  159458 | Ep: 2328 | Steps:  120 | Reward:   329.99
Total T:  159596 | Ep: 2329 | Steps:  138 | Reward:   389.44
Total T:  159730 | Ep: 2330 | Steps:  134 | Reward:   374.73
Total T:  159866 | Ep: 2331 | Steps:  136 | Reward:   371.09
---------------------------------------
Evaluation over 10 episodes: 360.885
---------------------------------------
Total T:  160004 | Ep: 2332 | Steps:  138 | Reward:   369.56
Total T:  160141 | Ep: 2333 | Steps:  137 | Reward:   388.80
Total T:  160270 | Ep: 2334 | Steps:  129 | Reward:   363.54
Total T:  160402 | Ep: 2335 | Steps:  132 | Reward:   367.97
Total T:  160532 | Ep: 2336 | Steps:  130 | Reward:   369.08
Total T:  160669 | Ep: 2337 | Steps:  137 | Reward:   387.32
Total T:  160790 | Ep: 2338 | Steps:  121 | Reward:   325.26
Total T:  160928 | Ep: 2339 | Steps:  138 | Reward:   374.11
Total T:  161065 | Ep: 2340 | Steps:  137 | Reward:   382.04
Total T:  161209 | Ep: 2341 | Steps:  144 | Reward:   383.47
Total T:  161346 | Ep: 2342 | Steps:  137 | Reward:   351.31
Total T:  161460 | Ep: 2343 | Steps:  114 | Reward:   306.32
Total T:  161594 | Ep: 2344 | Steps:  134 | Reward:   375.60
Total T:  161739 | Ep: 2345 | Steps:  145 | Reward:   397.84
Total T:  161877 | Ep: 2346 | Steps:  138 | Reward:   355.26
Total T:  162024 | Ep: 2347 | Steps:  147 | Reward:   407.22
Total T:  162165 | Ep: 2348 | Steps:  141 | Reward:   376.45
Total T:  162305 | Ep: 2349 | Steps:  140 | Reward:   377.35
Total T:  162424 | Ep: 2350 | Steps:  119 | Reward:   317.12
Total T:  162573 | Ep: 2351 | Steps:  149 | Reward:   399.45
Total T:  162718 | Ep: 2352 | Steps:  145 | Reward:   385.95
Total T:  162859 | Ep: 2353 | Steps:  141 | Reward:   376.41
Total T:  163001 | Ep: 2354 | Steps:  142 | Reward:   377.95
Total T:  163138 | Ep: 2355 | Steps:  137 | Reward:   354.53
Total T:  163276 | Ep: 2356 | Steps:  138 | Reward:   372.94
Total T:  163415 | Ep: 2357 | Steps:  139 | Reward:   356.87
Total T:  163553 | Ep: 2358 | Steps:  138 | Reward:   354.22
Total T:  163698 | Ep: 2359 | Steps:  145 | Reward:   387.42
Total T:  163818 | Ep: 2360 | Steps:  120 | Reward:   300.37
Total T:  163959 | Ep: 2361 | Steps:  141 | Reward:   363.11
Total T:  164103 | Ep: 2362 | Steps:  144 | Reward:   395.08
Total T:  164243 | Ep: 2363 | Steps:  140 | Reward:   371.64
Total T:  164382 | Ep: 2364 | Steps:  139 | Reward:   395.46
Total T:  164534 | Ep: 2365 | Steps:  152 | Reward:   407.96
Total T:  164680 | Ep: 2366 | Steps:  146 | Reward:   395.28
Total T:  164828 | Ep: 2367 | Steps:  148 | Reward:   405.35
Total T:  164977 | Ep: 2368 | Steps:  149 | Reward:   402.89
Total T:  165112 | Ep: 2369 | Steps:  135 | Reward:   380.82
Total T:  165268 | Ep: 2370 | Steps:  156 | Reward:   429.95
Total T:  165410 | Ep: 2371 | Steps:  142 | Reward:   376.68
Total T:  165559 | Ep: 2372 | Steps:  149 | Reward:   405.88
Total T:  165705 | Ep: 2373 | Steps:  146 | Reward:   396.92
Total T:  165853 | Ep: 2374 | Steps:  148 | Reward:   397.78
Total T:  165999 | Ep: 2375 | Steps:  146 | Reward:   394.79
Total T:  166140 | Ep: 2376 | Steps:  141 | Reward:   363.17
Total T:  166286 | Ep: 2377 | Steps:  146 | Reward:   393.55
Total T:  166428 | Ep: 2378 | Steps:  142 | Reward:   375.97
Total T:  166569 | Ep: 2379 | Steps:  141 | Reward:   369.31
Total T:  166701 | Ep: 2380 | Steps:  132 | Reward:   362.61
Total T:  166848 | Ep: 2381 | Steps:  147 | Reward:   400.13
Total T:  166991 | Ep: 2382 | Steps:  143 | Reward:   375.49
Total T:  167138 | Ep: 2383 | Steps:  147 | Reward:   383.80
Total T:  167277 | Ep: 2384 | Steps:  139 | Reward:   381.87
Total T:  167416 | Ep: 2385 | Steps:  139 | Reward:   380.61
Total T:  167556 | Ep: 2386 | Steps:  140 | Reward:   384.27
Total T:  167699 | Ep: 2387 | Steps:  143 | Reward:   379.68
Total T:  167833 | Ep: 2388 | Steps:  134 | Reward:   372.31
Total T:  167955 | Ep: 2389 | Steps:  122 | Reward:   337.93
Total T:  168085 | Ep: 2390 | Steps:  130 | Reward:   364.56
Total T:  168225 | Ep: 2391 | Steps:  140 | Reward:   371.84
Total T:  168364 | Ep: 2392 | Steps:  139 | Reward:   384.65
Total T:  168495 | Ep: 2393 | Steps:  131 | Reward:   373.56
Total T:  168630 | Ep: 2394 | Steps:  135 | Reward:   380.88
Total T:  168765 | Ep: 2395 | Steps:  135 | Reward:   381.54
Total T:  168885 | Ep: 2396 | Steps:  120 | Reward:   332.72
Total T:  169012 | Ep: 2397 | Steps:  127 | Reward:   357.98
Total T:  169134 | Ep: 2398 | Steps:  122 | Reward:   338.04
Total T:  169253 | Ep: 2399 | Steps:  119 | Reward:   323.38
Total T:  169381 | Ep: 2400 | Steps:  128 | Reward:   357.92
Total T:  169509 | Ep: 2401 | Steps:  128 | Reward:   354.94
Total T:  169632 | Ep: 2402 | Steps:  123 | Reward:   344.73
Total T:  169760 | Ep: 2403 | Steps:  128 | Reward:   363.35
Total T:  169888 | Ep: 2404 | Steps:  128 | Reward:   361.69
---------------------------------------
Evaluation over 10 episodes: 374.810
---------------------------------------
Total T:  170024 | Ep: 2405 | Steps:  136 | Reward:   385.67
Total T:  170154 | Ep: 2406 | Steps:  130 | Reward:   364.26
Total T:  170284 | Ep: 2407 | Steps:  130 | Reward:   366.04
Total T:  170420 | Ep: 2408 | Steps:  136 | Reward:   381.47
Total T:  170553 | Ep: 2409 | Steps:  133 | Reward:   374.76
Total T:  170684 | Ep: 2410 | Steps:  131 | Reward:   371.62
Total T:  170816 | Ep: 2411 | Steps:  132 | Reward:   371.77
Total T:  170950 | Ep: 2412 | Steps:  134 | Reward:   382.38
Total T:  171083 | Ep: 2413 | Steps:  133 | Reward:   374.86
Total T:  171220 | Ep: 2414 | Steps:  137 | Reward:   387.57
Total T:  171357 | Ep: 2415 | Steps:  137 | Reward:   385.92
Total T:  171491 | Ep: 2416 | Steps:  134 | Reward:   373.72
Total T:  171622 | Ep: 2417 | Steps:  131 | Reward:   369.76
Total T:  171758 | Ep: 2418 | Steps:  136 | Reward:   386.28
Total T:  171891 | Ep: 2419 | Steps:  133 | Reward:   378.20
Total T:  172020 | Ep: 2420 | Steps:  129 | Reward:   362.37
Total T:  172155 | Ep: 2421 | Steps:  135 | Reward:   377.26
Total T:  172288 | Ep: 2422 | Steps:  133 | Reward:   372.57
Total T:  172425 | Ep: 2423 | Steps:  137 | Reward:   385.04
Total T:  172562 | Ep: 2424 | Steps:  137 | Reward:   389.55
Total T:  172696 | Ep: 2425 | Steps:  134 | Reward:   373.06
Total T:  172819 | Ep: 2426 | Steps:  123 | Reward:   345.05
Total T:  172954 | Ep: 2427 | Steps:  135 | Reward:   379.43
Total T:  173088 | Ep: 2428 | Steps:  134 | Reward:   379.77
Total T:  173225 | Ep: 2429 | Steps:  137 | Reward:   372.32
Total T:  173363 | Ep: 2430 | Steps:  138 | Reward:   387.59
Total T:  173495 | Ep: 2431 | Steps:  132 | Reward:   370.68
Total T:  173634 | Ep: 2432 | Steps:  139 | Reward:   391.28
Total T:  173769 | Ep: 2433 | Steps:  135 | Reward:   381.73
Total T:  173899 | Ep: 2434 | Steps:  130 | Reward:   365.16
Total T:  174033 | Ep: 2435 | Steps:  134 | Reward:   382.32
Total T:  174166 | Ep: 2436 | Steps:  133 | Reward:   376.47
Total T:  174300 | Ep: 2437 | Steps:  134 | Reward:   375.94
Total T:  174438 | Ep: 2438 | Steps:  138 | Reward:   392.99
Total T:  174565 | Ep: 2439 | Steps:  127 | Reward:   356.01
Total T:  174700 | Ep: 2440 | Steps:  135 | Reward:   381.25
Total T:  174836 | Ep: 2441 | Steps:  136 | Reward:   385.83
Total T:  174970 | Ep: 2442 | Steps:  134 | Reward:   381.18
Total T:  175103 | Ep: 2443 | Steps:  133 | Reward:   376.14
Total T:  175239 | Ep: 2444 | Steps:  136 | Reward:   388.46
Total T:  175369 | Ep: 2445 | Steps:  130 | Reward:   366.54
Total T:  175506 | Ep: 2446 | Steps:  137 | Reward:   387.00
Total T:  175638 | Ep: 2447 | Steps:  132 | Reward:   372.26
Total T:  175774 | Ep: 2448 | Steps:  136 | Reward:   385.30
Total T:  175904 | Ep: 2449 | Steps:  130 | Reward:   368.27
Total T:  176039 | Ep: 2450 | Steps:  135 | Reward:   383.41
Total T:  176178 | Ep: 2451 | Steps:  139 | Reward:   398.16
Total T:  176316 | Ep: 2452 | Steps:  138 | Reward:   399.39
Total T:  176448 | Ep: 2453 | Steps:  132 | Reward:   372.28
Total T:  176577 | Ep: 2454 | Steps:  129 | Reward:   361.56
Total T:  176709 | Ep: 2455 | Steps:  132 | Reward:   373.21
Total T:  176822 | Ep: 2456 | Steps:  113 | Reward:   299.24
Total T:  176960 | Ep: 2457 | Steps:  138 | Reward:   393.52
Total T:  177087 | Ep: 2458 | Steps:  127 | Reward:   358.18
Total T:  177214 | Ep: 2459 | Steps:  127 | Reward:   359.04
Total T:  177348 | Ep: 2460 | Steps:  134 | Reward:   379.30
Total T:  177478 | Ep: 2461 | Steps:  130 | Reward:   368.30
Total T:  177611 | Ep: 2462 | Steps:  133 | Reward:   375.70
Total T:  177740 | Ep: 2463 | Steps:  129 | Reward:   365.68
Total T:  177872 | Ep: 2464 | Steps:  132 | Reward:   370.68
Total T:  178007 | Ep: 2465 | Steps:  135 | Reward:   377.87
Total T:  178142 | Ep: 2466 | Steps:  135 | Reward:   378.66
Total T:  178273 | Ep: 2467 | Steps:  131 | Reward:   368.69
Total T:  178408 | Ep: 2468 | Steps:  135 | Reward:   376.18
Total T:  178539 | Ep: 2469 | Steps:  131 | Reward:   370.94
Total T:  178669 | Ep: 2470 | Steps:  130 | Reward:   366.42
Total T:  178802 | Ep: 2471 | Steps:  133 | Reward:   373.66
Total T:  178931 | Ep: 2472 | Steps:  129 | Reward:   363.89
Total T:  179061 | Ep: 2473 | Steps:  130 | Reward:   366.07
Total T:  179193 | Ep: 2474 | Steps:  132 | Reward:   369.39
Total T:  179327 | Ep: 2475 | Steps:  134 | Reward:   374.31
Total T:  179462 | Ep: 2476 | Steps:  135 | Reward:   384.41
Total T:  179600 | Ep: 2477 | Steps:  138 | Reward:   394.70
Total T:  179733 | Ep: 2478 | Steps:  133 | Reward:   376.65
Total T:  179864 | Ep: 2479 | Steps:  131 | Reward:   370.91
Total T:  179995 | Ep: 2480 | Steps:  131 | Reward:   372.19
---------------------------------------
Evaluation over 10 episodes: 390.348
---------------------------------------
Total T:  180133 | Ep: 2481 | Steps:  138 | Reward:   390.64
Total T:  180263 | Ep: 2482 | Steps:  130 | Reward:   369.06
Total T:  180392 | Ep: 2483 | Steps:  129 | Reward:   365.20
Total T:  180525 | Ep: 2484 | Steps:  133 | Reward:   375.42
Total T:  180656 | Ep: 2485 | Steps:  131 | Reward:   368.08
Total T:  180788 | Ep: 2486 | Steps:  132 | Reward:   375.42
Total T:  180919 | Ep: 2487 | Steps:  131 | Reward:   369.78
Total T:  181055 | Ep: 2488 | Steps:  136 | Reward:   382.56
Total T:  181193 | Ep: 2489 | Steps:  138 | Reward:   392.35
Total T:  181327 | Ep: 2490 | Steps:  134 | Reward:   383.03
Total T:  181461 | Ep: 2491 | Steps:  134 | Reward:   377.50
Total T:  181595 | Ep: 2492 | Steps:  134 | Reward:   382.48
Total T:  181734 | Ep: 2493 | Steps:  139 | Reward:   397.34
Total T:  181871 | Ep: 2494 | Steps:  137 | Reward:   393.13
Total T:  182010 | Ep: 2495 | Steps:  139 | Reward:   396.51
Total T:  182147 | Ep: 2496 | Steps:  137 | Reward:   392.38
Total T:  182285 | Ep: 2497 | Steps:  138 | Reward:   393.18
Total T:  182412 | Ep: 2498 | Steps:  127 | Reward:   363.60
Total T:  182549 | Ep: 2499 | Steps:  137 | Reward:   389.01
Total T:  182681 | Ep: 2500 | Steps:  132 | Reward:   373.40
Total T:  182820 | Ep: 2501 | Steps:  139 | Reward:   400.17
Total T:  182956 | Ep: 2502 | Steps:  136 | Reward:   390.62
Total T:  183091 | Ep: 2503 | Steps:  135 | Reward:   384.00
Total T:  183227 | Ep: 2504 | Steps:  136 | Reward:   392.15
Total T:  183361 | Ep: 2505 | Steps:  134 | Reward:   383.04
Total T:  183493 | Ep: 2506 | Steps:  132 | Reward:   372.07
Total T:  183629 | Ep: 2507 | Steps:  136 | Reward:   385.95
Total T:  183768 | Ep: 2508 | Steps:  139 | Reward:   392.65
Total T:  183903 | Ep: 2509 | Steps:  135 | Reward:   385.05
Total T:  184037 | Ep: 2510 | Steps:  134 | Reward:   379.61
Total T:  184169 | Ep: 2511 | Steps:  132 | Reward:   372.86
Total T:  184305 | Ep: 2512 | Steps:  136 | Reward:   386.64
Total T:  184445 | Ep: 2513 | Steps:  140 | Reward:   402.18
Total T:  184580 | Ep: 2514 | Steps:  135 | Reward:   383.35
Total T:  184717 | Ep: 2515 | Steps:  137 | Reward:   390.70
Total T:  184851 | Ep: 2516 | Steps:  134 | Reward:   382.20
Total T:  184987 | Ep: 2517 | Steps:  136 | Reward:   386.87
Total T:  185120 | Ep: 2518 | Steps:  133 | Reward:   374.40
Total T:  185250 | Ep: 2519 | Steps:  130 | Reward:   366.44
Total T:  185382 | Ep: 2520 | Steps:  132 | Reward:   372.04
Total T:  185512 | Ep: 2521 | Steps:  130 | Reward:   367.53
Total T:  185648 | Ep: 2522 | Steps:  136 | Reward:   383.21
Total T:  185779 | Ep: 2523 | Steps:  131 | Reward:   371.87
Total T:  185911 | Ep: 2524 | Steps:  132 | Reward:   375.42
Total T:  186055 | Ep: 2525 | Steps:  144 | Reward:   411.25
Total T:  186198 | Ep: 2526 | Steps:  143 | Reward:   410.49
Total T:  186326 | Ep: 2527 | Steps:  128 | Reward:   362.00
Total T:  186460 | Ep: 2528 | Steps:  134 | Reward:   375.58
Total T:  186587 | Ep: 2529 | Steps:  127 | Reward:   359.99
Total T:  186723 | Ep: 2530 | Steps:  136 | Reward:   385.67
Total T:  186855 | Ep: 2531 | Steps:  132 | Reward:   373.77
Total T:  186979 | Ep: 2532 | Steps:  124 | Reward:   349.67
Total T:  187116 | Ep: 2533 | Steps:  137 | Reward:   392.57
Total T:  187244 | Ep: 2534 | Steps:  128 | Reward:   361.84
Total T:  187383 | Ep: 2535 | Steps:  139 | Reward:   392.21
Total T:  187519 | Ep: 2536 | Steps:  136 | Reward:   382.30
Total T:  187644 | Ep: 2537 | Steps:  125 | Reward:   350.69
Total T:  187774 | Ep: 2538 | Steps:  130 | Reward:   367.67
Total T:  187902 | Ep: 2539 | Steps:  128 | Reward:   361.60
Total T:  188042 | Ep: 2540 | Steps:  140 | Reward:   396.44
Total T:  188181 | Ep: 2541 | Steps:  139 | Reward:   388.64
Total T:  188308 | Ep: 2542 | Steps:  127 | Reward:   360.03
Total T:  188435 | Ep: 2543 | Steps:  127 | Reward:   358.47
Total T:  188566 | Ep: 2544 | Steps:  131 | Reward:   368.92
Total T:  188702 | Ep: 2545 | Steps:  136 | Reward:   385.34
Total T:  188840 | Ep: 2546 | Steps:  138 | Reward:   388.63
Total T:  188978 | Ep: 2547 | Steps:  138 | Reward:   387.75
Total T:  189112 | Ep: 2548 | Steps:  134 | Reward:   376.19
Total T:  189237 | Ep: 2549 | Steps:  125 | Reward:   348.96
Total T:  189361 | Ep: 2550 | Steps:  124 | Reward:   347.45
Total T:  189492 | Ep: 2551 | Steps:  131 | Reward:   365.19
Total T:  189622 | Ep: 2552 | Steps:  130 | Reward:   364.24
Total T:  189756 | Ep: 2553 | Steps:  134 | Reward:   376.63
Total T:  189896 | Ep: 2554 | Steps:  140 | Reward:   393.45
---------------------------------------
Evaluation over 10 episodes: 369.151
---------------------------------------
Total T:  190023 | Ep: 2555 | Steps:  127 | Reward:   356.92
Total T:  190155 | Ep: 2556 | Steps:  132 | Reward:   369.27
Total T:  190285 | Ep: 2557 | Steps:  130 | Reward:   366.30
Total T:  190416 | Ep: 2558 | Steps:  131 | Reward:   370.26
Total T:  190550 | Ep: 2559 | Steps:  134 | Reward:   379.60
Total T:  190681 | Ep: 2560 | Steps:  131 | Reward:   370.12
Total T:  190821 | Ep: 2561 | Steps:  140 | Reward:   390.87
Total T:  190960 | Ep: 2562 | Steps:  139 | Reward:   391.82
Total T:  191087 | Ep: 2563 | Steps:  127 | Reward:   357.48
Total T:  191227 | Ep: 2564 | Steps:  140 | Reward:   389.03
Total T:  191364 | Ep: 2565 | Steps:  137 | Reward:   383.39
Total T:  191503 | Ep: 2566 | Steps:  139 | Reward:   388.07
Total T:  191639 | Ep: 2567 | Steps:  136 | Reward:   380.54
Total T:  191773 | Ep: 2568 | Steps:  134 | Reward:   371.14
Total T:  191908 | Ep: 2569 | Steps:  135 | Reward:   376.79
Total T:  192038 | Ep: 2570 | Steps:  130 | Reward:   368.65
Total T:  192177 | Ep: 2571 | Steps:  139 | Reward:   390.53
Total T:  192313 | Ep: 2572 | Steps:  136 | Reward:   379.59
Total T:  192452 | Ep: 2573 | Steps:  139 | Reward:   388.67
Total T:  192592 | Ep: 2574 | Steps:  140 | Reward:   396.82
Total T:  192727 | Ep: 2575 | Steps:  135 | Reward:   375.62
Total T:  192860 | Ep: 2576 | Steps:  133 | Reward:   374.34
Total T:  192998 | Ep: 2577 | Steps:  138 | Reward:   385.84
Total T:  193131 | Ep: 2578 | Steps:  133 | Reward:   377.06
Total T:  193260 | Ep: 2579 | Steps:  129 | Reward:   363.42
Total T:  193386 | Ep: 2580 | Steps:  126 | Reward:   354.26
Total T:  193523 | Ep: 2581 | Steps:  137 | Reward:   380.16
Total T:  193657 | Ep: 2582 | Steps:  134 | Reward:   376.65
Total T:  193791 | Ep: 2583 | Steps:  134 | Reward:   375.74
Total T:  193926 | Ep: 2584 | Steps:  135 | Reward:   379.30
Total T:  194060 | Ep: 2585 | Steps:  134 | Reward:   379.97
Total T:  194196 | Ep: 2586 | Steps:  136 | Reward:   382.09
Total T:  194335 | Ep: 2587 | Steps:  139 | Reward:   389.09
Total T:  194468 | Ep: 2588 | Steps:  133 | Reward:   377.39
Total T:  194603 | Ep: 2589 | Steps:  135 | Reward:   376.76
Total T:  194741 | Ep: 2590 | Steps:  138 | Reward:   391.30
Total T:  194885 | Ep: 2591 | Steps:  144 | Reward:   405.05
Total T:  195023 | Ep: 2592 | Steps:  138 | Reward:   387.57
Total T:  195160 | Ep: 2593 | Steps:  137 | Reward:   383.05
Total T:  195293 | Ep: 2594 | Steps:  133 | Reward:   372.86
Total T:  195439 | Ep: 2595 | Steps:  146 | Reward:   421.11
Total T:  195579 | Ep: 2596 | Steps:  140 | Reward:   391.18
Total T:  195713 | Ep: 2597 | Steps:  134 | Reward:   376.76
Total T:  195848 | Ep: 2598 | Steps:  135 | Reward:   380.32
Total T:  195989 | Ep: 2599 | Steps:  141 | Reward:   392.43
Total T:  196126 | Ep: 2600 | Steps:  137 | Reward:   383.75
Total T:  196262 | Ep: 2601 | Steps:  136 | Reward:   379.39
Total T:  196403 | Ep: 2602 | Steps:  141 | Reward:   394.91
Total T:  196536 | Ep: 2603 | Steps:  133 | Reward:   373.42
Total T:  196677 | Ep: 2604 | Steps:  141 | Reward:   394.36
Total T:  196818 | Ep: 2605 | Steps:  141 | Reward:   400.64
Total T:  196959 | Ep: 2606 | Steps:  141 | Reward:   395.45
Total T:  197094 | Ep: 2607 | Steps:  135 | Reward:   377.23
Total T:  197234 | Ep: 2608 | Steps:  140 | Reward:   395.35
Total T:  197365 | Ep: 2609 | Steps:  131 | Reward:   365.91
Total T:  197516 | Ep: 2610 | Steps:  151 | Reward:   438.25
Total T:  197656 | Ep: 2611 | Steps:  140 | Reward:   391.08
Total T:  197799 | Ep: 2612 | Steps:  143 | Reward:   398.86
Total T:  197938 | Ep: 2613 | Steps:  139 | Reward:   392.78
Total T:  198073 | Ep: 2614 | Steps:  135 | Reward:   382.63
Total T:  198211 | Ep: 2615 | Steps:  138 | Reward:   385.52
Total T:  198349 | Ep: 2616 | Steps:  138 | Reward:   385.72
Total T:  198487 | Ep: 2617 | Steps:  138 | Reward:   392.19
Total T:  198625 | Ep: 2618 | Steps:  138 | Reward:   387.99
Total T:  198760 | Ep: 2619 | Steps:  135 | Reward:   381.13
Total T:  198901 | Ep: 2620 | Steps:  141 | Reward:   393.49
Total T:  199037 | Ep: 2621 | Steps:  136 | Reward:   379.15
Total T:  199187 | Ep: 2622 | Steps:  150 | Reward:   430.58
Total T:  199330 | Ep: 2623 | Steps:  143 | Reward:   401.61
Total T:  199466 | Ep: 2624 | Steps:  136 | Reward:   382.93
Total T:  199610 | Ep: 2625 | Steps:  144 | Reward:   408.52
Total T:  199759 | Ep: 2626 | Steps:  149 | Reward:   421.69
Total T:  199899 | Ep: 2627 | Steps:  140 | Reward:   390.44
---------------------------------------
Evaluation over 10 episodes: 393.216
---------------------------------------
Total T:  200042 | Ep: 2628 | Steps:  143 | Reward:   401.25
Total T:  200179 | Ep: 2629 | Steps:  137 | Reward:   383.39
Total T:  200316 | Ep: 2630 | Steps:  137 | Reward:   381.87
Total T:  200454 | Ep: 2631 | Steps:  138 | Reward:   385.00
Total T:  200594 | Ep: 2632 | Steps:  140 | Reward:   392.86
Total T:  200743 | Ep: 2633 | Steps:  149 | Reward:   423.92
Total T:  200893 | Ep: 2634 | Steps:  150 | Reward:   429.80
Total T:  201035 | Ep: 2635 | Steps:  142 | Reward:   403.18
Total T:  201182 | Ep: 2636 | Steps:  147 | Reward:   418.73
Total T:  201322 | Ep: 2637 | Steps:  140 | Reward:   390.61
Total T:  201464 | Ep: 2638 | Steps:  142 | Reward:   404.75
Total T:  201601 | Ep: 2639 | Steps:  137 | Reward:   384.12
Total T:  201754 | Ep: 2640 | Steps:  153 | Reward:   439.96
Total T:  201893 | Ep: 2641 | Steps:  139 | Reward:   389.55
Total T:  202030 | Ep: 2642 | Steps:  137 | Reward:   383.38
Total T:  202162 | Ep: 2643 | Steps:  132 | Reward:   368.30
Total T:  202299 | Ep: 2644 | Steps:  137 | Reward:   384.36
Total T:  202438 | Ep: 2645 | Steps:  139 | Reward:   389.34
Total T:  202575 | Ep: 2646 | Steps:  137 | Reward:   382.32
Total T:  202721 | Ep: 2647 | Steps:  146 | Reward:   412.52
Total T:  202870 | Ep: 2648 | Steps:  149 | Reward:   420.62
Total T:  203012 | Ep: 2649 | Steps:  142 | Reward:   393.99
Total T:  203171 | Ep: 2650 | Steps:  159 | Reward:   451.32
Total T:  203312 | Ep: 2651 | Steps:  141 | Reward:   393.32
Total T:  203473 | Ep: 2652 | Steps:  161 | Reward:   464.25
Total T:  203610 | Ep: 2653 | Steps:  137 | Reward:   383.41
Total T:  203747 | Ep: 2654 | Steps:  137 | Reward:   384.04
Total T:  203888 | Ep: 2655 | Steps:  141 | Reward:   396.56
Total T:  204034 | Ep: 2656 | Steps:  146 | Reward:   413.51
Total T:  204175 | Ep: 2657 | Steps:  141 | Reward:   392.30
Total T:  204319 | Ep: 2658 | Steps:  144 | Reward:   407.08
Total T:  204471 | Ep: 2659 | Steps:  152 | Reward:   427.56
Total T:  204610 | Ep: 2660 | Steps:  139 | Reward:   388.36
Total T:  204761 | Ep: 2661 | Steps:  151 | Reward:   423.96
Total T:  204905 | Ep: 2662 | Steps:  144 | Reward:   404.08
Total T:  205053 | Ep: 2663 | Steps:  148 | Reward:   421.16
Total T:  205197 | Ep: 2664 | Steps:  144 | Reward:   407.73
Total T:  205350 | Ep: 2665 | Steps:  153 | Reward:   422.86
Total T:  205495 | Ep: 2666 | Steps:  145 | Reward:   412.04
Total T:  205648 | Ep: 2667 | Steps:  153 | Reward:   431.15
Total T:  205798 | Ep: 2668 | Steps:  150 | Reward:   426.35
Total T:  205942 | Ep: 2669 | Steps:  144 | Reward:   408.70
Total T:  206089 | Ep: 2670 | Steps:  147 | Reward:   414.44
Total T:  206225 | Ep: 2671 | Steps:  136 | Reward:   384.43
Total T:  206374 | Ep: 2672 | Steps:  149 | Reward:   422.26
Total T:  206522 | Ep: 2673 | Steps:  148 | Reward:   421.19
Total T:  206667 | Ep: 2674 | Steps:  145 | Reward:   412.87
Total T:  206813 | Ep: 2675 | Steps:  146 | Reward:   413.32
Total T:  206959 | Ep: 2676 | Steps:  146 | Reward:   406.97
Total T:  207093 | Ep: 2677 | Steps:  134 | Reward:   372.18
Total T:  207231 | Ep: 2678 | Steps:  138 | Reward:   388.06
Total T:  207365 | Ep: 2679 | Steps:  134 | Reward:   375.69
Total T:  207504 | Ep: 2680 | Steps:  139 | Reward:   393.60
Total T:  207641 | Ep: 2681 | Steps:  137 | Reward:   383.20
Total T:  207774 | Ep: 2682 | Steps:  133 | Reward:   370.29
Total T:  207913 | Ep: 2683 | Steps:  139 | Reward:   391.91
Total T:  208051 | Ep: 2684 | Steps:  138 | Reward:   392.30
Total T:  208191 | Ep: 2685 | Steps:  140 | Reward:   392.59
Total T:  208333 | Ep: 2686 | Steps:  142 | Reward:   395.42
Total T:  208475 | Ep: 2687 | Steps:  142 | Reward:   393.61
Total T:  208614 | Ep: 2688 | Steps:  139 | Reward:   389.36
Total T:  208755 | Ep: 2689 | Steps:  141 | Reward:   395.36
Total T:  208892 | Ep: 2690 | Steps:  137 | Reward:   381.25
Total T:  209026 | Ep: 2691 | Steps:  134 | Reward:   376.83
Total T:  209161 | Ep: 2692 | Steps:  135 | Reward:   379.64
Total T:  209298 | Ep: 2693 | Steps:  137 | Reward:   382.82
Total T:  209434 | Ep: 2694 | Steps:  136 | Reward:   386.36
Total T:  209574 | Ep: 2695 | Steps:  140 | Reward:   400.67
Total T:  209717 | Ep: 2696 | Steps:  143 | Reward:   406.51
Total T:  209856 | Ep: 2697 | Steps:  139 | Reward:   387.44
Total T:  209992 | Ep: 2698 | Steps:  136 | Reward:   383.79
---------------------------------------
Evaluation over 10 episodes: 393.081
---------------------------------------
Total T:  210138 | Ep: 2699 | Steps:  146 | Reward:   417.33
Total T:  210276 | Ep: 2700 | Steps:  138 | Reward:   390.63
Total T:  210416 | Ep: 2701 | Steps:  140 | Reward:   392.60
Total T:  210549 | Ep: 2702 | Steps:  133 | Reward:   372.51
Total T:  210683 | Ep: 2703 | Steps:  134 | Reward:   375.15
Total T:  210828 | Ep: 2704 | Steps:  145 | Reward:   409.97
Total T:  210972 | Ep: 2705 | Steps:  144 | Reward:   407.37
Total T:  211116 | Ep: 2706 | Steps:  144 | Reward:   403.73
Total T:  211259 | Ep: 2707 | Steps:  143 | Reward:   405.62
Total T:  211405 | Ep: 2708 | Steps:  146 | Reward:   419.94
Total T:  211553 | Ep: 2709 | Steps:  148 | Reward:   430.28
Total T:  211695 | Ep: 2710 | Steps:  142 | Reward:   405.56
Total T:  211837 | Ep: 2711 | Steps:  142 | Reward:   401.16
Total T:  211980 | Ep: 2712 | Steps:  143 | Reward:   414.77
Total T:  212115 | Ep: 2713 | Steps:  135 | Reward:   378.63
Total T:  212249 | Ep: 2714 | Steps:  134 | Reward:   376.49
Total T:  212387 | Ep: 2715 | Steps:  138 | Reward:   389.80
Total T:  212524 | Ep: 2716 | Steps:  137 | Reward:   387.69
Total T:  212666 | Ep: 2717 | Steps:  142 | Reward:   404.60
Total T:  212816 | Ep: 2718 | Steps:  150 | Reward:   440.37
Total T:  212957 | Ep: 2719 | Steps:  141 | Reward:   403.46
Total T:  213095 | Ep: 2720 | Steps:  138 | Reward:   390.14
Total T:  213238 | Ep: 2721 | Steps:  143 | Reward:   404.82
Total T:  213373 | Ep: 2722 | Steps:  135 | Reward:   383.85
Total T:  213516 | Ep: 2723 | Steps:  143 | Reward:   413.16
Total T:  213661 | Ep: 2724 | Steps:  145 | Reward:   412.26
Total T:  213803 | Ep: 2725 | Steps:  142 | Reward:   403.02
Total T:  213944 | Ep: 2726 | Steps:  141 | Reward:   407.32
Total T:  214092 | Ep: 2727 | Steps:  148 | Reward:   420.58
Total T:  214251 | Ep: 2728 | Steps:  159 | Reward:   455.64
Total T:  214398 | Ep: 2729 | Steps:  147 | Reward:   422.35
Total T:  214560 | Ep: 2730 | Steps:  162 | Reward:   467.34
Total T:  214709 | Ep: 2731 | Steps:  149 | Reward:   434.30
Total T:  214859 | Ep: 2732 | Steps:  150 | Reward:   426.48
Total T:  215007 | Ep: 2733 | Steps:  148 | Reward:   422.87
Total T:  215191 | Ep: 2734 | Steps:  184 | Reward:   547.44
Total T:  215343 | Ep: 2735 | Steps:  152 | Reward:   418.59
Total T:  215497 | Ep: 2736 | Steps:  154 | Reward:   407.60
Total T:  215655 | Ep: 2737 | Steps:  158 | Reward:   441.85
Total T:  215804 | Ep: 2738 | Steps:  149 | Reward:   424.76
Total T:  215964 | Ep: 2739 | Steps:  160 | Reward:   450.04
Total T:  216118 | Ep: 2740 | Steps:  154 | Reward:   442.66
Total T:  216282 | Ep: 2741 | Steps:  164 | Reward:   475.64
Total T:  216440 | Ep: 2742 | Steps:  158 | Reward:   448.11
Total T:  216608 | Ep: 2743 | Steps:  168 | Reward:   496.05
Total T:  216766 | Ep: 2744 | Steps:  158 | Reward:   462.04
Total T:  216958 | Ep: 2745 | Steps:  192 | Reward:   579.04
Total T:  217101 | Ep: 2746 | Steps:  143 | Reward:   407.75
Total T:  217260 | Ep: 2747 | Steps:  159 | Reward:   462.24
Total T:  217455 | Ep: 2748 | Steps:  195 | Reward:   594.19
Total T:  217644 | Ep: 2749 | Steps:  189 | Reward:   572.00
Total T:  217812 | Ep: 2750 | Steps:  168 | Reward:   498.67
Total T:  218003 | Ep: 2751 | Steps:  191 | Reward:   576.36
Total T:  218208 | Ep: 2752 | Steps:  205 | Reward:   615.91
Total T:  218402 | Ep: 2753 | Steps:  194 | Reward:   585.64
Total T:  218594 | Ep: 2754 | Steps:  192 | Reward:   572.38
Total T:  218784 | Ep: 2755 | Steps:  190 | Reward:   568.10
Total T:  218976 | Ep: 2756 | Steps:  192 | Reward:   577.57
Total T:  219153 | Ep: 2757 | Steps:  177 | Reward:   515.15
Total T:  219356 | Ep: 2758 | Steps:  203 | Reward:   618.82
Total T:  219555 | Ep: 2759 | Steps:  199 | Reward:   591.72
Total T:  219756 | Ep: 2760 | Steps:  201 | Reward:   600.56
Total T:  219952 | Ep: 2761 | Steps:  196 | Reward:   594.09
---------------------------------------
Evaluation over 10 episodes: 522.488
---------------------------------------
Total T:  220140 | Ep: 2762 | Steps:  188 | Reward:   559.88
Total T:  220321 | Ep: 2763 | Steps:  181 | Reward:   546.08
Total T:  220515 | Ep: 2764 | Steps:  194 | Reward:   591.58
Total T:  220677 | Ep: 2765 | Steps:  162 | Reward:   471.37
Total T:  220845 | Ep: 2766 | Steps:  168 | Reward:   492.08
Total T:  221007 | Ep: 2767 | Steps:  162 | Reward:   474.65
Total T:  221202 | Ep: 2768 | Steps:  195 | Reward:   590.35
Total T:  221366 | Ep: 2769 | Steps:  164 | Reward:   467.19
Total T:  221566 | Ep: 2770 | Steps:  200 | Reward:   593.43
Total T:  221751 | Ep: 2771 | Steps:  185 | Reward:   549.62
Total T:  221940 | Ep: 2772 | Steps:  189 | Reward:   578.20
Total T:  222135 | Ep: 2773 | Steps:  195 | Reward:   590.53
Total T:  222301 | Ep: 2774 | Steps:  166 | Reward:   494.74
Total T:  222491 | Ep: 2775 | Steps:  190 | Reward:   567.02
Total T:  222676 | Ep: 2776 | Steps:  185 | Reward:   555.04
Total T:  222860 | Ep: 2777 | Steps:  184 | Reward:   556.87
Total T:  223050 | Ep: 2778 | Steps:  190 | Reward:   570.02
Total T:  223073 | Ep: 2779 | Steps:   23 | Reward:    26.18
Total T:  223258 | Ep: 2780 | Steps:  185 | Reward:   551.47
Total T:  223447 | Ep: 2781 | Steps:  189 | Reward:   559.79
Total T:  223466 | Ep: 2782 | Steps:   19 | Reward:    19.88
Total T:  223484 | Ep: 2783 | Steps:   18 | Reward:    17.75
Total T:  223502 | Ep: 2784 | Steps:   18 | Reward:    18.01
Total T:  223524 | Ep: 2785 | Steps:   22 | Reward:    24.81
Total T:  223547 | Ep: 2786 | Steps:   23 | Reward:    26.48
Total T:  223735 | Ep: 2787 | Steps:  188 | Reward:   565.26
Total T:  223931 | Ep: 2788 | Steps:  196 | Reward:   589.47
Total T:  224124 | Ep: 2789 | Steps:  193 | Reward:   581.05
Total T:  224307 | Ep: 2790 | Steps:  183 | Reward:   550.63
Total T:  224499 | Ep: 2791 | Steps:  192 | Reward:   568.79
Total T:  224682 | Ep: 2792 | Steps:  183 | Reward:   546.21
Total T:  224701 | Ep: 2793 | Steps:   19 | Reward:    19.29
Total T:  224893 | Ep: 2794 | Steps:  192 | Reward:   574.42
Total T:  225080 | Ep: 2795 | Steps:  187 | Reward:   556.98
Total T:  225268 | Ep: 2796 | Steps:  188 | Reward:   561.95
Total T:  225458 | Ep: 2797 | Steps:  190 | Reward:   555.51
Total T:  225648 | Ep: 2798 | Steps:  190 | Reward:   548.37
Total T:  225836 | Ep: 2799 | Steps:  188 | Reward:   527.21
Total T:  226022 | Ep: 2800 | Steps:  186 | Reward:   528.55
Total T:  226212 | Ep: 2801 | Steps:  190 | Reward:   537.73
Total T:  226400 | Ep: 2802 | Steps:  188 | Reward:   546.60
Total T:  226575 | Ep: 2803 | Steps:  175 | Reward:   489.35
Total T:  226760 | Ep: 2804 | Steps:  185 | Reward:   521.77
Total T:  226951 | Ep: 2805 | Steps:  191 | Reward:   546.78
Total T:  227131 | Ep: 2806 | Steps:  180 | Reward:   534.67
Total T:  227317 | Ep: 2807 | Steps:  186 | Reward:   529.99
Total T:  227503 | Ep: 2808 | Steps:  186 | Reward:   525.30
Total T:  227687 | Ep: 2809 | Steps:  184 | Reward:   510.98
Total T:  227870 | Ep: 2810 | Steps:  183 | Reward:   520.07
Total T:  228045 | Ep: 2811 | Steps:  175 | Reward:   491.05
Total T:  228233 | Ep: 2812 | Steps:  188 | Reward:   528.53
Total T:  228404 | Ep: 2813 | Steps:  171 | Reward:   476.05
Total T:  228591 | Ep: 2814 | Steps:  187 | Reward:   519.23
Total T:  228683 | Ep: 2815 | Steps:   92 | Reward:   193.91
Total T:  228871 | Ep: 2816 | Steps:  188 | Reward:   509.47
Total T:  229061 | Ep: 2817 | Steps:  190 | Reward:   510.27
Total T:  229153 | Ep: 2818 | Steps:   92 | Reward:   196.55
Total T:  229331 | Ep: 2819 | Steps:  178 | Reward:   499.89
Total T:  229520 | Ep: 2820 | Steps:  189 | Reward:   534.25
Total T:  229712 | Ep: 2821 | Steps:  192 | Reward:   546.07
Total T:  229807 | Ep: 2822 | Steps:   95 | Reward:   214.82
Total T:  229996 | Ep: 2823 | Steps:  189 | Reward:   529.00
---------------------------------------
Evaluation over 10 episodes: 540.856
---------------------------------------
Total T:  230187 | Ep: 2824 | Steps:  191 | Reward:   513.62
Total T:  230376 | Ep: 2825 | Steps:  189 | Reward:   538.27
Total T:  230564 | Ep: 2826 | Steps:  188 | Reward:   531.80
Total T:  230804 | Ep: 2827 | Steps:  240 | Reward:   659.87
Total T:  230997 | Ep: 2828 | Steps:  193 | Reward:   540.17
Total T:  231187 | Ep: 2829 | Steps:  190 | Reward:   538.90
Total T:  231375 | Ep: 2830 | Steps:  188 | Reward:   546.62
Total T:  231579 | Ep: 2831 | Steps:  204 | Reward:   588.10
Total T:  231773 | Ep: 2832 | Steps:  194 | Reward:   559.44
Total T:  231960 | Ep: 2833 | Steps:  187 | Reward:   544.48
Total T:  232150 | Ep: 2834 | Steps:  190 | Reward:   555.33
Total T:  232352 | Ep: 2835 | Steps:  202 | Reward:   583.00
Total T:  232442 | Ep: 2836 | Steps:   90 | Reward:   186.73
Total T:  232611 | Ep: 2837 | Steps:  169 | Reward:   373.55
Total T:  232784 | Ep: 2838 | Steps:  173 | Reward:   396.20
Total T:  232975 | Ep: 2839 | Steps:  191 | Reward:   543.54
Total T:  233063 | Ep: 2840 | Steps:   88 | Reward:   182.03
Total T:  233270 | Ep: 2841 | Steps:  207 | Reward:   569.00
Total T:  233470 | Ep: 2842 | Steps:  200 | Reward:   554.30
Total T:  233673 | Ep: 2843 | Steps:  203 | Reward:   579.30
Total T:  233871 | Ep: 2844 | Steps:  198 | Reward:   586.01
Total T:  234075 | Ep: 2845 | Steps:  204 | Reward:   590.64
Total T:  234265 | Ep: 2846 | Steps:  190 | Reward:   562.34
Total T:  234487 | Ep: 2847 | Steps:  222 | Reward:   657.46
Total T:  234695 | Ep: 2848 | Steps:  208 | Reward:   601.70
Total T:  234899 | Ep: 2849 | Steps:  204 | Reward:   585.59
Total T:  235096 | Ep: 2850 | Steps:  197 | Reward:   567.57
Total T:  235306 | Ep: 2851 | Steps:  210 | Reward:   608.19
Total T:  235522 | Ep: 2852 | Steps:  216 | Reward:   631.53
Total T:  235722 | Ep: 2853 | Steps:  200 | Reward:   579.59
Total T:  235934 | Ep: 2854 | Steps:  212 | Reward:   606.80
Total T:  236175 | Ep: 2855 | Steps:  241 | Reward:   713.06
Total T:  236406 | Ep: 2856 | Steps:  231 | Reward:   688.42
Total T:  236620 | Ep: 2857 | Steps:  214 | Reward:   635.87
Total T:  236824 | Ep: 2858 | Steps:  204 | Reward:   599.70
Total T:  237034 | Ep: 2859 | Steps:  210 | Reward:   617.15
Total T:  237217 | Ep: 2860 | Steps:  183 | Reward:   507.61
Total T:  237438 | Ep: 2861 | Steps:  221 | Reward:   663.01
Total T:  237649 | Ep: 2862 | Steps:  211 | Reward:   631.24
Total T:  237844 | Ep: 2863 | Steps:  195 | Reward:   567.48
Total T:  238044 | Ep: 2864 | Steps:  200 | Reward:   596.50
Total T:  238244 | Ep: 2865 | Steps:  200 | Reward:   594.90
Total T:  238431 | Ep: 2866 | Steps:  187 | Reward:   571.68
Total T:  238621 | Ep: 2867 | Steps:  190 | Reward:   555.57
Total T:  238796 | Ep: 2868 | Steps:  175 | Reward:   498.07
Total T:  238973 | Ep: 2869 | Steps:  177 | Reward:   487.88
Total T:  239165 | Ep: 2870 | Steps:  192 | Reward:   562.77
Total T:  239342 | Ep: 2871 | Steps:  177 | Reward:   465.21
Total T:  239500 | Ep: 2872 | Steps:  158 | Reward:   388.57
Total T:  239661 | Ep: 2873 | Steps:  161 | Reward:   407.98
Total T:  239822 | Ep: 2874 | Steps:  161 | Reward:   407.41
Total T:  239980 | Ep: 2875 | Steps:  158 | Reward:   410.75
---------------------------------------
Evaluation over 10 episodes: 419.817
---------------------------------------
Total T:  240136 | Ep: 2876 | Steps:  156 | Reward:   415.70
Total T:  240295 | Ep: 2877 | Steps:  159 | Reward:   412.63
Total T:  240452 | Ep: 2878 | Steps:  157 | Reward:   420.17
Total T:  240639 | Ep: 2879 | Steps:  187 | Reward:   543.21
Total T:  240804 | Ep: 2880 | Steps:  165 | Reward:   434.79
Total T:  240974 | Ep: 2881 | Steps:  170 | Reward:   532.92
Total T:  241148 | Ep: 2882 | Steps:  174 | Reward:   541.98
Total T:  241341 | Ep: 2883 | Steps:  193 | Reward:   574.19
Total T:  241517 | Ep: 2884 | Steps:  176 | Reward:   549.59
Total T:  241686 | Ep: 2885 | Steps:  169 | Reward:   506.79
Total T:  241837 | Ep: 2886 | Steps:  151 | Reward:   409.86
Total T:  242015 | Ep: 2887 | Steps:  178 | Reward:   535.86
Total T:  242157 | Ep: 2888 | Steps:  142 | Reward:   409.32
Total T:  242321 | Ep: 2889 | Steps:  164 | Reward:   447.28
Total T:  242482 | Ep: 2890 | Steps:  161 | Reward:   455.65
Total T:  242634 | Ep: 2891 | Steps:  152 | Reward:   432.18
Total T:  242770 | Ep: 2892 | Steps:  136 | Reward:   381.49
Total T:  242943 | Ep: 2893 | Steps:  173 | Reward:   509.00
Total T:  243110 | Ep: 2894 | Steps:  167 | Reward:   498.69
Total T:  243258 | Ep: 2895 | Steps:  148 | Reward:   397.93
Total T:  243425 | Ep: 2896 | Steps:  167 | Reward:   501.98
Total T:  243568 | Ep: 2897 | Steps:  143 | Reward:   402.81
Total T:  243725 | Ep: 2898 | Steps:  157 | Reward:   449.44
Total T:  243877 | Ep: 2899 | Steps:  152 | Reward:   408.68
Total T:  244034 | Ep: 2900 | Steps:  157 | Reward:   430.37
Total T:  244194 | Ep: 2901 | Steps:  160 | Reward:   474.07
Total T:  244371 | Ep: 2902 | Steps:  177 | Reward:   512.87
Total T:  244544 | Ep: 2903 | Steps:  173 | Reward:   516.02
Total T:  244714 | Ep: 2904 | Steps:  170 | Reward:   483.29
Total T:  244871 | Ep: 2905 | Steps:  157 | Reward:   442.45
Total T:  245023 | Ep: 2906 | Steps:  152 | Reward:   424.73
Total T:  245171 | Ep: 2907 | Steps:  148 | Reward:   420.93
Total T:  245324 | Ep: 2908 | Steps:  153 | Reward:   442.76
Total T:  245467 | Ep: 2909 | Steps:  143 | Reward:   404.14
Total T:  245629 | Ep: 2910 | Steps:  162 | Reward:   468.80
Total T:  245807 | Ep: 2911 | Steps:  178 | Reward:   527.22
Total T:  245960 | Ep: 2912 | Steps:  153 | Reward:   443.20
Total T:  246123 | Ep: 2913 | Steps:  163 | Reward:   468.50
Total T:  246293 | Ep: 2914 | Steps:  170 | Reward:   495.08
Total T:  246468 | Ep: 2915 | Steps:  175 | Reward:   522.94
Total T:  246625 | Ep: 2916 | Steps:  157 | Reward:   455.40
Total T:  246782 | Ep: 2917 | Steps:  157 | Reward:   408.96
Total T:  246957 | Ep: 2918 | Steps:  175 | Reward:   498.15
Total T:  247138 | Ep: 2919 | Steps:  181 | Reward:   524.89
Total T:  247332 | Ep: 2920 | Steps:  194 | Reward:   582.97
Total T:  247514 | Ep: 2921 | Steps:  182 | Reward:   531.11
Total T:  247698 | Ep: 2922 | Steps:  184 | Reward:   531.34
Total T:  247881 | Ep: 2923 | Steps:  183 | Reward:   530.45
Total T:  248037 | Ep: 2924 | Steps:  156 | Reward:   415.09
Total T:  248213 | Ep: 2925 | Steps:  176 | Reward:   510.37
Total T:  248393 | Ep: 2926 | Steps:  180 | Reward:   526.31
Total T:  248568 | Ep: 2927 | Steps:  175 | Reward:   513.61
Total T:  248770 | Ep: 2928 | Steps:  202 | Reward:   618.91
Total T:  248965 | Ep: 2929 | Steps:  195 | Reward:   603.18
Total T:  249144 | Ep: 2930 | Steps:  179 | Reward:   521.24
Total T:  249316 | Ep: 2931 | Steps:  172 | Reward:   526.51
Total T:  249474 | Ep: 2932 | Steps:  158 | Reward:   457.11
Total T:  249638 | Ep: 2933 | Steps:  164 | Reward:   487.82
Total T:  249826 | Ep: 2934 | Steps:  188 | Reward:   556.47
---------------------------------------
Evaluation over 10 episodes: 574.721
---------------------------------------
Total T:  250012 | Ep: 2935 | Steps:  186 | Reward:   559.59
Total T:  250192 | Ep: 2936 | Steps:  180 | Reward:   536.96
Total T:  250364 | Ep: 2937 | Steps:  172 | Reward:   517.58
Total T:  250394 | Ep: 2938 | Steps:   30 | Reward:    43.45
Total T:  250424 | Ep: 2939 | Steps:   30 | Reward:    43.12
Total T:  250452 | Ep: 2940 | Steps:   28 | Reward:    39.41
Total T:  250645 | Ep: 2941 | Steps:  193 | Reward:   595.83
Total T:  250680 | Ep: 2942 | Steps:   35 | Reward:    54.16
Total T:  250712 | Ep: 2943 | Steps:   32 | Reward:    47.84
Total T:  250899 | Ep: 2944 | Steps:  187 | Reward:   573.78
Total T:  251087 | Ep: 2945 | Steps:  188 | Reward:   575.54
Total T:  251279 | Ep: 2946 | Steps:  192 | Reward:   600.84
Total T:  251463 | Ep: 2947 | Steps:  184 | Reward:   562.43
Total T:  251639 | Ep: 2948 | Steps:  176 | Reward:   532.30
Total T:  251824 | Ep: 2949 | Steps:  185 | Reward:   555.79
Total T:  252012 | Ep: 2950 | Steps:  188 | Reward:   573.43
Total T:  252204 | Ep: 2951 | Steps:  192 | Reward:   589.99
Total T:  252394 | Ep: 2952 | Steps:  190 | Reward:   578.56
Total T:  252579 | Ep: 2953 | Steps:  185 | Reward:   575.37
Total T:  252745 | Ep: 2954 | Steps:  166 | Reward:   476.61
Total T:  252928 | Ep: 2955 | Steps:  183 | Reward:   562.41
Total T:  253113 | Ep: 2956 | Steps:  185 | Reward:   557.60
Total T:  253291 | Ep: 2957 | Steps:  178 | Reward:   542.53
Total T:  253470 | Ep: 2958 | Steps:  179 | Reward:   543.98
Total T:  253663 | Ep: 2959 | Steps:  193 | Reward:   591.57
Total T:  253844 | Ep: 2960 | Steps:  181 | Reward:   545.47
Total T:  254034 | Ep: 2961 | Steps:  190 | Reward:   584.63
Total T:  254217 | Ep: 2962 | Steps:  183 | Reward:   550.95
Total T:  254399 | Ep: 2963 | Steps:  182 | Reward:   550.47
Total T:  254575 | Ep: 2964 | Steps:  176 | Reward:   525.25
Total T:  254748 | Ep: 2965 | Steps:  173 | Reward:   512.25
Total T:  254936 | Ep: 2966 | Steps:  188 | Reward:   577.95
Total T:  255103 | Ep: 2967 | Steps:  167 | Reward:   466.65
Total T:  255273 | Ep: 2968 | Steps:  170 | Reward:   485.12
Total T:  255439 | Ep: 2969 | Steps:  166 | Reward:   469.50
Total T:  255617 | Ep: 2970 | Steps:  178 | Reward:   538.02
Total T:  255801 | Ep: 2971 | Steps:  184 | Reward:   548.77
Total T:  255986 | Ep: 2972 | Steps:  185 | Reward:   558.50
Total T:  256175 | Ep: 2973 | Steps:  189 | Reward:   575.24
Total T:  256355 | Ep: 2974 | Steps:  180 | Reward:   532.29
Total T:  256538 | Ep: 2975 | Steps:  183 | Reward:   548.42
Total T:  256721 | Ep: 2976 | Steps:  183 | Reward:   548.57
Total T:  256911 | Ep: 2977 | Steps:  190 | Reward:   578.70
Total T:  257099 | Ep: 2978 | Steps:  188 | Reward:   568.16
Total T:  257287 | Ep: 2979 | Steps:  188 | Reward:   571.66
Total T:  257464 | Ep: 2980 | Steps:  177 | Reward:   529.71
Total T:  257651 | Ep: 2981 | Steps:  187 | Reward:   568.67
Total T:  257820 | Ep: 2982 | Steps:  169 | Reward:   489.28
Total T:  257997 | Ep: 2983 | Steps:  177 | Reward:   526.67
Total T:  258183 | Ep: 2984 | Steps:  186 | Reward:   562.94
Total T:  258366 | Ep: 2985 | Steps:  183 | Reward:   549.08
Total T:  258548 | Ep: 2986 | Steps:  182 | Reward:   543.02
Total T:  258733 | Ep: 2987 | Steps:  185 | Reward:   558.99
Total T:  258920 | Ep: 2988 | Steps:  187 | Reward:   564.87
Total T:  259099 | Ep: 2989 | Steps:  179 | Reward:   530.85
Total T:  259271 | Ep: 2990 | Steps:  172 | Reward:   506.60
Total T:  259453 | Ep: 2991 | Steps:  182 | Reward:   547.05
Total T:  259637 | Ep: 2992 | Steps:  184 | Reward:   553.26
Total T:  259806 | Ep: 2993 | Steps:  169 | Reward:   481.75
Total T:  259980 | Ep: 2994 | Steps:  174 | Reward:   512.74
---------------------------------------
Evaluation over 10 episodes: 548.427
---------------------------------------
Total T:  260162 | Ep: 2995 | Steps:  182 | Reward:   537.73
Total T:  260342 | Ep: 2996 | Steps:  180 | Reward:   540.02
Total T:  260523 | Ep: 2997 | Steps:  181 | Reward:   544.93
Total T:  260707 | Ep: 2998 | Steps:  184 | Reward:   556.29
Total T:  260901 | Ep: 2999 | Steps:  194 | Reward:   591.58
Total T:  261081 | Ep: 3000 | Steps:  180 | Reward:   534.53
Total T:  261273 | Ep: 3001 | Steps:  192 | Reward:   579.49
Total T:  261450 | Ep: 3002 | Steps:  177 | Reward:   526.68
Total T:  261627 | Ep: 3003 | Steps:  177 | Reward:   528.95
Total T:  261807 | Ep: 3004 | Steps:  180 | Reward:   537.02
Total T:  261985 | Ep: 3005 | Steps:  178 | Reward:   525.52
Total T:  262161 | Ep: 3006 | Steps:  176 | Reward:   526.24
Total T:  262352 | Ep: 3007 | Steps:  191 | Reward:   578.89
Total T:  262540 | Ep: 3008 | Steps:  188 | Reward:   564.93
Total T:  262718 | Ep: 3009 | Steps:  178 | Reward:   529.71
Total T:  262899 | Ep: 3010 | Steps:  181 | Reward:   542.22
Total T:  263080 | Ep: 3011 | Steps:  181 | Reward:   541.53
Total T:  263265 | Ep: 3012 | Steps:  185 | Reward:   559.32
Total T:  263442 | Ep: 3013 | Steps:  177 | Reward:   525.12
Total T:  263620 | Ep: 3014 | Steps:  178 | Reward:   534.39
Total T:  263801 | Ep: 3015 | Steps:  181 | Reward:   546.71
Total T:  263985 | Ep: 3016 | Steps:  184 | Reward:   558.28
Total T:  264177 | Ep: 3017 | Steps:  192 | Reward:   590.94
Total T:  264354 | Ep: 3018 | Steps:  177 | Reward:   533.77
Total T:  264531 | Ep: 3019 | Steps:  177 | Reward:   532.37
Total T:  264718 | Ep: 3020 | Steps:  187 | Reward:   573.64
Total T:  264903 | Ep: 3021 | Steps:  185 | Reward:   566.44
Total T:  265081 | Ep: 3022 | Steps:  178 | Reward:   543.25
Total T:  265259 | Ep: 3023 | Steps:  178 | Reward:   540.21
Total T:  265437 | Ep: 3024 | Steps:  178 | Reward:   534.94
Total T:  265622 | Ep: 3025 | Steps:  185 | Reward:   561.81
Total T:  265806 | Ep: 3026 | Steps:  184 | Reward:   558.01
Total T:  265995 | Ep: 3027 | Steps:  189 | Reward:   577.14
Total T:  266176 | Ep: 3028 | Steps:  181 | Reward:   541.24
Total T:  266371 | Ep: 3029 | Steps:  195 | Reward:   603.58
Total T:  266542 | Ep: 3030 | Steps:  171 | Reward:   516.54
Total T:  266717 | Ep: 3031 | Steps:  175 | Reward:   528.67
Total T:  266908 | Ep: 3032 | Steps:  191 | Reward:   582.72
Total T:  267092 | Ep: 3033 | Steps:  184 | Reward:   553.90
Total T:  267289 | Ep: 3034 | Steps:  197 | Reward:   600.31
Total T:  267480 | Ep: 3035 | Steps:  191 | Reward:   580.36
Total T:  267648 | Ep: 3036 | Steps:  168 | Reward:   493.73
Total T:  267841 | Ep: 3037 | Steps:  193 | Reward:   595.06
Total T:  268018 | Ep: 3038 | Steps:  177 | Reward:   542.37
Total T:  268203 | Ep: 3039 | Steps:  185 | Reward:   564.48
Total T:  268374 | Ep: 3040 | Steps:  171 | Reward:   514.73
Total T:  268563 | Ep: 3041 | Steps:  189 | Reward:   574.02
Total T:  268747 | Ep: 3042 | Steps:  184 | Reward:   547.85
Total T:  268941 | Ep: 3043 | Steps:  194 | Reward:   586.72
Total T:  269133 | Ep: 3044 | Steps:  192 | Reward:   589.69
Total T:  269341 | Ep: 3045 | Steps:  208 | Reward:   646.60
Total T:  269535 | Ep: 3046 | Steps:  194 | Reward:   580.25
Total T:  269717 | Ep: 3047 | Steps:  182 | Reward:   549.63
Total T:  269926 | Ep: 3048 | Steps:  209 | Reward:   652.81
---------------------------------------
Evaluation over 10 episodes: 613.401
---------------------------------------
Total T:  270116 | Ep: 3049 | Steps:  190 | Reward:   574.98
Total T:  270301 | Ep: 3050 | Steps:  185 | Reward:   557.01
Total T:  270483 | Ep: 3051 | Steps:  182 | Reward:   548.26
Total T:  270671 | Ep: 3052 | Steps:  188 | Reward:   572.01
Total T:  270854 | Ep: 3053 | Steps:  183 | Reward:   550.27
Total T:  271042 | Ep: 3054 | Steps:  188 | Reward:   566.09
Total T:  271232 | Ep: 3055 | Steps:  190 | Reward:   578.17
Total T:  271431 | Ep: 3056 | Steps:  199 | Reward:   610.32
Total T:  271631 | Ep: 3057 | Steps:  200 | Reward:   617.25
Total T:  271838 | Ep: 3058 | Steps:  207 | Reward:   635.72
Total T:  272044 | Ep: 3059 | Steps:  206 | Reward:   638.24
Total T:  272251 | Ep: 3060 | Steps:  207 | Reward:   637.07
Total T:  272456 | Ep: 3061 | Steps:  205 | Reward:   633.28
Total T:  272667 | Ep: 3062 | Steps:  211 | Reward:   653.99
Total T:  272870 | Ep: 3063 | Steps:  203 | Reward:   635.16
Total T:  273073 | Ep: 3064 | Steps:  203 | Reward:   626.90
Total T:  273286 | Ep: 3065 | Steps:  213 | Reward:   658.75
Total T:  273499 | Ep: 3066 | Steps:  213 | Reward:   661.38
Total T:  273710 | Ep: 3067 | Steps:  211 | Reward:   649.83
Total T:  273920 | Ep: 3068 | Steps:  210 | Reward:   648.10
Total T:  274126 | Ep: 3069 | Steps:  206 | Reward:   626.21
Total T:  274343 | Ep: 3070 | Steps:  217 | Reward:   658.10
Total T:  274557 | Ep: 3071 | Steps:  214 | Reward:   647.69
Total T:  274746 | Ep: 3072 | Steps:  189 | Reward:   557.27
Total T:  274963 | Ep: 3073 | Steps:  217 | Reward:   663.97
Total T:  275149 | Ep: 3074 | Steps:  186 | Reward:   536.27
Total T:  275361 | Ep: 3075 | Steps:  212 | Reward:   653.65
Total T:  275590 | Ep: 3076 | Steps:  229 | Reward:   697.44
Total T:  275809 | Ep: 3077 | Steps:  219 | Reward:   684.91
Total T:  276029 | Ep: 3078 | Steps:  220 | Reward:   675.55
Total T:  276241 | Ep: 3079 | Steps:  212 | Reward:   654.86
Total T:  276466 | Ep: 3080 | Steps:  225 | Reward:   686.25
Total T:  276667 | Ep: 3081 | Steps:  201 | Reward:   603.66
Total T:  276867 | Ep: 3082 | Steps:  200 | Reward:   600.33
Total T:  277076 | Ep: 3083 | Steps:  209 | Reward:   626.66
Total T:  277282 | Ep: 3084 | Steps:  206 | Reward:   620.56
Total T:  277495 | Ep: 3085 | Steps:  213 | Reward:   654.88
Total T:  277701 | Ep: 3086 | Steps:  206 | Reward:   631.37
Total T:  277909 | Ep: 3087 | Steps:  208 | Reward:   642.03
Total T:  278124 | Ep: 3088 | Steps:  215 | Reward:   664.15
Total T:  278333 | Ep: 3089 | Steps:  209 | Reward:   646.18
Total T:  278542 | Ep: 3090 | Steps:  209 | Reward:   642.51
Total T:  278731 | Ep: 3091 | Steps:  189 | Reward:   552.64
Total T:  278934 | Ep: 3092 | Steps:  203 | Reward:   630.29
Total T:  279137 | Ep: 3093 | Steps:  203 | Reward:   629.51
Total T:  279338 | Ep: 3094 | Steps:  201 | Reward:   614.46
Total T:  279553 | Ep: 3095 | Steps:  215 | Reward:   645.48
Total T:  279757 | Ep: 3096 | Steps:  204 | Reward:   631.81
Total T:  279963 | Ep: 3097 | Steps:  206 | Reward:   638.75
---------------------------------------
Evaluation over 10 episodes: 642.011
---------------------------------------
Total T:  280168 | Ep: 3098 | Steps:  205 | Reward:   634.40
Total T:  280365 | Ep: 3099 | Steps:  197 | Reward:   604.11
Total T:  280566 | Ep: 3100 | Steps:  201 | Reward:   625.12
Total T:  280769 | Ep: 3101 | Steps:  203 | Reward:   622.63
Total T:  280974 | Ep: 3102 | Steps:  205 | Reward:   635.02
Total T:  281162 | Ep: 3103 | Steps:  188 | Reward:   566.78
Total T:  281372 | Ep: 3104 | Steps:  210 | Reward:   651.35
Total T:  281575 | Ep: 3105 | Steps:  203 | Reward:   630.63
Total T:  281781 | Ep: 3106 | Steps:  206 | Reward:   635.66
Total T:  281985 | Ep: 3107 | Steps:  204 | Reward:   633.99
Total T:  282192 | Ep: 3108 | Steps:  207 | Reward:   642.20
Total T:  282402 | Ep: 3109 | Steps:  210 | Reward:   652.43
Total T:  282587 | Ep: 3110 | Steps:  185 | Reward:   574.11
Total T:  282795 | Ep: 3111 | Steps:  208 | Reward:   649.14
Total T:  283003 | Ep: 3112 | Steps:  208 | Reward:   644.29
Total T:  283209 | Ep: 3113 | Steps:  206 | Reward:   635.03
Total T:  283399 | Ep: 3114 | Steps:  190 | Reward:   575.91
Total T:  283565 | Ep: 3115 | Steps:  166 | Reward:   498.39
Total T:  283702 | Ep: 3116 | Steps:  137 | Reward:   387.23
Total T:  283889 | Ep: 3117 | Steps:  187 | Reward:   569.23
Total T:  284073 | Ep: 3118 | Steps:  184 | Reward:   562.32
Total T:  284281 | Ep: 3119 | Steps:  208 | Reward:   638.11
Total T:  284464 | Ep: 3120 | Steps:  183 | Reward:   559.00
Total T:  284649 | Ep: 3121 | Steps:  185 | Reward:   566.90
Total T:  284840 | Ep: 3122 | Steps:  191 | Reward:   588.23
Total T:  285028 | Ep: 3123 | Steps:  188 | Reward:   572.05
Total T:  285224 | Ep: 3124 | Steps:  196 | Reward:   601.37
Total T:  285428 | Ep: 3125 | Steps:  204 | Reward:   631.64
Total T:  285631 | Ep: 3126 | Steps:  203 | Reward:   631.19
Total T:  285835 | Ep: 3127 | Steps:  204 | Reward:   632.72
Total T:  286031 | Ep: 3128 | Steps:  196 | Reward:   600.60
Total T:  286244 | Ep: 3129 | Steps:  213 | Reward:   661.03
Total T:  286444 | Ep: 3130 | Steps:  200 | Reward:   612.76
Total T:  286650 | Ep: 3131 | Steps:  206 | Reward:   643.48
Total T:  286852 | Ep: 3132 | Steps:  202 | Reward:   613.99
Total T:  287052 | Ep: 3133 | Steps:  200 | Reward:   617.77
Total T:  287202 | Ep: 3134 | Steps:  150 | Reward:   453.31
Total T:  287394 | Ep: 3135 | Steps:  192 | Reward:   588.03
Total T:  287611 | Ep: 3136 | Steps:  217 | Reward:   686.39
Total T:  287818 | Ep: 3137 | Steps:  207 | Reward:   648.58
Total T:  288025 | Ep: 3138 | Steps:  207 | Reward:   640.32
Total T:  288220 | Ep: 3139 | Steps:  195 | Reward:   599.58
Total T:  288426 | Ep: 3140 | Steps:  206 | Reward:   642.23
Total T:  288626 | Ep: 3141 | Steps:  200 | Reward:   616.68
Total T:  288813 | Ep: 3142 | Steps:  187 | Reward:   581.28
Total T:  288990 | Ep: 3143 | Steps:  177 | Reward:   540.21
Total T:  289195 | Ep: 3144 | Steps:  205 | Reward:   637.78
Total T:  289399 | Ep: 3145 | Steps:  204 | Reward:   638.35
Total T:  289580 | Ep: 3146 | Steps:  181 | Reward:   555.40
Total T:  289771 | Ep: 3147 | Steps:  191 | Reward:   588.10
Total T:  289990 | Ep: 3148 | Steps:  219 | Reward:   687.90
---------------------------------------
Evaluation over 10 episodes: 642.913
---------------------------------------
Total T:  290193 | Ep: 3149 | Steps:  203 | Reward:   628.48
Total T:  290401 | Ep: 3150 | Steps:  208 | Reward:   647.62
Total T:  290538 | Ep: 3151 | Steps:  137 | Reward:   399.88
Total T:  290726 | Ep: 3152 | Steps:  188 | Reward:   581.90
Total T:  290927 | Ep: 3153 | Steps:  201 | Reward:   620.49
Total T:  291130 | Ep: 3154 | Steps:  203 | Reward:   633.02
Total T:  291296 | Ep: 3155 | Steps:  166 | Reward:   511.05
Total T:  291495 | Ep: 3156 | Steps:  199 | Reward:   631.97
Total T:  291684 | Ep: 3157 | Steps:  189 | Reward:   581.33
Total T:  291895 | Ep: 3158 | Steps:  211 | Reward:   660.89
Total T:  292107 | Ep: 3159 | Steps:  212 | Reward:   665.22
Total T:  292314 | Ep: 3160 | Steps:  207 | Reward:   644.79
Total T:  292524 | Ep: 3161 | Steps:  210 | Reward:   655.99
Total T:  292758 | Ep: 3162 | Steps:  234 | Reward:   752.72
Total T:  292957 | Ep: 3163 | Steps:  199 | Reward:   620.05
Total T:  293161 | Ep: 3164 | Steps:  204 | Reward:   638.82
Total T:  293323 | Ep: 3165 | Steps:  162 | Reward:   483.43
Total T:  293507 | Ep: 3166 | Steps:  184 | Reward:   562.26
Total T:  293706 | Ep: 3167 | Steps:  199 | Reward:   619.87
Total T:  293916 | Ep: 3168 | Steps:  210 | Reward:   656.53
Total T:  294138 | Ep: 3169 | Steps:  222 | Reward:   687.80
Total T:  294347 | Ep: 3170 | Steps:  209 | Reward:   649.09
Total T:  294490 | Ep: 3171 | Steps:  143 | Reward:   426.51
Total T:  294651 | Ep: 3172 | Steps:  161 | Reward:   475.31
Total T:  294806 | Ep: 3173 | Steps:  155 | Reward:   486.84
Total T:  295031 | Ep: 3174 | Steps:  225 | Reward:   699.53
Total T:  295263 | Ep: 3175 | Steps:  232 | Reward:   754.97
Total T:  295413 | Ep: 3176 | Steps:  150 | Reward:   443.75
Total T:  295557 | Ep: 3177 | Steps:  144 | Reward:   441.51
Total T:  295716 | Ep: 3178 | Steps:  159 | Reward:   474.94
Total T:  295959 | Ep: 3179 | Steps:  243 | Reward:   773.37
Total T:  296129 | Ep: 3180 | Steps:  170 | Reward:   520.58
Total T:  296282 | Ep: 3181 | Steps:  153 | Reward:   451.90
Total T:  296518 | Ep: 3182 | Steps:  236 | Reward:   746.84
Total T:  296673 | Ep: 3183 | Steps:  155 | Reward:   489.89
Total T:  296832 | Ep: 3184 | Steps:  159 | Reward:   506.26
Total T:  297014 | Ep: 3185 | Steps:  182 | Reward:   571.34
Total T:  297200 | Ep: 3186 | Steps:  186 | Reward:   577.62
Total T:  297367 | Ep: 3187 | Steps:  167 | Reward:   514.11
Total T:  297555 | Ep: 3188 | Steps:  188 | Reward:   583.24
Total T:  297770 | Ep: 3189 | Steps:  215 | Reward:   671.37
Total T:  297937 | Ep: 3190 | Steps:  167 | Reward:   508.78
Total T:  298174 | Ep: 3191 | Steps:  237 | Reward:   760.45
Total T:  298346 | Ep: 3192 | Steps:  172 | Reward:   534.86
Total T:  298554 | Ep: 3193 | Steps:  208 | Reward:   648.05
Total T:  298707 | Ep: 3194 | Steps:  153 | Reward:   442.65
Total T:  298936 | Ep: 3195 | Steps:  229 | Reward:   693.04
Total T:  299155 | Ep: 3196 | Steps:  219 | Reward:   682.39
Total T:  299397 | Ep: 3197 | Steps:  242 | Reward:   731.83
Total T:  299558 | Ep: 3198 | Steps:  161 | Reward:   479.61
Total T:  299778 | Ep: 3199 | Steps:  220 | Reward:   678.94
---------------------------------------
Evaluation over 10 episodes: 498.125
---------------------------------------
Total T:  300015 | Ep: 3200 | Steps:  237 | Reward:   715.95
Total T:  300255 | Ep: 3201 | Steps:  240 | Reward:   760.22
Total T:  300422 | Ep: 3202 | Steps:  167 | Reward:   511.43
Total T:  300623 | Ep: 3203 | Steps:  201 | Reward:   630.66
Total T:  300836 | Ep: 3204 | Steps:  213 | Reward:   667.70
Total T:  301055 | Ep: 3205 | Steps:  219 | Reward:   684.71
Total T:  301291 | Ep: 3206 | Steps:  236 | Reward:   728.49
Total T:  301460 | Ep: 3207 | Steps:  169 | Reward:   512.52
Total T:  301656 | Ep: 3208 | Steps:  196 | Reward:   614.41
Total T:  301876 | Ep: 3209 | Steps:  220 | Reward:   688.79
Total T:  302098 | Ep: 3210 | Steps:  222 | Reward:   703.92
Total T:  302270 | Ep: 3211 | Steps:  172 | Reward:   524.89
Total T:  302476 | Ep: 3212 | Steps:  206 | Reward:   645.63
Total T:  302651 | Ep: 3213 | Steps:  175 | Reward:   538.10
Total T:  302882 | Ep: 3214 | Steps:  231 | Reward:   740.74
Total T:  303100 | Ep: 3215 | Steps:  218 | Reward:   675.20
Total T:  303330 | Ep: 3216 | Steps:  230 | Reward:   732.12
Total T:  303552 | Ep: 3217 | Steps:  222 | Reward:   685.75
Total T:  303778 | Ep: 3218 | Steps:  226 | Reward:   723.60
Total T:  304007 | Ep: 3219 | Steps:  229 | Reward:   710.94
Total T:  304229 | Ep: 3220 | Steps:  222 | Reward:   695.57
Total T:  304427 | Ep: 3221 | Steps:  198 | Reward:   614.20
Total T:  304659 | Ep: 3222 | Steps:  232 | Reward:   722.88
Total T:  304880 | Ep: 3223 | Steps:  221 | Reward:   683.00
Total T:  305120 | Ep: 3224 | Steps:  240 | Reward:   729.10
Total T:  305336 | Ep: 3225 | Steps:  216 | Reward:   676.05
Total T:  305567 | Ep: 3226 | Steps:  231 | Reward:   747.52
Total T:  305803 | Ep: 3227 | Steps:  236 | Reward:   710.92
Total T:  306035 | Ep: 3228 | Steps:  232 | Reward:   738.51
Total T:  306236 | Ep: 3229 | Steps:  201 | Reward:   621.36
Total T:  306455 | Ep: 3230 | Steps:  219 | Reward:   696.29
Total T:  306638 | Ep: 3231 | Steps:  183 | Reward:   569.65
Total T:  306871 | Ep: 3232 | Steps:  233 | Reward:   705.63
Total T:  307042 | Ep: 3233 | Steps:  171 | Reward:   524.74
Total T:  307238 | Ep: 3234 | Steps:  196 | Reward:   616.03
Total T:  307407 | Ep: 3235 | Steps:  169 | Reward:   516.45
Total T:  307638 | Ep: 3236 | Steps:  231 | Reward:   698.54
Total T:  307872 | Ep: 3237 | Steps:  234 | Reward:   693.09
Total T:  308099 | Ep: 3238 | Steps:  227 | Reward:   722.15
Total T:  308329 | Ep: 3239 | Steps:  230 | Reward:   743.44
Total T:  308566 | Ep: 3240 | Steps:  237 | Reward:   768.19
Total T:  308798 | Ep: 3241 | Steps:  232 | Reward:   701.53
Total T:  309007 | Ep: 3242 | Steps:  209 | Reward:   594.06
Total T:  309219 | Ep: 3243 | Steps:  212 | Reward:   647.94
Total T:  309443 | Ep: 3244 | Steps:  224 | Reward:   724.94
Total T:  309665 | Ep: 3245 | Steps:  222 | Reward:   701.44
Total T:  309892 | Ep: 3246 | Steps:  227 | Reward:   738.66
---------------------------------------
Evaluation over 10 episodes: 681.132
---------------------------------------
Total T:  310115 | Ep: 3247 | Steps:  223 | Reward:   707.97
Total T:  310331 | Ep: 3248 | Steps:  216 | Reward:   680.81
Total T:  310561 | Ep: 3249 | Steps:  230 | Reward:   729.59
Total T:  310784 | Ep: 3250 | Steps:  223 | Reward:   687.76
Total T:  310999 | Ep: 3251 | Steps:  215 | Reward:   659.53
Total T:  311230 | Ep: 3252 | Steps:  231 | Reward:   709.10
Total T:  311443 | Ep: 3253 | Steps:  213 | Reward:   668.94
Total T:  311700 | Ep: 3254 | Steps:  257 | Reward:   744.19
Total T:  311930 | Ep: 3255 | Steps:  230 | Reward:   740.32
Total T:  312141 | Ep: 3256 | Steps:  211 | Reward:   655.73
Total T:  312371 | Ep: 3257 | Steps:  230 | Reward:   738.15
Total T:  312589 | Ep: 3258 | Steps:  218 | Reward:   663.99
Total T:  312808 | Ep: 3259 | Steps:  219 | Reward:   661.57
Total T:  312998 | Ep: 3260 | Steps:  190 | Reward:   560.28
Total T:  313229 | Ep: 3261 | Steps:  231 | Reward:   738.95
Total T:  313446 | Ep: 3262 | Steps:  217 | Reward:   670.20
Total T:  313652 | Ep: 3263 | Steps:  206 | Reward:   641.14
Total T:  313866 | Ep: 3264 | Steps:  214 | Reward:   672.63
Total T:  314075 | Ep: 3265 | Steps:  209 | Reward:   647.03
Total T:  314291 | Ep: 3266 | Steps:  216 | Reward:   676.22
Total T:  314522 | Ep: 3267 | Steps:  231 | Reward:   746.19
Total T:  314756 | Ep: 3268 | Steps:  234 | Reward:   757.43
Total T:  314973 | Ep: 3269 | Steps:  217 | Reward:   683.19
Total T:  315183 | Ep: 3270 | Steps:  210 | Reward:   660.03
Total T:  315335 | Ep: 3271 | Steps:  152 | Reward:   468.49
Total T:  315541 | Ep: 3272 | Steps:  206 | Reward:   605.31
Total T:  315648 | Ep: 3273 | Steps:  107 | Reward:   276.52
Total T:  315853 | Ep: 3274 | Steps:  205 | Reward:   628.89
Total T:  315999 | Ep: 3275 | Steps:  146 | Reward:   457.18
Total T:  316142 | Ep: 3276 | Steps:  143 | Reward:   434.02
Total T:  316302 | Ep: 3277 | Steps:  160 | Reward:   470.93
Total T:  316488 | Ep: 3278 | Steps:  186 | Reward:   573.77
Total T:  316694 | Ep: 3279 | Steps:  206 | Reward:   642.65
Total T:  316905 | Ep: 3280 | Steps:  211 | Reward:   661.13
Total T:  317103 | Ep: 3281 | Steps:  198 | Reward:   606.58
Total T:  317334 | Ep: 3282 | Steps:  231 | Reward:   740.14
Total T:  317515 | Ep: 3283 | Steps:  181 | Reward:   557.91
Total T:  317746 | Ep: 3284 | Steps:  231 | Reward:   734.74
Total T:  317953 | Ep: 3285 | Steps:  207 | Reward:   639.44
Total T:  318140 | Ep: 3286 | Steps:  187 | Reward:   577.87
Total T:  318367 | Ep: 3287 | Steps:  227 | Reward:   722.99
Total T:  318562 | Ep: 3288 | Steps:  195 | Reward:   598.12
Total T:  318790 | Ep: 3289 | Steps:  228 | Reward:   727.91
Total T:  318985 | Ep: 3290 | Steps:  195 | Reward:   611.10
Total T:  319173 | Ep: 3291 | Steps:  188 | Reward:   578.65
Total T:  319371 | Ep: 3292 | Steps:  198 | Reward:   608.34
Total T:  319554 | Ep: 3293 | Steps:  183 | Reward:   557.74
Total T:  319761 | Ep: 3294 | Steps:  207 | Reward:   648.12
Total T:  319946 | Ep: 3295 | Steps:  185 | Reward:   565.95
---------------------------------------
Evaluation over 10 episodes: 691.718
---------------------------------------
Total T:  320154 | Ep: 3296 | Steps:  208 | Reward:   642.92
Total T:  320337 | Ep: 3297 | Steps:  183 | Reward:   563.36
Total T:  320513 | Ep: 3298 | Steps:  176 | Reward:   530.62
Total T:  320710 | Ep: 3299 | Steps:  197 | Reward:   617.39
Total T:  320901 | Ep: 3300 | Steps:  191 | Reward:   586.52
Total T:  321084 | Ep: 3301 | Steps:  183 | Reward:   556.71
Total T:  321287 | Ep: 3302 | Steps:  203 | Reward:   632.41
Total T:  321503 | Ep: 3303 | Steps:  216 | Reward:   671.52
Total T:  321706 | Ep: 3304 | Steps:  203 | Reward:   634.67
Total T:  321953 | Ep: 3305 | Steps:  247 | Reward:   790.01
Total T:  322183 | Ep: 3306 | Steps:  230 | Reward:   740.44
Total T:  322349 | Ep: 3307 | Steps:  166 | Reward:   501.61
Total T:  322554 | Ep: 3308 | Steps:  205 | Reward:   641.50
Total T:  322737 | Ep: 3309 | Steps:  183 | Reward:   562.79
Total T:  322952 | Ep: 3310 | Steps:  215 | Reward:   669.92
Total T:  323180 | Ep: 3311 | Steps:  228 | Reward:   729.07
Total T:  323385 | Ep: 3312 | Steps:  205 | Reward:   644.36
Total T:  323570 | Ep: 3313 | Steps:  185 | Reward:   569.81
Total T:  323742 | Ep: 3314 | Steps:  172 | Reward:   519.33
Total T:  323943 | Ep: 3315 | Steps:  201 | Reward:   631.94
Total T:  324134 | Ep: 3316 | Steps:  191 | Reward:   589.12
Total T:  324374 | Ep: 3317 | Steps:  240 | Reward:   769.04
Total T:  324590 | Ep: 3318 | Steps:  216 | Reward:   674.66
Total T:  324798 | Ep: 3319 | Steps:  208 | Reward:   644.28
Total T:  324995 | Ep: 3320 | Steps:  197 | Reward:   617.40
Total T:  325238 | Ep: 3321 | Steps:  243 | Reward:   758.39
Total T:  325439 | Ep: 3322 | Steps:  201 | Reward:   577.65
Total T:  325670 | Ep: 3323 | Steps:  231 | Reward:   704.63
Total T:  325919 | Ep: 3324 | Steps:  249 | Reward:   790.40
Total T:  326141 | Ep: 3325 | Steps:  222 | Reward:   709.07
Total T:  326370 | Ep: 3326 | Steps:  229 | Reward:   742.15
Total T:  326562 | Ep: 3327 | Steps:  192 | Reward:   537.58
Total T:  326787 | Ep: 3328 | Steps:  225 | Reward:   722.28
Total T:  327041 | Ep: 3329 | Steps:  254 | Reward:   795.41
Total T:  327279 | Ep: 3330 | Steps:  238 | Reward:   764.91
Total T:  327493 | Ep: 3331 | Steps:  214 | Reward:   627.25
Total T:  327749 | Ep: 3332 | Steps:  256 | Reward:   788.46
Total T:  327970 | Ep: 3333 | Steps:  221 | Reward:   673.47
Total T:  328201 | Ep: 3334 | Steps:  231 | Reward:   704.55
Total T:  328441 | Ep: 3335 | Steps:  240 | Reward:   743.62
Total T:  328710 | Ep: 3336 | Steps:  269 | Reward:   845.60
Total T:  328906 | Ep: 3337 | Steps:  196 | Reward:   572.35
Total T:  329153 | Ep: 3338 | Steps:  247 | Reward:   787.45
Total T:  329401 | Ep: 3339 | Steps:  248 | Reward:   761.70
Total T:  329623 | Ep: 3340 | Steps:  222 | Reward:   680.95
Total T:  329880 | Ep: 3341 | Steps:  257 | Reward:   798.65
---------------------------------------
Evaluation over 10 episodes: 737.670
---------------------------------------
Total T:  330105 | Ep: 3342 | Steps:  225 | Reward:   694.17
Total T:  330323 | Ep: 3343 | Steps:  218 | Reward:   657.45
Total T:  330572 | Ep: 3344 | Steps:  249 | Reward:   800.15
Total T:  330792 | Ep: 3345 | Steps:  220 | Reward:   669.44
Total T:  331046 | Ep: 3346 | Steps:  254 | Reward:   791.72
Total T:  331267 | Ep: 3347 | Steps:  221 | Reward:   669.35
Total T:  331478 | Ep: 3348 | Steps:  211 | Reward:   637.57
Total T:  331692 | Ep: 3349 | Steps:  214 | Reward:   625.38
Total T:  331947 | Ep: 3350 | Steps:  255 | Reward:   798.57
Total T:  332197 | Ep: 3351 | Steps:  250 | Reward:   782.15
Total T:  332451 | Ep: 3352 | Steps:  254 | Reward:   819.83
Total T:  332669 | Ep: 3353 | Steps:  218 | Reward:   667.71
Total T:  332912 | Ep: 3354 | Steps:  243 | Reward:   757.60
Total T:  333149 | Ep: 3355 | Steps:  237 | Reward:   764.78
Total T:  333370 | Ep: 3356 | Steps:  221 | Reward:   639.53
Total T:  333606 | Ep: 3357 | Steps:  236 | Reward:   748.60
Total T:  333812 | Ep: 3358 | Steps:  206 | Reward:   612.58
Total T:  334043 | Ep: 3359 | Steps:  231 | Reward:   751.12
Total T:  334291 | Ep: 3360 | Steps:  248 | Reward:   808.22
Total T:  334519 | Ep: 3361 | Steps:  228 | Reward:   724.94
Total T:  334741 | Ep: 3362 | Steps:  222 | Reward:   699.52
Total T:  334963 | Ep: 3363 | Steps:  222 | Reward:   639.99
Total T:  335198 | Ep: 3364 | Steps:  235 | Reward:   743.39
Total T:  335430 | Ep: 3365 | Steps:  232 | Reward:   708.11
Total T:  335641 | Ep: 3366 | Steps:  211 | Reward:   621.60
Total T:  335896 | Ep: 3367 | Steps:  255 | Reward:   834.32
Total T:  336129 | Ep: 3368 | Steps:  233 | Reward:   721.10
Total T:  336380 | Ep: 3369 | Steps:  251 | Reward:   817.18
Total T:  336609 | Ep: 3370 | Steps:  229 | Reward:   688.62
Total T:  336847 | Ep: 3371 | Steps:  238 | Reward:   748.37
Total T:  337081 | Ep: 3372 | Steps:  234 | Reward:   705.00
Total T:  337318 | Ep: 3373 | Steps:  237 | Reward:   746.42
Total T:  337564 | Ep: 3374 | Steps:  246 | Reward:   773.89
Total T:  337818 | Ep: 3375 | Steps:  254 | Reward:   807.20
Total T:  338055 | Ep: 3376 | Steps:  237 | Reward:   748.35
Total T:  338304 | Ep: 3377 | Steps:  249 | Reward:   773.98
Total T:  338528 | Ep: 3378 | Steps:  224 | Reward:   717.09
Total T:  338786 | Ep: 3379 | Steps:  258 | Reward:   794.86
Total T:  339031 | Ep: 3380 | Steps:  245 | Reward:   752.46
Total T:  339249 | Ep: 3381 | Steps:  218 | Reward:   642.84
Total T:  339442 | Ep: 3382 | Steps:  193 | Reward:   552.17
Total T:  339686 | Ep: 3383 | Steps:  244 | Reward:   773.42
Total T:  339902 | Ep: 3384 | Steps:  216 | Reward:   633.58
---------------------------------------
Evaluation over 10 episodes: 817.436
---------------------------------------
Total T:  340147 | Ep: 3385 | Steps:  245 | Reward:   794.18
Total T:  340412 | Ep: 3386 | Steps:  265 | Reward:   844.28
Total T:  340654 | Ep: 3387 | Steps:  242 | Reward:   800.26
Total T:  340881 | Ep: 3388 | Steps:  227 | Reward:   725.88
Total T:  341124 | Ep: 3389 | Steps:  243 | Reward:   801.40
Total T:  341367 | Ep: 3390 | Steps:  243 | Reward:   795.27
Total T:  341588 | Ep: 3391 | Steps:  221 | Reward:   702.40
Total T:  341829 | Ep: 3392 | Steps:  241 | Reward:   791.99
Total T:  342079 | Ep: 3393 | Steps:  250 | Reward:   814.99
Total T:  342334 | Ep: 3394 | Steps:  255 | Reward:   822.78
Total T:  342553 | Ep: 3395 | Steps:  219 | Reward:   675.56
Total T:  342803 | Ep: 3396 | Steps:  250 | Reward:   794.64
Total T:  343037 | Ep: 3397 | Steps:  234 | Reward:   756.48
Total T:  343255 | Ep: 3398 | Steps:  218 | Reward:   692.67
Total T:  343498 | Ep: 3399 | Steps:  243 | Reward:   793.54
Total T:  343740 | Ep: 3400 | Steps:  242 | Reward:   804.50
Total T:  343978 | Ep: 3401 | Steps:  238 | Reward:   784.61
Total T:  344212 | Ep: 3402 | Steps:  234 | Reward:   767.12
Total T:  344454 | Ep: 3403 | Steps:  242 | Reward:   796.63
Total T:  344691 | Ep: 3404 | Steps:  237 | Reward:   773.11
Total T:  344889 | Ep: 3405 | Steps:  198 | Reward:   593.09
Total T:  345145 | Ep: 3406 | Steps:  256 | Reward:   837.01
Total T:  345390 | Ep: 3407 | Steps:  245 | Reward:   801.57
Total T:  345624 | Ep: 3408 | Steps:  234 | Reward:   762.60
Total T:  345863 | Ep: 3409 | Steps:  239 | Reward:   780.81
Total T:  346109 | Ep: 3410 | Steps:  246 | Reward:   802.88
Total T:  346369 | Ep: 3411 | Steps:  260 | Reward:   823.48
Total T:  346612 | Ep: 3412 | Steps:  243 | Reward:   789.26
Total T:  346848 | Ep: 3413 | Steps:  236 | Reward:   790.90
Total T:  347090 | Ep: 3414 | Steps:  242 | Reward:   790.78
Total T:  347332 | Ep: 3415 | Steps:  242 | Reward:   771.13
Total T:  347570 | Ep: 3416 | Steps:  238 | Reward:   776.37
Total T:  347815 | Ep: 3417 | Steps:  245 | Reward:   798.97
Total T:  348069 | Ep: 3418 | Steps:  254 | Reward:   830.17
Total T:  348331 | Ep: 3419 | Steps:  262 | Reward:   827.98
Total T:  348574 | Ep: 3420 | Steps:  243 | Reward:   789.77
Total T:  348823 | Ep: 3421 | Steps:  249 | Reward:   789.83
Total T:  349059 | Ep: 3422 | Steps:  236 | Reward:   789.44
Total T:  349291 | Ep: 3423 | Steps:  232 | Reward:   753.62
Total T:  349500 | Ep: 3424 | Steps:  209 | Reward:   665.12
Total T:  349725 | Ep: 3425 | Steps:  225 | Reward:   733.23
Total T:  349952 | Ep: 3426 | Steps:  227 | Reward:   742.28
---------------------------------------
Evaluation over 10 episodes: 809.386
---------------------------------------
Total T:  350167 | Ep: 3427 | Steps:  215 | Reward:   697.97
Total T:  350376 | Ep: 3428 | Steps:  209 | Reward:   670.33
Total T:  350584 | Ep: 3429 | Steps:  208 | Reward:   662.77
Total T:  350824 | Ep: 3430 | Steps:  240 | Reward:   807.69
Total T:  351049 | Ep: 3431 | Steps:  225 | Reward:   747.41
Total T:  351296 | Ep: 3432 | Steps:  247 | Reward:   811.85
Total T:  351528 | Ep: 3433 | Steps:  232 | Reward:   775.15
Total T:  351746 | Ep: 3434 | Steps:  218 | Reward:   700.62
Total T:  351973 | Ep: 3435 | Steps:  227 | Reward:   756.03
Total T:  352193 | Ep: 3436 | Steps:  220 | Reward:   718.51
Total T:  352411 | Ep: 3437 | Steps:  218 | Reward:   710.82
Total T:  352663 | Ep: 3438 | Steps:  252 | Reward:   834.75
Total T:  352869 | Ep: 3439 | Steps:  206 | Reward:   653.81
Total T:  353061 | Ep: 3440 | Steps:  192 | Reward:   602.40
Total T:  353306 | Ep: 3441 | Steps:  245 | Reward:   816.30
Total T:  353520 | Ep: 3442 | Steps:  214 | Reward:   680.44
Total T:  353766 | Ep: 3443 | Steps:  246 | Reward:   817.10
Total T:  354009 | Ep: 3444 | Steps:  243 | Reward:   803.76
Total T:  354274 | Ep: 3445 | Steps:  265 | Reward:   836.83
Total T:  354524 | Ep: 3446 | Steps:  250 | Reward:   819.23
Total T:  354770 | Ep: 3447 | Steps:  246 | Reward:   821.69
Total T:  355015 | Ep: 3448 | Steps:  245 | Reward:   810.69
Total T:  355272 | Ep: 3449 | Steps:  257 | Reward:   840.87
Total T:  355523 | Ep: 3450 | Steps:  251 | Reward:   817.25
Total T:  355728 | Ep: 3451 | Steps:  205 | Reward:   656.79
Total T:  355977 | Ep: 3452 | Steps:  249 | Reward:   824.46
Total T:  356239 | Ep: 3453 | Steps:  262 | Reward:   848.79
Total T:  356471 | Ep: 3454 | Steps:  232 | Reward:   761.71
Total T:  356692 | Ep: 3455 | Steps:  221 | Reward:   716.52
Total T:  356893 | Ep: 3456 | Steps:  201 | Reward:   632.29
Total T:  357136 | Ep: 3457 | Steps:  243 | Reward:   797.50
Total T:  357403 | Ep: 3458 | Steps:  267 | Reward:   853.00
Total T:  357651 | Ep: 3459 | Steps:  248 | Reward:   813.82
Total T:  357913 | Ep: 3460 | Steps:  262 | Reward:   830.56
Total T:  358164 | Ep: 3461 | Steps:  251 | Reward:   829.69
Total T:  358380 | Ep: 3462 | Steps:  216 | Reward:   688.85
Total T:  358616 | Ep: 3463 | Steps:  236 | Reward:   781.75
Total T:  358863 | Ep: 3464 | Steps:  247 | Reward:   814.69
Total T:  359112 | Ep: 3465 | Steps:  249 | Reward:   827.80
Total T:  359351 | Ep: 3466 | Steps:  239 | Reward:   765.17
Total T:  359600 | Ep: 3467 | Steps:  249 | Reward:   808.69
Total T:  359845 | Ep: 3468 | Steps:  245 | Reward:   805.57
---------------------------------------
Evaluation over 10 episodes: 846.946
---------------------------------------
Total T:  360116 | Ep: 3469 | Steps:  271 | Reward:   854.39
Total T:  360338 | Ep: 3470 | Steps:  222 | Reward:   724.65
Total T:  360588 | Ep: 3471 | Steps:  250 | Reward:   815.40
Total T:  360856 | Ep: 3472 | Steps:  268 | Reward:   881.49
Total T:  361088 | Ep: 3473 | Steps:  232 | Reward:   752.87
Total T:  361331 | Ep: 3474 | Steps:  243 | Reward:   795.48
Total T:  361589 | Ep: 3475 | Steps:  258 | Reward:   832.91
Total T:  361815 | Ep: 3476 | Steps:  226 | Reward:   704.79
Total T:  362068 | Ep: 3477 | Steps:  253 | Reward:   812.20
Total T:  362295 | Ep: 3478 | Steps:  227 | Reward:   742.36
Total T:  362546 | Ep: 3479 | Steps:  251 | Reward:   817.08
Total T:  362809 | Ep: 3480 | Steps:  263 | Reward:   821.07
Total T:  363057 | Ep: 3481 | Steps:  248 | Reward:   819.69
Total T:  363298 | Ep: 3482 | Steps:  241 | Reward:   805.09
Total T:  363539 | Ep: 3483 | Steps:  241 | Reward:   812.82
Total T:  363757 | Ep: 3484 | Steps:  218 | Reward:   699.45
Total T:  363960 | Ep: 3485 | Steps:  203 | Reward:   643.01
Total T:  364178 | Ep: 3486 | Steps:  218 | Reward:   698.87
Total T:  364468 | Ep: 3487 | Steps:  290 | Reward:   911.63
Total T:  364710 | Ep: 3488 | Steps:  242 | Reward:   791.91
Total T:  364930 | Ep: 3489 | Steps:  220 | Reward:   719.66
Total T:  365179 | Ep: 3490 | Steps:  249 | Reward:   804.99
Total T:  365443 | Ep: 3491 | Steps:  264 | Reward:   837.71
Total T:  365680 | Ep: 3492 | Steps:  237 | Reward:   771.65
Total T:  365946 | Ep: 3493 | Steps:  266 | Reward:   866.77
Total T:  366188 | Ep: 3494 | Steps:  242 | Reward:   796.59
Total T:  366426 | Ep: 3495 | Steps:  238 | Reward:   792.41
Total T:  366696 | Ep: 3496 | Steps:  270 | Reward:   860.90
Total T:  366987 | Ep: 3497 | Steps:  291 | Reward:   909.46
Total T:  367238 | Ep: 3498 | Steps:  251 | Reward:   831.40
Total T:  367497 | Ep: 3499 | Steps:  259 | Reward:   847.28
Total T:  367753 | Ep: 3500 | Steps:  256 | Reward:   833.39
Total T:  367960 | Ep: 3501 | Steps:  207 | Reward:   651.86
Total T:  368205 | Ep: 3502 | Steps:  245 | Reward:   781.11
Total T:  368465 | Ep: 3503 | Steps:  260 | Reward:   840.13
Total T:  368690 | Ep: 3504 | Steps:  225 | Reward:   743.06
Total T:  368931 | Ep: 3505 | Steps:  241 | Reward:   795.99
Total T:  369190 | Ep: 3506 | Steps:  259 | Reward:   865.48
Total T:  369434 | Ep: 3507 | Steps:  244 | Reward:   795.75
Total T:  369696 | Ep: 3508 | Steps:  262 | Reward:   853.22
Total T:  369962 | Ep: 3509 | Steps:  266 | Reward:   853.24
---------------------------------------
Evaluation over 10 episodes: 865.633
---------------------------------------
Total T:  370218 | Ep: 3510 | Steps:  256 | Reward:   839.24
Total T:  370488 | Ep: 3511 | Steps:  270 | Reward:   859.85
Total T:  370740 | Ep: 3512 | Steps:  252 | Reward:   823.18
Total T:  370982 | Ep: 3513 | Steps:  242 | Reward:   795.44
Total T:  371223 | Ep: 3514 | Steps:  241 | Reward:   806.18
Total T:  371477 | Ep: 3515 | Steps:  254 | Reward:   837.92
Total T:  371729 | Ep: 3516 | Steps:  252 | Reward:   827.96
Total T:  371997 | Ep: 3517 | Steps:  268 | Reward:   854.51
Total T:  372247 | Ep: 3518 | Steps:  250 | Reward:   813.33
Total T:  372448 | Ep: 3519 | Steps:  201 | Reward:   634.15
Total T:  372699 | Ep: 3520 | Steps:  251 | Reward:   825.54
Total T:  372942 | Ep: 3521 | Steps:  243 | Reward:   811.55
Total T:  373196 | Ep: 3522 | Steps:  254 | Reward:   823.92
Total T:  373448 | Ep: 3523 | Steps:  252 | Reward:   848.06
Total T:  373715 | Ep: 3524 | Steps:  267 | Reward:   870.22
Total T:  373971 | Ep: 3525 | Steps:  256 | Reward:   856.63
Total T:  374182 | Ep: 3526 | Steps:  211 | Reward:   675.63
Total T:  374428 | Ep: 3527 | Steps:  246 | Reward:   810.45
Total T:  374689 | Ep: 3528 | Steps:  261 | Reward:   849.77
Total T:  374962 | Ep: 3529 | Steps:  273 | Reward:   883.18
Total T:  375211 | Ep: 3530 | Steps:  249 | Reward:   841.78
Total T:  375440 | Ep: 3531 | Steps:  229 | Reward:   756.86
Total T:  375708 | Ep: 3532 | Steps:  268 | Reward:   876.45
Total T:  375968 | Ep: 3533 | Steps:  260 | Reward:   859.00
Total T:  376230 | Ep: 3534 | Steps:  262 | Reward:   869.20
Total T:  376490 | Ep: 3535 | Steps:  260 | Reward:   860.40
Total T:  376741 | Ep: 3536 | Steps:  251 | Reward:   835.22
Total T:  376993 | Ep: 3537 | Steps:  252 | Reward:   853.99
Total T:  377257 | Ep: 3538 | Steps:  264 | Reward:   877.34
Total T:  377464 | Ep: 3539 | Steps:  207 | Reward:   651.30
Total T:  377726 | Ep: 3540 | Steps:  262 | Reward:   878.01
Total T:  378001 | Ep: 3541 | Steps:  275 | Reward:   908.16
Total T:  378255 | Ep: 3542 | Steps:  254 | Reward:   852.52
Total T:  378512 | Ep: 3543 | Steps:  257 | Reward:   853.38
Total T:  378766 | Ep: 3544 | Steps:  254 | Reward:   851.60
Total T:  379027 | Ep: 3545 | Steps:  261 | Reward:   866.28
Total T:  379281 | Ep: 3546 | Steps:  254 | Reward:   829.14
Total T:  379543 | Ep: 3547 | Steps:  262 | Reward:   867.09
Total T:  379795 | Ep: 3548 | Steps:  252 | Reward:   828.17
---------------------------------------
Evaluation over 10 episodes: 831.364
---------------------------------------
Total T:  380047 | Ep: 3549 | Steps:  252 | Reward:   844.25
Total T:  380282 | Ep: 3550 | Steps:  235 | Reward:   781.81
Total T:  380528 | Ep: 3551 | Steps:  246 | Reward:   810.82
Total T:  380737 | Ep: 3552 | Steps:  209 | Reward:   659.82
Total T:  380947 | Ep: 3553 | Steps:  210 | Reward:   666.44
Total T:  381178 | Ep: 3554 | Steps:  231 | Reward:   764.57
Total T:  381378 | Ep: 3555 | Steps:  200 | Reward:   633.26
Total T:  381655 | Ep: 3556 | Steps:  277 | Reward:   922.56
Total T:  381914 | Ep: 3557 | Steps:  259 | Reward:   863.28
Total T:  382127 | Ep: 3558 | Steps:  213 | Reward:   686.54
Total T:  382389 | Ep: 3559 | Steps:  262 | Reward:   865.51
Total T:  382647 | Ep: 3560 | Steps:  258 | Reward:   853.73
Total T:  382924 | Ep: 3561 | Steps:  277 | Reward:   926.05
Total T:  383116 | Ep: 3562 | Steps:  192 | Reward:   601.97
Total T:  383365 | Ep: 3563 | Steps:  249 | Reward:   828.34
Total T:  383595 | Ep: 3564 | Steps:  230 | Reward:   767.47
Total T:  383806 | Ep: 3565 | Steps:  211 | Reward:   672.00
Total T:  384008 | Ep: 3566 | Steps:  202 | Reward:   636.45
Total T:  384266 | Ep: 3567 | Steps:  258 | Reward:   859.92
Total T:  384445 | Ep: 3568 | Steps:  179 | Reward:   485.42
Total T:  384644 | Ep: 3569 | Steps:  199 | Reward:   624.80
Total T:  384896 | Ep: 3570 | Steps:  252 | Reward:   833.41
Total T:  385174 | Ep: 3571 | Steps:  278 | Reward:   876.70
Total T:  385439 | Ep: 3572 | Steps:  265 | Reward:   833.41
Total T:  385691 | Ep: 3573 | Steps:  252 | Reward:   809.71
Total T:  385932 | Ep: 3574 | Steps:  241 | Reward:   814.93
Total T:  386188 | Ep: 3575 | Steps:  256 | Reward:   827.31
Total T:  386445 | Ep: 3576 | Steps:  257 | Reward:   848.66
Total T:  386813 | Ep: 3577 | Steps:  368 | Reward:  1195.84
Total T:  387089 | Ep: 3578 | Steps:  276 | Reward:   867.97
Total T:  387337 | Ep: 3579 | Steps:  248 | Reward:   797.24
Total T:  387580 | Ep: 3580 | Steps:  243 | Reward:   774.07
Total T:  387815 | Ep: 3581 | Steps:  235 | Reward:   765.10
Total T:  388075 | Ep: 3582 | Steps:  260 | Reward:   862.63
Total T:  388322 | Ep: 3583 | Steps:  247 | Reward:   782.20
Total T:  388579 | Ep: 3584 | Steps:  257 | Reward:   820.23
Total T:  388839 | Ep: 3585 | Steps:  260 | Reward:   832.66
Total T:  389085 | Ep: 3586 | Steps:  246 | Reward:   780.25
Total T:  389357 | Ep: 3587 | Steps:  272 | Reward:   895.48
Total T:  389612 | Ep: 3588 | Steps:  255 | Reward:   854.31
Total T:  389866 | Ep: 3589 | Steps:  254 | Reward:   846.80
---------------------------------------
Evaluation over 10 episodes: 855.577
---------------------------------------
Total T:  390124 | Ep: 3590 | Steps:  258 | Reward:   843.27
Total T:  390379 | Ep: 3591 | Steps:  255 | Reward:   833.40
Total T:  390626 | Ep: 3592 | Steps:  247 | Reward:   824.07
Total T:  390871 | Ep: 3593 | Steps:  245 | Reward:   813.38
Total T:  391102 | Ep: 3594 | Steps:  231 | Reward:   772.34
Total T:  391361 | Ep: 3595 | Steps:  259 | Reward:   840.89
Total T:  391613 | Ep: 3596 | Steps:  252 | Reward:   842.29
Total T:  391877 | Ep: 3597 | Steps:  264 | Reward:   870.07
Total T:  392133 | Ep: 3598 | Steps:  256 | Reward:   846.21
Total T:  392382 | Ep: 3599 | Steps:  249 | Reward:   826.57
Total T:  392641 | Ep: 3600 | Steps:  259 | Reward:   859.66
Total T:  392900 | Ep: 3601 | Steps:  259 | Reward:   852.75
Total T:  393172 | Ep: 3602 | Steps:  272 | Reward:   906.17
Total T:  393425 | Ep: 3603 | Steps:  253 | Reward:   839.80
Total T:  393674 | Ep: 3604 | Steps:  249 | Reward:   837.11
Total T:  393930 | Ep: 3605 | Steps:  256 | Reward:   844.04
Total T:  394198 | Ep: 3606 | Steps:  268 | Reward:   880.32
Total T:  394447 | Ep: 3607 | Steps:  249 | Reward:   814.82
Total T:  394711 | Ep: 3608 | Steps:  264 | Reward:   858.52
Total T:  394961 | Ep: 3609 | Steps:  250 | Reward:   828.92
Total T:  395220 | Ep: 3610 | Steps:  259 | Reward:   857.85
Total T:  395470 | Ep: 3611 | Steps:  250 | Reward:   826.82
Total T:  395720 | Ep: 3612 | Steps:  250 | Reward:   831.04
Total T:  395967 | Ep: 3613 | Steps:  247 | Reward:   824.26
Total T:  396216 | Ep: 3614 | Steps:  249 | Reward:   789.69
Total T:  396482 | Ep: 3615 | Steps:  266 | Reward:   877.77
Total T:  396739 | Ep: 3616 | Steps:  257 | Reward:   824.52
Total T:  396991 | Ep: 3617 | Steps:  252 | Reward:   822.17
Total T:  397227 | Ep: 3618 | Steps:  236 | Reward:   778.50
Total T:  397466 | Ep: 3619 | Steps:  239 | Reward:   781.87
Total T:  397708 | Ep: 3620 | Steps:  242 | Reward:   790.57
Total T:  397965 | Ep: 3621 | Steps:  257 | Reward:   848.63
Total T:  398214 | Ep: 3622 | Steps:  249 | Reward:   822.35
Total T:  398466 | Ep: 3623 | Steps:  252 | Reward:   824.99
Total T:  398704 | Ep: 3624 | Steps:  238 | Reward:   762.44
Total T:  398946 | Ep: 3625 | Steps:  242 | Reward:   795.50
Total T:  399186 | Ep: 3626 | Steps:  240 | Reward:   788.46
Total T:  399432 | Ep: 3627 | Steps:  246 | Reward:   813.98
Total T:  399675 | Ep: 3628 | Steps:  243 | Reward:   798.06
Total T:  399919 | Ep: 3629 | Steps:  244 | Reward:   799.05
---------------------------------------
Evaluation over 10 episodes: 786.098
---------------------------------------
Total T:  400172 | Ep: 3630 | Steps:  253 | Reward:   845.03
Total T:  400416 | Ep: 3631 | Steps:  244 | Reward:   796.31
Total T:  400647 | Ep: 3632 | Steps:  231 | Reward:   762.61
Total T:  400898 | Ep: 3633 | Steps:  251 | Reward:   802.05
Total T:  401135 | Ep: 3634 | Steps:  237 | Reward:   792.26
Total T:  401369 | Ep: 3635 | Steps:  234 | Reward:   767.09
Total T:  401625 | Ep: 3636 | Steps:  256 | Reward:   836.58
Total T:  401878 | Ep: 3637 | Steps:  253 | Reward:   811.00
Total T:  402125 | Ep: 3638 | Steps:  247 | Reward:   821.04
Total T:  402370 | Ep: 3639 | Steps:  245 | Reward:   819.29
Total T:  402617 | Ep: 3640 | Steps:  247 | Reward:   793.42
Total T:  402866 | Ep: 3641 | Steps:  249 | Reward:   829.24
Total T:  403102 | Ep: 3642 | Steps:  236 | Reward:   780.32
Total T:  403328 | Ep: 3643 | Steps:  226 | Reward:   724.55
Total T:  403573 | Ep: 3644 | Steps:  245 | Reward:   795.86
Total T:  403810 | Ep: 3645 | Steps:  237 | Reward:   785.59
Total T:  404060 | Ep: 3646 | Steps:  250 | Reward:   748.58
Total T:  404299 | Ep: 3647 | Steps:  239 | Reward:   796.03
Total T:  404531 | Ep: 3648 | Steps:  232 | Reward:   752.31
Total T:  404774 | Ep: 3649 | Steps:  243 | Reward:   811.16
Total T:  404998 | Ep: 3650 | Steps:  224 | Reward:   726.19
Total T:  405258 | Ep: 3651 | Steps:  260 | Reward:   848.87
Total T:  405483 | Ep: 3652 | Steps:  225 | Reward:   730.49
Total T:  405696 | Ep: 3653 | Steps:  213 | Reward:   673.64
Total T:  405932 | Ep: 3654 | Steps:  236 | Reward:   798.46
Total T:  406168 | Ep: 3655 | Steps:  236 | Reward:   767.98
Total T:  406416 | Ep: 3656 | Steps:  248 | Reward:   805.24
Total T:  406645 | Ep: 3657 | Steps:  229 | Reward:   747.47
Total T:  406890 | Ep: 3658 | Steps:  245 | Reward:   819.35
Total T:  407128 | Ep: 3659 | Steps:  238 | Reward:   796.35
Total T:  407380 | Ep: 3660 | Steps:  252 | Reward:   841.91
Total T:  407624 | Ep: 3661 | Steps:  244 | Reward:   797.47
Total T:  407854 | Ep: 3662 | Steps:  230 | Reward:   742.99
Total T:  408076 | Ep: 3663 | Steps:  222 | Reward:   715.59
Total T:  408321 | Ep: 3664 | Steps:  245 | Reward:   810.21
Total T:  408589 | Ep: 3665 | Steps:  268 | Reward:   878.38
Total T:  408827 | Ep: 3666 | Steps:  238 | Reward:   788.79
Total T:  409114 | Ep: 3667 | Steps:  287 | Reward:   943.69
Total T:  409370 | Ep: 3668 | Steps:  256 | Reward:   820.75
Total T:  409636 | Ep: 3669 | Steps:  266 | Reward:   847.04
Total T:  409887 | Ep: 3670 | Steps:  251 | Reward:   825.51
---------------------------------------
Evaluation over 10 episodes: 853.697
---------------------------------------
Total T:  410121 | Ep: 3671 | Steps:  234 | Reward:   760.55
Total T:  410432 | Ep: 3672 | Steps:  311 | Reward:  1024.61
Total T:  410729 | Ep: 3673 | Steps:  297 | Reward:   935.81
Total T:  410986 | Ep: 3674 | Steps:  257 | Reward:   819.80
Total T:  411243 | Ep: 3675 | Steps:  257 | Reward:   845.98
Total T:  411496 | Ep: 3676 | Steps:  253 | Reward:   822.53
Total T:  411741 | Ep: 3677 | Steps:  245 | Reward:   819.84
Total T:  411989 | Ep: 3678 | Steps:  248 | Reward:   793.81
Total T:  412238 | Ep: 3679 | Steps:  249 | Reward:   820.06
Total T:  412493 | Ep: 3680 | Steps:  255 | Reward:   844.68
Total T:  412738 | Ep: 3681 | Steps:  245 | Reward:   820.51
Total T:  412976 | Ep: 3682 | Steps:  238 | Reward:   794.81
Total T:  413225 | Ep: 3683 | Steps:  249 | Reward:   792.91
Total T:  413474 | Ep: 3684 | Steps:  249 | Reward:   770.77
Total T:  413729 | Ep: 3685 | Steps:  255 | Reward:   847.15
Total T:  413977 | Ep: 3686 | Steps:  248 | Reward:   809.00
Total T:  414220 | Ep: 3687 | Steps:  243 | Reward:   818.48
Total T:  414462 | Ep: 3688 | Steps:  242 | Reward:   806.12
Total T:  414723 | Ep: 3689 | Steps:  261 | Reward:   858.17
Total T:  415039 | Ep: 3690 | Steps:  316 | Reward:  1009.62
Total T:  415290 | Ep: 3691 | Steps:  251 | Reward:   802.78
Total T:  415531 | Ep: 3692 | Steps:  241 | Reward:   799.85
Total T:  415779 | Ep: 3693 | Steps:  248 | Reward:   818.79
Total T:  416037 | Ep: 3694 | Steps:  258 | Reward:   856.15
Total T:  416277 | Ep: 3695 | Steps:  240 | Reward:   788.51
Total T:  416573 | Ep: 3696 | Steps:  296 | Reward:   954.44
Total T:  416869 | Ep: 3697 | Steps:  296 | Reward:   939.33
Total T:  417113 | Ep: 3698 | Steps:  244 | Reward:   757.90
Total T:  417368 | Ep: 3699 | Steps:  255 | Reward:   811.53
Total T:  417591 | Ep: 3700 | Steps:  223 | Reward:   715.53
Total T:  417839 | Ep: 3701 | Steps:  248 | Reward:   825.40
Total T:  418070 | Ep: 3702 | Steps:  231 | Reward:   763.27
Total T:  418293 | Ep: 3703 | Steps:  223 | Reward:   715.62
Total T:  418542 | Ep: 3704 | Steps:  249 | Reward:   817.12
Total T:  418801 | Ep: 3705 | Steps:  259 | Reward:   854.95
Total T:  419094 | Ep: 3706 | Steps:  293 | Reward:   939.40
Total T:  419342 | Ep: 3707 | Steps:  248 | Reward:   783.71
Total T:  419587 | Ep: 3708 | Steps:  245 | Reward:   827.11
Total T:  419814 | Ep: 3709 | Steps:  227 | Reward:   730.60
---------------------------------------
Evaluation over 10 episodes: 807.780
---------------------------------------
Total T:  420072 | Ep: 3710 | Steps:  258 | Reward:   833.62
Total T:  420317 | Ep: 3711 | Steps:  245 | Reward:   821.18
Total T:  420541 | Ep: 3712 | Steps:  224 | Reward:   712.90
Total T:  420797 | Ep: 3713 | Steps:  256 | Reward:   820.66
Total T:  421051 | Ep: 3714 | Steps:  254 | Reward:   846.63
Total T:  421302 | Ep: 3715 | Steps:  251 | Reward:   824.48
Total T:  421571 | Ep: 3716 | Steps:  269 | Reward:   880.36
Total T:  421827 | Ep: 3717 | Steps:  256 | Reward:   839.63
Total T:  422112 | Ep: 3718 | Steps:  285 | Reward:   933.17
Total T:  422383 | Ep: 3719 | Steps:  271 | Reward:   878.73
Total T:  422641 | Ep: 3720 | Steps:  258 | Reward:   854.21
Total T:  422933 | Ep: 3721 | Steps:  292 | Reward:   944.45
Total T:  423150 | Ep: 3722 | Steps:  217 | Reward:   688.26
Total T:  423398 | Ep: 3723 | Steps:  248 | Reward:   824.63
Total T:  423647 | Ep: 3724 | Steps:  249 | Reward:   812.41
Total T:  423873 | Ep: 3725 | Steps:  226 | Reward:   731.68
Total T:  424136 | Ep: 3726 | Steps:  263 | Reward:   862.60
Total T:  424428 | Ep: 3727 | Steps:  292 | Reward:   946.81
Total T:  424691 | Ep: 3728 | Steps:  263 | Reward:   864.74
Total T:  424928 | Ep: 3729 | Steps:  237 | Reward:   778.94
Total T:  425181 | Ep: 3730 | Steps:  253 | Reward:   811.37
Total T:  425461 | Ep: 3731 | Steps:  280 | Reward:   916.79
Total T:  425747 | Ep: 3732 | Steps:  286 | Reward:   945.23
Total T:  426030 | Ep: 3733 | Steps:  283 | Reward:   938.89
Total T:  426294 | Ep: 3734 | Steps:  264 | Reward:   858.27
Total T:  426541 | Ep: 3735 | Steps:  247 | Reward:   833.15
Total T:  426841 | Ep: 3736 | Steps:  300 | Reward:   964.78
Total T:  427108 | Ep: 3737 | Steps:  267 | Reward:   869.48
Total T:  427370 | Ep: 3738 | Steps:  262 | Reward:   838.25
Total T:  427648 | Ep: 3739 | Steps:  278 | Reward:   911.84
Total T:  427911 | Ep: 3740 | Steps:  263 | Reward:   874.50
Total T:  428162 | Ep: 3741 | Steps:  251 | Reward:   807.27
Total T:  428406 | Ep: 3742 | Steps:  244 | Reward:   806.64
Total T:  428693 | Ep: 3743 | Steps:  287 | Reward:   937.28
Total T:  429013 | Ep: 3744 | Steps:  320 | Reward:  1057.23
Total T:  429263 | Ep: 3745 | Steps:  250 | Reward:   834.00
Total T:  429520 | Ep: 3746 | Steps:  257 | Reward:   869.33
Total T:  429777 | Ep: 3747 | Steps:  257 | Reward:   854.18
---------------------------------------
Evaluation over 10 episodes: 834.951
---------------------------------------
Total T:  430056 | Ep: 3748 | Steps:  279 | Reward:   912.24
Total T:  430307 | Ep: 3749 | Steps:  251 | Reward:   843.05
Total T:  430564 | Ep: 3750 | Steps:  257 | Reward:   869.20
Total T:  430817 | Ep: 3751 | Steps:  253 | Reward:   861.66
Total T:  431058 | Ep: 3752 | Steps:  241 | Reward:   797.04
Total T:  431342 | Ep: 3753 | Steps:  284 | Reward:   931.99
Total T:  431657 | Ep: 3754 | Steps:  315 | Reward:  1025.32
Total T:  431893 | Ep: 3755 | Steps:  236 | Reward:   782.78
Total T:  432146 | Ep: 3756 | Steps:  253 | Reward:   849.21
Total T:  432377 | Ep: 3757 | Steps:  231 | Reward:   763.13
Total T:  432644 | Ep: 3758 | Steps:  267 | Reward:   893.50
Total T:  432983 | Ep: 3759 | Steps:  339 | Reward:  1139.04
Total T:  433262 | Ep: 3760 | Steps:  279 | Reward:   941.87
Total T:  433523 | Ep: 3761 | Steps:  261 | Reward:   862.76
Total T:  433798 | Ep: 3762 | Steps:  275 | Reward:   893.16
Total T:  434050 | Ep: 3763 | Steps:  252 | Reward:   799.08
Total T:  434311 | Ep: 3764 | Steps:  261 | Reward:   856.07
Total T:  434565 | Ep: 3765 | Steps:  254 | Reward:   845.49
Total T:  434783 | Ep: 3766 | Steps:  218 | Reward:   671.40
Total T:  435054 | Ep: 3767 | Steps:  271 | Reward:   888.06
Total T:  435311 | Ep: 3768 | Steps:  257 | Reward:   847.41
Total T:  435613 | Ep: 3769 | Steps:  302 | Reward:  1003.48
Total T:  435872 | Ep: 3770 | Steps:  259 | Reward:   849.70
Total T:  436091 | Ep: 3771 | Steps:  219 | Reward:   672.09
Total T:  436352 | Ep: 3772 | Steps:  261 | Reward:   859.71
Total T:  436610 | Ep: 3773 | Steps:  258 | Reward:   864.39
Total T:  436898 | Ep: 3774 | Steps:  288 | Reward:   956.68
Total T:  437156 | Ep: 3775 | Steps:  258 | Reward:   866.49
Total T:  437434 | Ep: 3776 | Steps:  278 | Reward:   932.60
Total T:  437705 | Ep: 3777 | Steps:  271 | Reward:   896.77
Total T:  437963 | Ep: 3778 | Steps:  258 | Reward:   866.98
Total T:  438219 | Ep: 3779 | Steps:  256 | Reward:   835.36
Total T:  438475 | Ep: 3780 | Steps:  256 | Reward:   832.21
Total T:  438725 | Ep: 3781 | Steps:  250 | Reward:   833.88
Total T:  438987 | Ep: 3782 | Steps:  262 | Reward:   818.41
Total T:  439236 | Ep: 3783 | Steps:  249 | Reward:   796.15
Total T:  439520 | Ep: 3784 | Steps:  284 | Reward:   947.32
Total T:  439784 | Ep: 3785 | Steps:  264 | Reward:   885.35
---------------------------------------
Evaluation over 10 episodes: 927.251
---------------------------------------
Total T:  440043 | Ep: 3786 | Steps:  259 | Reward:   861.60
Total T:  440293 | Ep: 3787 | Steps:  250 | Reward:   839.96
Total T:  440573 | Ep: 3788 | Steps:  280 | Reward:   920.55
Total T:  440817 | Ep: 3789 | Steps:  244 | Reward:   814.67
Total T:  440993 | Ep: 3790 | Steps:  176 | Reward:   485.11
Total T:  441249 | Ep: 3791 | Steps:  256 | Reward:   844.52
Total T:  441532 | Ep: 3792 | Steps:  283 | Reward:   933.38
Total T:  441817 | Ep: 3793 | Steps:  285 | Reward:   950.04
Total T:  442068 | Ep: 3794 | Steps:  251 | Reward:   850.12
Total T:  442327 | Ep: 3795 | Steps:  259 | Reward:   875.95
Total T:  442584 | Ep: 3796 | Steps:  257 | Reward:   869.78
Total T:  442864 | Ep: 3797 | Steps:  280 | Reward:   948.70
Total T:  443146 | Ep: 3798 | Steps:  282 | Reward:   922.41
Total T:  443393 | Ep: 3799 | Steps:  247 | Reward:   832.01
Total T:  443645 | Ep: 3800 | Steps:  252 | Reward:   859.82
Total T:  443922 | Ep: 3801 | Steps:  277 | Reward:   910.03
Total T:  444188 | Ep: 3802 | Steps:  266 | Reward:   886.15
Total T:  444459 | Ep: 3803 | Steps:  271 | Reward:   926.57
Total T:  444760 | Ep: 3804 | Steps:  301 | Reward:   979.29
Total T:  445023 | Ep: 3805 | Steps:  263 | Reward:   894.20
Total T:  445314 | Ep: 3806 | Steps:  291 | Reward:   945.20
Total T:  445571 | Ep: 3807 | Steps:  257 | Reward:   829.40
Total T:  445878 | Ep: 3808 | Steps:  307 | Reward:  1017.29
Total T:  446174 | Ep: 3809 | Steps:  296 | Reward:   957.40
Total T:  446515 | Ep: 3810 | Steps:  341 | Reward:  1149.51
Total T:  446810 | Ep: 3811 | Steps:  295 | Reward:   935.49
Total T:  447078 | Ep: 3812 | Steps:  268 | Reward:   912.66
Total T:  447367 | Ep: 3813 | Steps:  289 | Reward:   953.10
Total T:  447628 | Ep: 3814 | Steps:  261 | Reward:   863.88
Total T:  447904 | Ep: 3815 | Steps:  276 | Reward:   900.91
Total T:  448200 | Ep: 3816 | Steps:  296 | Reward:   973.87
Total T:  448376 | Ep: 3817 | Steps:  176 | Reward:   492.90
Total T:  448644 | Ep: 3818 | Steps:  268 | Reward:   893.68
Total T:  448917 | Ep: 3819 | Steps:  273 | Reward:   920.74
Total T:  449206 | Ep: 3820 | Steps:  289 | Reward:   936.35
Total T:  449480 | Ep: 3821 | Steps:  274 | Reward:   929.72
Total T:  449736 | Ep: 3822 | Steps:  256 | Reward:   830.28
Total T:  449991 | Ep: 3823 | Steps:  255 | Reward:   870.51
---------------------------------------
Evaluation over 10 episodes: 938.683
---------------------------------------
Total T:  450247 | Ep: 3824 | Steps:  256 | Reward:   835.16
Total T:  450516 | Ep: 3825 | Steps:  269 | Reward:   927.21
Total T:  450763 | Ep: 3826 | Steps:  247 | Reward:   845.10
Total T:  451015 | Ep: 3827 | Steps:  252 | Reward:   870.01
Total T:  451293 | Ep: 3828 | Steps:  278 | Reward:   936.41
Total T:  451305 | Ep: 3829 | Steps:   12 | Reward:    11.07
Total T:  451558 | Ep: 3830 | Steps:  253 | Reward:   857.46
Total T:  451816 | Ep: 3831 | Steps:  258 | Reward:   882.61
Total T:  452067 | Ep: 3832 | Steps:  251 | Reward:   851.67
Total T:  452325 | Ep: 3833 | Steps:  258 | Reward:   896.04
Total T:  452602 | Ep: 3834 | Steps:  277 | Reward:   950.16
Total T:  452879 | Ep: 3835 | Steps:  277 | Reward:   933.93
Total T:  453133 | Ep: 3836 | Steps:  254 | Reward:   874.47
Total T:  453380 | Ep: 3837 | Steps:  247 | Reward:   844.81
Total T:  453652 | Ep: 3838 | Steps:  272 | Reward:   934.54
Total T:  453919 | Ep: 3839 | Steps:  267 | Reward:   924.04
Total T:  454181 | Ep: 3840 | Steps:  262 | Reward:   904.13
Total T:  454428 | Ep: 3841 | Steps:  247 | Reward:   841.39
Total T:  454686 | Ep: 3842 | Steps:  258 | Reward:   883.76
Total T:  454945 | Ep: 3843 | Steps:  259 | Reward:   884.15
Total T:  455213 | Ep: 3844 | Steps:  268 | Reward:   921.23
Total T:  455482 | Ep: 3845 | Steps:  269 | Reward:   920.22
Total T:  455744 | Ep: 3846 | Steps:  262 | Reward:   893.56
Total T:  456003 | Ep: 3847 | Steps:  259 | Reward:   888.79
Total T:  456271 | Ep: 3848 | Steps:  268 | Reward:   920.71
Total T:  456520 | Ep: 3849 | Steps:  249 | Reward:   843.23
Total T:  456775 | Ep: 3850 | Steps:  255 | Reward:   878.03
Total T:  457029 | Ep: 3851 | Steps:  254 | Reward:   879.49
Total T:  457318 | Ep: 3852 | Steps:  289 | Reward:   966.46
Total T:  457572 | Ep: 3853 | Steps:  254 | Reward:   864.61
Total T:  457798 | Ep: 3854 | Steps:  226 | Reward:   734.46
Total T:  458068 | Ep: 3855 | Steps:  270 | Reward:   924.66
Total T:  458327 | Ep: 3856 | Steps:  259 | Reward:   884.64
Total T:  458590 | Ep: 3857 | Steps:  263 | Reward:   911.52
Total T:  458860 | Ep: 3858 | Steps:  270 | Reward:   910.96
Total T:  459127 | Ep: 3859 | Steps:  267 | Reward:   908.28
Total T:  459399 | Ep: 3860 | Steps:  272 | Reward:   926.14
Total T:  459669 | Ep: 3861 | Steps:  270 | Reward:   924.39
Total T:  459921 | Ep: 3862 | Steps:  252 | Reward:   867.26
---------------------------------------
Evaluation over 10 episodes: 925.825
---------------------------------------
Total T:  460184 | Ep: 3863 | Steps:  263 | Reward:   902.55
Total T:  460442 | Ep: 3864 | Steps:  258 | Reward:   885.88
Total T:  460698 | Ep: 3865 | Steps:  256 | Reward:   878.45
Total T:  460955 | Ep: 3866 | Steps:  257 | Reward:   876.86
Total T:  461217 | Ep: 3867 | Steps:  262 | Reward:   895.95
Total T:  461473 | Ep: 3868 | Steps:  256 | Reward:   867.76
Total T:  461739 | Ep: 3869 | Steps:  266 | Reward:   912.22
Total T:  461989 | Ep: 3870 | Steps:  250 | Reward:   852.39
Total T:  462258 | Ep: 3871 | Steps:  269 | Reward:   927.96
Total T:  462522 | Ep: 3872 | Steps:  264 | Reward:   898.97
Total T:  462784 | Ep: 3873 | Steps:  262 | Reward:   894.63
Total T:  463040 | Ep: 3874 | Steps:  256 | Reward:   879.95
Total T:  463301 | Ep: 3875 | Steps:  261 | Reward:   885.90
Total T:  463592 | Ep: 3876 | Steps:  291 | Reward:   966.70
Total T:  463860 | Ep: 3877 | Steps:  268 | Reward:   905.37
Total T:  464141 | Ep: 3878 | Steps:  281 | Reward:   955.04
Total T:  464413 | Ep: 3879 | Steps:  272 | Reward:   926.79
Total T:  464661 | Ep: 3880 | Steps:  248 | Reward:   844.71
Total T:  464933 | Ep: 3881 | Steps:  272 | Reward:   931.19
Total T:  465194 | Ep: 3882 | Steps:  261 | Reward:   890.40
Total T:  465445 | Ep: 3883 | Steps:  251 | Reward:   852.10
Total T:  465709 | Ep: 3884 | Steps:  264 | Reward:   911.33
Total T:  465964 | Ep: 3885 | Steps:  255 | Reward:   871.92
Total T:  466273 | Ep: 3886 | Steps:  309 | Reward:  1049.60
Total T:  466529 | Ep: 3887 | Steps:  256 | Reward:   873.55
Total T:  466804 | Ep: 3888 | Steps:  275 | Reward:   935.42
Total T:  467083 | Ep: 3889 | Steps:  279 | Reward:   943.98
Total T:  467337 | Ep: 3890 | Steps:  254 | Reward:   865.87
Total T:  467634 | Ep: 3891 | Steps:  297 | Reward:   974.59
Total T:  467896 | Ep: 3892 | Steps:  262 | Reward:   898.49
Total T:  468161 | Ep: 3893 | Steps:  265 | Reward:   907.14
Total T:  468457 | Ep: 3894 | Steps:  296 | Reward:   995.31
Total T:  468721 | Ep: 3895 | Steps:  264 | Reward:   898.27
Total T:  469002 | Ep: 3896 | Steps:  281 | Reward:   932.38
Total T:  469259 | Ep: 3897 | Steps:  257 | Reward:   861.24
Total T:  469576 | Ep: 3898 | Steps:  317 | Reward:  1087.69
Total T:  469884 | Ep: 3899 | Steps:  308 | Reward:  1034.29
---------------------------------------
Evaluation over 10 episodes: 880.962
---------------------------------------
Total T:  470146 | Ep: 3900 | Steps:  262 | Reward:   889.58
Total T:  470392 | Ep: 3901 | Steps:  246 | Reward:   826.04
Total T:  470633 | Ep: 3902 | Steps:  241 | Reward:   794.18
Total T:  470891 | Ep: 3903 | Steps:  258 | Reward:   865.02
Total T:  471137 | Ep: 3904 | Steps:  246 | Reward:   821.49
Total T:  471425 | Ep: 3905 | Steps:  288 | Reward:   943.36
Total T:  471692 | Ep: 3906 | Steps:  267 | Reward:   904.21
Total T:  471941 | Ep: 3907 | Steps:  249 | Reward:   846.26
Total T:  472210 | Ep: 3908 | Steps:  269 | Reward:   918.28
Total T:  472492 | Ep: 3909 | Steps:  282 | Reward:   943.98
Total T:  472769 | Ep: 3910 | Steps:  277 | Reward:   925.11
Total T:  473048 | Ep: 3911 | Steps:  279 | Reward:   934.31
Total T:  473313 | Ep: 3912 | Steps:  265 | Reward:   882.44
Total T:  473597 | Ep: 3913 | Steps:  284 | Reward:   944.76
Total T:  473869 | Ep: 3914 | Steps:  272 | Reward:   911.17
Total T:  474175 | Ep: 3915 | Steps:  306 | Reward:  1002.34
Total T:  474443 | Ep: 3916 | Steps:  268 | Reward:   899.94
Total T:  474710 | Ep: 3917 | Steps:  267 | Reward:   905.56
Total T:  474981 | Ep: 3918 | Steps:  271 | Reward:   924.16
Total T:  475270 | Ep: 3919 | Steps:  289 | Reward:   956.83
Total T:  475530 | Ep: 3920 | Steps:  260 | Reward:   879.48
Total T:  475781 | Ep: 3921 | Steps:  251 | Reward:   845.96
Total T:  475994 | Ep: 3922 | Steps:  213 | Reward:   680.17
Total T:  476280 | Ep: 3923 | Steps:  286 | Reward:   943.46
Total T:  476452 | Ep: 3924 | Steps:  172 | Reward:   498.31
Total T:  476730 | Ep: 3925 | Steps:  278 | Reward:   950.00
Total T:  477020 | Ep: 3926 | Steps:  290 | Reward:   957.15
Total T:  477281 | Ep: 3927 | Steps:  261 | Reward:   891.18
Total T:  477556 | Ep: 3928 | Steps:  275 | Reward:   927.09
Total T:  477836 | Ep: 3929 | Steps:  280 | Reward:   936.46
Total T:  478109 | Ep: 3930 | Steps:  273 | Reward:   931.41
Total T:  478401 | Ep: 3931 | Steps:  292 | Reward:   971.32
Total T:  478654 | Ep: 3932 | Steps:  253 | Reward:   855.73
Total T:  478944 | Ep: 3933 | Steps:  290 | Reward:   949.08
Total T:  479203 | Ep: 3934 | Steps:  259 | Reward:   851.81
Total T:  479470 | Ep: 3935 | Steps:  267 | Reward:   907.54
Total T:  479755 | Ep: 3936 | Steps:  285 | Reward:   951.01
---------------------------------------
Evaluation over 10 episodes: 1001.638
---------------------------------------
Total T:  480067 | Ep: 3937 | Steps:  312 | Reward:  1045.82
Total T:  480359 | Ep: 3938 | Steps:  292 | Reward:   941.29
Total T:  480624 | Ep: 3939 | Steps:  265 | Reward:   899.37
Total T:  480859 | Ep: 3940 | Steps:  235 | Reward:   759.14
Total T:  481148 | Ep: 3941 | Steps:  289 | Reward:   952.38
Total T:  481444 | Ep: 3942 | Steps:  296 | Reward:   954.74
Total T:  481719 | Ep: 3943 | Steps:  275 | Reward:   944.34
Total T:  481988 | Ep: 3944 | Steps:  269 | Reward:   883.84
Total T:  482300 | Ep: 3945 | Steps:  312 | Reward:  1055.75
Total T:  482591 | Ep: 3946 | Steps:  291 | Reward:   957.95
Total T:  482876 | Ep: 3947 | Steps:  285 | Reward:   945.93
Total T:  483133 | Ep: 3948 | Steps:  257 | Reward:   875.86
Total T:  483377 | Ep: 3949 | Steps:  244 | Reward:   811.13
Total T:  483663 | Ep: 3950 | Steps:  286 | Reward:   951.17
Total T:  483896 | Ep: 3951 | Steps:  233 | Reward:   786.22
Total T:  484204 | Ep: 3952 | Steps:  308 | Reward:  1045.90
Total T:  484472 | Ep: 3953 | Steps:  268 | Reward:   918.49
Total T:  484752 | Ep: 3954 | Steps:  280 | Reward:   946.44
Total T:  485042 | Ep: 3955 | Steps:  290 | Reward:   966.24
Total T:  485314 | Ep: 3956 | Steps:  272 | Reward:   929.71
Total T:  485599 | Ep: 3957 | Steps:  285 | Reward:   965.27
Total T:  485902 | Ep: 3958 | Steps:  303 | Reward:  1023.99
Total T:  486206 | Ep: 3959 | Steps:  304 | Reward:  1001.48
Total T:  486481 | Ep: 3960 | Steps:  275 | Reward:   873.97
Total T:  486756 | Ep: 3961 | Steps:  275 | Reward:   928.17
Total T:  487033 | Ep: 3962 | Steps:  277 | Reward:   949.29
Total T:  487319 | Ep: 3963 | Steps:  286 | Reward:   942.91
Total T:  487595 | Ep: 3964 | Steps:  276 | Reward:   876.89
Total T:  487883 | Ep: 3965 | Steps:  288 | Reward:   956.80
Total T:  488255 | Ep: 3966 | Steps:  372 | Reward:  1224.60
Total T:  488526 | Ep: 3967 | Steps:  271 | Reward:   912.65
Total T:  488803 | Ep: 3968 | Steps:  277 | Reward:   914.87
Total T:  489113 | Ep: 3969 | Steps:  310 | Reward:  1030.78
Total T:  489399 | Ep: 3970 | Steps:  286 | Reward:   943.28
Total T:  489687 | Ep: 3971 | Steps:  288 | Reward:   969.65
---------------------------------------
Evaluation over 10 episodes: 1228.504
---------------------------------------
Total T:  490016 | Ep: 3972 | Steps:  329 | Reward:  1103.01
Total T:  490305 | Ep: 3973 | Steps:  289 | Reward:   928.45
Total T:  490640 | Ep: 3974 | Steps:  335 | Reward:  1128.72
Total T:  490925 | Ep: 3975 | Steps:  285 | Reward:   906.92
Total T:  491213 | Ep: 3976 | Steps:  288 | Reward:   912.86
Total T:  491515 | Ep: 3977 | Steps:  302 | Reward:  1011.56
Total T:  491794 | Ep: 3978 | Steps:  279 | Reward:   928.70
Total T:  492045 | Ep: 3979 | Steps:  251 | Reward:   852.01
Total T:  492375 | Ep: 3980 | Steps:  330 | Reward:  1106.53
Total T:  492734 | Ep: 3981 | Steps:  359 | Reward:  1201.42
Total T:  493062 | Ep: 3982 | Steps:  328 | Reward:  1124.75
Total T:  493336 | Ep: 3983 | Steps:  274 | Reward:   911.81
Total T:  493647 | Ep: 3984 | Steps:  311 | Reward:  1031.49
Total T:  493937 | Ep: 3985 | Steps:  290 | Reward:   961.77
Total T:  494318 | Ep: 3986 | Steps:  381 | Reward:  1274.02
Total T:  494624 | Ep: 3987 | Steps:  306 | Reward:   991.96
Total T:  495003 | Ep: 3988 | Steps:  379 | Reward:  1256.63
Total T:  495299 | Ep: 3989 | Steps:  296 | Reward:   991.28
Total T:  495606 | Ep: 3990 | Steps:  307 | Reward:  1034.94
Total T:  495888 | Ep: 3991 | Steps:  282 | Reward:   928.63
Total T:  496164 | Ep: 3992 | Steps:  276 | Reward:   923.09
Total T:  496518 | Ep: 3993 | Steps:  354 | Reward:  1178.88
Total T:  496821 | Ep: 3994 | Steps:  303 | Reward:  1018.47
Total T:  497312 | Ep: 3995 | Steps:  491 | Reward:  1598.88
Total T:  497716 | Ep: 3996 | Steps:  404 | Reward:  1366.90
Total T:  498079 | Ep: 3997 | Steps:  363 | Reward:  1205.79
Total T:  498422 | Ep: 3998 | Steps:  343 | Reward:  1152.24
Total T:  498745 | Ep: 3999 | Steps:  323 | Reward:  1059.06
Total T:  499118 | Ep: 4000 | Steps:  373 | Reward:  1248.14
Total T:  499562 | Ep: 4001 | Steps:  444 | Reward:  1497.60
Total T:  499853 | Ep: 4002 | Steps:  291 | Reward:   987.88
---------------------------------------
Evaluation over 10 episodes: 1142.568
---------------------------------------
Total T:  500200 | Ep: 4003 | Steps:  347 | Reward:  1145.24
Total T:  500698 | Ep: 4004 | Steps:  498 | Reward:  1705.54
Total T:  501108 | Ep: 4005 | Steps:  410 | Reward:  1405.95
Total T:  501559 | Ep: 4006 | Steps:  451 | Reward:  1510.89
Total T:  501857 | Ep: 4007 | Steps:  298 | Reward:  1010.08
Total T:  502132 | Ep: 4008 | Steps:  275 | Reward:   936.90
Total T:  502494 | Ep: 4009 | Steps:  362 | Reward:  1237.61
Total T:  502772 | Ep: 4010 | Steps:  278 | Reward:   925.12
Total T:  503118 | Ep: 4011 | Steps:  346 | Reward:  1008.95
Total T:  503403 | Ep: 4012 | Steps:  285 | Reward:   941.60
Total T:  503731 | Ep: 4013 | Steps:  328 | Reward:  1123.78
Total T:  504104 | Ep: 4014 | Steps:  373 | Reward:  1252.02
Total T:  504414 | Ep: 4015 | Steps:  310 | Reward:  1065.27
Total T:  504840 | Ep: 4016 | Steps:  426 | Reward:  1425.72
Total T:  505105 | Ep: 4017 | Steps:  265 | Reward:   907.51
Total T:  505376 | Ep: 4018 | Steps:  271 | Reward:   915.16
Total T:  505668 | Ep: 4019 | Steps:  292 | Reward:   970.67
Total T:  505952 | Ep: 4020 | Steps:  284 | Reward:   895.11
Total T:  506295 | Ep: 4021 | Steps:  343 | Reward:  1109.40
Total T:  506702 | Ep: 4022 | Steps:  407 | Reward:  1362.92
Total T:  507044 | Ep: 4023 | Steps:  342 | Reward:  1153.79
Total T:  507290 | Ep: 4024 | Steps:  246 | Reward:   718.84
Total T:  507637 | Ep: 4025 | Steps:  347 | Reward:  1167.99
Total T:  507917 | Ep: 4026 | Steps:  280 | Reward:   923.48
Total T:  508164 | Ep: 4027 | Steps:  247 | Reward:   828.88
Total T:  508448 | Ep: 4028 | Steps:  284 | Reward:   892.72
Total T:  508769 | Ep: 4029 | Steps:  321 | Reward:  1102.41
Total T:  509037 | Ep: 4030 | Steps:  268 | Reward:   919.07
Total T:  509386 | Ep: 4031 | Steps:  349 | Reward:  1118.08
Total T:  509686 | Ep: 4032 | Steps:  300 | Reward:   956.64
---------------------------------------
Evaluation over 10 episodes: 1181.986
---------------------------------------
Total T:  510166 | Ep: 4033 | Steps:  480 | Reward:  1566.34
Total T:  510438 | Ep: 4034 | Steps:  272 | Reward:   939.96
Total T:  510748 | Ep: 4035 | Steps:  310 | Reward:  1027.24
Total T:  511026 | Ep: 4036 | Steps:  278 | Reward:   958.87
Total T:  511364 | Ep: 4037 | Steps:  338 | Reward:  1162.73
Total T:  511547 | Ep: 4038 | Steps:  183 | Reward:   517.99
Total T:  511812 | Ep: 4039 | Steps:  265 | Reward:   920.64
Total T:  512124 | Ep: 4040 | Steps:  312 | Reward:  1018.24
Total T:  512304 | Ep: 4041 | Steps:  180 | Reward:   470.99
Total T:  512576 | Ep: 4042 | Steps:  272 | Reward:   897.05
Total T:  512749 | Ep: 4043 | Steps:  173 | Reward:   462.03
Total T:  513007 | Ep: 4044 | Steps:  258 | Reward:   872.78
Total T:  513365 | Ep: 4045 | Steps:  358 | Reward:  1233.98
Total T:  513704 | Ep: 4046 | Steps:  339 | Reward:  1051.94
Total T:  514115 | Ep: 4047 | Steps:  411 | Reward:  1377.00
Total T:  514452 | Ep: 4048 | Steps:  337 | Reward:  1095.34
Total T:  514732 | Ep: 4049 | Steps:  280 | Reward:   910.36
Total T:  515019 | Ep: 4050 | Steps:  287 | Reward:   918.75
Total T:  515305 | Ep: 4051 | Steps:  286 | Reward:   895.47
Total T:  515577 | Ep: 4052 | Steps:  272 | Reward:   841.01
Total T:  515949 | Ep: 4053 | Steps:  372 | Reward:  1216.97
Total T:  516281 | Ep: 4054 | Steps:  332 | Reward:  1114.20
Total T:  516578 | Ep: 4055 | Steps:  297 | Reward:   989.33
Total T:  516877 | Ep: 4056 | Steps:  299 | Reward:   946.18
Total T:  517118 | Ep: 4057 | Steps:  241 | Reward:   723.50
Total T:  517371 | Ep: 4058 | Steps:  253 | Reward:   718.17
Total T:  517637 | Ep: 4059 | Steps:  266 | Reward:   806.54
Total T:  517800 | Ep: 4060 | Steps:  163 | Reward:   447.12
Total T:  518035 | Ep: 4061 | Steps:  235 | Reward:   769.70
Total T:  518284 | Ep: 4062 | Steps:  249 | Reward:   710.28
Total T:  518606 | Ep: 4063 | Steps:  322 | Reward:  1076.06
Total T:  518872 | Ep: 4064 | Steps:  266 | Reward:   871.55
Total T:  519137 | Ep: 4065 | Steps:  265 | Reward:   895.56
Total T:  519438 | Ep: 4066 | Steps:  301 | Reward:   929.59
Total T:  519727 | Ep: 4067 | Steps:  289 | Reward:   950.88
Total T:  519950 | Ep: 4068 | Steps:  223 | Reward:   696.51
---------------------------------------
Evaluation over 10 episodes: 990.252
---------------------------------------
Total T:  520213 | Ep: 4069 | Steps:  263 | Reward:   900.88
Total T:  520490 | Ep: 4070 | Steps:  277 | Reward:   852.73
Total T:  520854 | Ep: 4071 | Steps:  364 | Reward:  1216.88
Total T:  521019 | Ep: 4072 | Steps:  165 | Reward:   463.88
Total T:  521294 | Ep: 4073 | Steps:  275 | Reward:   841.40
Total T:  521544 | Ep: 4074 | Steps:  250 | Reward:   726.85
Total T:  521823 | Ep: 4075 | Steps:  279 | Reward:   900.50
Total T:  522061 | Ep: 4076 | Steps:  238 | Reward:   804.35
Total T:  522419 | Ep: 4077 | Steps:  358 | Reward:  1168.46
Total T:  522713 | Ep: 4078 | Steps:  294 | Reward:   953.38
Total T:  522942 | Ep: 4079 | Steps:  229 | Reward:   745.42
Total T:  523198 | Ep: 4080 | Steps:  256 | Reward:   866.51
Total T:  523483 | Ep: 4081 | Steps:  285 | Reward:   957.13
Total T:  523746 | Ep: 4082 | Steps:  263 | Reward:   842.74
Total T:  523969 | Ep: 4083 | Steps:  223 | Reward:   730.77
Total T:  524337 | Ep: 4084 | Steps:  368 | Reward:  1222.19
Total T:  524610 | Ep: 4085 | Steps:  273 | Reward:   920.15
Total T:  524891 | Ep: 4086 | Steps:  281 | Reward:   886.09
Total T:  525165 | Ep: 4087 | Steps:  274 | Reward:   920.18
Total T:  525478 | Ep: 4088 | Steps:  313 | Reward:  1027.75
Total T:  526091 | Ep: 4089 | Steps:  613 | Reward:  1970.73
Total T:  526421 | Ep: 4090 | Steps:  330 | Reward:  1100.81
Total T:  526693 | Ep: 4091 | Steps:  272 | Reward:   885.32
Total T:  526971 | Ep: 4092 | Steps:  278 | Reward:   943.31
Total T:  527289 | Ep: 4093 | Steps:  318 | Reward:  1060.28
Total T:  527643 | Ep: 4094 | Steps:  354 | Reward:  1172.37
Total T:  528118 | Ep: 4095 | Steps:  475 | Reward:  1550.54
Total T:  528400 | Ep: 4096 | Steps:  282 | Reward:   949.79
Total T:  528776 | Ep: 4097 | Steps:  376 | Reward:  1219.11
Total T:  529120 | Ep: 4098 | Steps:  344 | Reward:  1140.72
Total T:  529581 | Ep: 4099 | Steps:  461 | Reward:  1503.88
Total T:  529915 | Ep: 4100 | Steps:  334 | Reward:  1099.57
---------------------------------------
Evaluation over 10 episodes: 962.063
---------------------------------------
Total T:  530181 | Ep: 4101 | Steps:  266 | Reward:   892.78
Total T:  530645 | Ep: 4102 | Steps:  464 | Reward:  1504.36
Total T:  531029 | Ep: 4103 | Steps:  384 | Reward:  1235.25
Total T:  531708 | Ep: 4104 | Steps:  679 | Reward:  2232.38
Total T:  532339 | Ep: 4105 | Steps:  631 | Reward:  2032.45
Total T:  532594 | Ep: 4106 | Steps:  255 | Reward:   865.65
Total T:  532863 | Ep: 4107 | Steps:  269 | Reward:   914.14
Total T:  533116 | Ep: 4108 | Steps:  253 | Reward:   854.09
Total T:  533882 | Ep: 4109 | Steps:  766 | Reward:  2547.75
Total T:  534171 | Ep: 4110 | Steps:  289 | Reward:   938.55
Total T:  534450 | Ep: 4111 | Steps:  279 | Reward:   938.46
Total T:  534702 | Ep: 4112 | Steps:  252 | Reward:   848.34
Total T:  534991 | Ep: 4113 | Steps:  289 | Reward:   943.83
Total T:  535429 | Ep: 4114 | Steps:  438 | Reward:  1463.45
Total T:  535717 | Ep: 4115 | Steps:  288 | Reward:   956.26
Total T:  536011 | Ep: 4116 | Steps:  294 | Reward:   968.24
Total T:  536334 | Ep: 4117 | Steps:  323 | Reward:  1096.65
Total T:  536676 | Ep: 4118 | Steps:  342 | Reward:  1152.54
Total T:  537014 | Ep: 4119 | Steps:  338 | Reward:  1132.94
Total T:  537555 | Ep: 4120 | Steps:  541 | Reward:  1745.87
Total T:  538179 | Ep: 4121 | Steps:  624 | Reward:  2042.38
Total T:  538441 | Ep: 4122 | Steps:  262 | Reward:   904.32
Total T:  538726 | Ep: 4123 | Steps:  285 | Reward:   959.50
Total T:  539076 | Ep: 4124 | Steps:  350 | Reward:  1191.60
Total T:  539379 | Ep: 4125 | Steps:  303 | Reward:  1032.87
Total T:  539934 | Ep: 4126 | Steps:  555 | Reward:  1807.25
---------------------------------------
Evaluation over 10 episodes: 1587.143
---------------------------------------
Total T:  540491 | Ep: 4127 | Steps:  557 | Reward:  1791.10
Total T:  540770 | Ep: 4128 | Steps:  279 | Reward:   949.22
Total T:  541454 | Ep: 4129 | Steps:  684 | Reward:  2176.37
Total T:  542297 | Ep: 4130 | Steps:  843 | Reward:  2729.25
Total T:  542815 | Ep: 4131 | Steps:  518 | Reward:  1676.57
Total T:  543330 | Ep: 4132 | Steps:  515 | Reward:  1710.83
Total T:  543648 | Ep: 4133 | Steps:  318 | Reward:  1031.79
Total T:  544188 | Ep: 4134 | Steps:  540 | Reward:  1750.78
Total T:  544503 | Ep: 4135 | Steps:  315 | Reward:  1068.63
Total T:  545333 | Ep: 4136 | Steps:  830 | Reward:  2660.47
Total T:  545618 | Ep: 4137 | Steps:  285 | Reward:   948.80
Total T:  546165 | Ep: 4138 | Steps:  547 | Reward:  1690.03
Total T:  546828 | Ep: 4139 | Steps:  663 | Reward:  2097.84
Total T:  547554 | Ep: 4140 | Steps:  726 | Reward:  2237.26
Total T:  547812 | Ep: 4141 | Steps:  258 | Reward:   773.81
Total T:  548757 | Ep: 4142 | Steps:  945 | Reward:  3093.70
Total T:  549124 | Ep: 4143 | Steps:  367 | Reward:  1176.17
Total T:  549497 | Ep: 4144 | Steps:  373 | Reward:  1210.50
---------------------------------------
Evaluation over 10 episodes: 1852.263
---------------------------------------
Total T:  550497 | Ep: 4145 | Steps: 1000 | Reward:  3011.42
Total T:  550762 | Ep: 4146 | Steps:  265 | Reward:   901.87
Total T:  551003 | Ep: 4147 | Steps:  241 | Reward:   828.57
Total T:  551462 | Ep: 4148 | Steps:  459 | Reward:  1506.38
Total T:  551831 | Ep: 4149 | Steps:  369 | Reward:  1211.00
Total T:  552138 | Ep: 4150 | Steps:  307 | Reward:  1027.19
Total T:  552649 | Ep: 4151 | Steps:  511 | Reward:  1702.50
Total T:  552962 | Ep: 4152 | Steps:  313 | Reward:  1056.05
Total T:  553281 | Ep: 4153 | Steps:  319 | Reward:  1075.09
Total T:  553664 | Ep: 4154 | Steps:  383 | Reward:  1236.82
Total T:  553953 | Ep: 4155 | Steps:  289 | Reward:   942.22
Total T:  554399 | Ep: 4156 | Steps:  446 | Reward:  1491.95
Total T:  554688 | Ep: 4157 | Steps:  289 | Reward:   900.56
Total T:  554958 | Ep: 4158 | Steps:  270 | Reward:   838.08
Total T:  555205 | Ep: 4159 | Steps:  247 | Reward:   783.45
Total T:  555851 | Ep: 4160 | Steps:  646 | Reward:  2139.72
Total T:  556357 | Ep: 4161 | Steps:  506 | Reward:  1660.02
Total T:  556789 | Ep: 4162 | Steps:  432 | Reward:  1453.31
Total T:  557046 | Ep: 4163 | Steps:  257 | Reward:   830.50
Total T:  557339 | Ep: 4164 | Steps:  293 | Reward:   980.78
Total T:  557644 | Ep: 4165 | Steps:  305 | Reward:   904.37
Total T:  557995 | Ep: 4166 | Steps:  351 | Reward:  1103.26
Total T:  558331 | Ep: 4167 | Steps:  336 | Reward:  1140.85
Total T:  558622 | Ep: 4168 | Steps:  291 | Reward:   955.49
Total T:  558927 | Ep: 4169 | Steps:  305 | Reward:  1031.90
Total T:  559256 | Ep: 4170 | Steps:  329 | Reward:  1106.52
Total T:  559618 | Ep: 4171 | Steps:  362 | Reward:  1200.58
Total T:  559921 | Ep: 4172 | Steps:  303 | Reward:  1012.58
---------------------------------------
Evaluation over 10 episodes: 912.969
---------------------------------------
Total T:  560184 | Ep: 4173 | Steps:  263 | Reward:   884.72
Total T:  560496 | Ep: 4174 | Steps:  312 | Reward:  1055.37
Total T:  560805 | Ep: 4175 | Steps:  309 | Reward:  1023.92
Total T:  561078 | Ep: 4176 | Steps:  273 | Reward:   929.67
Total T:  561340 | Ep: 4177 | Steps:  262 | Reward:   836.73
Total T:  561669 | Ep: 4178 | Steps:  329 | Reward:   993.29
Total T:  562209 | Ep: 4179 | Steps:  540 | Reward:  1742.86
Total T:  562604 | Ep: 4180 | Steps:  395 | Reward:  1259.53
Total T:  562889 | Ep: 4181 | Steps:  285 | Reward:   919.08
Total T:  563136 | Ep: 4182 | Steps:  247 | Reward:   849.98
Total T:  563417 | Ep: 4183 | Steps:  281 | Reward:   960.77
Total T:  563825 | Ep: 4184 | Steps:  408 | Reward:  1379.83
Total T:  564284 | Ep: 4185 | Steps:  459 | Reward:  1517.86
Total T:  564604 | Ep: 4186 | Steps:  320 | Reward:  1064.92
Total T:  564929 | Ep: 4187 | Steps:  325 | Reward:  1110.46
Total T:  565181 | Ep: 4188 | Steps:  252 | Reward:   742.49
Total T:  565514 | Ep: 4189 | Steps:  333 | Reward:  1120.81
Total T:  566055 | Ep: 4190 | Steps:  541 | Reward:  1736.18
Total T:  566405 | Ep: 4191 | Steps:  350 | Reward:  1172.53
Total T:  566707 | Ep: 4192 | Steps:  302 | Reward:  1019.03
Total T:  566999 | Ep: 4193 | Steps:  292 | Reward:   968.26
Total T:  567284 | Ep: 4194 | Steps:  285 | Reward:   899.14
Total T:  567566 | Ep: 4195 | Steps:  282 | Reward:   906.35
Total T:  567871 | Ep: 4196 | Steps:  305 | Reward:  1013.77
Total T:  568125 | Ep: 4197 | Steps:  254 | Reward:   875.20
Total T:  568409 | Ep: 4198 | Steps:  284 | Reward:   928.92
Total T:  568685 | Ep: 4199 | Steps:  276 | Reward:   948.12
Total T:  568934 | Ep: 4200 | Steps:  249 | Reward:   855.96
Total T:  569188 | Ep: 4201 | Steps:  254 | Reward:   864.35
Total T:  569459 | Ep: 4202 | Steps:  271 | Reward:   930.89
Total T:  569970 | Ep: 4203 | Steps:  511 | Reward:  1685.66
---------------------------------------
Evaluation over 10 episodes: 1023.293
---------------------------------------
Total T:  570427 | Ep: 4204 | Steps:  457 | Reward:  1499.50
Total T:  570666 | Ep: 4205 | Steps:  239 | Reward:   814.24
Total T:  570913 | Ep: 4206 | Steps:  247 | Reward:   851.15
Total T:  571269 | Ep: 4207 | Steps:  356 | Reward:  1183.61
Total T:  571514 | Ep: 4208 | Steps:  245 | Reward:   844.93
Total T:  571803 | Ep: 4209 | Steps:  289 | Reward:   964.28
Total T:  572119 | Ep: 4210 | Steps:  316 | Reward:  1058.27
Total T:  572402 | Ep: 4211 | Steps:  283 | Reward:   931.79
Total T:  572695 | Ep: 4212 | Steps:  293 | Reward:   962.87
Total T:  572936 | Ep: 4213 | Steps:  241 | Reward:   827.77
Total T:  573220 | Ep: 4214 | Steps:  284 | Reward:   893.99
Total T:  573480 | Ep: 4215 | Steps:  260 | Reward:   875.08
Total T:  573822 | Ep: 4216 | Steps:  342 | Reward:  1161.21
Total T:  574114 | Ep: 4217 | Steps:  292 | Reward:   981.15
Total T:  574403 | Ep: 4218 | Steps:  289 | Reward:   933.83
Total T:  574727 | Ep: 4219 | Steps:  324 | Reward:  1100.08
Total T:  575068 | Ep: 4220 | Steps:  341 | Reward:  1162.52
Total T:  575431 | Ep: 4221 | Steps:  363 | Reward:  1225.40
Total T:  575797 | Ep: 4222 | Steps:  366 | Reward:  1182.36
Total T:  576249 | Ep: 4223 | Steps:  452 | Reward:  1504.21
Total T:  576498 | Ep: 4224 | Steps:  249 | Reward:   859.77
Total T:  576786 | Ep: 4225 | Steps:  288 | Reward:   950.02
Total T:  577019 | Ep: 4226 | Steps:  233 | Reward:   782.43
Total T:  577269 | Ep: 4227 | Steps:  250 | Reward:   853.21
Total T:  577503 | Ep: 4228 | Steps:  234 | Reward:   794.05
Total T:  578136 | Ep: 4229 | Steps:  633 | Reward:  2014.18
Total T:  578428 | Ep: 4230 | Steps:  292 | Reward:   974.90
Total T:  578671 | Ep: 4231 | Steps:  243 | Reward:   757.45
Total T:  578929 | Ep: 4232 | Steps:  258 | Reward:   888.34
Total T:  579292 | Ep: 4233 | Steps:  363 | Reward:  1225.10
Total T:  579630 | Ep: 4234 | Steps:  338 | Reward:  1141.22
---------------------------------------
Evaluation over 10 episodes: 939.004
---------------------------------------
Total T:  580088 | Ep: 4235 | Steps:  458 | Reward:  1519.35
Total T:  580364 | Ep: 4236 | Steps:  276 | Reward:   897.91
Total T:  580858 | Ep: 4237 | Steps:  494 | Reward:  1593.47
Total T:  581313 | Ep: 4238 | Steps:  455 | Reward:  1489.90
Total T:  581580 | Ep: 4239 | Steps:  267 | Reward:   884.91
Total T:  581943 | Ep: 4240 | Steps:  363 | Reward:  1224.10
Total T:  582312 | Ep: 4241 | Steps:  369 | Reward:  1196.35
Total T:  582566 | Ep: 4242 | Steps:  254 | Reward:   841.63
Total T:  582822 | Ep: 4243 | Steps:  256 | Reward:   823.48
Total T:  583108 | Ep: 4244 | Steps:  286 | Reward:   924.88
Total T:  583425 | Ep: 4245 | Steps:  317 | Reward:  1064.64
Total T:  583714 | Ep: 4246 | Steps:  289 | Reward:   939.22
Total T:  583965 | Ep: 4247 | Steps:  251 | Reward:   864.84
Total T:  584255 | Ep: 4248 | Steps:  290 | Reward:   976.14
Total T:  584538 | Ep: 4249 | Steps:  283 | Reward:   936.57
Total T:  584820 | Ep: 4250 | Steps:  282 | Reward:   905.61
Total T:  585076 | Ep: 4251 | Steps:  256 | Reward:   873.64
Total T:  585400 | Ep: 4252 | Steps:  324 | Reward:  1083.26
Total T:  585749 | Ep: 4253 | Steps:  349 | Reward:  1040.35
Total T:  586136 | Ep: 4254 | Steps:  387 | Reward:  1282.25
Total T:  586430 | Ep: 4255 | Steps:  294 | Reward:   969.46
Total T:  586673 | Ep: 4256 | Steps:  243 | Reward:   791.99
Total T:  587673 | Ep: 4257 | Steps: 1000 | Reward:  3141.99
Total T:  587909 | Ep: 4258 | Steps:  236 | Reward:   789.25
Total T:  588268 | Ep: 4259 | Steps:  359 | Reward:  1194.00
Total T:  588552 | Ep: 4260 | Steps:  284 | Reward:   908.38
Total T:  588843 | Ep: 4261 | Steps:  291 | Reward:   948.17
Total T:  589097 | Ep: 4262 | Steps:  254 | Reward:   872.06
Total T:  589378 | Ep: 4263 | Steps:  281 | Reward:   947.58
Total T:  589725 | Ep: 4264 | Steps:  347 | Reward:  1161.06
Total T:  590000 | Ep: 4265 | Steps:  275 | Reward:   912.57
---------------------------------------
Evaluation over 10 episodes: 1248.377
---------------------------------------
Total T:  590292 | Ep: 4266 | Steps:  292 | Reward:   967.61
Total T:  590580 | Ep: 4267 | Steps:  288 | Reward:   954.03
Total T:  590894 | Ep: 4268 | Steps:  314 | Reward:  1057.57
Total T:  591175 | Ep: 4269 | Steps:  281 | Reward:   922.32
Total T:  591434 | Ep: 4270 | Steps:  259 | Reward:   875.92
Total T:  591894 | Ep: 4271 | Steps:  460 | Reward:  1530.67
Total T:  592196 | Ep: 4272 | Steps:  302 | Reward:   982.69
Total T:  592485 | Ep: 4273 | Steps:  289 | Reward:   962.61
Total T:  592726 | Ep: 4274 | Steps:  241 | Reward:   812.18
Total T:  593015 | Ep: 4275 | Steps:  289 | Reward:   940.31
Total T:  593267 | Ep: 4276 | Steps:  252 | Reward:   848.31
Total T:  593514 | Ep: 4277 | Steps:  247 | Reward:   846.24
Total T:  593818 | Ep: 4278 | Steps:  304 | Reward:  1025.82
Total T:  594091 | Ep: 4279 | Steps:  273 | Reward:   927.36
Total T:  594287 | Ep: 4280 | Steps:  196 | Reward:   614.66
Total T:  594879 | Ep: 4281 | Steps:  592 | Reward:  1987.02
Total T:  595128 | Ep: 4282 | Steps:  249 | Reward:   853.79
Total T:  595372 | Ep: 4283 | Steps:  244 | Reward:   833.80
Total T:  595643 | Ep: 4284 | Steps:  271 | Reward:   922.58
Total T:  595950 | Ep: 4285 | Steps:  307 | Reward:  1057.00
Total T:  596177 | Ep: 4286 | Steps:  227 | Reward:   762.74
Total T:  596459 | Ep: 4287 | Steps:  282 | Reward:   931.85
Total T:  596720 | Ep: 4288 | Steps:  261 | Reward:   877.56
Total T:  596978 | Ep: 4289 | Steps:  258 | Reward:   870.74
Total T:  597223 | Ep: 4290 | Steps:  245 | Reward:   832.56
Total T:  597504 | Ep: 4291 | Steps:  281 | Reward:   912.17
Total T:  597732 | Ep: 4292 | Steps:  228 | Reward:   751.78
Total T:  597989 | Ep: 4293 | Steps:  257 | Reward:   861.24
Total T:  598247 | Ep: 4294 | Steps:  258 | Reward:   882.69
Total T:  598514 | Ep: 4295 | Steps:  267 | Reward:   904.08
Total T:  598871 | Ep: 4296 | Steps:  357 | Reward:  1192.93
Total T:  599112 | Ep: 4297 | Steps:  241 | Reward:   819.13
Total T:  599324 | Ep: 4298 | Steps:  212 | Reward:   682.96
Total T:  599564 | Ep: 4299 | Steps:  240 | Reward:   807.89
---------------------------------------
Evaluation over 10 episodes: 2635.083
---------------------------------------
Total T:  600074 | Ep: 4300 | Steps:  510 | Reward:  1703.56
Total T:  600289 | Ep: 4301 | Steps:  215 | Reward:   685.56
Total T:  600550 | Ep: 4302 | Steps:  261 | Reward:   873.37
Total T:  600797 | Ep: 4303 | Steps:  247 | Reward:   836.34
Total T:  601080 | Ep: 4304 | Steps:  283 | Reward:   944.84
Total T:  601323 | Ep: 4305 | Steps:  243 | Reward:   824.49
Total T:  601583 | Ep: 4306 | Steps:  260 | Reward:   871.10
Total T:  601806 | Ep: 4307 | Steps:  223 | Reward:   740.66
Total T:  602090 | Ep: 4308 | Steps:  284 | Reward:   956.82
Total T:  602363 | Ep: 4309 | Steps:  273 | Reward:   933.85
Total T:  602699 | Ep: 4310 | Steps:  336 | Reward:  1134.46
Total T:  602997 | Ep: 4311 | Steps:  298 | Reward:  1011.64
Total T:  603277 | Ep: 4312 | Steps:  280 | Reward:   908.02
Total T:  603538 | Ep: 4313 | Steps:  261 | Reward:   884.70
Total T:  603787 | Ep: 4314 | Steps:  249 | Reward:   838.36
Total T:  604049 | Ep: 4315 | Steps:  262 | Reward:   902.74
Total T:  604257 | Ep: 4316 | Steps:  208 | Reward:   663.06
Total T:  604650 | Ep: 4317 | Steps:  393 | Reward:  1331.58
Total T:  604884 | Ep: 4318 | Steps:  234 | Reward:   801.55
Total T:  605159 | Ep: 4319 | Steps:  275 | Reward:   922.70
Total T:  605446 | Ep: 4320 | Steps:  287 | Reward:   932.74
Total T:  605674 | Ep: 4321 | Steps:  228 | Reward:   742.78
Total T:  605920 | Ep: 4322 | Steps:  246 | Reward:   833.35
Total T:  606164 | Ep: 4323 | Steps:  244 | Reward:   844.24
Total T:  606378 | Ep: 4324 | Steps:  214 | Reward:   696.79
Total T:  606610 | Ep: 4325 | Steps:  232 | Reward:   794.08
Total T:  606947 | Ep: 4326 | Steps:  337 | Reward:  1149.03
Total T:  607148 | Ep: 4327 | Steps:  201 | Reward:   673.25
Total T:  607395 | Ep: 4328 | Steps:  247 | Reward:   846.02
Total T:  607620 | Ep: 4329 | Steps:  225 | Reward:   758.84
Total T:  607821 | Ep: 4330 | Steps:  201 | Reward:   658.85
Total T:  608061 | Ep: 4331 | Steps:  240 | Reward:   816.46
Total T:  608291 | Ep: 4332 | Steps:  230 | Reward:   772.49
Total T:  608796 | Ep: 4333 | Steps:  505 | Reward:  1688.14
Total T:  609042 | Ep: 4334 | Steps:  246 | Reward:   833.34
Total T:  609245 | Ep: 4335 | Steps:  203 | Reward:   662.23
Total T:  609454 | Ep: 4336 | Steps:  209 | Reward:   700.17
Total T:  609667 | Ep: 4337 | Steps:  213 | Reward:   677.41
Total T:  609931 | Ep: 4338 | Steps:  264 | Reward:   873.44
---------------------------------------
Evaluation over 10 episodes: 805.742
---------------------------------------
Total T:  610195 | Ep: 4339 | Steps:  264 | Reward:   842.91
Total T:  610542 | Ep: 4340 | Steps:  347 | Reward:  1166.53
Total T:  610794 | Ep: 4341 | Steps:  252 | Reward:   855.51
Total T:  611014 | Ep: 4342 | Steps:  220 | Reward:   710.71
Total T:  611284 | Ep: 4343 | Steps:  270 | Reward:   879.37
Total T:  611492 | Ep: 4344 | Steps:  208 | Reward:   678.27
Total T:  611744 | Ep: 4345 | Steps:  252 | Reward:   842.72
Total T:  612007 | Ep: 4346 | Steps:  263 | Reward:   885.33
Total T:  612243 | Ep: 4347 | Steps:  236 | Reward:   801.67
Total T:  612489 | Ep: 4348 | Steps:  246 | Reward:   827.70
Total T:  612724 | Ep: 4349 | Steps:  235 | Reward:   817.71
Total T:  612991 | Ep: 4350 | Steps:  267 | Reward:   905.27
Total T:  613242 | Ep: 4351 | Steps:  251 | Reward:   849.14
Total T:  613443 | Ep: 4352 | Steps:  201 | Reward:   652.05
Total T:  613725 | Ep: 4353 | Steps:  282 | Reward:   955.21
Total T:  613999 | Ep: 4354 | Steps:  274 | Reward:   885.75
Total T:  614274 | Ep: 4355 | Steps:  275 | Reward:   925.79
Total T:  614500 | Ep: 4356 | Steps:  226 | Reward:   772.20
Total T:  614736 | Ep: 4357 | Steps:  236 | Reward:   790.61
Total T:  615019 | Ep: 4358 | Steps:  283 | Reward:   936.16
Total T:  615270 | Ep: 4359 | Steps:  251 | Reward:   852.95
Total T:  615478 | Ep: 4360 | Steps:  208 | Reward:   667.22
Total T:  615682 | Ep: 4361 | Steps:  204 | Reward:   674.62
Total T:  615886 | Ep: 4362 | Steps:  204 | Reward:   660.47
Total T:  616123 | Ep: 4363 | Steps:  237 | Reward:   809.11
Total T:  616368 | Ep: 4364 | Steps:  245 | Reward:   824.49
Total T:  616632 | Ep: 4365 | Steps:  264 | Reward:   883.00
Total T:  616858 | Ep: 4366 | Steps:  226 | Reward:   756.82
Total T:  617143 | Ep: 4367 | Steps:  285 | Reward:   954.24
Total T:  617431 | Ep: 4368 | Steps:  288 | Reward:   930.77
Total T:  617672 | Ep: 4369 | Steps:  241 | Reward:   818.38
Total T:  617939 | Ep: 4370 | Steps:  267 | Reward:   907.45
Total T:  618183 | Ep: 4371 | Steps:  244 | Reward:   835.43
Total T:  618466 | Ep: 4372 | Steps:  283 | Reward:   952.79
Total T:  618698 | Ep: 4373 | Steps:  232 | Reward:   792.56
Total T:  618904 | Ep: 4374 | Steps:  206 | Reward:   658.82
Total T:  619153 | Ep: 4375 | Steps:  249 | Reward:   842.76
Total T:  619520 | Ep: 4376 | Steps:  367 | Reward:  1200.10
Total T:  619725 | Ep: 4377 | Steps:  205 | Reward:   673.21
Total T:  619944 | Ep: 4378 | Steps:  219 | Reward:   738.59
---------------------------------------
Evaluation over 10 episodes: 840.121
---------------------------------------
Total T:  620284 | Ep: 4379 | Steps:  340 | Reward:  1150.15
Total T:  620708 | Ep: 4380 | Steps:  424 | Reward:  1430.22
Total T:  620987 | Ep: 4381 | Steps:  279 | Reward:   940.29
Total T:  621306 | Ep: 4382 | Steps:  319 | Reward:  1071.92
Total T:  621502 | Ep: 4383 | Steps:  196 | Reward:   621.65
Total T:  621742 | Ep: 4384 | Steps:  240 | Reward:   809.30
Total T:  621941 | Ep: 4385 | Steps:  199 | Reward:   633.33
Total T:  622216 | Ep: 4386 | Steps:  275 | Reward:   897.73
Total T:  622438 | Ep: 4387 | Steps:  222 | Reward:   732.95
Total T:  622664 | Ep: 4388 | Steps:  226 | Reward:   746.54
Total T:  622872 | Ep: 4389 | Steps:  208 | Reward:   661.97
Total T:  623129 | Ep: 4390 | Steps:  257 | Reward:   865.27
Total T:  623374 | Ep: 4391 | Steps:  245 | Reward:   840.53
Total T:  623601 | Ep: 4392 | Steps:  227 | Reward:   757.62
Total T:  623854 | Ep: 4393 | Steps:  253 | Reward:   861.72
Total T:  624127 | Ep: 4394 | Steps:  273 | Reward:   915.09
Total T:  624365 | Ep: 4395 | Steps:  238 | Reward:   811.39
Total T:  624629 | Ep: 4396 | Steps:  264 | Reward:   906.32
Total T:  624829 | Ep: 4397 | Steps:  200 | Reward:   640.70
Total T:  625073 | Ep: 4398 | Steps:  244 | Reward:   824.63
Total T:  625317 | Ep: 4399 | Steps:  244 | Reward:   822.18
Total T:  625583 | Ep: 4400 | Steps:  266 | Reward:   870.41
Total T:  625852 | Ep: 4401 | Steps:  269 | Reward:   915.16
Total T:  626096 | Ep: 4402 | Steps:  244 | Reward:   831.51
Total T:  626449 | Ep: 4403 | Steps:  353 | Reward:  1168.32
Total T:  627031 | Ep: 4404 | Steps:  582 | Reward:  1951.61
Total T:  627283 | Ep: 4405 | Steps:  252 | Reward:   858.73
Total T:  627534 | Ep: 4406 | Steps:  251 | Reward:   856.35
Total T:  627741 | Ep: 4407 | Steps:  207 | Reward:   669.42
Total T:  627989 | Ep: 4408 | Steps:  248 | Reward:   840.72
Total T:  628272 | Ep: 4409 | Steps:  283 | Reward:   951.07
Total T:  628560 | Ep: 4410 | Steps:  288 | Reward:   950.62
Total T:  628787 | Ep: 4411 | Steps:  227 | Reward:   764.67
Total T:  629069 | Ep: 4412 | Steps:  282 | Reward:   910.69
Total T:  629310 | Ep: 4413 | Steps:  241 | Reward:   831.10
Total T:  629569 | Ep: 4414 | Steps:  259 | Reward:   884.86
Total T:  629771 | Ep: 4415 | Steps:  202 | Reward:   664.86
Total T:  629978 | Ep: 4416 | Steps:  207 | Reward:   673.87
---------------------------------------
Evaluation over 10 episodes: 795.257
---------------------------------------
Total T:  630197 | Ep: 4417 | Steps:  219 | Reward:   726.79
Total T:  630444 | Ep: 4418 | Steps:  247 | Reward:   839.62
Total T:  630643 | Ep: 4419 | Steps:  199 | Reward:   652.22
Total T:  630848 | Ep: 4420 | Steps:  205 | Reward:   666.97
Total T:  631100 | Ep: 4421 | Steps:  252 | Reward:   860.42
Total T:  631313 | Ep: 4422 | Steps:  213 | Reward:   706.81
Total T:  631538 | Ep: 4423 | Steps:  225 | Reward:   737.75
Total T:  631772 | Ep: 4424 | Steps:  234 | Reward:   784.08
Total T:  632143 | Ep: 4425 | Steps:  371 | Reward:  1201.09
Total T:  632362 | Ep: 4426 | Steps:  219 | Reward:   720.79
Total T:  632604 | Ep: 4427 | Steps:  242 | Reward:   818.10
Total T:  632810 | Ep: 4428 | Steps:  206 | Reward:   646.79
Total T:  633017 | Ep: 4429 | Steps:  207 | Reward:   659.94
Total T:  633266 | Ep: 4430 | Steps:  249 | Reward:   842.06
Total T:  633530 | Ep: 4431 | Steps:  264 | Reward:   890.76
Total T:  633766 | Ep: 4432 | Steps:  236 | Reward:   798.97
Total T:  633966 | Ep: 4433 | Steps:  200 | Reward:   653.35
Total T:  634207 | Ep: 4434 | Steps:  241 | Reward:   818.87
Total T:  634482 | Ep: 4435 | Steps:  275 | Reward:   928.89
Total T:  634727 | Ep: 4436 | Steps:  245 | Reward:   824.49
Total T:  635015 | Ep: 4437 | Steps:  288 | Reward:   964.86
Total T:  635377 | Ep: 4438 | Steps:  362 | Reward:  1177.12
Total T:  635606 | Ep: 4439 | Steps:  229 | Reward:   751.08
Total T:  635834 | Ep: 4440 | Steps:  228 | Reward:   758.40
Total T:  636053 | Ep: 4441 | Steps:  219 | Reward:   717.19
Total T:  636268 | Ep: 4442 | Steps:  215 | Reward:   726.70
Total T:  636562 | Ep: 4443 | Steps:  294 | Reward:   953.18
Total T:  636775 | Ep: 4444 | Steps:  213 | Reward:   675.37
Total T:  637053 | Ep: 4445 | Steps:  278 | Reward:   926.91
Total T:  637289 | Ep: 4446 | Steps:  236 | Reward:   798.12
Total T:  637621 | Ep: 4447 | Steps:  332 | Reward:  1128.10
Total T:  637843 | Ep: 4448 | Steps:  222 | Reward:   720.49
Total T:  638092 | Ep: 4449 | Steps:  249 | Reward:   837.98
Total T:  638298 | Ep: 4450 | Steps:  206 | Reward:   659.68
Total T:  638567 | Ep: 4451 | Steps:  269 | Reward:   915.92
Total T:  638858 | Ep: 4452 | Steps:  291 | Reward:   960.74
Total T:  639143 | Ep: 4453 | Steps:  285 | Reward:   959.44
Total T:  639419 | Ep: 4454 | Steps:  276 | Reward:   917.89
Total T:  639800 | Ep: 4455 | Steps:  381 | Reward:  1251.64
---------------------------------------
Evaluation over 10 episodes: 1529.490
---------------------------------------
Total T:  640054 | Ep: 4456 | Steps:  254 | Reward:   867.00
Total T:  640336 | Ep: 4457 | Steps:  282 | Reward:   947.02
Total T:  640789 | Ep: 4458 | Steps:  453 | Reward:  1514.01
Total T:  641137 | Ep: 4459 | Steps:  348 | Reward:  1186.28
Total T:  641478 | Ep: 4460 | Steps:  341 | Reward:  1160.38
Total T:  641728 | Ep: 4461 | Steps:  250 | Reward:   855.85
Total T:  641995 | Ep: 4462 | Steps:  267 | Reward:   903.95
Total T:  642307 | Ep: 4463 | Steps:  312 | Reward:  1054.23
Total T:  642637 | Ep: 4464 | Steps:  330 | Reward:  1116.69
Total T:  642896 | Ep: 4465 | Steps:  259 | Reward:   865.46
Total T:  643155 | Ep: 4466 | Steps:  259 | Reward:   883.88
Total T:  643415 | Ep: 4467 | Steps:  260 | Reward:   875.51
Total T:  643670 | Ep: 4468 | Steps:  255 | Reward:   862.79
Total T:  643899 | Ep: 4469 | Steps:  229 | Reward:   763.84
Total T:  644174 | Ep: 4470 | Steps:  275 | Reward:   924.68
Total T:  644430 | Ep: 4471 | Steps:  256 | Reward:   870.19
Total T:  644691 | Ep: 4472 | Steps:  261 | Reward:   882.37
Total T:  644864 | Ep: 4473 | Steps:  173 | Reward:   468.93
Total T:  645314 | Ep: 4474 | Steps:  450 | Reward:  1473.71
Total T:  645563 | Ep: 4475 | Steps:  249 | Reward:   831.02
Total T:  645828 | Ep: 4476 | Steps:  265 | Reward:   901.49
Total T:  646072 | Ep: 4477 | Steps:  244 | Reward:   815.98
Total T:  646342 | Ep: 4478 | Steps:  270 | Reward:   905.56
Total T:  646587 | Ep: 4479 | Steps:  245 | Reward:   830.77
Total T:  647014 | Ep: 4480 | Steps:  427 | Reward:  1439.44
Total T:  647268 | Ep: 4481 | Steps:  254 | Reward:   857.81
Total T:  647519 | Ep: 4482 | Steps:  251 | Reward:   857.26
Total T:  647835 | Ep: 4483 | Steps:  316 | Reward:  1079.63
Total T:  648322 | Ep: 4484 | Steps:  487 | Reward:  1615.96
Total T:  648580 | Ep: 4485 | Steps:  258 | Reward:   864.37
Total T:  649028 | Ep: 4486 | Steps:  448 | Reward:  1491.39
Total T:  649199 | Ep: 4487 | Steps:  171 | Reward:   464.33
Total T:  649467 | Ep: 4488 | Steps:  268 | Reward:   868.90
Total T:  649724 | Ep: 4489 | Steps:  257 | Reward:   860.42
Total T:  649980 | Ep: 4490 | Steps:  256 | Reward:   878.88
---------------------------------------
Evaluation over 10 episodes: 1112.242
---------------------------------------
Total T:  650916 | Ep: 4491 | Steps:  936 | Reward:  3153.62
Total T:  651279 | Ep: 4492 | Steps:  363 | Reward:  1209.45
Total T:  651491 | Ep: 4493 | Steps:  212 | Reward:   697.41
Total T:  651760 | Ep: 4494 | Steps:  269 | Reward:   923.40
Total T:  652043 | Ep: 4495 | Steps:  283 | Reward:   919.06
Total T:  652284 | Ep: 4496 | Steps:  241 | Reward:   819.63
Total T:  653000 | Ep: 4497 | Steps:  716 | Reward:  2341.09
Total T:  653284 | Ep: 4498 | Steps:  284 | Reward:   955.37
Total T:  653618 | Ep: 4499 | Steps:  334 | Reward:  1146.71
Total T:  653900 | Ep: 4500 | Steps:  282 | Reward:   951.66
Total T:  654185 | Ep: 4501 | Steps:  285 | Reward:   973.60
Total T:  654468 | Ep: 4502 | Steps:  283 | Reward:   953.59
Total T:  654805 | Ep: 4503 | Steps:  337 | Reward:  1151.23
Total T:  655194 | Ep: 4504 | Steps:  389 | Reward:  1307.84
Total T:  655481 | Ep: 4505 | Steps:  287 | Reward:   968.59
Total T:  655985 | Ep: 4506 | Steps:  504 | Reward:  1704.99
Total T:  656238 | Ep: 4507 | Steps:  253 | Reward:   873.84
Total T:  656603 | Ep: 4508 | Steps:  365 | Reward:  1221.07
Total T:  656969 | Ep: 4509 | Steps:  366 | Reward:  1221.94
Total T:  657178 | Ep: 4510 | Steps:  209 | Reward:   669.38
Total T:  657422 | Ep: 4511 | Steps:  244 | Reward:   843.04
Total T:  657708 | Ep: 4512 | Steps:  286 | Reward:   959.93
Total T:  657947 | Ep: 4513 | Steps:  239 | Reward:   826.51
Total T:  658232 | Ep: 4514 | Steps:  285 | Reward:   944.95
Total T:  658496 | Ep: 4515 | Steps:  264 | Reward:   904.75
Total T:  658775 | Ep: 4516 | Steps:  279 | Reward:   956.06
Total T:  659079 | Ep: 4517 | Steps:  304 | Reward:  1053.96
Total T:  659381 | Ep: 4518 | Steps:  302 | Reward:  1023.26
Total T:  659648 | Ep: 4519 | Steps:  267 | Reward:   917.97
Total T:  659867 | Ep: 4520 | Steps:  219 | Reward:   730.84
---------------------------------------
Evaluation over 10 episodes: 1017.523
---------------------------------------
Total T:  660094 | Ep: 4521 | Steps:  227 | Reward:   776.72
Total T:  660295 | Ep: 4522 | Steps:  201 | Reward:   675.37
Total T:  660547 | Ep: 4523 | Steps:  252 | Reward:   861.72
Total T:  660769 | Ep: 4524 | Steps:  222 | Reward:   749.22
Total T:  661142 | Ep: 4525 | Steps:  373 | Reward:  1254.49
Total T:  661526 | Ep: 4526 | Steps:  384 | Reward:  1326.13
Total T:  661832 | Ep: 4527 | Steps:  306 | Reward:  1027.02
Total T:  662097 | Ep: 4528 | Steps:  265 | Reward:   917.93
Total T:  662448 | Ep: 4529 | Steps:  351 | Reward:  1210.52
Total T:  662985 | Ep: 4530 | Steps:  537 | Reward:  1803.94
Total T:  663295 | Ep: 4531 | Steps:  310 | Reward:  1055.12
Total T:  663644 | Ep: 4532 | Steps:  349 | Reward:  1200.23
Total T:  663974 | Ep: 4533 | Steps:  330 | Reward:  1126.13
Total T:  664227 | Ep: 4534 | Steps:  253 | Reward:   875.57
Total T:  664542 | Ep: 4535 | Steps:  315 | Reward:  1047.25
Total T:  665140 | Ep: 4536 | Steps:  598 | Reward:  2007.28
Total T:  665461 | Ep: 4537 | Steps:  321 | Reward:  1090.65
Total T:  665775 | Ep: 4538 | Steps:  314 | Reward:  1074.12
Total T:  666084 | Ep: 4539 | Steps:  309 | Reward:  1074.99
Total T:  667084 | Ep: 4540 | Steps: 1000 | Reward:  3166.10
Total T:  667636 | Ep: 4541 | Steps:  552 | Reward:  1842.52
Total T:  667880 | Ep: 4542 | Steps:  244 | Reward:   838.16
Total T:  668185 | Ep: 4543 | Steps:  305 | Reward:  1022.49
Total T:  668589 | Ep: 4544 | Steps:  404 | Reward:  1366.65
Total T:  668893 | Ep: 4545 | Steps:  304 | Reward:  1031.96
Total T:  669727 | Ep: 4546 | Steps:  834 | Reward:  2798.68
---------------------------------------
Evaluation over 10 episodes: 1171.255
---------------------------------------
Total T:  670047 | Ep: 4547 | Steps:  320 | Reward:  1082.34
Total T:  670369 | Ep: 4548 | Steps:  322 | Reward:  1110.67
Total T:  670620 | Ep: 4549 | Steps:  251 | Reward:   838.92
Total T:  671078 | Ep: 4550 | Steps:  458 | Reward:  1531.09
Total T:  671377 | Ep: 4551 | Steps:  299 | Reward:  1016.86
Total T:  671685 | Ep: 4552 | Steps:  308 | Reward:  1046.70
Total T:  672083 | Ep: 4553 | Steps:  398 | Reward:  1339.48
Total T:  672657 | Ep: 4554 | Steps:  574 | Reward:  1934.46
Total T:  672907 | Ep: 4555 | Steps:  250 | Reward:   849.79
Total T:  673193 | Ep: 4556 | Steps:  286 | Reward:   964.12
Total T:  673516 | Ep: 4557 | Steps:  323 | Reward:  1105.20
Total T:  674181 | Ep: 4558 | Steps:  665 | Reward:  2213.79
Total T:  674612 | Ep: 4559 | Steps:  431 | Reward:  1460.54
Total T:  674917 | Ep: 4560 | Steps:  305 | Reward:  1051.27
Total T:  675228 | Ep: 4561 | Steps:  311 | Reward:  1052.64
Total T:  675513 | Ep: 4562 | Steps:  285 | Reward:   954.07
Total T:  675791 | Ep: 4563 | Steps:  278 | Reward:   945.31
Total T:  676280 | Ep: 4564 | Steps:  489 | Reward:  1655.98
Total T:  676992 | Ep: 4565 | Steps:  712 | Reward:  2361.64
Total T:  677428 | Ep: 4566 | Steps:  436 | Reward:  1479.30
Total T:  677690 | Ep: 4567 | Steps:  262 | Reward:   883.70
Total T:  678690 | Ep: 4568 | Steps: 1000 | Reward:  3189.21
Total T:  678974 | Ep: 4569 | Steps:  284 | Reward:   965.63
Total T:  679974 | Ep: 4570 | Steps: 1000 | Reward:  3209.45
---------------------------------------
Evaluation over 10 episodes: 1204.726
---------------------------------------
Total T:  680590 | Ep: 4571 | Steps:  616 | Reward:  2089.02
Total T:  681570 | Ep: 4572 | Steps:  980 | Reward:  3257.79
Total T:  681826 | Ep: 4573 | Steps:  256 | Reward:   879.49
Total T:  682376 | Ep: 4574 | Steps:  550 | Reward:  1864.85
Total T:  682781 | Ep: 4575 | Steps:  405 | Reward:  1387.06
Total T:  683522 | Ep: 4576 | Steps:  741 | Reward:  2481.18
Total T:  684021 | Ep: 4577 | Steps:  499 | Reward:  1713.19
Total T:  684384 | Ep: 4578 | Steps:  363 | Reward:  1229.40
Total T:  684715 | Ep: 4579 | Steps:  331 | Reward:  1134.19
Total T:  685251 | Ep: 4580 | Steps:  536 | Reward:  1803.41
Total T:  685528 | Ep: 4581 | Steps:  277 | Reward:   955.06
Total T:  686178 | Ep: 4582 | Steps:  650 | Reward:  2208.17
Total T:  686617 | Ep: 4583 | Steps:  439 | Reward:  1459.36
Total T:  686898 | Ep: 4584 | Steps:  281 | Reward:   945.98
Total T:  687379 | Ep: 4585 | Steps:  481 | Reward:  1624.49
Total T:  688060 | Ep: 4586 | Steps:  681 | Reward:  2324.48
Total T:  688340 | Ep: 4587 | Steps:  280 | Reward:   929.02
Total T:  688853 | Ep: 4588 | Steps:  513 | Reward:  1740.69
Total T:  689177 | Ep: 4589 | Steps:  324 | Reward:  1113.82
Total T:  689531 | Ep: 4590 | Steps:  354 | Reward:  1170.97
Total T:  689857 | Ep: 4591 | Steps:  326 | Reward:  1119.60
---------------------------------------
Evaluation over 10 episodes: 866.614
---------------------------------------
Total T:  690336 | Ep: 4592 | Steps:  479 | Reward:  1633.85
Total T:  690691 | Ep: 4593 | Steps:  355 | Reward:  1210.09
Total T:  691154 | Ep: 4594 | Steps:  463 | Reward:  1542.69
Total T:  691429 | Ep: 4595 | Steps:  275 | Reward:   882.93
Total T:  691785 | Ep: 4596 | Steps:  356 | Reward:  1163.70
Total T:  692201 | Ep: 4597 | Steps:  416 | Reward:  1412.60
Total T:  692567 | Ep: 4598 | Steps:  366 | Reward:  1211.29
Total T:  692874 | Ep: 4599 | Steps:  307 | Reward:  1076.37
Total T:  693241 | Ep: 4600 | Steps:  367 | Reward:  1196.66
Total T:  693727 | Ep: 4601 | Steps:  486 | Reward:  1625.33
Total T:  694107 | Ep: 4602 | Steps:  380 | Reward:  1281.24
Total T:  694630 | Ep: 4603 | Steps:  523 | Reward:  1720.06
Total T:  694935 | Ep: 4604 | Steps:  305 | Reward:  1038.96
Total T:  695211 | Ep: 4605 | Steps:  276 | Reward:   923.28
Total T:  695480 | Ep: 4606 | Steps:  269 | Reward:   933.13
Total T:  695846 | Ep: 4607 | Steps:  366 | Reward:  1195.54
Total T:  696160 | Ep: 4608 | Steps:  314 | Reward:  1080.54
Total T:  696535 | Ep: 4609 | Steps:  375 | Reward:  1275.49
Total T:  697247 | Ep: 4610 | Steps:  712 | Reward:  2376.07
Total T:  697569 | Ep: 4611 | Steps:  322 | Reward:  1101.64
Total T:  697852 | Ep: 4612 | Steps:  283 | Reward:   926.57
Total T:  698505 | Ep: 4613 | Steps:  653 | Reward:  2211.12
Total T:  698885 | Ep: 4614 | Steps:  380 | Reward:  1281.05
Total T:  699222 | Ep: 4615 | Steps:  337 | Reward:  1157.17
Total T:  699569 | Ep: 4616 | Steps:  347 | Reward:  1184.63
Total T:  699926 | Ep: 4617 | Steps:  357 | Reward:  1184.38
---------------------------------------
Evaluation over 10 episodes: 1727.191
---------------------------------------
Total T:  700279 | Ep: 4618 | Steps:  353 | Reward:  1208.22
Total T:  700564 | Ep: 4619 | Steps:  285 | Reward:   963.11
Total T:  700840 | Ep: 4620 | Steps:  276 | Reward:   927.21
Total T:  701139 | Ep: 4621 | Steps:  299 | Reward:  1019.12
Total T:  701533 | Ep: 4622 | Steps:  394 | Reward:  1331.00
Total T:  701856 | Ep: 4623 | Steps:  323 | Reward:  1105.15
Total T:  702162 | Ep: 4624 | Steps:  306 | Reward:  1054.75
Total T:  702525 | Ep: 4625 | Steps:  363 | Reward:  1237.11
Total T:  702789 | Ep: 4626 | Steps:  264 | Reward:   914.39
Total T:  703341 | Ep: 4627 | Steps:  552 | Reward:  1843.30
Total T:  703750 | Ep: 4628 | Steps:  409 | Reward:  1404.60
Total T:  704071 | Ep: 4629 | Steps:  321 | Reward:  1103.81
Total T:  704390 | Ep: 4630 | Steps:  319 | Reward:  1092.76
Total T:  704880 | Ep: 4631 | Steps:  490 | Reward:  1646.53
Total T:  705706 | Ep: 4632 | Steps:  826 | Reward:  2808.09
Total T:  706029 | Ep: 4633 | Steps:  323 | Reward:  1110.93
Total T:  706411 | Ep: 4634 | Steps:  382 | Reward:  1289.52
Total T:  706775 | Ep: 4635 | Steps:  364 | Reward:  1223.18
Total T:  707029 | Ep: 4636 | Steps:  254 | Reward:   871.53
Total T:  707384 | Ep: 4637 | Steps:  355 | Reward:  1212.98
Total T:  707677 | Ep: 4638 | Steps:  293 | Reward:   963.04
Total T:  708051 | Ep: 4639 | Steps:  374 | Reward:  1267.99
Total T:  708426 | Ep: 4640 | Steps:  375 | Reward:  1241.31
Total T:  708721 | Ep: 4641 | Steps:  295 | Reward:   963.74
Total T:  709214 | Ep: 4642 | Steps:  493 | Reward:  1681.86
Total T:  709501 | Ep: 4643 | Steps:  287 | Reward:   930.32
Total T:  709748 | Ep: 4644 | Steps:  247 | Reward:   788.41
---------------------------------------
Evaluation over 10 episodes: 1020.990
---------------------------------------
Total T:  710139 | Ep: 4645 | Steps:  391 | Reward:  1313.39
Total T:  710447 | Ep: 4646 | Steps:  308 | Reward:  1008.31
Total T:  710788 | Ep: 4647 | Steps:  341 | Reward:  1160.98
Total T:  711074 | Ep: 4648 | Steps:  286 | Reward:   953.96
Total T:  711372 | Ep: 4649 | Steps:  298 | Reward:   945.59
Total T:  711726 | Ep: 4650 | Steps:  354 | Reward:  1168.41
Total T:  711998 | Ep: 4651 | Steps:  272 | Reward:   922.33
Total T:  712015 | Ep: 4652 | Steps:   17 | Reward:    15.71
Total T:  712297 | Ep: 4653 | Steps:  282 | Reward:   926.47
Total T:  712563 | Ep: 4654 | Steps:  266 | Reward:   874.28
Total T:  712811 | Ep: 4655 | Steps:  248 | Reward:   847.62
Total T:  713072 | Ep: 4656 | Steps:  261 | Reward:   875.06
Total T:  713352 | Ep: 4657 | Steps:  280 | Reward:   905.64
Total T:  713779 | Ep: 4658 | Steps:  427 | Reward:  1455.73
Total T:  714037 | Ep: 4659 | Steps:  258 | Reward:   902.54
Total T:  714305 | Ep: 4660 | Steps:  268 | Reward:   880.43
Total T:  714666 | Ep: 4661 | Steps:  361 | Reward:  1224.42
Total T:  714936 | Ep: 4662 | Steps:  270 | Reward:   893.71
Total T:  715199 | Ep: 4663 | Steps:  263 | Reward:   910.05
Total T:  715484 | Ep: 4664 | Steps:  285 | Reward:   956.83
Total T:  715752 | Ep: 4665 | Steps:  268 | Reward:   918.38
Total T:  716018 | Ep: 4666 | Steps:  266 | Reward:   912.08
Total T:  716280 | Ep: 4667 | Steps:  262 | Reward:   903.07
Total T:  716541 | Ep: 4668 | Steps:  261 | Reward:   905.45
Total T:  716811 | Ep: 4669 | Steps:  270 | Reward:   934.24
Total T:  717082 | Ep: 4670 | Steps:  271 | Reward:   914.54
Total T:  717347 | Ep: 4671 | Steps:  265 | Reward:   885.81
Total T:  717599 | Ep: 4672 | Steps:  252 | Reward:   862.29
Total T:  717863 | Ep: 4673 | Steps:  264 | Reward:   908.69
Total T:  718154 | Ep: 4674 | Steps:  291 | Reward:   970.42
Total T:  718445 | Ep: 4675 | Steps:  291 | Reward:   982.94
Total T:  718768 | Ep: 4676 | Steps:  323 | Reward:  1096.99
Total T:  719049 | Ep: 4677 | Steps:  281 | Reward:   950.17
Total T:  719068 | Ep: 4678 | Steps:   19 | Reward:    17.83
Total T:  719330 | Ep: 4679 | Steps:  262 | Reward:   866.54
Total T:  719869 | Ep: 4680 | Steps:  539 | Reward:  1785.32
---------------------------------------
Evaluation over 10 episodes: 745.835
---------------------------------------
Total T:  720224 | Ep: 4681 | Steps:  355 | Reward:  1206.00
Total T:  720514 | Ep: 4682 | Steps:  290 | Reward:   951.66
Total T:  720885 | Ep: 4683 | Steps:  371 | Reward:  1231.71
Total T:  721148 | Ep: 4684 | Steps:  263 | Reward:   880.15
Total T:  721435 | Ep: 4685 | Steps:  287 | Reward:   962.13
Total T:  721718 | Ep: 4686 | Steps:  283 | Reward:   932.28
Total T:  721991 | Ep: 4687 | Steps:  273 | Reward:   918.97
Total T:  722317 | Ep: 4688 | Steps:  326 | Reward:  1109.21
Total T:  722736 | Ep: 4689 | Steps:  419 | Reward:  1412.86
Total T:  722999 | Ep: 4690 | Steps:  263 | Reward:   916.47
Total T:  723265 | Ep: 4691 | Steps:  266 | Reward:   921.80
Total T:  723509 | Ep: 4692 | Steps:  244 | Reward:   845.05
Total T:  723809 | Ep: 4693 | Steps:  300 | Reward:  1003.38
Total T:  724072 | Ep: 4694 | Steps:  263 | Reward:   914.37
Total T:  724344 | Ep: 4695 | Steps:  272 | Reward:   933.82
Total T:  724361 | Ep: 4696 | Steps:   17 | Reward:    15.39
Total T:  724736 | Ep: 4697 | Steps:  375 | Reward:  1246.72
Total T:  725008 | Ep: 4698 | Steps:  272 | Reward:   910.43
Total T:  725298 | Ep: 4699 | Steps:  290 | Reward:   955.40
Total T:  725658 | Ep: 4700 | Steps:  360 | Reward:  1213.51
Total T:  726004 | Ep: 4701 | Steps:  346 | Reward:  1149.38
Total T:  726283 | Ep: 4702 | Steps:  279 | Reward:   948.36
Total T:  726561 | Ep: 4703 | Steps:  278 | Reward:   935.17
Total T:  726843 | Ep: 4704 | Steps:  282 | Reward:   936.74
Total T:  727136 | Ep: 4705 | Steps:  293 | Reward:   963.45
Total T:  727488 | Ep: 4706 | Steps:  352 | Reward:  1201.74
Total T:  727747 | Ep: 4707 | Steps:  259 | Reward:   853.75
Total T:  728005 | Ep: 4708 | Steps:  258 | Reward:   875.41
Total T:  728203 | Ep: 4709 | Steps:  198 | Reward:   537.26
Total T:  728524 | Ep: 4710 | Steps:  321 | Reward:  1121.34
Total T:  728790 | Ep: 4711 | Steps:  266 | Reward:   915.55
Total T:  729098 | Ep: 4712 | Steps:  308 | Reward:  1060.17
Total T:  729366 | Ep: 4713 | Steps:  268 | Reward:   896.13
Total T:  729628 | Ep: 4714 | Steps:  262 | Reward:   902.06
---------------------------------------
Evaluation over 10 episodes: 1194.394
---------------------------------------
Total T:  730084 | Ep: 4715 | Steps:  456 | Reward:  1483.26
Total T:  730365 | Ep: 4716 | Steps:  281 | Reward:   955.65
Total T:  730628 | Ep: 4717 | Steps:  263 | Reward:   910.31
Total T:  730847 | Ep: 4718 | Steps:  219 | Reward:   599.69
Total T:  731239 | Ep: 4719 | Steps:  392 | Reward:  1328.99
Total T:  731661 | Ep: 4720 | Steps:  422 | Reward:  1436.89
Total T:  731951 | Ep: 4721 | Steps:  290 | Reward:   952.63
Total T:  732299 | Ep: 4722 | Steps:  348 | Reward:  1165.84
Total T:  732618 | Ep: 4723 | Steps:  319 | Reward:  1103.06
Total T:  732896 | Ep: 4724 | Steps:  278 | Reward:   945.75
Total T:  733160 | Ep: 4725 | Steps:  264 | Reward:   912.16
Total T:  733492 | Ep: 4726 | Steps:  332 | Reward:  1137.98
Total T:  733777 | Ep: 4727 | Steps:  285 | Reward:   951.37
Total T:  734048 | Ep: 4728 | Steps:  271 | Reward:   905.21
Total T:  734345 | Ep: 4729 | Steps:  297 | Reward:   987.41
Total T:  734643 | Ep: 4730 | Steps:  298 | Reward:   997.44
Total T:  734909 | Ep: 4731 | Steps:  266 | Reward:   919.27
Total T:  735189 | Ep: 4732 | Steps:  280 | Reward:   949.74
Total T:  735500 | Ep: 4733 | Steps:  311 | Reward:  1057.43
Total T:  735744 | Ep: 4734 | Steps:  244 | Reward:   837.51
Total T:  736023 | Ep: 4735 | Steps:  279 | Reward:   947.29
Total T:  736264 | Ep: 4736 | Steps:  241 | Reward:   823.53
Total T:  736482 | Ep: 4737 | Steps:  218 | Reward:   706.43
Total T:  736764 | Ep: 4738 | Steps:  282 | Reward:   924.79
Total T:  737106 | Ep: 4739 | Steps:  342 | Reward:  1172.53
Total T:  737484 | Ep: 4740 | Steps:  378 | Reward:  1255.04
Total T:  737749 | Ep: 4741 | Steps:  265 | Reward:   917.88
Total T:  738054 | Ep: 4742 | Steps:  305 | Reward:  1042.73
Total T:  738413 | Ep: 4743 | Steps:  359 | Reward:  1214.51
Total T:  738862 | Ep: 4744 | Steps:  449 | Reward:  1491.92
Total T:  739140 | Ep: 4745 | Steps:  278 | Reward:   943.18
Total T:  739454 | Ep: 4746 | Steps:  314 | Reward:  1088.18
Total T:  739722 | Ep: 4747 | Steps:  268 | Reward:   917.25
---------------------------------------
Evaluation over 10 episodes: 409.653
---------------------------------------
Total T:  740008 | Ep: 4748 | Steps:  286 | Reward:   957.67
Total T:  740028 | Ep: 4749 | Steps:   20 | Reward:    19.97
Total T:  740276 | Ep: 4750 | Steps:  248 | Reward:   814.25
Total T:  740295 | Ep: 4751 | Steps:   19 | Reward:    18.10
Total T:  740690 | Ep: 4752 | Steps:  395 | Reward:  1320.42
Total T:  741019 | Ep: 4753 | Steps:  329 | Reward:  1097.03
Total T:  741302 | Ep: 4754 | Steps:  283 | Reward:   956.68
Total T:  741581 | Ep: 4755 | Steps:  279 | Reward:   948.19
Total T:  741868 | Ep: 4756 | Steps:  287 | Reward:   958.01
Total T:  742151 | Ep: 4757 | Steps:  283 | Reward:   950.54
Total T:  742435 | Ep: 4758 | Steps:  284 | Reward:   955.78
Total T:  742714 | Ep: 4759 | Steps:  279 | Reward:   953.64
Total T:  743024 | Ep: 4760 | Steps:  310 | Reward:  1057.28
Total T:  743326 | Ep: 4761 | Steps:  302 | Reward:   996.12
Total T:  743623 | Ep: 4762 | Steps:  297 | Reward:   965.91
Total T:  743932 | Ep: 4763 | Steps:  309 | Reward:  1058.31
Total T:  744210 | Ep: 4764 | Steps:  278 | Reward:   938.40
Total T:  744508 | Ep: 4765 | Steps:  298 | Reward:  1001.95
Total T:  744781 | Ep: 4766 | Steps:  273 | Reward:   938.47
Total T:  745085 | Ep: 4767 | Steps:  304 | Reward:  1021.39
Total T:  745403 | Ep: 4768 | Steps:  318 | Reward:  1089.11
Total T:  745687 | Ep: 4769 | Steps:  284 | Reward:   952.52
Total T:  745995 | Ep: 4770 | Steps:  308 | Reward:  1044.57
Total T:  746310 | Ep: 4771 | Steps:  315 | Reward:  1077.67
Total T:  746598 | Ep: 4772 | Steps:  288 | Reward:   971.16
Total T:  746995 | Ep: 4773 | Steps:  397 | Reward:  1322.28
Total T:  747315 | Ep: 4774 | Steps:  320 | Reward:  1083.40
Total T:  747609 | Ep: 4775 | Steps:  294 | Reward:   956.82
Total T:  747923 | Ep: 4776 | Steps:  314 | Reward:  1068.78
Total T:  748319 | Ep: 4777 | Steps:  396 | Reward:  1315.26
Total T:  748642 | Ep: 4778 | Steps:  323 | Reward:  1091.51
Total T:  749190 | Ep: 4779 | Steps:  548 | Reward:  1804.77
Total T:  749470 | Ep: 4780 | Steps:  280 | Reward:   955.53
Total T:  749735 | Ep: 4781 | Steps:  265 | Reward:   914.76
---------------------------------------
Evaluation over 10 episodes: 1043.522
---------------------------------------
Total T:  750019 | Ep: 4782 | Steps:  284 | Reward:   962.53
Total T:  750307 | Ep: 4783 | Steps:  288 | Reward:   957.77
Total T:  750605 | Ep: 4784 | Steps:  298 | Reward:   919.65
Total T:  750880 | Ep: 4785 | Steps:  275 | Reward:   936.90
Total T:  751154 | Ep: 4786 | Steps:  274 | Reward:   944.99
Total T:  751447 | Ep: 4787 | Steps:  293 | Reward:   964.25
Total T:  751746 | Ep: 4788 | Steps:  299 | Reward:   984.05
Total T:  752137 | Ep: 4789 | Steps:  391 | Reward:  1301.15
Total T:  752434 | Ep: 4790 | Steps:  297 | Reward:   968.63
Total T:  752730 | Ep: 4791 | Steps:  296 | Reward:   969.80
Total T:  753019 | Ep: 4792 | Steps:  289 | Reward:   976.91
Total T:  753385 | Ep: 4793 | Steps:  366 | Reward:  1228.11
Total T:  753661 | Ep: 4794 | Steps:  276 | Reward:   944.96
Total T:  753954 | Ep: 4795 | Steps:  293 | Reward:   975.76
Total T:  754246 | Ep: 4796 | Steps:  292 | Reward:   961.30
Total T:  754692 | Ep: 4797 | Steps:  446 | Reward:  1475.07
Total T:  755015 | Ep: 4798 | Steps:  323 | Reward:  1090.99
Total T:  755354 | Ep: 4799 | Steps:  339 | Reward:  1169.54
Total T:  755644 | Ep: 4800 | Steps:  290 | Reward:   953.81
Total T:  755916 | Ep: 4801 | Steps:  272 | Reward:   935.35
Total T:  756185 | Ep: 4802 | Steps:  269 | Reward:   919.73
Total T:  756481 | Ep: 4803 | Steps:  296 | Reward:   960.80
Total T:  756895 | Ep: 4804 | Steps:  414 | Reward:  1408.39
Total T:  757237 | Ep: 4805 | Steps:  342 | Reward:  1159.31
Total T:  757585 | Ep: 4806 | Steps:  348 | Reward:  1182.76
Total T:  757868 | Ep: 4807 | Steps:  283 | Reward:   961.59
Total T:  758210 | Ep: 4808 | Steps:  342 | Reward:  1169.18
Total T:  758520 | Ep: 4809 | Steps:  310 | Reward:  1038.49
Total T:  758861 | Ep: 4810 | Steps:  341 | Reward:  1165.70
Total T:  759181 | Ep: 4811 | Steps:  320 | Reward:  1092.50
Total T:  759476 | Ep: 4812 | Steps:  295 | Reward:   989.29
Total T:  759825 | Ep: 4813 | Steps:  349 | Reward:  1184.66
---------------------------------------
Evaluation over 10 episodes: 1515.895
---------------------------------------
Total T:  760265 | Ep: 4814 | Steps:  440 | Reward:  1486.24
Total T:  760570 | Ep: 4815 | Steps:  305 | Reward:  1033.36
Total T:  760847 | Ep: 4816 | Steps:  277 | Reward:   936.30
Total T:  761137 | Ep: 4817 | Steps:  290 | Reward:   971.90
Total T:  761419 | Ep: 4818 | Steps:  282 | Reward:   951.55
Total T:  761678 | Ep: 4819 | Steps:  259 | Reward:   890.64
Total T:  761950 | Ep: 4820 | Steps:  272 | Reward:   926.74
Total T:  762238 | Ep: 4821 | Steps:  288 | Reward:   971.39
Total T:  762514 | Ep: 4822 | Steps:  276 | Reward:   945.31
Total T:  762814 | Ep: 4823 | Steps:  300 | Reward:  1000.35
Total T:  763137 | Ep: 4824 | Steps:  323 | Reward:  1097.53
Total T:  763422 | Ep: 4825 | Steps:  285 | Reward:   956.80
Total T:  763704 | Ep: 4826 | Steps:  282 | Reward:   960.98
Total T:  764112 | Ep: 4827 | Steps:  408 | Reward:  1367.63
Total T:  764478 | Ep: 4828 | Steps:  366 | Reward:  1227.44
Total T:  764751 | Ep: 4829 | Steps:  273 | Reward:   923.45
Total T:  765006 | Ep: 4830 | Steps:  255 | Reward:   883.48
Total T:  765277 | Ep: 4831 | Steps:  271 | Reward:   932.90
Total T:  765594 | Ep: 4832 | Steps:  317 | Reward:  1072.91
Total T:  765894 | Ep: 4833 | Steps:  300 | Reward:  1010.55
Total T:  766283 | Ep: 4834 | Steps:  389 | Reward:  1293.32
Total T:  766543 | Ep: 4835 | Steps:  260 | Reward:   894.77
Total T:  766901 | Ep: 4836 | Steps:  358 | Reward:  1213.64
Total T:  767179 | Ep: 4837 | Steps:  278 | Reward:   946.38
Total T:  767504 | Ep: 4838 | Steps:  325 | Reward:  1112.30
Total T:  767784 | Ep: 4839 | Steps:  280 | Reward:   960.76
Total T:  768068 | Ep: 4840 | Steps:  284 | Reward:   953.19
Total T:  768366 | Ep: 4841 | Steps:  298 | Reward:  1005.21
Total T:  768662 | Ep: 4842 | Steps:  296 | Reward:  1014.03
Total T:  769051 | Ep: 4843 | Steps:  389 | Reward:  1317.16
Total T:  769402 | Ep: 4844 | Steps:  351 | Reward:  1181.22
Total T:  769711 | Ep: 4845 | Steps:  309 | Reward:  1055.21
Total T:  769991 | Ep: 4846 | Steps:  280 | Reward:   946.56
---------------------------------------
Evaluation over 10 episodes: 976.012
---------------------------------------
Total T:  770385 | Ep: 4847 | Steps:  394 | Reward:  1296.49
Total T:  770680 | Ep: 4848 | Steps:  295 | Reward:   984.96
Total T:  771044 | Ep: 4849 | Steps:  364 | Reward:  1222.06
Total T:  771418 | Ep: 4850 | Steps:  374 | Reward:  1236.38
Total T:  771734 | Ep: 4851 | Steps:  316 | Reward:  1064.60
Total T:  772167 | Ep: 4852 | Steps:  433 | Reward:  1469.20
Total T:  772539 | Ep: 4853 | Steps:  372 | Reward:  1223.49
Total T:  772799 | Ep: 4854 | Steps:  260 | Reward:   777.77
Total T:  773115 | Ep: 4855 | Steps:  316 | Reward:  1091.71
Total T:  773466 | Ep: 4856 | Steps:  351 | Reward:  1187.25
Total T:  773864 | Ep: 4857 | Steps:  398 | Reward:  1335.13
Total T:  774145 | Ep: 4858 | Steps:  281 | Reward:   943.42
Total T:  774413 | Ep: 4859 | Steps:  268 | Reward:   910.09
Total T:  774717 | Ep: 4860 | Steps:  304 | Reward:  1039.78
Total T:  775033 | Ep: 4861 | Steps:  316 | Reward:  1044.26
Total T:  775359 | Ep: 4862 | Steps:  326 | Reward:  1092.46
Total T:  775693 | Ep: 4863 | Steps:  334 | Reward:  1131.58
Total T:  776084 | Ep: 4864 | Steps:  391 | Reward:  1306.83
Total T:  776440 | Ep: 4865 | Steps:  356 | Reward:  1206.31
Total T:  776766 | Ep: 4866 | Steps:  326 | Reward:  1094.09
Total T:  777350 | Ep: 4867 | Steps:  584 | Reward:  1958.07
Total T:  777748 | Ep: 4868 | Steps:  398 | Reward:  1316.88
Total T:  778151 | Ep: 4869 | Steps:  403 | Reward:  1351.02
Total T:  778435 | Ep: 4870 | Steps:  284 | Reward:   960.41
Total T:  778580 | Ep: 4871 | Steps:  145 | Reward:   349.40
Total T:  778888 | Ep: 4872 | Steps:  308 | Reward:   963.79
Total T:  779187 | Ep: 4873 | Steps:  299 | Reward:   983.26
Total T:  779482 | Ep: 4874 | Steps:  295 | Reward:   982.22
Total T:  779813 | Ep: 4875 | Steps:  331 | Reward:  1112.62
---------------------------------------
Evaluation over 10 episodes: 1759.750
---------------------------------------
Total T:  780307 | Ep: 4876 | Steps:  494 | Reward:  1641.20
Total T:  780716 | Ep: 4877 | Steps:  409 | Reward:  1367.43
Total T:  781159 | Ep: 4878 | Steps:  443 | Reward:  1490.93
Total T:  781450 | Ep: 4879 | Steps:  291 | Reward:   966.02
Total T:  781768 | Ep: 4880 | Steps:  318 | Reward:  1086.49
Total T:  782107 | Ep: 4881 | Steps:  339 | Reward:  1146.92
Total T:  782409 | Ep: 4882 | Steps:  302 | Reward:  1013.03
Total T:  782664 | Ep: 4883 | Steps:  255 | Reward:   873.56
Total T:  782985 | Ep: 4884 | Steps:  321 | Reward:  1083.64
Total T:  783413 | Ep: 4885 | Steps:  428 | Reward:  1438.94
Total T:  783747 | Ep: 4886 | Steps:  334 | Reward:  1145.86
Total T:  784127 | Ep: 4887 | Steps:  380 | Reward:  1272.50
Total T:  784365 | Ep: 4888 | Steps:  238 | Reward:   801.78
Total T:  784586 | Ep: 4889 | Steps:  221 | Reward:   735.57
Total T:  785586 | Ep: 4890 | Steps: 1000 | Reward:  3326.07
Total T:  785913 | Ep: 4891 | Steps:  327 | Reward:  1116.78
Total T:  786149 | Ep: 4892 | Steps:  236 | Reward:   801.93
Total T:  786580 | Ep: 4893 | Steps:  431 | Reward:  1450.51
Total T:  786874 | Ep: 4894 | Steps:  294 | Reward:   965.31
Total T:  787202 | Ep: 4895 | Steps:  328 | Reward:  1116.87
Total T:  787476 | Ep: 4896 | Steps:  274 | Reward:   933.28
Total T:  787851 | Ep: 4897 | Steps:  375 | Reward:  1247.31
Total T:  788327 | Ep: 4898 | Steps:  476 | Reward:  1581.57
Total T:  788717 | Ep: 4899 | Steps:  390 | Reward:  1311.34
Total T:  789036 | Ep: 4900 | Steps:  319 | Reward:  1074.36
Total T:  789528 | Ep: 4901 | Steps:  492 | Reward:  1648.95
Total T:  789890 | Ep: 4902 | Steps:  362 | Reward:  1212.71
---------------------------------------
Evaluation over 10 episodes: 1884.908
---------------------------------------
Total T:  790343 | Ep: 4903 | Steps:  453 | Reward:  1508.20
Total T:  790864 | Ep: 4904 | Steps:  521 | Reward:  1748.86
Total T:  791164 | Ep: 4905 | Steps:  300 | Reward:   990.52
Total T:  791736 | Ep: 4906 | Steps:  572 | Reward:  1921.83
Total T:  792056 | Ep: 4907 | Steps:  320 | Reward:  1073.76
Total T:  792427 | Ep: 4908 | Steps:  371 | Reward:  1239.42
Total T:  792765 | Ep: 4909 | Steps:  338 | Reward:  1143.67
Total T:  793104 | Ep: 4910 | Steps:  339 | Reward:  1165.60
Total T:  793374 | Ep: 4911 | Steps:  270 | Reward:   930.57
Total T:  793705 | Ep: 4912 | Steps:  331 | Reward:  1123.56
Total T:  794014 | Ep: 4913 | Steps:  309 | Reward:  1037.49
Total T:  794383 | Ep: 4914 | Steps:  369 | Reward:  1222.23
Total T:  794701 | Ep: 4915 | Steps:  318 | Reward:  1087.36
Total T:  795154 | Ep: 4916 | Steps:  453 | Reward:  1520.22
Total T:  795526 | Ep: 4917 | Steps:  372 | Reward:  1235.58
Total T:  795919 | Ep: 4918 | Steps:  393 | Reward:  1316.02
Total T:  796243 | Ep: 4919 | Steps:  324 | Reward:  1094.12
Total T:  796561 | Ep: 4920 | Steps:  318 | Reward:  1063.79
Total T:  797198 | Ep: 4921 | Steps:  637 | Reward:  2131.45
Total T:  797595 | Ep: 4922 | Steps:  397 | Reward:  1335.89
Total T:  797882 | Ep: 4923 | Steps:  287 | Reward:   954.80
Total T:  798221 | Ep: 4924 | Steps:  339 | Reward:  1144.15
Total T:  798674 | Ep: 4925 | Steps:  453 | Reward:  1489.48
Total T:  798994 | Ep: 4926 | Steps:  320 | Reward:  1102.85
Total T:  799530 | Ep: 4927 | Steps:  536 | Reward:  1765.41
Total T:  799837 | Ep: 4928 | Steps:  307 | Reward:  1015.83
---------------------------------------
Evaluation over 10 episodes: 1535.934
---------------------------------------
Total T:  800159 | Ep: 4929 | Steps:  322 | Reward:  1086.72
Total T:  800481 | Ep: 4930 | Steps:  322 | Reward:  1081.78
Total T:  800808 | Ep: 4931 | Steps:  327 | Reward:  1107.21
Total T:  801233 | Ep: 4932 | Steps:  425 | Reward:  1439.94
Total T:  801536 | Ep: 4933 | Steps:  303 | Reward:  1022.50
Total T:  801810 | Ep: 4934 | Steps:  274 | Reward:   908.11
Total T:  802178 | Ep: 4935 | Steps:  368 | Reward:  1200.06
Total T:  802461 | Ep: 4936 | Steps:  283 | Reward:   929.62
Total T:  802877 | Ep: 4937 | Steps:  416 | Reward:  1401.64
Total T:  803196 | Ep: 4938 | Steps:  319 | Reward:  1074.04
Total T:  803639 | Ep: 4939 | Steps:  443 | Reward:  1472.80
Total T:  804033 | Ep: 4940 | Steps:  394 | Reward:  1320.47
Total T:  804383 | Ep: 4941 | Steps:  350 | Reward:  1181.22
Total T:  804717 | Ep: 4942 | Steps:  334 | Reward:  1131.36
Total T:  805034 | Ep: 4943 | Steps:  317 | Reward:  1081.67
Total T:  805333 | Ep: 4944 | Steps:  299 | Reward:  1011.35
Total T:  805711 | Ep: 4945 | Steps:  378 | Reward:  1250.23
Total T:  806034 | Ep: 4946 | Steps:  323 | Reward:  1090.70
Total T:  806364 | Ep: 4947 | Steps:  330 | Reward:  1114.11
Total T:  807078 | Ep: 4948 | Steps:  714 | Reward:  2377.38
Total T:  807480 | Ep: 4949 | Steps:  402 | Reward:  1360.72
Total T:  807934 | Ep: 4950 | Steps:  454 | Reward:  1496.01
Total T:  808186 | Ep: 4951 | Steps:  252 | Reward:   802.30
Total T:  808582 | Ep: 4952 | Steps:  396 | Reward:  1346.66
Total T:  808937 | Ep: 4953 | Steps:  355 | Reward:  1169.92
Total T:  809432 | Ep: 4954 | Steps:  495 | Reward:  1659.44
Total T:  809794 | Ep: 4955 | Steps:  362 | Reward:  1202.94
---------------------------------------
Evaluation over 10 episodes: 852.207
---------------------------------------
Total T:  810115 | Ep: 4956 | Steps:  321 | Reward:  1083.46
Total T:  810423 | Ep: 4957 | Steps:  308 | Reward:  1037.10
Total T:  810804 | Ep: 4958 | Steps:  381 | Reward:  1287.04
Total T:  811038 | Ep: 4959 | Steps:  234 | Reward:   750.55
Total T:  811309 | Ep: 4960 | Steps:  271 | Reward:   912.61
Total T:  811804 | Ep: 4961 | Steps:  495 | Reward:  1656.25
Total T:  811936 | Ep: 4962 | Steps:  132 | Reward:   309.25
Total T:  812228 | Ep: 4963 | Steps:  292 | Reward:   978.34
Total T:  812818 | Ep: 4964 | Steps:  590 | Reward:  1965.89
Total T:  813138 | Ep: 4965 | Steps:  320 | Reward:  1090.30
Total T:  813386 | Ep: 4966 | Steps:  248 | Reward:   841.55
Total T:  813780 | Ep: 4967 | Steps:  394 | Reward:  1288.62
Total T:  814365 | Ep: 4968 | Steps:  585 | Reward:  1965.36
Total T:  814508 | Ep: 4969 | Steps:  143 | Reward:   338.63
Total T:  814842 | Ep: 4970 | Steps:  334 | Reward:  1073.70
Total T:  815241 | Ep: 4971 | Steps:  399 | Reward:  1335.98
Total T:  815596 | Ep: 4972 | Steps:  355 | Reward:  1180.04
Total T:  815889 | Ep: 4973 | Steps:  293 | Reward:   977.95
Total T:  816167 | Ep: 4974 | Steps:  278 | Reward:   925.22
Total T:  816484 | Ep: 4975 | Steps:  317 | Reward:  1003.73
Total T:  816876 | Ep: 4976 | Steps:  392 | Reward:  1323.65
Total T:  817017 | Ep: 4977 | Steps:  141 | Reward:   340.39
Total T:  817150 | Ep: 4978 | Steps:  133 | Reward:   315.65
Total T:  817439 | Ep: 4979 | Steps:  289 | Reward:   947.52
Total T:  817783 | Ep: 4980 | Steps:  344 | Reward:  1147.27
Total T:  818099 | Ep: 4981 | Steps:  316 | Reward:  1070.54
Total T:  818427 | Ep: 4982 | Steps:  328 | Reward:  1096.73
Total T:  818889 | Ep: 4983 | Steps:  462 | Reward:  1542.88
Total T:  819132 | Ep: 4984 | Steps:  243 | Reward:   775.66
Total T:  819367 | Ep: 4985 | Steps:  235 | Reward:   743.97
Total T:  819835 | Ep: 4986 | Steps:  468 | Reward:  1563.59
---------------------------------------
Evaluation over 10 episodes: 768.726
---------------------------------------
Total T:  820189 | Ep: 4987 | Steps:  354 | Reward:  1167.68
Total T:  820448 | Ep: 4988 | Steps:  259 | Reward:   811.50
Total T:  820857 | Ep: 4989 | Steps:  409 | Reward:  1406.00
Total T:  821000 | Ep: 4990 | Steps:  143 | Reward:   345.76
Total T:  821280 | Ep: 4991 | Steps:  280 | Reward:   939.61
Total T:  821571 | Ep: 4992 | Steps:  291 | Reward:   987.21
Total T:  821903 | Ep: 4993 | Steps:  332 | Reward:  1082.75
Total T:  822177 | Ep: 4994 | Steps:  274 | Reward:   914.92
Total T:  822487 | Ep: 4995 | Steps:  310 | Reward:  1058.48
Total T:  822943 | Ep: 4996 | Steps:  456 | Reward:  1448.66
Total T:  823268 | Ep: 4997 | Steps:  325 | Reward:  1124.07
Total T:  823746 | Ep: 4998 | Steps:  478 | Reward:  1605.48
Total T:  823883 | Ep: 4999 | Steps:  137 | Reward:   318.67
Total T:  824443 | Ep: 5000 | Steps:  560 | Reward:  1858.74
Total T:  824753 | Ep: 5001 | Steps:  310 | Reward:  1057.45
Total T:  825722 | Ep: 5002 | Steps:  969 | Reward:  3218.46
Total T:  826198 | Ep: 5003 | Steps:  476 | Reward:  1601.82
Total T:  826580 | Ep: 5004 | Steps:  382 | Reward:  1231.64
Total T:  827153 | Ep: 5005 | Steps:  573 | Reward:  1915.03
Total T:  827578 | Ep: 5006 | Steps:  425 | Reward:  1381.63
Total T:  827718 | Ep: 5007 | Steps:  140 | Reward:   322.94
Total T:  827992 | Ep: 5008 | Steps:  274 | Reward:   871.40
Total T:  828329 | Ep: 5009 | Steps:  337 | Reward:  1066.80
Total T:  828574 | Ep: 5010 | Steps:  245 | Reward:   761.79
Total T:  829009 | Ep: 5011 | Steps:  435 | Reward:  1454.98
Total T:  829316 | Ep: 5012 | Steps:  307 | Reward:  1012.19
Total T:  829591 | Ep: 5013 | Steps:  275 | Reward:   932.47
Total T:  829880 | Ep: 5014 | Steps:  289 | Reward:   949.42
---------------------------------------
Evaluation over 10 episodes: 1545.597
---------------------------------------
Total T:  830198 | Ep: 5015 | Steps:  318 | Reward:  1023.38
Total T:  830558 | Ep: 5016 | Steps:  360 | Reward:  1217.39
Total T:  830843 | Ep: 5017 | Steps:  285 | Reward:   939.08
Total T:  831251 | Ep: 5018 | Steps:  408 | Reward:  1303.84
Total T:  831729 | Ep: 5019 | Steps:  478 | Reward:  1554.26
Total T:  832051 | Ep: 5020 | Steps:  322 | Reward:  1084.65
Total T:  832404 | Ep: 5021 | Steps:  353 | Reward:  1176.45
Total T:  832792 | Ep: 5022 | Steps:  388 | Reward:  1316.43
Total T:  833181 | Ep: 5023 | Steps:  389 | Reward:  1329.31
Total T:  833552 | Ep: 5024 | Steps:  371 | Reward:  1256.27
Total T:  833834 | Ep: 5025 | Steps:  282 | Reward:   943.66
Total T:  834167 | Ep: 5026 | Steps:  333 | Reward:  1104.99
Total T:  834953 | Ep: 5027 | Steps:  786 | Reward:  2617.85
Total T:  835268 | Ep: 5028 | Steps:  315 | Reward:  1058.74
Total T:  835581 | Ep: 5029 | Steps:  313 | Reward:  1048.98
Total T:  836034 | Ep: 5030 | Steps:  453 | Reward:  1494.98
Total T:  836525 | Ep: 5031 | Steps:  491 | Reward:  1641.03
Total T:  837368 | Ep: 5032 | Steps:  843 | Reward:  2765.99
Total T:  837922 | Ep: 5033 | Steps:  554 | Reward:  1874.43
Total T:  838225 | Ep: 5034 | Steps:  303 | Reward:  1028.17
Total T:  838532 | Ep: 5035 | Steps:  307 | Reward:  1021.78
Total T:  838882 | Ep: 5036 | Steps:  350 | Reward:  1162.50
Total T:  839148 | Ep: 5037 | Steps:  266 | Reward:   847.73
Total T:  839656 | Ep: 5038 | Steps:  508 | Reward:  1720.03
Total T:  840000 | Ep: 5039 | Steps:  344 | Reward:  1110.79
---------------------------------------
Evaluation over 10 episodes: 1057.385
---------------------------------------
Total T:  840648 | Ep: 5040 | Steps:  648 | Reward:  2162.77
Total T:  841027 | Ep: 5041 | Steps:  379 | Reward:  1261.91
Total T:  841343 | Ep: 5042 | Steps:  316 | Reward:  1073.31
Total T:  841607 | Ep: 5043 | Steps:  264 | Reward:   889.27
Total T:  841888 | Ep: 5044 | Steps:  281 | Reward:   941.24
Total T:  842163 | Ep: 5045 | Steps:  275 | Reward:   911.89
Total T:  842461 | Ep: 5046 | Steps:  298 | Reward:  1023.28
Total T:  842839 | Ep: 5047 | Steps:  378 | Reward:  1289.06
Total T:  843125 | Ep: 5048 | Steps:  286 | Reward:   963.65
Total T:  843720 | Ep: 5049 | Steps:  595 | Reward:  1966.65
Total T:  844103 | Ep: 5050 | Steps:  383 | Reward:  1296.87
Total T:  844471 | Ep: 5051 | Steps:  368 | Reward:  1218.55
Total T:  844830 | Ep: 5052 | Steps:  359 | Reward:  1195.98
Total T:  845154 | Ep: 5053 | Steps:  324 | Reward:  1080.71
Total T:  845485 | Ep: 5054 | Steps:  331 | Reward:  1109.58
Total T:  845792 | Ep: 5055 | Steps:  307 | Reward:  1037.30
Total T:  846268 | Ep: 5056 | Steps:  476 | Reward:  1567.93
Total T:  846550 | Ep: 5057 | Steps:  282 | Reward:   950.28
Total T:  847137 | Ep: 5058 | Steps:  587 | Reward:  1921.74
Total T:  847475 | Ep: 5059 | Steps:  338 | Reward:  1130.03
Total T:  847794 | Ep: 5060 | Steps:  319 | Reward:  1072.58
Total T:  848072 | Ep: 5061 | Steps:  278 | Reward:   935.87
Total T:  848436 | Ep: 5062 | Steps:  364 | Reward:  1198.28
Total T:  848846 | Ep: 5063 | Steps:  410 | Reward:  1398.41
Total T:  849132 | Ep: 5064 | Steps:  286 | Reward:   961.57
Total T:  849429 | Ep: 5065 | Steps:  297 | Reward:  1014.64
Total T:  849724 | Ep: 5066 | Steps:  295 | Reward:   989.45
---------------------------------------
Evaluation over 10 episodes: 1406.720
---------------------------------------
Total T:  850099 | Ep: 5067 | Steps:  375 | Reward:  1227.49
Total T:  850413 | Ep: 5068 | Steps:  314 | Reward:  1051.88
Total T:  850848 | Ep: 5069 | Steps:  435 | Reward:  1399.41
Total T:  851211 | Ep: 5070 | Steps:  363 | Reward:  1213.50
Total T:  851315 | Ep: 5071 | Steps:  104 | Reward:   243.01
Total T:  851709 | Ep: 5072 | Steps:  394 | Reward:  1289.99
Total T:  852072 | Ep: 5073 | Steps:  363 | Reward:  1218.94
Total T:  852369 | Ep: 5074 | Steps:  297 | Reward:  1005.28
Total T:  852761 | Ep: 5075 | Steps:  392 | Reward:  1345.21
Total T:  852857 | Ep: 5076 | Steps:   96 | Reward:   209.38
Total T:  853184 | Ep: 5077 | Steps:  327 | Reward:  1113.46
Total T:  853693 | Ep: 5078 | Steps:  509 | Reward:  1699.32
Total T:  853991 | Ep: 5079 | Steps:  298 | Reward:   917.50
Total T:  854292 | Ep: 5080 | Steps:  301 | Reward:  1027.77
Total T:  854600 | Ep: 5081 | Steps:  308 | Reward:  1041.42
Total T:  854959 | Ep: 5082 | Steps:  359 | Reward:  1200.86
Total T:  855295 | Ep: 5083 | Steps:  336 | Reward:  1133.20
Total T:  855578 | Ep: 5084 | Steps:  283 | Reward:   946.45
Total T:  855850 | Ep: 5085 | Steps:  272 | Reward:   897.51
Total T:  856272 | Ep: 5086 | Steps:  422 | Reward:  1434.31
Total T:  856596 | Ep: 5087 | Steps:  324 | Reward:  1092.73
Total T:  856968 | Ep: 5088 | Steps:  372 | Reward:  1237.04
Total T:  857397 | Ep: 5089 | Steps:  429 | Reward:  1444.60
Total T:  857808 | Ep: 5090 | Steps:  411 | Reward:  1389.16
Total T:  858235 | Ep: 5091 | Steps:  427 | Reward:  1453.63
Total T:  858509 | Ep: 5092 | Steps:  274 | Reward:   913.97
Total T:  858900 | Ep: 5093 | Steps:  391 | Reward:  1332.07
Total T:  859206 | Ep: 5094 | Steps:  306 | Reward:  1045.81
Total T:  859731 | Ep: 5095 | Steps:  525 | Reward:  1754.08
---------------------------------------
Evaluation over 10 episodes: 1306.202
---------------------------------------
Total T:  860093 | Ep: 5096 | Steps:  362 | Reward:  1204.96
Total T:  860451 | Ep: 5097 | Steps:  358 | Reward:  1188.79
Total T:  860771 | Ep: 5098 | Steps:  320 | Reward:  1084.95
Total T:  861093 | Ep: 5099 | Steps:  322 | Reward:  1097.05
Total T:  861602 | Ep: 5100 | Steps:  509 | Reward:  1706.49
Total T:  861966 | Ep: 5101 | Steps:  364 | Reward:  1205.96
Total T:  862345 | Ep: 5102 | Steps:  379 | Reward:  1276.03
Total T:  862601 | Ep: 5103 | Steps:  256 | Reward:   862.34
Total T:  862962 | Ep: 5104 | Steps:  361 | Reward:  1205.22
Total T:  863279 | Ep: 5105 | Steps:  317 | Reward:  1083.83
Total T:  863611 | Ep: 5106 | Steps:  332 | Reward:  1129.75
Total T:  863901 | Ep: 5107 | Steps:  290 | Reward:   924.63
Total T:  864226 | Ep: 5108 | Steps:  325 | Reward:  1111.26
Total T:  864545 | Ep: 5109 | Steps:  319 | Reward:  1095.49
Total T:  864858 | Ep: 5110 | Steps:  313 | Reward:  1072.17
Total T:  865212 | Ep: 5111 | Steps:  354 | Reward:  1190.83
Total T:  865527 | Ep: 5112 | Steps:  315 | Reward:  1054.17
Total T:  865974 | Ep: 5113 | Steps:  447 | Reward:  1483.54
Total T:  866304 | Ep: 5114 | Steps:  330 | Reward:  1147.25
Total T:  866578 | Ep: 5115 | Steps:  274 | Reward:   926.07
Total T:  866906 | Ep: 5116 | Steps:  328 | Reward:  1124.46
Total T:  867227 | Ep: 5117 | Steps:  321 | Reward:  1098.80
Total T:  867538 | Ep: 5118 | Steps:  311 | Reward:  1063.52
Total T:  867893 | Ep: 5119 | Steps:  355 | Reward:  1207.72
Total T:  868249 | Ep: 5120 | Steps:  356 | Reward:  1207.40
Total T:  868579 | Ep: 5121 | Steps:  330 | Reward:  1120.09
Total T:  868879 | Ep: 5122 | Steps:  300 | Reward:  1031.14
Total T:  869140 | Ep: 5123 | Steps:  261 | Reward:   885.77
Total T:  869396 | Ep: 5124 | Steps:  256 | Reward:   884.07
Total T:  869661 | Ep: 5125 | Steps:  265 | Reward:   900.41
---------------------------------------
Evaluation over 10 episodes: 2204.719
---------------------------------------
Total T:  870039 | Ep: 5126 | Steps:  378 | Reward:  1286.23
Total T:  870361 | Ep: 5127 | Steps:  322 | Reward:  1102.18
Total T:  870639 | Ep: 5128 | Steps:  278 | Reward:   930.81
Total T:  870951 | Ep: 5129 | Steps:  312 | Reward:  1067.74
Total T:  871272 | Ep: 5130 | Steps:  321 | Reward:  1089.96
Total T:  871542 | Ep: 5131 | Steps:  270 | Reward:   925.48
Total T:  871804 | Ep: 5132 | Steps:  262 | Reward:   902.30
Total T:  872088 | Ep: 5133 | Steps:  284 | Reward:   955.51
Total T:  872402 | Ep: 5134 | Steps:  314 | Reward:  1082.13
Total T:  872713 | Ep: 5135 | Steps:  311 | Reward:  1068.50
Total T:  873035 | Ep: 5136 | Steps:  322 | Reward:  1123.00
Total T:  873321 | Ep: 5137 | Steps:  286 | Reward:   966.69
Total T:  873654 | Ep: 5138 | Steps:  333 | Reward:  1138.90
Total T:  873912 | Ep: 5139 | Steps:  258 | Reward:   881.10
Total T:  874159 | Ep: 5140 | Steps:  247 | Reward:   843.56
Total T:  874430 | Ep: 5141 | Steps:  271 | Reward:   910.63
Total T:  874675 | Ep: 5142 | Steps:  245 | Reward:   846.50
Total T:  875023 | Ep: 5143 | Steps:  348 | Reward:  1170.38
Total T:  875382 | Ep: 5144 | Steps:  359 | Reward:  1192.74
Total T:  875626 | Ep: 5145 | Steps:  244 | Reward:   841.73
Total T:  875941 | Ep: 5146 | Steps:  315 | Reward:  1085.85
Total T:  876185 | Ep: 5147 | Steps:  244 | Reward:   835.98
Total T:  876525 | Ep: 5148 | Steps:  340 | Reward:  1165.23
Total T:  876842 | Ep: 5149 | Steps:  317 | Reward:  1085.01
Total T:  877207 | Ep: 5150 | Steps:  365 | Reward:  1233.66
Total T:  877493 | Ep: 5151 | Steps:  286 | Reward:   965.43
Total T:  877822 | Ep: 5152 | Steps:  329 | Reward:  1137.77
Total T:  878340 | Ep: 5153 | Steps:  518 | Reward:  1738.30
Total T:  878697 | Ep: 5154 | Steps:  357 | Reward:  1187.62
Total T:  879251 | Ep: 5155 | Steps:  554 | Reward:  1901.45
Total T:  879524 | Ep: 5156 | Steps:  273 | Reward:   914.13
Total T:  879888 | Ep: 5157 | Steps:  364 | Reward:  1227.80
---------------------------------------
Evaluation over 10 episodes: 1808.566
---------------------------------------
Total T:  880145 | Ep: 5158 | Steps:  257 | Reward:   889.09
Total T:  880399 | Ep: 5159 | Steps:  254 | Reward:   878.23
Total T:  880709 | Ep: 5160 | Steps:  310 | Reward:  1078.31
Total T:  881127 | Ep: 5161 | Steps:  418 | Reward:  1440.50
Total T:  881450 | Ep: 5162 | Steps:  323 | Reward:  1119.89
Total T:  881751 | Ep: 5163 | Steps:  301 | Reward:  1034.19
Total T:  882035 | Ep: 5164 | Steps:  284 | Reward:   957.34
Total T:  882510 | Ep: 5165 | Steps:  475 | Reward:  1621.41
Total T:  882838 | Ep: 5166 | Steps:  328 | Reward:  1120.10
Total T:  883131 | Ep: 5167 | Steps:  293 | Reward:   995.29
Total T:  883493 | Ep: 5168 | Steps:  362 | Reward:  1206.64
Total T:  883823 | Ep: 5169 | Steps:  330 | Reward:  1145.81
Total T:  884153 | Ep: 5170 | Steps:  330 | Reward:  1135.08
Total T:  884484 | Ep: 5171 | Steps:  331 | Reward:  1142.58
Total T:  884812 | Ep: 5172 | Steps:  328 | Reward:  1128.16
Total T:  885187 | Ep: 5173 | Steps:  375 | Reward:  1268.33
Total T:  885548 | Ep: 5174 | Steps:  361 | Reward:  1209.58
Total T:  885952 | Ep: 5175 | Steps:  404 | Reward:  1373.59
Total T:  886273 | Ep: 5176 | Steps:  321 | Reward:  1122.33
Total T:  886751 | Ep: 5177 | Steps:  478 | Reward:  1641.62
Total T:  887046 | Ep: 5178 | Steps:  295 | Reward:   994.31
Total T:  887377 | Ep: 5179 | Steps:  331 | Reward:  1132.08
Total T:  887824 | Ep: 5180 | Steps:  447 | Reward:  1485.72
Total T:  888149 | Ep: 5181 | Steps:  325 | Reward:  1123.51
Total T:  888465 | Ep: 5182 | Steps:  316 | Reward:  1077.82
Total T:  888756 | Ep: 5183 | Steps:  291 | Reward:   971.72
Total T:  889167 | Ep: 5184 | Steps:  411 | Reward:  1419.16
Total T:  889499 | Ep: 5185 | Steps:  332 | Reward:  1138.20
Total T:  889816 | Ep: 5186 | Steps:  317 | Reward:  1093.06
---------------------------------------
Evaluation over 10 episodes: 1160.460
---------------------------------------
Total T:  890190 | Ep: 5187 | Steps:  374 | Reward:  1257.09
Total T:  890523 | Ep: 5188 | Steps:  333 | Reward:  1163.76
Total T:  890841 | Ep: 5189 | Steps:  318 | Reward:  1076.26
Total T:  891303 | Ep: 5190 | Steps:  462 | Reward:  1535.91
Total T:  891618 | Ep: 5191 | Steps:  315 | Reward:  1100.58
Total T:  891932 | Ep: 5192 | Steps:  314 | Reward:  1082.75
Total T:  892256 | Ep: 5193 | Steps:  324 | Reward:  1105.63
Total T:  892574 | Ep: 5194 | Steps:  318 | Reward:  1095.82
Total T:  892915 | Ep: 5195 | Steps:  341 | Reward:  1164.70
Total T:  893207 | Ep: 5196 | Steps:  292 | Reward:   989.04
Total T:  893497 | Ep: 5197 | Steps:  290 | Reward:   977.22
Total T:  893819 | Ep: 5198 | Steps:  322 | Reward:  1114.14
Total T:  894168 | Ep: 5199 | Steps:  349 | Reward:  1182.85
Total T:  894477 | Ep: 5200 | Steps:  309 | Reward:  1069.53
Total T:  894825 | Ep: 5201 | Steps:  348 | Reward:  1175.63
Total T:  895174 | Ep: 5202 | Steps:  349 | Reward:  1177.41
Total T:  895486 | Ep: 5203 | Steps:  312 | Reward:  1080.46
Total T:  895828 | Ep: 5204 | Steps:  342 | Reward:  1182.92
Total T:  896233 | Ep: 5205 | Steps:  405 | Reward:  1373.68
Total T:  896549 | Ep: 5206 | Steps:  316 | Reward:  1080.01
Total T:  896964 | Ep: 5207 | Steps:  415 | Reward:  1425.72
Total T:  897299 | Ep: 5208 | Steps:  335 | Reward:  1152.34
Total T:  897654 | Ep: 5209 | Steps:  355 | Reward:  1188.33
Total T:  897972 | Ep: 5210 | Steps:  318 | Reward:  1101.54
Total T:  898348 | Ep: 5211 | Steps:  376 | Reward:  1250.44
Total T:  898698 | Ep: 5212 | Steps:  350 | Reward:  1194.96
Total T:  899038 | Ep: 5213 | Steps:  340 | Reward:  1163.14
Total T:  899455 | Ep: 5214 | Steps:  417 | Reward:  1422.64
Total T:  899813 | Ep: 5215 | Steps:  358 | Reward:  1204.94
---------------------------------------
Evaluation over 10 episodes: 1180.563
---------------------------------------
Total T:  900144 | Ep: 5216 | Steps:  331 | Reward:  1143.19
Total T:  900464 | Ep: 5217 | Steps:  320 | Reward:  1086.43
Total T:  900785 | Ep: 5218 | Steps:  321 | Reward:  1114.54
Total T:  901123 | Ep: 5219 | Steps:  338 | Reward:  1152.60
Total T:  901477 | Ep: 5220 | Steps:  354 | Reward:  1196.53
Total T:  901791 | Ep: 5221 | Steps:  314 | Reward:  1061.16
Total T:  902125 | Ep: 5222 | Steps:  334 | Reward:  1154.39
Total T:  902500 | Ep: 5223 | Steps:  375 | Reward:  1257.98
Total T:  902824 | Ep: 5224 | Steps:  324 | Reward:  1120.87
Total T:  903156 | Ep: 5225 | Steps:  332 | Reward:  1134.83
Total T:  903478 | Ep: 5226 | Steps:  322 | Reward:  1106.57
Total T:  903824 | Ep: 5227 | Steps:  346 | Reward:  1178.71
Total T:  904165 | Ep: 5228 | Steps:  341 | Reward:  1166.27
Total T:  904483 | Ep: 5229 | Steps:  318 | Reward:  1097.16
Total T:  904804 | Ep: 5230 | Steps:  321 | Reward:  1105.11
Total T:  905181 | Ep: 5231 | Steps:  377 | Reward:  1263.45
Total T:  905524 | Ep: 5232 | Steps:  343 | Reward:  1170.59
Total T:  905861 | Ep: 5233 | Steps:  337 | Reward:  1163.66
Total T:  906188 | Ep: 5234 | Steps:  327 | Reward:  1128.44
Total T:  906525 | Ep: 5235 | Steps:  337 | Reward:  1150.52
Total T:  906866 | Ep: 5236 | Steps:  341 | Reward:  1158.99
Total T:  907199 | Ep: 5237 | Steps:  333 | Reward:  1140.38
Total T:  907557 | Ep: 5238 | Steps:  358 | Reward:  1212.18
Total T:  907880 | Ep: 5239 | Steps:  323 | Reward:  1121.90
Total T:  908178 | Ep: 5240 | Steps:  298 | Reward:  1029.63
Total T:  908520 | Ep: 5241 | Steps:  342 | Reward:  1170.11
Total T:  908850 | Ep: 5242 | Steps:  330 | Reward:  1145.54
Total T:  909177 | Ep: 5243 | Steps:  327 | Reward:  1129.58
Total T:  909512 | Ep: 5244 | Steps:  335 | Reward:  1142.83
Total T:  909927 | Ep: 5245 | Steps:  415 | Reward:  1437.43
---------------------------------------
Evaluation over 10 episodes: 1255.390
---------------------------------------
Total T:  910263 | Ep: 5246 | Steps:  336 | Reward:  1148.81
Total T:  910601 | Ep: 5247 | Steps:  338 | Reward:  1161.18
Total T:  910929 | Ep: 5248 | Steps:  328 | Reward:  1124.59
Total T:  911256 | Ep: 5249 | Steps:  327 | Reward:  1135.91
Total T:  911616 | Ep: 5250 | Steps:  360 | Reward:  1209.95
Total T:  911930 | Ep: 5251 | Steps:  314 | Reward:  1088.59
Total T:  912249 | Ep: 5252 | Steps:  319 | Reward:  1109.58
Total T:  912582 | Ep: 5253 | Steps:  333 | Reward:  1149.67
Total T:  912899 | Ep: 5254 | Steps:  317 | Reward:  1082.79
Total T:  913255 | Ep: 5255 | Steps:  356 | Reward:  1213.25
Total T:  913631 | Ep: 5256 | Steps:  376 | Reward:  1265.03
Total T:  913968 | Ep: 5257 | Steps:  337 | Reward:  1144.88
Total T:  914283 | Ep: 5258 | Steps:  315 | Reward:  1062.64
Total T:  914625 | Ep: 5259 | Steps:  342 | Reward:  1161.14
Total T:  914974 | Ep: 5260 | Steps:  349 | Reward:  1184.85
Total T:  915322 | Ep: 5261 | Steps:  348 | Reward:  1192.16
Total T:  915663 | Ep: 5262 | Steps:  341 | Reward:  1177.36
Total T:  916006 | Ep: 5263 | Steps:  343 | Reward:  1174.99
Total T:  916334 | Ep: 5264 | Steps:  328 | Reward:  1118.88
Total T:  916774 | Ep: 5265 | Steps:  440 | Reward:  1488.66
Total T:  917069 | Ep: 5266 | Steps:  295 | Reward:  1007.79
Total T:  917426 | Ep: 5267 | Steps:  357 | Reward:  1203.52
Total T:  917781 | Ep: 5268 | Steps:  355 | Reward:  1205.19
Total T:  918199 | Ep: 5269 | Steps:  418 | Reward:  1419.74
Total T:  918533 | Ep: 5270 | Steps:  334 | Reward:  1114.67
Total T:  918875 | Ep: 5271 | Steps:  342 | Reward:  1169.27
Total T:  919196 | Ep: 5272 | Steps:  321 | Reward:  1096.21
Total T:  919545 | Ep: 5273 | Steps:  349 | Reward:  1182.60
Total T:  919865 | Ep: 5274 | Steps:  320 | Reward:  1082.66
---------------------------------------
Evaluation over 10 episodes: 1103.715
---------------------------------------
Total T:  920191 | Ep: 5275 | Steps:  326 | Reward:  1109.89
Total T:  920531 | Ep: 5276 | Steps:  340 | Reward:  1175.23
Total T:  920867 | Ep: 5277 | Steps:  336 | Reward:  1135.24
Total T:  921211 | Ep: 5278 | Steps:  344 | Reward:  1176.67
Total T:  921634 | Ep: 5279 | Steps:  423 | Reward:  1430.95
Total T:  921964 | Ep: 5280 | Steps:  330 | Reward:  1147.66
Total T:  922299 | Ep: 5281 | Steps:  335 | Reward:  1144.81
Total T:  922617 | Ep: 5282 | Steps:  318 | Reward:  1091.73
Total T:  922957 | Ep: 5283 | Steps:  340 | Reward:  1163.45
Total T:  923386 | Ep: 5284 | Steps:  429 | Reward:  1456.19
Total T:  923722 | Ep: 5285 | Steps:  336 | Reward:  1149.45
Total T:  924052 | Ep: 5286 | Steps:  330 | Reward:  1133.46
Total T:  924376 | Ep: 5287 | Steps:  324 | Reward:  1108.50
Total T:  924715 | Ep: 5288 | Steps:  339 | Reward:  1175.34
Total T:  925010 | Ep: 5289 | Steps:  295 | Reward:  1010.82
Total T:  925447 | Ep: 5290 | Steps:  437 | Reward:  1479.64
Total T:  925793 | Ep: 5291 | Steps:  346 | Reward:  1190.40
Total T:  926163 | Ep: 5292 | Steps:  370 | Reward:  1245.71
Total T:  926607 | Ep: 5293 | Steps:  444 | Reward:  1488.03
Total T:  926915 | Ep: 5294 | Steps:  308 | Reward:  1061.32
Total T:  927251 | Ep: 5295 | Steps:  336 | Reward:  1159.92
Total T:  927590 | Ep: 5296 | Steps:  339 | Reward:  1161.94
Total T:  927926 | Ep: 5297 | Steps:  336 | Reward:  1144.65
Total T:  928265 | Ep: 5298 | Steps:  339 | Reward:  1162.16
Total T:  928596 | Ep: 5299 | Steps:  331 | Reward:  1136.66
Total T:  928934 | Ep: 5300 | Steps:  338 | Reward:  1157.23
Total T:  929345 | Ep: 5301 | Steps:  411 | Reward:  1402.55
Total T:  929689 | Ep: 5302 | Steps:  344 | Reward:  1184.22
---------------------------------------
Evaluation over 10 episodes: 1161.509
---------------------------------------
Total T:  930114 | Ep: 5303 | Steps:  425 | Reward:  1411.06
Total T:  930473 | Ep: 5304 | Steps:  359 | Reward:  1205.95
Total T:  930817 | Ep: 5305 | Steps:  344 | Reward:  1162.39
Total T:  931267 | Ep: 5306 | Steps:  450 | Reward:  1531.32
Total T:  931562 | Ep: 5307 | Steps:  295 | Reward:   994.88
Total T:  931956 | Ep: 5308 | Steps:  394 | Reward:  1391.58
Total T:  932347 | Ep: 5309 | Steps:  391 | Reward:  1343.06
Total T:  932681 | Ep: 5310 | Steps:  334 | Reward:  1128.80
Total T:  933031 | Ep: 5311 | Steps:  350 | Reward:  1181.26
Total T:  933370 | Ep: 5312 | Steps:  339 | Reward:  1144.46
Total T:  933686 | Ep: 5313 | Steps:  316 | Reward:  1099.64
Total T:  934009 | Ep: 5314 | Steps:  323 | Reward:  1111.41
Total T:  934379 | Ep: 5315 | Steps:  370 | Reward:  1234.43
Total T:  934717 | Ep: 5316 | Steps:  338 | Reward:  1153.11
Total T:  935049 | Ep: 5317 | Steps:  332 | Reward:  1137.92
Total T:  935405 | Ep: 5318 | Steps:  356 | Reward:  1198.90
Total T:  935744 | Ep: 5319 | Steps:  339 | Reward:  1157.51
Total T:  936077 | Ep: 5320 | Steps:  333 | Reward:  1128.32
Total T:  936424 | Ep: 5321 | Steps:  347 | Reward:  1189.85
Total T:  936745 | Ep: 5322 | Steps:  321 | Reward:  1107.03
Total T:  937071 | Ep: 5323 | Steps:  326 | Reward:  1145.34
Total T:  937420 | Ep: 5324 | Steps:  349 | Reward:  1183.26
Total T:  937822 | Ep: 5325 | Steps:  402 | Reward:  1396.95
Total T:  938197 | Ep: 5326 | Steps:  375 | Reward:  1308.78
Total T:  938521 | Ep: 5327 | Steps:  324 | Reward:  1121.18
Total T:  938927 | Ep: 5328 | Steps:  406 | Reward:  1403.81
Total T:  939261 | Ep: 5329 | Steps:  334 | Reward:  1134.03
Total T:  939673 | Ep: 5330 | Steps:  412 | Reward:  1395.38
---------------------------------------
Evaluation over 10 episodes: 1132.730
---------------------------------------
Total T:  940081 | Ep: 5331 | Steps:  408 | Reward:  1391.00
Total T:  940405 | Ep: 5332 | Steps:  324 | Reward:  1110.52
Total T:  940728 | Ep: 5333 | Steps:  323 | Reward:  1107.51
Total T:  941087 | Ep: 5334 | Steps:  359 | Reward:  1215.66
Total T:  941424 | Ep: 5335 | Steps:  337 | Reward:  1162.54
Total T:  941779 | Ep: 5336 | Steps:  355 | Reward:  1208.13
Total T:  942106 | Ep: 5337 | Steps:  327 | Reward:  1108.06
Total T:  942467 | Ep: 5338 | Steps:  361 | Reward:  1208.51
Total T:  943082 | Ep: 5339 | Steps:  615 | Reward:  2056.80
Total T:  943420 | Ep: 5340 | Steps:  338 | Reward:  1164.63
Total T:  943920 | Ep: 5341 | Steps:  500 | Reward:  1715.63
Total T:  944258 | Ep: 5342 | Steps:  338 | Reward:  1172.73
Total T:  944575 | Ep: 5343 | Steps:  317 | Reward:  1084.81
Total T:  944948 | Ep: 5344 | Steps:  373 | Reward:  1256.76
Total T:  945428 | Ep: 5345 | Steps:  480 | Reward:  1681.02
Total T:  946110 | Ep: 5346 | Steps:  682 | Reward:  2328.23
Total T:  946938 | Ep: 5347 | Steps:  828 | Reward:  2827.85
Total T:  947277 | Ep: 5348 | Steps:  339 | Reward:  1163.12
Total T:  947592 | Ep: 5349 | Steps:  315 | Reward:  1099.68
Total T:  948086 | Ep: 5350 | Steps:  494 | Reward:  1695.35
Total T:  948418 | Ep: 5351 | Steps:  332 | Reward:  1148.09
Total T:  948751 | Ep: 5352 | Steps:  333 | Reward:  1141.86
Total T:  949202 | Ep: 5353 | Steps:  451 | Reward:  1511.94
Total T:  949548 | Ep: 5354 | Steps:  346 | Reward:  1176.01
Total T:  949904 | Ep: 5355 | Steps:  356 | Reward:  1214.59
---------------------------------------
Evaluation over 10 episodes: 1191.352
---------------------------------------
Total T:  950240 | Ep: 5356 | Steps:  336 | Reward:  1150.24
Total T:  950579 | Ep: 5357 | Steps:  339 | Reward:  1156.51
Total T:  951174 | Ep: 5358 | Steps:  595 | Reward:  2017.25
Total T:  951585 | Ep: 5359 | Steps:  411 | Reward:  1385.83
Total T:  952005 | Ep: 5360 | Steps:  420 | Reward:  1433.79
Total T:  952447 | Ep: 5361 | Steps:  442 | Reward:  1498.61
Total T:  952790 | Ep: 5362 | Steps:  343 | Reward:  1198.49
Total T:  953149 | Ep: 5363 | Steps:  359 | Reward:  1230.23
Total T:  953555 | Ep: 5364 | Steps:  406 | Reward:  1369.02
Total T:  953878 | Ep: 5365 | Steps:  323 | Reward:  1104.23
Total T:  954303 | Ep: 5366 | Steps:  425 | Reward:  1417.57
Total T:  954603 | Ep: 5367 | Steps:  300 | Reward:  1027.10
Total T:  955012 | Ep: 5368 | Steps:  409 | Reward:  1408.79
Total T:  955452 | Ep: 5369 | Steps:  440 | Reward:  1493.12
Total T:  955792 | Ep: 5370 | Steps:  340 | Reward:  1183.11
Total T:  956119 | Ep: 5371 | Steps:  327 | Reward:  1124.54
Total T:  956451 | Ep: 5372 | Steps:  332 | Reward:  1129.66
Total T:  956815 | Ep: 5373 | Steps:  364 | Reward:  1231.82
Total T:  957171 | Ep: 5374 | Steps:  356 | Reward:  1223.67
Total T:  957530 | Ep: 5375 | Steps:  359 | Reward:  1219.06
Total T:  957957 | Ep: 5376 | Steps:  427 | Reward:  1450.37
Total T:  958306 | Ep: 5377 | Steps:  349 | Reward:  1188.64
Total T:  958645 | Ep: 5378 | Steps:  339 | Reward:  1186.29
Total T:  958957 | Ep: 5379 | Steps:  312 | Reward:  1063.88
Total T:  959275 | Ep: 5380 | Steps:  318 | Reward:  1082.80
Total T:  959962 | Ep: 5381 | Steps:  687 | Reward:  2332.56
---------------------------------------
Evaluation over 10 episodes: 1193.315
---------------------------------------
Total T:  960609 | Ep: 5382 | Steps:  647 | Reward:  2187.94
Total T:  961142 | Ep: 5383 | Steps:  533 | Reward:  1796.91
Total T:  961458 | Ep: 5384 | Steps:  316 | Reward:  1091.92
Total T:  961823 | Ep: 5385 | Steps:  365 | Reward:  1253.76
Total T:  962151 | Ep: 5386 | Steps:  328 | Reward:  1140.25
Total T:  962489 | Ep: 5387 | Steps:  338 | Reward:  1165.65
Total T:  962891 | Ep: 5388 | Steps:  402 | Reward:  1410.79
Total T:  963244 | Ep: 5389 | Steps:  353 | Reward:  1236.49
Total T:  963609 | Ep: 5390 | Steps:  365 | Reward:  1222.52
Total T:  963941 | Ep: 5391 | Steps:  332 | Reward:  1142.49
Total T:  964268 | Ep: 5392 | Steps:  327 | Reward:  1118.11
Total T:  964739 | Ep: 5393 | Steps:  471 | Reward:  1624.39
Total T:  965091 | Ep: 5394 | Steps:  352 | Reward:  1215.27
Total T:  965444 | Ep: 5395 | Steps:  353 | Reward:  1207.29
Total T:  965771 | Ep: 5396 | Steps:  327 | Reward:  1132.55
Total T:  966112 | Ep: 5397 | Steps:  341 | Reward:  1171.11
Total T:  966455 | Ep: 5398 | Steps:  343 | Reward:  1184.98
Total T:  966787 | Ep: 5399 | Steps:  332 | Reward:  1130.04
Total T:  967182 | Ep: 5400 | Steps:  395 | Reward:  1345.89
Total T:  967505 | Ep: 5401 | Steps:  323 | Reward:  1132.03
Total T:  967868 | Ep: 5402 | Steps:  363 | Reward:  1199.20
Total T:  968212 | Ep: 5403 | Steps:  344 | Reward:  1180.78
Total T:  968710 | Ep: 5404 | Steps:  498 | Reward:  1687.97
Total T:  969060 | Ep: 5405 | Steps:  350 | Reward:  1196.84
Total T:  969381 | Ep: 5406 | Steps:  321 | Reward:  1130.23
Total T:  969778 | Ep: 5407 | Steps:  397 | Reward:  1364.98
---------------------------------------
Evaluation over 10 episodes: 1143.998
---------------------------------------
Total T:  970269 | Ep: 5408 | Steps:  491 | Reward:  1669.46
Total T:  970647 | Ep: 5409 | Steps:  378 | Reward:  1295.93
Total T:  970984 | Ep: 5410 | Steps:  337 | Reward:  1151.80
Total T:  971314 | Ep: 5411 | Steps:  330 | Reward:  1138.43
Total T:  971637 | Ep: 5412 | Steps:  323 | Reward:  1098.68
Total T:  971987 | Ep: 5413 | Steps:  350 | Reward:  1196.77
Total T:  972311 | Ep: 5414 | Steps:  324 | Reward:  1115.91
Total T:  972743 | Ep: 5415 | Steps:  432 | Reward:  1479.34
Total T:  973330 | Ep: 5416 | Steps:  587 | Reward:  1987.64
Total T:  973750 | Ep: 5417 | Steps:  420 | Reward:  1448.21
Total T:  974078 | Ep: 5418 | Steps:  328 | Reward:  1153.22
Total T:  974420 | Ep: 5419 | Steps:  342 | Reward:  1184.64
Total T:  974745 | Ep: 5420 | Steps:  325 | Reward:  1105.03
Total T:  975261 | Ep: 5421 | Steps:  516 | Reward:  1776.52
Total T:  975679 | Ep: 5422 | Steps:  418 | Reward:  1433.96
Total T:  976094 | Ep: 5423 | Steps:  415 | Reward:  1413.93
Total T:  976507 | Ep: 5424 | Steps:  413 | Reward:  1411.52
Total T:  976849 | Ep: 5425 | Steps:  342 | Reward:  1189.30
Total T:  977372 | Ep: 5426 | Steps:  523 | Reward:  1765.97
Total T:  977789 | Ep: 5427 | Steps:  417 | Reward:  1423.33
Total T:  978508 | Ep: 5428 | Steps:  719 | Reward:  2474.57
Total T:  978873 | Ep: 5429 | Steps:  365 | Reward:  1227.83
Total T:  979268 | Ep: 5430 | Steps:  395 | Reward:  1357.28
Total T:  979706 | Ep: 5431 | Steps:  438 | Reward:  1491.72
---------------------------------------
Evaluation over 10 episodes: 1095.128
---------------------------------------
Total T:  980109 | Ep: 5432 | Steps:  403 | Reward:  1382.67
Total T:  980535 | Ep: 5433 | Steps:  426 | Reward:  1458.09
Total T:  980973 | Ep: 5434 | Steps:  438 | Reward:  1510.04
Total T:  981318 | Ep: 5435 | Steps:  345 | Reward:  1199.52
Total T:  981684 | Ep: 5436 | Steps:  366 | Reward:  1239.55
Total T:  982029 | Ep: 5437 | Steps:  345 | Reward:  1181.19
Total T:  982425 | Ep: 5438 | Steps:  396 | Reward:  1338.52
Total T:  982714 | Ep: 5439 | Steps:  289 | Reward:   952.19
Total T:  983166 | Ep: 5440 | Steps:  452 | Reward:  1519.12
Total T:  983451 | Ep: 5441 | Steps:  285 | Reward:   929.94
Total T:  983885 | Ep: 5442 | Steps:  434 | Reward:  1462.38
Total T:  984252 | Ep: 5443 | Steps:  367 | Reward:  1227.87
Total T:  984604 | Ep: 5444 | Steps:  352 | Reward:  1212.48
Total T:  984989 | Ep: 5445 | Steps:  385 | Reward:  1364.77
Total T:  985406 | Ep: 5446 | Steps:  417 | Reward:  1448.67
Total T:  985760 | Ep: 5447 | Steps:  354 | Reward:  1225.02
Total T:  986286 | Ep: 5448 | Steps:  526 | Reward:  1772.81
Total T:  986652 | Ep: 5449 | Steps:  366 | Reward:  1235.88
Total T:  987153 | Ep: 5450 | Steps:  501 | Reward:  1708.93
Total T:  987505 | Ep: 5451 | Steps:  352 | Reward:  1206.48
Total T:  987831 | Ep: 5452 | Steps:  326 | Reward:  1135.04
Total T:  988238 | Ep: 5453 | Steps:  407 | Reward:  1407.37
Total T:  988639 | Ep: 5454 | Steps:  401 | Reward:  1418.10
Total T:  989025 | Ep: 5455 | Steps:  386 | Reward:  1356.26
Total T:  989367 | Ep: 5456 | Steps:  342 | Reward:  1178.27
Total T:  989744 | Ep: 5457 | Steps:  377 | Reward:  1361.08
---------------------------------------
Evaluation over 10 episodes: 1084.000
---------------------------------------
Total T:  990162 | Ep: 5458 | Steps:  418 | Reward:  1433.57
Total T:  990700 | Ep: 5459 | Steps:  538 | Reward:  1868.99
Total T:  990988 | Ep: 5460 | Steps:  288 | Reward:   948.81
Total T:  991387 | Ep: 5461 | Steps:  399 | Reward:  1355.38
Total T:  992054 | Ep: 5462 | Steps:  667 | Reward:  2273.63
Total T:  992642 | Ep: 5463 | Steps:  588 | Reward:  1988.63
Total T:  993283 | Ep: 5464 | Steps:  641 | Reward:  2169.65
Total T:  993919 | Ep: 5465 | Steps:  636 | Reward:  2195.67
Total T:  994382 | Ep: 5466 | Steps:  463 | Reward:  1574.59
Total T:  994766 | Ep: 5467 | Steps:  384 | Reward:  1281.28
Total T:  995138 | Ep: 5468 | Steps:  372 | Reward:  1266.51
Total T:  995437 | Ep: 5469 | Steps:  299 | Reward:   990.51
Total T:  995836 | Ep: 5470 | Steps:  399 | Reward:  1357.79
Total T:  996190 | Ep: 5471 | Steps:  354 | Reward:  1179.76
Total T:  996607 | Ep: 5472 | Steps:  417 | Reward:  1497.02
Total T:  997185 | Ep: 5473 | Steps:  578 | Reward:  1953.44
Total T:  997592 | Ep: 5474 | Steps:  407 | Reward:  1419.66
Total T:  997970 | Ep: 5475 | Steps:  378 | Reward:  1317.96
Total T:  998352 | Ep: 5476 | Steps:  382 | Reward:  1305.39
Total T:  998701 | Ep: 5477 | Steps:  349 | Reward:  1165.16
Total T:  999036 | Ep: 5478 | Steps:  335 | Reward:  1153.13
Total T:  999527 | Ep: 5479 | Steps:  491 | Reward:  1722.83
Total T:  999993 | Ep: 5480 | Steps:  466 | Reward:  1586.03
---------------------------------------
Evaluation over 10 episodes: 1132.947
---------------------------------------

[main] Model saved:
        actor  -> /home/naida/Desktop/CS515-Deep-RL/TD3_algorithm/runs/td3_sweep_hopper-v4_seed2_Hopper-v4_10-05-2026_21-36-47/model_actor
        critic -> /home/naida/Desktop/CS515-Deep-RL/TD3_algorithm/runs/td3_sweep_hopper-v4_seed2_Hopper-v4_10-05-2026_21-36-47/model_critic
[main] Training history -> /home/naida/Desktop/CS515-Deep-RL/TD3_algorithm/runs/td3_sweep_hopper-v4_seed2_Hopper-v4_10-05-2026_21-36-47/episode_rewards.csv
[main] Eval history     -> /home/naida/Desktop/CS515-Deep-RL/TD3_algorithm/runs/td3_sweep_hopper-v4_seed2_Hopper-v4_10-05-2026_21-36-47/eval_rewards.csv
[main] Summary          -> /home/naida/Desktop/CS515-Deep-RL/TD3_algorithm/runs/td3_sweep_hopper-v4_seed2_Hopper-v4_10-05-2026_21-36-47/summary.json
[main] Unified eval -> /home/naida/Desktop/CS515-Deep-RL/results/continuous/td3/hopper-v4/seed_2.npy
[main] Wallclock    -> /home/naida/Desktop/CS515-Deep-RL/results/wallclock/continuous/td3/hopper-v4/seed_2.npy
[plot] Saved plot to /home/naida/Desktop/CS515-Deep-RL/TD3_algorithm/runs/td3_sweep_hopper-v4_seed2_Hopper-v4_10-05-2026_21-36-47/training_curves.png

============================================================
Training complete. To watch the trained agent play:
  python test.py --env_name Hopper-v4 --load_dir "/home/naida/Desktop/CS515-Deep-RL/TD3_algorithm/runs/td3_sweep_hopper-v4_seed2_Hopper-v4_10-05-2026_21-36-47"
============================================================
