C:\Users\mohamedosama\AppData\Local\anaconda3\envs\deep_rl\lib\site-packages\gymnasium\core.py:311: UserWarning: [33mWARN: env.seed to get variables from other wrappers is deprecated and will be removed in v1.0, to get this variable you can do `env.unwrapped.seed` for environment variables or `env.get_wrapper_attr('seed')` that will search the reminding wrappers.[0m
  logger.warn(
--------------------------------------------------
Env:        Walker2d-v4
  ob_dim    = 17
  ac_dim    = 6
  max_action= 1.0
Logdir:     C:\Users\mohamedosama\Downloads\CS515-Deep-RL\TD3_algorithm\runs\td3_sweep_walker2d-v4_seed1_Walker2d-v4_11-05-2026_14-02-46
Rendering:  off
--------------------------------------------------
C:\Users\mohamedosama\AppData\Local\anaconda3\envs\deep_rl\lib\site-packages\gymnasium\core.py:311: UserWarning: [33mWARN: env.seed to get variables from other wrappers is deprecated and will be removed in v1.0, to get this variable you can do `env.unwrapped.seed` for environment variables or `env.get_wrapper_attr('seed')` that will search the reminding wrappers.[0m
  logger.warn(
---------------------------------------
Evaluation over 10 episodes: 3.984
---------------------------------------
Total T:      14 | Ep:    1 | Steps:   14 | Reward:    -2.06
Total T:      36 | Ep:    2 | Steps:   22 | Reward:    -0.57
Total T:      54 | Ep:    3 | Steps:   18 | Reward:    -0.64
Total T:      65 | Ep:    4 | Steps:   11 | Reward:     1.78
Total T:      85 | Ep:    5 | Steps:   20 | Reward:    -5.72
Total T:     117 | Ep:    6 | Steps:   32 | Reward:     7.23
Total T:     133 | Ep:    7 | Steps:   16 | Reward:    -0.00
Total T:     147 | Ep:    8 | Steps:   14 | Reward:     0.93
Total T:     170 | Ep:    9 | Steps:   23 | Reward:    -4.70
Total T:     193 | Ep:   10 | Steps:   23 | Reward:     2.36
Total T:     205 | Ep:   11 | Steps:   12 | Reward:     0.61
Total T:     223 | Ep:   12 | Steps:   18 | Reward:     1.04
Total T:     246 | Ep:   13 | Steps:   23 | Reward:     2.67
Total T:     263 | Ep:   14 | Steps:   17 | Reward:    -2.34
Total T:     275 | Ep:   15 | Steps:   12 | Reward:    -7.27
Total T:     296 | Ep:   16 | Steps:   21 | Reward:    -0.28
Total T:     314 | Ep:   17 | Steps:   18 | Reward:    -9.76
Total T:     347 | Ep:   18 | Steps:   33 | Reward:     1.54
Total T:     367 | Ep:   19 | Steps:   20 | Reward:    10.77
Total T:     419 | Ep:   20 | Steps:   52 | Reward:    22.90
Total T:     432 | Ep:   21 | Steps:   13 | Reward:     1.97
Total T:     452 | Ep:   22 | Steps:   20 | Reward:     1.61
Total T:     472 | Ep:   23 | Steps:   20 | Reward:     9.98
Total T:     498 | Ep:   24 | Steps:   26 | Reward:    -0.01
Total T:     526 | Ep:   25 | Steps:   28 | Reward:     0.47
Total T:     537 | Ep:   26 | Steps:   11 | Reward:    -0.45
Total T:     567 | Ep:   27 | Steps:   30 | Reward:    13.53
Total T:     578 | Ep:   28 | Steps:   11 | Reward:     1.22
Total T:     602 | Ep:   29 | Steps:   24 | Reward:     7.04
Total T:     631 | Ep:   30 | Steps:   29 | Reward:    13.27
Total T:     651 | Ep:   31 | Steps:   20 | Reward:     3.67
Total T:     672 | Ep:   32 | Steps:   21 | Reward:    -0.36
Total T:     688 | Ep:   33 | Steps:   16 | Reward:     3.21
Total T:     714 | Ep:   34 | Steps:   26 | Reward:    -0.02
Total T:     746 | Ep:   35 | Steps:   32 | Reward:     0.59
Total T:     761 | Ep:   36 | Steps:   15 | Reward:     0.30
Total T:     782 | Ep:   37 | Steps:   21 | Reward:    -1.78
Total T:     794 | Ep:   38 | Steps:   12 | Reward:     0.27
Total T:     805 | Ep:   39 | Steps:   11 | Reward:     0.05
Total T:     837 | Ep:   40 | Steps:   32 | Reward:     2.23
Total T:     870 | Ep:   41 | Steps:   33 | Reward:     5.12
Total T:     899 | Ep:   42 | Steps:   29 | Reward:    -1.44
Total T:     921 | Ep:   43 | Steps:   22 | Reward:     5.05
Total T:     932 | Ep:   44 | Steps:   11 | Reward:     0.75
Total T:     964 | Ep:   45 | Steps:   32 | Reward:     3.71
Total T:     987 | Ep:   46 | Steps:   23 | Reward:     2.31
Total T:    1000 | Ep:   47 | Steps:   13 | Reward:     0.71
Total T:    1019 | Ep:   48 | Steps:   19 | Reward:     4.23
Total T:    1042 | Ep:   49 | Steps:   23 | Reward:    11.60
Total T:    1061 | Ep:   50 | Steps:   19 | Reward:     2.40
Total T:    1078 | Ep:   51 | Steps:   17 | Reward:     1.96
Total T:    1090 | Ep:   52 | Steps:   12 | Reward:     1.54
Total T:    1101 | Ep:   53 | Steps:   11 | Reward:    -3.16
Total T:    1138 | Ep:   54 | Steps:   37 | Reward:    16.59
Total T:    1152 | Ep:   55 | Steps:   14 | Reward:     2.75
Total T:    1165 | Ep:   56 | Steps:   13 | Reward:     1.91
Total T:    1183 | Ep:   57 | Steps:   18 | Reward:     8.79
Total T:    1212 | Ep:   58 | Steps:   29 | Reward:     5.66
Total T:    1265 | Ep:   59 | Steps:   53 | Reward:    16.59
Total T:    1276 | Ep:   60 | Steps:   11 | Reward:    -1.95
Total T:    1303 | Ep:   61 | Steps:   27 | Reward:     3.63
Total T:    1322 | Ep:   62 | Steps:   19 | Reward:     2.33
Total T:    1338 | Ep:   63 | Steps:   16 | Reward:     4.42
Total T:    1350 | Ep:   64 | Steps:   12 | Reward:     1.14
Total T:    1392 | Ep:   65 | Steps:   42 | Reward:    25.96
Total T:    1410 | Ep:   66 | Steps:   18 | Reward:     4.62
Total T:    1429 | Ep:   67 | Steps:   19 | Reward:     9.00
Total T:    1440 | Ep:   68 | Steps:   11 | Reward:     0.53
Total T:    1468 | Ep:   69 | Steps:   28 | Reward:     3.29
Total T:    1491 | Ep:   70 | Steps:   23 | Reward:    -4.76
Total T:    1527 | Ep:   71 | Steps:   36 | Reward:    21.51
Total T:    1539 | Ep:   72 | Steps:   12 | Reward:    -1.48
Total T:    1558 | Ep:   73 | Steps:   19 | Reward:     4.45
Total T:    1570 | Ep:   74 | Steps:   12 | Reward:    -2.83
Total T:    1581 | Ep:   75 | Steps:   11 | Reward:    -0.77
Total T:    1599 | Ep:   76 | Steps:   18 | Reward:    -5.59
Total T:    1617 | Ep:   77 | Steps:   18 | Reward:    -3.03
Total T:    1634 | Ep:   78 | Steps:   17 | Reward:     3.41
Total T:    1649 | Ep:   79 | Steps:   15 | Reward:    -0.92
Total T:    1677 | Ep:   80 | Steps:   28 | Reward:    -1.30
Total T:    1693 | Ep:   81 | Steps:   16 | Reward:     5.10
Total T:    1705 | Ep:   82 | Steps:   12 | Reward:    -1.61
Total T:    1754 | Ep:   83 | Steps:   49 | Reward:     4.45
Total T:    1790 | Ep:   84 | Steps:   36 | Reward:     6.42
Total T:    1819 | Ep:   85 | Steps:   29 | Reward:     4.23
Total T:    1832 | Ep:   86 | Steps:   13 | Reward:     4.34
Total T:    1854 | Ep:   87 | Steps:   22 | Reward:    10.10
Total T:    1877 | Ep:   88 | Steps:   23 | Reward:     5.20
Total T:    1887 | Ep:   89 | Steps:   10 | Reward:    -0.08
Total T:    1897 | Ep:   90 | Steps:   10 | Reward:     0.09
Total T:    1916 | Ep:   91 | Steps:   19 | Reward:     1.70
Total T:    1930 | Ep:   92 | Steps:   14 | Reward:    -0.64
Total T:    1954 | Ep:   93 | Steps:   24 | Reward:    -0.23
Total T:    1975 | Ep:   94 | Steps:   21 | Reward:     6.45
Total T:    2013 | Ep:   95 | Steps:   38 | Reward:    10.23
Total T:    2030 | Ep:   96 | Steps:   17 | Reward:     4.10
Total T:    2045 | Ep:   97 | Steps:   15 | Reward:    -1.50
Total T:    2062 | Ep:   98 | Steps:   17 | Reward:     3.32
Total T:    2086 | Ep:   99 | Steps:   24 | Reward:     1.22
Total T:    2106 | Ep:  100 | Steps:   20 | Reward:    -2.74
Total T:    2126 | Ep:  101 | Steps:   20 | Reward:    -2.20
Total T:    2148 | Ep:  102 | Steps:   22 | Reward:   -10.83
Total T:    2174 | Ep:  103 | Steps:   26 | Reward:    -5.61
Total T:    2194 | Ep:  104 | Steps:   20 | Reward:    -7.23
Total T:    2216 | Ep:  105 | Steps:   22 | Reward:    -4.41
Total T:    2236 | Ep:  106 | Steps:   20 | Reward:     5.64
Total T:    2256 | Ep:  107 | Steps:   20 | Reward:     7.91
Total T:    2276 | Ep:  108 | Steps:   20 | Reward:    -1.85
Total T:    2296 | Ep:  109 | Steps:   20 | Reward:     0.90
Total T:    2314 | Ep:  110 | Steps:   18 | Reward:    -0.06
Total T:    2325 | Ep:  111 | Steps:   11 | Reward:     1.37
Total T:    2354 | Ep:  112 | Steps:   29 | Reward:    14.41
Total T:    2367 | Ep:  113 | Steps:   13 | Reward:     0.91
Total T:    2387 | Ep:  114 | Steps:   20 | Reward:     0.75
Total T:    2406 | Ep:  115 | Steps:   19 | Reward:    -2.37
Total T:    2433 | Ep:  116 | Steps:   27 | Reward:     0.74
Total T:    2450 | Ep:  117 | Steps:   17 | Reward:    -1.83
Total T:    2462 | Ep:  118 | Steps:   12 | Reward:    -0.13
Total T:    2482 | Ep:  119 | Steps:   20 | Reward:    -3.68
Total T:    2497 | Ep:  120 | Steps:   15 | Reward:    -0.75
Total T:    2522 | Ep:  121 | Steps:   25 | Reward:     2.79
Total T:    2537 | Ep:  122 | Steps:   15 | Reward:    -3.91
Total T:    2557 | Ep:  123 | Steps:   20 | Reward:     7.98
Total T:    2603 | Ep:  124 | Steps:   46 | Reward:     7.86
Total T:    2625 | Ep:  125 | Steps:   22 | Reward:    -1.76
Total T:    2640 | Ep:  126 | Steps:   15 | Reward:     2.61
Total T:    2669 | Ep:  127 | Steps:   29 | Reward:     4.37
Total T:    2684 | Ep:  128 | Steps:   15 | Reward:     0.52
Total T:    2706 | Ep:  129 | Steps:   22 | Reward:    -1.46
Total T:    2733 | Ep:  130 | Steps:   27 | Reward:     8.92
Total T:    2748 | Ep:  131 | Steps:   15 | Reward:    -4.31
Total T:    2763 | Ep:  132 | Steps:   15 | Reward:    -1.60
Total T:    2773 | Ep:  133 | Steps:   10 | Reward:     0.71
Total T:    2789 | Ep:  134 | Steps:   16 | Reward:     2.76
Total T:    2812 | Ep:  135 | Steps:   23 | Reward:    -1.75
Total T:    2827 | Ep:  136 | Steps:   15 | Reward:    -0.49
Total T:    2846 | Ep:  137 | Steps:   19 | Reward:    -5.25
Total T:    2857 | Ep:  138 | Steps:   11 | Reward:     0.75
Total T:    2880 | Ep:  139 | Steps:   23 | Reward:    10.67
Total T:    2897 | Ep:  140 | Steps:   17 | Reward:    -0.36
Total T:    2927 | Ep:  141 | Steps:   30 | Reward:    16.26
Total T:    2954 | Ep:  142 | Steps:   27 | Reward:     3.42
Total T:    2974 | Ep:  143 | Steps:   20 | Reward:    -1.51
Total T:    3006 | Ep:  144 | Steps:   32 | Reward:     0.76
Total T:    3017 | Ep:  145 | Steps:   11 | Reward:    -1.61
Total T:    3040 | Ep:  146 | Steps:   23 | Reward:     0.87
Total T:    3058 | Ep:  147 | Steps:   18 | Reward:     6.04
Total T:    3110 | Ep:  148 | Steps:   52 | Reward:    16.14
Total T:    3140 | Ep:  149 | Steps:   30 | Reward:     5.60
Total T:    3153 | Ep:  150 | Steps:   13 | Reward:     0.20
Total T:    3161 | Ep:  151 | Steps:    8 | Reward:    -2.93
Total T:    3174 | Ep:  152 | Steps:   13 | Reward:    -0.45
Total T:    3194 | Ep:  153 | Steps:   20 | Reward:    -0.11
Total T:    3211 | Ep:  154 | Steps:   17 | Reward:     7.19
Total T:    3231 | Ep:  155 | Steps:   20 | Reward:    -1.08
Total T:    3256 | Ep:  156 | Steps:   25 | Reward:    -1.19
Total T:    3280 | Ep:  157 | Steps:   24 | Reward:     6.37
Total T:    3297 | Ep:  158 | Steps:   17 | Reward:     3.83
Total T:    3317 | Ep:  159 | Steps:   20 | Reward:     1.53
Total T:    3338 | Ep:  160 | Steps:   21 | Reward:    -1.71
Total T:    3372 | Ep:  161 | Steps:   34 | Reward:     3.59
Total T:    3393 | Ep:  162 | Steps:   21 | Reward:     2.39
Total T:    3409 | Ep:  163 | Steps:   16 | Reward:     3.31
Total T:    3430 | Ep:  164 | Steps:   21 | Reward:     8.82
Total T:    3487 | Ep:  165 | Steps:   57 | Reward:    25.01
Total T:    3512 | Ep:  166 | Steps:   25 | Reward:    12.26
Total T:    3529 | Ep:  167 | Steps:   17 | Reward:    -8.07
Total T:    3546 | Ep:  168 | Steps:   17 | Reward:     3.54
Total T:    3568 | Ep:  169 | Steps:   22 | Reward:    -1.86
Total T:    3580 | Ep:  170 | Steps:   12 | Reward:     1.33
Total T:    3597 | Ep:  171 | Steps:   17 | Reward:    -8.01
Total T:    3626 | Ep:  172 | Steps:   29 | Reward:    -1.76
Total T:    3650 | Ep:  173 | Steps:   24 | Reward:    11.07
Total T:    3673 | Ep:  174 | Steps:   23 | Reward:    -1.35
Total T:    3697 | Ep:  175 | Steps:   24 | Reward:     0.49
Total T:    3715 | Ep:  176 | Steps:   18 | Reward:     5.11
Total T:    3732 | Ep:  177 | Steps:   17 | Reward:   -10.27
Total T:    3744 | Ep:  178 | Steps:   12 | Reward:    -2.33
Total T:    3761 | Ep:  179 | Steps:   17 | Reward:    -1.52
Total T:    3775 | Ep:  180 | Steps:   14 | Reward:     3.17
Total T:    3788 | Ep:  181 | Steps:   13 | Reward:     3.09
Total T:    3809 | Ep:  182 | Steps:   21 | Reward:     6.80
Total T:    3827 | Ep:  183 | Steps:   18 | Reward:     6.12
Total T:    3836 | Ep:  184 | Steps:    9 | Reward:    -3.09
Total T:    3851 | Ep:  185 | Steps:   15 | Reward:     1.56
Total T:    3871 | Ep:  186 | Steps:   20 | Reward:    -4.03
Total T:    3902 | Ep:  187 | Steps:   31 | Reward:    -0.14
Total T:    3916 | Ep:  188 | Steps:   14 | Reward:     3.09
Total T:    3960 | Ep:  189 | Steps:   44 | Reward:    13.63
Total T:    3982 | Ep:  190 | Steps:   22 | Reward:     8.09
Total T:    4005 | Ep:  191 | Steps:   23 | Reward:     5.38
Total T:    4032 | Ep:  192 | Steps:   27 | Reward:     4.58
Total T:    4040 | Ep:  193 | Steps:    8 | Reward:    -1.95
Total T:    4053 | Ep:  194 | Steps:   13 | Reward:     0.33
Total T:    4064 | Ep:  195 | Steps:   11 | Reward:     1.58
Total T:    4083 | Ep:  196 | Steps:   19 | Reward:     7.49
Total T:    4104 | Ep:  197 | Steps:   21 | Reward:     4.48
Total T:    4124 | Ep:  198 | Steps:   20 | Reward:     2.00
Total T:    4149 | Ep:  199 | Steps:   25 | Reward:     7.52
Total T:    4172 | Ep:  200 | Steps:   23 | Reward:     1.76
Total T:    4186 | Ep:  201 | Steps:   14 | Reward:    -1.82
Total T:    4200 | Ep:  202 | Steps:   14 | Reward:    -1.09
Total T:    4218 | Ep:  203 | Steps:   18 | Reward:    -0.45
Total T:    4240 | Ep:  204 | Steps:   22 | Reward:     8.58
Total T:    4277 | Ep:  205 | Steps:   37 | Reward:   -10.24
Total T:    4305 | Ep:  206 | Steps:   28 | Reward:     7.80
Total T:    4345 | Ep:  207 | Steps:   40 | Reward:    13.00
Total T:    4357 | Ep:  208 | Steps:   12 | Reward:     0.46
Total T:    4380 | Ep:  209 | Steps:   23 | Reward:     7.83
Total T:    4400 | Ep:  210 | Steps:   20 | Reward:    -0.44
Total T:    4410 | Ep:  211 | Steps:   10 | Reward:    -1.30
Total T:    4438 | Ep:  212 | Steps:   28 | Reward:    17.90
Total T:    4465 | Ep:  213 | Steps:   27 | Reward:     5.73
Total T:    4489 | Ep:  214 | Steps:   24 | Reward:    -4.96
Total T:    4507 | Ep:  215 | Steps:   18 | Reward:     5.39
Total T:    4538 | Ep:  216 | Steps:   31 | Reward:    12.67
Total T:    4555 | Ep:  217 | Steps:   17 | Reward:    -3.87
Total T:    4574 | Ep:  218 | Steps:   19 | Reward:     2.94
Total T:    4591 | Ep:  219 | Steps:   17 | Reward:     2.03
Total T:    4603 | Ep:  220 | Steps:   12 | Reward:     0.75
Total T:    4613 | Ep:  221 | Steps:   10 | Reward:     0.55
Total T:    4626 | Ep:  222 | Steps:   13 | Reward:    -2.38
Total T:    4652 | Ep:  223 | Steps:   26 | Reward:     0.97
Total T:    4672 | Ep:  224 | Steps:   20 | Reward:    -2.55
Total T:    4691 | Ep:  225 | Steps:   19 | Reward:     4.64
Total T:    4713 | Ep:  226 | Steps:   22 | Reward:     7.79
Total T:    4729 | Ep:  227 | Steps:   16 | Reward:     1.53
Total T:    4747 | Ep:  228 | Steps:   18 | Reward:     3.79
Total T:    4773 | Ep:  229 | Steps:   26 | Reward:     9.88
Total T:    4805 | Ep:  230 | Steps:   32 | Reward:     2.53
Total T:    4816 | Ep:  231 | Steps:   11 | Reward:     0.89
Total T:    4826 | Ep:  232 | Steps:   10 | Reward:     0.70
Total T:    4836 | Ep:  233 | Steps:   10 | Reward:    -1.27
Total T:    4866 | Ep:  234 | Steps:   30 | Reward:    15.28
Total T:    4884 | Ep:  235 | Steps:   18 | Reward:     5.51
Total T:    4913 | Ep:  236 | Steps:   29 | Reward:    12.81
Total T:    4940 | Ep:  237 | Steps:   27 | Reward:    -3.66
Total T:    4966 | Ep:  238 | Steps:   26 | Reward:     2.62
Total T:    4982 | Ep:  239 | Steps:   16 | Reward:     1.95
Total T:    4992 | Ep:  240 | Steps:   10 | Reward:    -0.56
Total T:    5011 | Ep:  241 | Steps:   19 | Reward:     4.26
Total T:    5043 | Ep:  242 | Steps:   32 | Reward:     3.13
Total T:    5068 | Ep:  243 | Steps:   25 | Reward:    14.81
Total T:    5095 | Ep:  244 | Steps:   27 | Reward:    -0.89
Total T:    5107 | Ep:  245 | Steps:   12 | Reward:    -0.90
Total T:    5126 | Ep:  246 | Steps:   19 | Reward:    -0.80
Total T:    5153 | Ep:  247 | Steps:   27 | Reward:    14.72
Total T:    5178 | Ep:  248 | Steps:   25 | Reward:     0.08
Total T:    5192 | Ep:  249 | Steps:   14 | Reward:     1.19
Total T:    5216 | Ep:  250 | Steps:   24 | Reward:    -3.28
Total T:    5236 | Ep:  251 | Steps:   20 | Reward:    -2.42
Total T:    5256 | Ep:  252 | Steps:   20 | Reward:    -3.46
Total T:    5274 | Ep:  253 | Steps:   18 | Reward:    -0.06
Total T:    5305 | Ep:  254 | Steps:   31 | Reward:     3.18
Total T:    5317 | Ep:  255 | Steps:   12 | Reward:    -1.37
Total T:    5339 | Ep:  256 | Steps:   22 | Reward:    -4.58
Total T:    5352 | Ep:  257 | Steps:   13 | Reward:     2.63
Total T:    5362 | Ep:  258 | Steps:   10 | Reward:     0.16
Total T:    5391 | Ep:  259 | Steps:   29 | Reward:     5.98
Total T:    5413 | Ep:  260 | Steps:   22 | Reward:    -2.57
Total T:    5436 | Ep:  261 | Steps:   23 | Reward:     5.61
Total T:    5469 | Ep:  262 | Steps:   33 | Reward:     8.05
Total T:    5490 | Ep:  263 | Steps:   21 | Reward:     9.08
Total T:    5502 | Ep:  264 | Steps:   12 | Reward:     2.63
Total T:    5514 | Ep:  265 | Steps:   12 | Reward:    -4.65
Total T:    5538 | Ep:  266 | Steps:   24 | Reward:    11.30
Total T:    5567 | Ep:  267 | Steps:   29 | Reward:     4.73
Total T:    5580 | Ep:  268 | Steps:   13 | Reward:     1.02
Total T:    5631 | Ep:  269 | Steps:   51 | Reward:    13.02
Total T:    5643 | Ep:  270 | Steps:   12 | Reward:    -1.25
Total T:    5655 | Ep:  271 | Steps:   12 | Reward:    -1.68
Total T:    5676 | Ep:  272 | Steps:   21 | Reward:     0.60
Total T:    5688 | Ep:  273 | Steps:   12 | Reward:     0.64
Total T:    5704 | Ep:  274 | Steps:   16 | Reward:     4.60
Total T:    5746 | Ep:  275 | Steps:   42 | Reward:     2.79
Total T:    5762 | Ep:  276 | Steps:   16 | Reward:     4.82
Total T:    5781 | Ep:  277 | Steps:   19 | Reward:     0.73
Total T:    5801 | Ep:  278 | Steps:   20 | Reward:    -1.24
Total T:    5828 | Ep:  279 | Steps:   27 | Reward:     6.61
Total T:    5856 | Ep:  280 | Steps:   28 | Reward:     9.59
Total T:    5900 | Ep:  281 | Steps:   44 | Reward:    27.06
Total T:    5914 | Ep:  282 | Steps:   14 | Reward:     4.14
Total T:    5934 | Ep:  283 | Steps:   20 | Reward:     1.09
Total T:    5948 | Ep:  284 | Steps:   14 | Reward:     3.54
Total T:    5975 | Ep:  285 | Steps:   27 | Reward:    -2.61
Total T:    6001 | Ep:  286 | Steps:   26 | Reward:    -1.95
Total T:    6017 | Ep:  287 | Steps:   16 | Reward:    -0.26
Total T:    6053 | Ep:  288 | Steps:   36 | Reward:     5.81
Total T:    6068 | Ep:  289 | Steps:   15 | Reward:    -6.49
Total T:    6095 | Ep:  290 | Steps:   27 | Reward:    -2.44
Total T:    6108 | Ep:  291 | Steps:   13 | Reward:    -1.51
Total T:    6127 | Ep:  292 | Steps:   19 | Reward:     3.02
Total T:    6143 | Ep:  293 | Steps:   16 | Reward:    -1.52
Total T:    6159 | Ep:  294 | Steps:   16 | Reward:     2.83
Total T:    6200 | Ep:  295 | Steps:   41 | Reward:    19.26
Total T:    6222 | Ep:  296 | Steps:   22 | Reward:    -2.12
Total T:    6241 | Ep:  297 | Steps:   19 | Reward:     2.44
Total T:    6255 | Ep:  298 | Steps:   14 | Reward:    -3.15
Total T:    6269 | Ep:  299 | Steps:   14 | Reward:    -1.55
Total T:    6282 | Ep:  300 | Steps:   13 | Reward:    -0.95
Total T:    6310 | Ep:  301 | Steps:   28 | Reward:    12.75
Total T:    6327 | Ep:  302 | Steps:   17 | Reward:    -5.97
Total T:    6377 | Ep:  303 | Steps:   50 | Reward:    17.60
Total T:    6395 | Ep:  304 | Steps:   18 | Reward:    -0.77
Total T:    6410 | Ep:  305 | Steps:   15 | Reward:     2.01
Total T:    6442 | Ep:  306 | Steps:   32 | Reward:    14.16
Total T:    6461 | Ep:  307 | Steps:   19 | Reward:    -0.43
Total T:    6489 | Ep:  308 | Steps:   28 | Reward:     3.70
Total T:    6501 | Ep:  309 | Steps:   12 | Reward:     1.11
Total T:    6523 | Ep:  310 | Steps:   22 | Reward:    -4.36
Total T:    6561 | Ep:  311 | Steps:   38 | Reward:    32.34
Total T:    6575 | Ep:  312 | Steps:   14 | Reward:     4.60
Total T:    6593 | Ep:  313 | Steps:   18 | Reward:     0.73
Total T:    6617 | Ep:  314 | Steps:   24 | Reward:     1.36
Total T:    6645 | Ep:  315 | Steps:   28 | Reward:    -4.12
Total T:    6678 | Ep:  316 | Steps:   33 | Reward:     7.11
Total T:    6688 | Ep:  317 | Steps:   10 | Reward:     0.15
Total T:    6709 | Ep:  318 | Steps:   21 | Reward:     0.55
Total T:    6751 | Ep:  319 | Steps:   42 | Reward:     7.74
Total T:    6778 | Ep:  320 | Steps:   27 | Reward:     7.89
Total T:    6801 | Ep:  321 | Steps:   23 | Reward:    -1.24
Total T:    6812 | Ep:  322 | Steps:   11 | Reward:     0.33
Total T:    6835 | Ep:  323 | Steps:   23 | Reward:     0.33
Total T:    6858 | Ep:  324 | Steps:   23 | Reward:     4.98
Total T:    6885 | Ep:  325 | Steps:   27 | Reward:     6.56
Total T:    6904 | Ep:  326 | Steps:   19 | Reward:     1.97
Total T:    6923 | Ep:  327 | Steps:   19 | Reward:     2.90
Total T:    6940 | Ep:  328 | Steps:   17 | Reward:     0.87
Total T:    6972 | Ep:  329 | Steps:   32 | Reward:     2.11
Total T:    6989 | Ep:  330 | Steps:   17 | Reward:    -2.76
Total T:    7015 | Ep:  331 | Steps:   26 | Reward:     5.16
Total T:    7045 | Ep:  332 | Steps:   30 | Reward:     7.89
Total T:    7064 | Ep:  333 | Steps:   19 | Reward:     4.42
Total T:    7074 | Ep:  334 | Steps:   10 | Reward:    -0.41
Total T:    7097 | Ep:  335 | Steps:   23 | Reward:     9.47
Total T:    7123 | Ep:  336 | Steps:   26 | Reward:     2.30
Total T:    7169 | Ep:  337 | Steps:   46 | Reward:    24.10
Total T:    7210 | Ep:  338 | Steps:   41 | Reward:     4.93
Total T:    7239 | Ep:  339 | Steps:   29 | Reward:    15.16
Total T:    7258 | Ep:  340 | Steps:   19 | Reward:     1.70
Total T:    7273 | Ep:  341 | Steps:   15 | Reward:     1.80
Total T:    7294 | Ep:  342 | Steps:   21 | Reward:     0.46
Total T:    7318 | Ep:  343 | Steps:   24 | Reward:     8.20
Total T:    7331 | Ep:  344 | Steps:   13 | Reward:    -1.74
Total T:    7356 | Ep:  345 | Steps:   25 | Reward:    -2.53
Total T:    7370 | Ep:  346 | Steps:   14 | Reward:     4.52
Total T:    7387 | Ep:  347 | Steps:   17 | Reward:    -0.10
Total T:    7405 | Ep:  348 | Steps:   18 | Reward:     6.54
Total T:    7422 | Ep:  349 | Steps:   17 | Reward:     1.85
Total T:    7433 | Ep:  350 | Steps:   11 | Reward:     0.47
Total T:    7464 | Ep:  351 | Steps:   31 | Reward:     4.92
Total T:    7482 | Ep:  352 | Steps:   18 | Reward:     8.35
Total T:    7519 | Ep:  353 | Steps:   37 | Reward:    26.26
Total T:    7534 | Ep:  354 | Steps:   15 | Reward:     2.29
Total T:    7547 | Ep:  355 | Steps:   13 | Reward:     1.94
Total T:    7570 | Ep:  356 | Steps:   23 | Reward:     4.34
Total T:    7593 | Ep:  357 | Steps:   23 | Reward:     5.18
Total T:    7612 | Ep:  358 | Steps:   19 | Reward:    -2.28
Total T:    7633 | Ep:  359 | Steps:   21 | Reward:    -2.11
Total T:    7650 | Ep:  360 | Steps:   17 | Reward:    -1.25
Total T:    7665 | Ep:  361 | Steps:   15 | Reward:     2.26
Total T:    7675 | Ep:  362 | Steps:   10 | Reward:    -3.76
Total T:    7689 | Ep:  363 | Steps:   14 | Reward:    -3.33
Total T:    7717 | Ep:  364 | Steps:   28 | Reward:     7.78
Total T:    7734 | Ep:  365 | Steps:   17 | Reward:     4.67
Total T:    7770 | Ep:  366 | Steps:   36 | Reward:    13.70
Total T:    7779 | Ep:  367 | Steps:    9 | Reward:    -1.15
Total T:    7790 | Ep:  368 | Steps:   11 | Reward:    -4.02
Total T:    7814 | Ep:  369 | Steps:   24 | Reward:     2.23
Total T:    7851 | Ep:  370 | Steps:   37 | Reward:    12.27
Total T:    7880 | Ep:  371 | Steps:   29 | Reward:     6.68
Total T:    7901 | Ep:  372 | Steps:   21 | Reward:     1.31
Total T:    7926 | Ep:  373 | Steps:   25 | Reward:     8.07
Total T:    7952 | Ep:  374 | Steps:   26 | Reward:    -1.42
Total T:    7971 | Ep:  375 | Steps:   19 | Reward:     4.10
Total T:    7987 | Ep:  376 | Steps:   16 | Reward:     2.30
Total T:    8000 | Ep:  377 | Steps:   13 | Reward:    -2.33
Total T:    8018 | Ep:  378 | Steps:   18 | Reward:     2.09
Total T:    8056 | Ep:  379 | Steps:   38 | Reward:     5.91
Total T:    8075 | Ep:  380 | Steps:   19 | Reward:    10.00
Total T:    8095 | Ep:  381 | Steps:   20 | Reward:    -0.18
Total T:    8115 | Ep:  382 | Steps:   20 | Reward:    -0.98
Total T:    8142 | Ep:  383 | Steps:   27 | Reward:     4.94
Total T:    8162 | Ep:  384 | Steps:   20 | Reward:     0.79
Total T:    8197 | Ep:  385 | Steps:   35 | Reward:     8.31
Total T:    8223 | Ep:  386 | Steps:   26 | Reward:    10.95
Total T:    8241 | Ep:  387 | Steps:   18 | Reward:     5.21
Total T:    8262 | Ep:  388 | Steps:   21 | Reward:     9.58
Total T:    8279 | Ep:  389 | Steps:   17 | Reward:     0.79
Total T:    8300 | Ep:  390 | Steps:   21 | Reward:     4.48
Total T:    8325 | Ep:  391 | Steps:   25 | Reward:     8.76
Total T:    8341 | Ep:  392 | Steps:   16 | Reward:     2.80
Total T:    8379 | Ep:  393 | Steps:   38 | Reward:    12.07
Total T:    8391 | Ep:  394 | Steps:   12 | Reward:     2.64
Total T:    8405 | Ep:  395 | Steps:   14 | Reward:    -0.25
Total T:    8419 | Ep:  396 | Steps:   14 | Reward:     1.32
Total T:    8449 | Ep:  397 | Steps:   30 | Reward:    -3.02
Total T:    8475 | Ep:  398 | Steps:   26 | Reward:     5.35
Total T:    8495 | Ep:  399 | Steps:   20 | Reward:    -1.15
Total T:    8509 | Ep:  400 | Steps:   14 | Reward:    -1.61
Total T:    8525 | Ep:  401 | Steps:   16 | Reward:     1.28
Total T:    8535 | Ep:  402 | Steps:   10 | Reward:    -1.84
Total T:    8547 | Ep:  403 | Steps:   12 | Reward:     0.41
Total T:    8574 | Ep:  404 | Steps:   27 | Reward:     1.63
Total T:    8599 | Ep:  405 | Steps:   25 | Reward:     1.00
Total T:    8623 | Ep:  406 | Steps:   24 | Reward:    12.79
Total T:    8640 | Ep:  407 | Steps:   17 | Reward:     7.03
Total T:    8660 | Ep:  408 | Steps:   20 | Reward:    -1.03
Total T:    8681 | Ep:  409 | Steps:   21 | Reward:     4.07
Total T:    8699 | Ep:  410 | Steps:   18 | Reward:     2.39
Total T:    8715 | Ep:  411 | Steps:   16 | Reward:     4.35
Total T:    8750 | Ep:  412 | Steps:   35 | Reward:     6.80
Total T:    8764 | Ep:  413 | Steps:   14 | Reward:    -0.92
Total T:    8798 | Ep:  414 | Steps:   34 | Reward:     3.21
Total T:    8823 | Ep:  415 | Steps:   25 | Reward:     5.33
Total T:    8834 | Ep:  416 | Steps:   11 | Reward:    -0.46
Total T:    8847 | Ep:  417 | Steps:   13 | Reward:    -0.71
Total T:    8858 | Ep:  418 | Steps:   11 | Reward:    -0.33
Total T:    8902 | Ep:  419 | Steps:   44 | Reward:     3.33
Total T:    8918 | Ep:  420 | Steps:   16 | Reward:    -1.36
Total T:    8941 | Ep:  421 | Steps:   23 | Reward:     7.37
Total T:    8957 | Ep:  422 | Steps:   16 | Reward:     5.35
Total T:    8973 | Ep:  423 | Steps:   16 | Reward:     2.05
Total T:    8992 | Ep:  424 | Steps:   19 | Reward:     3.42
Total T:    9019 | Ep:  425 | Steps:   27 | Reward:    -0.16
Total T:    9046 | Ep:  426 | Steps:   27 | Reward:     6.76
Total T:    9087 | Ep:  427 | Steps:   41 | Reward:    16.63
Total T:    9108 | Ep:  428 | Steps:   21 | Reward:    -3.81
Total T:    9130 | Ep:  429 | Steps:   22 | Reward:     6.75
Total T:    9154 | Ep:  430 | Steps:   24 | Reward:    -1.57
Total T:    9194 | Ep:  431 | Steps:   40 | Reward:    14.67
Total T:    9211 | Ep:  432 | Steps:   17 | Reward:    -2.91
Total T:    9236 | Ep:  433 | Steps:   25 | Reward:     0.26
Total T:    9279 | Ep:  434 | Steps:   43 | Reward:    11.26
Total T:    9298 | Ep:  435 | Steps:   19 | Reward:    -7.76
Total T:    9316 | Ep:  436 | Steps:   18 | Reward:    -5.04
Total T:    9336 | Ep:  437 | Steps:   20 | Reward:    -0.25
Total T:    9350 | Ep:  438 | Steps:   14 | Reward:     3.40
Total T:    9378 | Ep:  439 | Steps:   28 | Reward:    -0.20
Total T:    9408 | Ep:  440 | Steps:   30 | Reward:     4.57
Total T:    9420 | Ep:  441 | Steps:   12 | Reward:    -0.05
Total T:    9462 | Ep:  442 | Steps:   42 | Reward:    17.43
Total T:    9478 | Ep:  443 | Steps:   16 | Reward:     1.02
Total T:    9516 | Ep:  444 | Steps:   38 | Reward:    11.58
Total T:    9535 | Ep:  445 | Steps:   19 | Reward:    -1.59
Total T:    9550 | Ep:  446 | Steps:   15 | Reward:     1.22
Total T:    9570 | Ep:  447 | Steps:   20 | Reward:    -0.96
Total T:    9592 | Ep:  448 | Steps:   22 | Reward:    -1.74
Total T:    9610 | Ep:  449 | Steps:   18 | Reward:     0.12
Total T:    9632 | Ep:  450 | Steps:   22 | Reward:    -1.14
Total T:    9654 | Ep:  451 | Steps:   22 | Reward:     6.90
Total T:    9676 | Ep:  452 | Steps:   22 | Reward:     2.29
Total T:    9693 | Ep:  453 | Steps:   17 | Reward:    -2.26
Total T:    9711 | Ep:  454 | Steps:   18 | Reward:     4.93
Total T:    9741 | Ep:  455 | Steps:   30 | Reward:    10.93
Total T:    9764 | Ep:  456 | Steps:   23 | Reward:     2.34
Total T:    9776 | Ep:  457 | Steps:   12 | Reward:    -3.40
Total T:    9798 | Ep:  458 | Steps:   22 | Reward:     3.00
Total T:    9821 | Ep:  459 | Steps:   23 | Reward:     2.91
Total T:    9845 | Ep:  460 | Steps:   24 | Reward:     4.08
Total T:    9859 | Ep:  461 | Steps:   14 | Reward:    -2.23
Total T:    9874 | Ep:  462 | Steps:   15 | Reward:     0.93
Total T:    9893 | Ep:  463 | Steps:   19 | Reward:     0.88
Total T:    9912 | Ep:  464 | Steps:   19 | Reward:     0.05
Total T:    9941 | Ep:  465 | Steps:   29 | Reward:     6.59
Total T:    9955 | Ep:  466 | Steps:   14 | Reward:    -1.20
Total T:    9972 | Ep:  467 | Steps:   17 | Reward:     2.96
Total T:    9988 | Ep:  468 | Steps:   16 | Reward:     1.01
---------------------------------------
Evaluation over 10 episodes: 3.896
---------------------------------------
Total T:   10001 | Ep:  469 | Steps:   13 | Reward:    -1.50
Total T:   10043 | Ep:  470 | Steps:   42 | Reward:     6.11
Total T:   10063 | Ep:  471 | Steps:   20 | Reward:     8.20
Total T:   10080 | Ep:  472 | Steps:   17 | Reward:     2.20
Total T:   10106 | Ep:  473 | Steps:   26 | Reward:     1.94
Total T:   10141 | Ep:  474 | Steps:   35 | Reward:    17.12
Total T:   10159 | Ep:  475 | Steps:   18 | Reward:     3.47
Total T:   10183 | Ep:  476 | Steps:   24 | Reward:     1.21
Total T:   10196 | Ep:  477 | Steps:   13 | Reward:     1.21
Total T:   10224 | Ep:  478 | Steps:   28 | Reward:     2.74
Total T:   10241 | Ep:  479 | Steps:   17 | Reward:     5.98
Total T:   10257 | Ep:  480 | Steps:   16 | Reward:     2.20
Total T:   10279 | Ep:  481 | Steps:   22 | Reward:     7.82
Total T:   10292 | Ep:  482 | Steps:   13 | Reward:    -0.17
Total T:   10305 | Ep:  483 | Steps:   13 | Reward:    -0.90
Total T:   10320 | Ep:  484 | Steps:   15 | Reward:    -0.92
Total T:   10339 | Ep:  485 | Steps:   19 | Reward:     3.10
Total T:   10355 | Ep:  486 | Steps:   16 | Reward:     1.62
Total T:   10393 | Ep:  487 | Steps:   38 | Reward:    23.33
Total T:   10421 | Ep:  488 | Steps:   28 | Reward:    12.14
Total T:   10439 | Ep:  489 | Steps:   18 | Reward:    -6.70
Total T:   10477 | Ep:  490 | Steps:   38 | Reward:    18.32
Total T:   10493 | Ep:  491 | Steps:   16 | Reward:    -6.79
Total T:   10503 | Ep:  492 | Steps:   10 | Reward:    -2.32
Total T:   10528 | Ep:  493 | Steps:   25 | Reward:     0.07
Total T:   10554 | Ep:  494 | Steps:   26 | Reward:     3.27
Total T:   10579 | Ep:  495 | Steps:   25 | Reward:     1.10
Total T:   10606 | Ep:  496 | Steps:   27 | Reward:    -0.62
Total T:   10639 | Ep:  497 | Steps:   33 | Reward:     9.85
Total T:   10671 | Ep:  498 | Steps:   32 | Reward:     3.90
Total T:   10681 | Ep:  499 | Steps:   10 | Reward:    -0.29
Total T:   10700 | Ep:  500 | Steps:   19 | Reward:    -0.01
Total T:   10722 | Ep:  501 | Steps:   22 | Reward:    -3.10
Total T:   10742 | Ep:  502 | Steps:   20 | Reward:    -0.83
Total T:   10775 | Ep:  503 | Steps:   33 | Reward:     8.28
Total T:   10799 | Ep:  504 | Steps:   24 | Reward:     0.10
Total T:   10816 | Ep:  505 | Steps:   17 | Reward:     0.73
Total T:   10846 | Ep:  506 | Steps:   30 | Reward:    13.65
Total T:   10863 | Ep:  507 | Steps:   17 | Reward:     5.11
Total T:   10876 | Ep:  508 | Steps:   13 | Reward:     0.69
Total T:   10893 | Ep:  509 | Steps:   17 | Reward:     4.31
Total T:   10916 | Ep:  510 | Steps:   23 | Reward:    12.34
Total T:   10945 | Ep:  511 | Steps:   29 | Reward:     1.67
Total T:   10977 | Ep:  512 | Steps:   32 | Reward:    10.65
Total T:   10999 | Ep:  513 | Steps:   22 | Reward:     0.89
Total T:   11026 | Ep:  514 | Steps:   27 | Reward:    -1.14
Total T:   11061 | Ep:  515 | Steps:   35 | Reward:     7.26
Total T:   11082 | Ep:  516 | Steps:   21 | Reward:     4.38
Total T:   11111 | Ep:  517 | Steps:   29 | Reward:     8.19
Total T:   11138 | Ep:  518 | Steps:   27 | Reward:    10.06
Total T:   11157 | Ep:  519 | Steps:   19 | Reward:    -3.55
Total T:   11177 | Ep:  520 | Steps:   20 | Reward:     3.46
Total T:   11214 | Ep:  521 | Steps:   37 | Reward:    13.09
Total T:   11236 | Ep:  522 | Steps:   22 | Reward:     7.46
Total T:   11262 | Ep:  523 | Steps:   26 | Reward:     0.34
Total T:   11297 | Ep:  524 | Steps:   35 | Reward:     7.82
Total T:   11318 | Ep:  525 | Steps:   21 | Reward:     8.61
Total T:   11344 | Ep:  526 | Steps:   26 | Reward:     0.51
Total T:   11361 | Ep:  527 | Steps:   17 | Reward:    -1.44
Total T:   11387 | Ep:  528 | Steps:   26 | Reward:    10.82
Total T:   11432 | Ep:  529 | Steps:   45 | Reward:    16.64
Total T:   11464 | Ep:  530 | Steps:   32 | Reward:     1.97
Total T:   11478 | Ep:  531 | Steps:   14 | Reward:    -1.22
Total T:   11489 | Ep:  532 | Steps:   11 | Reward:    -1.23
Total T:   11525 | Ep:  533 | Steps:   36 | Reward:     1.06
Total T:   11555 | Ep:  534 | Steps:   30 | Reward:     5.45
Total T:   11579 | Ep:  535 | Steps:   24 | Reward:    10.26
Total T:   11611 | Ep:  536 | Steps:   32 | Reward:     9.67
Total T:   11628 | Ep:  537 | Steps:   17 | Reward:     4.92
Total T:   11653 | Ep:  538 | Steps:   25 | Reward:     8.01
Total T:   11665 | Ep:  539 | Steps:   12 | Reward:    -2.58
Total T:   11683 | Ep:  540 | Steps:   18 | Reward:    -4.76
Total T:   11707 | Ep:  541 | Steps:   24 | Reward:    13.83
Total T:   11725 | Ep:  542 | Steps:   18 | Reward:     0.04
Total T:   11737 | Ep:  543 | Steps:   12 | Reward:    -1.90
Total T:   11748 | Ep:  544 | Steps:   11 | Reward:    -0.90
Total T:   11759 | Ep:  545 | Steps:   11 | Reward:    -2.09
Total T:   11774 | Ep:  546 | Steps:   15 | Reward:     1.16
Total T:   11792 | Ep:  547 | Steps:   18 | Reward:    -5.02
Total T:   11806 | Ep:  548 | Steps:   14 | Reward:    -3.51
Total T:   11839 | Ep:  549 | Steps:   33 | Reward:     0.54
Total T:   11859 | Ep:  550 | Steps:   20 | Reward:    -1.41
Total T:   11880 | Ep:  551 | Steps:   21 | Reward:     4.27
Total T:   11898 | Ep:  552 | Steps:   18 | Reward:    -5.61
Total T:   11912 | Ep:  553 | Steps:   14 | Reward:    -0.31
Total T:   11932 | Ep:  554 | Steps:   20 | Reward:    -0.96
Total T:   11948 | Ep:  555 | Steps:   16 | Reward:    -3.98
Total T:   11970 | Ep:  556 | Steps:   22 | Reward:     5.15
Total T:   11994 | Ep:  557 | Steps:   24 | Reward:     5.66
Total T:   12007 | Ep:  558 | Steps:   13 | Reward:     1.21
Total T:   12024 | Ep:  559 | Steps:   17 | Reward:     0.74
Total T:   12041 | Ep:  560 | Steps:   17 | Reward:    -0.59
Total T:   12052 | Ep:  561 | Steps:   11 | Reward:     2.29
Total T:   12064 | Ep:  562 | Steps:   12 | Reward:     2.28
Total T:   12088 | Ep:  563 | Steps:   24 | Reward:     9.04
Total T:   12100 | Ep:  564 | Steps:   12 | Reward:     3.22
Total T:   12112 | Ep:  565 | Steps:   12 | Reward:    -0.52
Total T:   12126 | Ep:  566 | Steps:   14 | Reward:     2.27
Total T:   12154 | Ep:  567 | Steps:   28 | Reward:     6.95
Total T:   12173 | Ep:  568 | Steps:   19 | Reward:     5.09
Total T:   12187 | Ep:  569 | Steps:   14 | Reward:    -1.92
Total T:   12208 | Ep:  570 | Steps:   21 | Reward:    -4.54
Total T:   12237 | Ep:  571 | Steps:   29 | Reward:    10.68
Total T:   12249 | Ep:  572 | Steps:   12 | Reward:    -2.97
Total T:   12259 | Ep:  573 | Steps:   10 | Reward:    -2.96
Total T:   12285 | Ep:  574 | Steps:   26 | Reward:     4.73
Total T:   12314 | Ep:  575 | Steps:   29 | Reward:     8.11
Total T:   12342 | Ep:  576 | Steps:   28 | Reward:    14.61
Total T:   12362 | Ep:  577 | Steps:   20 | Reward:     9.93
Total T:   12371 | Ep:  578 | Steps:    9 | Reward:    -4.11
Total T:   12397 | Ep:  579 | Steps:   26 | Reward:    -2.40
Total T:   12440 | Ep:  580 | Steps:   43 | Reward:    36.46
Total T:   12462 | Ep:  581 | Steps:   22 | Reward:     5.53
Total T:   12510 | Ep:  582 | Steps:   48 | Reward:    22.40
Total T:   12520 | Ep:  583 | Steps:   10 | Reward:     1.21
Total T:   12534 | Ep:  584 | Steps:   14 | Reward:     1.11
Total T:   12548 | Ep:  585 | Steps:   14 | Reward:     2.21
Total T:   12557 | Ep:  586 | Steps:    9 | Reward:    -2.62
Total T:   12571 | Ep:  587 | Steps:   14 | Reward:    -0.55
Total T:   12585 | Ep:  588 | Steps:   14 | Reward:     0.44
Total T:   12611 | Ep:  589 | Steps:   26 | Reward:    -2.01
Total T:   12625 | Ep:  590 | Steps:   14 | Reward:    -2.64
Total T:   12642 | Ep:  591 | Steps:   17 | Reward:    -3.99
Total T:   12653 | Ep:  592 | Steps:   11 | Reward:     0.10
Total T:   12673 | Ep:  593 | Steps:   20 | Reward:     8.69
Total T:   12685 | Ep:  594 | Steps:   12 | Reward:     2.09
Total T:   12700 | Ep:  595 | Steps:   15 | Reward:     1.63
Total T:   12712 | Ep:  596 | Steps:   12 | Reward:     0.49
Total T:   12744 | Ep:  597 | Steps:   32 | Reward:     5.27
Total T:   12769 | Ep:  598 | Steps:   25 | Reward:    11.80
Total T:   12788 | Ep:  599 | Steps:   19 | Reward:     7.12
Total T:   12819 | Ep:  600 | Steps:   31 | Reward:     9.71
Total T:   12841 | Ep:  601 | Steps:   22 | Reward:    -6.61
Total T:   12855 | Ep:  602 | Steps:   14 | Reward:    -3.19
Total T:   12867 | Ep:  603 | Steps:   12 | Reward:     0.83
Total T:   12903 | Ep:  604 | Steps:   36 | Reward:    16.66
Total T:   12920 | Ep:  605 | Steps:   17 | Reward:     4.50
Total T:   12942 | Ep:  606 | Steps:   22 | Reward:     1.17
Total T:   12964 | Ep:  607 | Steps:   22 | Reward:    -2.32
Total T:   12984 | Ep:  608 | Steps:   20 | Reward:    -3.25
Total T:   13018 | Ep:  609 | Steps:   34 | Reward:    20.52
Total T:   13050 | Ep:  610 | Steps:   32 | Reward:     6.52
Total T:   13079 | Ep:  611 | Steps:   29 | Reward:     2.66
Total T:   13092 | Ep:  612 | Steps:   13 | Reward:     0.91
Total T:   13124 | Ep:  613 | Steps:   32 | Reward:     3.41
Total T:   13136 | Ep:  614 | Steps:   12 | Reward:    -2.50
Total T:   13158 | Ep:  615 | Steps:   22 | Reward:    -1.80
Total T:   13169 | Ep:  616 | Steps:   11 | Reward:    -2.90
Total T:   13180 | Ep:  617 | Steps:   11 | Reward:    -1.65
Total T:   13200 | Ep:  618 | Steps:   20 | Reward:     3.77
Total T:   13211 | Ep:  619 | Steps:   11 | Reward:    -0.83
Total T:   13227 | Ep:  620 | Steps:   16 | Reward:     0.95
Total T:   13251 | Ep:  621 | Steps:   24 | Reward:    -4.87
Total T:   13288 | Ep:  622 | Steps:   37 | Reward:     8.87
Total T:   13300 | Ep:  623 | Steps:   12 | Reward:    -1.78
Total T:   13320 | Ep:  624 | Steps:   20 | Reward:    -3.23
Total T:   13338 | Ep:  625 | Steps:   18 | Reward:    -5.28
Total T:   13356 | Ep:  626 | Steps:   18 | Reward:    -4.22
Total T:   13369 | Ep:  627 | Steps:   13 | Reward:     2.23
Total T:   13388 | Ep:  628 | Steps:   19 | Reward:    -4.27
Total T:   13416 | Ep:  629 | Steps:   28 | Reward:     9.64
Total T:   13433 | Ep:  630 | Steps:   17 | Reward:     6.33
Total T:   13449 | Ep:  631 | Steps:   16 | Reward:    -1.14
Total T:   13461 | Ep:  632 | Steps:   12 | Reward:    -1.06
Total T:   13480 | Ep:  633 | Steps:   19 | Reward:     2.10
Total T:   13503 | Ep:  634 | Steps:   23 | Reward:    -6.61
Total T:   13512 | Ep:  635 | Steps:    9 | Reward:    -4.29
Total T:   13531 | Ep:  636 | Steps:   19 | Reward:    -1.94
Total T:   13552 | Ep:  637 | Steps:   21 | Reward:    -5.00
Total T:   13583 | Ep:  638 | Steps:   31 | Reward:    -5.34
Total T:   13599 | Ep:  639 | Steps:   16 | Reward:    -0.99
Total T:   13631 | Ep:  640 | Steps:   32 | Reward:     2.63
Total T:   13642 | Ep:  641 | Steps:   11 | Reward:    -2.69
Total T:   13668 | Ep:  642 | Steps:   26 | Reward:     3.75
Total T:   13681 | Ep:  643 | Steps:   13 | Reward:     3.61
Total T:   13697 | Ep:  644 | Steps:   16 | Reward:    -2.50
Total T:   13710 | Ep:  645 | Steps:   13 | Reward:     0.43
Total T:   13721 | Ep:  646 | Steps:   11 | Reward:    -5.18
Total T:   13742 | Ep:  647 | Steps:   21 | Reward:    12.18
Total T:   13755 | Ep:  648 | Steps:   13 | Reward:     0.50
Total T:   13768 | Ep:  649 | Steps:   13 | Reward:     0.70
Total T:   13787 | Ep:  650 | Steps:   19 | Reward:    -1.48
Total T:   13809 | Ep:  651 | Steps:   22 | Reward:     0.90
Total T:   13826 | Ep:  652 | Steps:   17 | Reward:    -5.09
Total T:   13852 | Ep:  653 | Steps:   26 | Reward:     8.07
Total T:   13873 | Ep:  654 | Steps:   21 | Reward:    -1.71
Total T:   13895 | Ep:  655 | Steps:   22 | Reward:    -3.49
Total T:   13908 | Ep:  656 | Steps:   13 | Reward:     1.98
Total T:   13933 | Ep:  657 | Steps:   25 | Reward:     0.37
Total T:   13974 | Ep:  658 | Steps:   41 | Reward:    19.72
Total T:   13995 | Ep:  659 | Steps:   21 | Reward:    -5.71
Total T:   14012 | Ep:  660 | Steps:   17 | Reward:     0.30
Total T:   14035 | Ep:  661 | Steps:   23 | Reward:    12.89
Total T:   14058 | Ep:  662 | Steps:   23 | Reward:     1.96
Total T:   14088 | Ep:  663 | Steps:   30 | Reward:    15.54
Total T:   14122 | Ep:  664 | Steps:   34 | Reward:    14.82
Total T:   14133 | Ep:  665 | Steps:   11 | Reward:    -1.06
Total T:   14156 | Ep:  666 | Steps:   23 | Reward:     3.03
Total T:   14165 | Ep:  667 | Steps:    9 | Reward:    -3.26
Total T:   14186 | Ep:  668 | Steps:   21 | Reward:     4.87
Total T:   14216 | Ep:  669 | Steps:   30 | Reward:     6.72
Total T:   14252 | Ep:  670 | Steps:   36 | Reward:    22.53
Total T:   14271 | Ep:  671 | Steps:   19 | Reward:    -1.75
Total T:   14285 | Ep:  672 | Steps:   14 | Reward:    -0.12
Total T:   14296 | Ep:  673 | Steps:   11 | Reward:    -4.71
Total T:   14309 | Ep:  674 | Steps:   13 | Reward:     1.88
Total T:   14340 | Ep:  675 | Steps:   31 | Reward:    19.83
Total T:   14359 | Ep:  676 | Steps:   19 | Reward:     2.35
Total T:   14371 | Ep:  677 | Steps:   12 | Reward:    -3.48
Total T:   14399 | Ep:  678 | Steps:   28 | Reward:     2.31
Total T:   14421 | Ep:  679 | Steps:   22 | Reward:    -3.29
Total T:   14438 | Ep:  680 | Steps:   17 | Reward:    -0.38
Total T:   14462 | Ep:  681 | Steps:   24 | Reward:   -10.40
Total T:   14482 | Ep:  682 | Steps:   20 | Reward:    10.56
Total T:   14504 | Ep:  683 | Steps:   22 | Reward:     4.39
Total T:   14538 | Ep:  684 | Steps:   34 | Reward:     0.18
Total T:   14558 | Ep:  685 | Steps:   20 | Reward:     6.48
Total T:   14573 | Ep:  686 | Steps:   15 | Reward:    -0.51
Total T:   14594 | Ep:  687 | Steps:   21 | Reward:     7.19
Total T:   14621 | Ep:  688 | Steps:   27 | Reward:    11.84
Total T:   14639 | Ep:  689 | Steps:   18 | Reward:     6.36
Total T:   14693 | Ep:  690 | Steps:   54 | Reward:    11.41
Total T:   14717 | Ep:  691 | Steps:   24 | Reward:     6.47
Total T:   14743 | Ep:  692 | Steps:   26 | Reward:    10.35
Total T:   14754 | Ep:  693 | Steps:   11 | Reward:     2.03
Total T:   14781 | Ep:  694 | Steps:   27 | Reward:    -0.03
Total T:   14805 | Ep:  695 | Steps:   24 | Reward:     1.18
Total T:   14855 | Ep:  696 | Steps:   50 | Reward:    25.02
Total T:   14870 | Ep:  697 | Steps:   15 | Reward:     0.65
Total T:   14891 | Ep:  698 | Steps:   21 | Reward:    -5.61
Total T:   14902 | Ep:  699 | Steps:   11 | Reward:    -3.44
Total T:   14915 | Ep:  700 | Steps:   13 | Reward:     3.23
Total T:   14933 | Ep:  701 | Steps:   18 | Reward:     5.28
Total T:   14941 | Ep:  702 | Steps:    8 | Reward:    -0.92
Total T:   14963 | Ep:  703 | Steps:   22 | Reward:    -3.58
Total T:   14981 | Ep:  704 | Steps:   18 | Reward:    -8.96
Total T:   14997 | Ep:  705 | Steps:   16 | Reward:     3.03
Total T:   15023 | Ep:  706 | Steps:   26 | Reward:     1.42
Total T:   15035 | Ep:  707 | Steps:   12 | Reward:    -3.41
Total T:   15063 | Ep:  708 | Steps:   28 | Reward:    10.29
Total T:   15072 | Ep:  709 | Steps:    9 | Reward:    -3.84
Total T:   15090 | Ep:  710 | Steps:   18 | Reward:     4.51
Total T:   15115 | Ep:  711 | Steps:   25 | Reward:    -0.56
Total T:   15127 | Ep:  712 | Steps:   12 | Reward:    -0.04
Total T:   15148 | Ep:  713 | Steps:   21 | Reward:    -1.70
Total T:   15160 | Ep:  714 | Steps:   12 | Reward:    -1.20
Total T:   15179 | Ep:  715 | Steps:   19 | Reward:     6.40
Total T:   15192 | Ep:  716 | Steps:   13 | Reward:    -0.43
Total T:   15213 | Ep:  717 | Steps:   21 | Reward:    -0.86
Total T:   15239 | Ep:  718 | Steps:   26 | Reward:    12.54
Total T:   15256 | Ep:  719 | Steps:   17 | Reward:    -4.66
Total T:   15281 | Ep:  720 | Steps:   25 | Reward:     8.10
Total T:   15317 | Ep:  721 | Steps:   36 | Reward:     2.50
Total T:   15328 | Ep:  722 | Steps:   11 | Reward:    -2.68
Total T:   15343 | Ep:  723 | Steps:   15 | Reward:     1.05
Total T:   15360 | Ep:  724 | Steps:   17 | Reward:     8.57
Total T:   15373 | Ep:  725 | Steps:   13 | Reward:    -3.38
Total T:   15392 | Ep:  726 | Steps:   19 | Reward:    -0.96
Total T:   15442 | Ep:  727 | Steps:   50 | Reward:    32.36
Total T:   15472 | Ep:  728 | Steps:   30 | Reward:     0.00
Total T:   15502 | Ep:  729 | Steps:   30 | Reward:     9.04
Total T:   15529 | Ep:  730 | Steps:   27 | Reward:     5.85
Total T:   15544 | Ep:  731 | Steps:   15 | Reward:     0.40
Total T:   15566 | Ep:  732 | Steps:   22 | Reward:    -8.46
Total T:   15575 | Ep:  733 | Steps:    9 | Reward:    -0.67
Total T:   15609 | Ep:  734 | Steps:   34 | Reward:     7.81
Total T:   15622 | Ep:  735 | Steps:   13 | Reward:    -2.17
Total T:   15653 | Ep:  736 | Steps:   31 | Reward:     4.57
Total T:   15670 | Ep:  737 | Steps:   17 | Reward:     1.23
Total T:   15686 | Ep:  738 | Steps:   16 | Reward:     1.66
Total T:   15704 | Ep:  739 | Steps:   18 | Reward:     1.74
Total T:   15726 | Ep:  740 | Steps:   22 | Reward:    -1.40
Total T:   15741 | Ep:  741 | Steps:   15 | Reward:     4.45
Total T:   15754 | Ep:  742 | Steps:   13 | Reward:    -0.89
Total T:   15768 | Ep:  743 | Steps:   14 | Reward:     3.00
Total T:   15811 | Ep:  744 | Steps:   43 | Reward:    13.74
Total T:   15833 | Ep:  745 | Steps:   22 | Reward:    -4.10
Total T:   15859 | Ep:  746 | Steps:   26 | Reward:    12.95
Total T:   15880 | Ep:  747 | Steps:   21 | Reward:    -1.74
Total T:   15910 | Ep:  748 | Steps:   30 | Reward:    12.99
Total T:   15923 | Ep:  749 | Steps:   13 | Reward:    -5.02
Total T:   15940 | Ep:  750 | Steps:   17 | Reward:     1.18
Total T:   15952 | Ep:  751 | Steps:   12 | Reward:     1.44
Total T:   15966 | Ep:  752 | Steps:   14 | Reward:     0.67
Total T:   15986 | Ep:  753 | Steps:   20 | Reward:     7.11
Total T:   16003 | Ep:  754 | Steps:   17 | Reward:    -1.56
Total T:   16025 | Ep:  755 | Steps:   22 | Reward:     2.53
Total T:   16040 | Ep:  756 | Steps:   15 | Reward:     1.91
Total T:   16059 | Ep:  757 | Steps:   19 | Reward:     3.05
Total T:   16077 | Ep:  758 | Steps:   18 | Reward:    -1.20
Total T:   16096 | Ep:  759 | Steps:   19 | Reward:    -1.12
Total T:   16119 | Ep:  760 | Steps:   23 | Reward:    -6.38
Total T:   16138 | Ep:  761 | Steps:   19 | Reward:    -1.98
Total T:   16178 | Ep:  762 | Steps:   40 | Reward:    18.16
Total T:   16198 | Ep:  763 | Steps:   20 | Reward:     3.43
Total T:   16206 | Ep:  764 | Steps:    8 | Reward:    -3.43
Total T:   16229 | Ep:  765 | Steps:   23 | Reward:    -2.08
Total T:   16248 | Ep:  766 | Steps:   19 | Reward:    -0.56
Total T:   16268 | Ep:  767 | Steps:   20 | Reward:    10.99
Total T:   16278 | Ep:  768 | Steps:   10 | Reward:     0.79
Total T:   16311 | Ep:  769 | Steps:   33 | Reward:     8.15
Total T:   16328 | Ep:  770 | Steps:   17 | Reward:     5.10
Total T:   16338 | Ep:  771 | Steps:   10 | Reward:    -2.35
Total T:   16356 | Ep:  772 | Steps:   18 | Reward:    -5.63
Total T:   16376 | Ep:  773 | Steps:   20 | Reward:    -2.06
Total T:   16395 | Ep:  774 | Steps:   19 | Reward:     4.79
Total T:   16410 | Ep:  775 | Steps:   15 | Reward:    -6.04
Total T:   16427 | Ep:  776 | Steps:   17 | Reward:     0.29
Total T:   16451 | Ep:  777 | Steps:   24 | Reward:     0.01
Total T:   16472 | Ep:  778 | Steps:   21 | Reward:     2.92
Total T:   16487 | Ep:  779 | Steps:   15 | Reward:     1.77
Total T:   16513 | Ep:  780 | Steps:   26 | Reward:     6.81
Total T:   16549 | Ep:  781 | Steps:   36 | Reward:    13.21
Total T:   16578 | Ep:  782 | Steps:   29 | Reward:     3.51
Total T:   16641 | Ep:  783 | Steps:   63 | Reward:    31.34
Total T:   16663 | Ep:  784 | Steps:   22 | Reward:     8.26
Total T:   16683 | Ep:  785 | Steps:   20 | Reward:    -5.60
Total T:   16695 | Ep:  786 | Steps:   12 | Reward:    -5.72
Total T:   16719 | Ep:  787 | Steps:   24 | Reward:     4.24
Total T:   16752 | Ep:  788 | Steps:   33 | Reward:     6.27
Total T:   16777 | Ep:  789 | Steps:   25 | Reward:    11.62
Total T:   16799 | Ep:  790 | Steps:   22 | Reward:     2.22
Total T:   16819 | Ep:  791 | Steps:   20 | Reward:     1.15
Total T:   16836 | Ep:  792 | Steps:   17 | Reward:     4.28
Total T:   16847 | Ep:  793 | Steps:   11 | Reward:    -0.78
Total T:   16872 | Ep:  794 | Steps:   25 | Reward:    -3.19
Total T:   16889 | Ep:  795 | Steps:   17 | Reward:     5.54
Total T:   16902 | Ep:  796 | Steps:   13 | Reward:    -0.30
Total T:   16915 | Ep:  797 | Steps:   13 | Reward:    -1.39
Total T:   16940 | Ep:  798 | Steps:   25 | Reward:     0.27
Total T:   16954 | Ep:  799 | Steps:   14 | Reward:    -3.80
Total T:   16968 | Ep:  800 | Steps:   14 | Reward:    -5.63
Total T:   16990 | Ep:  801 | Steps:   22 | Reward:     0.57
Total T:   17005 | Ep:  802 | Steps:   15 | Reward:     2.39
Total T:   17022 | Ep:  803 | Steps:   17 | Reward:     7.30
Total T:   17034 | Ep:  804 | Steps:   12 | Reward:     3.20
Total T:   17055 | Ep:  805 | Steps:   21 | Reward:     5.52
Total T:   17085 | Ep:  806 | Steps:   30 | Reward:     5.44
Total T:   17103 | Ep:  807 | Steps:   18 | Reward:    -0.40
Total T:   17130 | Ep:  808 | Steps:   27 | Reward:     0.86
Total T:   17165 | Ep:  809 | Steps:   35 | Reward:    18.43
Total T:   17184 | Ep:  810 | Steps:   19 | Reward:     8.10
Total T:   17210 | Ep:  811 | Steps:   26 | Reward:    10.65
Total T:   17229 | Ep:  812 | Steps:   19 | Reward:     5.39
Total T:   17262 | Ep:  813 | Steps:   33 | Reward:     0.85
Total T:   17290 | Ep:  814 | Steps:   28 | Reward:     2.85
Total T:   17307 | Ep:  815 | Steps:   17 | Reward:    -7.02
Total T:   17342 | Ep:  816 | Steps:   35 | Reward:     7.18
Total T:   17364 | Ep:  817 | Steps:   22 | Reward:    -4.97
Total T:   17383 | Ep:  818 | Steps:   19 | Reward:     1.36
Total T:   17397 | Ep:  819 | Steps:   14 | Reward:     1.82
Total T:   17442 | Ep:  820 | Steps:   45 | Reward:    10.32
Total T:   17461 | Ep:  821 | Steps:   19 | Reward:     5.23
Total T:   17476 | Ep:  822 | Steps:   15 | Reward:    -1.25
Total T:   17496 | Ep:  823 | Steps:   20 | Reward:    -0.42
Total T:   17522 | Ep:  824 | Steps:   26 | Reward:     1.33
Total T:   17530 | Ep:  825 | Steps:    8 | Reward:    -2.21
Total T:   17561 | Ep:  826 | Steps:   31 | Reward:     0.30
Total T:   17578 | Ep:  827 | Steps:   17 | Reward:     3.40
Total T:   17598 | Ep:  828 | Steps:   20 | Reward:    -0.79
Total T:   17619 | Ep:  829 | Steps:   21 | Reward:     1.47
Total T:   17636 | Ep:  830 | Steps:   17 | Reward:     1.61
Total T:   17660 | Ep:  831 | Steps:   24 | Reward:     0.19
Total T:   17673 | Ep:  832 | Steps:   13 | Reward:     2.98
Total T:   17691 | Ep:  833 | Steps:   18 | Reward:     3.52
Total T:   17728 | Ep:  834 | Steps:   37 | Reward:     8.63
Total T:   17745 | Ep:  835 | Steps:   17 | Reward:     2.91
Total T:   17769 | Ep:  836 | Steps:   24 | Reward:    11.15
Total T:   17794 | Ep:  837 | Steps:   25 | Reward:    -2.04
Total T:   17816 | Ep:  838 | Steps:   22 | Reward:    -0.37
Total T:   17829 | Ep:  839 | Steps:   13 | Reward:    -2.85
Total T:   17853 | Ep:  840 | Steps:   24 | Reward:    -3.50
Total T:   17866 | Ep:  841 | Steps:   13 | Reward:     0.77
Total T:   17892 | Ep:  842 | Steps:   26 | Reward:     8.03
Total T:   17928 | Ep:  843 | Steps:   36 | Reward:     2.26
Total T:   17965 | Ep:  844 | Steps:   37 | Reward:    23.86
Total T:   17983 | Ep:  845 | Steps:   18 | Reward:    -5.31
Total T:   17997 | Ep:  846 | Steps:   14 | Reward:    -1.84
Total T:   18008 | Ep:  847 | Steps:   11 | Reward:    -3.01
Total T:   18024 | Ep:  848 | Steps:   16 | Reward:     6.31
Total T:   18037 | Ep:  849 | Steps:   13 | Reward:    -0.77
Total T:   18051 | Ep:  850 | Steps:   14 | Reward:     1.77
Total T:   18083 | Ep:  851 | Steps:   32 | Reward:     6.64
Total T:   18108 | Ep:  852 | Steps:   25 | Reward:     3.61
Total T:   18137 | Ep:  853 | Steps:   29 | Reward:    13.07
Total T:   18155 | Ep:  854 | Steps:   18 | Reward:     3.15
Total T:   18177 | Ep:  855 | Steps:   22 | Reward:     3.28
Total T:   18187 | Ep:  856 | Steps:   10 | Reward:    -0.30
Total T:   18199 | Ep:  857 | Steps:   12 | Reward:     0.31
Total T:   18216 | Ep:  858 | Steps:   17 | Reward:     4.05
Total T:   18236 | Ep:  859 | Steps:   20 | Reward:     6.46
Total T:   18256 | Ep:  860 | Steps:   20 | Reward:     5.09
Total T:   18270 | Ep:  861 | Steps:   14 | Reward:     4.79
Total T:   18299 | Ep:  862 | Steps:   29 | Reward:    -4.29
Total T:   18312 | Ep:  863 | Steps:   13 | Reward:     0.28
Total T:   18340 | Ep:  864 | Steps:   28 | Reward:     2.12
Total T:   18361 | Ep:  865 | Steps:   21 | Reward:     4.42
Total T:   18384 | Ep:  866 | Steps:   23 | Reward:    -1.21
Total T:   18395 | Ep:  867 | Steps:   11 | Reward:    -0.07
Total T:   18406 | Ep:  868 | Steps:   11 | Reward:    -3.65
Total T:   18431 | Ep:  869 | Steps:   25 | Reward:    -3.76
Total T:   18451 | Ep:  870 | Steps:   20 | Reward:     2.36
Total T:   18468 | Ep:  871 | Steps:   17 | Reward:    -5.41
Total T:   18487 | Ep:  872 | Steps:   19 | Reward:    -4.58
Total T:   18505 | Ep:  873 | Steps:   18 | Reward:     5.04
Total T:   18522 | Ep:  874 | Steps:   17 | Reward:    -0.05
Total T:   18543 | Ep:  875 | Steps:   21 | Reward:     4.19
Total T:   18556 | Ep:  876 | Steps:   13 | Reward:    -5.35
Total T:   18576 | Ep:  877 | Steps:   20 | Reward:     0.34
Total T:   18591 | Ep:  878 | Steps:   15 | Reward:    -3.71
Total T:   18614 | Ep:  879 | Steps:   23 | Reward:     9.53
Total T:   18629 | Ep:  880 | Steps:   15 | Reward:     0.27
Total T:   18644 | Ep:  881 | Steps:   15 | Reward:    -7.82
Total T:   18666 | Ep:  882 | Steps:   22 | Reward:    -1.75
Total T:   18680 | Ep:  883 | Steps:   14 | Reward:     2.74
Total T:   18706 | Ep:  884 | Steps:   26 | Reward:     6.49
Total T:   18761 | Ep:  885 | Steps:   55 | Reward:    36.19
Total T:   18787 | Ep:  886 | Steps:   26 | Reward:     1.04
Total T:   18815 | Ep:  887 | Steps:   28 | Reward:     4.82
Total T:   18835 | Ep:  888 | Steps:   20 | Reward:    -4.31
Total T:   18868 | Ep:  889 | Steps:   33 | Reward:     4.09
Total T:   18896 | Ep:  890 | Steps:   28 | Reward:    10.10
Total T:   18917 | Ep:  891 | Steps:   21 | Reward:     1.39
Total T:   18931 | Ep:  892 | Steps:   14 | Reward:    -2.54
Total T:   18944 | Ep:  893 | Steps:   13 | Reward:     0.53
Total T:   18957 | Ep:  894 | Steps:   13 | Reward:     1.87
Total T:   18976 | Ep:  895 | Steps:   19 | Reward:    -9.03
Total T:   18990 | Ep:  896 | Steps:   14 | Reward:    -1.84
Total T:   19007 | Ep:  897 | Steps:   17 | Reward:     4.75
Total T:   19033 | Ep:  898 | Steps:   26 | Reward:     0.43
Total T:   19052 | Ep:  899 | Steps:   19 | Reward:     3.10
Total T:   19065 | Ep:  900 | Steps:   13 | Reward:    -2.82
Total T:   19087 | Ep:  901 | Steps:   22 | Reward:     5.80
Total T:   19113 | Ep:  902 | Steps:   26 | Reward:     2.04
Total T:   19148 | Ep:  903 | Steps:   35 | Reward:    12.95
Total T:   19170 | Ep:  904 | Steps:   22 | Reward:     4.31
Total T:   19194 | Ep:  905 | Steps:   24 | Reward:    -0.74
Total T:   19209 | Ep:  906 | Steps:   15 | Reward:     0.77
Total T:   19222 | Ep:  907 | Steps:   13 | Reward:    -2.22
Total T:   19245 | Ep:  908 | Steps:   23 | Reward:     1.26
Total T:   19266 | Ep:  909 | Steps:   21 | Reward:     2.10
Total T:   19280 | Ep:  910 | Steps:   14 | Reward:    -3.42
Total T:   19294 | Ep:  911 | Steps:   14 | Reward:    -2.93
Total T:   19310 | Ep:  912 | Steps:   16 | Reward:    -4.86
Total T:   19325 | Ep:  913 | Steps:   15 | Reward:     2.90
Total T:   19338 | Ep:  914 | Steps:   13 | Reward:    -3.04
Total T:   19355 | Ep:  915 | Steps:   17 | Reward:     5.53
Total T:   19387 | Ep:  916 | Steps:   32 | Reward:     0.65
Total T:   19415 | Ep:  917 | Steps:   28 | Reward:    -0.04
Total T:   19433 | Ep:  918 | Steps:   18 | Reward:     3.45
Total T:   19449 | Ep:  919 | Steps:   16 | Reward:     0.02
Total T:   19494 | Ep:  920 | Steps:   45 | Reward:    15.14
Total T:   19512 | Ep:  921 | Steps:   18 | Reward:     6.26
Total T:   19528 | Ep:  922 | Steps:   16 | Reward:     0.23
Total T:   19545 | Ep:  923 | Steps:   17 | Reward:    -2.04
Total T:   19586 | Ep:  924 | Steps:   41 | Reward:    14.32
Total T:   19610 | Ep:  925 | Steps:   24 | Reward:    -4.88
Total T:   19627 | Ep:  926 | Steps:   17 | Reward:    -0.55
Total T:   19653 | Ep:  927 | Steps:   26 | Reward:     0.01
Total T:   19666 | Ep:  928 | Steps:   13 | Reward:     2.30
Total T:   19719 | Ep:  929 | Steps:   53 | Reward:    10.92
Total T:   19734 | Ep:  930 | Steps:   15 | Reward:    -2.68
Total T:   19753 | Ep:  931 | Steps:   19 | Reward:     3.75
Total T:   19763 | Ep:  932 | Steps:   10 | Reward:    -0.53
Total T:   19781 | Ep:  933 | Steps:   18 | Reward:     1.00
Total T:   19822 | Ep:  934 | Steps:   41 | Reward:     9.62
Total T:   19838 | Ep:  935 | Steps:   16 | Reward:    -0.92
Total T:   19855 | Ep:  936 | Steps:   17 | Reward:    -0.58
Total T:   19869 | Ep:  937 | Steps:   14 | Reward:    -5.99
Total T:   19881 | Ep:  938 | Steps:   12 | Reward:     0.53
Total T:   19904 | Ep:  939 | Steps:   23 | Reward:    -2.07
Total T:   19916 | Ep:  940 | Steps:   12 | Reward:    -0.54
Total T:   19945 | Ep:  941 | Steps:   29 | Reward:    10.46
Total T:   19981 | Ep:  942 | Steps:   36 | Reward:    25.23
Total T:   19992 | Ep:  943 | Steps:   11 | Reward:     0.12
---------------------------------------
Evaluation over 10 episodes: 3.947
---------------------------------------
Total T:   20008 | Ep:  944 | Steps:   16 | Reward:     2.82
Total T:   20049 | Ep:  945 | Steps:   41 | Reward:     8.62
Total T:   20068 | Ep:  946 | Steps:   19 | Reward:     1.50
Total T:   20079 | Ep:  947 | Steps:   11 | Reward:    -0.46
Total T:   20096 | Ep:  948 | Steps:   17 | Reward:     1.64
Total T:   20109 | Ep:  949 | Steps:   13 | Reward:     0.59
Total T:   20128 | Ep:  950 | Steps:   19 | Reward:     5.85
Total T:   20148 | Ep:  951 | Steps:   20 | Reward:     4.44
Total T:   20159 | Ep:  952 | Steps:   11 | Reward:    -0.34
Total T:   20186 | Ep:  953 | Steps:   27 | Reward:     4.06
Total T:   20198 | Ep:  954 | Steps:   12 | Reward:    -0.47
Total T:   20218 | Ep:  955 | Steps:   20 | Reward:     6.18
Total T:   20241 | Ep:  956 | Steps:   23 | Reward:     6.24
Total T:   20287 | Ep:  957 | Steps:   46 | Reward:    23.14
Total T:   20346 | Ep:  958 | Steps:   59 | Reward:    46.91
Total T:   20374 | Ep:  959 | Steps:   28 | Reward:     7.26
Total T:   20389 | Ep:  960 | Steps:   15 | Reward:    -2.56
Total T:   20414 | Ep:  961 | Steps:   25 | Reward:    -1.61
Total T:   20437 | Ep:  962 | Steps:   23 | Reward:     7.68
Total T:   20462 | Ep:  963 | Steps:   25 | Reward:    -3.74
Total T:   20479 | Ep:  964 | Steps:   17 | Reward:     2.11
Total T:   20498 | Ep:  965 | Steps:   19 | Reward:     6.34
Total T:   20530 | Ep:  966 | Steps:   32 | Reward:     4.51
Total T:   20554 | Ep:  967 | Steps:   24 | Reward:    -3.83
Total T:   20595 | Ep:  968 | Steps:   41 | Reward:    -2.76
Total T:   20604 | Ep:  969 | Steps:    9 | Reward:    -1.00
Total T:   20613 | Ep:  970 | Steps:    9 | Reward:    -3.80
Total T:   20628 | Ep:  971 | Steps:   15 | Reward:     1.14
Total T:   20656 | Ep:  972 | Steps:   28 | Reward:     8.57
Total T:   20670 | Ep:  973 | Steps:   14 | Reward:     3.07
Total T:   20693 | Ep:  974 | Steps:   23 | Reward:    12.18
Total T:   20722 | Ep:  975 | Steps:   29 | Reward:     2.48
Total T:   20742 | Ep:  976 | Steps:   20 | Reward:    -4.42
Total T:   20754 | Ep:  977 | Steps:   12 | Reward:     0.67
Total T:   20772 | Ep:  978 | Steps:   18 | Reward:    -1.99
Total T:   20820 | Ep:  979 | Steps:   48 | Reward:    17.11
Total T:   20842 | Ep:  980 | Steps:   22 | Reward:     1.10
Total T:   20871 | Ep:  981 | Steps:   29 | Reward:     7.23
Total T:   20900 | Ep:  982 | Steps:   29 | Reward:    -5.46
Total T:   20917 | Ep:  983 | Steps:   17 | Reward:     1.22
Total T:   20937 | Ep:  984 | Steps:   20 | Reward:     6.28
Total T:   20956 | Ep:  985 | Steps:   19 | Reward:    -4.50
Total T:   20969 | Ep:  986 | Steps:   13 | Reward:    -3.09
Total T:   20983 | Ep:  987 | Steps:   14 | Reward:    -0.84
Total T:   20998 | Ep:  988 | Steps:   15 | Reward:    -5.81
Total T:   21013 | Ep:  989 | Steps:   15 | Reward:     4.81
Total T:   21036 | Ep:  990 | Steps:   23 | Reward:    -8.58
Total T:   21049 | Ep:  991 | Steps:   13 | Reward:    -0.25
Total T:   21078 | Ep:  992 | Steps:   29 | Reward:     3.95
Total T:   21103 | Ep:  993 | Steps:   25 | Reward:     0.31
Total T:   21123 | Ep:  994 | Steps:   20 | Reward:    -3.41
Total T:   21150 | Ep:  995 | Steps:   27 | Reward:     7.85
Total T:   21170 | Ep:  996 | Steps:   20 | Reward:     4.59
Total T:   21184 | Ep:  997 | Steps:   14 | Reward:    -1.71
Total T:   21207 | Ep:  998 | Steps:   23 | Reward:     0.29
Total T:   21232 | Ep:  999 | Steps:   25 | Reward:     9.67
Total T:   21247 | Ep: 1000 | Steps:   15 | Reward:     1.56
Total T:   21262 | Ep: 1001 | Steps:   15 | Reward:     5.74
Total T:   21277 | Ep: 1002 | Steps:   15 | Reward:    -0.38
Total T:   21308 | Ep: 1003 | Steps:   31 | Reward:     5.17
Total T:   21332 | Ep: 1004 | Steps:   24 | Reward:     0.04
Total T:   21352 | Ep: 1005 | Steps:   20 | Reward:     7.03
Total T:   21383 | Ep: 1006 | Steps:   31 | Reward:    14.64
Total T:   21397 | Ep: 1007 | Steps:   14 | Reward:     0.44
Total T:   21415 | Ep: 1008 | Steps:   18 | Reward:     3.65
Total T:   21427 | Ep: 1009 | Steps:   12 | Reward:     2.57
Total T:   21450 | Ep: 1010 | Steps:   23 | Reward:    -1.87
Total T:   21459 | Ep: 1011 | Steps:    9 | Reward:     0.02
Total T:   21485 | Ep: 1012 | Steps:   26 | Reward:    13.00
Total T:   21500 | Ep: 1013 | Steps:   15 | Reward:     2.86
Total T:   21519 | Ep: 1014 | Steps:   19 | Reward:     6.31
Total T:   21537 | Ep: 1015 | Steps:   18 | Reward:     4.18
Total T:   21562 | Ep: 1016 | Steps:   25 | Reward:     2.25
Total T:   21580 | Ep: 1017 | Steps:   18 | Reward:     3.89
Total T:   21600 | Ep: 1018 | Steps:   20 | Reward:     5.40
Total T:   21618 | Ep: 1019 | Steps:   18 | Reward:    -5.44
Total T:   21638 | Ep: 1020 | Steps:   20 | Reward:     6.42
Total T:   21655 | Ep: 1021 | Steps:   17 | Reward:     4.71
Total T:   21683 | Ep: 1022 | Steps:   28 | Reward:    18.58
Total T:   21711 | Ep: 1023 | Steps:   28 | Reward:     5.62
Total T:   21729 | Ep: 1024 | Steps:   18 | Reward:     4.90
Total T:   21757 | Ep: 1025 | Steps:   28 | Reward:     2.45
Total T:   21772 | Ep: 1026 | Steps:   15 | Reward:    -1.40
Total T:   21793 | Ep: 1027 | Steps:   21 | Reward:     6.86
Total T:   21812 | Ep: 1028 | Steps:   19 | Reward:    -1.86
Total T:   21846 | Ep: 1029 | Steps:   34 | Reward:    -0.11
Total T:   21855 | Ep: 1030 | Steps:    9 | Reward:    -0.27
Total T:   21907 | Ep: 1031 | Steps:   52 | Reward:    15.22
Total T:   21935 | Ep: 1032 | Steps:   28 | Reward:     5.05
Total T:   21952 | Ep: 1033 | Steps:   17 | Reward:    -5.80
Total T:   21970 | Ep: 1034 | Steps:   18 | Reward:     3.39
Total T:   22017 | Ep: 1035 | Steps:   47 | Reward:     1.24
Total T:   22048 | Ep: 1036 | Steps:   31 | Reward:    11.82
Total T:   22061 | Ep: 1037 | Steps:   13 | Reward:    -0.35
Total T:   22076 | Ep: 1038 | Steps:   15 | Reward:     3.48
Total T:   22090 | Ep: 1039 | Steps:   14 | Reward:    -0.04
Total T:   22108 | Ep: 1040 | Steps:   18 | Reward:     0.06
Total T:   22125 | Ep: 1041 | Steps:   17 | Reward:    -1.60
Total T:   22147 | Ep: 1042 | Steps:   22 | Reward:     9.71
Total T:   22181 | Ep: 1043 | Steps:   34 | Reward:    11.62
Total T:   22205 | Ep: 1044 | Steps:   24 | Reward:     7.07
Total T:   22216 | Ep: 1045 | Steps:   11 | Reward:    -0.20
Total T:   22226 | Ep: 1046 | Steps:   10 | Reward:    -1.55
Total T:   22272 | Ep: 1047 | Steps:   46 | Reward:     2.28
Total T:   22304 | Ep: 1048 | Steps:   32 | Reward:     9.76
Total T:   22321 | Ep: 1049 | Steps:   17 | Reward:     4.85
Total T:   22348 | Ep: 1050 | Steps:   27 | Reward:     0.70
Total T:   22357 | Ep: 1051 | Steps:    9 | Reward:    -4.53
Total T:   22382 | Ep: 1052 | Steps:   25 | Reward:     0.78
Total T:   22400 | Ep: 1053 | Steps:   18 | Reward:     0.53
Total T:   22421 | Ep: 1054 | Steps:   21 | Reward:     6.90
Total T:   22432 | Ep: 1055 | Steps:   11 | Reward:    -1.64
Total T:   22462 | Ep: 1056 | Steps:   30 | Reward:    -2.84
Total T:   22489 | Ep: 1057 | Steps:   27 | Reward:    -1.82
Total T:   22507 | Ep: 1058 | Steps:   18 | Reward:     4.79
Total T:   22523 | Ep: 1059 | Steps:   16 | Reward:     3.49
Total T:   22536 | Ep: 1060 | Steps:   13 | Reward:    -6.22
Total T:   22550 | Ep: 1061 | Steps:   14 | Reward:     0.08
Total T:   22563 | Ep: 1062 | Steps:   13 | Reward:     1.38
Total T:   22581 | Ep: 1063 | Steps:   18 | Reward:    -5.08
Total T:   22594 | Ep: 1064 | Steps:   13 | Reward:    -2.16
Total T:   22610 | Ep: 1065 | Steps:   16 | Reward:    -4.66
Total T:   22629 | Ep: 1066 | Steps:   19 | Reward:    -0.01
Total T:   22644 | Ep: 1067 | Steps:   15 | Reward:    -8.40
Total T:   22662 | Ep: 1068 | Steps:   18 | Reward:     4.03
Total T:   22683 | Ep: 1069 | Steps:   21 | Reward:    -1.47
Total T:   22702 | Ep: 1070 | Steps:   19 | Reward:     4.02
Total T:   22729 | Ep: 1071 | Steps:   27 | Reward:     0.95
Total T:   22746 | Ep: 1072 | Steps:   17 | Reward:     5.22
Total T:   22770 | Ep: 1073 | Steps:   24 | Reward:    -4.58
Total T:   22802 | Ep: 1074 | Steps:   32 | Reward:    18.85
Total T:   22819 | Ep: 1075 | Steps:   17 | Reward:    -1.82
Total T:   22847 | Ep: 1076 | Steps:   28 | Reward:     2.38
Total T:   22856 | Ep: 1077 | Steps:    9 | Reward:    -1.90
Total T:   22868 | Ep: 1078 | Steps:   12 | Reward:     0.25
Total T:   22891 | Ep: 1079 | Steps:   23 | Reward:     6.09
Total T:   22899 | Ep: 1080 | Steps:    8 | Reward:    -3.77
Total T:   22922 | Ep: 1081 | Steps:   23 | Reward:     9.10
Total T:   22936 | Ep: 1082 | Steps:   14 | Reward:     1.79
Total T:   22962 | Ep: 1083 | Steps:   26 | Reward:    -2.82
Total T:   22990 | Ep: 1084 | Steps:   28 | Reward:     6.00
Total T:   23006 | Ep: 1085 | Steps:   16 | Reward:    -3.20
Total T:   23029 | Ep: 1086 | Steps:   23 | Reward:     6.80
Total T:   23067 | Ep: 1087 | Steps:   38 | Reward:    10.75
Total T:   23092 | Ep: 1088 | Steps:   25 | Reward:    -1.75
Total T:   23124 | Ep: 1089 | Steps:   32 | Reward:     0.56
Total T:   23141 | Ep: 1090 | Steps:   17 | Reward:     4.40
Total T:   23162 | Ep: 1091 | Steps:   21 | Reward:     1.04
Total T:   23183 | Ep: 1092 | Steps:   21 | Reward:    -3.96
Total T:   23206 | Ep: 1093 | Steps:   23 | Reward:     0.75
Total T:   23232 | Ep: 1094 | Steps:   26 | Reward:     1.31
Total T:   23271 | Ep: 1095 | Steps:   39 | Reward:    17.70
Total T:   23290 | Ep: 1096 | Steps:   19 | Reward:     6.49
Total T:   23315 | Ep: 1097 | Steps:   25 | Reward:     7.91
Total T:   23337 | Ep: 1098 | Steps:   22 | Reward:    -1.70
Total T:   23346 | Ep: 1099 | Steps:    9 | Reward:    -1.42
Total T:   23366 | Ep: 1100 | Steps:   20 | Reward:     0.09
Total T:   23382 | Ep: 1101 | Steps:   16 | Reward:     1.25
Total T:   23410 | Ep: 1102 | Steps:   28 | Reward:     5.88
Total T:   23423 | Ep: 1103 | Steps:   13 | Reward:    -3.46
Total T:   23439 | Ep: 1104 | Steps:   16 | Reward:   -10.13
Total T:   23460 | Ep: 1105 | Steps:   21 | Reward:     2.27
Total T:   23487 | Ep: 1106 | Steps:   27 | Reward:    -5.44
Total T:   23500 | Ep: 1107 | Steps:   13 | Reward:     1.31
Total T:   23521 | Ep: 1108 | Steps:   21 | Reward:     1.77
Total T:   23538 | Ep: 1109 | Steps:   17 | Reward:     0.05
Total T:   23558 | Ep: 1110 | Steps:   20 | Reward:     2.82
Total T:   23573 | Ep: 1111 | Steps:   15 | Reward:    -0.02
Total T:   23590 | Ep: 1112 | Steps:   17 | Reward:     3.39
Total T:   23606 | Ep: 1113 | Steps:   16 | Reward:     2.82
Total T:   23632 | Ep: 1114 | Steps:   26 | Reward:    10.89
Total T:   23656 | Ep: 1115 | Steps:   24 | Reward:     8.57
Total T:   23667 | Ep: 1116 | Steps:   11 | Reward:    -3.20
Total T:   23679 | Ep: 1117 | Steps:   12 | Reward:    -0.30
Total T:   23692 | Ep: 1118 | Steps:   13 | Reward:    -1.87
Total T:   23716 | Ep: 1119 | Steps:   24 | Reward:     0.79
Total T:   23762 | Ep: 1120 | Steps:   46 | Reward:    19.46
Total T:   23773 | Ep: 1121 | Steps:   11 | Reward:     1.17
Total T:   23799 | Ep: 1122 | Steps:   26 | Reward:     7.27
Total T:   23811 | Ep: 1123 | Steps:   12 | Reward:     1.43
Total T:   23833 | Ep: 1124 | Steps:   22 | Reward:    -3.38
Total T:   23888 | Ep: 1125 | Steps:   55 | Reward:     5.77
Total T:   23909 | Ep: 1126 | Steps:   21 | Reward:     3.27
Total T:   23926 | Ep: 1127 | Steps:   17 | Reward:     4.91
Total T:   23944 | Ep: 1128 | Steps:   18 | Reward:     2.86
Total T:   23959 | Ep: 1129 | Steps:   15 | Reward:     6.07
Total T:   23978 | Ep: 1130 | Steps:   19 | Reward:     5.29
Total T:   23994 | Ep: 1131 | Steps:   16 | Reward:    -4.18
Total T:   24020 | Ep: 1132 | Steps:   26 | Reward:    -1.24
Total T:   24039 | Ep: 1133 | Steps:   19 | Reward:    -3.99
Total T:   24073 | Ep: 1134 | Steps:   34 | Reward:    20.08
Total T:   24098 | Ep: 1135 | Steps:   25 | Reward:     1.51
Total T:   24134 | Ep: 1136 | Steps:   36 | Reward:     9.78
Total T:   24153 | Ep: 1137 | Steps:   19 | Reward:    -2.23
Total T:   24167 | Ep: 1138 | Steps:   14 | Reward:    -4.69
Total T:   24182 | Ep: 1139 | Steps:   15 | Reward:     7.09
Total T:   24207 | Ep: 1140 | Steps:   25 | Reward:     7.04
Total T:   24216 | Ep: 1141 | Steps:    9 | Reward:    -3.33
Total T:   24230 | Ep: 1142 | Steps:   14 | Reward:    -1.23
Total T:   24242 | Ep: 1143 | Steps:   12 | Reward:    -3.89
Total T:   24258 | Ep: 1144 | Steps:   16 | Reward:     3.40
Total T:   24293 | Ep: 1145 | Steps:   35 | Reward:     9.43
Total T:   24314 | Ep: 1146 | Steps:   21 | Reward:    -3.24
Total T:   24333 | Ep: 1147 | Steps:   19 | Reward:     3.39
Total T:   24351 | Ep: 1148 | Steps:   18 | Reward:     2.03
Total T:   24376 | Ep: 1149 | Steps:   25 | Reward:     8.18
Total T:   24393 | Ep: 1150 | Steps:   17 | Reward:     4.82
Total T:   24407 | Ep: 1151 | Steps:   14 | Reward:    -1.49
Total T:   24426 | Ep: 1152 | Steps:   19 | Reward:     8.37
Total T:   24441 | Ep: 1153 | Steps:   15 | Reward:    -0.97
Total T:   24481 | Ep: 1154 | Steps:   40 | Reward:    11.95
Total T:   24511 | Ep: 1155 | Steps:   30 | Reward:     3.46
Total T:   24527 | Ep: 1156 | Steps:   16 | Reward:     3.79
Total T:   24548 | Ep: 1157 | Steps:   21 | Reward:     4.51
Total T:   24562 | Ep: 1158 | Steps:   14 | Reward:     0.29
Total T:   24584 | Ep: 1159 | Steps:   22 | Reward:     4.00
Total T:   24609 | Ep: 1160 | Steps:   25 | Reward:    -2.02
Total T:   24620 | Ep: 1161 | Steps:   11 | Reward:     0.65
Total T:   24640 | Ep: 1162 | Steps:   20 | Reward:    -0.60
Total T:   24673 | Ep: 1163 | Steps:   33 | Reward:    16.68
Total T:   24690 | Ep: 1164 | Steps:   17 | Reward:     6.17
Total T:   24704 | Ep: 1165 | Steps:   14 | Reward:   -10.02
Total T:   24722 | Ep: 1166 | Steps:   18 | Reward:    -3.24
Total T:   24748 | Ep: 1167 | Steps:   26 | Reward:    -1.01
Total T:   24768 | Ep: 1168 | Steps:   20 | Reward:     0.84
Total T:   24799 | Ep: 1169 | Steps:   31 | Reward:     0.59
Total T:   24832 | Ep: 1170 | Steps:   33 | Reward:    15.16
Total T:   24845 | Ep: 1171 | Steps:   13 | Reward:     2.52
Total T:   24853 | Ep: 1172 | Steps:    8 | Reward:    -1.86
Total T:   24868 | Ep: 1173 | Steps:   15 | Reward:     1.07
Total T:   24899 | Ep: 1174 | Steps:   31 | Reward:    -6.15
Total T:   24919 | Ep: 1175 | Steps:   20 | Reward:    -1.05
Total T:   24934 | Ep: 1176 | Steps:   15 | Reward:    -4.55
Total T:   24948 | Ep: 1177 | Steps:   14 | Reward:     2.06
Total T:   24965 | Ep: 1178 | Steps:   17 | Reward:     0.14
Total T:   24976 | Ep: 1179 | Steps:   11 | Reward:    -0.62
Total T:   24998 | Ep: 1180 | Steps:   22 | Reward:    -4.49
Total T:   25008 | Ep: 1181 | Steps:   10 | Reward:    -0.90
Total T:   25016 | Ep: 1182 | Steps:    8 | Reward:    -1.92
Total T:   25024 | Ep: 1183 | Steps:    8 | Reward:    -1.65
Total T:   25032 | Ep: 1184 | Steps:    8 | Reward:    -1.42
Total T:   25040 | Ep: 1185 | Steps:    8 | Reward:    -1.31
Total T:   25246 | Ep: 1186 | Steps:  206 | Reward:   326.33
Total T:   25417 | Ep: 1187 | Steps:  171 | Reward:    58.88
Total T:   25601 | Ep: 1188 | Steps:  184 | Reward:    72.09
Total T:   25717 | Ep: 1189 | Steps:  116 | Reward:    10.90
Total T:   25901 | Ep: 1190 | Steps:  184 | Reward:    66.80
Total T:   25968 | Ep: 1191 | Steps:   67 | Reward:    -6.76
Total T:   26034 | Ep: 1192 | Steps:   66 | Reward:    -8.09
Total T:   26100 | Ep: 1193 | Steps:   66 | Reward:    -8.59
Total T:   26178 | Ep: 1194 | Steps:   78 | Reward:   -40.20
Total T:   26266 | Ep: 1195 | Steps:   88 | Reward:   -20.37
Total T:   26367 | Ep: 1196 | Steps:  101 | Reward:    -4.31
Total T:   26474 | Ep: 1197 | Steps:  107 | Reward:    -0.10
Total T:   26687 | Ep: 1198 | Steps:  213 | Reward:    78.96
Total T:   26740 | Ep: 1199 | Steps:   53 | Reward:    46.60
Total T:   26792 | Ep: 1200 | Steps:   52 | Reward:    44.37
Total T:   26848 | Ep: 1201 | Steps:   56 | Reward:    56.61
Total T:   26907 | Ep: 1202 | Steps:   59 | Reward:    60.02
Total T:   27036 | Ep: 1203 | Steps:  129 | Reward:   199.89
Total T:   27205 | Ep: 1204 | Steps:  169 | Reward:   151.34
Total T:   27308 | Ep: 1205 | Steps:  103 | Reward:    63.34
Total T:   27485 | Ep: 1206 | Steps:  177 | Reward:   174.48
Total T:   27697 | Ep: 1207 | Steps:  212 | Reward:   172.53
Total T:   27885 | Ep: 1208 | Steps:  188 | Reward:   344.19
Total T:   28054 | Ep: 1209 | Steps:  169 | Reward:   293.95
Total T:   28222 | Ep: 1210 | Steps:  168 | Reward:   293.60
Total T:   28391 | Ep: 1211 | Steps:  169 | Reward:   294.22
Total T:   28646 | Ep: 1212 | Steps:  255 | Reward:   139.36
Total T:   28830 | Ep: 1213 | Steps:  184 | Reward:    96.38
Total T:   28980 | Ep: 1214 | Steps:  150 | Reward:    61.16
Total T:   29210 | Ep: 1215 | Steps:  230 | Reward:   186.01
Total T:   29278 | Ep: 1216 | Steps:   68 | Reward:   -15.52
Total T:   29343 | Ep: 1217 | Steps:   65 | Reward:   -10.01
Total T:   29408 | Ep: 1218 | Steps:   65 | Reward:   -12.03
Total T:   29469 | Ep: 1219 | Steps:   61 | Reward:    -7.93
Total T:   29532 | Ep: 1220 | Steps:   63 | Reward:    -7.93
Total T:   29609 | Ep: 1221 | Steps:   77 | Reward:   -20.00
Total T:   29676 | Ep: 1222 | Steps:   67 | Reward:   -10.10
Total T:   29732 | Ep: 1223 | Steps:   56 | Reward:   -13.13
Total T:   29797 | Ep: 1224 | Steps:   65 | Reward:   -14.55
Total T:   29887 | Ep: 1225 | Steps:   90 | Reward:   -27.18
Total T:   29979 | Ep: 1226 | Steps:   92 | Reward:   -32.15
---------------------------------------
Evaluation over 10 episodes: -28.943
---------------------------------------
Total T:   30075 | Ep: 1227 | Steps:   96 | Reward:   -27.29
Total T:   30162 | Ep: 1228 | Steps:   87 | Reward:   -26.94
Total T:   30248 | Ep: 1229 | Steps:   86 | Reward:   -28.78
Total T:   30322 | Ep: 1230 | Steps:   74 | Reward:   -26.08
Total T:   30393 | Ep: 1231 | Steps:   71 | Reward:   -17.51
Total T:   30621 | Ep: 1232 | Steps:  228 | Reward:    56.37
Total T:   31621 | Ep: 1233 | Steps: 1000 | Reward:   747.23
Total T:   32621 | Ep: 1234 | Steps: 1000 | Reward:   788.71
Total T:   32947 | Ep: 1235 | Steps:  326 | Reward:   443.95
Total T:   33179 | Ep: 1236 | Steps:  232 | Reward:   196.06
Total T:   33340 | Ep: 1237 | Steps:  161 | Reward:    33.95
Total T:   33545 | Ep: 1238 | Steps:  205 | Reward:   287.48
Total T:   34096 | Ep: 1239 | Steps:  551 | Reward:   450.47
Total T:   34212 | Ep: 1240 | Steps:  116 | Reward:   191.96
Total T:   34330 | Ep: 1241 | Steps:  118 | Reward:   193.71
Total T:   34443 | Ep: 1242 | Steps:  113 | Reward:   178.25
Total T:   34538 | Ep: 1243 | Steps:   95 | Reward:   152.81
Total T:   34640 | Ep: 1244 | Steps:  102 | Reward:   172.58
Total T:   34753 | Ep: 1245 | Steps:  113 | Reward:   171.44
Total T:   34926 | Ep: 1246 | Steps:  173 | Reward:   181.83
Total T:   35070 | Ep: 1247 | Steps:  144 | Reward:   259.10
Total T:   35160 | Ep: 1248 | Steps:   90 | Reward:   142.18
Total T:   35302 | Ep: 1249 | Steps:  142 | Reward:   229.40
Total T:   35389 | Ep: 1250 | Steps:   87 | Reward:   152.14
Total T:   35523 | Ep: 1251 | Steps:  134 | Reward:   243.63
Total T:   35646 | Ep: 1252 | Steps:  123 | Reward:   220.98
Total T:   35752 | Ep: 1253 | Steps:  106 | Reward:   196.51
Total T:   35968 | Ep: 1254 | Steps:  216 | Reward:   345.96
Total T:   36125 | Ep: 1255 | Steps:  157 | Reward:   293.35
Total T:   36262 | Ep: 1256 | Steps:  137 | Reward:   247.02
Total T:   36390 | Ep: 1257 | Steps:  128 | Reward:    48.47
Total T:   36561 | Ep: 1258 | Steps:  171 | Reward:   265.40
Total T:   36682 | Ep: 1259 | Steps:  121 | Reward:   215.52
Total T:   36858 | Ep: 1260 | Steps:  176 | Reward:   326.01
Total T:   37045 | Ep: 1261 | Steps:  187 | Reward:   318.38
Total T:   37175 | Ep: 1262 | Steps:  130 | Reward:   248.44
Total T:   37309 | Ep: 1263 | Steps:  134 | Reward:   234.11
Total T:   37412 | Ep: 1264 | Steps:  103 | Reward:   194.94
Total T:   37648 | Ep: 1265 | Steps:  236 | Reward:   295.64
Total T:   37881 | Ep: 1266 | Steps:  233 | Reward:   355.88
Total T:   37989 | Ep: 1267 | Steps:  108 | Reward:   190.12
Total T:   38143 | Ep: 1268 | Steps:  154 | Reward:   267.89
Total T:   38273 | Ep: 1269 | Steps:  130 | Reward:   234.93
Total T:   38482 | Ep: 1270 | Steps:  209 | Reward:   334.55
Total T:   38655 | Ep: 1271 | Steps:  173 | Reward:    22.26
Total T:   39057 | Ep: 1272 | Steps:  402 | Reward:   607.41
Total T:   39411 | Ep: 1273 | Steps:  354 | Reward:   574.92
Total T:   39601 | Ep: 1274 | Steps:  190 | Reward:   330.30
Total T:   39755 | Ep: 1275 | Steps:  154 | Reward:   248.66
---------------------------------------
Evaluation over 10 episodes: 209.452
---------------------------------------
Total T:   40097 | Ep: 1276 | Steps:  342 | Reward:   415.73
Total T:   40238 | Ep: 1277 | Steps:  141 | Reward:   122.40
Total T:   40355 | Ep: 1278 | Steps:  117 | Reward:   197.54
Total T:   40778 | Ep: 1279 | Steps:  423 | Reward:   459.51
Total T:   40917 | Ep: 1280 | Steps:  139 | Reward:   236.16
Total T:   41219 | Ep: 1281 | Steps:  302 | Reward:   333.62
Total T:   41702 | Ep: 1282 | Steps:  483 | Reward:   528.74
Total T:   41967 | Ep: 1283 | Steps:  265 | Reward:   451.70
Total T:   42199 | Ep: 1284 | Steps:  232 | Reward:   258.20
Total T:   42364 | Ep: 1285 | Steps:  165 | Reward:   292.67
Total T:   42488 | Ep: 1286 | Steps:  124 | Reward:   208.49
Total T:   42684 | Ep: 1287 | Steps:  196 | Reward:    -4.46
Total T:   42804 | Ep: 1288 | Steps:  120 | Reward:   197.05
Total T:   43055 | Ep: 1289 | Steps:  251 | Reward:   367.26
Total T:   43205 | Ep: 1290 | Steps:  150 | Reward:   154.85
Total T:   43344 | Ep: 1291 | Steps:  139 | Reward:   212.13
Total T:   43451 | Ep: 1292 | Steps:  107 | Reward:    67.50
Total T:   43715 | Ep: 1293 | Steps:  264 | Reward:    49.54
Total T:   43855 | Ep: 1294 | Steps:  140 | Reward:   199.57
Total T:   43992 | Ep: 1295 | Steps:  137 | Reward:   117.46
Total T:   44190 | Ep: 1296 | Steps:  198 | Reward:   279.87
Total T:   44304 | Ep: 1297 | Steps:  114 | Reward:   205.48
Total T:   44506 | Ep: 1298 | Steps:  202 | Reward:    14.09
Total T:   44662 | Ep: 1299 | Steps:  156 | Reward:   138.50
Total T:   44838 | Ep: 1300 | Steps:  176 | Reward:  -127.60
Total T:   44931 | Ep: 1301 | Steps:   93 | Reward:    98.29
Total T:   45030 | Ep: 1302 | Steps:   99 | Reward:    -1.98
Total T:   45355 | Ep: 1303 | Steps:  325 | Reward:   394.51
Total T:   45597 | Ep: 1304 | Steps:  242 | Reward:    12.90
Total T:   46023 | Ep: 1305 | Steps:  426 | Reward:   354.16
Total T:   46132 | Ep: 1306 | Steps:  109 | Reward:   171.53
Total T:   46197 | Ep: 1307 | Steps:   65 | Reward:    90.35
Total T:   46415 | Ep: 1308 | Steps:  218 | Reward:   182.76
Total T:   46511 | Ep: 1309 | Steps:   96 | Reward:   151.57
Total T:   46662 | Ep: 1310 | Steps:  151 | Reward:   229.40
Total T:   46759 | Ep: 1311 | Steps:   97 | Reward:   165.00
Total T:   46846 | Ep: 1312 | Steps:   87 | Reward:   130.35
Total T:   47165 | Ep: 1313 | Steps:  319 | Reward:    23.95
Total T:   47315 | Ep: 1314 | Steps:  150 | Reward:   239.82
Total T:   47446 | Ep: 1315 | Steps:  131 | Reward:   156.50
Total T:   47654 | Ep: 1316 | Steps:  208 | Reward:    72.52
Total T:   47818 | Ep: 1317 | Steps:  164 | Reward:   355.01
Total T:   48386 | Ep: 1318 | Steps:  568 | Reward:   418.23
Total T:   48470 | Ep: 1319 | Steps:   84 | Reward:   129.01
Total T:   48606 | Ep: 1320 | Steps:  136 | Reward:   185.16
Total T:   48743 | Ep: 1321 | Steps:  137 | Reward:    77.38
Total T:   48874 | Ep: 1322 | Steps:  131 | Reward:   251.61
Total T:   48905 | Ep: 1323 | Steps:   31 | Reward:    17.75
Total T:   48938 | Ep: 1324 | Steps:   33 | Reward:    13.13
Total T:   48971 | Ep: 1325 | Steps:   33 | Reward:    13.24
Total T:   49008 | Ep: 1326 | Steps:   37 | Reward:    21.30
Total T:   49399 | Ep: 1327 | Steps:  391 | Reward:   469.86
Total T:   49782 | Ep: 1328 | Steps:  383 | Reward:   447.73
Total T:   49897 | Ep: 1329 | Steps:  115 | Reward:   197.15
---------------------------------------
Evaluation over 10 episodes: 271.249
---------------------------------------
Total T:   50075 | Ep: 1330 | Steps:  178 | Reward:    17.30
Total T:   50197 | Ep: 1331 | Steps:  122 | Reward:   183.32
Total T:   50287 | Ep: 1332 | Steps:   90 | Reward:   116.15
Total T:   50392 | Ep: 1333 | Steps:  105 | Reward:   149.47
Total T:   50542 | Ep: 1334 | Steps:  150 | Reward:   241.67
Total T:   50604 | Ep: 1335 | Steps:   62 | Reward:    97.18
Total T:   50719 | Ep: 1336 | Steps:  115 | Reward:   118.00
Total T:   50837 | Ep: 1337 | Steps:  118 | Reward:   212.08
Total T:   51009 | Ep: 1338 | Steps:  172 | Reward:   273.46
Total T:   51127 | Ep: 1339 | Steps:  118 | Reward:    -3.79
Total T:   51214 | Ep: 1340 | Steps:   87 | Reward:   166.45
Total T:   51347 | Ep: 1341 | Steps:  133 | Reward:   217.07
Total T:   51533 | Ep: 1342 | Steps:  186 | Reward:   216.28
Total T:   51658 | Ep: 1343 | Steps:  125 | Reward:   201.34
Total T:   51781 | Ep: 1344 | Steps:  123 | Reward:   239.11
Total T:   51899 | Ep: 1345 | Steps:  118 | Reward:   232.23
Total T:   52125 | Ep: 1346 | Steps:  226 | Reward:   -48.64
Total T:   52274 | Ep: 1347 | Steps:  149 | Reward:   149.42
Total T:   52436 | Ep: 1348 | Steps:  162 | Reward:   204.73
Total T:   52782 | Ep: 1349 | Steps:  346 | Reward:   363.06
Total T:   52909 | Ep: 1350 | Steps:  127 | Reward:   226.23
Total T:   53115 | Ep: 1351 | Steps:  206 | Reward:   231.13
Total T:   53260 | Ep: 1352 | Steps:  145 | Reward:   193.92
Total T:   53427 | Ep: 1353 | Steps:  167 | Reward:   244.52
Total T:   53803 | Ep: 1354 | Steps:  376 | Reward:   172.34
Total T:   53996 | Ep: 1355 | Steps:  193 | Reward:   329.68
Total T:   54124 | Ep: 1356 | Steps:  128 | Reward:   -13.34
Total T:   54275 | Ep: 1357 | Steps:  151 | Reward:   232.45
Total T:   54495 | Ep: 1358 | Steps:  220 | Reward:   294.60
Total T:   54611 | Ep: 1359 | Steps:  116 | Reward:   228.58
Total T:   54693 | Ep: 1360 | Steps:   82 | Reward:   136.17
Total T:   55029 | Ep: 1361 | Steps:  336 | Reward:   500.76
Total T:   55276 | Ep: 1362 | Steps:  247 | Reward:   183.95
Total T:   55418 | Ep: 1363 | Steps:  142 | Reward:   217.64
Total T:   55652 | Ep: 1364 | Steps:  234 | Reward:   212.06
Total T:   55756 | Ep: 1365 | Steps:  104 | Reward:   160.00
Total T:   56085 | Ep: 1366 | Steps:  329 | Reward:   229.22
Total T:   56472 | Ep: 1367 | Steps:  387 | Reward:   516.50
Total T:   56716 | Ep: 1368 | Steps:  244 | Reward:    28.59
Total T:   56837 | Ep: 1369 | Steps:  121 | Reward:   151.27
Total T:   57592 | Ep: 1370 | Steps:  755 | Reward:   639.12
Total T:   57707 | Ep: 1371 | Steps:  115 | Reward:   189.17
Total T:   57867 | Ep: 1372 | Steps:  160 | Reward:   275.76
Total T:   57966 | Ep: 1373 | Steps:   99 | Reward:   208.30
Total T:   58133 | Ep: 1374 | Steps:  167 | Reward:   294.60
Total T:   58408 | Ep: 1375 | Steps:  275 | Reward:    15.73
Total T:   58522 | Ep: 1376 | Steps:  114 | Reward:   209.89
Total T:   58648 | Ep: 1377 | Steps:  126 | Reward:   153.75
Total T:   58796 | Ep: 1378 | Steps:  148 | Reward:   266.98
Total T:   58885 | Ep: 1379 | Steps:   89 | Reward:   180.76
Total T:   58973 | Ep: 1380 | Steps:   88 | Reward:   172.02
Total T:   59149 | Ep: 1381 | Steps:  176 | Reward:   332.81
Total T:   59271 | Ep: 1382 | Steps:  122 | Reward:   194.78
Total T:   59433 | Ep: 1383 | Steps:  162 | Reward:   217.69
Total T:   59622 | Ep: 1384 | Steps:  189 | Reward:   -68.17
Total T:   59741 | Ep: 1385 | Steps:  119 | Reward:   207.21
Total T:   59906 | Ep: 1386 | Steps:  165 | Reward:   307.85
Total T:   59978 | Ep: 1387 | Steps:   72 | Reward:   140.06
---------------------------------------
Evaluation over 10 episodes: 248.398
---------------------------------------
Total T:   60126 | Ep: 1388 | Steps:  148 | Reward:    66.11
Total T:   60328 | Ep: 1389 | Steps:  202 | Reward:   350.45
Total T:   60694 | Ep: 1390 | Steps:  366 | Reward:   395.61
Total T:   60818 | Ep: 1391 | Steps:  124 | Reward:   298.78
Total T:   60936 | Ep: 1392 | Steps:  118 | Reward:   259.64
Total T:   61089 | Ep: 1393 | Steps:  153 | Reward:   237.55
Total T:   61339 | Ep: 1394 | Steps:  250 | Reward:   383.91
Total T:   61439 | Ep: 1395 | Steps:  100 | Reward:   185.66
Total T:   61575 | Ep: 1396 | Steps:  136 | Reward:   233.36
Total T:   61672 | Ep: 1397 | Steps:   97 | Reward:   187.50
Total T:   61777 | Ep: 1398 | Steps:  105 | Reward:   188.75
Total T:   61924 | Ep: 1399 | Steps:  147 | Reward:   285.55
Total T:   62005 | Ep: 1400 | Steps:   81 | Reward:   165.35
Total T:   62093 | Ep: 1401 | Steps:   88 | Reward:   161.34
Total T:   62179 | Ep: 1402 | Steps:   86 | Reward:   188.99
Total T:   62316 | Ep: 1403 | Steps:  137 | Reward:   288.04
Total T:   62435 | Ep: 1404 | Steps:  119 | Reward:   200.62
Total T:   62557 | Ep: 1405 | Steps:  122 | Reward:   267.40
Total T:   62690 | Ep: 1406 | Steps:  133 | Reward:   255.02
Total T:   62879 | Ep: 1407 | Steps:  189 | Reward:   338.48
Total T:   62989 | Ep: 1408 | Steps:  110 | Reward:   209.32
Total T:   63084 | Ep: 1409 | Steps:   95 | Reward:   200.30
Total T:   63484 | Ep: 1410 | Steps:  400 | Reward:   591.81
Total T:   63658 | Ep: 1411 | Steps:  174 | Reward:   395.36
Total T:   63806 | Ep: 1412 | Steps:  148 | Reward:   329.73
Total T:   64020 | Ep: 1413 | Steps:  214 | Reward:   536.31
Total T:   64120 | Ep: 1414 | Steps:  100 | Reward:   189.93
Total T:   64303 | Ep: 1415 | Steps:  183 | Reward:   463.57
Total T:   64406 | Ep: 1416 | Steps:  103 | Reward:   199.99
Total T:   64605 | Ep: 1417 | Steps:  199 | Reward:   295.04
Total T:   64860 | Ep: 1418 | Steps:  255 | Reward:   400.98
Total T:   64967 | Ep: 1419 | Steps:  107 | Reward:   200.89
Total T:   65073 | Ep: 1420 | Steps:  106 | Reward:   203.05
Total T:   65194 | Ep: 1421 | Steps:  121 | Reward:   282.75
Total T:   65288 | Ep: 1422 | Steps:   94 | Reward:   174.63
Total T:   65398 | Ep: 1423 | Steps:  110 | Reward:   245.47
Total T:   65506 | Ep: 1424 | Steps:  108 | Reward:   243.78
Total T:   65623 | Ep: 1425 | Steps:  117 | Reward:   167.69
Total T:   65768 | Ep: 1426 | Steps:  145 | Reward:   366.92
Total T:   65858 | Ep: 1427 | Steps:   90 | Reward:   171.62
Total T:   65933 | Ep: 1428 | Steps:   75 | Reward:   130.95
Total T:   66123 | Ep: 1429 | Steps:  190 | Reward:   411.03
Total T:   66191 | Ep: 1430 | Steps:   68 | Reward:   111.94
Total T:   66258 | Ep: 1431 | Steps:   67 | Reward:   119.20
Total T:   66328 | Ep: 1432 | Steps:   70 | Reward:   116.30
Total T:   66421 | Ep: 1433 | Steps:   93 | Reward:   157.78
Total T:   66503 | Ep: 1434 | Steps:   82 | Reward:   155.50
Total T:   66594 | Ep: 1435 | Steps:   91 | Reward:   172.21
Total T:   66771 | Ep: 1436 | Steps:  177 | Reward:   287.99
Total T:   66865 | Ep: 1437 | Steps:   94 | Reward:   166.90
Total T:   67042 | Ep: 1438 | Steps:  177 | Reward:   330.54
Total T:   67216 | Ep: 1439 | Steps:  174 | Reward:   359.52
Total T:   67416 | Ep: 1440 | Steps:  200 | Reward:   306.65
Total T:   67518 | Ep: 1441 | Steps:  102 | Reward:   197.41
Total T:   67762 | Ep: 1442 | Steps:  244 | Reward:   608.38
Total T:   67942 | Ep: 1443 | Steps:  180 | Reward:   455.65
Total T:   68036 | Ep: 1444 | Steps:   94 | Reward:   186.68
Total T:   68126 | Ep: 1445 | Steps:   90 | Reward:   161.18
Total T:   68233 | Ep: 1446 | Steps:  107 | Reward:   201.69
Total T:   68388 | Ep: 1447 | Steps:  155 | Reward:   321.97
Total T:   68474 | Ep: 1448 | Steps:   86 | Reward:   156.56
Total T:   68692 | Ep: 1449 | Steps:  218 | Reward:   495.76
Total T:   68821 | Ep: 1450 | Steps:  129 | Reward:   244.78
Total T:   68913 | Ep: 1451 | Steps:   92 | Reward:   175.78
Total T:   69050 | Ep: 1452 | Steps:  137 | Reward:   299.10
Total T:   69226 | Ep: 1453 | Steps:  176 | Reward:   395.14
Total T:   69409 | Ep: 1454 | Steps:  183 | Reward:   412.21
Total T:   69687 | Ep: 1455 | Steps:  278 | Reward:   496.51
Total T:   69864 | Ep: 1456 | Steps:  177 | Reward:   443.19
---------------------------------------
Evaluation over 10 episodes: 193.142
---------------------------------------
Total T:   70023 | Ep: 1457 | Steps:  159 | Reward:   411.11
Total T:   70130 | Ep: 1458 | Steps:  107 | Reward:   205.38
Total T:   70454 | Ep: 1459 | Steps:  324 | Reward:   646.48
Total T:   70555 | Ep: 1460 | Steps:  101 | Reward:   180.35
Total T:   70651 | Ep: 1461 | Steps:   96 | Reward:   168.76
Total T:   70752 | Ep: 1462 | Steps:  101 | Reward:   169.63
Total T:   70909 | Ep: 1463 | Steps:  157 | Reward:   344.37
Total T:   71080 | Ep: 1464 | Steps:  171 | Reward:   208.91
Total T:   71206 | Ep: 1465 | Steps:  126 | Reward:   241.34
Total T:   71374 | Ep: 1466 | Steps:  168 | Reward:   329.29
Total T:   71597 | Ep: 1467 | Steps:  223 | Reward:   343.32
Total T:   71873 | Ep: 1468 | Steps:  276 | Reward:   386.02
Total T:   72066 | Ep: 1469 | Steps:  193 | Reward:   347.26
Total T:   72191 | Ep: 1470 | Steps:  125 | Reward:   203.05
Total T:   72524 | Ep: 1471 | Steps:  333 | Reward:   613.94
Total T:   72615 | Ep: 1472 | Steps:   91 | Reward:   158.99
Total T:   72708 | Ep: 1473 | Steps:   93 | Reward:   134.65
Total T:   72884 | Ep: 1474 | Steps:  176 | Reward:   270.41
Total T:   73019 | Ep: 1475 | Steps:  135 | Reward:   221.70
Total T:   73164 | Ep: 1476 | Steps:  145 | Reward:   247.44
Total T:   73445 | Ep: 1477 | Steps:  281 | Reward:   656.32
Total T:   73552 | Ep: 1478 | Steps:  107 | Reward:   157.84
Total T:   73653 | Ep: 1479 | Steps:  101 | Reward:   176.65
Total T:   73774 | Ep: 1480 | Steps:  121 | Reward:   237.18
Total T:   73879 | Ep: 1481 | Steps:  105 | Reward:   213.99
Total T:   74104 | Ep: 1482 | Steps:  225 | Reward:   291.86
Total T:   74218 | Ep: 1483 | Steps:  114 | Reward:   200.03
Total T:   74315 | Ep: 1484 | Steps:   97 | Reward:   172.96
Total T:   74554 | Ep: 1485 | Steps:  239 | Reward:   317.25
Total T:   74657 | Ep: 1486 | Steps:  103 | Reward:   186.19
Total T:   74886 | Ep: 1487 | Steps:  229 | Reward:   445.25
Total T:   75006 | Ep: 1488 | Steps:  120 | Reward:   203.12
Total T:   75158 | Ep: 1489 | Steps:  152 | Reward:   271.78
Total T:   75354 | Ep: 1490 | Steps:  196 | Reward:   422.59
Total T:   75544 | Ep: 1491 | Steps:  190 | Reward:   304.76
Total T:   75682 | Ep: 1492 | Steps:  138 | Reward:   235.76
Total T:   75930 | Ep: 1493 | Steps:  248 | Reward:   554.61
Total T:   76049 | Ep: 1494 | Steps:  119 | Reward:   226.10
Total T:   76211 | Ep: 1495 | Steps:  162 | Reward:   334.44
Total T:   76324 | Ep: 1496 | Steps:  113 | Reward:   180.53
Total T:   76533 | Ep: 1497 | Steps:  209 | Reward:   476.70
Total T:   76646 | Ep: 1498 | Steps:  113 | Reward:   194.83
Total T:   76784 | Ep: 1499 | Steps:  138 | Reward:   244.36
Total T:   76967 | Ep: 1500 | Steps:  183 | Reward:   299.56
Total T:   77233 | Ep: 1501 | Steps:  266 | Reward:   400.26
Total T:   77341 | Ep: 1502 | Steps:  108 | Reward:   199.93
Total T:   77473 | Ep: 1503 | Steps:  132 | Reward:   239.23
Total T:   77590 | Ep: 1504 | Steps:  117 | Reward:   201.63
Total T:   78047 | Ep: 1505 | Steps:  457 | Reward:    38.66
Total T:   78260 | Ep: 1506 | Steps:  213 | Reward:   360.79
Total T:   78377 | Ep: 1507 | Steps:  117 | Reward:   183.27
Total T:   78590 | Ep: 1508 | Steps:  213 | Reward:   364.89
Total T:   78694 | Ep: 1509 | Steps:  104 | Reward:   196.46
Total T:   78813 | Ep: 1510 | Steps:  119 | Reward:   186.01
Total T:   78961 | Ep: 1511 | Steps:  148 | Reward:   278.85
Total T:   79058 | Ep: 1512 | Steps:   97 | Reward:   165.14
Total T:   79163 | Ep: 1513 | Steps:  105 | Reward:   187.26
Total T:   79309 | Ep: 1514 | Steps:  146 | Reward:   295.61
Total T:   79954 | Ep: 1515 | Steps:  645 | Reward:   792.50
---------------------------------------
Evaluation over 10 episodes: 238.979
---------------------------------------
Total T:   80051 | Ep: 1516 | Steps:   97 | Reward:   168.30
Total T:   80174 | Ep: 1517 | Steps:  123 | Reward:   264.48
Total T:   80306 | Ep: 1518 | Steps:  132 | Reward:   277.52
Total T:   80444 | Ep: 1519 | Steps:  138 | Reward:   292.15
Total T:   80540 | Ep: 1520 | Steps:   96 | Reward:   156.64
Total T:   80704 | Ep: 1521 | Steps:  164 | Reward:   270.96
Total T:   80832 | Ep: 1522 | Steps:  128 | Reward:   252.35
Total T:   80946 | Ep: 1523 | Steps:  114 | Reward:   203.49
Total T:   81029 | Ep: 1524 | Steps:   83 | Reward:   147.36
Total T:   81242 | Ep: 1525 | Steps:  213 | Reward:   451.30
Total T:   81404 | Ep: 1526 | Steps:  162 | Reward:   257.09
Total T:   81502 | Ep: 1527 | Steps:   98 | Reward:   187.03
Total T:   81623 | Ep: 1528 | Steps:  121 | Reward:   210.13
Total T:   81822 | Ep: 1529 | Steps:  199 | Reward:   402.81
Total T:   81945 | Ep: 1530 | Steps:  123 | Reward:   225.42
Total T:   82066 | Ep: 1531 | Steps:  121 | Reward:   215.60
Total T:   82176 | Ep: 1532 | Steps:  110 | Reward:   204.65
Total T:   82297 | Ep: 1533 | Steps:  121 | Reward:   237.63
Total T:   82403 | Ep: 1534 | Steps:  106 | Reward:   176.25
Total T:   82530 | Ep: 1535 | Steps:  127 | Reward:   245.26
Total T:   82660 | Ep: 1536 | Steps:  130 | Reward:   297.22
Total T:   82783 | Ep: 1537 | Steps:  123 | Reward:   233.31
Total T:   83211 | Ep: 1538 | Steps:  428 | Reward:   773.98
Total T:   83317 | Ep: 1539 | Steps:  106 | Reward:   185.28
Total T:   83457 | Ep: 1540 | Steps:  140 | Reward:   310.12
Total T:   83605 | Ep: 1541 | Steps:  148 | Reward:   300.85
Total T:   83825 | Ep: 1542 | Steps:  220 | Reward:   485.82
Total T:   83954 | Ep: 1543 | Steps:  129 | Reward:   218.16
Total T:   84231 | Ep: 1544 | Steps:  277 | Reward:   519.70
Total T:   84338 | Ep: 1545 | Steps:  107 | Reward:   175.33
Total T:   84463 | Ep: 1546 | Steps:  125 | Reward:   272.70
Total T:   84538 | Ep: 1547 | Steps:   75 | Reward:    94.91
Total T:   84658 | Ep: 1548 | Steps:  120 | Reward:   220.04
Total T:   84764 | Ep: 1549 | Steps:  106 | Reward:   185.01
Total T:   85085 | Ep: 1550 | Steps:  321 | Reward:   433.80
Total T:   85377 | Ep: 1551 | Steps:  292 | Reward:   316.31
Total T:   85624 | Ep: 1552 | Steps:  247 | Reward:   159.14
Total T:   85908 | Ep: 1553 | Steps:  284 | Reward:   494.37
Total T:   86019 | Ep: 1554 | Steps:  111 | Reward:   178.91
Total T:   86355 | Ep: 1555 | Steps:  336 | Reward:   723.67
Total T:   86505 | Ep: 1556 | Steps:  150 | Reward:   325.62
Total T:   86640 | Ep: 1557 | Steps:  135 | Reward:   223.65
Total T:   86776 | Ep: 1558 | Steps:  136 | Reward:   254.56
Total T:   86968 | Ep: 1559 | Steps:  192 | Reward:   443.49
Total T:   87103 | Ep: 1560 | Steps:  135 | Reward:   246.15
Total T:   87351 | Ep: 1561 | Steps:  248 | Reward:   603.68
Total T:   87586 | Ep: 1562 | Steps:  235 | Reward:   200.86
Total T:   87728 | Ep: 1563 | Steps:  142 | Reward:   268.15
Total T:   87973 | Ep: 1564 | Steps:  245 | Reward:   443.89
Total T:   88151 | Ep: 1565 | Steps:  178 | Reward:   281.54
Total T:   88247 | Ep: 1566 | Steps:   96 | Reward:   167.32
Total T:   88337 | Ep: 1567 | Steps:   90 | Reward:   159.59
Total T:   88626 | Ep: 1568 | Steps:  289 | Reward:   682.14
Total T:   88736 | Ep: 1569 | Steps:  110 | Reward:   188.80
Total T:   88936 | Ep: 1570 | Steps:  200 | Reward:   430.84
Total T:   89049 | Ep: 1571 | Steps:  113 | Reward:   189.99
Total T:   89200 | Ep: 1572 | Steps:  151 | Reward:   305.43
Total T:   89386 | Ep: 1573 | Steps:  186 | Reward:   303.40
Total T:   89497 | Ep: 1574 | Steps:  111 | Reward:   199.99
Total T:   89629 | Ep: 1575 | Steps:  132 | Reward:    86.07
Total T:   89785 | Ep: 1576 | Steps:  156 | Reward:   344.99
Total T:   89993 | Ep: 1577 | Steps:  208 | Reward:   360.31
---------------------------------------
Evaluation over 10 episodes: 447.998
---------------------------------------
Total T:   90129 | Ep: 1578 | Steps:  136 | Reward:   244.65
Total T:   90228 | Ep: 1579 | Steps:   99 | Reward:   188.54
Total T:   90336 | Ep: 1580 | Steps:  108 | Reward:   178.03
Total T:   90520 | Ep: 1581 | Steps:  184 | Reward:   334.32
Total T:   90681 | Ep: 1582 | Steps:  161 | Reward:   320.15
Total T:   90915 | Ep: 1583 | Steps:  234 | Reward:   414.41
Total T:   91090 | Ep: 1584 | Steps:  175 | Reward:   321.66
Total T:   91604 | Ep: 1585 | Steps:  514 | Reward:   917.94
Total T:   91701 | Ep: 1586 | Steps:   97 | Reward:   129.75
Total T:   91844 | Ep: 1587 | Steps:  143 | Reward:   262.92
Total T:   92002 | Ep: 1588 | Steps:  158 | Reward:   305.81
Total T:   92099 | Ep: 1589 | Steps:   97 | Reward:   171.00
Total T:   92241 | Ep: 1590 | Steps:  142 | Reward:    -5.03
Total T:   92394 | Ep: 1591 | Steps:  153 | Reward:   331.53
Total T:   92536 | Ep: 1592 | Steps:  142 | Reward:   285.43
Total T:   92741 | Ep: 1593 | Steps:  205 | Reward:   343.48
Total T:   92936 | Ep: 1594 | Steps:  195 | Reward:   458.28
Total T:   93146 | Ep: 1595 | Steps:  210 | Reward:   435.37
Total T:   93248 | Ep: 1596 | Steps:  102 | Reward:   189.59
Total T:   93399 | Ep: 1597 | Steps:  151 | Reward:   323.22
Total T:   93679 | Ep: 1598 | Steps:  280 | Reward:   287.46
Total T:   93762 | Ep: 1599 | Steps:   83 | Reward:   133.61
Total T:   93835 | Ep: 1600 | Steps:   73 | Reward:    93.02
Total T:   93941 | Ep: 1601 | Steps:  106 | Reward:   177.14
Total T:   94125 | Ep: 1602 | Steps:  184 | Reward:   309.87
Total T:   94280 | Ep: 1603 | Steps:  155 | Reward:   340.87
Total T:   94376 | Ep: 1604 | Steps:   96 | Reward:   155.88
Total T:   94567 | Ep: 1605 | Steps:  191 | Reward:   420.87
Total T:   94961 | Ep: 1606 | Steps:  394 | Reward:   459.08
Total T:   95119 | Ep: 1607 | Steps:  158 | Reward:   286.54
Total T:   95279 | Ep: 1608 | Steps:  160 | Reward:   285.54
Total T:   95521 | Ep: 1609 | Steps:  242 | Reward:   450.86
Total T:   95991 | Ep: 1610 | Steps:  470 | Reward:   676.51
Total T:   96655 | Ep: 1611 | Steps:  664 | Reward:   993.00
Total T:   97017 | Ep: 1612 | Steps:  362 | Reward:   583.32
Total T:   97264 | Ep: 1613 | Steps:  247 | Reward:   474.01
Total T:   97459 | Ep: 1614 | Steps:  195 | Reward:   324.89
Total T:   97744 | Ep: 1615 | Steps:  285 | Reward:   419.79
Total T:   98724 | Ep: 1616 | Steps:  980 | Reward:  1769.67
Total T:   99522 | Ep: 1617 | Steps:  798 | Reward:  1122.88
Total T:   99735 | Ep: 1618 | Steps:  213 | Reward:   375.78
Total T:   99943 | Ep: 1619 | Steps:  208 | Reward:   168.68
---------------------------------------
Evaluation over 10 episodes: 462.307
---------------------------------------
Total T:  100280 | Ep: 1620 | Steps:  337 | Reward:   706.78
Total T:  100527 | Ep: 1621 | Steps:  247 | Reward:   383.44
Total T:  100739 | Ep: 1622 | Steps:  212 | Reward:    78.30
Total T:  101505 | Ep: 1623 | Steps:  766 | Reward:   752.20
Total T:  101736 | Ep: 1624 | Steps:  231 | Reward:   374.10
Total T:  101952 | Ep: 1625 | Steps:  216 | Reward:   473.11
Total T:  102156 | Ep: 1626 | Steps:  204 | Reward:   319.31
Total T:  102439 | Ep: 1627 | Steps:  283 | Reward:   611.23
Total T:  102643 | Ep: 1628 | Steps:  204 | Reward:   380.23
Total T:  102944 | Ep: 1629 | Steps:  301 | Reward:   233.77
Total T:  103455 | Ep: 1630 | Steps:  511 | Reward:   377.44
Total T:  103950 | Ep: 1631 | Steps:  495 | Reward:   623.24
Total T:  104102 | Ep: 1632 | Steps:  152 | Reward:   351.66
Total T:  104271 | Ep: 1633 | Steps:  169 | Reward:   288.40
Total T:  104452 | Ep: 1634 | Steps:  181 | Reward:   407.15
Total T:  104831 | Ep: 1635 | Steps:  379 | Reward:   352.21
Total T:  105276 | Ep: 1636 | Steps:  445 | Reward:   524.66
Total T:  105510 | Ep: 1637 | Steps:  234 | Reward:   478.06
Total T:  105667 | Ep: 1638 | Steps:  157 | Reward:   271.67
Total T:  105863 | Ep: 1639 | Steps:  196 | Reward:   398.05
Total T:  106110 | Ep: 1640 | Steps:  247 | Reward:   603.59
Total T:  106355 | Ep: 1641 | Steps:  245 | Reward:   494.11
Total T:  107332 | Ep: 1642 | Steps:  977 | Reward:  1387.17
Total T:  107511 | Ep: 1643 | Steps:  179 | Reward:   319.05
Total T:  107819 | Ep: 1644 | Steps:  308 | Reward:   515.79
Total T:  108004 | Ep: 1645 | Steps:  185 | Reward:   488.68
Total T:  108175 | Ep: 1646 | Steps:  171 | Reward:   324.06
Total T:  108337 | Ep: 1647 | Steps:  162 | Reward:   304.23
Total T:  108554 | Ep: 1648 | Steps:  217 | Reward:   472.34
Total T:  108755 | Ep: 1649 | Steps:  201 | Reward:   514.76
Total T:  109077 | Ep: 1650 | Steps:  322 | Reward:   209.78
Total T:  109280 | Ep: 1651 | Steps:  203 | Reward:   467.07
Total T:  109424 | Ep: 1652 | Steps:  144 | Reward:   233.35
Total T:  109560 | Ep: 1653 | Steps:  136 | Reward:   268.07
Total T:  109702 | Ep: 1654 | Steps:  142 | Reward:   256.61
Total T:  109959 | Ep: 1655 | Steps:  257 | Reward:   565.67
---------------------------------------
Evaluation over 10 episodes: 348.204
---------------------------------------
Total T:  110224 | Ep: 1656 | Steps:  265 | Reward:   613.94
Total T:  110497 | Ep: 1657 | Steps:  273 | Reward:   625.02
Total T:  110714 | Ep: 1658 | Steps:  217 | Reward:   574.58
Total T:  110982 | Ep: 1659 | Steps:  268 | Reward:   459.06
Total T:  111187 | Ep: 1660 | Steps:  205 | Reward:   425.40
Total T:  111364 | Ep: 1661 | Steps:  177 | Reward:   432.81
Total T:  111650 | Ep: 1662 | Steps:  286 | Reward:   653.44
Total T:  111943 | Ep: 1663 | Steps:  293 | Reward:   541.82
Total T:  112093 | Ep: 1664 | Steps:  150 | Reward:   277.34
Total T:  112340 | Ep: 1665 | Steps:  247 | Reward:   533.89
Total T:  112525 | Ep: 1666 | Steps:  185 | Reward:   344.49
Total T:  112745 | Ep: 1667 | Steps:  220 | Reward:   531.57
Total T:  112874 | Ep: 1668 | Steps:  129 | Reward:   220.47
Total T:  113039 | Ep: 1669 | Steps:  165 | Reward:   295.07
Total T:  113293 | Ep: 1670 | Steps:  254 | Reward:   448.99
Total T:  113481 | Ep: 1671 | Steps:  188 | Reward:   441.22
Total T:  113656 | Ep: 1672 | Steps:  175 | Reward:   332.89
Total T:  113992 | Ep: 1673 | Steps:  336 | Reward:   479.05
Total T:  114144 | Ep: 1674 | Steps:  152 | Reward:   328.05
Total T:  114402 | Ep: 1675 | Steps:  258 | Reward:   556.89
Total T:  114559 | Ep: 1676 | Steps:  157 | Reward:   262.04
Total T:  114700 | Ep: 1677 | Steps:  141 | Reward:   241.29
Total T:  114952 | Ep: 1678 | Steps:  252 | Reward:   514.09
Total T:  115121 | Ep: 1679 | Steps:  169 | Reward:   324.15
Total T:  115527 | Ep: 1680 | Steps:  406 | Reward:  1028.46
Total T:  115789 | Ep: 1681 | Steps:  262 | Reward:   326.51
Total T:  115910 | Ep: 1682 | Steps:  121 | Reward:   214.63
Total T:  116029 | Ep: 1683 | Steps:  119 | Reward:   249.21
Total T:  116192 | Ep: 1684 | Steps:  163 | Reward:   350.05
Total T:  116840 | Ep: 1685 | Steps:  648 | Reward:   756.86
Total T:  116996 | Ep: 1686 | Steps:  156 | Reward:   309.07
Total T:  117114 | Ep: 1687 | Steps:  118 | Reward:   211.75
Total T:  117312 | Ep: 1688 | Steps:  198 | Reward:   353.67
Total T:  117457 | Ep: 1689 | Steps:  145 | Reward:   300.56
Total T:  117616 | Ep: 1690 | Steps:  159 | Reward:   293.07
Total T:  117767 | Ep: 1691 | Steps:  151 | Reward:   291.66
Total T:  117945 | Ep: 1692 | Steps:  178 | Reward:   357.98
Total T:  118159 | Ep: 1693 | Steps:  214 | Reward:   433.12
Total T:  118298 | Ep: 1694 | Steps:  139 | Reward:   279.36
Total T:  118515 | Ep: 1695 | Steps:  217 | Reward:   520.60
Total T:  118618 | Ep: 1696 | Steps:  103 | Reward:   182.26
Total T:  119140 | Ep: 1697 | Steps:  522 | Reward:   775.17
Total T:  119310 | Ep: 1698 | Steps:  170 | Reward:   332.17
Total T:  119449 | Ep: 1699 | Steps:  139 | Reward:   233.06
Total T:  119623 | Ep: 1700 | Steps:  174 | Reward:   379.22
Total T:  119868 | Ep: 1701 | Steps:  245 | Reward:    27.60
Total T:  119997 | Ep: 1702 | Steps:  129 | Reward:   250.28
---------------------------------------
Evaluation over 10 episodes: 386.200
---------------------------------------
Total T:  120193 | Ep: 1703 | Steps:  196 | Reward:   372.73
Total T:  120376 | Ep: 1704 | Steps:  183 | Reward:   450.51
Total T:  120479 | Ep: 1705 | Steps:  103 | Reward:   170.62
Total T:  120655 | Ep: 1706 | Steps:  176 | Reward:   408.88
Total T:  120863 | Ep: 1707 | Steps:  208 | Reward:   496.89
Total T:  121073 | Ep: 1708 | Steps:  210 | Reward:   432.32
Total T:  121281 | Ep: 1709 | Steps:  208 | Reward:   446.65
Total T:  121571 | Ep: 1710 | Steps:  290 | Reward:   480.10
Total T:  121703 | Ep: 1711 | Steps:  132 | Reward:   254.46
Total T:  121904 | Ep: 1712 | Steps:  201 | Reward:   389.82
Total T:  122041 | Ep: 1713 | Steps:  137 | Reward:   249.96
Total T:  122310 | Ep: 1714 | Steps:  269 | Reward:   592.89
Total T:  122444 | Ep: 1715 | Steps:  134 | Reward:   290.34
Total T:  122619 | Ep: 1716 | Steps:  175 | Reward:   344.80
Total T:  122850 | Ep: 1717 | Steps:  231 | Reward:   468.89
Total T:  123059 | Ep: 1718 | Steps:  209 | Reward:   431.11
Total T:  123178 | Ep: 1719 | Steps:  119 | Reward:   225.95
Total T:  123354 | Ep: 1720 | Steps:  176 | Reward:   364.65
Total T:  123617 | Ep: 1721 | Steps:  263 | Reward:   546.90
Total T:  123822 | Ep: 1722 | Steps:  205 | Reward:   442.31
Total T:  123978 | Ep: 1723 | Steps:  156 | Reward:   336.50
Total T:  124101 | Ep: 1724 | Steps:  123 | Reward:   260.30
Total T:  124242 | Ep: 1725 | Steps:  141 | Reward:   280.23
Total T:  124446 | Ep: 1726 | Steps:  204 | Reward:   451.64
Total T:  124639 | Ep: 1727 | Steps:  193 | Reward:   407.99
Total T:  124794 | Ep: 1728 | Steps:  155 | Reward:   339.52
Total T:  125056 | Ep: 1729 | Steps:  262 | Reward:   599.81
Total T:  125436 | Ep: 1730 | Steps:  380 | Reward:  1120.76
Total T:  125718 | Ep: 1731 | Steps:  282 | Reward:   606.44
Total T:  125903 | Ep: 1732 | Steps:  185 | Reward:   430.77
Total T:  126097 | Ep: 1733 | Steps:  194 | Reward:   413.47
Total T:  126323 | Ep: 1734 | Steps:  226 | Reward:   427.79
Total T:  126484 | Ep: 1735 | Steps:  161 | Reward:   293.50
Total T:  126697 | Ep: 1736 | Steps:  213 | Reward:   458.97
Total T:  127054 | Ep: 1737 | Steps:  357 | Reward:   470.83
Total T:  127169 | Ep: 1738 | Steps:  115 | Reward:   174.59
Total T:  127367 | Ep: 1739 | Steps:  198 | Reward:   436.51
Total T:  127547 | Ep: 1740 | Steps:  180 | Reward:   442.60
Total T:  127734 | Ep: 1741 | Steps:  187 | Reward:   425.53
Total T:  127945 | Ep: 1742 | Steps:  211 | Reward:   431.95
Total T:  128152 | Ep: 1743 | Steps:  207 | Reward:   393.12
Total T:  128362 | Ep: 1744 | Steps:  210 | Reward:   481.30
Total T:  128553 | Ep: 1745 | Steps:  191 | Reward:   401.24
Total T:  128743 | Ep: 1746 | Steps:  190 | Reward:   419.61
Total T:  128913 | Ep: 1747 | Steps:  170 | Reward:   362.21
Total T:  129078 | Ep: 1748 | Steps:  165 | Reward:   410.09
Total T:  129190 | Ep: 1749 | Steps:  112 | Reward:   210.68
Total T:  129377 | Ep: 1750 | Steps:  187 | Reward:   430.83
Total T:  129574 | Ep: 1751 | Steps:  197 | Reward:   492.32
Total T:  129779 | Ep: 1752 | Steps:  205 | Reward:   484.17
Total T:  129963 | Ep: 1753 | Steps:  184 | Reward:   394.75
---------------------------------------
Evaluation over 10 episodes: 541.274
---------------------------------------
Total T:  130215 | Ep: 1754 | Steps:  252 | Reward:   632.03
Total T:  130423 | Ep: 1755 | Steps:  208 | Reward:   572.93
Total T:  130703 | Ep: 1756 | Steps:  280 | Reward:   526.75
Total T:  130943 | Ep: 1757 | Steps:  240 | Reward:   617.14
Total T:  131191 | Ep: 1758 | Steps:  248 | Reward:   633.13
Total T:  131472 | Ep: 1759 | Steps:  281 | Reward:   648.69
Total T:  131705 | Ep: 1760 | Steps:  233 | Reward:   613.36
Total T:  131887 | Ep: 1761 | Steps:  182 | Reward:   407.15
Total T:  132091 | Ep: 1762 | Steps:  204 | Reward:   516.78
Total T:  132327 | Ep: 1763 | Steps:  236 | Reward:   595.79
Total T:  132599 | Ep: 1764 | Steps:  272 | Reward:   634.56
Total T:  132858 | Ep: 1765 | Steps:  259 | Reward:   640.51
Total T:  133065 | Ep: 1766 | Steps:  207 | Reward:   557.36
Total T:  133296 | Ep: 1767 | Steps:  231 | Reward:   338.49
Total T:  133531 | Ep: 1768 | Steps:  235 | Reward:   589.58
Total T:  133755 | Ep: 1769 | Steps:  224 | Reward:   576.28
Total T:  134026 | Ep: 1770 | Steps:  271 | Reward:   678.03
Total T:  134220 | Ep: 1771 | Steps:  194 | Reward:   428.83
Total T:  134522 | Ep: 1772 | Steps:  302 | Reward:   706.40
Total T:  134767 | Ep: 1773 | Steps:  245 | Reward:   607.97
Total T:  134932 | Ep: 1774 | Steps:  165 | Reward:   341.22
Total T:  135202 | Ep: 1775 | Steps:  270 | Reward:   678.21
Total T:  135458 | Ep: 1776 | Steps:  256 | Reward:   627.18
Total T:  135697 | Ep: 1777 | Steps:  239 | Reward:   623.68
Total T:  135989 | Ep: 1778 | Steps:  292 | Reward:   687.64
Total T:  136205 | Ep: 1779 | Steps:  216 | Reward:   550.65
Total T:  136286 | Ep: 1780 | Steps:   81 | Reward:   151.53
Total T:  136517 | Ep: 1781 | Steps:  231 | Reward:   365.23
Total T:  136775 | Ep: 1782 | Steps:  258 | Reward:   641.19
Total T:  136966 | Ep: 1783 | Steps:  191 | Reward:   431.68
Total T:  137215 | Ep: 1784 | Steps:  249 | Reward:   645.11
Total T:  137528 | Ep: 1785 | Steps:  313 | Reward:   686.73
Total T:  137813 | Ep: 1786 | Steps:  285 | Reward:   691.31
Total T:  137968 | Ep: 1787 | Steps:  155 | Reward:   328.29
Total T:  138266 | Ep: 1788 | Steps:  298 | Reward:   703.90
Total T:  138508 | Ep: 1789 | Steps:  242 | Reward:   623.18
Total T:  138739 | Ep: 1790 | Steps:  231 | Reward:   560.92
Total T:  139014 | Ep: 1791 | Steps:  275 | Reward:   691.54
Total T:  139352 | Ep: 1792 | Steps:  338 | Reward:   615.22
Total T:  139626 | Ep: 1793 | Steps:  274 | Reward:   673.34
Total T:  139823 | Ep: 1794 | Steps:  197 | Reward:   518.69
---------------------------------------
Evaluation over 10 episodes: 606.858
---------------------------------------
Total T:  140081 | Ep: 1795 | Steps:  258 | Reward:   639.92
Total T:  140354 | Ep: 1796 | Steps:  273 | Reward:   660.66
Total T:  140690 | Ep: 1797 | Steps:  336 | Reward:   137.86
Total T:  140886 | Ep: 1798 | Steps:  196 | Reward:   522.11
Total T:  141213 | Ep: 1799 | Steps:  327 | Reward:   722.50
Total T:  141441 | Ep: 1800 | Steps:  228 | Reward:   573.45
Total T:  141690 | Ep: 1801 | Steps:  249 | Reward:   651.88
Total T:  141910 | Ep: 1802 | Steps:  220 | Reward:   544.26
Total T:  142101 | Ep: 1803 | Steps:  191 | Reward:   465.69
Total T:  142350 | Ep: 1804 | Steps:  249 | Reward:   601.79
Total T:  142617 | Ep: 1805 | Steps:  267 | Reward:   706.71
Total T:  142865 | Ep: 1806 | Steps:  248 | Reward:   564.36
Total T:  143095 | Ep: 1807 | Steps:  230 | Reward:   601.91
Total T:  143318 | Ep: 1808 | Steps:  223 | Reward:   557.62
Total T:  143558 | Ep: 1809 | Steps:  240 | Reward:   564.16
Total T:  143815 | Ep: 1810 | Steps:  257 | Reward:   651.94
Total T:  144031 | Ep: 1811 | Steps:  216 | Reward:   541.14
Total T:  144249 | Ep: 1812 | Steps:  218 | Reward:   572.41
Total T:  144401 | Ep: 1813 | Steps:  152 | Reward:   406.05
Total T:  144597 | Ep: 1814 | Steps:  196 | Reward:   531.80
Total T:  144821 | Ep: 1815 | Steps:  224 | Reward:   406.83
Total T:  145060 | Ep: 1816 | Steps:  239 | Reward:   608.50
Total T:  145595 | Ep: 1817 | Steps:  535 | Reward:  1018.19
Total T:  145907 | Ep: 1818 | Steps:  312 | Reward:   845.67
Total T:  146411 | Ep: 1819 | Steps:  504 | Reward:  1242.38
Total T:  146642 | Ep: 1820 | Steps:  231 | Reward:   602.33
Total T:  146917 | Ep: 1821 | Steps:  275 | Reward:   675.05
Total T:  147257 | Ep: 1822 | Steps:  340 | Reward:   889.15
Total T:  147674 | Ep: 1823 | Steps:  417 | Reward:  1132.62
Total T:  147984 | Ep: 1824 | Steps:  310 | Reward:   842.56
Total T:  148244 | Ep: 1825 | Steps:  260 | Reward:   672.86
Total T:  148326 | Ep: 1826 | Steps:   82 | Reward:   174.63
Total T:  148613 | Ep: 1827 | Steps:  287 | Reward:   848.85
Total T:  148873 | Ep: 1828 | Steps:  260 | Reward:   579.01
Total T:  149129 | Ep: 1829 | Steps:  256 | Reward:   644.16
Total T:  149350 | Ep: 1830 | Steps:  221 | Reward:   564.92
Total T:  149616 | Ep: 1831 | Steps:  266 | Reward:   670.62
Total T:  149822 | Ep: 1832 | Steps:  206 | Reward:   572.32
---------------------------------------
Evaluation over 10 episodes: 1233.513
---------------------------------------
Total T:  150107 | Ep: 1833 | Steps:  285 | Reward:   900.07
Total T:  150332 | Ep: 1834 | Steps:  225 | Reward:   601.41
Total T:  150599 | Ep: 1835 | Steps:  267 | Reward:   689.32
Total T:  150885 | Ep: 1836 | Steps:  286 | Reward:   734.56
Total T:  151154 | Ep: 1837 | Steps:  269 | Reward:   800.83
Total T:  151398 | Ep: 1838 | Steps:  244 | Reward:   622.00
Total T:  151656 | Ep: 1839 | Steps:  258 | Reward:   732.96
Total T:  151936 | Ep: 1840 | Steps:  280 | Reward:   804.61
Total T:  152214 | Ep: 1841 | Steps:  278 | Reward:   883.89
Total T:  152473 | Ep: 1842 | Steps:  259 | Reward:   700.72
Total T:  152947 | Ep: 1843 | Steps:  474 | Reward:  1295.19
Total T:  153248 | Ep: 1844 | Steps:  301 | Reward:   717.22
Total T:  153504 | Ep: 1845 | Steps:  256 | Reward:   733.12
Total T:  153750 | Ep: 1846 | Steps:  246 | Reward:   643.64
Total T:  153956 | Ep: 1847 | Steps:  206 | Reward:   572.69
Total T:  154086 | Ep: 1848 | Steps:  130 | Reward:   328.97
Total T:  154317 | Ep: 1849 | Steps:  231 | Reward:   598.69
Total T:  154798 | Ep: 1850 | Steps:  481 | Reward:  1391.42
Total T:  155030 | Ep: 1851 | Steps:  232 | Reward:   701.16
Total T:  155257 | Ep: 1852 | Steps:  227 | Reward:   602.80
Total T:  155464 | Ep: 1853 | Steps:  207 | Reward:   598.73
Total T:  155884 | Ep: 1854 | Steps:  420 | Reward:  1281.03
Total T:  156122 | Ep: 1855 | Steps:  238 | Reward:   699.86
Total T:  156375 | Ep: 1856 | Steps:  253 | Reward:   633.68
Total T:  156517 | Ep: 1857 | Steps:  142 | Reward:   393.03
Total T:  156674 | Ep: 1858 | Steps:  157 | Reward:   450.75
Total T:  156893 | Ep: 1859 | Steps:  219 | Reward:   592.23
Total T:  157136 | Ep: 1860 | Steps:  243 | Reward:   655.17
Total T:  157347 | Ep: 1861 | Steps:  211 | Reward:   587.21
Total T:  157543 | Ep: 1862 | Steps:  196 | Reward:   561.61
Total T:  157748 | Ep: 1863 | Steps:  205 | Reward:   563.48
Total T:  157964 | Ep: 1864 | Steps:  216 | Reward:   571.80
Total T:  158167 | Ep: 1865 | Steps:  203 | Reward:   569.95
Total T:  158297 | Ep: 1866 | Steps:  130 | Reward:   363.54
Total T:  158512 | Ep: 1867 | Steps:  215 | Reward:   571.11
Total T:  158846 | Ep: 1868 | Steps:  334 | Reward:  1106.85
Total T:  159054 | Ep: 1869 | Steps:  208 | Reward:   577.35
Total T:  159268 | Ep: 1870 | Steps:  214 | Reward:   590.47
Total T:  159470 | Ep: 1871 | Steps:  202 | Reward:   544.93
Total T:  159679 | Ep: 1872 | Steps:  209 | Reward:   578.50
Total T:  159899 | Ep: 1873 | Steps:  220 | Reward:   608.36
---------------------------------------
Evaluation over 10 episodes: 615.602
---------------------------------------
Total T:  160107 | Ep: 1874 | Steps:  208 | Reward:   563.74
Total T:  160328 | Ep: 1875 | Steps:  221 | Reward:   601.58
Total T:  160457 | Ep: 1876 | Steps:  129 | Reward:   338.42
Total T:  160680 | Ep: 1877 | Steps:  223 | Reward:   608.42
Total T:  160891 | Ep: 1878 | Steps:  211 | Reward:   576.10
Total T:  161088 | Ep: 1879 | Steps:  197 | Reward:   549.63
Total T:  161298 | Ep: 1880 | Steps:  210 | Reward:   624.20
Total T:  161542 | Ep: 1881 | Steps:  244 | Reward:   692.66
Total T:  161745 | Ep: 1882 | Steps:  203 | Reward:   572.69
Total T:  161981 | Ep: 1883 | Steps:  236 | Reward:   695.94
Total T:  162215 | Ep: 1884 | Steps:  234 | Reward:   643.92
Total T:  162420 | Ep: 1885 | Steps:  205 | Reward:   595.59
Total T:  162597 | Ep: 1886 | Steps:  177 | Reward:   493.93
Total T:  162833 | Ep: 1887 | Steps:  236 | Reward:   682.41
Total T:  163037 | Ep: 1888 | Steps:  204 | Reward:   564.70
Total T:  163246 | Ep: 1889 | Steps:  209 | Reward:   595.63
Total T:  163432 | Ep: 1890 | Steps:  186 | Reward:   527.25
Total T:  163676 | Ep: 1891 | Steps:  244 | Reward:   756.86
Total T:  163854 | Ep: 1892 | Steps:  178 | Reward:   481.61
Total T:  164070 | Ep: 1893 | Steps:  216 | Reward:   639.44
Total T:  164271 | Ep: 1894 | Steps:  201 | Reward:   565.96
Total T:  164528 | Ep: 1895 | Steps:  257 | Reward:   662.52
Total T:  164746 | Ep: 1896 | Steps:  218 | Reward:   586.37
Total T:  164976 | Ep: 1897 | Steps:  230 | Reward:   649.89
Total T:  165211 | Ep: 1898 | Steps:  235 | Reward:   705.47
Total T:  165367 | Ep: 1899 | Steps:  156 | Reward:   418.81
Total T:  165616 | Ep: 1900 | Steps:  249 | Reward:   753.98
Total T:  165842 | Ep: 1901 | Steps:  226 | Reward:   669.51
Total T:  166049 | Ep: 1902 | Steps:  207 | Reward:   615.67
Total T:  166246 | Ep: 1903 | Steps:  197 | Reward:   545.35
Total T:  166436 | Ep: 1904 | Steps:  190 | Reward:   561.42
Total T:  166664 | Ep: 1905 | Steps:  228 | Reward:   655.95
Total T:  166905 | Ep: 1906 | Steps:  241 | Reward:   731.29
Total T:  167158 | Ep: 1907 | Steps:  253 | Reward:   754.54
Total T:  167394 | Ep: 1908 | Steps:  236 | Reward:   691.62
Total T:  167616 | Ep: 1909 | Steps:  222 | Reward:   648.67
Total T:  167829 | Ep: 1910 | Steps:  213 | Reward:   578.72
Total T:  168082 | Ep: 1911 | Steps:  253 | Reward:   655.82
Total T:  168267 | Ep: 1912 | Steps:  185 | Reward:   519.04
Total T:  168504 | Ep: 1913 | Steps:  237 | Reward:   712.02
Total T:  168722 | Ep: 1914 | Steps:  218 | Reward:   623.07
Total T:  168945 | Ep: 1915 | Steps:  223 | Reward:   628.98
Total T:  169154 | Ep: 1916 | Steps:  209 | Reward:   577.81
Total T:  169363 | Ep: 1917 | Steps:  209 | Reward:   619.58
Total T:  169518 | Ep: 1918 | Steps:  155 | Reward:   436.68
Total T:  169743 | Ep: 1919 | Steps:  225 | Reward:   621.05
Total T:  169983 | Ep: 1920 | Steps:  240 | Reward:   733.90
---------------------------------------
Evaluation over 10 episodes: 597.742
---------------------------------------
Total T:  170143 | Ep: 1921 | Steps:  160 | Reward:   446.79
Total T:  170315 | Ep: 1922 | Steps:  172 | Reward:   467.99
Total T:  170484 | Ep: 1923 | Steps:  169 | Reward:   481.62
Total T:  170718 | Ep: 1924 | Steps:  234 | Reward:   691.74
Total T:  170877 | Ep: 1925 | Steps:  159 | Reward:   457.19
Total T:  171120 | Ep: 1926 | Steps:  243 | Reward:   647.16
Total T:  171355 | Ep: 1927 | Steps:  235 | Reward:   715.59
Total T:  171576 | Ep: 1928 | Steps:  221 | Reward:   634.53
Total T:  171746 | Ep: 1929 | Steps:  170 | Reward:   473.13
Total T:  171972 | Ep: 1930 | Steps:  226 | Reward:   620.68
Total T:  172224 | Ep: 1931 | Steps:  252 | Reward:   753.28
Total T:  172443 | Ep: 1932 | Steps:  219 | Reward:   580.72
Total T:  172745 | Ep: 1933 | Steps:  302 | Reward:   793.59
Total T:  172986 | Ep: 1934 | Steps:  241 | Reward:   653.70
Total T:  173214 | Ep: 1935 | Steps:  228 | Reward:   621.56
Total T:  173437 | Ep: 1936 | Steps:  223 | Reward:   635.77
Total T:  173682 | Ep: 1937 | Steps:  245 | Reward:   651.92
Total T:  173876 | Ep: 1938 | Steps:  194 | Reward:   551.46
Total T:  174088 | Ep: 1939 | Steps:  212 | Reward:   593.29
Total T:  174252 | Ep: 1940 | Steps:  164 | Reward:   471.45
Total T:  174419 | Ep: 1941 | Steps:  167 | Reward:   469.94
Total T:  174643 | Ep: 1942 | Steps:  224 | Reward:   694.19
Total T:  174870 | Ep: 1943 | Steps:  227 | Reward:   616.14
Total T:  175094 | Ep: 1944 | Steps:  224 | Reward:   614.11
Total T:  175308 | Ep: 1945 | Steps:  214 | Reward:   600.69
Total T:  175563 | Ep: 1946 | Steps:  255 | Reward:   687.28
Total T:  175793 | Ep: 1947 | Steps:  230 | Reward:   630.51
Total T:  176046 | Ep: 1948 | Steps:  253 | Reward:   728.39
Total T:  176266 | Ep: 1949 | Steps:  220 | Reward:   606.25
Total T:  176469 | Ep: 1950 | Steps:  203 | Reward:   561.11
Total T:  176687 | Ep: 1951 | Steps:  218 | Reward:   604.47
Total T:  176868 | Ep: 1952 | Steps:  181 | Reward:   516.76
Total T:  177122 | Ep: 1953 | Steps:  254 | Reward:   719.18
Total T:  177361 | Ep: 1954 | Steps:  239 | Reward:   688.54
Total T:  177724 | Ep: 1955 | Steps:  363 | Reward:  1207.49
Total T:  177934 | Ep: 1956 | Steps:  210 | Reward:   573.62
Total T:  178162 | Ep: 1957 | Steps:  228 | Reward:   639.89
Total T:  178422 | Ep: 1958 | Steps:  260 | Reward:   742.45
Total T:  178647 | Ep: 1959 | Steps:  225 | Reward:   668.55
Total T:  178882 | Ep: 1960 | Steps:  235 | Reward:   634.31
Total T:  179055 | Ep: 1961 | Steps:  173 | Reward:   489.33
Total T:  179264 | Ep: 1962 | Steps:  209 | Reward:   583.84
Total T:  179485 | Ep: 1963 | Steps:  221 | Reward:   599.25
Total T:  179717 | Ep: 1964 | Steps:  232 | Reward:   630.39
Total T:  179961 | Ep: 1965 | Steps:  244 | Reward:   671.78
---------------------------------------
Evaluation over 10 episodes: 690.850
---------------------------------------
Total T:  180198 | Ep: 1966 | Steps:  237 | Reward:   676.99
Total T:  180371 | Ep: 1967 | Steps:  173 | Reward:   480.46
Total T:  180605 | Ep: 1968 | Steps:  234 | Reward:   612.96
Total T:  180825 | Ep: 1969 | Steps:  220 | Reward:   667.18
Total T:  181063 | Ep: 1970 | Steps:  238 | Reward:   670.52
Total T:  181287 | Ep: 1971 | Steps:  224 | Reward:   620.64
Total T:  181531 | Ep: 1972 | Steps:  244 | Reward:   691.95
Total T:  181679 | Ep: 1973 | Steps:  148 | Reward:   396.03
Total T:  181940 | Ep: 1974 | Steps:  261 | Reward:   712.65
Total T:  182252 | Ep: 1975 | Steps:  312 | Reward:   908.83
Total T:  182527 | Ep: 1976 | Steps:  275 | Reward:   796.26
Total T:  182748 | Ep: 1977 | Steps:  221 | Reward:   615.36
Total T:  183025 | Ep: 1978 | Steps:  277 | Reward:   711.88
Total T:  183244 | Ep: 1979 | Steps:  219 | Reward:   597.05
Total T:  183516 | Ep: 1980 | Steps:  272 | Reward:   721.13
Total T:  183794 | Ep: 1981 | Steps:  278 | Reward:   776.44
Total T:  184052 | Ep: 1982 | Steps:  258 | Reward:   697.04
Total T:  184242 | Ep: 1983 | Steps:  190 | Reward:   533.60
Total T:  184481 | Ep: 1984 | Steps:  239 | Reward:   661.82
Total T:  184721 | Ep: 1985 | Steps:  240 | Reward:   664.38
Total T:  184983 | Ep: 1986 | Steps:  262 | Reward:   754.26
Total T:  185224 | Ep: 1987 | Steps:  241 | Reward:   677.24
Total T:  185416 | Ep: 1988 | Steps:  192 | Reward:   541.83
Total T:  185596 | Ep: 1989 | Steps:  180 | Reward:   494.94
Total T:  185821 | Ep: 1990 | Steps:  225 | Reward:   637.95
Total T:  185992 | Ep: 1991 | Steps:  171 | Reward:   463.17
Total T:  186329 | Ep: 1992 | Steps:  337 | Reward:   793.49
Total T:  186651 | Ep: 1993 | Steps:  322 | Reward:   884.38
Total T:  186827 | Ep: 1994 | Steps:  176 | Reward:   481.07
Total T:  187052 | Ep: 1995 | Steps:  225 | Reward:   596.80
Total T:  187286 | Ep: 1996 | Steps:  234 | Reward:   622.17
Total T:  187501 | Ep: 1997 | Steps:  215 | Reward:   489.75
Total T:  187937 | Ep: 1998 | Steps:  436 | Reward:  1388.96
Total T:  188156 | Ep: 1999 | Steps:  219 | Reward:   576.45
Total T:  188606 | Ep: 2000 | Steps:  450 | Reward:  1267.68
Total T:  188856 | Ep: 2001 | Steps:  250 | Reward:   707.49
Total T:  189355 | Ep: 2002 | Steps:  499 | Reward:  1340.43
Total T:  189657 | Ep: 2003 | Steps:  302 | Reward:   753.60
---------------------------------------
Evaluation over 10 episodes: 857.922
---------------------------------------
Total T:  190085 | Ep: 2004 | Steps:  428 | Reward:  1269.69
Total T:  190680 | Ep: 2005 | Steps:  595 | Reward:  1179.10
Total T:  190995 | Ep: 2006 | Steps:  315 | Reward:   938.01
Total T:  191216 | Ep: 2007 | Steps:  221 | Reward:   588.07
Total T:  191585 | Ep: 2008 | Steps:  369 | Reward:  1054.61
Total T:  191916 | Ep: 2009 | Steps:  331 | Reward:   885.87
Total T:  192157 | Ep: 2010 | Steps:  241 | Reward:   649.66
Total T:  192324 | Ep: 2011 | Steps:  167 | Reward:   468.38
Total T:  192644 | Ep: 2012 | Steps:  320 | Reward:   705.38
Total T:  192891 | Ep: 2013 | Steps:  247 | Reward:   672.46
Total T:  193178 | Ep: 2014 | Steps:  287 | Reward:   796.98
Total T:  193549 | Ep: 2015 | Steps:  371 | Reward:  1039.23
Total T:  193976 | Ep: 2016 | Steps:  427 | Reward:  1107.16
Total T:  194230 | Ep: 2017 | Steps:  254 | Reward:   727.19
Total T:  194403 | Ep: 2018 | Steps:  173 | Reward:   479.12
Total T:  194712 | Ep: 2019 | Steps:  309 | Reward:   782.83
Total T:  195218 | Ep: 2020 | Steps:  506 | Reward:  1419.18
Total T:  195932 | Ep: 2021 | Steps:  714 | Reward:  2258.43
Total T:  196118 | Ep: 2022 | Steps:  186 | Reward:   539.12
Total T:  196498 | Ep: 2023 | Steps:  380 | Reward:   556.37
Total T:  196935 | Ep: 2024 | Steps:  437 | Reward:  1164.91
Total T:  197407 | Ep: 2025 | Steps:  472 | Reward:  1136.87
Total T:  197887 | Ep: 2026 | Steps:  480 | Reward:  1414.44
Total T:  198170 | Ep: 2027 | Steps:  283 | Reward:   785.89
Total T:  198334 | Ep: 2028 | Steps:  164 | Reward:   435.09
Total T:  198859 | Ep: 2029 | Steps:  525 | Reward:  1426.71
Total T:  199097 | Ep: 2030 | Steps:  238 | Reward:   624.47
Total T:  199337 | Ep: 2031 | Steps:  240 | Reward:   643.04
Total T:  199505 | Ep: 2032 | Steps:  168 | Reward:   483.54
Total T:  199944 | Ep: 2033 | Steps:  439 | Reward:  1213.01
---------------------------------------
Evaluation over 10 episodes: 899.646
---------------------------------------
Total T:  200149 | Ep: 2034 | Steps:  205 | Reward:   621.26
Total T:  200398 | Ep: 2035 | Steps:  249 | Reward:   725.66
Total T:  200579 | Ep: 2036 | Steps:  181 | Reward:   512.34
Total T:  200860 | Ep: 2037 | Steps:  281 | Reward:   806.30
Total T:  201149 | Ep: 2038 | Steps:  289 | Reward:   801.73
Total T:  201679 | Ep: 2039 | Steps:  530 | Reward:  1469.16
Total T:  201871 | Ep: 2040 | Steps:  192 | Reward:   540.35
Total T:  202375 | Ep: 2041 | Steps:  504 | Reward:  1467.08
Total T:  202687 | Ep: 2042 | Steps:  312 | Reward:   894.35
Total T:  203142 | Ep: 2043 | Steps:  455 | Reward:  1299.66
Total T:  203448 | Ep: 2044 | Steps:  306 | Reward:   841.79
Total T:  203692 | Ep: 2045 | Steps:  244 | Reward:   744.98
Total T:  203866 | Ep: 2046 | Steps:  174 | Reward:   505.62
Total T:  204282 | Ep: 2047 | Steps:  416 | Reward:  1115.20
Total T:  204551 | Ep: 2048 | Steps:  269 | Reward:   766.13
Total T:  204933 | Ep: 2049 | Steps:  382 | Reward:  1263.52
Total T:  205035 | Ep: 2050 | Steps:  102 | Reward:   249.53
Total T:  205139 | Ep: 2051 | Steps:  104 | Reward:   254.79
Total T:  206018 | Ep: 2052 | Steps:  879 | Reward:  2609.31
Total T:  206639 | Ep: 2053 | Steps:  621 | Reward:  1705.85
Total T:  206736 | Ep: 2054 | Steps:   97 | Reward:   215.85
Total T:  207034 | Ep: 2055 | Steps:  298 | Reward:   828.89
Total T:  207290 | Ep: 2056 | Steps:  256 | Reward:   802.60
Total T:  207409 | Ep: 2057 | Steps:  119 | Reward:   282.91
Total T:  207526 | Ep: 2058 | Steps:  117 | Reward:   285.59
Total T:  207711 | Ep: 2059 | Steps:  185 | Reward:   559.80
Total T:  207839 | Ep: 2060 | Steps:  128 | Reward:   304.99
Total T:  208221 | Ep: 2061 | Steps:  382 | Reward:  1098.30
Total T:  208696 | Ep: 2062 | Steps:  475 | Reward:  1266.14
Total T:  208987 | Ep: 2063 | Steps:  291 | Reward:   854.13
Total T:  209283 | Ep: 2064 | Steps:  296 | Reward:   844.99
Total T:  209526 | Ep: 2065 | Steps:  243 | Reward:   723.97
Total T:  209884 | Ep: 2066 | Steps:  358 | Reward:  1028.06
---------------------------------------
Evaluation over 10 episodes: 1061.024
---------------------------------------
Total T:  210124 | Ep: 2067 | Steps:  240 | Reward:   598.86
Total T:  210440 | Ep: 2068 | Steps:  316 | Reward:   871.03
Total T:  210728 | Ep: 2069 | Steps:  288 | Reward:   823.74
Total T:  211049 | Ep: 2070 | Steps:  321 | Reward:   921.23
Total T:  211450 | Ep: 2071 | Steps:  401 | Reward:  1125.91
Total T:  212033 | Ep: 2072 | Steps:  583 | Reward:  1597.97
Total T:  212216 | Ep: 2073 | Steps:  183 | Reward:   480.27
Total T:  212402 | Ep: 2074 | Steps:  186 | Reward:   502.33
Total T:  212773 | Ep: 2075 | Steps:  371 | Reward:  1102.89
Total T:  212942 | Ep: 2076 | Steps:  169 | Reward:   534.39
Total T:  213053 | Ep: 2077 | Steps:  111 | Reward:   273.76
Total T:  213157 | Ep: 2078 | Steps:  104 | Reward:   260.70
Total T:  213608 | Ep: 2079 | Steps:  451 | Reward:  1415.62
Total T:  213956 | Ep: 2080 | Steps:  348 | Reward:  1043.41
Total T:  214069 | Ep: 2081 | Steps:  113 | Reward:   263.12
Total T:  214232 | Ep: 2082 | Steps:  163 | Reward:   523.09
Total T:  214346 | Ep: 2083 | Steps:  114 | Reward:   262.96
Total T:  214510 | Ep: 2084 | Steps:  164 | Reward:   484.45
Total T:  214678 | Ep: 2085 | Steps:  168 | Reward:   403.95
Total T:  214922 | Ep: 2086 | Steps:  244 | Reward:   737.34
Total T:  215087 | Ep: 2087 | Steps:  165 | Reward:   470.30
Total T:  215217 | Ep: 2088 | Steps:  130 | Reward:   341.26
Total T:  215316 | Ep: 2089 | Steps:   99 | Reward:   221.31
Total T:  215429 | Ep: 2090 | Steps:  113 | Reward:   274.53
Total T:  215612 | Ep: 2091 | Steps:  183 | Reward:   510.09
Total T:  215730 | Ep: 2092 | Steps:  118 | Reward:   286.67
Total T:  216018 | Ep: 2093 | Steps:  288 | Reward:   830.97
Total T:  216118 | Ep: 2094 | Steps:  100 | Reward:   227.68
Total T:  216277 | Ep: 2095 | Steps:  159 | Reward:   452.35
Total T:  216582 | Ep: 2096 | Steps:  305 | Reward:   859.11
Total T:  216709 | Ep: 2097 | Steps:  127 | Reward:   311.62
Total T:  217015 | Ep: 2098 | Steps:  306 | Reward:   928.27
Total T:  217240 | Ep: 2099 | Steps:  225 | Reward:   634.12
Total T:  217380 | Ep: 2100 | Steps:  140 | Reward:   394.18
Total T:  217526 | Ep: 2101 | Steps:  146 | Reward:   410.90
Total T:  217706 | Ep: 2102 | Steps:  180 | Reward:   514.24
Total T:  217924 | Ep: 2103 | Steps:  218 | Reward:   565.93
Total T:  218166 | Ep: 2104 | Steps:  242 | Reward:   595.52
Total T:  218335 | Ep: 2105 | Steps:  169 | Reward:   435.86
Total T:  218543 | Ep: 2106 | Steps:  208 | Reward:   620.26
Total T:  218674 | Ep: 2107 | Steps:  131 | Reward:   319.96
Total T:  219034 | Ep: 2108 | Steps:  360 | Reward:  1043.75
Total T:  219165 | Ep: 2109 | Steps:  131 | Reward:   343.01
Total T:  219346 | Ep: 2110 | Steps:  181 | Reward:   509.28
Total T:  219545 | Ep: 2111 | Steps:  199 | Reward:   555.04
Total T:  219805 | Ep: 2112 | Steps:  260 | Reward:   765.11
---------------------------------------
Evaluation over 10 episodes: 609.403
---------------------------------------
Total T:  220055 | Ep: 2113 | Steps:  250 | Reward:   863.79
Total T:  220262 | Ep: 2114 | Steps:  207 | Reward:   581.72
Total T:  220518 | Ep: 2115 | Steps:  256 | Reward:   636.21
Total T:  220834 | Ep: 2116 | Steps:  316 | Reward:   970.51
Total T:  221214 | Ep: 2117 | Steps:  380 | Reward:  1170.14
Total T:  221423 | Ep: 2118 | Steps:  209 | Reward:   609.64
Total T:  221587 | Ep: 2119 | Steps:  164 | Reward:   464.76
Total T:  221824 | Ep: 2120 | Steps:  237 | Reward:   745.43
Total T:  221916 | Ep: 2121 | Steps:   92 | Reward:   146.07
Total T:  222304 | Ep: 2122 | Steps:  388 | Reward:  1180.58
Total T:  222762 | Ep: 2123 | Steps:  458 | Reward:  1394.56
Total T:  223060 | Ep: 2124 | Steps:  298 | Reward:   869.91
Total T:  223413 | Ep: 2125 | Steps:  353 | Reward:   907.75
Total T:  223598 | Ep: 2126 | Steps:  185 | Reward:   479.38
Total T:  223757 | Ep: 2127 | Steps:  159 | Reward:   422.50
Total T:  224016 | Ep: 2128 | Steps:  259 | Reward:   764.10
Total T:  224158 | Ep: 2129 | Steps:  142 | Reward:   385.15
Total T:  224396 | Ep: 2130 | Steps:  238 | Reward:   674.05
Total T:  224685 | Ep: 2131 | Steps:  289 | Reward:   744.30
Total T:  225141 | Ep: 2132 | Steps:  456 | Reward:  1345.29
Total T:  225322 | Ep: 2133 | Steps:  181 | Reward:   545.16
Total T:  225573 | Ep: 2134 | Steps:  251 | Reward:   721.80
Total T:  225751 | Ep: 2135 | Steps:  178 | Reward:   550.00
Total T:  225915 | Ep: 2136 | Steps:  164 | Reward:   390.37
Total T:  226229 | Ep: 2137 | Steps:  314 | Reward:   914.65
Total T:  226394 | Ep: 2138 | Steps:  165 | Reward:   500.21
Total T:  226525 | Ep: 2139 | Steps:  131 | Reward:   351.21
Total T:  226958 | Ep: 2140 | Steps:  433 | Reward:  1261.10
Total T:  227386 | Ep: 2141 | Steps:  428 | Reward:  1003.13
Total T:  227714 | Ep: 2142 | Steps:  328 | Reward:  1032.53
Total T:  228168 | Ep: 2143 | Steps:  454 | Reward:  1329.65
Total T:  228431 | Ep: 2144 | Steps:  263 | Reward:   807.17
Total T:  228825 | Ep: 2145 | Steps:  394 | Reward:  1107.71
Total T:  229068 | Ep: 2146 | Steps:  243 | Reward:   727.59
Total T:  229318 | Ep: 2147 | Steps:  250 | Reward:   722.66
Total T:  229466 | Ep: 2148 | Steps:  148 | Reward:   342.46
Total T:  229634 | Ep: 2149 | Steps:  168 | Reward:   496.33
Total T:  229704 | Ep: 2150 | Steps:   70 | Reward:   117.68
Total T:  229939 | Ep: 2151 | Steps:  235 | Reward:   741.00
---------------------------------------
Evaluation over 10 episodes: 803.174
---------------------------------------
Total T:  230121 | Ep: 2152 | Steps:  182 | Reward:   553.56
Total T:  230374 | Ep: 2153 | Steps:  253 | Reward:   777.70
Total T:  230634 | Ep: 2154 | Steps:  260 | Reward:   798.68
Total T:  230948 | Ep: 2155 | Steps:  314 | Reward:   975.13
Total T:  231178 | Ep: 2156 | Steps:  230 | Reward:   651.35
Total T:  231351 | Ep: 2157 | Steps:  173 | Reward:   514.95
Total T:  231505 | Ep: 2158 | Steps:  154 | Reward:   466.46
Total T:  231719 | Ep: 2159 | Steps:  214 | Reward:   644.80
Total T:  232104 | Ep: 2160 | Steps:  385 | Reward:  1001.94
Total T:  232183 | Ep: 2161 | Steps:   79 | Reward:   149.49
Total T:  232291 | Ep: 2162 | Steps:  108 | Reward:   209.64
Total T:  232397 | Ep: 2163 | Steps:  106 | Reward:   207.88
Total T:  232574 | Ep: 2164 | Steps:  177 | Reward:   522.07
Total T:  232871 | Ep: 2165 | Steps:  297 | Reward:   915.65
Total T:  233133 | Ep: 2166 | Steps:  262 | Reward:   794.75
Total T:  233269 | Ep: 2167 | Steps:  136 | Reward:   296.91
Total T:  233431 | Ep: 2168 | Steps:  162 | Reward:   413.95
Total T:  233588 | Ep: 2169 | Steps:  157 | Reward:   469.98
Total T:  233731 | Ep: 2170 | Steps:  143 | Reward:   359.31
Total T:  234017 | Ep: 2171 | Steps:  286 | Reward:   850.30
Total T:  234154 | Ep: 2172 | Steps:  137 | Reward:   357.55
Total T:  234314 | Ep: 2173 | Steps:  160 | Reward:   424.10
Total T:  234390 | Ep: 2174 | Steps:   76 | Reward:   147.80
Total T:  234463 | Ep: 2175 | Steps:   73 | Reward:   144.52
Total T:  234734 | Ep: 2176 | Steps:  271 | Reward:   828.46
Total T:  234869 | Ep: 2177 | Steps:  135 | Reward:   324.50
Total T:  235034 | Ep: 2178 | Steps:  165 | Reward:   470.50
Total T:  235288 | Ep: 2179 | Steps:  254 | Reward:   761.71
Total T:  235423 | Ep: 2180 | Steps:  135 | Reward:   321.60
Total T:  235706 | Ep: 2181 | Steps:  283 | Reward:   839.86
Total T:  235920 | Ep: 2182 | Steps:  214 | Reward:   589.37
Total T:  236093 | Ep: 2183 | Steps:  173 | Reward:   512.00
Total T:  236480 | Ep: 2184 | Steps:  387 | Reward:   896.78
Total T:  236926 | Ep: 2185 | Steps:  446 | Reward:  1221.82
Total T:  237101 | Ep: 2186 | Steps:  175 | Reward:   543.62
Total T:  237241 | Ep: 2187 | Steps:  140 | Reward:   367.99
Total T:  237438 | Ep: 2188 | Steps:  197 | Reward:   578.90
Total T:  237671 | Ep: 2189 | Steps:  233 | Reward:   666.50
Total T:  238020 | Ep: 2190 | Steps:  349 | Reward:  1060.64
Total T:  238301 | Ep: 2191 | Steps:  281 | Reward:   803.71
Total T:  238473 | Ep: 2192 | Steps:  172 | Reward:   564.37
Total T:  238720 | Ep: 2193 | Steps:  247 | Reward:   708.99
Total T:  238817 | Ep: 2194 | Steps:   97 | Reward:   237.28
Total T:  239199 | Ep: 2195 | Steps:  382 | Reward:  1197.51
Total T:  239338 | Ep: 2196 | Steps:  139 | Reward:   282.59
Total T:  239411 | Ep: 2197 | Steps:   73 | Reward:   137.17
Total T:  239598 | Ep: 2198 | Steps:  187 | Reward:   479.90
Total T:  239765 | Ep: 2199 | Steps:  167 | Reward:   506.42
---------------------------------------
Evaluation over 10 episodes: 859.603
---------------------------------------
Total T:  240041 | Ep: 2200 | Steps:  276 | Reward:   801.32
Total T:  240130 | Ep: 2201 | Steps:   89 | Reward:   160.49
Total T:  240289 | Ep: 2202 | Steps:  159 | Reward:   516.14
Total T:  240481 | Ep: 2203 | Steps:  192 | Reward:   467.01
Total T:  240717 | Ep: 2204 | Steps:  236 | Reward:   664.24
Total T:  240865 | Ep: 2205 | Steps:  148 | Reward:   317.01
Total T:  241102 | Ep: 2206 | Steps:  237 | Reward:   705.15
Total T:  241522 | Ep: 2207 | Steps:  420 | Reward:  1149.06
Total T:  241604 | Ep: 2208 | Steps:   82 | Reward:   126.55
Total T:  241776 | Ep: 2209 | Steps:  172 | Reward:   407.21
Total T:  241897 | Ep: 2210 | Steps:  121 | Reward:   279.21
Total T:  241977 | Ep: 2211 | Steps:   80 | Reward:   149.61
Total T:  242059 | Ep: 2212 | Steps:   82 | Reward:   142.14
Total T:  242305 | Ep: 2213 | Steps:  246 | Reward:   755.49
Total T:  242476 | Ep: 2214 | Steps:  171 | Reward:   471.00
Total T:  242798 | Ep: 2215 | Steps:  322 | Reward:   963.91
Total T:  243152 | Ep: 2216 | Steps:  354 | Reward:   971.61
Total T:  243962 | Ep: 2217 | Steps:  810 | Reward:  2217.95
Total T:  244416 | Ep: 2218 | Steps:  454 | Reward:  1286.05
Total T:  244666 | Ep: 2219 | Steps:  250 | Reward:   794.06
Total T:  244804 | Ep: 2220 | Steps:  138 | Reward:   349.61
Total T:  245113 | Ep: 2221 | Steps:  309 | Reward:   921.83
Total T:  245613 | Ep: 2222 | Steps:  500 | Reward:  1303.04
Total T:  245747 | Ep: 2223 | Steps:  134 | Reward:   308.48
Total T:  245910 | Ep: 2224 | Steps:  163 | Reward:   421.63
Total T:  246097 | Ep: 2225 | Steps:  187 | Reward:   260.24
Total T:  246214 | Ep: 2226 | Steps:  117 | Reward:   268.51
Total T:  246821 | Ep: 2227 | Steps:  607 | Reward:  1583.58
Total T:  247140 | Ep: 2228 | Steps:  319 | Reward:  1005.34
Total T:  247401 | Ep: 2229 | Steps:  261 | Reward:   761.14
Total T:  247706 | Ep: 2230 | Steps:  305 | Reward:   955.08
Total T:  247894 | Ep: 2231 | Steps:  188 | Reward:   618.10
Total T:  248253 | Ep: 2232 | Steps:  359 | Reward:  1106.56
Total T:  248504 | Ep: 2233 | Steps:  251 | Reward:   762.95
Total T:  248761 | Ep: 2234 | Steps:  257 | Reward:   773.50
Total T:  248837 | Ep: 2235 | Steps:   76 | Reward:   137.48
Total T:  249114 | Ep: 2236 | Steps:  277 | Reward:   789.89
Total T:  249323 | Ep: 2237 | Steps:  209 | Reward:   521.25
---------------------------------------
Evaluation over 10 episodes: 652.133
---------------------------------------
Total T:  250317 | Ep: 2238 | Steps:  994 | Reward:  2697.61
Total T:  250433 | Ep: 2239 | Steps:  116 | Reward:   270.16
Total T:  250661 | Ep: 2240 | Steps:  228 | Reward:   629.22
Total T:  250940 | Ep: 2241 | Steps:  279 | Reward:   831.90
Total T:  251123 | Ep: 2242 | Steps:  183 | Reward:   530.98
Total T:  251708 | Ep: 2243 | Steps:  585 | Reward:  1640.84
Total T:  252014 | Ep: 2244 | Steps:  306 | Reward:   943.45
Total T:  252228 | Ep: 2245 | Steps:  214 | Reward:   595.62
Total T:  252403 | Ep: 2246 | Steps:  175 | Reward:   433.67
Total T:  252988 | Ep: 2247 | Steps:  585 | Reward:  1742.34
Total T:  253581 | Ep: 2248 | Steps:  593 | Reward:  1565.57
Total T:  253903 | Ep: 2249 | Steps:  322 | Reward:   924.03
Total T:  254067 | Ep: 2250 | Steps:  164 | Reward:   464.97
Total T:  254458 | Ep: 2251 | Steps:  391 | Reward:  1154.48
Total T:  254764 | Ep: 2252 | Steps:  306 | Reward:   895.39
Total T:  255071 | Ep: 2253 | Steps:  307 | Reward:   870.04
Total T:  255404 | Ep: 2254 | Steps:  333 | Reward:  1062.31
Total T:  255801 | Ep: 2255 | Steps:  397 | Reward:  1242.87
Total T:  256088 | Ep: 2256 | Steps:  287 | Reward:   820.97
Total T:  256409 | Ep: 2257 | Steps:  321 | Reward:  1008.15
Total T:  256723 | Ep: 2258 | Steps:  314 | Reward:   917.96
Total T:  256921 | Ep: 2259 | Steps:  198 | Reward:   505.20
Total T:  257255 | Ep: 2260 | Steps:  334 | Reward:  1074.60
Total T:  257604 | Ep: 2261 | Steps:  349 | Reward:   882.62
Total T:  257894 | Ep: 2262 | Steps:  290 | Reward:   944.74
Total T:  258259 | Ep: 2263 | Steps:  365 | Reward:  1114.67
Total T:  258658 | Ep: 2264 | Steps:  399 | Reward:  1193.08
Total T:  259049 | Ep: 2265 | Steps:  391 | Reward:  1112.82
Total T:  259341 | Ep: 2266 | Steps:  292 | Reward:   856.97
Total T:  259865 | Ep: 2267 | Steps:  524 | Reward:  1626.67
---------------------------------------
Evaluation over 10 episodes: 759.509
---------------------------------------
Total T:  260142 | Ep: 2268 | Steps:  277 | Reward:   743.72
Total T:  260372 | Ep: 2269 | Steps:  230 | Reward:   632.92
Total T:  260563 | Ep: 2270 | Steps:  191 | Reward:   517.47
Total T:  260941 | Ep: 2271 | Steps:  378 | Reward:   898.24
Total T:  261179 | Ep: 2272 | Steps:  238 | Reward:   712.64
Total T:  261445 | Ep: 2273 | Steps:  266 | Reward:   796.97
Total T:  261754 | Ep: 2274 | Steps:  309 | Reward:   869.95
Total T:  262072 | Ep: 2275 | Steps:  318 | Reward:   978.52
Total T:  262385 | Ep: 2276 | Steps:  313 | Reward:  1025.50
Total T:  262685 | Ep: 2277 | Steps:  300 | Reward:   948.57
Total T:  262956 | Ep: 2278 | Steps:  271 | Reward:   817.73
Total T:  263252 | Ep: 2279 | Steps:  296 | Reward:   947.44
Total T:  263433 | Ep: 2280 | Steps:  181 | Reward:   614.01
Total T:  263746 | Ep: 2281 | Steps:  313 | Reward:   904.05
Total T:  264098 | Ep: 2282 | Steps:  352 | Reward:  1182.59
Total T:  264299 | Ep: 2283 | Steps:  201 | Reward:   611.70
Total T:  264525 | Ep: 2284 | Steps:  226 | Reward:   721.40
Total T:  264808 | Ep: 2285 | Steps:  283 | Reward:   880.33
Total T:  265094 | Ep: 2286 | Steps:  286 | Reward:   964.26
Total T:  265252 | Ep: 2287 | Steps:  158 | Reward:   444.22
Total T:  265432 | Ep: 2288 | Steps:  180 | Reward:   520.99
Total T:  265803 | Ep: 2289 | Steps:  371 | Reward:  1035.40
Total T:  265969 | Ep: 2290 | Steps:  166 | Reward:   493.13
Total T:  266241 | Ep: 2291 | Steps:  272 | Reward:   834.02
Total T:  266429 | Ep: 2292 | Steps:  188 | Reward:   590.21
Total T:  266769 | Ep: 2293 | Steps:  340 | Reward:  1023.54
Total T:  267032 | Ep: 2294 | Steps:  263 | Reward:   822.53
Total T:  267302 | Ep: 2295 | Steps:  270 | Reward:   838.82
Total T:  267481 | Ep: 2296 | Steps:  179 | Reward:   497.83
Total T:  267752 | Ep: 2297 | Steps:  271 | Reward:   937.19
Total T:  268030 | Ep: 2298 | Steps:  278 | Reward:   845.41
Total T:  268282 | Ep: 2299 | Steps:  252 | Reward:   763.21
Total T:  268534 | Ep: 2300 | Steps:  252 | Reward:   833.43
Total T:  268814 | Ep: 2301 | Steps:  280 | Reward:   876.68
Total T:  269078 | Ep: 2302 | Steps:  264 | Reward:   835.81
Total T:  269368 | Ep: 2303 | Steps:  290 | Reward:   961.65
Total T:  269691 | Ep: 2304 | Steps:  323 | Reward:   860.10
Total T:  269951 | Ep: 2305 | Steps:  260 | Reward:   822.26
---------------------------------------
Evaluation over 10 episodes: 1204.561
---------------------------------------
Total T:  270242 | Ep: 2306 | Steps:  291 | Reward:   853.68
Total T:  270486 | Ep: 2307 | Steps:  244 | Reward:   700.40
Total T:  270769 | Ep: 2308 | Steps:  283 | Reward:   896.16
Total T:  270971 | Ep: 2309 | Steps:  202 | Reward:   581.91
Total T:  271316 | Ep: 2310 | Steps:  345 | Reward:  1164.83
Total T:  271579 | Ep: 2311 | Steps:  263 | Reward:   775.49
Total T:  271874 | Ep: 2312 | Steps:  295 | Reward:   926.05
Total T:  272161 | Ep: 2313 | Steps:  287 | Reward:   893.50
Total T:  272421 | Ep: 2314 | Steps:  260 | Reward:   800.25
Total T:  272711 | Ep: 2315 | Steps:  290 | Reward:   957.52
Total T:  273000 | Ep: 2316 | Steps:  289 | Reward:   887.88
Total T:  273289 | Ep: 2317 | Steps:  289 | Reward:   902.81
Total T:  273616 | Ep: 2318 | Steps:  327 | Reward:  1072.77
Total T:  273909 | Ep: 2319 | Steps:  293 | Reward:   889.48
Total T:  274247 | Ep: 2320 | Steps:  338 | Reward:  1096.99
Total T:  274587 | Ep: 2321 | Steps:  340 | Reward:  1091.15
Total T:  274937 | Ep: 2322 | Steps:  350 | Reward:  1127.71
Total T:  275214 | Ep: 2323 | Steps:  277 | Reward:   854.00
Total T:  275469 | Ep: 2324 | Steps:  255 | Reward:   829.97
Total T:  275753 | Ep: 2325 | Steps:  284 | Reward:   903.58
Total T:  276045 | Ep: 2326 | Steps:  292 | Reward:   921.82
Total T:  276321 | Ep: 2327 | Steps:  276 | Reward:   883.19
Total T:  276577 | Ep: 2328 | Steps:  256 | Reward:   806.20
Total T:  276819 | Ep: 2329 | Steps:  242 | Reward:   820.46
Total T:  277099 | Ep: 2330 | Steps:  280 | Reward:   867.20
Total T:  277392 | Ep: 2331 | Steps:  293 | Reward:   906.70
Total T:  277692 | Ep: 2332 | Steps:  300 | Reward:   907.64
Total T:  277982 | Ep: 2333 | Steps:  290 | Reward:   886.75
Total T:  278265 | Ep: 2334 | Steps:  283 | Reward:   894.86
Total T:  278595 | Ep: 2335 | Steps:  330 | Reward:  1093.56
Total T:  278883 | Ep: 2336 | Steps:  288 | Reward:   907.98
Total T:  279112 | Ep: 2337 | Steps:  229 | Reward:   678.90
Total T:  279396 | Ep: 2338 | Steps:  284 | Reward:   891.23
Total T:  279655 | Ep: 2339 | Steps:  259 | Reward:   848.84
Total T:  279951 | Ep: 2340 | Steps:  296 | Reward:   922.18
---------------------------------------
Evaluation over 10 episodes: 1094.006
---------------------------------------
Total T:  280219 | Ep: 2341 | Steps:  268 | Reward:   859.03
Total T:  280500 | Ep: 2342 | Steps:  281 | Reward:   899.41
Total T:  280781 | Ep: 2343 | Steps:  281 | Reward:   898.20
Total T:  281072 | Ep: 2344 | Steps:  291 | Reward:   920.16
Total T:  281400 | Ep: 2345 | Steps:  328 | Reward:  1138.44
Total T:  281697 | Ep: 2346 | Steps:  297 | Reward:   930.92
Total T:  281974 | Ep: 2347 | Steps:  277 | Reward:   887.28
Total T:  282256 | Ep: 2348 | Steps:  282 | Reward:   923.75
Total T:  282561 | Ep: 2349 | Steps:  305 | Reward:   986.90
Total T:  282826 | Ep: 2350 | Steps:  265 | Reward:   877.74
Total T:  283094 | Ep: 2351 | Steps:  268 | Reward:   812.80
Total T:  283369 | Ep: 2352 | Steps:  275 | Reward:   874.84
Total T:  283655 | Ep: 2353 | Steps:  286 | Reward:   881.85
Total T:  283935 | Ep: 2354 | Steps:  280 | Reward:   882.27
Total T:  284290 | Ep: 2355 | Steps:  355 | Reward:  1179.95
Total T:  284577 | Ep: 2356 | Steps:  287 | Reward:   913.04
Total T:  284864 | Ep: 2357 | Steps:  287 | Reward:   880.58
Total T:  285136 | Ep: 2358 | Steps:  272 | Reward:   869.05
Total T:  285409 | Ep: 2359 | Steps:  273 | Reward:   862.57
Total T:  285633 | Ep: 2360 | Steps:  224 | Reward:   730.67
Total T:  285874 | Ep: 2361 | Steps:  241 | Reward:   754.09
Total T:  286126 | Ep: 2362 | Steps:  252 | Reward:   783.50
Total T:  286399 | Ep: 2363 | Steps:  273 | Reward:   874.03
Total T:  286603 | Ep: 2364 | Steps:  204 | Reward:   707.22
Total T:  286888 | Ep: 2365 | Steps:  285 | Reward:   885.50
Total T:  287071 | Ep: 2366 | Steps:  183 | Reward:   605.64
Total T:  287344 | Ep: 2367 | Steps:  273 | Reward:   877.62
Total T:  287654 | Ep: 2368 | Steps:  310 | Reward:   972.19
Total T:  287830 | Ep: 2369 | Steps:  176 | Reward:   504.90
Total T:  288119 | Ep: 2370 | Steps:  289 | Reward:   918.93
Total T:  288415 | Ep: 2371 | Steps:  296 | Reward:   936.79
Total T:  288692 | Ep: 2372 | Steps:  277 | Reward:   871.84
Total T:  288967 | Ep: 2373 | Steps:  275 | Reward:   878.77
Total T:  289253 | Ep: 2374 | Steps:  286 | Reward:   969.46
Total T:  289531 | Ep: 2375 | Steps:  278 | Reward:   883.63
Total T:  289820 | Ep: 2376 | Steps:  289 | Reward:   918.06
---------------------------------------
Evaluation over 10 episodes: 845.012
---------------------------------------
Total T:  290127 | Ep: 2377 | Steps:  307 | Reward:   971.87
Total T:  290437 | Ep: 2378 | Steps:  310 | Reward:  1049.56
Total T:  290694 | Ep: 2379 | Steps:  257 | Reward:   834.26
Total T:  290949 | Ep: 2380 | Steps:  255 | Reward:   803.59
Total T:  291130 | Ep: 2381 | Steps:  181 | Reward:   507.99
Total T:  291400 | Ep: 2382 | Steps:  270 | Reward:   850.16
Total T:  291690 | Ep: 2383 | Steps:  290 | Reward:   933.31
Total T:  291960 | Ep: 2384 | Steps:  270 | Reward:   869.09
Total T:  292297 | Ep: 2385 | Steps:  337 | Reward:  1102.47
Total T:  292584 | Ep: 2386 | Steps:  287 | Reward:   845.38
Total T:  293114 | Ep: 2387 | Steps:  530 | Reward:  1543.86
Total T:  293338 | Ep: 2388 | Steps:  224 | Reward:   702.59
Total T:  293619 | Ep: 2389 | Steps:  281 | Reward:   881.54
Total T:  293913 | Ep: 2390 | Steps:  294 | Reward:   778.79
Total T:  294191 | Ep: 2391 | Steps:  278 | Reward:   893.59
Total T:  294447 | Ep: 2392 | Steps:  256 | Reward:   812.28
Total T:  294733 | Ep: 2393 | Steps:  286 | Reward:   903.80
Total T:  295010 | Ep: 2394 | Steps:  277 | Reward:   855.37
Total T:  295280 | Ep: 2395 | Steps:  270 | Reward:   808.72
Total T:  295527 | Ep: 2396 | Steps:  247 | Reward:   765.35
Total T:  295799 | Ep: 2397 | Steps:  272 | Reward:   858.40
Total T:  296064 | Ep: 2398 | Steps:  265 | Reward:   689.12
Total T:  296588 | Ep: 2399 | Steps:  524 | Reward:  1357.13
Total T:  296884 | Ep: 2400 | Steps:  296 | Reward:   910.20
Total T:  297199 | Ep: 2401 | Steps:  315 | Reward:  1110.32
Total T:  297492 | Ep: 2402 | Steps:  293 | Reward:   976.16
Total T:  297834 | Ep: 2403 | Steps:  342 | Reward:  1182.04
Total T:  298200 | Ep: 2404 | Steps:  366 | Reward:  1315.47
Total T:  298502 | Ep: 2405 | Steps:  302 | Reward:  1046.41
Total T:  299160 | Ep: 2406 | Steps:  658 | Reward:  2130.50
Total T:  299456 | Ep: 2407 | Steps:  296 | Reward:   977.97
Total T:  299833 | Ep: 2408 | Steps:  377 | Reward:  1360.08
---------------------------------------
Evaluation over 10 episodes: 1164.450
---------------------------------------
Total T:  300109 | Ep: 2409 | Steps:  276 | Reward:   861.19
Total T:  300378 | Ep: 2410 | Steps:  269 | Reward:   865.73
Total T:  300851 | Ep: 2411 | Steps:  473 | Reward:  1480.56
Total T:  301105 | Ep: 2412 | Steps:  254 | Reward:   778.18
Total T:  302105 | Ep: 2413 | Steps: 1000 | Reward:  3507.75
Total T:  302508 | Ep: 2414 | Steps:  403 | Reward:  1396.96
Total T:  302784 | Ep: 2415 | Steps:  276 | Reward:   890.08
Total T:  303077 | Ep: 2416 | Steps:  293 | Reward:   906.34
Total T:  303696 | Ep: 2417 | Steps:  619 | Reward:  2131.85
Total T:  304033 | Ep: 2418 | Steps:  337 | Reward:  1196.60
Total T:  304675 | Ep: 2419 | Steps:  642 | Reward:  2184.57
Total T:  305111 | Ep: 2420 | Steps:  436 | Reward:  1523.89
Total T:  305376 | Ep: 2421 | Steps:  265 | Reward:   796.96
Total T:  305892 | Ep: 2422 | Steps:  516 | Reward:  1950.08
Total T:  306153 | Ep: 2423 | Steps:  261 | Reward:   861.98
Total T:  306478 | Ep: 2424 | Steps:  325 | Reward:  1110.47
Total T:  306774 | Ep: 2425 | Steps:  296 | Reward:   904.10
Total T:  307028 | Ep: 2426 | Steps:  254 | Reward:   790.65
Total T:  307329 | Ep: 2427 | Steps:  301 | Reward:  1001.91
Total T:  307576 | Ep: 2428 | Steps:  247 | Reward:   787.67
Total T:  307865 | Ep: 2429 | Steps:  289 | Reward:   939.35
Total T:  308081 | Ep: 2430 | Steps:  216 | Reward:   700.79
Total T:  308331 | Ep: 2431 | Steps:  250 | Reward:   790.27
Total T:  308626 | Ep: 2432 | Steps:  295 | Reward:  1008.66
Total T:  308928 | Ep: 2433 | Steps:  302 | Reward:   980.40
Total T:  309110 | Ep: 2434 | Steps:  182 | Reward:   536.18
Total T:  309365 | Ep: 2435 | Steps:  255 | Reward:   804.35
Total T:  309635 | Ep: 2436 | Steps:  270 | Reward:   797.63
Total T:  309871 | Ep: 2437 | Steps:  236 | Reward:   771.76
---------------------------------------
Evaluation over 10 episodes: 744.217
---------------------------------------
Total T:  310110 | Ep: 2438 | Steps:  239 | Reward:   792.56
Total T:  310377 | Ep: 2439 | Steps:  267 | Reward:   832.70
Total T:  310637 | Ep: 2440 | Steps:  260 | Reward:   868.61
Total T:  310902 | Ep: 2441 | Steps:  265 | Reward:   832.16
Total T:  311160 | Ep: 2442 | Steps:  258 | Reward:   869.58
Total T:  311386 | Ep: 2443 | Steps:  226 | Reward:   715.85
Total T:  311617 | Ep: 2444 | Steps:  231 | Reward:   696.77
Total T:  311874 | Ep: 2445 | Steps:  257 | Reward:   817.33
Total T:  312162 | Ep: 2446 | Steps:  288 | Reward:   981.20
Total T:  312425 | Ep: 2447 | Steps:  263 | Reward:   859.66
Total T:  312675 | Ep: 2448 | Steps:  250 | Reward:   775.17
Total T:  312934 | Ep: 2449 | Steps:  259 | Reward:   821.71
Total T:  313244 | Ep: 2450 | Steps:  310 | Reward:  1147.77
Total T:  313498 | Ep: 2451 | Steps:  254 | Reward:   753.91
Total T:  314036 | Ep: 2452 | Steps:  538 | Reward:  1868.92
Total T:  314287 | Ep: 2453 | Steps:  251 | Reward:   826.62
Total T:  314847 | Ep: 2454 | Steps:  560 | Reward:  1954.48
Total T:  315121 | Ep: 2455 | Steps:  274 | Reward:   914.38
Total T:  315387 | Ep: 2456 | Steps:  266 | Reward:   809.58
Total T:  315652 | Ep: 2457 | Steps:  265 | Reward:   868.91
Total T:  316224 | Ep: 2458 | Steps:  572 | Reward:  2012.51
Total T:  316506 | Ep: 2459 | Steps:  282 | Reward:   980.33
Total T:  316768 | Ep: 2460 | Steps:  262 | Reward:   882.67
Total T:  317281 | Ep: 2461 | Steps:  513 | Reward:  1694.56
Total T:  317567 | Ep: 2462 | Steps:  286 | Reward:   936.59
Total T:  317807 | Ep: 2463 | Steps:  240 | Reward:   744.37
Total T:  318045 | Ep: 2464 | Steps:  238 | Reward:   759.91
Total T:  318325 | Ep: 2465 | Steps:  280 | Reward:  1008.78
Total T:  318774 | Ep: 2466 | Steps:  449 | Reward:  1813.87
Total T:  319071 | Ep: 2467 | Steps:  297 | Reward:   971.43
Total T:  319588 | Ep: 2468 | Steps:  517 | Reward:  1687.27
Total T:  319845 | Ep: 2469 | Steps:  257 | Reward:   909.72
---------------------------------------
Evaluation over 10 episodes: 1163.157
---------------------------------------
Total T:  320094 | Ep: 2470 | Steps:  249 | Reward:   819.96
Total T:  320409 | Ep: 2471 | Steps:  315 | Reward:   903.59
Total T:  320685 | Ep: 2472 | Steps:  276 | Reward:   993.23
Total T:  321127 | Ep: 2473 | Steps:  442 | Reward:  1456.11
Total T:  321437 | Ep: 2474 | Steps:  310 | Reward:  1054.00
Total T:  321796 | Ep: 2475 | Steps:  359 | Reward:  1230.95
Total T:  322121 | Ep: 2476 | Steps:  325 | Reward:  1179.58
Total T:  322376 | Ep: 2477 | Steps:  255 | Reward:   813.49
Total T:  322625 | Ep: 2478 | Steps:  249 | Reward:   872.53
Total T:  323053 | Ep: 2479 | Steps:  428 | Reward:  1568.00
Total T:  323439 | Ep: 2480 | Steps:  386 | Reward:  1373.62
Total T:  323711 | Ep: 2481 | Steps:  272 | Reward:   989.88
Total T:  323919 | Ep: 2482 | Steps:  208 | Reward:   625.73
Total T:  324250 | Ep: 2483 | Steps:  331 | Reward:  1165.85
Total T:  324625 | Ep: 2484 | Steps:  375 | Reward:  1065.00
Total T:  325625 | Ep: 2485 | Steps: 1000 | Reward:  1683.34
Total T:  326504 | Ep: 2486 | Steps:  879 | Reward:  3351.13
Total T:  327011 | Ep: 2487 | Steps:  507 | Reward:  1814.15
Total T:  327355 | Ep: 2488 | Steps:  344 | Reward:  1169.61
Total T:  327605 | Ep: 2489 | Steps:  250 | Reward:   866.50
Total T:  328496 | Ep: 2490 | Steps:  891 | Reward:  2670.17
Total T:  328760 | Ep: 2491 | Steps:  264 | Reward:   916.63
Total T:  329239 | Ep: 2492 | Steps:  479 | Reward:  1642.96
Total T:  329933 | Ep: 2493 | Steps:  694 | Reward:  2496.00
---------------------------------------
Evaluation over 10 episodes: 969.850
---------------------------------------
Total T:  330429 | Ep: 2494 | Steps:  496 | Reward:  1695.17
Total T:  331118 | Ep: 2495 | Steps:  689 | Reward:  2370.11
Total T:  331837 | Ep: 2496 | Steps:  719 | Reward:  2552.05
Total T:  332137 | Ep: 2497 | Steps:  300 | Reward:  1057.35
Total T:  333137 | Ep: 2498 | Steps: 1000 | Reward:  3305.88
Total T:  333544 | Ep: 2499 | Steps:  407 | Reward:  1478.99
Total T:  333822 | Ep: 2500 | Steps:  278 | Reward:  1019.25
Total T:  334068 | Ep: 2501 | Steps:  246 | Reward:   785.52
Total T:  334546 | Ep: 2502 | Steps:  478 | Reward:  1659.25
Total T:  335239 | Ep: 2503 | Steps:  693 | Reward:  2321.03
Total T:  335508 | Ep: 2504 | Steps:  269 | Reward:   906.39
Total T:  336019 | Ep: 2505 | Steps:  511 | Reward:  1640.68
Total T:  336314 | Ep: 2506 | Steps:  295 | Reward:  1018.49
Total T:  336571 | Ep: 2507 | Steps:  257 | Reward:   889.80
Total T:  336837 | Ep: 2508 | Steps:  266 | Reward:   865.41
Total T:  337075 | Ep: 2509 | Steps:  238 | Reward:   738.66
Total T:  337965 | Ep: 2510 | Steps:  890 | Reward:  3430.00
Total T:  338212 | Ep: 2511 | Steps:  247 | Reward:   761.20
Total T:  338699 | Ep: 2512 | Steps:  487 | Reward:  1606.24
Total T:  339333 | Ep: 2513 | Steps:  634 | Reward:  1971.95
Total T:  339855 | Ep: 2514 | Steps:  522 | Reward:  1794.38
---------------------------------------
Evaluation over 10 episodes: 1905.046
---------------------------------------
Total T:  340855 | Ep: 2515 | Steps: 1000 | Reward:  3065.15
Total T:  341855 | Ep: 2516 | Steps: 1000 | Reward:  2741.70
Total T:  342273 | Ep: 2517 | Steps:  418 | Reward:  1512.29
Total T:  342380 | Ep: 2518 | Steps:  107 | Reward:   -35.38
Total T:  343017 | Ep: 2519 | Steps:  637 | Reward:  2054.27
Total T:  343157 | Ep: 2520 | Steps:  140 | Reward:   377.73
Total T:  343476 | Ep: 2521 | Steps:  319 | Reward:   969.28
Total T:  343946 | Ep: 2522 | Steps:  470 | Reward:  1364.03
Total T:  344946 | Ep: 2523 | Steps: 1000 | Reward:  2963.13
Total T:  345946 | Ep: 2524 | Steps: 1000 | Reward:  3583.73
Total T:  346613 | Ep: 2525 | Steps:  667 | Reward:  1618.30
Total T:  347613 | Ep: 2526 | Steps: 1000 | Reward:  3207.00
Total T:  348301 | Ep: 2527 | Steps:  688 | Reward:  2568.06
Total T:  348411 | Ep: 2528 | Steps:  110 | Reward:   269.72
Total T:  348950 | Ep: 2529 | Steps:  539 | Reward:  1739.69
Total T:  349950 | Ep: 2530 | Steps: 1000 | Reward:  3644.22
---------------------------------------
Evaluation over 10 episodes: 1590.443
---------------------------------------
Total T:  350832 | Ep: 2531 | Steps:  882 | Reward:  3090.99
Total T:  351461 | Ep: 2532 | Steps:  629 | Reward:  2265.97
Total T:  351976 | Ep: 2533 | Steps:  515 | Reward:  1538.85
Total T:  352667 | Ep: 2534 | Steps:  691 | Reward:  2531.80
Total T:  353462 | Ep: 2535 | Steps:  795 | Reward:  2895.10
Total T:  353928 | Ep: 2536 | Steps:  466 | Reward:  1302.66
Total T:  354247 | Ep: 2537 | Steps:  319 | Reward:  1078.90
Total T:  354968 | Ep: 2538 | Steps:  721 | Reward:  2688.45
Total T:  355088 | Ep: 2539 | Steps:  120 | Reward:   315.44
Total T:  356071 | Ep: 2540 | Steps:  983 | Reward:  3742.50
Total T:  356536 | Ep: 2541 | Steps:  465 | Reward:  1580.53
Total T:  356978 | Ep: 2542 | Steps:  442 | Reward:  1499.89
Total T:  357701 | Ep: 2543 | Steps:  723 | Reward:  2312.03
Total T:  358023 | Ep: 2544 | Steps:  322 | Reward:  1050.76
Total T:  358234 | Ep: 2545 | Steps:  211 | Reward:   601.18
Total T:  358756 | Ep: 2546 | Steps:  522 | Reward:  1691.43
Total T:  358960 | Ep: 2547 | Steps:  204 | Reward:   661.20
Total T:  359743 | Ep: 2548 | Steps:  783 | Reward:  2634.23
---------------------------------------
Evaluation over 10 episodes: 1412.520
---------------------------------------
Total T:  360028 | Ep: 2549 | Steps:  285 | Reward:   871.26
Total T:  360218 | Ep: 2550 | Steps:  190 | Reward:   568.49
Total T:  360390 | Ep: 2551 | Steps:  172 | Reward:   494.60
Total T:  360625 | Ep: 2552 | Steps:  235 | Reward:   625.77
Total T:  360841 | Ep: 2553 | Steps:  216 | Reward:   735.46
Total T:  361279 | Ep: 2554 | Steps:  438 | Reward:  1610.97
Total T:  361482 | Ep: 2555 | Steps:  203 | Reward:   572.19
Total T:  361601 | Ep: 2556 | Steps:  119 | Reward:   290.12
Total T:  362124 | Ep: 2557 | Steps:  523 | Reward:  1879.68
Total T:  362271 | Ep: 2558 | Steps:  147 | Reward:   401.01
Total T:  363034 | Ep: 2559 | Steps:  763 | Reward:  1507.83
Total T:  363444 | Ep: 2560 | Steps:  410 | Reward:  1299.54
Total T:  363794 | Ep: 2561 | Steps:  350 | Reward:  1248.16
Total T:  364192 | Ep: 2562 | Steps:  398 | Reward:  1220.52
Total T:  365192 | Ep: 2563 | Steps: 1000 | Reward:  3143.61
Total T:  365559 | Ep: 2564 | Steps:  367 | Reward:  1075.88
Total T:  365992 | Ep: 2565 | Steps:  433 | Reward:  1503.38
Total T:  366576 | Ep: 2566 | Steps:  584 | Reward:  2185.08
Total T:  367039 | Ep: 2567 | Steps:  463 | Reward:  1522.39
Total T:  367292 | Ep: 2568 | Steps:  253 | Reward:   849.09
Total T:  367557 | Ep: 2569 | Steps:  265 | Reward:   915.95
Total T:  368314 | Ep: 2570 | Steps:  757 | Reward:  2697.27
Total T:  369135 | Ep: 2571 | Steps:  821 | Reward:  2890.23
Total T:  369326 | Ep: 2572 | Steps:  191 | Reward:   573.78
Total T:  369781 | Ep: 2573 | Steps:  455 | Reward:  1465.91
---------------------------------------
Evaluation over 10 episodes: 1966.989
---------------------------------------
Total T:  370781 | Ep: 2574 | Steps: 1000 | Reward:  3619.34
Total T:  371329 | Ep: 2575 | Steps:  548 | Reward:  1855.01
Total T:  371759 | Ep: 2576 | Steps:  430 | Reward:  1867.70
Total T:  372238 | Ep: 2577 | Steps:  479 | Reward:   698.13
Total T:  373022 | Ep: 2578 | Steps:  784 | Reward:  2800.99
Total T:  373226 | Ep: 2579 | Steps:  204 | Reward:   674.28
Total T:  373638 | Ep: 2580 | Steps:  412 | Reward:  1337.67
Total T:  374482 | Ep: 2581 | Steps:  844 | Reward:  3153.58
Total T:  374997 | Ep: 2582 | Steps:  515 | Reward:  1984.70
Total T:  375297 | Ep: 2583 | Steps:  300 | Reward:  1126.99
Total T:  375620 | Ep: 2584 | Steps:  323 | Reward:  1237.98
Total T:  375896 | Ep: 2585 | Steps:  276 | Reward:   975.31
Total T:  376896 | Ep: 2586 | Steps: 1000 | Reward:  3512.18
Total T:  377055 | Ep: 2587 | Steps:  159 | Reward:   370.24
Total T:  377197 | Ep: 2588 | Steps:  142 | Reward:   308.40
Total T:  377686 | Ep: 2589 | Steps:  489 | Reward:  1827.47
Total T:  378160 | Ep: 2590 | Steps:  474 | Reward:  1576.90
Total T:  378294 | Ep: 2591 | Steps:  134 | Reward:   215.27
Total T:  378480 | Ep: 2592 | Steps:  186 | Reward:   529.60
Total T:  378623 | Ep: 2593 | Steps:  143 | Reward:   368.06
Total T:  379623 | Ep: 2594 | Steps: 1000 | Reward:  3410.46
Total T:  379948 | Ep: 2595 | Steps:  325 | Reward:  1043.17
---------------------------------------
Evaluation over 10 episodes: 2874.136
---------------------------------------
Total T:  380948 | Ep: 2596 | Steps: 1000 | Reward:  2983.76
Total T:  381367 | Ep: 2597 | Steps:  419 | Reward:  1158.57
Total T:  382367 | Ep: 2598 | Steps: 1000 | Reward:  1466.07
Total T:  382429 | Ep: 2599 | Steps:   62 | Reward:   108.01
Total T:  383429 | Ep: 2600 | Steps: 1000 | Reward:  3542.64
Total T:  384096 | Ep: 2601 | Steps:  667 | Reward:  2041.21
Total T:  385047 | Ep: 2602 | Steps:  951 | Reward:  3183.25
Total T:  386047 | Ep: 2603 | Steps: 1000 | Reward:  3227.64
Total T:  386312 | Ep: 2604 | Steps:  265 | Reward:   980.77
Total T:  386796 | Ep: 2605 | Steps:  484 | Reward:  1730.37
Total T:  387384 | Ep: 2606 | Steps:  588 | Reward:  1975.49
Total T:  388384 | Ep: 2607 | Steps: 1000 | Reward:  3306.50
Total T:  389384 | Ep: 2608 | Steps: 1000 | Reward:  3039.03
---------------------------------------
Evaluation over 10 episodes: 2453.194
---------------------------------------
Total T:  390384 | Ep: 2609 | Steps: 1000 | Reward:  3309.26
Total T:  390884 | Ep: 2610 | Steps:  500 | Reward:  1654.21
Total T:  391884 | Ep: 2611 | Steps: 1000 | Reward:  3268.97
Total T:  392884 | Ep: 2612 | Steps: 1000 | Reward:  3331.83
Total T:  393003 | Ep: 2613 | Steps:  119 | Reward:   300.17
Total T:  394003 | Ep: 2614 | Steps: 1000 | Reward:  3350.94
Total T:  394235 | Ep: 2615 | Steps:  232 | Reward:   749.40
Total T:  394776 | Ep: 2616 | Steps:  541 | Reward:  1834.57
Total T:  395194 | Ep: 2617 | Steps:  418 | Reward:  1449.55
Total T:  396194 | Ep: 2618 | Steps: 1000 | Reward:  3127.81
Total T:  397194 | Ep: 2619 | Steps: 1000 | Reward:  3386.18
Total T:  398194 | Ep: 2620 | Steps: 1000 | Reward:  1714.45
Total T:  398313 | Ep: 2621 | Steps:  119 | Reward:   304.74
Total T:  399313 | Ep: 2622 | Steps: 1000 | Reward:  3335.81
Total T:  399432 | Ep: 2623 | Steps:  119 | Reward:   298.85
---------------------------------------
Evaluation over 10 episodes: 2711.489
---------------------------------------
Total T:  400432 | Ep: 2624 | Steps: 1000 | Reward:  3502.42
Total T:  401432 | Ep: 2625 | Steps: 1000 | Reward:  3296.93
Total T:  402432 | Ep: 2626 | Steps: 1000 | Reward:  3271.66
Total T:  403432 | Ep: 2627 | Steps: 1000 | Reward:  3257.98
Total T:  404432 | Ep: 2628 | Steps: 1000 | Reward:  3416.43
Total T:  405432 | Ep: 2629 | Steps: 1000 | Reward:  3141.06
Total T:  406432 | Ep: 2630 | Steps: 1000 | Reward:  3291.30
Total T:  406611 | Ep: 2631 | Steps:  179 | Reward:   558.36
Total T:  407611 | Ep: 2632 | Steps: 1000 | Reward:  3370.79
Total T:  407745 | Ep: 2633 | Steps:  134 | Reward:   355.75
Total T:  408745 | Ep: 2634 | Steps: 1000 | Reward:  3421.97
Total T:  408899 | Ep: 2635 | Steps:  154 | Reward:   356.71
Total T:  409899 | Ep: 2636 | Steps: 1000 | Reward:  3461.48
---------------------------------------
Evaluation over 10 episodes: 2627.659
---------------------------------------
Total T:  410899 | Ep: 2637 | Steps: 1000 | Reward:  3433.62
Total T:  411899 | Ep: 2638 | Steps: 1000 | Reward:  3214.81
Total T:  412899 | Ep: 2639 | Steps: 1000 | Reward:  3465.22
Total T:  413899 | Ep: 2640 | Steps: 1000 | Reward:  3494.65
Total T:  414633 | Ep: 2641 | Steps:  734 | Reward:  2453.82
Total T:  415107 | Ep: 2642 | Steps:  474 | Reward:  1641.65
Total T:  415822 | Ep: 2643 | Steps:  715 | Reward:  2200.66
Total T:  416270 | Ep: 2644 | Steps:  448 | Reward:  1488.03
Total T:  417270 | Ep: 2645 | Steps: 1000 | Reward:  3567.66
Total T:  418270 | Ep: 2646 | Steps: 1000 | Reward:  3309.00
Total T:  419270 | Ep: 2647 | Steps: 1000 | Reward:  3597.33
---------------------------------------
Evaluation over 10 episodes: 3086.692
---------------------------------------
Total T:  420072 | Ep: 2648 | Steps:  802 | Reward:  2722.50
Total T:  421072 | Ep: 2649 | Steps: 1000 | Reward:  3589.05
Total T:  421515 | Ep: 2650 | Steps:  443 | Reward:  1483.92
Total T:  421755 | Ep: 2651 | Steps:  240 | Reward:   764.26
Total T:  422610 | Ep: 2652 | Steps:  855 | Reward:  3033.10
Total T:  423610 | Ep: 2653 | Steps: 1000 | Reward:  3809.45
Total T:  424610 | Ep: 2654 | Steps: 1000 | Reward:  3705.99
Total T:  424806 | Ep: 2655 | Steps:  196 | Reward:   605.99
Total T:  425806 | Ep: 2656 | Steps: 1000 | Reward:  3677.89
Total T:  426754 | Ep: 2657 | Steps:  948 | Reward:  3209.59
Total T:  426897 | Ep: 2658 | Steps:  143 | Reward:   379.14
Total T:  427897 | Ep: 2659 | Steps: 1000 | Reward:  3451.61
Total T:  428619 | Ep: 2660 | Steps:  722 | Reward:  2601.34
Total T:  429619 | Ep: 2661 | Steps: 1000 | Reward:  3769.62
---------------------------------------
Evaluation over 10 episodes: 1642.517
---------------------------------------
Total T:  430619 | Ep: 2662 | Steps: 1000 | Reward:  3625.00
Total T:  431417 | Ep: 2663 | Steps:  798 | Reward:  2842.33
Total T:  431692 | Ep: 2664 | Steps:  275 | Reward:   947.99
Total T:  432692 | Ep: 2665 | Steps: 1000 | Reward:  3726.48
Total T:  433692 | Ep: 2666 | Steps: 1000 | Reward:  3684.38
Total T:  434137 | Ep: 2667 | Steps:  445 | Reward:  1548.93
Total T:  435137 | Ep: 2668 | Steps: 1000 | Reward:  3812.57
Total T:  435794 | Ep: 2669 | Steps:  657 | Reward:  2496.95
Total T:  436063 | Ep: 2670 | Steps:  269 | Reward:   865.30
Total T:  437063 | Ep: 2671 | Steps: 1000 | Reward:  3632.76
Total T:  438063 | Ep: 2672 | Steps: 1000 | Reward:  3558.34
Total T:  438631 | Ep: 2673 | Steps:  568 | Reward:  2109.95
Total T:  439258 | Ep: 2674 | Steps:  627 | Reward:  1940.05
---------------------------------------
Evaluation over 10 episodes: 2060.417
---------------------------------------
Total T:  440258 | Ep: 2675 | Steps: 1000 | Reward:  3900.61
Total T:  441258 | Ep: 2676 | Steps: 1000 | Reward:  3663.22
Total T:  442258 | Ep: 2677 | Steps: 1000 | Reward:  3690.81
Total T:  443258 | Ep: 2678 | Steps: 1000 | Reward:  3980.32
Total T:  444258 | Ep: 2679 | Steps: 1000 | Reward:  3806.85
Total T:  444531 | Ep: 2680 | Steps:  273 | Reward:   904.20
Total T:  445177 | Ep: 2681 | Steps:  646 | Reward:  2523.01
Total T:  446177 | Ep: 2682 | Steps: 1000 | Reward:  4030.93
Total T:  447155 | Ep: 2683 | Steps:  978 | Reward:  3682.99
Total T:  448155 | Ep: 2684 | Steps: 1000 | Reward:  3812.10
Total T:  448557 | Ep: 2685 | Steps:  402 | Reward:  1447.89
Total T:  449557 | Ep: 2686 | Steps: 1000 | Reward:  3726.68
---------------------------------------
Evaluation over 10 episodes: 2942.179
---------------------------------------
Total T:  450557 | Ep: 2687 | Steps: 1000 | Reward:  3729.54
Total T:  451087 | Ep: 2688 | Steps:  530 | Reward:  1742.77
Total T:  452087 | Ep: 2689 | Steps: 1000 | Reward:  3817.47
Total T:  453087 | Ep: 2690 | Steps: 1000 | Reward:  3877.65
Total T:  453480 | Ep: 2691 | Steps:  393 | Reward:  1440.62
Total T:  454480 | Ep: 2692 | Steps: 1000 | Reward:  3550.52
Total T:  455480 | Ep: 2693 | Steps: 1000 | Reward:  3558.51
Total T:  456480 | Ep: 2694 | Steps: 1000 | Reward:  3759.80
Total T:  457480 | Ep: 2695 | Steps: 1000 | Reward:  3540.42
Total T:  458480 | Ep: 2696 | Steps: 1000 | Reward:  3920.01
Total T:  459480 | Ep: 2697 | Steps: 1000 | Reward:  3681.22
---------------------------------------
Evaluation over 10 episodes: 3546.168
---------------------------------------
Total T:  460480 | Ep: 2698 | Steps: 1000 | Reward:  3845.32
Total T:  461480 | Ep: 2699 | Steps: 1000 | Reward:  3848.38
Total T:  462085 | Ep: 2700 | Steps:  605 | Reward:  2443.13
Total T:  462828 | Ep: 2701 | Steps:  743 | Reward:  2855.67
Total T:  463828 | Ep: 2702 | Steps: 1000 | Reward:  3867.90
Total T:  464828 | Ep: 2703 | Steps: 1000 | Reward:  3558.37
Total T:  465828 | Ep: 2704 | Steps: 1000 | Reward:  3525.24
Total T:  466828 | Ep: 2705 | Steps: 1000 | Reward:  4046.10
Total T:  467828 | Ep: 2706 | Steps: 1000 | Reward:  3318.85
Total T:  468828 | Ep: 2707 | Steps: 1000 | Reward:  3929.31
Total T:  469411 | Ep: 2708 | Steps:  583 | Reward:  2155.11
Total T:  469976 | Ep: 2709 | Steps:  565 | Reward:  2151.34
---------------------------------------
Evaluation over 10 episodes: 3281.863
---------------------------------------
Total T:  470976 | Ep: 2710 | Steps: 1000 | Reward:  3604.88
Total T:  471976 | Ep: 2711 | Steps: 1000 | Reward:  3930.86
Total T:  472976 | Ep: 2712 | Steps: 1000 | Reward:  3770.17
Total T:  473814 | Ep: 2713 | Steps:  838 | Reward:  3079.90
Total T:  474814 | Ep: 2714 | Steps: 1000 | Reward:  3871.15
Total T:  475814 | Ep: 2715 | Steps: 1000 | Reward:  3418.33
Total T:  476814 | Ep: 2716 | Steps: 1000 | Reward:  3557.65
Total T:  477814 | Ep: 2717 | Steps: 1000 | Reward:  3680.85
Total T:  478814 | Ep: 2718 | Steps: 1000 | Reward:  3634.05
Total T:  479814 | Ep: 2719 | Steps: 1000 | Reward:  3831.06
---------------------------------------
Evaluation over 10 episodes: 3081.948
---------------------------------------
Total T:  480814 | Ep: 2720 | Steps: 1000 | Reward:  3994.49
Total T:  481814 | Ep: 2721 | Steps: 1000 | Reward:  3616.75
Total T:  482814 | Ep: 2722 | Steps: 1000 | Reward:  3825.97
Total T:  483814 | Ep: 2723 | Steps: 1000 | Reward:  3706.20
Total T:  484814 | Ep: 2724 | Steps: 1000 | Reward:  3495.51
Total T:  485814 | Ep: 2725 | Steps: 1000 | Reward:  3951.81
Total T:  486814 | Ep: 2726 | Steps: 1000 | Reward:  3832.93
Total T:  487814 | Ep: 2727 | Steps: 1000 | Reward:  3602.43
Total T:  488814 | Ep: 2728 | Steps: 1000 | Reward:  3629.46
Total T:  489665 | Ep: 2729 | Steps:  851 | Reward:  3164.35
---------------------------------------
Evaluation over 10 episodes: 3794.370
---------------------------------------
Total T:  490665 | Ep: 2730 | Steps: 1000 | Reward:  3764.13
Total T:  491665 | Ep: 2731 | Steps: 1000 | Reward:  3563.19
Total T:  492665 | Ep: 2732 | Steps: 1000 | Reward:  3589.93
Total T:  493027 | Ep: 2733 | Steps:  362 | Reward:  1175.83
Total T:  493677 | Ep: 2734 | Steps:  650 | Reward:  2303.46
Total T:  493750 | Ep: 2735 | Steps:   73 | Reward:   105.27
Total T:  493830 | Ep: 2736 | Steps:   80 | Reward:   120.44
Total T:  494830 | Ep: 2737 | Steps: 1000 | Reward:  3457.31
Total T:  495319 | Ep: 2738 | Steps:  489 | Reward:  1730.43
Total T:  496134 | Ep: 2739 | Steps:  815 | Reward:  3388.70
Total T:  497134 | Ep: 2740 | Steps: 1000 | Reward:  3597.18
Total T:  498134 | Ep: 2741 | Steps: 1000 | Reward:  3496.94
Total T:  499134 | Ep: 2742 | Steps: 1000 | Reward:  3808.68
Total T:  499207 | Ep: 2743 | Steps:   73 | Reward:   106.11
---------------------------------------
Evaluation over 10 episodes: 3272.906
---------------------------------------
Total T:  500207 | Ep: 2744 | Steps: 1000 | Reward:  3967.58
Total T:  500286 | Ep: 2745 | Steps:   79 | Reward:   109.82
Total T:  501286 | Ep: 2746 | Steps: 1000 | Reward:  3901.55
Total T:  501894 | Ep: 2747 | Steps:  608 | Reward:  2364.75
Total T:  502865 | Ep: 2748 | Steps:  971 | Reward:  3674.91
Total T:  502939 | Ep: 2749 | Steps:   74 | Reward:   113.32
Total T:  503939 | Ep: 2750 | Steps: 1000 | Reward:  3775.20
Total T:  504939 | Ep: 2751 | Steps: 1000 | Reward:  3696.14
Total T:  505131 | Ep: 2752 | Steps:  192 | Reward:   492.48
Total T:  506131 | Ep: 2753 | Steps: 1000 | Reward:  3905.64
Total T:  507131 | Ep: 2754 | Steps: 1000 | Reward:  3958.29
Total T:  508131 | Ep: 2755 | Steps: 1000 | Reward:  3718.11
Total T:  509131 | Ep: 2756 | Steps: 1000 | Reward:  3858.44
Total T:  509287 | Ep: 2757 | Steps:  156 | Reward:   371.85
Total T:  509678 | Ep: 2758 | Steps:  391 | Reward:  1397.17
---------------------------------------
Evaluation over 10 episodes: 3234.661
---------------------------------------
Total T:  510609 | Ep: 2759 | Steps:  931 | Reward:  3874.54
Total T:  511394 | Ep: 2760 | Steps:  785 | Reward:  3207.04
Total T:  512394 | Ep: 2761 | Steps: 1000 | Reward:  3693.50
Total T:  513098 | Ep: 2762 | Steps:  704 | Reward:  2820.38
Total T:  513312 | Ep: 2763 | Steps:  214 | Reward:   610.40
Total T:  514312 | Ep: 2764 | Steps: 1000 | Reward:  4142.63
Total T:  514414 | Ep: 2765 | Steps:  102 | Reward:   213.41
Total T:  515414 | Ep: 2766 | Steps: 1000 | Reward:  3985.10
Total T:  516414 | Ep: 2767 | Steps: 1000 | Reward:  3820.77
Total T:  517414 | Ep: 2768 | Steps: 1000 | Reward:  4230.60
Total T:  518414 | Ep: 2769 | Steps: 1000 | Reward:  3973.88
Total T:  518875 | Ep: 2770 | Steps:  461 | Reward:  1588.44
Total T:  519341 | Ep: 2771 | Steps:  466 | Reward:  1521.24
---------------------------------------
Evaluation over 10 episodes: 3438.053
---------------------------------------
Total T:  520341 | Ep: 2772 | Steps: 1000 | Reward:  4038.28
Total T:  521341 | Ep: 2773 | Steps: 1000 | Reward:  3808.71
Total T:  522341 | Ep: 2774 | Steps: 1000 | Reward:  3763.50
Total T:  523341 | Ep: 2775 | Steps: 1000 | Reward:  3853.17
Total T:  523567 | Ep: 2776 | Steps:  226 | Reward:   754.20
Total T:  524567 | Ep: 2777 | Steps: 1000 | Reward:  3786.32
Total T:  525567 | Ep: 2778 | Steps: 1000 | Reward:  3505.56
Total T:  526567 | Ep: 2779 | Steps: 1000 | Reward:  4043.22
Total T:  527567 | Ep: 2780 | Steps: 1000 | Reward:  3963.91
Total T:  528567 | Ep: 2781 | Steps: 1000 | Reward:  3716.43
Total T:  529567 | Ep: 2782 | Steps: 1000 | Reward:  3777.79
---------------------------------------
Evaluation over 10 episodes: 2744.376
---------------------------------------
Total T:  530567 | Ep: 2783 | Steps: 1000 | Reward:  3850.69
Total T:  531567 | Ep: 2784 | Steps: 1000 | Reward:  4200.53
Total T:  532285 | Ep: 2785 | Steps:  718 | Reward:  2860.10
Total T:  532979 | Ep: 2786 | Steps:  694 | Reward:  2988.80
Total T:  533979 | Ep: 2787 | Steps: 1000 | Reward:  3811.37
Total T:  534979 | Ep: 2788 | Steps: 1000 | Reward:  4054.42
Total T:  535979 | Ep: 2789 | Steps: 1000 | Reward:  3634.30
Total T:  536979 | Ep: 2790 | Steps: 1000 | Reward:  4039.62
Total T:  537979 | Ep: 2791 | Steps: 1000 | Reward:  3864.82
Total T:  538979 | Ep: 2792 | Steps: 1000 | Reward:  3701.13
Total T:  539979 | Ep: 2793 | Steps: 1000 | Reward:  4083.27
---------------------------------------
Evaluation over 10 episodes: 3797.190
---------------------------------------
Total T:  540979 | Ep: 2794 | Steps: 1000 | Reward:  3955.96
Total T:  541979 | Ep: 2795 | Steps: 1000 | Reward:  3719.29
Total T:  542979 | Ep: 2796 | Steps: 1000 | Reward:  3716.60
Total T:  543979 | Ep: 2797 | Steps: 1000 | Reward:  3750.09
Total T:  544979 | Ep: 2798 | Steps: 1000 | Reward:  3953.28
Total T:  545979 | Ep: 2799 | Steps: 1000 | Reward:  3948.42
Total T:  546979 | Ep: 2800 | Steps: 1000 | Reward:  4052.34
Total T:  547979 | Ep: 2801 | Steps: 1000 | Reward:  4070.98
Total T:  548979 | Ep: 2802 | Steps: 1000 | Reward:  3890.29
Total T:  549979 | Ep: 2803 | Steps: 1000 | Reward:  3507.98
---------------------------------------
Evaluation over 10 episodes: 3671.232
---------------------------------------
Total T:  550979 | Ep: 2804 | Steps: 1000 | Reward:  4121.19
Total T:  551756 | Ep: 2805 | Steps:  777 | Reward:  3042.96
Total T:  552756 | Ep: 2806 | Steps: 1000 | Reward:  3776.57
Total T:  553756 | Ep: 2807 | Steps: 1000 | Reward:  4011.80
Total T:  554756 | Ep: 2808 | Steps: 1000 | Reward:  3698.08
Total T:  555756 | Ep: 2809 | Steps: 1000 | Reward:  3913.94
Total T:  556756 | Ep: 2810 | Steps: 1000 | Reward:  3749.01
Total T:  557440 | Ep: 2811 | Steps:  684 | Reward:  2709.69
Total T:  558440 | Ep: 2812 | Steps: 1000 | Reward:  3951.96
Total T:  559440 | Ep: 2813 | Steps: 1000 | Reward:  3914.36
---------------------------------------
Evaluation over 10 episodes: 3859.508
---------------------------------------
Total T:  560440 | Ep: 2814 | Steps: 1000 | Reward:  3857.17
Total T:  561297 | Ep: 2815 | Steps:  857 | Reward:  3347.57
Total T:  561656 | Ep: 2816 | Steps:  359 | Reward:  1321.94
Total T:  562656 | Ep: 2817 | Steps: 1000 | Reward:  3791.39
Total T:  563656 | Ep: 2818 | Steps: 1000 | Reward:  3921.38
Total T:  564656 | Ep: 2819 | Steps: 1000 | Reward:  3877.27
Total T:  565656 | Ep: 2820 | Steps: 1000 | Reward:  3892.26
Total T:  566656 | Ep: 2821 | Steps: 1000 | Reward:  3791.52
Total T:  567656 | Ep: 2822 | Steps: 1000 | Reward:  3941.16
Total T:  568656 | Ep: 2823 | Steps: 1000 | Reward:  3710.02
Total T:  569588 | Ep: 2824 | Steps:  932 | Reward:  3773.16
---------------------------------------
Evaluation over 10 episodes: 3015.975
---------------------------------------
Total T:  570588 | Ep: 2825 | Steps: 1000 | Reward:  3798.40
Total T:  571588 | Ep: 2826 | Steps: 1000 | Reward:  4056.86
Total T:  572588 | Ep: 2827 | Steps: 1000 | Reward:  3932.83
Total T:  573311 | Ep: 2828 | Steps:  723 | Reward:  2832.22
Total T:  574090 | Ep: 2829 | Steps:  779 | Reward:  3038.45
Total T:  575090 | Ep: 2830 | Steps: 1000 | Reward:  4126.89
Total T:  576090 | Ep: 2831 | Steps: 1000 | Reward:  4058.28
Total T:  577090 | Ep: 2832 | Steps: 1000 | Reward:  3977.79
Total T:  578090 | Ep: 2833 | Steps: 1000 | Reward:  4033.75
Total T:  579090 | Ep: 2834 | Steps: 1000 | Reward:  4269.02
---------------------------------------
Evaluation over 10 episodes: 3366.085
---------------------------------------
Total T:  580090 | Ep: 2835 | Steps: 1000 | Reward:  3984.83
Total T:  580649 | Ep: 2836 | Steps:  559 | Reward:  2112.71
Total T:  581649 | Ep: 2837 | Steps: 1000 | Reward:  3975.09
Total T:  582649 | Ep: 2838 | Steps: 1000 | Reward:  4100.86
Total T:  582955 | Ep: 2839 | Steps:  306 | Reward:  1088.15
Total T:  583955 | Ep: 2840 | Steps: 1000 | Reward:  3790.69
Total T:  584955 | Ep: 2841 | Steps: 1000 | Reward:  3658.59
Total T:  585955 | Ep: 2842 | Steps: 1000 | Reward:  3988.36
Total T:  586929 | Ep: 2843 | Steps:  974 | Reward:  3893.25
Total T:  587929 | Ep: 2844 | Steps: 1000 | Reward:  3665.48
Total T:  588929 | Ep: 2845 | Steps: 1000 | Reward:  3794.84
Total T:  589764 | Ep: 2846 | Steps:  835 | Reward:  3465.72
---------------------------------------
Evaluation over 10 episodes: 3922.328
---------------------------------------
Total T:  590764 | Ep: 2847 | Steps: 1000 | Reward:  3818.77
Total T:  591764 | Ep: 2848 | Steps: 1000 | Reward:  4021.57
Total T:  592764 | Ep: 2849 | Steps: 1000 | Reward:  3988.56
Total T:  593667 | Ep: 2850 | Steps:  903 | Reward:  3736.16
Total T:  594667 | Ep: 2851 | Steps: 1000 | Reward:  4129.48
Total T:  595667 | Ep: 2852 | Steps: 1000 | Reward:  3901.50
Total T:  596667 | Ep: 2853 | Steps: 1000 | Reward:  4016.73
Total T:  597667 | Ep: 2854 | Steps: 1000 | Reward:  3989.75
Total T:  598112 | Ep: 2855 | Steps:  445 | Reward:  1649.93
Total T:  598319 | Ep: 2856 | Steps:  207 | Reward:   593.68
Total T:  599319 | Ep: 2857 | Steps: 1000 | Reward:  3773.32
---------------------------------------
Evaluation over 10 episodes: 3395.251
---------------------------------------
Total T:  600319 | Ep: 2858 | Steps: 1000 | Reward:  4029.21
Total T:  601319 | Ep: 2859 | Steps: 1000 | Reward:  3897.86
Total T:  602026 | Ep: 2860 | Steps:  707 | Reward:  2801.31
Total T:  602674 | Ep: 2861 | Steps:  648 | Reward:  2494.06
Total T:  603674 | Ep: 2862 | Steps: 1000 | Reward:  3838.29
Total T:  604674 | Ep: 2863 | Steps: 1000 | Reward:  3960.63
Total T:  605674 | Ep: 2864 | Steps: 1000 | Reward:  4006.78
Total T:  606674 | Ep: 2865 | Steps: 1000 | Reward:  3940.71
Total T:  606977 | Ep: 2866 | Steps:  303 | Reward:  1093.52
Total T:  607534 | Ep: 2867 | Steps:  557 | Reward:  2223.03
Total T:  608217 | Ep: 2868 | Steps:  683 | Reward:  2756.78
Total T:  609053 | Ep: 2869 | Steps:  836 | Reward:  3382.37
Total T:  609443 | Ep: 2870 | Steps:  390 | Reward:  1471.85
---------------------------------------
Evaluation over 10 episodes: 3462.233
---------------------------------------
Total T:  610443 | Ep: 2871 | Steps: 1000 | Reward:  3864.05
Total T:  611443 | Ep: 2872 | Steps: 1000 | Reward:  3883.45
Total T:  612443 | Ep: 2873 | Steps: 1000 | Reward:  4085.16
Total T:  613044 | Ep: 2874 | Steps:  601 | Reward:  2320.44
Total T:  614044 | Ep: 2875 | Steps: 1000 | Reward:  3741.67
Total T:  615044 | Ep: 2876 | Steps: 1000 | Reward:  4026.79
Total T:  616044 | Ep: 2877 | Steps: 1000 | Reward:  4222.26
Total T:  616508 | Ep: 2878 | Steps:  464 | Reward:  1819.44
Total T:  617508 | Ep: 2879 | Steps: 1000 | Reward:  4243.73
Total T:  618508 | Ep: 2880 | Steps: 1000 | Reward:  4277.14
Total T:  619508 | Ep: 2881 | Steps: 1000 | Reward:  4203.71
---------------------------------------
Evaluation over 10 episodes: 3853.144
---------------------------------------
Total T:  620405 | Ep: 2882 | Steps:  897 | Reward:  3680.74
Total T:  621405 | Ep: 2883 | Steps: 1000 | Reward:  3978.47
Total T:  622077 | Ep: 2884 | Steps:  672 | Reward:  2644.12
Total T:  622814 | Ep: 2885 | Steps:  737 | Reward:  2894.78
Total T:  623783 | Ep: 2886 | Steps:  969 | Reward:  3913.22
Total T:  624783 | Ep: 2887 | Steps: 1000 | Reward:  4018.51
Total T:  625331 | Ep: 2888 | Steps:  548 | Reward:  2133.53
Total T:  626331 | Ep: 2889 | Steps: 1000 | Reward:  3943.53
Total T:  627331 | Ep: 2890 | Steps: 1000 | Reward:  4063.06
Total T:  628331 | Ep: 2891 | Steps: 1000 | Reward:  4217.24
Total T:  629331 | Ep: 2892 | Steps: 1000 | Reward:  3958.69
---------------------------------------
Evaluation over 10 episodes: 3148.998
---------------------------------------
Total T:  630331 | Ep: 2893 | Steps: 1000 | Reward:  4025.00
Total T:  630821 | Ep: 2894 | Steps:  490 | Reward:  1855.13
Total T:  631217 | Ep: 2895 | Steps:  396 | Reward:  1396.38
Total T:  631577 | Ep: 2896 | Steps:  360 | Reward:  1256.81
Total T:  632577 | Ep: 2897 | Steps: 1000 | Reward:  4012.56
Total T:  633577 | Ep: 2898 | Steps: 1000 | Reward:  3801.09
Total T:  633975 | Ep: 2899 | Steps:  398 | Reward:  1433.36
Total T:  634823 | Ep: 2900 | Steps:  848 | Reward:  3472.65
Total T:  635823 | Ep: 2901 | Steps: 1000 | Reward:  3928.55
Total T:  636823 | Ep: 2902 | Steps: 1000 | Reward:  4083.55
Total T:  637823 | Ep: 2903 | Steps: 1000 | Reward:  4022.47
Total T:  638823 | Ep: 2904 | Steps: 1000 | Reward:  4282.55
Total T:  639823 | Ep: 2905 | Steps: 1000 | Reward:  4162.53
---------------------------------------
Evaluation over 10 episodes: 3687.886
---------------------------------------
Total T:  640823 | Ep: 2906 | Steps: 1000 | Reward:  4133.08
Total T:  641823 | Ep: 2907 | Steps: 1000 | Reward:  3928.36
Total T:  642823 | Ep: 2908 | Steps: 1000 | Reward:  4149.24
Total T:  643823 | Ep: 2909 | Steps: 1000 | Reward:  4083.94
Total T:  644823 | Ep: 2910 | Steps: 1000 | Reward:  3950.79
Total T:  645823 | Ep: 2911 | Steps: 1000 | Reward:  4177.82
Total T:  646823 | Ep: 2912 | Steps: 1000 | Reward:  4155.02
Total T:  647823 | Ep: 2913 | Steps: 1000 | Reward:  4163.27
Total T:  648823 | Ep: 2914 | Steps: 1000 | Reward:  4216.32
Total T:  649823 | Ep: 2915 | Steps: 1000 | Reward:  4035.35
---------------------------------------
Evaluation over 10 episodes: 4099.781
---------------------------------------
Total T:  650823 | Ep: 2916 | Steps: 1000 | Reward:  4216.02
Total T:  651823 | Ep: 2917 | Steps: 1000 | Reward:  4115.62
Total T:  652823 | Ep: 2918 | Steps: 1000 | Reward:  4147.83
Total T:  653823 | Ep: 2919 | Steps: 1000 | Reward:  4205.68
Total T:  654823 | Ep: 2920 | Steps: 1000 | Reward:  4192.61
Total T:  655823 | Ep: 2921 | Steps: 1000 | Reward:  4173.11
Total T:  656753 | Ep: 2922 | Steps:  930 | Reward:  3881.44
Total T:  657753 | Ep: 2923 | Steps: 1000 | Reward:  4285.62
Total T:  658753 | Ep: 2924 | Steps: 1000 | Reward:  4124.26
Total T:  659753 | Ep: 2925 | Steps: 1000 | Reward:  4112.94
---------------------------------------
Evaluation over 10 episodes: 3843.670
---------------------------------------
Total T:  660753 | Ep: 2926 | Steps: 1000 | Reward:  4072.40
Total T:  661136 | Ep: 2927 | Steps:  383 | Reward:  1398.92
Total T:  662136 | Ep: 2928 | Steps: 1000 | Reward:  3987.55
Total T:  663136 | Ep: 2929 | Steps: 1000 | Reward:  3994.71
Total T:  664136 | Ep: 2930 | Steps: 1000 | Reward:  4070.13
Total T:  665136 | Ep: 2931 | Steps: 1000 | Reward:  3944.57
Total T:  666136 | Ep: 2932 | Steps: 1000 | Reward:  3972.03
Total T:  666941 | Ep: 2933 | Steps:  805 | Reward:  3199.10
Total T:  667941 | Ep: 2934 | Steps: 1000 | Reward:  4171.76
Total T:  668941 | Ep: 2935 | Steps: 1000 | Reward:  4085.75
Total T:  669941 | Ep: 2936 | Steps: 1000 | Reward:  4089.39
---------------------------------------
Evaluation over 10 episodes: 4172.681
---------------------------------------
Total T:  670941 | Ep: 2937 | Steps: 1000 | Reward:  3984.93
Total T:  671941 | Ep: 2938 | Steps: 1000 | Reward:  4161.22
Total T:  672498 | Ep: 2939 | Steps:  557 | Reward:  2166.88
Total T:  672876 | Ep: 2940 | Steps:  378 | Reward:  1465.03
Total T:  673876 | Ep: 2941 | Steps: 1000 | Reward:  4273.68
Total T:  674876 | Ep: 2942 | Steps: 1000 | Reward:  4236.04
Total T:  675876 | Ep: 2943 | Steps: 1000 | Reward:  4289.79
Total T:  676876 | Ep: 2944 | Steps: 1000 | Reward:  4246.76
Total T:  677876 | Ep: 2945 | Steps: 1000 | Reward:  4190.64
Total T:  678876 | Ep: 2946 | Steps: 1000 | Reward:  4116.73
Total T:  679876 | Ep: 2947 | Steps: 1000 | Reward:  4177.77
---------------------------------------
Evaluation over 10 episodes: 4142.125
---------------------------------------
Total T:  680876 | Ep: 2948 | Steps: 1000 | Reward:  4114.55
Total T:  681876 | Ep: 2949 | Steps: 1000 | Reward:  4087.07
Total T:  682876 | Ep: 2950 | Steps: 1000 | Reward:  4222.82
Total T:  683876 | Ep: 2951 | Steps: 1000 | Reward:  4131.14
Total T:  684876 | Ep: 2952 | Steps: 1000 | Reward:  4253.15
Total T:  685876 | Ep: 2953 | Steps: 1000 | Reward:  4173.89
Total T:  686876 | Ep: 2954 | Steps: 1000 | Reward:  4113.80
Total T:  687876 | Ep: 2955 | Steps: 1000 | Reward:  4114.88
Total T:  688876 | Ep: 2956 | Steps: 1000 | Reward:  4086.85
Total T:  689876 | Ep: 2957 | Steps: 1000 | Reward:  4252.61
---------------------------------------
Evaluation over 10 episodes: 4103.221
---------------------------------------
Total T:  690876 | Ep: 2958 | Steps: 1000 | Reward:  4162.65
Total T:  691629 | Ep: 2959 | Steps:  753 | Reward:  3012.35
Total T:  692629 | Ep: 2960 | Steps: 1000 | Reward:  4088.02
Total T:  693629 | Ep: 2961 | Steps: 1000 | Reward:  4096.17
Total T:  694629 | Ep: 2962 | Steps: 1000 | Reward:  4054.42
Total T:  695629 | Ep: 2963 | Steps: 1000 | Reward:  4150.82
Total T:  696629 | Ep: 2964 | Steps: 1000 | Reward:  4053.51
Total T:  697629 | Ep: 2965 | Steps: 1000 | Reward:  4071.98
Total T:  698161 | Ep: 2966 | Steps:  532 | Reward:  1935.43
Total T:  699161 | Ep: 2967 | Steps: 1000 | Reward:  4079.33
---------------------------------------
Evaluation over 10 episodes: 4053.825
---------------------------------------
Total T:  700161 | Ep: 2968 | Steps: 1000 | Reward:  4143.50
Total T:  701161 | Ep: 2969 | Steps: 1000 | Reward:  3954.14
Total T:  702161 | Ep: 2970 | Steps: 1000 | Reward:  3994.38
Total T:  703161 | Ep: 2971 | Steps: 1000 | Reward:  4077.56
Total T:  704161 | Ep: 2972 | Steps: 1000 | Reward:  3977.78
Total T:  705161 | Ep: 2973 | Steps: 1000 | Reward:  4118.79
Total T:  706161 | Ep: 2974 | Steps: 1000 | Reward:  4084.19
Total T:  707161 | Ep: 2975 | Steps: 1000 | Reward:  4168.11
Total T:  708161 | Ep: 2976 | Steps: 1000 | Reward:  4233.68
Total T:  709161 | Ep: 2977 | Steps: 1000 | Reward:  4205.73
---------------------------------------
Evaluation over 10 episodes: 4015.849
---------------------------------------
Total T:  710161 | Ep: 2978 | Steps: 1000 | Reward:  3960.48
Total T:  711161 | Ep: 2979 | Steps: 1000 | Reward:  4028.06
Total T:  712161 | Ep: 2980 | Steps: 1000 | Reward:  4237.70
Total T:  713161 | Ep: 2981 | Steps: 1000 | Reward:  4231.23
Total T:  714044 | Ep: 2982 | Steps:  883 | Reward:  3862.61
Total T:  715044 | Ep: 2983 | Steps: 1000 | Reward:  4154.55
Total T:  716044 | Ep: 2984 | Steps: 1000 | Reward:  4259.13
Total T:  717044 | Ep: 2985 | Steps: 1000 | Reward:  4210.79
Total T:  718044 | Ep: 2986 | Steps: 1000 | Reward:  4134.96
Total T:  719044 | Ep: 2987 | Steps: 1000 | Reward:  4179.02
---------------------------------------
Evaluation over 10 episodes: 4097.843
---------------------------------------
Total T:  720044 | Ep: 2988 | Steps: 1000 | Reward:  4174.87
Total T:  721044 | Ep: 2989 | Steps: 1000 | Reward:  4260.16
Total T:  722044 | Ep: 2990 | Steps: 1000 | Reward:  4082.28
Total T:  723044 | Ep: 2991 | Steps: 1000 | Reward:  4163.39
Total T:  724044 | Ep: 2992 | Steps: 1000 | Reward:  4074.03
Total T:  725044 | Ep: 2993 | Steps: 1000 | Reward:  4331.27
Total T:  726044 | Ep: 2994 | Steps: 1000 | Reward:  4110.85
Total T:  727044 | Ep: 2995 | Steps: 1000 | Reward:  4139.67
Total T:  728044 | Ep: 2996 | Steps: 1000 | Reward:  4078.53
Total T:  729044 | Ep: 2997 | Steps: 1000 | Reward:  4068.14
---------------------------------------
Evaluation over 10 episodes: 4078.137
---------------------------------------
Total T:  730044 | Ep: 2998 | Steps: 1000 | Reward:  4208.29
Total T:  730862 | Ep: 2999 | Steps:  818 | Reward:  3281.62
Total T:  731862 | Ep: 3000 | Steps: 1000 | Reward:  3981.05
Total T:  732319 | Ep: 3001 | Steps:  457 | Reward:  1824.57
Total T:  733319 | Ep: 3002 | Steps: 1000 | Reward:  4193.95
Total T:  734319 | Ep: 3003 | Steps: 1000 | Reward:  3991.82
Total T:  735319 | Ep: 3004 | Steps: 1000 | Reward:  4204.57
Total T:  735913 | Ep: 3005 | Steps:  594 | Reward:  2325.31
Total T:  736913 | Ep: 3006 | Steps: 1000 | Reward:  4138.82
Total T:  737913 | Ep: 3007 | Steps: 1000 | Reward:  4154.46
Total T:  738913 | Ep: 3008 | Steps: 1000 | Reward:  3957.89
Total T:  739913 | Ep: 3009 | Steps: 1000 | Reward:  4117.89
---------------------------------------
Evaluation over 10 episodes: 3950.081
---------------------------------------
Total T:  740913 | Ep: 3010 | Steps: 1000 | Reward:  4097.99
Total T:  741594 | Ep: 3011 | Steps:  681 | Reward:  2687.06
Total T:  742549 | Ep: 3012 | Steps:  955 | Reward:  4055.62
Total T:  743549 | Ep: 3013 | Steps: 1000 | Reward:  4135.40
Total T:  744549 | Ep: 3014 | Steps: 1000 | Reward:  4167.95
Total T:  745549 | Ep: 3015 | Steps: 1000 | Reward:  4239.11
Total T:  746549 | Ep: 3016 | Steps: 1000 | Reward:  4268.51
Total T:  747549 | Ep: 3017 | Steps: 1000 | Reward:  4036.58
Total T:  748549 | Ep: 3018 | Steps: 1000 | Reward:  3983.15
Total T:  749549 | Ep: 3019 | Steps: 1000 | Reward:  4254.12
---------------------------------------
Evaluation over 10 episodes: 3810.046
---------------------------------------
Total T:  750549 | Ep: 3020 | Steps: 1000 | Reward:  4224.65
Total T:  751549 | Ep: 3021 | Steps: 1000 | Reward:  4301.74
Total T:  752549 | Ep: 3022 | Steps: 1000 | Reward:  4162.39
Total T:  753549 | Ep: 3023 | Steps: 1000 | Reward:  4198.98
Total T:  754549 | Ep: 3024 | Steps: 1000 | Reward:  4136.48
Total T:  755549 | Ep: 3025 | Steps: 1000 | Reward:  4327.63
Total T:  756549 | Ep: 3026 | Steps: 1000 | Reward:  4318.47
Total T:  757349 | Ep: 3027 | Steps:  800 | Reward:  3447.68
Total T:  757957 | Ep: 3028 | Steps:  608 | Reward:  2598.40
Total T:  758957 | Ep: 3029 | Steps: 1000 | Reward:  4136.34
Total T:  759957 | Ep: 3030 | Steps: 1000 | Reward:  4008.32
---------------------------------------
Evaluation over 10 episodes: 4063.401
---------------------------------------
Total T:  760957 | Ep: 3031 | Steps: 1000 | Reward:  4112.23
Total T:  761278 | Ep: 3032 | Steps:  321 | Reward:  1218.76
Total T:  762278 | Ep: 3033 | Steps: 1000 | Reward:  4358.09
Total T:  762819 | Ep: 3034 | Steps:  541 | Reward:  2308.44
Total T:  763602 | Ep: 3035 | Steps:  783 | Reward:  3312.57
Total T:  764134 | Ep: 3036 | Steps:  532 | Reward:  2198.86
Total T:  765134 | Ep: 3037 | Steps: 1000 | Reward:  3895.77
Total T:  765883 | Ep: 3038 | Steps:  749 | Reward:  3111.09
Total T:  766626 | Ep: 3039 | Steps:  743 | Reward:  3158.44
Total T:  767312 | Ep: 3040 | Steps:  686 | Reward:  2964.14
Total T:  768312 | Ep: 3041 | Steps: 1000 | Reward:  4286.16
Total T:  769312 | Ep: 3042 | Steps: 1000 | Reward:  4075.72
---------------------------------------
Evaluation over 10 episodes: 3859.881
---------------------------------------
Total T:  770312 | Ep: 3043 | Steps: 1000 | Reward:  4275.90
Total T:  771312 | Ep: 3044 | Steps: 1000 | Reward:  4089.82
Total T:  772150 | Ep: 3045 | Steps:  838 | Reward:  3539.32
Total T:  773150 | Ep: 3046 | Steps: 1000 | Reward:  4368.42
Total T:  774150 | Ep: 3047 | Steps: 1000 | Reward:  4047.97
Total T:  775150 | Ep: 3048 | Steps: 1000 | Reward:  4128.58
Total T:  775583 | Ep: 3049 | Steps:  433 | Reward:  1613.91
Total T:  776583 | Ep: 3050 | Steps: 1000 | Reward:  4069.89
Total T:  777583 | Ep: 3051 | Steps: 1000 | Reward:  4271.81
Total T:  778583 | Ep: 3052 | Steps: 1000 | Reward:  4361.53
Total T:  779583 | Ep: 3053 | Steps: 1000 | Reward:  4381.66
---------------------------------------
Evaluation over 10 episodes: 3948.259
---------------------------------------
Total T:  780151 | Ep: 3054 | Steps:  568 | Reward:  2358.47
Total T:  781151 | Ep: 3055 | Steps: 1000 | Reward:  4406.85
Total T:  782151 | Ep: 3056 | Steps: 1000 | Reward:  4224.01
Total T:  783151 | Ep: 3057 | Steps: 1000 | Reward:  4453.82
Total T:  784151 | Ep: 3058 | Steps: 1000 | Reward:  4327.19
Total T:  785151 | Ep: 3059 | Steps: 1000 | Reward:  4184.52
Total T:  786151 | Ep: 3060 | Steps: 1000 | Reward:  4391.83
Total T:  787151 | Ep: 3061 | Steps: 1000 | Reward:  4326.36
Total T:  788151 | Ep: 3062 | Steps: 1000 | Reward:  4086.47
Total T:  789151 | Ep: 3063 | Steps: 1000 | Reward:  4348.34
---------------------------------------
Evaluation over 10 episodes: 4317.379
---------------------------------------
Total T:  790151 | Ep: 3064 | Steps: 1000 | Reward:  4178.70
Total T:  791151 | Ep: 3065 | Steps: 1000 | Reward:  4266.36
Total T:  792151 | Ep: 3066 | Steps: 1000 | Reward:  4298.92
Total T:  793151 | Ep: 3067 | Steps: 1000 | Reward:  4285.17
Total T:  794151 | Ep: 3068 | Steps: 1000 | Reward:  4236.94
Total T:  795151 | Ep: 3069 | Steps: 1000 | Reward:  4169.97
Total T:  796151 | Ep: 3070 | Steps: 1000 | Reward:  4210.39
Total T:  796838 | Ep: 3071 | Steps:  687 | Reward:  2818.50
Total T:  797838 | Ep: 3072 | Steps: 1000 | Reward:  4122.41
Total T:  798838 | Ep: 3073 | Steps: 1000 | Reward:  4356.98
Total T:  799838 | Ep: 3074 | Steps: 1000 | Reward:  4164.43
---------------------------------------
Evaluation over 10 episodes: 4159.420
---------------------------------------
Total T:  800838 | Ep: 3075 | Steps: 1000 | Reward:  4158.82
Total T:  801838 | Ep: 3076 | Steps: 1000 | Reward:  4278.58
Total T:  802838 | Ep: 3077 | Steps: 1000 | Reward:  4181.84
Total T:  803838 | Ep: 3078 | Steps: 1000 | Reward:  4217.12
Total T:  804838 | Ep: 3079 | Steps: 1000 | Reward:  4202.92
Total T:  805722 | Ep: 3080 | Steps:  884 | Reward:  3889.79
Total T:  806722 | Ep: 3081 | Steps: 1000 | Reward:  4274.55
Total T:  807722 | Ep: 3082 | Steps: 1000 | Reward:  4069.17
Total T:  808722 | Ep: 3083 | Steps: 1000 | Reward:  4373.20
Total T:  809722 | Ep: 3084 | Steps: 1000 | Reward:  4376.05
---------------------------------------
Evaluation over 10 episodes: 4391.411
---------------------------------------
Total T:  810722 | Ep: 3085 | Steps: 1000 | Reward:  4146.20
Total T:  811722 | Ep: 3086 | Steps: 1000 | Reward:  4336.12
Total T:  812722 | Ep: 3087 | Steps: 1000 | Reward:  4500.42
Total T:  813722 | Ep: 3088 | Steps: 1000 | Reward:  4060.21
Total T:  814722 | Ep: 3089 | Steps: 1000 | Reward:  4149.68
Total T:  815722 | Ep: 3090 | Steps: 1000 | Reward:  4456.22
Total T:  816722 | Ep: 3091 | Steps: 1000 | Reward:  4241.93
Total T:  817722 | Ep: 3092 | Steps: 1000 | Reward:  4198.28
Total T:  818722 | Ep: 3093 | Steps: 1000 | Reward:  4222.42
Total T:  819722 | Ep: 3094 | Steps: 1000 | Reward:  4244.48
---------------------------------------
Evaluation over 10 episodes: 4303.092
---------------------------------------
Total T:  820722 | Ep: 3095 | Steps: 1000 | Reward:  4234.44
Total T:  821722 | Ep: 3096 | Steps: 1000 | Reward:  4375.18
Total T:  822722 | Ep: 3097 | Steps: 1000 | Reward:  4152.63
Total T:  823722 | Ep: 3098 | Steps: 1000 | Reward:  4455.22
Total T:  824722 | Ep: 3099 | Steps: 1000 | Reward:  4262.47
Total T:  825722 | Ep: 3100 | Steps: 1000 | Reward:  4293.93
Total T:  826722 | Ep: 3101 | Steps: 1000 | Reward:  4200.01
Total T:  827722 | Ep: 3102 | Steps: 1000 | Reward:  4224.79
Total T:  828722 | Ep: 3103 | Steps: 1000 | Reward:  4350.34
Total T:  829722 | Ep: 3104 | Steps: 1000 | Reward:  4226.14
---------------------------------------
Evaluation over 10 episodes: 4451.628
---------------------------------------
Total T:  830722 | Ep: 3105 | Steps: 1000 | Reward:  4276.47
Total T:  831722 | Ep: 3106 | Steps: 1000 | Reward:  4224.38
Total T:  832722 | Ep: 3107 | Steps: 1000 | Reward:  4368.65
Total T:  833641 | Ep: 3108 | Steps:  919 | Reward:  4022.10
Total T:  834641 | Ep: 3109 | Steps: 1000 | Reward:  4309.76
Total T:  835641 | Ep: 3110 | Steps: 1000 | Reward:  4132.32
Total T:  836641 | Ep: 3111 | Steps: 1000 | Reward:  4255.70
Total T:  837641 | Ep: 3112 | Steps: 1000 | Reward:  4381.03
Total T:  838641 | Ep: 3113 | Steps: 1000 | Reward:  4331.84
Total T:  839641 | Ep: 3114 | Steps: 1000 | Reward:  4240.48
---------------------------------------
Evaluation over 10 episodes: 4472.560
---------------------------------------
Total T:  840641 | Ep: 3115 | Steps: 1000 | Reward:  4669.48
Total T:  841641 | Ep: 3116 | Steps: 1000 | Reward:  4282.89
Total T:  842641 | Ep: 3117 | Steps: 1000 | Reward:  4192.13
Total T:  843641 | Ep: 3118 | Steps: 1000 | Reward:  4434.68
Total T:  844641 | Ep: 3119 | Steps: 1000 | Reward:  4355.11
Total T:  845641 | Ep: 3120 | Steps: 1000 | Reward:  4359.83
Total T:  846641 | Ep: 3121 | Steps: 1000 | Reward:  4331.37
Total T:  847641 | Ep: 3122 | Steps: 1000 | Reward:  4341.55
Total T:  848641 | Ep: 3123 | Steps: 1000 | Reward:  4507.79
Total T:  849641 | Ep: 3124 | Steps: 1000 | Reward:  4242.56
---------------------------------------
Evaluation over 10 episodes: 4015.263
---------------------------------------
Total T:  850641 | Ep: 3125 | Steps: 1000 | Reward:  4408.39
Total T:  851641 | Ep: 3126 | Steps: 1000 | Reward:  4453.93
Total T:  852641 | Ep: 3127 | Steps: 1000 | Reward:  4214.07
Total T:  853641 | Ep: 3128 | Steps: 1000 | Reward:  4587.66
Total T:  854641 | Ep: 3129 | Steps: 1000 | Reward:  4546.55
Total T:  855641 | Ep: 3130 | Steps: 1000 | Reward:  4297.62
Total T:  856641 | Ep: 3131 | Steps: 1000 | Reward:  4573.81
Total T:  857641 | Ep: 3132 | Steps: 1000 | Reward:  4492.14
Total T:  858641 | Ep: 3133 | Steps: 1000 | Reward:  4290.25
Total T:  859641 | Ep: 3134 | Steps: 1000 | Reward:  4384.24
---------------------------------------
Evaluation over 10 episodes: 4403.594
---------------------------------------
Total T:  860641 | Ep: 3135 | Steps: 1000 | Reward:  4405.44
Total T:  861641 | Ep: 3136 | Steps: 1000 | Reward:  4621.33
Total T:  862219 | Ep: 3137 | Steps:  578 | Reward:  2605.35
Total T:  863219 | Ep: 3138 | Steps: 1000 | Reward:  4441.17
Total T:  864219 | Ep: 3139 | Steps: 1000 | Reward:  4383.54
Total T:  865219 | Ep: 3140 | Steps: 1000 | Reward:  4281.05
Total T:  866219 | Ep: 3141 | Steps: 1000 | Reward:  4338.66
Total T:  867219 | Ep: 3142 | Steps: 1000 | Reward:  4351.72
Total T:  868219 | Ep: 3143 | Steps: 1000 | Reward:  4518.02
Total T:  869219 | Ep: 3144 | Steps: 1000 | Reward:  4352.84
---------------------------------------
Evaluation over 10 episodes: 4046.905
---------------------------------------
Total T:  870219 | Ep: 3145 | Steps: 1000 | Reward:  4308.66
Total T:  871219 | Ep: 3146 | Steps: 1000 | Reward:  4373.76
Total T:  872219 | Ep: 3147 | Steps: 1000 | Reward:  4355.54
Total T:  873219 | Ep: 3148 | Steps: 1000 | Reward:  4474.25
Total T:  874219 | Ep: 3149 | Steps: 1000 | Reward:  4493.56
Total T:  875219 | Ep: 3150 | Steps: 1000 | Reward:  4370.57
Total T:  876097 | Ep: 3151 | Steps:  878 | Reward:  3792.24
Total T:  877097 | Ep: 3152 | Steps: 1000 | Reward:  4385.50
Total T:  878097 | Ep: 3153 | Steps: 1000 | Reward:  4304.02
Total T:  879097 | Ep: 3154 | Steps: 1000 | Reward:  4561.00
---------------------------------------
Evaluation over 10 episodes: 4296.256
---------------------------------------
Total T:  880097 | Ep: 3155 | Steps: 1000 | Reward:  4385.13
Total T:  881097 | Ep: 3156 | Steps: 1000 | Reward:  4436.61
Total T:  882097 | Ep: 3157 | Steps: 1000 | Reward:  4509.74
Total T:  883097 | Ep: 3158 | Steps: 1000 | Reward:  4517.65
Total T:  884097 | Ep: 3159 | Steps: 1000 | Reward:  4572.87
Total T:  885097 | Ep: 3160 | Steps: 1000 | Reward:  4658.46
Total T:  886097 | Ep: 3161 | Steps: 1000 | Reward:  4298.57
Total T:  887097 | Ep: 3162 | Steps: 1000 | Reward:  4413.10
Total T:  888097 | Ep: 3163 | Steps: 1000 | Reward:  4198.49
Total T:  889097 | Ep: 3164 | Steps: 1000 | Reward:  4261.94
---------------------------------------
Evaluation over 10 episodes: 4416.190
---------------------------------------
Total T:  890097 | Ep: 3165 | Steps: 1000 | Reward:  4338.34
Total T:  891097 | Ep: 3166 | Steps: 1000 | Reward:  4361.78
Total T:  892097 | Ep: 3167 | Steps: 1000 | Reward:  4450.20
Total T:  893097 | Ep: 3168 | Steps: 1000 | Reward:  4243.92
Total T:  894097 | Ep: 3169 | Steps: 1000 | Reward:  4353.37
Total T:  895097 | Ep: 3170 | Steps: 1000 | Reward:  4391.00
Total T:  896097 | Ep: 3171 | Steps: 1000 | Reward:  4433.64
Total T:  897097 | Ep: 3172 | Steps: 1000 | Reward:  4353.97
Total T:  898097 | Ep: 3173 | Steps: 1000 | Reward:  4439.02
Total T:  899097 | Ep: 3174 | Steps: 1000 | Reward:  4506.82
---------------------------------------
Evaluation over 10 episodes: 3589.520
---------------------------------------
Total T:  900097 | Ep: 3175 | Steps: 1000 | Reward:  4350.99
Total T:  901097 | Ep: 3176 | Steps: 1000 | Reward:  4471.01
Total T:  902097 | Ep: 3177 | Steps: 1000 | Reward:  4468.45
Total T:  903097 | Ep: 3178 | Steps: 1000 | Reward:  4419.11
Total T:  904097 | Ep: 3179 | Steps: 1000 | Reward:  4282.44
Total T:  905097 | Ep: 3180 | Steps: 1000 | Reward:  4319.55
Total T:  906097 | Ep: 3181 | Steps: 1000 | Reward:  4349.99
Total T:  907097 | Ep: 3182 | Steps: 1000 | Reward:  4543.74
Total T:  908097 | Ep: 3183 | Steps: 1000 | Reward:  4431.73
Total T:  909097 | Ep: 3184 | Steps: 1000 | Reward:  4477.55
---------------------------------------
Evaluation over 10 episodes: 4539.665
---------------------------------------
Total T:  910097 | Ep: 3185 | Steps: 1000 | Reward:  4390.98
Total T:  911097 | Ep: 3186 | Steps: 1000 | Reward:  4450.61
Total T:  912097 | Ep: 3187 | Steps: 1000 | Reward:  4352.27
Total T:  913097 | Ep: 3188 | Steps: 1000 | Reward:  4353.58
Total T:  914097 | Ep: 3189 | Steps: 1000 | Reward:  4544.53
Total T:  915097 | Ep: 3190 | Steps: 1000 | Reward:  4370.28
Total T:  916097 | Ep: 3191 | Steps: 1000 | Reward:  4356.39
Total T:  917097 | Ep: 3192 | Steps: 1000 | Reward:  4429.43
Total T:  918097 | Ep: 3193 | Steps: 1000 | Reward:  4394.19
Total T:  919097 | Ep: 3194 | Steps: 1000 | Reward:  4418.75
---------------------------------------
Evaluation over 10 episodes: 4408.819
---------------------------------------
Total T:  920097 | Ep: 3195 | Steps: 1000 | Reward:  4582.34
Total T:  921097 | Ep: 3196 | Steps: 1000 | Reward:  4487.96
Total T:  922097 | Ep: 3197 | Steps: 1000 | Reward:  4353.79
Total T:  923097 | Ep: 3198 | Steps: 1000 | Reward:  4382.73
Total T:  924097 | Ep: 3199 | Steps: 1000 | Reward:  4449.92
Total T:  925097 | Ep: 3200 | Steps: 1000 | Reward:  4307.42
Total T:  926097 | Ep: 3201 | Steps: 1000 | Reward:  4379.86
Total T:  927097 | Ep: 3202 | Steps: 1000 | Reward:  4323.24
Total T:  927844 | Ep: 3203 | Steps:  747 | Reward:  3176.30
Total T:  928844 | Ep: 3204 | Steps: 1000 | Reward:  4456.75
Total T:  929844 | Ep: 3205 | Steps: 1000 | Reward:  4638.84
---------------------------------------
Evaluation over 10 episodes: 4143.758
---------------------------------------
Total T:  930844 | Ep: 3206 | Steps: 1000 | Reward:  4339.49
Total T:  931844 | Ep: 3207 | Steps: 1000 | Reward:  4418.42
Total T:  932844 | Ep: 3208 | Steps: 1000 | Reward:  4187.84
Total T:  933844 | Ep: 3209 | Steps: 1000 | Reward:  4425.50
Total T:  934844 | Ep: 3210 | Steps: 1000 | Reward:  4452.95
Total T:  935844 | Ep: 3211 | Steps: 1000 | Reward:  4376.56
Total T:  936757 | Ep: 3212 | Steps:  913 | Reward:  4027.10
Total T:  937757 | Ep: 3213 | Steps: 1000 | Reward:  4434.90
Total T:  938757 | Ep: 3214 | Steps: 1000 | Reward:  4409.29
Total T:  939757 | Ep: 3215 | Steps: 1000 | Reward:  4575.40
---------------------------------------
Evaluation over 10 episodes: 4208.912
---------------------------------------
Total T:  940757 | Ep: 3216 | Steps: 1000 | Reward:  4414.75
Total T:  941757 | Ep: 3217 | Steps: 1000 | Reward:  4405.55
Total T:  942757 | Ep: 3218 | Steps: 1000 | Reward:  4508.88
Total T:  943757 | Ep: 3219 | Steps: 1000 | Reward:  4215.44
Total T:  944346 | Ep: 3220 | Steps:  589 | Reward:  2556.50
Total T:  945346 | Ep: 3221 | Steps: 1000 | Reward:  4348.70
Total T:  946346 | Ep: 3222 | Steps: 1000 | Reward:  4437.94
Total T:  947346 | Ep: 3223 | Steps: 1000 | Reward:  4387.67
Total T:  948346 | Ep: 3224 | Steps: 1000 | Reward:  4482.34
Total T:  949173 | Ep: 3225 | Steps:  827 | Reward:  3608.95
---------------------------------------
Evaluation over 10 episodes: 4406.203
---------------------------------------
Total T:  950173 | Ep: 3226 | Steps: 1000 | Reward:  4590.87
Total T:  951173 | Ep: 3227 | Steps: 1000 | Reward:  4416.67
Total T:  952173 | Ep: 3228 | Steps: 1000 | Reward:  4490.64
Total T:  953173 | Ep: 3229 | Steps: 1000 | Reward:  4546.28
Total T:  954173 | Ep: 3230 | Steps: 1000 | Reward:  4448.09
Total T:  955173 | Ep: 3231 | Steps: 1000 | Reward:  4552.67
Total T:  956173 | Ep: 3232 | Steps: 1000 | Reward:  4148.02
Total T:  956927 | Ep: 3233 | Steps:  754 | Reward:  3325.43
Total T:  957927 | Ep: 3234 | Steps: 1000 | Reward:  4418.89
Total T:  958927 | Ep: 3235 | Steps: 1000 | Reward:  4438.93
Total T:  959927 | Ep: 3236 | Steps: 1000 | Reward:  4403.39
---------------------------------------
Evaluation over 10 episodes: 4508.092
---------------------------------------
Total T:  960927 | Ep: 3237 | Steps: 1000 | Reward:  4454.30
Total T:  961927 | Ep: 3238 | Steps: 1000 | Reward:  4525.00
Total T:  962927 | Ep: 3239 | Steps: 1000 | Reward:  4408.63
Total T:  963927 | Ep: 3240 | Steps: 1000 | Reward:  4323.03
Total T:  964927 | Ep: 3241 | Steps: 1000 | Reward:  4549.71
Total T:  965927 | Ep: 3242 | Steps: 1000 | Reward:  4543.04
Total T:  966927 | Ep: 3243 | Steps: 1000 | Reward:  4448.41
Total T:  967927 | Ep: 3244 | Steps: 1000 | Reward:  4479.59
Total T:  968927 | Ep: 3245 | Steps: 1000 | Reward:  4356.58
Total T:  969927 | Ep: 3246 | Steps: 1000 | Reward:  4413.01
---------------------------------------
Evaluation over 10 episodes: 4416.141
---------------------------------------
Total T:  970759 | Ep: 3247 | Steps:  832 | Reward:  3657.34
Total T:  971759 | Ep: 3248 | Steps: 1000 | Reward:  4475.22
Total T:  972281 | Ep: 3249 | Steps:  522 | Reward:  2267.64
Total T:  973281 | Ep: 3250 | Steps: 1000 | Reward:  4326.72
Total T:  974281 | Ep: 3251 | Steps: 1000 | Reward:  4417.71
Total T:  974908 | Ep: 3252 | Steps:  627 | Reward:  2661.96
Total T:  975908 | Ep: 3253 | Steps: 1000 | Reward:  4262.53
Total T:  976908 | Ep: 3254 | Steps: 1000 | Reward:  4440.10
Total T:  977908 | Ep: 3255 | Steps: 1000 | Reward:  4555.48
Total T:  978735 | Ep: 3256 | Steps:  827 | Reward:  3676.71
Total T:  979735 | Ep: 3257 | Steps: 1000 | Reward:  4486.74
---------------------------------------
Evaluation over 10 episodes: 4513.111
---------------------------------------
Total T:  980735 | Ep: 3258 | Steps: 1000 | Reward:  4477.48
Total T:  981735 | Ep: 3259 | Steps: 1000 | Reward:  4451.92
Total T:  982735 | Ep: 3260 | Steps: 1000 | Reward:  4346.11
Total T:  983735 | Ep: 3261 | Steps: 1000 | Reward:  4408.84
Total T:  984735 | Ep: 3262 | Steps: 1000 | Reward:  4449.29
Total T:  985735 | Ep: 3263 | Steps: 1000 | Reward:  4506.51
Total T:  986735 | Ep: 3264 | Steps: 1000 | Reward:  4570.47
Total T:  987735 | Ep: 3265 | Steps: 1000 | Reward:  4485.42
Total T:  988735 | Ep: 3266 | Steps: 1000 | Reward:  4599.92
Total T:  989735 | Ep: 3267 | Steps: 1000 | Reward:  4456.91
---------------------------------------
Evaluation over 10 episodes: 4550.714
---------------------------------------
Total T:  990735 | Ep: 3268 | Steps: 1000 | Reward:  4462.43
Total T:  991735 | Ep: 3269 | Steps: 1000 | Reward:  4716.66
Total T:  992735 | Ep: 3270 | Steps: 1000 | Reward:  4515.63
Total T:  993735 | Ep: 3271 | Steps: 1000 | Reward:  4469.09
Total T:  994735 | Ep: 3272 | Steps: 1000 | Reward:  4510.42
Total T:  995735 | Ep: 3273 | Steps: 1000 | Reward:  4390.91
Total T:  996735 | Ep: 3274 | Steps: 1000 | Reward:  4381.27
Total T:  997735 | Ep: 3275 | Steps: 1000 | Reward:  4399.13
Total T:  998376 | Ep: 3276 | Steps:  641 | Reward:  2761.31
Total T:  999376 | Ep: 3277 | Steps: 1000 | Reward:  4485.68
---------------------------------------
Evaluation over 10 episodes: 4436.410
---------------------------------------

[main] Model saved:
        actor  -> C:\Users\mohamedosama\Downloads\CS515-Deep-RL\TD3_algorithm\runs\td3_sweep_walker2d-v4_seed1_Walker2d-v4_11-05-2026_14-02-46\model_actor
        critic -> C:\Users\mohamedosama\Downloads\CS515-Deep-RL\TD3_algorithm\runs\td3_sweep_walker2d-v4_seed1_Walker2d-v4_11-05-2026_14-02-46\model_critic
[main] Training history -> C:\Users\mohamedosama\Downloads\CS515-Deep-RL\TD3_algorithm\runs\td3_sweep_walker2d-v4_seed1_Walker2d-v4_11-05-2026_14-02-46\episode_rewards.csv
[main] Eval history     -> C:\Users\mohamedosama\Downloads\CS515-Deep-RL\TD3_algorithm\runs\td3_sweep_walker2d-v4_seed1_Walker2d-v4_11-05-2026_14-02-46\eval_rewards.csv
[main] Summary          -> C:\Users\mohamedosama\Downloads\CS515-Deep-RL\TD3_algorithm\runs\td3_sweep_walker2d-v4_seed1_Walker2d-v4_11-05-2026_14-02-46\summary.json
[main] Unified eval -> C:\Users\mohamedosama\Downloads\CS515-Deep-RL\results\continuous\td3\walker2d-v4\seed_1.npy
[main] Wallclock    -> C:\Users\mohamedosama\Downloads\CS515-Deep-RL\results\wallclock\continuous\td3\walker2d-v4\seed_1.npy
OMP: Error #15: Initializing libiomp5md.dll, but found libiomp5md.dll already initialized.
OMP: Hint This means that multiple copies of the OpenMP runtime have been linked into the program. That is dangerous, since it can degrade performance or cause incorrect results. The best thing to do is to ensure that only a single OpenMP runtime is linked into the process, e.g. by avoiding static linking of the OpenMP runtime in any library. As an unsafe, unsupported, undocumented workaround you can set the environment variable KMP_DUPLICATE_LIB_OK=TRUE to allow the program to continue to execute, but that may cause crashes or silently produce incorrect results. For more information, please see http://www.intel.com/software/products/support/.
