C:\Users\mohamedosama\AppData\Local\anaconda3\envs\deep_rl\lib\site-packages\gymnasium\core.py:311: UserWarning: [33mWARN: env.seed to get variables from other wrappers is deprecated and will be removed in v1.0, to get this variable you can do `env.unwrapped.seed` for environment variables or `env.get_wrapper_attr('seed')` that will search the reminding wrappers.[0m
  logger.warn(
--------------------------------------------------
Env:        Walker2d-v4
  ob_dim    = 17
  ac_dim    = 6
  max_action= 1.0
Logdir:     C:\Users\mohamedosama\Downloads\CS515-Deep-RL\TD3_algorithm\runs\td3_sweep_walker2d-v4_seed4_Walker2d-v4_11-05-2026_14-07-05
Rendering:  off
--------------------------------------------------
C:\Users\mohamedosama\AppData\Local\anaconda3\envs\deep_rl\lib\site-packages\gymnasium\core.py:311: UserWarning: [33mWARN: env.seed to get variables from other wrappers is deprecated and will be removed in v1.0, to get this variable you can do `env.unwrapped.seed` for environment variables or `env.get_wrapper_attr('seed')` that will search the reminding wrappers.[0m
  logger.warn(
---------------------------------------
Evaluation over 10 episodes: 3.992
---------------------------------------
Total T:      12 | Ep:    1 | Steps:   12 | Reward:     1.63
Total T:      32 | Ep:    2 | Steps:   20 | Reward:     8.13
Total T:      48 | Ep:    3 | Steps:   16 | Reward:     5.23
Total T:      99 | Ep:    4 | Steps:   51 | Reward:    -0.60
Total T:     119 | Ep:    5 | Steps:   20 | Reward:    -9.36
Total T:     128 | Ep:    6 | Steps:    9 | Reward:    -1.53
Total T:     147 | Ep:    7 | Steps:   19 | Reward:     6.14
Total T:     175 | Ep:    8 | Steps:   28 | Reward:    -3.11
Total T:     185 | Ep:    9 | Steps:   10 | Reward:    -1.51
Total T:     195 | Ep:   10 | Steps:   10 | Reward:    -2.39
Total T:     206 | Ep:   11 | Steps:   11 | Reward:    -2.73
Total T:     225 | Ep:   12 | Steps:   19 | Reward:     5.80
Total T:     244 | Ep:   13 | Steps:   19 | Reward:     3.06
Total T:     265 | Ep:   14 | Steps:   21 | Reward:    -3.20
Total T:     305 | Ep:   15 | Steps:   40 | Reward:    28.80
Total T:     330 | Ep:   16 | Steps:   25 | Reward:     7.48
Total T:     342 | Ep:   17 | Steps:   12 | Reward:     2.08
Total T:     358 | Ep:   18 | Steps:   16 | Reward:    -6.19
Total T:     391 | Ep:   19 | Steps:   33 | Reward:    15.50
Total T:     410 | Ep:   20 | Steps:   19 | Reward:     4.48
Total T:     424 | Ep:   21 | Steps:   14 | Reward:    -2.64
Total T:     435 | Ep:   22 | Steps:   11 | Reward:     1.11
Total T:     454 | Ep:   23 | Steps:   19 | Reward:     4.81
Total T:     478 | Ep:   24 | Steps:   24 | Reward:    10.35
Total T:     492 | Ep:   25 | Steps:   14 | Reward:    -0.45
Total T:     510 | Ep:   26 | Steps:   18 | Reward:    -0.59
Total T:     529 | Ep:   27 | Steps:   19 | Reward:     5.35
Total T:     547 | Ep:   28 | Steps:   18 | Reward:    -0.97
Total T:     578 | Ep:   29 | Steps:   31 | Reward:     0.04
Total T:     626 | Ep:   30 | Steps:   48 | Reward:     5.96
Total T:     649 | Ep:   31 | Steps:   23 | Reward:    -0.68
Total T:     664 | Ep:   32 | Steps:   15 | Reward:     5.36
Total T:     687 | Ep:   33 | Steps:   23 | Reward:    -2.98
Total T:     697 | Ep:   34 | Steps:   10 | Reward:    -3.46
Total T:     709 | Ep:   35 | Steps:   12 | Reward:     2.21
Total T:     734 | Ep:   36 | Steps:   25 | Reward:     0.91
Total T:     769 | Ep:   37 | Steps:   35 | Reward:     3.87
Total T:     787 | Ep:   38 | Steps:   18 | Reward:     6.42
Total T:     806 | Ep:   39 | Steps:   19 | Reward:     1.10
Total T:     826 | Ep:   40 | Steps:   20 | Reward:    -7.11
Total T:     835 | Ep:   41 | Steps:    9 | Reward:    -2.29
Total T:     877 | Ep:   42 | Steps:   42 | Reward:    19.71
Total T:     890 | Ep:   43 | Steps:   13 | Reward:     1.51
Total T:     902 | Ep:   44 | Steps:   12 | Reward:     1.46
Total T:     949 | Ep:   45 | Steps:   47 | Reward:     7.89
Total T:     971 | Ep:   46 | Steps:   22 | Reward:     6.89
Total T:     986 | Ep:   47 | Steps:   15 | Reward:    -2.62
Total T:    1003 | Ep:   48 | Steps:   17 | Reward:    -6.74
Total T:    1023 | Ep:   49 | Steps:   20 | Reward:    -4.10
Total T:    1043 | Ep:   50 | Steps:   20 | Reward:     3.89
Total T:    1055 | Ep:   51 | Steps:   12 | Reward:    -0.34
Total T:    1072 | Ep:   52 | Steps:   17 | Reward:     4.16
Total T:    1079 | Ep:   53 | Steps:    7 | Reward:    -3.29
Total T:    1105 | Ep:   54 | Steps:   26 | Reward:     2.19
Total T:    1127 | Ep:   55 | Steps:   22 | Reward:     6.76
Total T:    1146 | Ep:   56 | Steps:   19 | Reward:     5.25
Total T:    1172 | Ep:   57 | Steps:   26 | Reward:    -1.37
Total T:    1193 | Ep:   58 | Steps:   21 | Reward:    -1.59
Total T:    1220 | Ep:   59 | Steps:   27 | Reward:     6.21
Total T:    1233 | Ep:   60 | Steps:   13 | Reward:    -5.22
Total T:    1264 | Ep:   61 | Steps:   31 | Reward:     0.78
Total T:    1276 | Ep:   62 | Steps:   12 | Reward:    -2.16
Total T:    1293 | Ep:   63 | Steps:   17 | Reward:     6.49
Total T:    1310 | Ep:   64 | Steps:   17 | Reward:    -1.46
Total T:    1338 | Ep:   65 | Steps:   28 | Reward:     2.66
Total T:    1347 | Ep:   66 | Steps:    9 | Reward:    -0.98
Total T:    1361 | Ep:   67 | Steps:   14 | Reward:    -3.89
Total T:    1378 | Ep:   68 | Steps:   17 | Reward:    -0.26
Total T:    1408 | Ep:   69 | Steps:   30 | Reward:     4.92
Total T:    1426 | Ep:   70 | Steps:   18 | Reward:     4.35
Total T:    1437 | Ep:   71 | Steps:   11 | Reward:    -1.07
Total T:    1468 | Ep:   72 | Steps:   31 | Reward:     8.05
Total T:    1507 | Ep:   73 | Steps:   39 | Reward:    16.79
Total T:    1524 | Ep:   74 | Steps:   17 | Reward:     6.34
Total T:    1540 | Ep:   75 | Steps:   16 | Reward:     0.59
Total T:    1554 | Ep:   76 | Steps:   14 | Reward:     3.17
Total T:    1574 | Ep:   77 | Steps:   20 | Reward:     7.62
Total T:    1606 | Ep:   78 | Steps:   32 | Reward:     5.70
Total T:    1631 | Ep:   79 | Steps:   25 | Reward:     2.81
Total T:    1647 | Ep:   80 | Steps:   16 | Reward:     2.04
Total T:    1676 | Ep:   81 | Steps:   29 | Reward:    10.58
Total T:    1688 | Ep:   82 | Steps:   12 | Reward:     0.07
Total T:    1705 | Ep:   83 | Steps:   17 | Reward:     4.16
Total T:    1729 | Ep:   84 | Steps:   24 | Reward:     2.83
Total T:    1774 | Ep:   85 | Steps:   45 | Reward:    21.38
Total T:    1808 | Ep:   86 | Steps:   34 | Reward:     5.61
Total T:    1836 | Ep:   87 | Steps:   28 | Reward:     4.53
Total T:    1857 | Ep:   88 | Steps:   21 | Reward:     0.12
Total T:    1871 | Ep:   89 | Steps:   14 | Reward:     0.52
Total T:    1919 | Ep:   90 | Steps:   48 | Reward:    -5.13
Total T:    1939 | Ep:   91 | Steps:   20 | Reward:    -0.91
Total T:    1961 | Ep:   92 | Steps:   22 | Reward:     8.21
Total T:    1985 | Ep:   93 | Steps:   24 | Reward:     5.07
Total T:    2001 | Ep:   94 | Steps:   16 | Reward:     2.13
Total T:    2033 | Ep:   95 | Steps:   32 | Reward:     1.72
Total T:    2052 | Ep:   96 | Steps:   19 | Reward:     4.39
Total T:    2073 | Ep:   97 | Steps:   21 | Reward:     2.83
Total T:    2095 | Ep:   98 | Steps:   22 | Reward:    -8.97
Total T:    2118 | Ep:   99 | Steps:   23 | Reward:     3.88
Total T:    2138 | Ep:  100 | Steps:   20 | Reward:    -1.87
Total T:    2159 | Ep:  101 | Steps:   21 | Reward:     1.98
Total T:    2172 | Ep:  102 | Steps:   13 | Reward:     2.19
Total T:    2192 | Ep:  103 | Steps:   20 | Reward:     1.29
Total T:    2214 | Ep:  104 | Steps:   22 | Reward:    -5.59
Total T:    2226 | Ep:  105 | Steps:   12 | Reward:     1.18
Total T:    2249 | Ep:  106 | Steps:   23 | Reward:    -4.40
Total T:    2276 | Ep:  107 | Steps:   27 | Reward:     4.85
Total T:    2287 | Ep:  108 | Steps:   11 | Reward:     1.98
Total T:    2304 | Ep:  109 | Steps:   17 | Reward:     3.65
Total T:    2317 | Ep:  110 | Steps:   13 | Reward:     0.87
Total T:    2340 | Ep:  111 | Steps:   23 | Reward:     4.67
Total T:    2362 | Ep:  112 | Steps:   22 | Reward:     3.44
Total T:    2379 | Ep:  113 | Steps:   17 | Reward:    -1.77
Total T:    2404 | Ep:  114 | Steps:   25 | Reward:    -0.94
Total T:    2414 | Ep:  115 | Steps:   10 | Reward:    -1.01
Total T:    2443 | Ep:  116 | Steps:   29 | Reward:     3.62
Total T:    2456 | Ep:  117 | Steps:   13 | Reward:    -0.25
Total T:    2486 | Ep:  118 | Steps:   30 | Reward:     2.49
Total T:    2503 | Ep:  119 | Steps:   17 | Reward:     6.68
Total T:    2540 | Ep:  120 | Steps:   37 | Reward:    13.15
Total T:    2558 | Ep:  121 | Steps:   18 | Reward:     4.44
Total T:    2585 | Ep:  122 | Steps:   27 | Reward:    -0.13
Total T:    2604 | Ep:  123 | Steps:   19 | Reward:    -4.21
Total T:    2614 | Ep:  124 | Steps:   10 | Reward:    -1.24
Total T:    2639 | Ep:  125 | Steps:   25 | Reward:     9.09
Total T:    2655 | Ep:  126 | Steps:   16 | Reward:     3.57
Total T:    2667 | Ep:  127 | Steps:   12 | Reward:    -1.57
Total T:    2687 | Ep:  128 | Steps:   20 | Reward:     0.74
Total T:    2705 | Ep:  129 | Steps:   18 | Reward:     3.23
Total T:    2740 | Ep:  130 | Steps:   35 | Reward:     9.09
Total T:    2751 | Ep:  131 | Steps:   11 | Reward:    -3.83
Total T:    2770 | Ep:  132 | Steps:   19 | Reward:    -0.85
Total T:    2791 | Ep:  133 | Steps:   21 | Reward:     7.54
Total T:    2811 | Ep:  134 | Steps:   20 | Reward:    -7.38
Total T:    2824 | Ep:  135 | Steps:   13 | Reward:    -1.95
Total T:    2852 | Ep:  136 | Steps:   28 | Reward:    -2.49
Total T:    2871 | Ep:  137 | Steps:   19 | Reward:     4.20
Total T:    2885 | Ep:  138 | Steps:   14 | Reward:     1.80
Total T:    2919 | Ep:  139 | Steps:   34 | Reward:     0.90
Total T:    2938 | Ep:  140 | Steps:   19 | Reward:     3.91
Total T:    2946 | Ep:  141 | Steps:    8 | Reward:    -3.26
Total T:    2960 | Ep:  142 | Steps:   14 | Reward:    -0.68
Total T:    2992 | Ep:  143 | Steps:   32 | Reward:     4.52
Total T:    3009 | Ep:  144 | Steps:   17 | Reward:    -2.54
Total T:    3026 | Ep:  145 | Steps:   17 | Reward:     3.37
Total T:    3040 | Ep:  146 | Steps:   14 | Reward:     1.21
Total T:    3054 | Ep:  147 | Steps:   14 | Reward:    -1.45
Total T:    3081 | Ep:  148 | Steps:   27 | Reward:     2.91
Total T:    3099 | Ep:  149 | Steps:   18 | Reward:     0.13
Total T:    3137 | Ep:  150 | Steps:   38 | Reward:     1.97
Total T:    3172 | Ep:  151 | Steps:   35 | Reward:    14.33
Total T:    3193 | Ep:  152 | Steps:   21 | Reward:     1.28
Total T:    3206 | Ep:  153 | Steps:   13 | Reward:    -1.58
Total T:    3228 | Ep:  154 | Steps:   22 | Reward:    -4.98
Total T:    3260 | Ep:  155 | Steps:   32 | Reward:     3.40
Total T:    3295 | Ep:  156 | Steps:   35 | Reward:    10.27
Total T:    3319 | Ep:  157 | Steps:   24 | Reward:     8.96
Total T:    3339 | Ep:  158 | Steps:   20 | Reward:     2.71
Total T:    3371 | Ep:  159 | Steps:   32 | Reward:    18.60
Total T:    3390 | Ep:  160 | Steps:   19 | Reward:    -7.06
Total T:    3401 | Ep:  161 | Steps:   11 | Reward:    -2.40
Total T:    3427 | Ep:  162 | Steps:   26 | Reward:     3.86
Total T:    3440 | Ep:  163 | Steps:   13 | Reward:    -3.44
Total T:    3475 | Ep:  164 | Steps:   35 | Reward:    14.17
Total T:    3506 | Ep:  165 | Steps:   31 | Reward:    -2.69
Total T:    3526 | Ep:  166 | Steps:   20 | Reward:     7.16
Total T:    3541 | Ep:  167 | Steps:   15 | Reward:     2.32
Total T:    3555 | Ep:  168 | Steps:   14 | Reward:     0.69
Total T:    3578 | Ep:  169 | Steps:   23 | Reward:     3.21
Total T:    3613 | Ep:  170 | Steps:   35 | Reward:    15.80
Total T:    3631 | Ep:  171 | Steps:   18 | Reward:    -0.82
Total T:    3657 | Ep:  172 | Steps:   26 | Reward:     0.32
Total T:    3694 | Ep:  173 | Steps:   37 | Reward:     4.90
Total T:    3743 | Ep:  174 | Steps:   49 | Reward:    18.20
Total T:    3769 | Ep:  175 | Steps:   26 | Reward:     0.49
Total T:    3779 | Ep:  176 | Steps:   10 | Reward:    -2.85
Total T:    3812 | Ep:  177 | Steps:   33 | Reward:     6.10
Total T:    3833 | Ep:  178 | Steps:   21 | Reward:    -3.49
Total T:    3851 | Ep:  179 | Steps:   18 | Reward:     1.95
Total T:    3870 | Ep:  180 | Steps:   19 | Reward:     6.28
Total T:    3901 | Ep:  181 | Steps:   31 | Reward:     4.19
Total T:    3911 | Ep:  182 | Steps:   10 | Reward:    -1.31
Total T:    3936 | Ep:  183 | Steps:   25 | Reward:     4.13
Total T:    3958 | Ep:  184 | Steps:   22 | Reward:    12.63
Total T:    3968 | Ep:  185 | Steps:   10 | Reward:     1.32
Total T:    3997 | Ep:  186 | Steps:   29 | Reward:     6.48
Total T:    4029 | Ep:  187 | Steps:   32 | Reward:     1.25
Total T:    4052 | Ep:  188 | Steps:   23 | Reward:    -3.37
Total T:    4078 | Ep:  189 | Steps:   26 | Reward:    -1.52
Total T:    4107 | Ep:  190 | Steps:   29 | Reward:     2.43
Total T:    4139 | Ep:  191 | Steps:   32 | Reward:     2.32
Total T:    4160 | Ep:  192 | Steps:   21 | Reward:    11.82
Total T:    4190 | Ep:  193 | Steps:   30 | Reward:    -3.23
Total T:    4216 | Ep:  194 | Steps:   26 | Reward:     4.33
Total T:    4254 | Ep:  195 | Steps:   38 | Reward:     2.95
Total T:    4270 | Ep:  196 | Steps:   16 | Reward:    -3.45
Total T:    4286 | Ep:  197 | Steps:   16 | Reward:     4.32
Total T:    4309 | Ep:  198 | Steps:   23 | Reward:     5.79
Total T:    4348 | Ep:  199 | Steps:   39 | Reward:    18.59
Total T:    4378 | Ep:  200 | Steps:   30 | Reward:    -4.60
Total T:    4393 | Ep:  201 | Steps:   15 | Reward:    -3.45
Total T:    4407 | Ep:  202 | Steps:   14 | Reward:     1.57
Total T:    4438 | Ep:  203 | Steps:   31 | Reward:    11.52
Total T:    4473 | Ep:  204 | Steps:   35 | Reward:    22.05
Total T:    4516 | Ep:  205 | Steps:   43 | Reward:     8.21
Total T:    4530 | Ep:  206 | Steps:   14 | Reward:     2.84
Total T:    4541 | Ep:  207 | Steps:   11 | Reward:    -2.78
Total T:    4561 | Ep:  208 | Steps:   20 | Reward:     3.12
Total T:    4580 | Ep:  209 | Steps:   19 | Reward:     5.51
Total T:    4610 | Ep:  210 | Steps:   30 | Reward:     2.64
Total T:    4634 | Ep:  211 | Steps:   24 | Reward:     7.72
Total T:    4661 | Ep:  212 | Steps:   27 | Reward:     5.89
Total T:    4673 | Ep:  213 | Steps:   12 | Reward:     1.67
Total T:    4702 | Ep:  214 | Steps:   29 | Reward:    13.67
Total T:    4718 | Ep:  215 | Steps:   16 | Reward:     2.27
Total T:    4745 | Ep:  216 | Steps:   27 | Reward:     2.36
Total T:    4762 | Ep:  217 | Steps:   17 | Reward:     2.90
Total T:    4780 | Ep:  218 | Steps:   18 | Reward:     1.86
Total T:    4792 | Ep:  219 | Steps:   12 | Reward:     0.30
Total T:    4811 | Ep:  220 | Steps:   19 | Reward:     3.43
Total T:    4825 | Ep:  221 | Steps:   14 | Reward:     1.01
Total T:    4841 | Ep:  222 | Steps:   16 | Reward:     6.11
Total T:    4865 | Ep:  223 | Steps:   24 | Reward:    -2.94
Total T:    4884 | Ep:  224 | Steps:   19 | Reward:    -4.71
Total T:    4907 | Ep:  225 | Steps:   23 | Reward:     8.18
Total T:    4926 | Ep:  226 | Steps:   19 | Reward:     2.66
Total T:    4940 | Ep:  227 | Steps:   14 | Reward:     1.87
Total T:    4961 | Ep:  228 | Steps:   21 | Reward:     6.71
Total T:    4990 | Ep:  229 | Steps:   29 | Reward:    15.69
Total T:    5016 | Ep:  230 | Steps:   26 | Reward:    10.83
Total T:    5047 | Ep:  231 | Steps:   31 | Reward:    -0.75
Total T:    5063 | Ep:  232 | Steps:   16 | Reward:    -0.82
Total T:    5076 | Ep:  233 | Steps:   13 | Reward:    -0.89
Total T:    5099 | Ep:  234 | Steps:   23 | Reward:    -2.21
Total T:    5122 | Ep:  235 | Steps:   23 | Reward:    -1.00
Total T:    5137 | Ep:  236 | Steps:   15 | Reward:     0.60
Total T:    5161 | Ep:  237 | Steps:   24 | Reward:     6.30
Total T:    5175 | Ep:  238 | Steps:   14 | Reward:    -4.19
Total T:    5200 | Ep:  239 | Steps:   25 | Reward:     9.48
Total T:    5216 | Ep:  240 | Steps:   16 | Reward:     4.07
Total T:    5232 | Ep:  241 | Steps:   16 | Reward:     5.12
Total T:    5262 | Ep:  242 | Steps:   30 | Reward:     0.25
Total T:    5283 | Ep:  243 | Steps:   21 | Reward:    -1.88
Total T:    5310 | Ep:  244 | Steps:   27 | Reward:     4.59
Total T:    5332 | Ep:  245 | Steps:   22 | Reward:     5.98
Total T:    5355 | Ep:  246 | Steps:   23 | Reward:    -3.81
Total T:    5365 | Ep:  247 | Steps:   10 | Reward:    -1.94
Total T:    5391 | Ep:  248 | Steps:   26 | Reward:     1.94
Total T:    5410 | Ep:  249 | Steps:   19 | Reward:    -3.46
Total T:    5420 | Ep:  250 | Steps:   10 | Reward:    -0.91
Total T:    5440 | Ep:  251 | Steps:   20 | Reward:    -4.63
Total T:    5461 | Ep:  252 | Steps:   21 | Reward:    10.32
Total T:    5474 | Ep:  253 | Steps:   13 | Reward:     0.51
Total T:    5495 | Ep:  254 | Steps:   21 | Reward:     3.01
Total T:    5514 | Ep:  255 | Steps:   19 | Reward:     7.37
Total T:    5545 | Ep:  256 | Steps:   31 | Reward:     1.14
Total T:    5562 | Ep:  257 | Steps:   17 | Reward:    -2.56
Total T:    5581 | Ep:  258 | Steps:   19 | Reward:     1.76
Total T:    5591 | Ep:  259 | Steps:   10 | Reward:    -6.65
Total T:    5605 | Ep:  260 | Steps:   14 | Reward:     1.65
Total T:    5616 | Ep:  261 | Steps:   11 | Reward:    -3.01
Total T:    5631 | Ep:  262 | Steps:   15 | Reward:     0.17
Total T:    5647 | Ep:  263 | Steps:   16 | Reward:     1.45
Total T:    5663 | Ep:  264 | Steps:   16 | Reward:     4.62
Total T:    5677 | Ep:  265 | Steps:   14 | Reward:    -0.19
Total T:    5688 | Ep:  266 | Steps:   11 | Reward:    -2.34
Total T:    5718 | Ep:  267 | Steps:   30 | Reward:    10.37
Total T:    5741 | Ep:  268 | Steps:   23 | Reward:    -1.38
Total T:    5760 | Ep:  269 | Steps:   19 | Reward:    -0.20
Total T:    5775 | Ep:  270 | Steps:   15 | Reward:     3.04
Total T:    5791 | Ep:  271 | Steps:   16 | Reward:     4.88
Total T:    5807 | Ep:  272 | Steps:   16 | Reward:     0.71
Total T:    5823 | Ep:  273 | Steps:   16 | Reward:     5.65
Total T:    5850 | Ep:  274 | Steps:   27 | Reward:     8.46
Total T:    5899 | Ep:  275 | Steps:   49 | Reward:    12.43
Total T:    5932 | Ep:  276 | Steps:   33 | Reward:     5.03
Total T:    5956 | Ep:  277 | Steps:   24 | Reward:    -3.71
Total T:    5976 | Ep:  278 | Steps:   20 | Reward:     4.97
Total T:    6000 | Ep:  279 | Steps:   24 | Reward:     1.27
Total T:    6017 | Ep:  280 | Steps:   17 | Reward:    -7.67
Total T:    6032 | Ep:  281 | Steps:   15 | Reward:    -7.06
Total T:    6046 | Ep:  282 | Steps:   14 | Reward:     3.66
Total T:    6071 | Ep:  283 | Steps:   25 | Reward:     3.59
Total T:    6083 | Ep:  284 | Steps:   12 | Reward:    -0.81
Total T:    6095 | Ep:  285 | Steps:   12 | Reward:    -3.44
Total T:    6130 | Ep:  286 | Steps:   35 | Reward:     4.91
Total T:    6141 | Ep:  287 | Steps:   11 | Reward:    -2.18
Total T:    6153 | Ep:  288 | Steps:   12 | Reward:    -2.76
Total T:    6165 | Ep:  289 | Steps:   12 | Reward:     1.14
Total T:    6204 | Ep:  290 | Steps:   39 | Reward:     4.03
Total T:    6219 | Ep:  291 | Steps:   15 | Reward:     2.20
Total T:    6244 | Ep:  292 | Steps:   25 | Reward:     8.13
Total T:    6255 | Ep:  293 | Steps:   11 | Reward:    -0.31
Total T:    6284 | Ep:  294 | Steps:   29 | Reward:     8.43
Total T:    6346 | Ep:  295 | Steps:   62 | Reward:    22.15
Total T:    6396 | Ep:  296 | Steps:   50 | Reward:    15.36
Total T:    6414 | Ep:  297 | Steps:   18 | Reward:    -3.98
Total T:    6440 | Ep:  298 | Steps:   26 | Reward:    12.97
Total T:    6452 | Ep:  299 | Steps:   12 | Reward:    -1.84
Total T:    6462 | Ep:  300 | Steps:   10 | Reward:    -3.23
Total T:    6475 | Ep:  301 | Steps:   13 | Reward:    -0.82
Total T:    6490 | Ep:  302 | Steps:   15 | Reward:     3.60
Total T:    6519 | Ep:  303 | Steps:   29 | Reward:     8.95
Total T:    6541 | Ep:  304 | Steps:   22 | Reward:     6.34
Total T:    6577 | Ep:  305 | Steps:   36 | Reward:    11.19
Total T:    6597 | Ep:  306 | Steps:   20 | Reward:     5.89
Total T:    6615 | Ep:  307 | Steps:   18 | Reward:    -0.49
Total T:    6628 | Ep:  308 | Steps:   13 | Reward:    -0.38
Total T:    6642 | Ep:  309 | Steps:   14 | Reward:    -1.87
Total T:    6655 | Ep:  310 | Steps:   13 | Reward:     3.46
Total T:    6695 | Ep:  311 | Steps:   40 | Reward:     5.44
Total T:    6714 | Ep:  312 | Steps:   19 | Reward:    -7.01
Total T:    6735 | Ep:  313 | Steps:   21 | Reward:     4.85
Total T:    6748 | Ep:  314 | Steps:   13 | Reward:    -1.32
Total T:    6761 | Ep:  315 | Steps:   13 | Reward:    -3.52
Total T:    6774 | Ep:  316 | Steps:   13 | Reward:    -3.83
Total T:    6807 | Ep:  317 | Steps:   33 | Reward:     3.72
Total T:    6831 | Ep:  318 | Steps:   24 | Reward:     0.89
Total T:    6859 | Ep:  319 | Steps:   28 | Reward:     0.91
Total T:    6875 | Ep:  320 | Steps:   16 | Reward:     2.05
Total T:    6891 | Ep:  321 | Steps:   16 | Reward:    -1.86
Total T:    6916 | Ep:  322 | Steps:   25 | Reward:    -1.28
Total T:    6932 | Ep:  323 | Steps:   16 | Reward:     2.51
Total T:    6951 | Ep:  324 | Steps:   19 | Reward:    -7.36
Total T:    6971 | Ep:  325 | Steps:   20 | Reward:     4.05
Total T:    6989 | Ep:  326 | Steps:   18 | Reward:    -0.73
Total T:    7006 | Ep:  327 | Steps:   17 | Reward:     3.06
Total T:    7028 | Ep:  328 | Steps:   22 | Reward:     9.83
Total T:    7047 | Ep:  329 | Steps:   19 | Reward:     1.26
Total T:    7058 | Ep:  330 | Steps:   11 | Reward:    -0.85
Total T:    7070 | Ep:  331 | Steps:   12 | Reward:    -0.08
Total T:    7087 | Ep:  332 | Steps:   17 | Reward:    -2.68
Total T:    7104 | Ep:  333 | Steps:   17 | Reward:    -2.37
Total T:    7127 | Ep:  334 | Steps:   23 | Reward:     0.04
Total T:    7153 | Ep:  335 | Steps:   26 | Reward:     2.52
Total T:    7167 | Ep:  336 | Steps:   14 | Reward:    -0.32
Total T:    7190 | Ep:  337 | Steps:   23 | Reward:     0.38
Total T:    7212 | Ep:  338 | Steps:   22 | Reward:    -0.46
Total T:    7244 | Ep:  339 | Steps:   32 | Reward:     6.15
Total T:    7263 | Ep:  340 | Steps:   19 | Reward:     2.60
Total T:    7281 | Ep:  341 | Steps:   18 | Reward:    -1.30
Total T:    7300 | Ep:  342 | Steps:   19 | Reward:     0.19
Total T:    7334 | Ep:  343 | Steps:   34 | Reward:     5.85
Total T:    7356 | Ep:  344 | Steps:   22 | Reward:    11.21
Total T:    7378 | Ep:  345 | Steps:   22 | Reward:    12.89
Total T:    7391 | Ep:  346 | Steps:   13 | Reward:    -0.46
Total T:    7414 | Ep:  347 | Steps:   23 | Reward:     2.48
Total T:    7437 | Ep:  348 | Steps:   23 | Reward:     3.97
Total T:    7451 | Ep:  349 | Steps:   14 | Reward:     0.17
Total T:    7462 | Ep:  350 | Steps:   11 | Reward:    -1.80
Total T:    7481 | Ep:  351 | Steps:   19 | Reward:     0.22
Total T:    7501 | Ep:  352 | Steps:   20 | Reward:    -1.00
Total T:    7516 | Ep:  353 | Steps:   15 | Reward:     3.87
Total T:    7532 | Ep:  354 | Steps:   16 | Reward:     6.01
Total T:    7547 | Ep:  355 | Steps:   15 | Reward:     3.82
Total T:    7579 | Ep:  356 | Steps:   32 | Reward:     1.57
Total T:    7597 | Ep:  357 | Steps:   18 | Reward:    -4.47
Total T:    7616 | Ep:  358 | Steps:   19 | Reward:     5.31
Total T:    7637 | Ep:  359 | Steps:   21 | Reward:     0.79
Total T:    7655 | Ep:  360 | Steps:   18 | Reward:     6.95
Total T:    7668 | Ep:  361 | Steps:   13 | Reward:    -1.28
Total T:    7688 | Ep:  362 | Steps:   20 | Reward:     3.21
Total T:    7714 | Ep:  363 | Steps:   26 | Reward:     0.93
Total T:    7726 | Ep:  364 | Steps:   12 | Reward:    -3.48
Total T:    7738 | Ep:  365 | Steps:   12 | Reward:     2.14
Total T:    7757 | Ep:  366 | Steps:   19 | Reward:     3.63
Total T:    7781 | Ep:  367 | Steps:   24 | Reward:     5.60
Total T:    7799 | Ep:  368 | Steps:   18 | Reward:     7.07
Total T:    7830 | Ep:  369 | Steps:   31 | Reward:     5.75
Total T:    7841 | Ep:  370 | Steps:   11 | Reward:    -2.48
Total T:    7863 | Ep:  371 | Steps:   22 | Reward:     0.02
Total T:    7878 | Ep:  372 | Steps:   15 | Reward:    -0.52
Total T:    7903 | Ep:  373 | Steps:   25 | Reward:     8.32
Total T:    7920 | Ep:  374 | Steps:   17 | Reward:     1.51
Total T:    7957 | Ep:  375 | Steps:   37 | Reward:    13.39
Total T:    7974 | Ep:  376 | Steps:   17 | Reward:     3.41
Total T:    7990 | Ep:  377 | Steps:   16 | Reward:     5.51
Total T:    8000 | Ep:  378 | Steps:   10 | Reward:    -0.32
Total T:    8010 | Ep:  379 | Steps:   10 | Reward:    -2.57
Total T:    8064 | Ep:  380 | Steps:   54 | Reward:    22.00
Total T:    8082 | Ep:  381 | Steps:   18 | Reward:     2.25
Total T:    8103 | Ep:  382 | Steps:   21 | Reward:     3.58
Total T:    8129 | Ep:  383 | Steps:   26 | Reward:     9.34
Total T:    8147 | Ep:  384 | Steps:   18 | Reward:     1.03
Total T:    8172 | Ep:  385 | Steps:   25 | Reward:    -9.48
Total T:    8187 | Ep:  386 | Steps:   15 | Reward:    -2.14
Total T:    8202 | Ep:  387 | Steps:   15 | Reward:     3.81
Total T:    8223 | Ep:  388 | Steps:   21 | Reward:    11.02
Total T:    8235 | Ep:  389 | Steps:   12 | Reward:     0.12
Total T:    8250 | Ep:  390 | Steps:   15 | Reward:     0.70
Total T:    8269 | Ep:  391 | Steps:   19 | Reward:     6.48
Total T:    8294 | Ep:  392 | Steps:   25 | Reward:     2.78
Total T:    8333 | Ep:  393 | Steps:   39 | Reward:     6.38
Total T:    8354 | Ep:  394 | Steps:   21 | Reward:     5.99
Total T:    8372 | Ep:  395 | Steps:   18 | Reward:     3.40
Total T:    8384 | Ep:  396 | Steps:   12 | Reward:    -0.90
Total T:    8402 | Ep:  397 | Steps:   18 | Reward:     6.50
Total T:    8421 | Ep:  398 | Steps:   19 | Reward:     6.48
Total T:    8437 | Ep:  399 | Steps:   16 | Reward:     1.19
Total T:    8450 | Ep:  400 | Steps:   13 | Reward:    -2.31
Total T:    8467 | Ep:  401 | Steps:   17 | Reward:     0.50
Total T:    8486 | Ep:  402 | Steps:   19 | Reward:     1.91
Total T:    8501 | Ep:  403 | Steps:   15 | Reward:     2.59
Total T:    8532 | Ep:  404 | Steps:   31 | Reward:    12.23
Total T:    8551 | Ep:  405 | Steps:   19 | Reward:    -0.98
Total T:    8563 | Ep:  406 | Steps:   12 | Reward:    -1.25
Total T:    8596 | Ep:  407 | Steps:   33 | Reward:     7.94
Total T:    8615 | Ep:  408 | Steps:   19 | Reward:     7.47
Total T:    8657 | Ep:  409 | Steps:   42 | Reward:    23.49
Total T:    8691 | Ep:  410 | Steps:   34 | Reward:    10.34
Total T:    8700 | Ep:  411 | Steps:    9 | Reward:    -3.90
Total T:    8718 | Ep:  412 | Steps:   18 | Reward:    -1.92
Total T:    8742 | Ep:  413 | Steps:   24 | Reward:    -1.15
Total T:    8781 | Ep:  414 | Steps:   39 | Reward:    12.84
Total T:    8804 | Ep:  415 | Steps:   23 | Reward:    -5.27
Total T:    8837 | Ep:  416 | Steps:   33 | Reward:    14.60
Total T:    8855 | Ep:  417 | Steps:   18 | Reward:     3.86
Total T:    8870 | Ep:  418 | Steps:   15 | Reward:     5.66
Total T:    8901 | Ep:  419 | Steps:   31 | Reward:    -1.87
Total T:    8913 | Ep:  420 | Steps:   12 | Reward:     2.27
Total T:    8937 | Ep:  421 | Steps:   24 | Reward:    10.34
Total T:    8951 | Ep:  422 | Steps:   14 | Reward:     2.88
Total T:    8972 | Ep:  423 | Steps:   21 | Reward:     6.96
Total T:    8986 | Ep:  424 | Steps:   14 | Reward:     1.84
Total T:    8997 | Ep:  425 | Steps:   11 | Reward:     0.87
Total T:    9020 | Ep:  426 | Steps:   23 | Reward:    -4.46
Total T:    9037 | Ep:  427 | Steps:   17 | Reward:     1.75
Total T:    9057 | Ep:  428 | Steps:   20 | Reward:     8.10
Total T:    9086 | Ep:  429 | Steps:   29 | Reward:     6.12
Total T:    9100 | Ep:  430 | Steps:   14 | Reward:    -0.71
Total T:    9121 | Ep:  431 | Steps:   21 | Reward:   -10.36
Total T:    9136 | Ep:  432 | Steps:   15 | Reward:    -0.41
Total T:    9152 | Ep:  433 | Steps:   16 | Reward:     3.36
Total T:    9176 | Ep:  434 | Steps:   24 | Reward:    -2.12
Total T:    9217 | Ep:  435 | Steps:   41 | Reward:     6.15
Total T:    9247 | Ep:  436 | Steps:   30 | Reward:     0.90
Total T:    9269 | Ep:  437 | Steps:   22 | Reward:    -4.70
Total T:    9295 | Ep:  438 | Steps:   26 | Reward:    -4.37
Total T:    9320 | Ep:  439 | Steps:   25 | Reward:     3.25
Total T:    9348 | Ep:  440 | Steps:   28 | Reward:     3.71
Total T:    9373 | Ep:  441 | Steps:   25 | Reward:     0.15
Total T:    9395 | Ep:  442 | Steps:   22 | Reward:     6.01
Total T:    9424 | Ep:  443 | Steps:   29 | Reward:    -3.49
Total T:    9438 | Ep:  444 | Steps:   14 | Reward:    -0.06
Total T:    9452 | Ep:  445 | Steps:   14 | Reward:     4.22
Total T:    9464 | Ep:  446 | Steps:   12 | Reward:    -3.10
Total T:    9477 | Ep:  447 | Steps:   13 | Reward:     3.02
Total T:    9487 | Ep:  448 | Steps:   10 | Reward:    -1.09
Total T:    9502 | Ep:  449 | Steps:   15 | Reward:     1.91
Total T:    9514 | Ep:  450 | Steps:   12 | Reward:    -0.36
Total T:    9532 | Ep:  451 | Steps:   18 | Reward:     2.38
Total T:    9547 | Ep:  452 | Steps:   15 | Reward:    -1.04
Total T:    9559 | Ep:  453 | Steps:   12 | Reward:    -1.01
Total T:    9571 | Ep:  454 | Steps:   12 | Reward:     0.47
Total T:    9585 | Ep:  455 | Steps:   14 | Reward:     2.26
Total T:    9595 | Ep:  456 | Steps:   10 | Reward:    -0.68
Total T:    9609 | Ep:  457 | Steps:   14 | Reward:    -3.17
Total T:    9631 | Ep:  458 | Steps:   22 | Reward:     9.39
Total T:    9656 | Ep:  459 | Steps:   25 | Reward:     0.33
Total T:    9680 | Ep:  460 | Steps:   24 | Reward:     9.72
Total T:    9707 | Ep:  461 | Steps:   27 | Reward:     1.25
Total T:    9719 | Ep:  462 | Steps:   12 | Reward:    -0.95
Total T:    9742 | Ep:  463 | Steps:   23 | Reward:     8.34
Total T:    9777 | Ep:  464 | Steps:   35 | Reward:    12.32
Total T:    9819 | Ep:  465 | Steps:   42 | Reward:    13.35
Total T:    9830 | Ep:  466 | Steps:   11 | Reward:    -0.11
Total T:    9849 | Ep:  467 | Steps:   19 | Reward:     2.03
Total T:    9883 | Ep:  468 | Steps:   34 | Reward:    17.51
Total T:    9900 | Ep:  469 | Steps:   17 | Reward:     2.80
Total T:    9915 | Ep:  470 | Steps:   15 | Reward:     1.43
Total T:    9945 | Ep:  471 | Steps:   30 | Reward:     8.49
Total T:    9965 | Ep:  472 | Steps:   20 | Reward:     6.38
Total T:    9987 | Ep:  473 | Steps:   22 | Reward:    -0.53
---------------------------------------
Evaluation over 10 episodes: 4.268
---------------------------------------
Total T:   10024 | Ep:  474 | Steps:   37 | Reward:     1.12
Total T:   10060 | Ep:  475 | Steps:   36 | Reward:     7.31
Total T:   10074 | Ep:  476 | Steps:   14 | Reward:     1.98
Total T:   10090 | Ep:  477 | Steps:   16 | Reward:     3.54
Total T:   10104 | Ep:  478 | Steps:   14 | Reward:     2.46
Total T:   10118 | Ep:  479 | Steps:   14 | Reward:     2.00
Total T:   10149 | Ep:  480 | Steps:   31 | Reward:     8.73
Total T:   10167 | Ep:  481 | Steps:   18 | Reward:    -0.99
Total T:   10191 | Ep:  482 | Steps:   24 | Reward:     5.34
Total T:   10206 | Ep:  483 | Steps:   15 | Reward:     1.14
Total T:   10223 | Ep:  484 | Steps:   17 | Reward:     6.34
Total T:   10245 | Ep:  485 | Steps:   22 | Reward:     2.01
Total T:   10293 | Ep:  486 | Steps:   48 | Reward:    19.60
Total T:   10318 | Ep:  487 | Steps:   25 | Reward:    11.26
Total T:   10336 | Ep:  488 | Steps:   18 | Reward:     7.53
Total T:   10353 | Ep:  489 | Steps:   17 | Reward:     0.43
Total T:   10369 | Ep:  490 | Steps:   16 | Reward:     7.28
Total T:   10387 | Ep:  491 | Steps:   18 | Reward:    -1.72
Total T:   10399 | Ep:  492 | Steps:   12 | Reward:    -1.08
Total T:   10417 | Ep:  493 | Steps:   18 | Reward:     6.74
Total T:   10453 | Ep:  494 | Steps:   36 | Reward:     7.55
Total T:   10462 | Ep:  495 | Steps:    9 | Reward:    -1.51
Total T:   10483 | Ep:  496 | Steps:   21 | Reward:    11.29
Total T:   10503 | Ep:  497 | Steps:   20 | Reward:     6.29
Total T:   10524 | Ep:  498 | Steps:   21 | Reward:     3.79
Total T:   10543 | Ep:  499 | Steps:   19 | Reward:     2.90
Total T:   10575 | Ep:  500 | Steps:   32 | Reward:    16.22
Total T:   10592 | Ep:  501 | Steps:   17 | Reward:    -4.06
Total T:   10610 | Ep:  502 | Steps:   18 | Reward:     7.49
Total T:   10627 | Ep:  503 | Steps:   17 | Reward:     4.61
Total T:   10671 | Ep:  504 | Steps:   44 | Reward:    30.35
Total T:   10701 | Ep:  505 | Steps:   30 | Reward:     7.43
Total T:   10733 | Ep:  506 | Steps:   32 | Reward:    11.79
Total T:   10750 | Ep:  507 | Steps:   17 | Reward:    -2.48
Total T:   10781 | Ep:  508 | Steps:   31 | Reward:     2.24
Total T:   10801 | Ep:  509 | Steps:   20 | Reward:    -2.71
Total T:   10819 | Ep:  510 | Steps:   18 | Reward:    -6.34
Total T:   10831 | Ep:  511 | Steps:   12 | Reward:    -6.30
Total T:   10847 | Ep:  512 | Steps:   16 | Reward:     2.98
Total T:   10864 | Ep:  513 | Steps:   17 | Reward:     2.20
Total T:   10885 | Ep:  514 | Steps:   21 | Reward:    -3.08
Total T:   10903 | Ep:  515 | Steps:   18 | Reward:     4.25
Total T:   10928 | Ep:  516 | Steps:   25 | Reward:     1.38
Total T:   10947 | Ep:  517 | Steps:   19 | Reward:     5.80
Total T:   10967 | Ep:  518 | Steps:   20 | Reward:    -5.45
Total T:   10985 | Ep:  519 | Steps:   18 | Reward:    -6.88
Total T:   11007 | Ep:  520 | Steps:   22 | Reward:    -6.01
Total T:   11030 | Ep:  521 | Steps:   23 | Reward:     6.70
Total T:   11044 | Ep:  522 | Steps:   14 | Reward:    -2.23
Total T:   11063 | Ep:  523 | Steps:   19 | Reward:     6.23
Total T:   11076 | Ep:  524 | Steps:   13 | Reward:     1.17
Total T:   11095 | Ep:  525 | Steps:   19 | Reward:     0.56
Total T:   11114 | Ep:  526 | Steps:   19 | Reward:    -1.60
Total T:   11129 | Ep:  527 | Steps:   15 | Reward:     2.53
Total T:   11144 | Ep:  528 | Steps:   15 | Reward:    -0.63
Total T:   11159 | Ep:  529 | Steps:   15 | Reward:    -4.61
Total T:   11179 | Ep:  530 | Steps:   20 | Reward:    -4.72
Total T:   11209 | Ep:  531 | Steps:   30 | Reward:     3.92
Total T:   11234 | Ep:  532 | Steps:   25 | Reward:    -8.45
Total T:   11249 | Ep:  533 | Steps:   15 | Reward:     4.38
Total T:   11272 | Ep:  534 | Steps:   23 | Reward:    -3.46
Total T:   11292 | Ep:  535 | Steps:   20 | Reward:    -3.40
Total T:   11318 | Ep:  536 | Steps:   26 | Reward:     9.66
Total T:   11327 | Ep:  537 | Steps:    9 | Reward:    -3.12
Total T:   11355 | Ep:  538 | Steps:   28 | Reward:     6.69
Total T:   11371 | Ep:  539 | Steps:   16 | Reward:    -3.12
Total T:   11383 | Ep:  540 | Steps:   12 | Reward:    -3.29
Total T:   11398 | Ep:  541 | Steps:   15 | Reward:    -3.91
Total T:   11418 | Ep:  542 | Steps:   20 | Reward:    -2.07
Total T:   11445 | Ep:  543 | Steps:   27 | Reward:     6.55
Total T:   11460 | Ep:  544 | Steps:   15 | Reward:    -1.30
Total T:   11472 | Ep:  545 | Steps:   12 | Reward:    -0.09
Total T:   11494 | Ep:  546 | Steps:   22 | Reward:     4.76
Total T:   11518 | Ep:  547 | Steps:   24 | Reward:    -2.54
Total T:   11534 | Ep:  548 | Steps:   16 | Reward:    -7.00
Total T:   11547 | Ep:  549 | Steps:   13 | Reward:     0.64
Total T:   11568 | Ep:  550 | Steps:   21 | Reward:    -4.88
Total T:   11589 | Ep:  551 | Steps:   21 | Reward:     5.07
Total T:   11601 | Ep:  552 | Steps:   12 | Reward:     0.65
Total T:   11628 | Ep:  553 | Steps:   27 | Reward:    -1.27
Total T:   11645 | Ep:  554 | Steps:   17 | Reward:     2.07
Total T:   11663 | Ep:  555 | Steps:   18 | Reward:     6.17
Total T:   11687 | Ep:  556 | Steps:   24 | Reward:     2.99
Total T:   11714 | Ep:  557 | Steps:   27 | Reward:     0.82
Total T:   11728 | Ep:  558 | Steps:   14 | Reward:     1.31
Total T:   11747 | Ep:  559 | Steps:   19 | Reward:     8.02
Total T:   11771 | Ep:  560 | Steps:   24 | Reward:    10.72
Total T:   11787 | Ep:  561 | Steps:   16 | Reward:    -0.88
Total T:   11816 | Ep:  562 | Steps:   29 | Reward:     5.85
Total T:   11828 | Ep:  563 | Steps:   12 | Reward:    -2.97
Total T:   11867 | Ep:  564 | Steps:   39 | Reward:    13.28
Total T:   11883 | Ep:  565 | Steps:   16 | Reward:    -1.16
Total T:   11895 | Ep:  566 | Steps:   12 | Reward:     0.26
Total T:   11939 | Ep:  567 | Steps:   44 | Reward:    20.30
Total T:   11956 | Ep:  568 | Steps:   17 | Reward:     4.10
Total T:   11973 | Ep:  569 | Steps:   17 | Reward:    -3.13
Total T:   12001 | Ep:  570 | Steps:   28 | Reward:     1.93
Total T:   12029 | Ep:  571 | Steps:   28 | Reward:     4.89
Total T:   12049 | Ep:  572 | Steps:   20 | Reward:     1.57
Total T:   12062 | Ep:  573 | Steps:   13 | Reward:     2.19
Total T:   12089 | Ep:  574 | Steps:   27 | Reward:     7.38
Total T:   12116 | Ep:  575 | Steps:   27 | Reward:     2.59
Total T:   12131 | Ep:  576 | Steps:   15 | Reward:     1.28
Total T:   12146 | Ep:  577 | Steps:   15 | Reward:   -11.91
Total T:   12163 | Ep:  578 | Steps:   17 | Reward:     1.92
Total T:   12180 | Ep:  579 | Steps:   17 | Reward:     1.06
Total T:   12205 | Ep:  580 | Steps:   25 | Reward:     2.01
Total T:   12226 | Ep:  581 | Steps:   21 | Reward:    -5.73
Total T:   12245 | Ep:  582 | Steps:   19 | Reward:     7.56
Total T:   12262 | Ep:  583 | Steps:   17 | Reward:    -3.08
Total T:   12278 | Ep:  584 | Steps:   16 | Reward:    -0.55
Total T:   12299 | Ep:  585 | Steps:   21 | Reward:     1.57
Total T:   12318 | Ep:  586 | Steps:   19 | Reward:     6.69
Total T:   12337 | Ep:  587 | Steps:   19 | Reward:     1.54
Total T:   12352 | Ep:  588 | Steps:   15 | Reward:     1.81
Total T:   12364 | Ep:  589 | Steps:   12 | Reward:     0.12
Total T:   12391 | Ep:  590 | Steps:   27 | Reward:     4.04
Total T:   12403 | Ep:  591 | Steps:   12 | Reward:     0.02
Total T:   12445 | Ep:  592 | Steps:   42 | Reward:     6.72
Total T:   12463 | Ep:  593 | Steps:   18 | Reward:    -7.54
Total T:   12486 | Ep:  594 | Steps:   23 | Reward:     8.19
Total T:   12519 | Ep:  595 | Steps:   33 | Reward:     4.47
Total T:   12553 | Ep:  596 | Steps:   34 | Reward:    -4.65
Total T:   12566 | Ep:  597 | Steps:   13 | Reward:     0.94
Total T:   12583 | Ep:  598 | Steps:   17 | Reward:    -4.60
Total T:   12611 | Ep:  599 | Steps:   28 | Reward:    -3.72
Total T:   12650 | Ep:  600 | Steps:   39 | Reward:    16.03
Total T:   12668 | Ep:  601 | Steps:   18 | Reward:     4.71
Total T:   12706 | Ep:  602 | Steps:   38 | Reward:    22.04
Total T:   12718 | Ep:  603 | Steps:   12 | Reward:    -4.87
Total T:   12745 | Ep:  604 | Steps:   27 | Reward:     1.32
Total T:   12770 | Ep:  605 | Steps:   25 | Reward:     2.52
Total T:   12785 | Ep:  606 | Steps:   15 | Reward:     2.29
Total T:   12804 | Ep:  607 | Steps:   19 | Reward:     4.52
Total T:   12833 | Ep:  608 | Steps:   29 | Reward:     3.62
Total T:   12856 | Ep:  609 | Steps:   23 | Reward:    -0.37
Total T:   12874 | Ep:  610 | Steps:   18 | Reward:     2.80
Total T:   12887 | Ep:  611 | Steps:   13 | Reward:     1.72
Total T:   12916 | Ep:  612 | Steps:   29 | Reward:    -7.24
Total T:   12946 | Ep:  613 | Steps:   30 | Reward:     8.59
Total T:   12971 | Ep:  614 | Steps:   25 | Reward:    -0.54
Total T:   12981 | Ep:  615 | Steps:   10 | Reward:    -0.74
Total T:   13005 | Ep:  616 | Steps:   24 | Reward:    -0.33
Total T:   13015 | Ep:  617 | Steps:   10 | Reward:    -0.82
Total T:   13041 | Ep:  618 | Steps:   26 | Reward:    10.04
Total T:   13057 | Ep:  619 | Steps:   16 | Reward:     5.28
Total T:   13069 | Ep:  620 | Steps:   12 | Reward:     2.25
Total T:   13083 | Ep:  621 | Steps:   14 | Reward:     4.11
Total T:   13108 | Ep:  622 | Steps:   25 | Reward:     2.29
Total T:   13152 | Ep:  623 | Steps:   44 | Reward:    18.04
Total T:   13162 | Ep:  624 | Steps:   10 | Reward:     0.65
Total T:   13174 | Ep:  625 | Steps:   12 | Reward:    -1.94
Total T:   13197 | Ep:  626 | Steps:   23 | Reward:    15.50
Total T:   13209 | Ep:  627 | Steps:   12 | Reward:    -1.94
Total T:   13243 | Ep:  628 | Steps:   34 | Reward:     1.89
Total T:   13266 | Ep:  629 | Steps:   23 | Reward:    -1.44
Total T:   13293 | Ep:  630 | Steps:   27 | Reward:     6.77
Total T:   13310 | Ep:  631 | Steps:   17 | Reward:     1.16
Total T:   13340 | Ep:  632 | Steps:   30 | Reward:     2.77
Total T:   13356 | Ep:  633 | Steps:   16 | Reward:     3.55
Total T:   13376 | Ep:  634 | Steps:   20 | Reward:    -1.67
Total T:   13392 | Ep:  635 | Steps:   16 | Reward:    -4.60
Total T:   13417 | Ep:  636 | Steps:   25 | Reward:    -1.73
Total T:   13439 | Ep:  637 | Steps:   22 | Reward:     3.27
Total T:   13460 | Ep:  638 | Steps:   21 | Reward:     0.34
Total T:   13489 | Ep:  639 | Steps:   29 | Reward:     6.04
Total T:   13507 | Ep:  640 | Steps:   18 | Reward:     3.50
Total T:   13543 | Ep:  641 | Steps:   36 | Reward:    13.71
Total T:   13567 | Ep:  642 | Steps:   24 | Reward:     4.69
Total T:   13601 | Ep:  643 | Steps:   34 | Reward:    14.75
Total T:   13622 | Ep:  644 | Steps:   21 | Reward:     8.18
Total T:   13639 | Ep:  645 | Steps:   17 | Reward:     3.35
Total T:   13685 | Ep:  646 | Steps:   46 | Reward:    11.68
Total T:   13715 | Ep:  647 | Steps:   30 | Reward:     7.10
Total T:   13738 | Ep:  648 | Steps:   23 | Reward:     2.64
Total T:   13745 | Ep:  649 | Steps:    7 | Reward:    -2.44
Total T:   13759 | Ep:  650 | Steps:   14 | Reward:    -0.61
Total T:   13779 | Ep:  651 | Steps:   20 | Reward:    -5.34
Total T:   13795 | Ep:  652 | Steps:   16 | Reward:    -3.68
Total T:   13814 | Ep:  653 | Steps:   19 | Reward:     5.86
Total T:   13828 | Ep:  654 | Steps:   14 | Reward:    -2.51
Total T:   13842 | Ep:  655 | Steps:   14 | Reward:     1.57
Total T:   13857 | Ep:  656 | Steps:   15 | Reward:    -4.07
Total T:   13885 | Ep:  657 | Steps:   28 | Reward:    -2.22
Total T:   13903 | Ep:  658 | Steps:   18 | Reward:     4.70
Total T:   13923 | Ep:  659 | Steps:   20 | Reward:    -1.39
Total T:   13941 | Ep:  660 | Steps:   18 | Reward:    -4.00
Total T:   13961 | Ep:  661 | Steps:   20 | Reward:     2.43
Total T:   13986 | Ep:  662 | Steps:   25 | Reward:     3.48
Total T:   14004 | Ep:  663 | Steps:   18 | Reward:     1.86
Total T:   14024 | Ep:  664 | Steps:   20 | Reward:     3.22
Total T:   14039 | Ep:  665 | Steps:   15 | Reward:    -5.01
Total T:   14054 | Ep:  666 | Steps:   15 | Reward:     1.76
Total T:   14066 | Ep:  667 | Steps:   12 | Reward:     1.28
Total T:   14086 | Ep:  668 | Steps:   20 | Reward:     4.37
Total T:   14098 | Ep:  669 | Steps:   12 | Reward:    -0.24
Total T:   14115 | Ep:  670 | Steps:   17 | Reward:    -2.83
Total T:   14142 | Ep:  671 | Steps:   27 | Reward:    -1.70
Total T:   14158 | Ep:  672 | Steps:   16 | Reward:     5.75
Total T:   14178 | Ep:  673 | Steps:   20 | Reward:    -7.27
Total T:   14199 | Ep:  674 | Steps:   21 | Reward:     2.05
Total T:   14210 | Ep:  675 | Steps:   11 | Reward:    -1.83
Total T:   14235 | Ep:  676 | Steps:   25 | Reward:    -0.06
Total T:   14259 | Ep:  677 | Steps:   24 | Reward:    -1.49
Total T:   14273 | Ep:  678 | Steps:   14 | Reward:     0.08
Total T:   14292 | Ep:  679 | Steps:   19 | Reward:     4.80
Total T:   14308 | Ep:  680 | Steps:   16 | Reward:     0.59
Total T:   14323 | Ep:  681 | Steps:   15 | Reward:     5.96
Total T:   14341 | Ep:  682 | Steps:   18 | Reward:     1.84
Total T:   14361 | Ep:  683 | Steps:   20 | Reward:     5.50
Total T:   14381 | Ep:  684 | Steps:   20 | Reward:     1.78
Total T:   14398 | Ep:  685 | Steps:   17 | Reward:     6.09
Total T:   14430 | Ep:  686 | Steps:   32 | Reward:     0.72
Total T:   14449 | Ep:  687 | Steps:   19 | Reward:    -2.27
Total T:   14471 | Ep:  688 | Steps:   22 | Reward:     2.25
Total T:   14501 | Ep:  689 | Steps:   30 | Reward:     4.45
Total T:   14521 | Ep:  690 | Steps:   20 | Reward:    -5.18
Total T:   14536 | Ep:  691 | Steps:   15 | Reward:    -1.44
Total T:   14551 | Ep:  692 | Steps:   15 | Reward:     1.85
Total T:   14570 | Ep:  693 | Steps:   19 | Reward:     1.94
Total T:   14588 | Ep:  694 | Steps:   18 | Reward:     3.89
Total T:   14608 | Ep:  695 | Steps:   20 | Reward:     4.70
Total T:   14621 | Ep:  696 | Steps:   13 | Reward:    -1.74
Total T:   14633 | Ep:  697 | Steps:   12 | Reward:     0.17
Total T:   14672 | Ep:  698 | Steps:   39 | Reward:     2.40
Total T:   14703 | Ep:  699 | Steps:   31 | Reward:     6.20
Total T:   14723 | Ep:  700 | Steps:   20 | Reward:     5.38
Total T:   14763 | Ep:  701 | Steps:   40 | Reward:    18.72
Total T:   14792 | Ep:  702 | Steps:   29 | Reward:     7.56
Total T:   14813 | Ep:  703 | Steps:   21 | Reward:     5.03
Total T:   14835 | Ep:  704 | Steps:   22 | Reward:     7.57
Total T:   14853 | Ep:  705 | Steps:   18 | Reward:    -0.86
Total T:   14868 | Ep:  706 | Steps:   15 | Reward:     0.08
Total T:   14905 | Ep:  707 | Steps:   37 | Reward:     0.99
Total T:   14930 | Ep:  708 | Steps:   25 | Reward:     3.35
Total T:   14957 | Ep:  709 | Steps:   27 | Reward:     3.21
Total T:   14978 | Ep:  710 | Steps:   21 | Reward:     8.34
Total T:   14992 | Ep:  711 | Steps:   14 | Reward:     1.12
Total T:   15026 | Ep:  712 | Steps:   34 | Reward:    14.89
Total T:   15051 | Ep:  713 | Steps:   25 | Reward:     4.22
Total T:   15060 | Ep:  714 | Steps:    9 | Reward:    -1.41
Total T:   15093 | Ep:  715 | Steps:   33 | Reward:    16.58
Total T:   15116 | Ep:  716 | Steps:   23 | Reward:     3.00
Total T:   15126 | Ep:  717 | Steps:   10 | Reward:    -4.58
Total T:   15147 | Ep:  718 | Steps:   21 | Reward:    -6.01
Total T:   15163 | Ep:  719 | Steps:   16 | Reward:     0.85
Total T:   15173 | Ep:  720 | Steps:   10 | Reward:    -1.91
Total T:   15183 | Ep:  721 | Steps:   10 | Reward:     0.01
Total T:   15213 | Ep:  722 | Steps:   30 | Reward:     4.36
Total T:   15232 | Ep:  723 | Steps:   19 | Reward:     0.24
Total T:   15267 | Ep:  724 | Steps:   35 | Reward:    13.91
Total T:   15289 | Ep:  725 | Steps:   22 | Reward:    -3.31
Total T:   15303 | Ep:  726 | Steps:   14 | Reward:     0.70
Total T:   15317 | Ep:  727 | Steps:   14 | Reward:     1.04
Total T:   15330 | Ep:  728 | Steps:   13 | Reward:    -3.48
Total T:   15352 | Ep:  729 | Steps:   22 | Reward:    -4.53
Total T:   15364 | Ep:  730 | Steps:   12 | Reward:    -3.01
Total T:   15384 | Ep:  731 | Steps:   20 | Reward:    -3.93
Total T:   15398 | Ep:  732 | Steps:   14 | Reward:     2.12
Total T:   15409 | Ep:  733 | Steps:   11 | Reward:    -4.05
Total T:   15431 | Ep:  734 | Steps:   22 | Reward:     0.08
Total T:   15451 | Ep:  735 | Steps:   20 | Reward:     2.48
Total T:   15463 | Ep:  736 | Steps:   12 | Reward:     0.18
Total T:   15473 | Ep:  737 | Steps:   10 | Reward:    -3.30
Total T:   15494 | Ep:  738 | Steps:   21 | Reward:    11.54
Total T:   15511 | Ep:  739 | Steps:   17 | Reward:     3.01
Total T:   15522 | Ep:  740 | Steps:   11 | Reward:    -1.82
Total T:   15535 | Ep:  741 | Steps:   13 | Reward:    -3.42
Total T:   15547 | Ep:  742 | Steps:   12 | Reward:     3.01
Total T:   15574 | Ep:  743 | Steps:   27 | Reward:     0.87
Total T:   15602 | Ep:  744 | Steps:   28 | Reward:    -1.40
Total T:   15628 | Ep:  745 | Steps:   26 | Reward:     6.92
Total T:   15644 | Ep:  746 | Steps:   16 | Reward:     4.03
Total T:   15677 | Ep:  747 | Steps:   33 | Reward:    13.38
Total T:   15696 | Ep:  748 | Steps:   19 | Reward:     4.40
Total T:   15715 | Ep:  749 | Steps:   19 | Reward:    -5.76
Total T:   15739 | Ep:  750 | Steps:   24 | Reward:    -1.49
Total T:   15752 | Ep:  751 | Steps:   13 | Reward:    -0.59
Total T:   15770 | Ep:  752 | Steps:   18 | Reward:     3.05
Total T:   15787 | Ep:  753 | Steps:   17 | Reward:    -3.36
Total T:   15799 | Ep:  754 | Steps:   12 | Reward:    -1.32
Total T:   15814 | Ep:  755 | Steps:   15 | Reward:    -0.97
Total T:   15839 | Ep:  756 | Steps:   25 | Reward:    -2.47
Total T:   15858 | Ep:  757 | Steps:   19 | Reward:     0.30
Total T:   15866 | Ep:  758 | Steps:    8 | Reward:    -1.49
Total T:   15882 | Ep:  759 | Steps:   16 | Reward:     0.82
Total T:   15899 | Ep:  760 | Steps:   17 | Reward:     3.83
Total T:   15920 | Ep:  761 | Steps:   21 | Reward:     8.34
Total T:   15932 | Ep:  762 | Steps:   12 | Reward:    -3.49
Total T:   15954 | Ep:  763 | Steps:   22 | Reward:     0.79
Total T:   15969 | Ep:  764 | Steps:   15 | Reward:     2.28
Total T:   15999 | Ep:  765 | Steps:   30 | Reward:     5.03
Total T:   16015 | Ep:  766 | Steps:   16 | Reward:    -0.66
Total T:   16037 | Ep:  767 | Steps:   22 | Reward:     6.82
Total T:   16053 | Ep:  768 | Steps:   16 | Reward:     4.91
Total T:   16073 | Ep:  769 | Steps:   20 | Reward:    -3.15
Total T:   16129 | Ep:  770 | Steps:   56 | Reward:    26.28
Total T:   16155 | Ep:  771 | Steps:   26 | Reward:     0.89
Total T:   16180 | Ep:  772 | Steps:   25 | Reward:     3.75
Total T:   16232 | Ep:  773 | Steps:   52 | Reward:    28.98
Total T:   16258 | Ep:  774 | Steps:   26 | Reward:     6.88
Total T:   16281 | Ep:  775 | Steps:   23 | Reward:     3.62
Total T:   16313 | Ep:  776 | Steps:   32 | Reward:     1.93
Total T:   16342 | Ep:  777 | Steps:   29 | Reward:    11.06
Total T:   16383 | Ep:  778 | Steps:   41 | Reward:    25.32
Total T:   16413 | Ep:  779 | Steps:   30 | Reward:     7.39
Total T:   16435 | Ep:  780 | Steps:   22 | Reward:     5.79
Total T:   16452 | Ep:  781 | Steps:   17 | Reward:     0.02
Total T:   16470 | Ep:  782 | Steps:   18 | Reward:     7.63
Total T:   16492 | Ep:  783 | Steps:   22 | Reward:     2.13
Total T:   16505 | Ep:  784 | Steps:   13 | Reward:     0.93
Total T:   16535 | Ep:  785 | Steps:   30 | Reward:     7.74
Total T:   16579 | Ep:  786 | Steps:   44 | Reward:     5.92
Total T:   16602 | Ep:  787 | Steps:   23 | Reward:     4.68
Total T:   16621 | Ep:  788 | Steps:   19 | Reward:     6.30
Total T:   16647 | Ep:  789 | Steps:   26 | Reward:    12.23
Total T:   16685 | Ep:  790 | Steps:   38 | Reward:    15.26
Total T:   16708 | Ep:  791 | Steps:   23 | Reward:     6.34
Total T:   16732 | Ep:  792 | Steps:   24 | Reward:    12.34
Total T:   16752 | Ep:  793 | Steps:   20 | Reward:     7.41
Total T:   16783 | Ep:  794 | Steps:   31 | Reward:    10.86
Total T:   16821 | Ep:  795 | Steps:   38 | Reward:    16.19
Total T:   16834 | Ep:  796 | Steps:   13 | Reward:    -1.18
Total T:   16868 | Ep:  797 | Steps:   34 | Reward:     8.40
Total T:   16881 | Ep:  798 | Steps:   13 | Reward:    -1.96
Total T:   16904 | Ep:  799 | Steps:   23 | Reward:     6.14
Total T:   16931 | Ep:  800 | Steps:   27 | Reward:     2.97
Total T:   16955 | Ep:  801 | Steps:   24 | Reward:     4.03
Total T:   16966 | Ep:  802 | Steps:   11 | Reward:     1.38
Total T:   16979 | Ep:  803 | Steps:   13 | Reward:    -1.63
Total T:   16994 | Ep:  804 | Steps:   15 | Reward:     0.31
Total T:   17004 | Ep:  805 | Steps:   10 | Reward:    -3.44
Total T:   17020 | Ep:  806 | Steps:   16 | Reward:     5.16
Total T:   17041 | Ep:  807 | Steps:   21 | Reward:    -1.03
Total T:   17061 | Ep:  808 | Steps:   20 | Reward:     1.70
Total T:   17096 | Ep:  809 | Steps:   35 | Reward:     1.43
Total T:   17116 | Ep:  810 | Steps:   20 | Reward:     0.33
Total T:   17134 | Ep:  811 | Steps:   18 | Reward:    -0.77
Total T:   17158 | Ep:  812 | Steps:   24 | Reward:     6.96
Total T:   17176 | Ep:  813 | Steps:   18 | Reward:     3.82
Total T:   17212 | Ep:  814 | Steps:   36 | Reward:     6.92
Total T:   17243 | Ep:  815 | Steps:   31 | Reward:    14.36
Total T:   17257 | Ep:  816 | Steps:   14 | Reward:     2.36
Total T:   17281 | Ep:  817 | Steps:   24 | Reward:     9.87
Total T:   17314 | Ep:  818 | Steps:   33 | Reward:    11.39
Total T:   17339 | Ep:  819 | Steps:   25 | Reward:    -1.32
Total T:   17351 | Ep:  820 | Steps:   12 | Reward:     1.92
Total T:   17363 | Ep:  821 | Steps:   12 | Reward:    -2.85
Total T:   17390 | Ep:  822 | Steps:   27 | Reward:     1.27
Total T:   17405 | Ep:  823 | Steps:   15 | Reward:     4.26
Total T:   17427 | Ep:  824 | Steps:   22 | Reward:    -6.08
Total T:   17449 | Ep:  825 | Steps:   22 | Reward:     3.12
Total T:   17474 | Ep:  826 | Steps:   25 | Reward:     7.28
Total T:   17502 | Ep:  827 | Steps:   28 | Reward:     7.01
Total T:   17531 | Ep:  828 | Steps:   29 | Reward:    12.52
Total T:   17553 | Ep:  829 | Steps:   22 | Reward:    -1.84
Total T:   17566 | Ep:  830 | Steps:   13 | Reward:     0.66
Total T:   17591 | Ep:  831 | Steps:   25 | Reward:     4.82
Total T:   17620 | Ep:  832 | Steps:   29 | Reward:    -0.11
Total T:   17643 | Ep:  833 | Steps:   23 | Reward:    -0.97
Total T:   17655 | Ep:  834 | Steps:   12 | Reward:    -1.09
Total T:   17666 | Ep:  835 | Steps:   11 | Reward:    -1.07
Total T:   17683 | Ep:  836 | Steps:   17 | Reward:    -2.31
Total T:   17704 | Ep:  837 | Steps:   21 | Reward:     4.55
Total T:   17717 | Ep:  838 | Steps:   13 | Reward:     1.99
Total T:   17756 | Ep:  839 | Steps:   39 | Reward:    19.05
Total T:   17778 | Ep:  840 | Steps:   22 | Reward:     0.47
Total T:   17789 | Ep:  841 | Steps:   11 | Reward:    -1.32
Total T:   17802 | Ep:  842 | Steps:   13 | Reward:    -2.99
Total T:   17826 | Ep:  843 | Steps:   24 | Reward:     7.36
Total T:   17839 | Ep:  844 | Steps:   13 | Reward:    -0.21
Total T:   17867 | Ep:  845 | Steps:   28 | Reward:     4.10
Total T:   17878 | Ep:  846 | Steps:   11 | Reward:     1.98
Total T:   17897 | Ep:  847 | Steps:   19 | Reward:     5.88
Total T:   17914 | Ep:  848 | Steps:   17 | Reward:     2.39
Total T:   17937 | Ep:  849 | Steps:   23 | Reward:    11.28
Total T:   17949 | Ep:  850 | Steps:   12 | Reward:    -0.38
Total T:   18009 | Ep:  851 | Steps:   60 | Reward:    19.80
Total T:   18030 | Ep:  852 | Steps:   21 | Reward:    10.43
Total T:   18044 | Ep:  853 | Steps:   14 | Reward:     0.72
Total T:   18056 | Ep:  854 | Steps:   12 | Reward:     0.12
Total T:   18083 | Ep:  855 | Steps:   27 | Reward:     0.14
Total T:   18103 | Ep:  856 | Steps:   20 | Reward:    -4.54
Total T:   18165 | Ep:  857 | Steps:   62 | Reward:    10.09
Total T:   18177 | Ep:  858 | Steps:   12 | Reward:     0.91
Total T:   18193 | Ep:  859 | Steps:   16 | Reward:    -1.80
Total T:   18228 | Ep:  860 | Steps:   35 | Reward:     3.06
Total T:   18256 | Ep:  861 | Steps:   28 | Reward:    -3.13
Total T:   18266 | Ep:  862 | Steps:   10 | Reward:    -1.55
Total T:   18289 | Ep:  863 | Steps:   23 | Reward:    -3.69
Total T:   18303 | Ep:  864 | Steps:   14 | Reward:     1.32
Total T:   18316 | Ep:  865 | Steps:   13 | Reward:     0.73
Total T:   18334 | Ep:  866 | Steps:   18 | Reward:     1.28
Total T:   18349 | Ep:  867 | Steps:   15 | Reward:     1.82
Total T:   18376 | Ep:  868 | Steps:   27 | Reward:     7.12
Total T:   18397 | Ep:  869 | Steps:   21 | Reward:    -0.54
Total T:   18423 | Ep:  870 | Steps:   26 | Reward:     7.51
Total T:   18441 | Ep:  871 | Steps:   18 | Reward:    -6.20
Total T:   18480 | Ep:  872 | Steps:   39 | Reward:    12.14
Total T:   18498 | Ep:  873 | Steps:   18 | Reward:    -3.67
Total T:   18523 | Ep:  874 | Steps:   25 | Reward:    -0.03
Total T:   18554 | Ep:  875 | Steps:   31 | Reward:     5.77
Total T:   18578 | Ep:  876 | Steps:   24 | Reward:     1.84
Total T:   18603 | Ep:  877 | Steps:   25 | Reward:    -2.51
Total T:   18628 | Ep:  878 | Steps:   25 | Reward:     1.13
Total T:   18667 | Ep:  879 | Steps:   39 | Reward:    13.03
Total T:   18690 | Ep:  880 | Steps:   23 | Reward:     7.33
Total T:   18717 | Ep:  881 | Steps:   27 | Reward:    12.94
Total T:   18737 | Ep:  882 | Steps:   20 | Reward:     4.47
Total T:   18772 | Ep:  883 | Steps:   35 | Reward:    13.31
Total T:   18789 | Ep:  884 | Steps:   17 | Reward:     3.62
Total T:   18818 | Ep:  885 | Steps:   29 | Reward:     0.01
Total T:   18841 | Ep:  886 | Steps:   23 | Reward:    -1.03
Total T:   18853 | Ep:  887 | Steps:   12 | Reward:     2.68
Total T:   18863 | Ep:  888 | Steps:   10 | Reward:     0.45
Total T:   18887 | Ep:  889 | Steps:   24 | Reward:     5.49
Total T:   18911 | Ep:  890 | Steps:   24 | Reward:    -0.63
Total T:   18928 | Ep:  891 | Steps:   17 | Reward:    -1.25
Total T:   18955 | Ep:  892 | Steps:   27 | Reward:     4.51
Total T:   18967 | Ep:  893 | Steps:   12 | Reward:     0.22
Total T:   18990 | Ep:  894 | Steps:   23 | Reward:     7.52
Total T:   19003 | Ep:  895 | Steps:   13 | Reward:    -0.20
Total T:   19020 | Ep:  896 | Steps:   17 | Reward:     5.40
Total T:   19041 | Ep:  897 | Steps:   21 | Reward:     8.26
Total T:   19056 | Ep:  898 | Steps:   15 | Reward:    -4.11
Total T:   19077 | Ep:  899 | Steps:   21 | Reward:    -1.63
Total T:   19110 | Ep:  900 | Steps:   33 | Reward:    -1.60
Total T:   19129 | Ep:  901 | Steps:   19 | Reward:     2.23
Total T:   19147 | Ep:  902 | Steps:   18 | Reward:     1.74
Total T:   19159 | Ep:  903 | Steps:   12 | Reward:    -1.23
Total T:   19170 | Ep:  904 | Steps:   11 | Reward:     0.76
Total T:   19193 | Ep:  905 | Steps:   23 | Reward:     5.77
Total T:   19203 | Ep:  906 | Steps:   10 | Reward:    -0.49
Total T:   19221 | Ep:  907 | Steps:   18 | Reward:     3.68
Total T:   19233 | Ep:  908 | Steps:   12 | Reward:    -2.98
Total T:   19265 | Ep:  909 | Steps:   32 | Reward:     6.60
Total T:   19280 | Ep:  910 | Steps:   15 | Reward:     6.38
Total T:   19292 | Ep:  911 | Steps:   12 | Reward:    -3.00
Total T:   19302 | Ep:  912 | Steps:   10 | Reward:    -3.34
Total T:   19324 | Ep:  913 | Steps:   22 | Reward:     2.73
Total T:   19332 | Ep:  914 | Steps:    8 | Reward:    -4.91
Total T:   19356 | Ep:  915 | Steps:   24 | Reward:    -1.08
Total T:   19377 | Ep:  916 | Steps:   21 | Reward:     9.59
Total T:   19395 | Ep:  917 | Steps:   18 | Reward:    -6.99
Total T:   19429 | Ep:  918 | Steps:   34 | Reward:     5.54
Total T:   19453 | Ep:  919 | Steps:   24 | Reward:     3.80
Total T:   19473 | Ep:  920 | Steps:   20 | Reward:     8.21
Total T:   19492 | Ep:  921 | Steps:   19 | Reward:    -1.45
Total T:   19529 | Ep:  922 | Steps:   37 | Reward:     4.70
Total T:   19556 | Ep:  923 | Steps:   27 | Reward:    11.46
Total T:   19591 | Ep:  924 | Steps:   35 | Reward:     8.76
Total T:   19602 | Ep:  925 | Steps:   11 | Reward:    -1.86
Total T:   19617 | Ep:  926 | Steps:   15 | Reward:     5.24
Total T:   19639 | Ep:  927 | Steps:   22 | Reward:    -4.32
Total T:   19668 | Ep:  928 | Steps:   29 | Reward:     1.38
Total T:   19691 | Ep:  929 | Steps:   23 | Reward:     5.04
Total T:   19709 | Ep:  930 | Steps:   18 | Reward:    -5.60
Total T:   19724 | Ep:  931 | Steps:   15 | Reward:     2.65
Total T:   19735 | Ep:  932 | Steps:   11 | Reward:    -2.55
Total T:   19751 | Ep:  933 | Steps:   16 | Reward:    -0.90
Total T:   19767 | Ep:  934 | Steps:   16 | Reward:     4.32
Total T:   19784 | Ep:  935 | Steps:   17 | Reward:    -3.67
Total T:   19805 | Ep:  936 | Steps:   21 | Reward:     4.98
Total T:   19829 | Ep:  937 | Steps:   24 | Reward:     1.33
Total T:   19853 | Ep:  938 | Steps:   24 | Reward:     4.19
Total T:   19873 | Ep:  939 | Steps:   20 | Reward:     4.39
Total T:   19892 | Ep:  940 | Steps:   19 | Reward:     1.93
Total T:   19919 | Ep:  941 | Steps:   27 | Reward:    -2.72
Total T:   19955 | Ep:  942 | Steps:   36 | Reward:    11.89
Total T:   19977 | Ep:  943 | Steps:   22 | Reward:     1.55
---------------------------------------
Evaluation over 10 episodes: 4.191
---------------------------------------
Total T:   20016 | Ep:  944 | Steps:   39 | Reward:     6.60
Total T:   20033 | Ep:  945 | Steps:   17 | Reward:    -3.89
Total T:   20057 | Ep:  946 | Steps:   24 | Reward:     4.97
Total T:   20080 | Ep:  947 | Steps:   23 | Reward:    -0.30
Total T:   20094 | Ep:  948 | Steps:   14 | Reward:    -3.04
Total T:   20110 | Ep:  949 | Steps:   16 | Reward:     1.34
Total T:   20133 | Ep:  950 | Steps:   23 | Reward:    -1.99
Total T:   20165 | Ep:  951 | Steps:   32 | Reward:     1.71
Total T:   20188 | Ep:  952 | Steps:   23 | Reward:     1.72
Total T:   20200 | Ep:  953 | Steps:   12 | Reward:    -3.86
Total T:   20220 | Ep:  954 | Steps:   20 | Reward:     5.66
Total T:   20268 | Ep:  955 | Steps:   48 | Reward:     3.21
Total T:   20296 | Ep:  956 | Steps:   28 | Reward:     6.33
Total T:   20327 | Ep:  957 | Steps:   31 | Reward:     2.90
Total T:   20341 | Ep:  958 | Steps:   14 | Reward:     0.98
Total T:   20373 | Ep:  959 | Steps:   32 | Reward:    -5.64
Total T:   20387 | Ep:  960 | Steps:   14 | Reward:    -0.05
Total T:   20411 | Ep:  961 | Steps:   24 | Reward:     2.00
Total T:   20426 | Ep:  962 | Steps:   15 | Reward:     1.95
Total T:   20470 | Ep:  963 | Steps:   44 | Reward:    22.30
Total T:   20496 | Ep:  964 | Steps:   26 | Reward:    -3.00
Total T:   20511 | Ep:  965 | Steps:   15 | Reward:    -0.87
Total T:   20524 | Ep:  966 | Steps:   13 | Reward:    -3.13
Total T:   20545 | Ep:  967 | Steps:   21 | Reward:    -0.68
Total T:   20561 | Ep:  968 | Steps:   16 | Reward:     2.72
Total T:   20583 | Ep:  969 | Steps:   22 | Reward:    -1.08
Total T:   20603 | Ep:  970 | Steps:   20 | Reward:     7.27
Total T:   20622 | Ep:  971 | Steps:   19 | Reward:     1.34
Total T:   20663 | Ep:  972 | Steps:   41 | Reward:    15.74
Total T:   20680 | Ep:  973 | Steps:   17 | Reward:     0.56
Total T:   20692 | Ep:  974 | Steps:   12 | Reward:    -0.21
Total T:   20704 | Ep:  975 | Steps:   12 | Reward:    -0.72
Total T:   20720 | Ep:  976 | Steps:   16 | Reward:     3.47
Total T:   20745 | Ep:  977 | Steps:   25 | Reward:    -1.88
Total T:   20760 | Ep:  978 | Steps:   15 | Reward:    -1.46
Total T:   20784 | Ep:  979 | Steps:   24 | Reward:    14.33
Total T:   20798 | Ep:  980 | Steps:   14 | Reward:     0.81
Total T:   20812 | Ep:  981 | Steps:   14 | Reward:    -3.37
Total T:   20827 | Ep:  982 | Steps:   15 | Reward:     1.78
Total T:   20856 | Ep:  983 | Steps:   29 | Reward:     3.19
Total T:   20878 | Ep:  984 | Steps:   22 | Reward:     7.85
Total T:   20889 | Ep:  985 | Steps:   11 | Reward:    -0.94
Total T:   20918 | Ep:  986 | Steps:   29 | Reward:    -5.11
Total T:   20937 | Ep:  987 | Steps:   19 | Reward:    -2.89
Total T:   20972 | Ep:  988 | Steps:   35 | Reward:     0.22
Total T:   20996 | Ep:  989 | Steps:   24 | Reward:     2.26
Total T:   21016 | Ep:  990 | Steps:   20 | Reward:     5.92
Total T:   21031 | Ep:  991 | Steps:   15 | Reward:     2.26
Total T:   21056 | Ep:  992 | Steps:   25 | Reward:     7.65
Total T:   21075 | Ep:  993 | Steps:   19 | Reward:    -0.71
Total T:   21094 | Ep:  994 | Steps:   19 | Reward:    -1.96
Total T:   21104 | Ep:  995 | Steps:   10 | Reward:    -1.56
Total T:   21120 | Ep:  996 | Steps:   16 | Reward:    -3.97
Total T:   21135 | Ep:  997 | Steps:   15 | Reward:    -1.74
Total T:   21148 | Ep:  998 | Steps:   13 | Reward:    -0.65
Total T:   21163 | Ep:  999 | Steps:   15 | Reward:     2.08
Total T:   21189 | Ep: 1000 | Steps:   26 | Reward:     2.60
Total T:   21220 | Ep: 1001 | Steps:   31 | Reward:     1.90
Total T:   21241 | Ep: 1002 | Steps:   21 | Reward:     5.68
Total T:   21258 | Ep: 1003 | Steps:   17 | Reward:    -0.47
Total T:   21290 | Ep: 1004 | Steps:   32 | Reward:     8.66
Total T:   21309 | Ep: 1005 | Steps:   19 | Reward:     4.12
Total T:   21339 | Ep: 1006 | Steps:   30 | Reward:     9.30
Total T:   21359 | Ep: 1007 | Steps:   20 | Reward:     9.89
Total T:   21378 | Ep: 1008 | Steps:   19 | Reward:     2.10
Total T:   21409 | Ep: 1009 | Steps:   31 | Reward:     0.39
Total T:   21424 | Ep: 1010 | Steps:   15 | Reward:     0.78
Total T:   21437 | Ep: 1011 | Steps:   13 | Reward:    -0.54
Total T:   21481 | Ep: 1012 | Steps:   44 | Reward:    30.66
Total T:   21491 | Ep: 1013 | Steps:   10 | Reward:    -4.56
Total T:   21505 | Ep: 1014 | Steps:   14 | Reward:    -2.47
Total T:   21523 | Ep: 1015 | Steps:   18 | Reward:     3.31
Total T:   21549 | Ep: 1016 | Steps:   26 | Reward:     3.12
Total T:   21559 | Ep: 1017 | Steps:   10 | Reward:    -0.25
Total T:   21572 | Ep: 1018 | Steps:   13 | Reward:    -1.71
Total T:   21586 | Ep: 1019 | Steps:   14 | Reward:    -5.38
Total T:   21602 | Ep: 1020 | Steps:   16 | Reward:     3.88
Total T:   21619 | Ep: 1021 | Steps:   17 | Reward:    -7.33
Total T:   21654 | Ep: 1022 | Steps:   35 | Reward:    14.90
Total T:   21670 | Ep: 1023 | Steps:   16 | Reward:     0.17
Total T:   21680 | Ep: 1024 | Steps:   10 | Reward:    -0.03
Total T:   21711 | Ep: 1025 | Steps:   31 | Reward:     1.85
Total T:   21751 | Ep: 1026 | Steps:   40 | Reward:    21.59
Total T:   21764 | Ep: 1027 | Steps:   13 | Reward:    -2.32
Total T:   21774 | Ep: 1028 | Steps:   10 | Reward:    -1.45
Total T:   21801 | Ep: 1029 | Steps:   27 | Reward:    11.12
Total T:   21815 | Ep: 1030 | Steps:   14 | Reward:    -1.01
Total T:   21829 | Ep: 1031 | Steps:   14 | Reward:     2.95
Total T:   21866 | Ep: 1032 | Steps:   37 | Reward:    10.37
Total T:   21884 | Ep: 1033 | Steps:   18 | Reward:     7.85
Total T:   21920 | Ep: 1034 | Steps:   36 | Reward:     1.89
Total T:   21953 | Ep: 1035 | Steps:   33 | Reward:     8.63
Total T:   21975 | Ep: 1036 | Steps:   22 | Reward:     9.26
Total T:   21997 | Ep: 1037 | Steps:   22 | Reward:    -1.75
Total T:   22012 | Ep: 1038 | Steps:   15 | Reward:     0.51
Total T:   22027 | Ep: 1039 | Steps:   15 | Reward:     3.88
Total T:   22049 | Ep: 1040 | Steps:   22 | Reward:    -6.95
Total T:   22069 | Ep: 1041 | Steps:   20 | Reward:    -3.27
Total T:   22096 | Ep: 1042 | Steps:   27 | Reward:    -4.31
Total T:   22108 | Ep: 1043 | Steps:   12 | Reward:     1.89
Total T:   22119 | Ep: 1044 | Steps:   11 | Reward:    -2.70
Total T:   22145 | Ep: 1045 | Steps:   26 | Reward:     1.67
Total T:   22158 | Ep: 1046 | Steps:   13 | Reward:    -2.33
Total T:   22190 | Ep: 1047 | Steps:   32 | Reward:    16.33
Total T:   22207 | Ep: 1048 | Steps:   17 | Reward:    -5.06
Total T:   22218 | Ep: 1049 | Steps:   11 | Reward:     0.92
Total T:   22247 | Ep: 1050 | Steps:   29 | Reward:    18.03
Total T:   22265 | Ep: 1051 | Steps:   18 | Reward:     1.77
Total T:   22283 | Ep: 1052 | Steps:   18 | Reward:     2.47
Total T:   22300 | Ep: 1053 | Steps:   17 | Reward:    -2.36
Total T:   22318 | Ep: 1054 | Steps:   18 | Reward:     2.54
Total T:   22336 | Ep: 1055 | Steps:   18 | Reward:     4.66
Total T:   22386 | Ep: 1056 | Steps:   50 | Reward:    14.97
Total T:   22404 | Ep: 1057 | Steps:   18 | Reward:     7.43
Total T:   22420 | Ep: 1058 | Steps:   16 | Reward:    -2.35
Total T:   22435 | Ep: 1059 | Steps:   15 | Reward:     2.78
Total T:   22451 | Ep: 1060 | Steps:   16 | Reward:     5.86
Total T:   22465 | Ep: 1061 | Steps:   14 | Reward:    -0.27
Total T:   22478 | Ep: 1062 | Steps:   13 | Reward:     0.96
Total T:   22514 | Ep: 1063 | Steps:   36 | Reward:    10.63
Total T:   22542 | Ep: 1064 | Steps:   28 | Reward:     1.54
Total T:   22564 | Ep: 1065 | Steps:   22 | Reward:    -0.44
Total T:   22608 | Ep: 1066 | Steps:   44 | Reward:    26.26
Total T:   22625 | Ep: 1067 | Steps:   17 | Reward:    -1.51
Total T:   22648 | Ep: 1068 | Steps:   23 | Reward:    -4.60
Total T:   22665 | Ep: 1069 | Steps:   17 | Reward:     3.11
Total T:   22680 | Ep: 1070 | Steps:   15 | Reward:     3.98
Total T:   22708 | Ep: 1071 | Steps:   28 | Reward:     5.05
Total T:   22724 | Ep: 1072 | Steps:   16 | Reward:    -1.34
Total T:   22740 | Ep: 1073 | Steps:   16 | Reward:     3.22
Total T:   22759 | Ep: 1074 | Steps:   19 | Reward:     1.25
Total T:   22770 | Ep: 1075 | Steps:   11 | Reward:    -2.90
Total T:   22800 | Ep: 1076 | Steps:   30 | Reward:     1.18
Total T:   22820 | Ep: 1077 | Steps:   20 | Reward:     8.64
Total T:   22834 | Ep: 1078 | Steps:   14 | Reward:     1.16
Total T:   22845 | Ep: 1079 | Steps:   11 | Reward:    -0.17
Total T:   22862 | Ep: 1080 | Steps:   17 | Reward:     7.00
Total T:   22872 | Ep: 1081 | Steps:   10 | Reward:    -3.73
Total T:   22882 | Ep: 1082 | Steps:   10 | Reward:    -0.72
Total T:   22897 | Ep: 1083 | Steps:   15 | Reward:     3.21
Total T:   22919 | Ep: 1084 | Steps:   22 | Reward:    -2.31
Total T:   22927 | Ep: 1085 | Steps:    8 | Reward:    -1.85
Total T:   22968 | Ep: 1086 | Steps:   41 | Reward:    14.65
Total T:   22980 | Ep: 1087 | Steps:   12 | Reward:     1.17
Total T:   22993 | Ep: 1088 | Steps:   13 | Reward:     3.48
Total T:   23016 | Ep: 1089 | Steps:   23 | Reward:     8.01
Total T:   23032 | Ep: 1090 | Steps:   16 | Reward:    -3.00
Total T:   23043 | Ep: 1091 | Steps:   11 | Reward:     1.99
Total T:   23057 | Ep: 1092 | Steps:   14 | Reward:     2.55
Total T:   23076 | Ep: 1093 | Steps:   19 | Reward:    -5.25
Total T:   23101 | Ep: 1094 | Steps:   25 | Reward:     3.57
Total T:   23120 | Ep: 1095 | Steps:   19 | Reward:     2.23
Total T:   23132 | Ep: 1096 | Steps:   12 | Reward:     1.88
Total T:   23145 | Ep: 1097 | Steps:   13 | Reward:     1.12
Total T:   23185 | Ep: 1098 | Steps:   40 | Reward:     0.06
Total T:   23199 | Ep: 1099 | Steps:   14 | Reward:     4.18
Total T:   23230 | Ep: 1100 | Steps:   31 | Reward:     4.31
Total T:   23251 | Ep: 1101 | Steps:   21 | Reward:     7.49
Total T:   23276 | Ep: 1102 | Steps:   25 | Reward:    -1.85
Total T:   23297 | Ep: 1103 | Steps:   21 | Reward:     8.68
Total T:   23338 | Ep: 1104 | Steps:   41 | Reward:    13.52
Total T:   23360 | Ep: 1105 | Steps:   22 | Reward:     0.54
Total T:   23397 | Ep: 1106 | Steps:   37 | Reward:    11.79
Total T:   23406 | Ep: 1107 | Steps:    9 | Reward:    -4.04
Total T:   23419 | Ep: 1108 | Steps:   13 | Reward:     1.38
Total T:   23434 | Ep: 1109 | Steps:   15 | Reward:     1.16
Total T:   23445 | Ep: 1110 | Steps:   11 | Reward:    -1.70
Total T:   23460 | Ep: 1111 | Steps:   15 | Reward:     0.89
Total T:   23474 | Ep: 1112 | Steps:   14 | Reward:     1.49
Total T:   23509 | Ep: 1113 | Steps:   35 | Reward:    -0.17
Total T:   23534 | Ep: 1114 | Steps:   25 | Reward:     3.44
Total T:   23551 | Ep: 1115 | Steps:   17 | Reward:     6.16
Total T:   23590 | Ep: 1116 | Steps:   39 | Reward:    26.32
Total T:   23611 | Ep: 1117 | Steps:   21 | Reward:     6.57
Total T:   23635 | Ep: 1118 | Steps:   24 | Reward:     1.93
Total T:   23672 | Ep: 1119 | Steps:   37 | Reward:     6.12
Total T:   23690 | Ep: 1120 | Steps:   18 | Reward:    -0.08
Total T:   23707 | Ep: 1121 | Steps:   17 | Reward:     7.07
Total T:   23721 | Ep: 1122 | Steps:   14 | Reward:    -1.93
Total T:   23736 | Ep: 1123 | Steps:   15 | Reward:     0.70
Total T:   23754 | Ep: 1124 | Steps:   18 | Reward:     6.07
Total T:   23789 | Ep: 1125 | Steps:   35 | Reward:    15.79
Total T:   23803 | Ep: 1126 | Steps:   14 | Reward:     0.03
Total T:   23836 | Ep: 1127 | Steps:   33 | Reward:    12.23
Total T:   23851 | Ep: 1128 | Steps:   15 | Reward:     4.27
Total T:   23871 | Ep: 1129 | Steps:   20 | Reward:    -6.51
Total T:   23891 | Ep: 1130 | Steps:   20 | Reward:     7.63
Total T:   23901 | Ep: 1131 | Steps:   10 | Reward:    -1.32
Total T:   23924 | Ep: 1132 | Steps:   23 | Reward:    10.87
Total T:   23936 | Ep: 1133 | Steps:   12 | Reward:     3.41
Total T:   23954 | Ep: 1134 | Steps:   18 | Reward:     5.43
Total T:   23972 | Ep: 1135 | Steps:   18 | Reward:     6.47
Total T:   23990 | Ep: 1136 | Steps:   18 | Reward:     4.22
Total T:   24016 | Ep: 1137 | Steps:   26 | Reward:     5.89
Total T:   24025 | Ep: 1138 | Steps:    9 | Reward:    -3.35
Total T:   24063 | Ep: 1139 | Steps:   38 | Reward:    18.44
Total T:   24078 | Ep: 1140 | Steps:   15 | Reward:    -0.53
Total T:   24088 | Ep: 1141 | Steps:   10 | Reward:    -4.13
Total T:   24108 | Ep: 1142 | Steps:   20 | Reward:     8.71
Total T:   24131 | Ep: 1143 | Steps:   23 | Reward:     5.75
Total T:   24148 | Ep: 1144 | Steps:   17 | Reward:     7.23
Total T:   24159 | Ep: 1145 | Steps:   11 | Reward:     1.33
Total T:   24187 | Ep: 1146 | Steps:   28 | Reward:    13.47
Total T:   24201 | Ep: 1147 | Steps:   14 | Reward:    -4.89
Total T:   24220 | Ep: 1148 | Steps:   19 | Reward:    -5.35
Total T:   24238 | Ep: 1149 | Steps:   18 | Reward:    -4.18
Total T:   24254 | Ep: 1150 | Steps:   16 | Reward:     0.05
Total T:   24267 | Ep: 1151 | Steps:   13 | Reward:     0.95
Total T:   24288 | Ep: 1152 | Steps:   21 | Reward:     6.93
Total T:   24303 | Ep: 1153 | Steps:   15 | Reward:     1.24
Total T:   24324 | Ep: 1154 | Steps:   21 | Reward:     3.98
Total T:   24348 | Ep: 1155 | Steps:   24 | Reward:     8.24
Total T:   24369 | Ep: 1156 | Steps:   21 | Reward:    -3.57
Total T:   24385 | Ep: 1157 | Steps:   16 | Reward:     3.44
Total T:   24400 | Ep: 1158 | Steps:   15 | Reward:     3.40
Total T:   24424 | Ep: 1159 | Steps:   24 | Reward:    -2.62
Total T:   24434 | Ep: 1160 | Steps:   10 | Reward:    -3.41
Total T:   24448 | Ep: 1161 | Steps:   14 | Reward:     0.43
Total T:   24463 | Ep: 1162 | Steps:   15 | Reward:    -1.24
Total T:   24476 | Ep: 1163 | Steps:   13 | Reward:     0.77
Total T:   24498 | Ep: 1164 | Steps:   22 | Reward:     6.25
Total T:   24520 | Ep: 1165 | Steps:   22 | Reward:     8.55
Total T:   24537 | Ep: 1166 | Steps:   17 | Reward:    -4.80
Total T:   24549 | Ep: 1167 | Steps:   12 | Reward:     1.60
Total T:   24568 | Ep: 1168 | Steps:   19 | Reward:     4.66
Total T:   24588 | Ep: 1169 | Steps:   20 | Reward:    -0.83
Total T:   24603 | Ep: 1170 | Steps:   15 | Reward:     0.76
Total T:   24614 | Ep: 1171 | Steps:   11 | Reward:     1.41
Total T:   24632 | Ep: 1172 | Steps:   18 | Reward:    -2.56
Total T:   24645 | Ep: 1173 | Steps:   13 | Reward:     2.47
Total T:   24662 | Ep: 1174 | Steps:   17 | Reward:    -0.04
Total T:   24691 | Ep: 1175 | Steps:   29 | Reward:     1.81
Total T:   24705 | Ep: 1176 | Steps:   14 | Reward:    -7.26
Total T:   24720 | Ep: 1177 | Steps:   15 | Reward:     5.58
Total T:   24745 | Ep: 1178 | Steps:   25 | Reward:     1.40
Total T:   24781 | Ep: 1179 | Steps:   36 | Reward:     7.94
Total T:   24793 | Ep: 1180 | Steps:   12 | Reward:     1.59
Total T:   24818 | Ep: 1181 | Steps:   25 | Reward:     0.07
Total T:   24833 | Ep: 1182 | Steps:   15 | Reward:     3.35
Total T:   24858 | Ep: 1183 | Steps:   25 | Reward:    -4.30
Total T:   24876 | Ep: 1184 | Steps:   18 | Reward:     5.97
Total T:   24895 | Ep: 1185 | Steps:   19 | Reward:    -4.10
Total T:   24914 | Ep: 1186 | Steps:   19 | Reward:     1.53
Total T:   24932 | Ep: 1187 | Steps:   18 | Reward:     4.59
Total T:   24951 | Ep: 1188 | Steps:   19 | Reward:    -2.77
Total T:   24986 | Ep: 1189 | Steps:   35 | Reward:     6.86
Total T:   25006 | Ep: 1190 | Steps:   20 | Reward:    -1.89
Total T:   25154 | Ep: 1191 | Steps:  148 | Reward:   263.46
Total T:   25350 | Ep: 1192 | Steps:  196 | Reward:    83.92
Total T:   25614 | Ep: 1193 | Steps:  264 | Reward:   149.55
Total T:   25799 | Ep: 1194 | Steps:  185 | Reward:    71.92
Total T:   25870 | Ep: 1195 | Steps:   71 | Reward:   -25.03
Total T:   25949 | Ep: 1196 | Steps:   79 | Reward:   -33.43
Total T:   26074 | Ep: 1197 | Steps:  125 | Reward:    42.12
Total T:   26144 | Ep: 1198 | Steps:   70 | Reward:   -11.85
Total T:   26213 | Ep: 1199 | Steps:   69 | Reward:    -9.34
Total T:   26280 | Ep: 1200 | Steps:   67 | Reward:    -7.15
Total T:   26408 | Ep: 1201 | Steps:  128 | Reward:   231.31
Total T:   26537 | Ep: 1202 | Steps:  129 | Reward:   215.61
Total T:   26599 | Ep: 1203 | Steps:   62 | Reward:    66.26
Total T:   26657 | Ep: 1204 | Steps:   58 | Reward:    63.24
Total T:   26711 | Ep: 1205 | Steps:   54 | Reward:    48.16
Total T:   26771 | Ep: 1206 | Steps:   60 | Reward:    63.18
Total T:   26827 | Ep: 1207 | Steps:   56 | Reward:    51.78
Total T:   26882 | Ep: 1208 | Steps:   55 | Reward:    52.17
Total T:   26937 | Ep: 1209 | Steps:   55 | Reward:    53.54
Total T:   27003 | Ep: 1210 | Steps:   66 | Reward:    78.84
Total T:   27254 | Ep: 1211 | Steps:  251 | Reward:   269.30
Total T:   27360 | Ep: 1212 | Steps:  106 | Reward:   -17.04
Total T:   27497 | Ep: 1213 | Steps:  137 | Reward:    29.36
Total T:   27627 | Ep: 1214 | Steps:  130 | Reward:    27.63
Total T:   27835 | Ep: 1215 | Steps:  208 | Reward:   226.38
Total T:   28071 | Ep: 1216 | Steps:  236 | Reward:   185.66
Total T:   28238 | Ep: 1217 | Steps:  167 | Reward:   306.12
Total T:   28319 | Ep: 1218 | Steps:   81 | Reward:    25.43
Total T:   28410 | Ep: 1219 | Steps:   91 | Reward:    19.91
Total T:   28494 | Ep: 1220 | Steps:   84 | Reward:    -6.51
Total T:   28619 | Ep: 1221 | Steps:  125 | Reward:    31.35
Total T:   28736 | Ep: 1222 | Steps:  117 | Reward:    -6.13
Total T:   28997 | Ep: 1223 | Steps:  261 | Reward:   401.45
Total T:   29205 | Ep: 1224 | Steps:  208 | Reward:   359.10
Total T:   29392 | Ep: 1225 | Steps:  187 | Reward:   341.10
Total T:   29590 | Ep: 1226 | Steps:  198 | Reward:   348.00
Total T:   29753 | Ep: 1227 | Steps:  163 | Reward:   301.72
Total T:   29941 | Ep: 1228 | Steps:  188 | Reward:   326.98
---------------------------------------
Evaluation over 10 episodes: 317.469
---------------------------------------
Total T:   30132 | Ep: 1229 | Steps:  191 | Reward:   323.57
Total T:   31132 | Ep: 1230 | Steps: 1000 | Reward:   786.64
Total T:   31253 | Ep: 1231 | Steps:  121 | Reward:   210.41
Total T:   31350 | Ep: 1232 | Steps:   97 | Reward:   192.63
Total T:   31418 | Ep: 1233 | Steps:   68 | Reward:   135.45
Total T:   31497 | Ep: 1234 | Steps:   79 | Reward:   162.77
Total T:   31587 | Ep: 1235 | Steps:   90 | Reward:   171.57
Total T:   31761 | Ep: 1236 | Steps:  174 | Reward:   270.54
Total T:   31822 | Ep: 1237 | Steps:   61 | Reward:   105.82
Total T:   31920 | Ep: 1238 | Steps:   98 | Reward:   193.24
Total T:   31990 | Ep: 1239 | Steps:   70 | Reward:   137.74
Total T:   32090 | Ep: 1240 | Steps:  100 | Reward:   197.21
Total T:   32179 | Ep: 1241 | Steps:   89 | Reward:   154.68
Total T:   32277 | Ep: 1242 | Steps:   98 | Reward:   184.53
Total T:   32369 | Ep: 1243 | Steps:   92 | Reward:   182.67
Total T:   32464 | Ep: 1244 | Steps:   95 | Reward:   192.50
Total T:   32559 | Ep: 1245 | Steps:   95 | Reward:   180.20
Total T:   32658 | Ep: 1246 | Steps:   99 | Reward:   201.27
Total T:   32759 | Ep: 1247 | Steps:  101 | Reward:   183.28
Total T:   32833 | Ep: 1248 | Steps:   74 | Reward:   134.93
Total T:   32926 | Ep: 1249 | Steps:   93 | Reward:   175.29
Total T:   33012 | Ep: 1250 | Steps:   86 | Reward:   170.99
Total T:   33109 | Ep: 1251 | Steps:   97 | Reward:   170.87
Total T:   33200 | Ep: 1252 | Steps:   91 | Reward:   166.33
Total T:   33251 | Ep: 1253 | Steps:   51 | Reward:    91.17
Total T:   33318 | Ep: 1254 | Steps:   67 | Reward:   123.38
Total T:   33383 | Ep: 1255 | Steps:   65 | Reward:   111.07
Total T:   33441 | Ep: 1256 | Steps:   58 | Reward:   100.21
Total T:   33537 | Ep: 1257 | Steps:   96 | Reward:   185.29
Total T:   33619 | Ep: 1258 | Steps:   82 | Reward:   143.98
Total T:   33673 | Ep: 1259 | Steps:   54 | Reward:    94.83
Total T:   33724 | Ep: 1260 | Steps:   51 | Reward:    93.81
Total T:   33840 | Ep: 1261 | Steps:  116 | Reward:   204.57
Total T:   33895 | Ep: 1262 | Steps:   55 | Reward:    95.61
Total T:   33955 | Ep: 1263 | Steps:   60 | Reward:   101.58
Total T:   34056 | Ep: 1264 | Steps:  101 | Reward:   185.32
Total T:   34149 | Ep: 1265 | Steps:   93 | Reward:   165.48
Total T:   34222 | Ep: 1266 | Steps:   73 | Reward:   139.52
Total T:   34300 | Ep: 1267 | Steps:   78 | Reward:   149.52
Total T:   34360 | Ep: 1268 | Steps:   60 | Reward:   101.60
Total T:   34419 | Ep: 1269 | Steps:   59 | Reward:   100.30
Total T:   34477 | Ep: 1270 | Steps:   58 | Reward:    99.51
Total T:   34535 | Ep: 1271 | Steps:   58 | Reward:    99.30
Total T:   34597 | Ep: 1272 | Steps:   62 | Reward:   112.78
Total T:   34713 | Ep: 1273 | Steps:  116 | Reward:   160.33
Total T:   34771 | Ep: 1274 | Steps:   58 | Reward:    92.58
Total T:   34867 | Ep: 1275 | Steps:   96 | Reward:   173.40
Total T:   34927 | Ep: 1276 | Steps:   60 | Reward:   105.50
Total T:   35014 | Ep: 1277 | Steps:   87 | Reward:   159.41
Total T:   35092 | Ep: 1278 | Steps:   78 | Reward:   154.71
Total T:   35153 | Ep: 1279 | Steps:   61 | Reward:   114.49
Total T:   35240 | Ep: 1280 | Steps:   87 | Reward:   160.60
Total T:   35355 | Ep: 1281 | Steps:  115 | Reward:   193.66
Total T:   35457 | Ep: 1282 | Steps:  102 | Reward:   202.18
Total T:   35528 | Ep: 1283 | Steps:   71 | Reward:   139.94
Total T:   35651 | Ep: 1284 | Steps:  123 | Reward:   222.65
Total T:   35817 | Ep: 1285 | Steps:  166 | Reward:   236.41
Total T:   35953 | Ep: 1286 | Steps:  136 | Reward:   240.28
Total T:   36061 | Ep: 1287 | Steps:  108 | Reward:   210.23
Total T:   36217 | Ep: 1288 | Steps:  156 | Reward:    44.04
Total T:   36343 | Ep: 1289 | Steps:  126 | Reward:   248.94
Total T:   36459 | Ep: 1290 | Steps:  116 | Reward:   225.37
Total T:   36577 | Ep: 1291 | Steps:  118 | Reward:   226.99
Total T:   36706 | Ep: 1292 | Steps:  129 | Reward:   238.72
Total T:   36842 | Ep: 1293 | Steps:  136 | Reward:   247.86
Total T:   36945 | Ep: 1294 | Steps:  103 | Reward:   203.20
Total T:   37055 | Ep: 1295 | Steps:  110 | Reward:   210.39
Total T:   37177 | Ep: 1296 | Steps:  122 | Reward:   182.24
Total T:   37292 | Ep: 1297 | Steps:  115 | Reward:   207.03
Total T:   37409 | Ep: 1298 | Steps:  117 | Reward:   206.61
Total T:   37535 | Ep: 1299 | Steps:  126 | Reward:   223.63
Total T:   37695 | Ep: 1300 | Steps:  160 | Reward:   250.84
Total T:   37828 | Ep: 1301 | Steps:  133 | Reward:   234.76
Total T:   37934 | Ep: 1302 | Steps:  106 | Reward:   164.42
Total T:   38166 | Ep: 1303 | Steps:  232 | Reward:   313.60
Total T:   38249 | Ep: 1304 | Steps:   83 | Reward:   145.03
Total T:   38394 | Ep: 1305 | Steps:  145 | Reward:   195.90
Total T:   38567 | Ep: 1306 | Steps:  173 | Reward:   302.09
Total T:   38682 | Ep: 1307 | Steps:  115 | Reward:   204.93
Total T:   38820 | Ep: 1308 | Steps:  138 | Reward:   215.72
Total T:   38923 | Ep: 1309 | Steps:  103 | Reward:   205.65
Total T:   39032 | Ep: 1310 | Steps:  109 | Reward:   173.64
Total T:   39139 | Ep: 1311 | Steps:  107 | Reward:   211.26
Total T:   39270 | Ep: 1312 | Steps:  131 | Reward:   210.00
Total T:   39421 | Ep: 1313 | Steps:  151 | Reward:   227.19
Total T:   39490 | Ep: 1314 | Steps:   69 | Reward:    25.53
Total T:   39709 | Ep: 1315 | Steps:  219 | Reward:   242.32
Total T:   39845 | Ep: 1316 | Steps:  136 | Reward:   210.01
Total T:   39930 | Ep: 1317 | Steps:   85 | Reward:   115.92
---------------------------------------
Evaluation over 10 episodes: 210.673
---------------------------------------
Total T:   40076 | Ep: 1318 | Steps:  146 | Reward:   278.87
Total T:   40224 | Ep: 1319 | Steps:  148 | Reward:   236.94
Total T:   40319 | Ep: 1320 | Steps:   95 | Reward:   158.38
Total T:   40437 | Ep: 1321 | Steps:  118 | Reward:   181.97
Total T:   40544 | Ep: 1322 | Steps:  107 | Reward:   132.74
Total T:   40658 | Ep: 1323 | Steps:  114 | Reward:   181.17
Total T:   40810 | Ep: 1324 | Steps:  152 | Reward:   253.54
Total T:   40950 | Ep: 1325 | Steps:  140 | Reward:   264.80
Total T:   41094 | Ep: 1326 | Steps:  144 | Reward:   241.05
Total T:   41207 | Ep: 1327 | Steps:  113 | Reward:   201.40
Total T:   41378 | Ep: 1328 | Steps:  171 | Reward:   266.79
Total T:   41503 | Ep: 1329 | Steps:  125 | Reward:   188.57
Total T:   41657 | Ep: 1330 | Steps:  154 | Reward:   265.77
Total T:   41740 | Ep: 1331 | Steps:   83 | Reward:   122.51
Total T:   41913 | Ep: 1332 | Steps:  173 | Reward:   234.37
Total T:   42088 | Ep: 1333 | Steps:  175 | Reward:   248.16
Total T:   42218 | Ep: 1334 | Steps:  130 | Reward:   227.32
Total T:   42346 | Ep: 1335 | Steps:  128 | Reward:   231.45
Total T:   42454 | Ep: 1336 | Steps:  108 | Reward:   213.54
Total T:   42536 | Ep: 1337 | Steps:   82 | Reward:   158.35
Total T:   42619 | Ep: 1338 | Steps:   83 | Reward:   160.84
Total T:   42720 | Ep: 1339 | Steps:  101 | Reward:   218.27
Total T:   42804 | Ep: 1340 | Steps:   84 | Reward:   156.90
Total T:   42880 | Ep: 1341 | Steps:   76 | Reward:   144.45
Total T:   42992 | Ep: 1342 | Steps:  112 | Reward:   228.04
Total T:   43074 | Ep: 1343 | Steps:   82 | Reward:   154.30
Total T:   43176 | Ep: 1344 | Steps:  102 | Reward:   213.55
Total T:   43255 | Ep: 1345 | Steps:   79 | Reward:   146.25
Total T:   43383 | Ep: 1346 | Steps:  128 | Reward:   264.13
Total T:   43485 | Ep: 1347 | Steps:  102 | Reward:   224.07
Total T:   43597 | Ep: 1348 | Steps:  112 | Reward:   220.10
Total T:   43676 | Ep: 1349 | Steps:   79 | Reward:   145.49
Total T:   43784 | Ep: 1350 | Steps:  108 | Reward:   229.58
Total T:   43965 | Ep: 1351 | Steps:  181 | Reward:   351.98
Total T:   44036 | Ep: 1352 | Steps:   71 | Reward:   124.15
Total T:   44165 | Ep: 1353 | Steps:  129 | Reward:   253.01
Total T:   44262 | Ep: 1354 | Steps:   97 | Reward:   193.77
Total T:   44382 | Ep: 1355 | Steps:  120 | Reward:   245.36
Total T:   44500 | Ep: 1356 | Steps:  118 | Reward:   222.44
Total T:   44667 | Ep: 1357 | Steps:  167 | Reward:   288.24
Total T:   44815 | Ep: 1358 | Steps:  148 | Reward:   288.44
Total T:   45073 | Ep: 1359 | Steps:  258 | Reward:   373.51
Total T:   45230 | Ep: 1360 | Steps:  157 | Reward:   274.55
Total T:   45367 | Ep: 1361 | Steps:  137 | Reward:   288.51
Total T:   45555 | Ep: 1362 | Steps:  188 | Reward:   327.67
Total T:   45701 | Ep: 1363 | Steps:  146 | Reward:   282.04
Total T:   45824 | Ep: 1364 | Steps:  123 | Reward:   261.00
Total T:   45956 | Ep: 1365 | Steps:  132 | Reward:   280.76
Total T:   46145 | Ep: 1366 | Steps:  189 | Reward:   337.71
Total T:   46282 | Ep: 1367 | Steps:  137 | Reward:   248.18
Total T:   46396 | Ep: 1368 | Steps:  114 | Reward:   261.03
Total T:   46573 | Ep: 1369 | Steps:  177 | Reward:   326.87
Total T:   46713 | Ep: 1370 | Steps:  140 | Reward:   288.57
Total T:   46911 | Ep: 1371 | Steps:  198 | Reward:   365.26
Total T:   47156 | Ep: 1372 | Steps:  245 | Reward:   450.91
Total T:   47287 | Ep: 1373 | Steps:  131 | Reward:   251.54
Total T:   47464 | Ep: 1374 | Steps:  177 | Reward:   333.08
Total T:   47615 | Ep: 1375 | Steps:  151 | Reward:   357.14
Total T:   47681 | Ep: 1376 | Steps:   66 | Reward:   119.61
Total T:   47949 | Ep: 1377 | Steps:  268 | Reward:   441.49
Total T:   48148 | Ep: 1378 | Steps:  199 | Reward:   357.92
Total T:   48300 | Ep: 1379 | Steps:  152 | Reward:   303.39
Total T:   48495 | Ep: 1380 | Steps:  195 | Reward:   339.13
Total T:   48636 | Ep: 1381 | Steps:  141 | Reward:   263.24
Total T:   48798 | Ep: 1382 | Steps:  162 | Reward:   305.36
Total T:   48947 | Ep: 1383 | Steps:  149 | Reward:   294.46
Total T:   49062 | Ep: 1384 | Steps:  115 | Reward:   243.53
Total T:   49167 | Ep: 1385 | Steps:  105 | Reward:   202.58
Total T:   49254 | Ep: 1386 | Steps:   87 | Reward:   169.66
Total T:   49384 | Ep: 1387 | Steps:  130 | Reward:   265.15
Total T:   49560 | Ep: 1388 | Steps:  176 | Reward:   321.00
Total T:   49661 | Ep: 1389 | Steps:  101 | Reward:   170.00
Total T:   49805 | Ep: 1390 | Steps:  144 | Reward:   271.52
Total T:   49968 | Ep: 1391 | Steps:  163 | Reward:   327.42
---------------------------------------
Evaluation over 10 episodes: 249.672
---------------------------------------
Total T:   50130 | Ep: 1392 | Steps:  162 | Reward:   309.71
Total T:   50312 | Ep: 1393 | Steps:  182 | Reward:   315.77
Total T:   50411 | Ep: 1394 | Steps:   99 | Reward:   194.27
Total T:   50515 | Ep: 1395 | Steps:  104 | Reward:   193.61
Total T:   50619 | Ep: 1396 | Steps:  104 | Reward:   218.71
Total T:   50758 | Ep: 1397 | Steps:  139 | Reward:    79.08
Total T:   50877 | Ep: 1398 | Steps:  119 | Reward:   239.03
Total T:   51027 | Ep: 1399 | Steps:  150 | Reward:   264.29
Total T:   51194 | Ep: 1400 | Steps:  167 | Reward:   312.48
Total T:   51339 | Ep: 1401 | Steps:  145 | Reward:   282.26
Total T:   51452 | Ep: 1402 | Steps:  113 | Reward:   207.11
Total T:   51622 | Ep: 1403 | Steps:  170 | Reward:   284.96
Total T:   51740 | Ep: 1404 | Steps:  118 | Reward:   213.53
Total T:   51896 | Ep: 1405 | Steps:  156 | Reward:   284.40
Total T:   51989 | Ep: 1406 | Steps:   93 | Reward:   180.73
Total T:   52145 | Ep: 1407 | Steps:  156 | Reward:   282.97
Total T:   52310 | Ep: 1408 | Steps:  165 | Reward:   292.32
Total T:   52444 | Ep: 1409 | Steps:  134 | Reward:   234.40
Total T:   52591 | Ep: 1410 | Steps:  147 | Reward:   260.04
Total T:   52756 | Ep: 1411 | Steps:  165 | Reward:   307.86
Total T:   52873 | Ep: 1412 | Steps:  117 | Reward:   215.78
Total T:   52990 | Ep: 1413 | Steps:  117 | Reward:   225.88
Total T:   53137 | Ep: 1414 | Steps:  147 | Reward:   258.26
Total T:   53253 | Ep: 1415 | Steps:  116 | Reward:   238.69
Total T:   53478 | Ep: 1416 | Steps:  225 | Reward:   425.70
Total T:   53655 | Ep: 1417 | Steps:  177 | Reward:   317.89
Total T:   53799 | Ep: 1418 | Steps:  144 | Reward:   255.38
Total T:   53949 | Ep: 1419 | Steps:  150 | Reward:   251.66
Total T:   54101 | Ep: 1420 | Steps:  152 | Reward:   301.06
Total T:   54247 | Ep: 1421 | Steps:  146 | Reward:   114.97
Total T:   54405 | Ep: 1422 | Steps:  158 | Reward:   294.42
Total T:   54695 | Ep: 1423 | Steps:  290 | Reward:   187.11
Total T:   54798 | Ep: 1424 | Steps:  103 | Reward:   190.63
Total T:   54874 | Ep: 1425 | Steps:   76 | Reward:    73.21
Total T:   54980 | Ep: 1426 | Steps:  106 | Reward:   218.45
Total T:   55105 | Ep: 1427 | Steps:  125 | Reward:   226.62
Total T:   55218 | Ep: 1428 | Steps:  113 | Reward:   222.14
Total T:   55355 | Ep: 1429 | Steps:  137 | Reward:   220.40
Total T:   55503 | Ep: 1430 | Steps:  148 | Reward:   280.55
Total T:   55616 | Ep: 1431 | Steps:  113 | Reward:   226.65
Total T:   55703 | Ep: 1432 | Steps:   87 | Reward:   141.51
Total T:   55859 | Ep: 1433 | Steps:  156 | Reward:   288.63
Total T:   55977 | Ep: 1434 | Steps:  118 | Reward:   227.22
Total T:   56070 | Ep: 1435 | Steps:   93 | Reward:   157.79
Total T:   56179 | Ep: 1436 | Steps:  109 | Reward:   179.07
Total T:   56288 | Ep: 1437 | Steps:  109 | Reward:   203.03
Total T:   56457 | Ep: 1438 | Steps:  169 | Reward:   304.98
Total T:   56569 | Ep: 1439 | Steps:  112 | Reward:   209.22
Total T:   57569 | Ep: 1440 | Steps: 1000 | Reward:  1026.90
Total T:   57673 | Ep: 1441 | Steps:  104 | Reward:   173.90
Total T:   57769 | Ep: 1442 | Steps:   96 | Reward:   175.76
Total T:   57854 | Ep: 1443 | Steps:   85 | Reward:   134.66
Total T:   57930 | Ep: 1444 | Steps:   76 | Reward:   117.52
Total T:   58031 | Ep: 1445 | Steps:  101 | Reward:   191.63
Total T:   58126 | Ep: 1446 | Steps:   95 | Reward:   160.04
Total T:   58242 | Ep: 1447 | Steps:  116 | Reward:   221.34
Total T:   58356 | Ep: 1448 | Steps:  114 | Reward:   208.90
Total T:   58447 | Ep: 1449 | Steps:   91 | Reward:   140.32
Total T:   58532 | Ep: 1450 | Steps:   85 | Reward:   141.97
Total T:   58605 | Ep: 1451 | Steps:   73 | Reward:   106.82
Total T:   58862 | Ep: 1452 | Steps:  257 | Reward:   399.45
Total T:   59005 | Ep: 1453 | Steps:  143 | Reward:   173.95
Total T:   59092 | Ep: 1454 | Steps:   87 | Reward:   136.29
Total T:   59180 | Ep: 1455 | Steps:   88 | Reward:   156.00
Total T:   59259 | Ep: 1456 | Steps:   79 | Reward:   123.93
Total T:   59368 | Ep: 1457 | Steps:  109 | Reward:   184.33
Total T:   59445 | Ep: 1458 | Steps:   77 | Reward:   119.49
Total T:   59522 | Ep: 1459 | Steps:   77 | Reward:   125.39
Total T:   59647 | Ep: 1460 | Steps:  125 | Reward:   240.81
Total T:   59774 | Ep: 1461 | Steps:  127 | Reward:   241.71
Total T:   59870 | Ep: 1462 | Steps:   96 | Reward:   167.08
Total T:   59984 | Ep: 1463 | Steps:  114 | Reward:   213.32
---------------------------------------
Evaluation over 10 episodes: 239.249
---------------------------------------
Total T:   60099 | Ep: 1464 | Steps:  115 | Reward:   225.58
Total T:   60187 | Ep: 1465 | Steps:   88 | Reward:   158.14
Total T:   60265 | Ep: 1466 | Steps:   78 | Reward:   118.95
Total T:   60993 | Ep: 1467 | Steps:  728 | Reward:   958.89
Total T:   61100 | Ep: 1468 | Steps:  107 | Reward:   188.95
Total T:   61223 | Ep: 1469 | Steps:  123 | Reward:   232.82
Total T:   61434 | Ep: 1470 | Steps:  211 | Reward:   362.96
Total T:   61572 | Ep: 1471 | Steps:  138 | Reward:   278.02
Total T:   61689 | Ep: 1472 | Steps:  117 | Reward:   224.57
Total T:   61832 | Ep: 1473 | Steps:  143 | Reward:   281.17
Total T:   62007 | Ep: 1474 | Steps:  175 | Reward:   347.31
Total T:   62159 | Ep: 1475 | Steps:  152 | Reward:   293.42
Total T:   62509 | Ep: 1476 | Steps:  350 | Reward:   533.63
Total T:   62713 | Ep: 1477 | Steps:  204 | Reward:   302.02
Total T:   62979 | Ep: 1478 | Steps:  266 | Reward:   463.65
Total T:   63184 | Ep: 1479 | Steps:  205 | Reward:   363.69
Total T:   64060 | Ep: 1480 | Steps:  876 | Reward:  1130.06
Total T:   64204 | Ep: 1481 | Steps:  144 | Reward:   280.08
Total T:   64358 | Ep: 1482 | Steps:  154 | Reward:   311.52
Total T:   64516 | Ep: 1483 | Steps:  158 | Reward:   311.09
Total T:   64660 | Ep: 1484 | Steps:  144 | Reward:   290.10
Total T:   64790 | Ep: 1485 | Steps:  130 | Reward:   277.78
Total T:   65007 | Ep: 1486 | Steps:  217 | Reward:   384.92
Total T:   65211 | Ep: 1487 | Steps:  204 | Reward:   353.85
Total T:   65378 | Ep: 1488 | Steps:  167 | Reward:   331.64
Total T:   65525 | Ep: 1489 | Steps:  147 | Reward:   282.62
Total T:   65677 | Ep: 1490 | Steps:  152 | Reward:   322.23
Total T:   65820 | Ep: 1491 | Steps:  143 | Reward:   215.77
Total T:   65989 | Ep: 1492 | Steps:  169 | Reward:   382.75
Total T:   66675 | Ep: 1493 | Steps:  686 | Reward:   947.16
Total T:   66961 | Ep: 1494 | Steps:  286 | Reward:   350.21
Total T:   67109 | Ep: 1495 | Steps:  148 | Reward:   284.20
Total T:   67295 | Ep: 1496 | Steps:  186 | Reward:   344.52
Total T:   67442 | Ep: 1497 | Steps:  147 | Reward:   294.16
Total T:   67591 | Ep: 1498 | Steps:  149 | Reward:   308.44
Total T:   67784 | Ep: 1499 | Steps:  193 | Reward:   364.43
Total T:   67955 | Ep: 1500 | Steps:  171 | Reward:   269.57
Total T:   68148 | Ep: 1501 | Steps:  193 | Reward:   390.97
Total T:   68328 | Ep: 1502 | Steps:  180 | Reward:   336.82
Total T:   68479 | Ep: 1503 | Steps:  151 | Reward:   313.26
Total T:   68619 | Ep: 1504 | Steps:  140 | Reward:   285.37
Total T:   68785 | Ep: 1505 | Steps:  166 | Reward:   331.99
Total T:   68933 | Ep: 1506 | Steps:  148 | Reward:   290.59
Total T:   69116 | Ep: 1507 | Steps:  183 | Reward:   281.15
Total T:   69261 | Ep: 1508 | Steps:  145 | Reward:   310.17
Total T:   69362 | Ep: 1509 | Steps:  101 | Reward:   184.48
Total T:   69515 | Ep: 1510 | Steps:  153 | Reward:   301.44
Total T:   69667 | Ep: 1511 | Steps:  152 | Reward:   330.37
Total T:   69820 | Ep: 1512 | Steps:  153 | Reward:   288.46
Total T:   69911 | Ep: 1513 | Steps:   91 | Reward:   151.08
---------------------------------------
Evaluation over 10 episodes: 266.832
---------------------------------------
Total T:   70057 | Ep: 1514 | Steps:  146 | Reward:   342.91
Total T:   70282 | Ep: 1515 | Steps:  225 | Reward:   399.30
Total T:   70427 | Ep: 1516 | Steps:  145 | Reward:   278.28
Total T:   70541 | Ep: 1517 | Steps:  114 | Reward:   214.83
Total T:   70683 | Ep: 1518 | Steps:  142 | Reward:   295.49
Total T:   70825 | Ep: 1519 | Steps:  142 | Reward:   277.00
Total T:   70933 | Ep: 1520 | Steps:  108 | Reward:   216.96
Total T:   71083 | Ep: 1521 | Steps:  150 | Reward:   285.33
Total T:   71232 | Ep: 1522 | Steps:  149 | Reward:   302.86
Total T:   71376 | Ep: 1523 | Steps:  144 | Reward:   297.00
Total T:   71512 | Ep: 1524 | Steps:  136 | Reward:   264.73
Total T:   71628 | Ep: 1525 | Steps:  116 | Reward:   228.83
Total T:   71799 | Ep: 1526 | Steps:  171 | Reward:   299.29
Total T:   71893 | Ep: 1527 | Steps:   94 | Reward:   164.19
Total T:   72026 | Ep: 1528 | Steps:  133 | Reward:   299.67
Total T:   72099 | Ep: 1529 | Steps:   73 | Reward:   101.97
Total T:   72292 | Ep: 1530 | Steps:  193 | Reward:   359.28
Total T:   72449 | Ep: 1531 | Steps:  157 | Reward:   290.85
Total T:   72591 | Ep: 1532 | Steps:  142 | Reward:   268.66
Total T:   72708 | Ep: 1533 | Steps:  117 | Reward:   222.61
Total T:   72853 | Ep: 1534 | Steps:  145 | Reward:   271.27
Total T:   72954 | Ep: 1535 | Steps:  101 | Reward:   192.78
Total T:   73072 | Ep: 1536 | Steps:  118 | Reward:   213.35
Total T:   73208 | Ep: 1537 | Steps:  136 | Reward:   261.02
Total T:   73711 | Ep: 1538 | Steps:  503 | Reward:   371.27
Total T:   73853 | Ep: 1539 | Steps:  142 | Reward:   258.31
Total T:   73992 | Ep: 1540 | Steps:  139 | Reward:   280.98
Total T:   74110 | Ep: 1541 | Steps:  118 | Reward:   205.14
Total T:   74259 | Ep: 1542 | Steps:  149 | Reward:   283.86
Total T:   74388 | Ep: 1543 | Steps:  129 | Reward:   229.90
Total T:   74532 | Ep: 1544 | Steps:  144 | Reward:   317.75
Total T:   74649 | Ep: 1545 | Steps:  117 | Reward:   255.45
Total T:   74754 | Ep: 1546 | Steps:  105 | Reward:   207.24
Total T:   74915 | Ep: 1547 | Steps:  161 | Reward:   296.07
Total T:   75086 | Ep: 1548 | Steps:  171 | Reward:   309.21
Total T:   75188 | Ep: 1549 | Steps:  102 | Reward:   192.35
Total T:   75293 | Ep: 1550 | Steps:  105 | Reward:   198.02
Total T:   75392 | Ep: 1551 | Steps:   99 | Reward:   163.91
Total T:   75526 | Ep: 1552 | Steps:  134 | Reward:   253.03
Total T:   75665 | Ep: 1553 | Steps:  139 | Reward:   257.53
Total T:   75796 | Ep: 1554 | Steps:  131 | Reward:   235.79
Total T:   75877 | Ep: 1555 | Steps:   81 | Reward:   128.56
Total T:   75995 | Ep: 1556 | Steps:  118 | Reward:   215.44
Total T:   76152 | Ep: 1557 | Steps:  157 | Reward:   301.70
Total T:   76234 | Ep: 1558 | Steps:   82 | Reward:   129.09
Total T:   76388 | Ep: 1559 | Steps:  154 | Reward:   279.32
Total T:   76534 | Ep: 1560 | Steps:  146 | Reward:   282.60
Total T:   76688 | Ep: 1561 | Steps:  154 | Reward:   300.33
Total T:   76842 | Ep: 1562 | Steps:  154 | Reward:   289.02
Total T:   76988 | Ep: 1563 | Steps:  146 | Reward:   268.89
Total T:   77117 | Ep: 1564 | Steps:  129 | Reward:   199.85
Total T:   77229 | Ep: 1565 | Steps:  112 | Reward:   184.92
Total T:   77353 | Ep: 1566 | Steps:  124 | Reward:   224.19
Total T:   77490 | Ep: 1567 | Steps:  137 | Reward:   248.92
Total T:   77654 | Ep: 1568 | Steps:  164 | Reward:   349.06
Total T:   77811 | Ep: 1569 | Steps:  157 | Reward:   291.52
Total T:   77955 | Ep: 1570 | Steps:  144 | Reward:   243.13
Total T:   78236 | Ep: 1571 | Steps:  281 | Reward:   421.52
Total T:   78336 | Ep: 1572 | Steps:  100 | Reward:   149.92
Total T:   78499 | Ep: 1573 | Steps:  163 | Reward:   353.68
Total T:   78608 | Ep: 1574 | Steps:  109 | Reward:   196.96
Total T:   78771 | Ep: 1575 | Steps:  163 | Reward:   330.12
Total T:   78918 | Ep: 1576 | Steps:  147 | Reward:   304.88
Total T:   79107 | Ep: 1577 | Steps:  189 | Reward:   350.75
Total T:   79180 | Ep: 1578 | Steps:   73 | Reward:    89.75
Total T:   79317 | Ep: 1579 | Steps:  137 | Reward:   257.21
Total T:   79470 | Ep: 1580 | Steps:  153 | Reward:   329.09
Total T:   79621 | Ep: 1581 | Steps:  151 | Reward:   245.94
Total T:   79784 | Ep: 1582 | Steps:  163 | Reward:   303.69
Total T:   79906 | Ep: 1583 | Steps:  122 | Reward:   208.47
---------------------------------------
Evaluation over 10 episodes: 281.277
---------------------------------------
Total T:   80037 | Ep: 1584 | Steps:  131 | Reward:   244.52
Total T:   80265 | Ep: 1585 | Steps:  228 | Reward:   345.83
Total T:   80441 | Ep: 1586 | Steps:  176 | Reward:   287.14
Total T:   80562 | Ep: 1587 | Steps:  121 | Reward:   225.44
Total T:   80624 | Ep: 1588 | Steps:   62 | Reward:    81.71
Total T:   80759 | Ep: 1589 | Steps:  135 | Reward:   237.19
Total T:   80933 | Ep: 1590 | Steps:  174 | Reward:   311.42
Total T:   81089 | Ep: 1591 | Steps:  156 | Reward:   303.12
Total T:   81199 | Ep: 1592 | Steps:  110 | Reward:   203.81
Total T:   81401 | Ep: 1593 | Steps:  202 | Reward:   337.49
Total T:   81574 | Ep: 1594 | Steps:  173 | Reward:   301.58
Total T:   81735 | Ep: 1595 | Steps:  161 | Reward:   295.80
Total T:   81929 | Ep: 1596 | Steps:  194 | Reward:   335.52
Total T:   82070 | Ep: 1597 | Steps:  141 | Reward:   265.71
Total T:   82214 | Ep: 1598 | Steps:  144 | Reward:   273.37
Total T:   82354 | Ep: 1599 | Steps:  140 | Reward:   235.39
Total T:   82534 | Ep: 1600 | Steps:  180 | Reward:   311.60
Total T:   82681 | Ep: 1601 | Steps:  147 | Reward:   265.81
Total T:   82819 | Ep: 1602 | Steps:  138 | Reward:   259.28
Total T:   82939 | Ep: 1603 | Steps:  120 | Reward:   200.62
Total T:   83096 | Ep: 1604 | Steps:  157 | Reward:   298.06
Total T:   83252 | Ep: 1605 | Steps:  156 | Reward:   282.21
Total T:   83401 | Ep: 1606 | Steps:  149 | Reward:   292.68
Total T:   83565 | Ep: 1607 | Steps:  164 | Reward:   316.07
Total T:   83668 | Ep: 1608 | Steps:  103 | Reward:   188.41
Total T:   83790 | Ep: 1609 | Steps:  122 | Reward:   242.08
Total T:   83940 | Ep: 1610 | Steps:  150 | Reward:   319.98
Total T:   84143 | Ep: 1611 | Steps:  203 | Reward:   382.28
Total T:   84298 | Ep: 1612 | Steps:  155 | Reward:   321.76
Total T:   84443 | Ep: 1613 | Steps:  145 | Reward:   281.43
Total T:   84574 | Ep: 1614 | Steps:  131 | Reward:   225.90
Total T:   84715 | Ep: 1615 | Steps:  141 | Reward:   274.47
Total T:   84833 | Ep: 1616 | Steps:  118 | Reward:   192.52
Total T:   84975 | Ep: 1617 | Steps:  142 | Reward:   286.73
Total T:   85121 | Ep: 1618 | Steps:  146 | Reward:   312.77
Total T:   85254 | Ep: 1619 | Steps:  133 | Reward:   235.16
Total T:   85406 | Ep: 1620 | Steps:  152 | Reward:   298.43
Total T:   85594 | Ep: 1621 | Steps:  188 | Reward:   335.00
Total T:   85776 | Ep: 1622 | Steps:  182 | Reward:   375.83
Total T:   85865 | Ep: 1623 | Steps:   89 | Reward:   116.02
Total T:   86026 | Ep: 1624 | Steps:  161 | Reward:   323.12
Total T:   86201 | Ep: 1625 | Steps:  175 | Reward:   277.89
Total T:   86331 | Ep: 1626 | Steps:  130 | Reward:   212.34
Total T:   86423 | Ep: 1627 | Steps:   92 | Reward:   141.14
Total T:   86588 | Ep: 1628 | Steps:  165 | Reward:   323.21
Total T:   86747 | Ep: 1629 | Steps:  159 | Reward:   293.35
Total T:   86895 | Ep: 1630 | Steps:  148 | Reward:   281.48
Total T:   87027 | Ep: 1631 | Steps:  132 | Reward:   269.25
Total T:   87170 | Ep: 1632 | Steps:  143 | Reward:   251.87
Total T:   87303 | Ep: 1633 | Steps:  133 | Reward:   254.45
Total T:   87473 | Ep: 1634 | Steps:  170 | Reward:   316.30
Total T:   87602 | Ep: 1635 | Steps:  129 | Reward:   235.92
Total T:   87753 | Ep: 1636 | Steps:  151 | Reward:   318.63
Total T:   87884 | Ep: 1637 | Steps:  131 | Reward:   258.67
Total T:   88087 | Ep: 1638 | Steps:  203 | Reward:   393.66
Total T:   88260 | Ep: 1639 | Steps:  173 | Reward:   338.16
Total T:   88443 | Ep: 1640 | Steps:  183 | Reward:   309.09
Total T:   88632 | Ep: 1641 | Steps:  189 | Reward:   376.44
Total T:   88814 | Ep: 1642 | Steps:  182 | Reward:   308.88
Total T:   88980 | Ep: 1643 | Steps:  166 | Reward:   361.54
Total T:   89132 | Ep: 1644 | Steps:  152 | Reward:   285.48
Total T:   89341 | Ep: 1645 | Steps:  209 | Reward:   384.41
Total T:   89497 | Ep: 1646 | Steps:  156 | Reward:   361.48
Total T:   89592 | Ep: 1647 | Steps:   95 | Reward:   134.88
Total T:   89791 | Ep: 1648 | Steps:  199 | Reward:   397.33
Total T:   89893 | Ep: 1649 | Steps:  102 | Reward:   179.70
---------------------------------------
Evaluation over 10 episodes: 350.388
---------------------------------------
Total T:   90037 | Ep: 1650 | Steps:  144 | Reward:   238.37
Total T:   90187 | Ep: 1651 | Steps:  150 | Reward:   255.43
Total T:   90423 | Ep: 1652 | Steps:  236 | Reward:   317.21
Total T:   90588 | Ep: 1653 | Steps:  165 | Reward:   294.85
Total T:   90731 | Ep: 1654 | Steps:  143 | Reward:   306.84
Total T:   90909 | Ep: 1655 | Steps:  178 | Reward:   347.51
Total T:   91081 | Ep: 1656 | Steps:  172 | Reward:   343.35
Total T:   91277 | Ep: 1657 | Steps:  196 | Reward:   411.80
Total T:   91372 | Ep: 1658 | Steps:   95 | Reward:   159.32
Total T:   91458 | Ep: 1659 | Steps:   86 | Reward:   140.51
Total T:   91645 | Ep: 1660 | Steps:  187 | Reward:   354.77
Total T:   91833 | Ep: 1661 | Steps:  188 | Reward:   368.97
Total T:   91951 | Ep: 1662 | Steps:  118 | Reward:   234.62
Total T:   92197 | Ep: 1663 | Steps:  246 | Reward:   447.13
Total T:   92404 | Ep: 1664 | Steps:  207 | Reward:   406.91
Total T:   92562 | Ep: 1665 | Steps:  158 | Reward:   308.73
Total T:   92758 | Ep: 1666 | Steps:  196 | Reward:   413.27
Total T:   93014 | Ep: 1667 | Steps:  256 | Reward:   588.11
Total T:   93122 | Ep: 1668 | Steps:  108 | Reward:   182.26
Total T:   93310 | Ep: 1669 | Steps:  188 | Reward:   361.92
Total T:   93567 | Ep: 1670 | Steps:  257 | Reward:   536.63
Total T:   93792 | Ep: 1671 | Steps:  225 | Reward:   476.28
Total T:   94015 | Ep: 1672 | Steps:  223 | Reward:   454.92
Total T:   94235 | Ep: 1673 | Steps:  220 | Reward:   455.23
Total T:   94427 | Ep: 1674 | Steps:  192 | Reward:   361.29
Total T:   94634 | Ep: 1675 | Steps:  207 | Reward:   387.84
Total T:   94827 | Ep: 1676 | Steps:  193 | Reward:   357.39
Total T:   95101 | Ep: 1677 | Steps:  274 | Reward:   596.87
Total T:   95275 | Ep: 1678 | Steps:  174 | Reward:   342.79
Total T:   95478 | Ep: 1679 | Steps:  203 | Reward:   410.46
Total T:   95587 | Ep: 1680 | Steps:  109 | Reward:   -20.87
Total T:   95675 | Ep: 1681 | Steps:   88 | Reward:   -40.22
Total T:   95765 | Ep: 1682 | Steps:   90 | Reward:   -19.42
Total T:   96023 | Ep: 1683 | Steps:  258 | Reward:   512.21
Total T:   96235 | Ep: 1684 | Steps:  212 | Reward:   437.53
Total T:   96433 | Ep: 1685 | Steps:  198 | Reward:   341.18
Total T:   96498 | Ep: 1686 | Steps:   65 | Reward:    86.51
Total T:   96782 | Ep: 1687 | Steps:  284 | Reward:   435.03
Total T:   96861 | Ep: 1688 | Steps:   79 | Reward:   118.79
Total T:   96955 | Ep: 1689 | Steps:   94 | Reward:    -2.25
Total T:   97053 | Ep: 1690 | Steps:   98 | Reward:   183.04
Total T:   97263 | Ep: 1691 | Steps:  210 | Reward:   425.17
Total T:   97427 | Ep: 1692 | Steps:  164 | Reward:   348.87
Total T:   97639 | Ep: 1693 | Steps:  212 | Reward:   409.98
Total T:   97781 | Ep: 1694 | Steps:  142 | Reward:   254.44
Total T:   97870 | Ep: 1695 | Steps:   89 | Reward:   128.15
Total T:   97997 | Ep: 1696 | Steps:  127 | Reward:   218.85
Total T:   98160 | Ep: 1697 | Steps:  163 | Reward:   316.35
Total T:   98242 | Ep: 1698 | Steps:   82 | Reward:   100.95
Total T:   98374 | Ep: 1699 | Steps:  132 | Reward:   286.13
Total T:   98447 | Ep: 1700 | Steps:   73 | Reward:    92.90
Total T:   98526 | Ep: 1701 | Steps:   79 | Reward:   100.08
Total T:   98602 | Ep: 1702 | Steps:   76 | Reward:   104.18
Total T:   98736 | Ep: 1703 | Steps:  134 | Reward:   160.25
Total T:   98813 | Ep: 1704 | Steps:   77 | Reward:   105.76
Total T:   98913 | Ep: 1705 | Steps:  100 | Reward:   134.60
Total T:   99077 | Ep: 1706 | Steps:  164 | Reward:   314.75
Total T:   99287 | Ep: 1707 | Steps:  210 | Reward:   433.57
Total T:   99477 | Ep: 1708 | Steps:  190 | Reward:   389.45
Total T:   99768 | Ep: 1709 | Steps:  291 | Reward:   420.24
---------------------------------------
Evaluation over 10 episodes: 309.976
---------------------------------------
Total T:  100768 | Ep: 1710 | Steps: 1000 | Reward:  1048.29
Total T:  101047 | Ep: 1711 | Steps:  279 | Reward:   433.09
Total T:  101350 | Ep: 1712 | Steps:  303 | Reward:   281.45
Total T:  101548 | Ep: 1713 | Steps:  198 | Reward:   335.33
Total T:  101625 | Ep: 1714 | Steps:   77 | Reward:    99.08
Total T:  101728 | Ep: 1715 | Steps:  103 | Reward:   137.45
Total T:  102069 | Ep: 1716 | Steps:  341 | Reward:   474.08
Total T:  102286 | Ep: 1717 | Steps:  217 | Reward:   508.28
Total T:  102488 | Ep: 1718 | Steps:  202 | Reward:   387.53
Total T:  102731 | Ep: 1719 | Steps:  243 | Reward:   464.95
Total T:  102888 | Ep: 1720 | Steps:  157 | Reward:   180.26
Total T:  103097 | Ep: 1721 | Steps:  209 | Reward:   372.53
Total T:  103295 | Ep: 1722 | Steps:  198 | Reward:   356.54
Total T:  103491 | Ep: 1723 | Steps:  196 | Reward:   384.25
Total T:  103678 | Ep: 1724 | Steps:  187 | Reward:   299.55
Total T:  103854 | Ep: 1725 | Steps:  176 | Reward:   337.27
Total T:  104093 | Ep: 1726 | Steps:  239 | Reward:   500.22
Total T:  104284 | Ep: 1727 | Steps:  191 | Reward:   332.97
Total T:  104606 | Ep: 1728 | Steps:  322 | Reward:   534.66
Total T:  104883 | Ep: 1729 | Steps:  277 | Reward:   573.82
Total T:  104949 | Ep: 1730 | Steps:   66 | Reward:    71.56
Total T:  105333 | Ep: 1731 | Steps:  384 | Reward:   438.32
Total T:  105547 | Ep: 1732 | Steps:  214 | Reward:   251.63
Total T:  105820 | Ep: 1733 | Steps:  273 | Reward:   448.09
Total T:  106005 | Ep: 1734 | Steps:  185 | Reward:   336.46
Total T:  106238 | Ep: 1735 | Steps:  233 | Reward:   207.76
Total T:  106688 | Ep: 1736 | Steps:  450 | Reward:   627.62
Total T:  106938 | Ep: 1737 | Steps:  250 | Reward:   446.53
Total T:  107174 | Ep: 1738 | Steps:  236 | Reward:   380.47
Total T:  107434 | Ep: 1739 | Steps:  260 | Reward:   413.68
Total T:  107669 | Ep: 1740 | Steps:  235 | Reward:   574.36
Total T:  107984 | Ep: 1741 | Steps:  315 | Reward:   450.27
Total T:  108205 | Ep: 1742 | Steps:  221 | Reward:   372.20
Total T:  108375 | Ep: 1743 | Steps:  170 | Reward:   325.92
Total T:  108589 | Ep: 1744 | Steps:  214 | Reward:   421.88
Total T:  108820 | Ep: 1745 | Steps:  231 | Reward:   422.66
Total T:  109052 | Ep: 1746 | Steps:  232 | Reward:   382.49
---------------------------------------
Evaluation over 10 episodes: 472.514
---------------------------------------
Total T:  110052 | Ep: 1747 | Steps: 1000 | Reward:  1029.99
Total T:  110257 | Ep: 1748 | Steps:  205 | Reward:   374.86
Total T:  110469 | Ep: 1749 | Steps:  212 | Reward:   366.16
Total T:  110683 | Ep: 1750 | Steps:  214 | Reward:   385.73
Total T:  110874 | Ep: 1751 | Steps:  191 | Reward:   130.97
Total T:  111095 | Ep: 1752 | Steps:  221 | Reward:   395.81
Total T:  111548 | Ep: 1753 | Steps:  453 | Reward:   589.15
Total T:  111739 | Ep: 1754 | Steps:  191 | Reward:   345.28
Total T:  111953 | Ep: 1755 | Steps:  214 | Reward:   428.00
Total T:  112183 | Ep: 1756 | Steps:  230 | Reward:   441.99
Total T:  112423 | Ep: 1757 | Steps:  240 | Reward:   411.30
Total T:  112630 | Ep: 1758 | Steps:  207 | Reward:   384.75
Total T:  112907 | Ep: 1759 | Steps:  277 | Reward:   478.22
Total T:  113145 | Ep: 1760 | Steps:  238 | Reward:   413.77
Total T:  113428 | Ep: 1761 | Steps:  283 | Reward:   199.71
Total T:  113646 | Ep: 1762 | Steps:  218 | Reward:   436.01
Total T:  113906 | Ep: 1763 | Steps:  260 | Reward:   131.61
Total T:  114119 | Ep: 1764 | Steps:  213 | Reward:   387.11
Total T:  114356 | Ep: 1765 | Steps:  237 | Reward:   446.93
Total T:  114647 | Ep: 1766 | Steps:  291 | Reward:   500.78
Total T:  114867 | Ep: 1767 | Steps:  220 | Reward:   432.16
Total T:  115177 | Ep: 1768 | Steps:  310 | Reward:   176.74
Total T:  115391 | Ep: 1769 | Steps:  214 | Reward:   424.99
Total T:  115579 | Ep: 1770 | Steps:  188 | Reward:   395.55
Total T:  115777 | Ep: 1771 | Steps:  198 | Reward:   390.62
Total T:  115998 | Ep: 1772 | Steps:  221 | Reward:   443.78
Total T:  116218 | Ep: 1773 | Steps:  220 | Reward:   427.79
Total T:  116383 | Ep: 1774 | Steps:  165 | Reward:   320.93
Total T:  116576 | Ep: 1775 | Steps:  193 | Reward:   428.06
Total T:  116818 | Ep: 1776 | Steps:  242 | Reward:   440.14
Total T:  117066 | Ep: 1777 | Steps:  248 | Reward:   501.69
Total T:  117406 | Ep: 1778 | Steps:  340 | Reward:   690.39
Total T:  117631 | Ep: 1779 | Steps:  225 | Reward:   444.36
Total T:  117966 | Ep: 1780 | Steps:  335 | Reward:   648.82
Total T:  118311 | Ep: 1781 | Steps:  345 | Reward:   428.40
Total T:  118805 | Ep: 1782 | Steps:  494 | Reward:   544.67
Total T:  119008 | Ep: 1783 | Steps:  203 | Reward:   416.70
Total T:  119215 | Ep: 1784 | Steps:  207 | Reward:   419.53
Total T:  119407 | Ep: 1785 | Steps:  192 | Reward:   392.53
Total T:  119544 | Ep: 1786 | Steps:  137 | Reward:   301.34
Total T:  119791 | Ep: 1787 | Steps:  247 | Reward:   460.43
---------------------------------------
Evaluation over 10 episodes: 474.559
---------------------------------------
Total T:  120196 | Ep: 1788 | Steps:  405 | Reward:   466.36
Total T:  120371 | Ep: 1789 | Steps:  175 | Reward:   365.28
Total T:  120661 | Ep: 1790 | Steps:  290 | Reward:   531.78
Total T:  120859 | Ep: 1791 | Steps:  198 | Reward:   379.77
Total T:  121293 | Ep: 1792 | Steps:  434 | Reward:   903.14
Total T:  121493 | Ep: 1793 | Steps:  200 | Reward:   411.67
Total T:  121675 | Ep: 1794 | Steps:  182 | Reward:   163.63
Total T:  121896 | Ep: 1795 | Steps:  221 | Reward:   443.75
Total T:  122124 | Ep: 1796 | Steps:  228 | Reward:   432.98
Total T:  122410 | Ep: 1797 | Steps:  286 | Reward:   573.73
Total T:  122627 | Ep: 1798 | Steps:  217 | Reward:   394.44
Total T:  122737 | Ep: 1799 | Steps:  110 | Reward:    59.44
Total T:  122963 | Ep: 1800 | Steps:  226 | Reward:   390.04
Total T:  123257 | Ep: 1801 | Steps:  294 | Reward:   664.27
Total T:  123410 | Ep: 1802 | Steps:  153 | Reward:   280.51
Total T:  123713 | Ep: 1803 | Steps:  303 | Reward:   470.91
Total T:  124270 | Ep: 1804 | Steps:  557 | Reward:   691.72
Total T:  124502 | Ep: 1805 | Steps:  232 | Reward:   611.50
Total T:  124774 | Ep: 1806 | Steps:  272 | Reward:   521.17
Total T:  125173 | Ep: 1807 | Steps:  399 | Reward:   413.42
Total T:  125398 | Ep: 1808 | Steps:  225 | Reward:   403.94
Total T:  125501 | Ep: 1809 | Steps:  103 | Reward:     4.56
Total T:  125671 | Ep: 1810 | Steps:  170 | Reward:   334.91
Total T:  125753 | Ep: 1811 | Steps:   82 | Reward:    30.41
Total T:  126129 | Ep: 1812 | Steps:  376 | Reward:   -21.79
Total T:  126352 | Ep: 1813 | Steps:  223 | Reward:   417.96
Total T:  126566 | Ep: 1814 | Steps:  214 | Reward:   473.19
Total T:  126874 | Ep: 1815 | Steps:  308 | Reward:   681.08
Total T:  126993 | Ep: 1816 | Steps:  119 | Reward:   207.36
Total T:  127186 | Ep: 1817 | Steps:  193 | Reward:   397.76
Total T:  127362 | Ep: 1818 | Steps:  176 | Reward:   390.53
Total T:  127565 | Ep: 1819 | Steps:  203 | Reward:   377.26
Total T:  127827 | Ep: 1820 | Steps:  262 | Reward:   550.06
Total T:  127996 | Ep: 1821 | Steps:  169 | Reward:   341.53
Total T:  128413 | Ep: 1822 | Steps:  417 | Reward:   674.22
Total T:  128571 | Ep: 1823 | Steps:  158 | Reward:   329.59
Total T:  128845 | Ep: 1824 | Steps:  274 | Reward:   473.03
Total T:  129073 | Ep: 1825 | Steps:  228 | Reward:   515.30
Total T:  129236 | Ep: 1826 | Steps:  163 | Reward:   360.94
Total T:  129441 | Ep: 1827 | Steps:  205 | Reward:   451.20
Total T:  129627 | Ep: 1828 | Steps:  186 | Reward:   347.20
Total T:  129708 | Ep: 1829 | Steps:   81 | Reward:   125.97
Total T:  129843 | Ep: 1830 | Steps:  135 | Reward:   206.16
---------------------------------------
Evaluation over 10 episodes: 400.621
---------------------------------------
Total T:  130122 | Ep: 1831 | Steps:  279 | Reward:   446.32
Total T:  130305 | Ep: 1832 | Steps:  183 | Reward:   360.23
Total T:  130481 | Ep: 1833 | Steps:  176 | Reward:   430.86
Total T:  130740 | Ep: 1834 | Steps:  259 | Reward:   103.71
Total T:  130872 | Ep: 1835 | Steps:  132 | Reward:   188.93
Total T:  131177 | Ep: 1836 | Steps:  305 | Reward:   462.17
Total T:  131368 | Ep: 1837 | Steps:  191 | Reward:   335.78
Total T:  131684 | Ep: 1838 | Steps:  316 | Reward:   576.03
Total T:  131956 | Ep: 1839 | Steps:  272 | Reward:   473.79
Total T:  132304 | Ep: 1840 | Steps:  348 | Reward:   454.20
Total T:  132620 | Ep: 1841 | Steps:  316 | Reward:   555.26
Total T:  132997 | Ep: 1842 | Steps:  377 | Reward:   470.70
Total T:  133163 | Ep: 1843 | Steps:  166 | Reward:   409.50
Total T:  133425 | Ep: 1844 | Steps:  262 | Reward:   388.00
Total T:  133625 | Ep: 1845 | Steps:  200 | Reward:   436.43
Total T:  133779 | Ep: 1846 | Steps:  154 | Reward:   260.52
Total T:  134004 | Ep: 1847 | Steps:  225 | Reward:   360.83
Total T:  134174 | Ep: 1848 | Steps:  170 | Reward:   412.88
Total T:  134617 | Ep: 1849 | Steps:  443 | Reward:   400.44
Total T:  134679 | Ep: 1850 | Steps:   62 | Reward:    96.13
Total T:  134843 | Ep: 1851 | Steps:  164 | Reward:   305.28
Total T:  134922 | Ep: 1852 | Steps:   79 | Reward:   111.26
Total T:  134985 | Ep: 1853 | Steps:   63 | Reward:    98.53
Total T:  135151 | Ep: 1854 | Steps:  166 | Reward:   405.14
Total T:  135211 | Ep: 1855 | Steps:   60 | Reward:    87.51
Total T:  135397 | Ep: 1856 | Steps:  186 | Reward:   380.41
Total T:  135587 | Ep: 1857 | Steps:  190 | Reward:   364.68
Total T:  135738 | Ep: 1858 | Steps:  151 | Reward:   249.32
Total T:  135948 | Ep: 1859 | Steps:  210 | Reward:   467.23
Total T:  136114 | Ep: 1860 | Steps:  166 | Reward:   405.08
Total T:  136466 | Ep: 1861 | Steps:  352 | Reward:   739.42
Total T:  136651 | Ep: 1862 | Steps:  185 | Reward:   449.48
Total T:  136734 | Ep: 1863 | Steps:   83 | Reward:   144.86
Total T:  136924 | Ep: 1864 | Steps:  190 | Reward:   508.08
Total T:  137098 | Ep: 1865 | Steps:  174 | Reward:   334.24
Total T:  137335 | Ep: 1866 | Steps:  237 | Reward:   656.81
Total T:  137493 | Ep: 1867 | Steps:  158 | Reward:   396.42
Total T:  137612 | Ep: 1868 | Steps:  119 | Reward:   243.84
Total T:  137779 | Ep: 1869 | Steps:  167 | Reward:   427.71
Total T:  138037 | Ep: 1870 | Steps:  258 | Reward:   693.85
Total T:  138203 | Ep: 1871 | Steps:  166 | Reward:   386.00
Total T:  138385 | Ep: 1872 | Steps:  182 | Reward:   483.06
Total T:  138632 | Ep: 1873 | Steps:  247 | Reward:   644.43
Total T:  138807 | Ep: 1874 | Steps:  175 | Reward:   408.44
Total T:  138958 | Ep: 1875 | Steps:  151 | Reward:   359.33
Total T:  139085 | Ep: 1876 | Steps:  127 | Reward:   272.27
Total T:  139267 | Ep: 1877 | Steps:  182 | Reward:   454.84
Total T:  139448 | Ep: 1878 | Steps:  181 | Reward:   340.53
Total T:  139564 | Ep: 1879 | Steps:  116 | Reward:   185.37
Total T:  139739 | Ep: 1880 | Steps:  175 | Reward:   408.37
Total T:  139917 | Ep: 1881 | Steps:  178 | Reward:   412.15
---------------------------------------
Evaluation over 10 episodes: 421.220
---------------------------------------
Total T:  140089 | Ep: 1882 | Steps:  172 | Reward:   354.31
Total T:  140327 | Ep: 1883 | Steps:  238 | Reward:   508.08
Total T:  140519 | Ep: 1884 | Steps:  192 | Reward:   353.49
Total T:  140702 | Ep: 1885 | Steps:  183 | Reward:   428.39
Total T:  140972 | Ep: 1886 | Steps:  270 | Reward:   712.79
Total T:  141135 | Ep: 1887 | Steps:  163 | Reward:   259.72
Total T:  141314 | Ep: 1888 | Steps:  179 | Reward:   408.69
Total T:  141520 | Ep: 1889 | Steps:  206 | Reward:   462.70
Total T:  141689 | Ep: 1890 | Steps:  169 | Reward:   370.30
Total T:  141858 | Ep: 1891 | Steps:  169 | Reward:   337.17
Total T:  141998 | Ep: 1892 | Steps:  140 | Reward:   285.68
Total T:  142289 | Ep: 1893 | Steps:  291 | Reward:   640.98
Total T:  142493 | Ep: 1894 | Steps:  204 | Reward:   451.65
Total T:  142669 | Ep: 1895 | Steps:  176 | Reward:   361.12
Total T:  142809 | Ep: 1896 | Steps:  140 | Reward:   370.27
Total T:  142987 | Ep: 1897 | Steps:  178 | Reward:   443.09
Total T:  143164 | Ep: 1898 | Steps:  177 | Reward:   370.83
Total T:  143314 | Ep: 1899 | Steps:  150 | Reward:   393.44
Total T:  143456 | Ep: 1900 | Steps:  142 | Reward:   299.00
Total T:  143588 | Ep: 1901 | Steps:  132 | Reward:   304.47
Total T:  143748 | Ep: 1902 | Steps:  160 | Reward:   378.07
Total T:  143915 | Ep: 1903 | Steps:  167 | Reward:   402.96
Total T:  144075 | Ep: 1904 | Steps:  160 | Reward:   367.08
Total T:  144226 | Ep: 1905 | Steps:  151 | Reward:   367.85
Total T:  144395 | Ep: 1906 | Steps:  169 | Reward:   376.77
Total T:  144570 | Ep: 1907 | Steps:  175 | Reward:   425.54
Total T:  144722 | Ep: 1908 | Steps:  152 | Reward:   339.79
Total T:  144899 | Ep: 1909 | Steps:  177 | Reward:   383.01
Total T:  145050 | Ep: 1910 | Steps:  151 | Reward:   385.85
Total T:  145228 | Ep: 1911 | Steps:  178 | Reward:   443.22
Total T:  145399 | Ep: 1912 | Steps:  171 | Reward:   369.89
Total T:  145587 | Ep: 1913 | Steps:  188 | Reward:   410.01
Total T:  145763 | Ep: 1914 | Steps:  176 | Reward:   364.34
Total T:  145936 | Ep: 1915 | Steps:  173 | Reward:   426.43
Total T:  146127 | Ep: 1916 | Steps:  191 | Reward:   461.76
Total T:  146284 | Ep: 1917 | Steps:  157 | Reward:   376.61
Total T:  146542 | Ep: 1918 | Steps:  258 | Reward:   696.40
Total T:  146792 | Ep: 1919 | Steps:  250 | Reward:   573.43
Total T:  146964 | Ep: 1920 | Steps:  172 | Reward:   342.52
Total T:  147130 | Ep: 1921 | Steps:  166 | Reward:   400.98
Total T:  147333 | Ep: 1922 | Steps:  203 | Reward:   455.73
Total T:  147413 | Ep: 1923 | Steps:   80 | Reward:   125.21
Total T:  147641 | Ep: 1924 | Steps:  228 | Reward:   522.33
Total T:  147840 | Ep: 1925 | Steps:  199 | Reward:   452.90
Total T:  147941 | Ep: 1926 | Steps:  101 | Reward:   190.32
Total T:  148195 | Ep: 1927 | Steps:  254 | Reward:   504.49
Total T:  148562 | Ep: 1928 | Steps:  367 | Reward:   505.41
Total T:  148843 | Ep: 1929 | Steps:  281 | Reward:   534.50
Total T:  148991 | Ep: 1930 | Steps:  148 | Reward:   302.36
Total T:  149203 | Ep: 1931 | Steps:  212 | Reward:   445.84
Total T:  149412 | Ep: 1932 | Steps:  209 | Reward:   417.67
Total T:  149626 | Ep: 1933 | Steps:  214 | Reward:   490.93
---------------------------------------
Evaluation over 10 episodes: 360.474
---------------------------------------
Total T:  150111 | Ep: 1934 | Steps:  485 | Reward:   716.85
Total T:  150302 | Ep: 1935 | Steps:  191 | Reward:   451.47
Total T:  150481 | Ep: 1936 | Steps:  179 | Reward:   420.36
Total T:  150663 | Ep: 1937 | Steps:  182 | Reward:   383.48
Total T:  150922 | Ep: 1938 | Steps:  259 | Reward:   504.35
Total T:  151099 | Ep: 1939 | Steps:  177 | Reward:   398.87
Total T:  151292 | Ep: 1940 | Steps:  193 | Reward:   456.31
Total T:  151450 | Ep: 1941 | Steps:  158 | Reward:   340.77
Total T:  151654 | Ep: 1942 | Steps:  204 | Reward:   422.07
Total T:  151810 | Ep: 1943 | Steps:  156 | Reward:   365.36
Total T:  152526 | Ep: 1944 | Steps:  716 | Reward:   753.50
Total T:  152693 | Ep: 1945 | Steps:  167 | Reward:   335.02
Total T:  152881 | Ep: 1946 | Steps:  188 | Reward:   398.41
Total T:  153200 | Ep: 1947 | Steps:  319 | Reward:   486.14
Total T:  153380 | Ep: 1948 | Steps:  180 | Reward:   345.40
Total T:  153624 | Ep: 1949 | Steps:  244 | Reward:   471.13
Total T:  153803 | Ep: 1950 | Steps:  179 | Reward:   337.15
Total T:  153998 | Ep: 1951 | Steps:  195 | Reward:   412.86
Total T:  154155 | Ep: 1952 | Steps:  157 | Reward:   377.41
Total T:  154392 | Ep: 1953 | Steps:  237 | Reward:   554.70
Total T:  154569 | Ep: 1954 | Steps:  177 | Reward:   343.42
Total T:  154739 | Ep: 1955 | Steps:  170 | Reward:   385.34
Total T:  155417 | Ep: 1956 | Steps:  678 | Reward:  1040.32
Total T:  155574 | Ep: 1957 | Steps:  157 | Reward:   326.33
Total T:  155733 | Ep: 1958 | Steps:  159 | Reward:   338.02
Total T:  155890 | Ep: 1959 | Steps:  157 | Reward:   332.00
Total T:  156127 | Ep: 1960 | Steps:  237 | Reward:   480.98
Total T:  156299 | Ep: 1961 | Steps:  172 | Reward:   335.61
Total T:  156531 | Ep: 1962 | Steps:  232 | Reward:   460.98
Total T:  156734 | Ep: 1963 | Steps:  203 | Reward:   422.17
Total T:  156956 | Ep: 1964 | Steps:  222 | Reward:   497.34
Total T:  157197 | Ep: 1965 | Steps:  241 | Reward:   453.56
Total T:  157510 | Ep: 1966 | Steps:  313 | Reward:   416.76
Total T:  157694 | Ep: 1967 | Steps:  184 | Reward:   327.00
Total T:  158138 | Ep: 1968 | Steps:  444 | Reward:   544.42
Total T:  158326 | Ep: 1969 | Steps:  188 | Reward:   371.22
Total T:  158496 | Ep: 1970 | Steps:  170 | Reward:   432.76
Total T:  158709 | Ep: 1971 | Steps:  213 | Reward:   431.94
Total T:  158930 | Ep: 1972 | Steps:  221 | Reward:   426.73
Total T:  159137 | Ep: 1973 | Steps:  207 | Reward:   469.91
Total T:  159395 | Ep: 1974 | Steps:  258 | Reward:   570.90
Total T:  159686 | Ep: 1975 | Steps:  291 | Reward:   566.27
Total T:  159869 | Ep: 1976 | Steps:  183 | Reward:   348.45
---------------------------------------
Evaluation over 10 episodes: 419.750
---------------------------------------
Total T:  160045 | Ep: 1977 | Steps:  176 | Reward:   434.74
Total T:  160401 | Ep: 1978 | Steps:  356 | Reward:   613.71
Total T:  160539 | Ep: 1979 | Steps:  138 | Reward:   296.59
Total T:  160721 | Ep: 1980 | Steps:  182 | Reward:   464.44
Total T:  160930 | Ep: 1981 | Steps:  209 | Reward:   494.45
Total T:  161121 | Ep: 1982 | Steps:  191 | Reward:   441.75
Total T:  161311 | Ep: 1983 | Steps:  190 | Reward:   391.84
Total T:  161622 | Ep: 1984 | Steps:  311 | Reward:   542.00
Total T:  161817 | Ep: 1985 | Steps:  195 | Reward:   468.09
Total T:  161987 | Ep: 1986 | Steps:  170 | Reward:   408.11
Total T:  162156 | Ep: 1987 | Steps:  169 | Reward:   432.49
Total T:  162298 | Ep: 1988 | Steps:  142 | Reward:   301.29
Total T:  162509 | Ep: 1989 | Steps:  211 | Reward:   437.97
Total T:  162693 | Ep: 1990 | Steps:  184 | Reward:   374.76
Total T:  162859 | Ep: 1991 | Steps:  166 | Reward:   395.48
Total T:  163592 | Ep: 1992 | Steps:  733 | Reward:   875.42
Total T:  163855 | Ep: 1993 | Steps:  263 | Reward:   591.60
Total T:  164719 | Ep: 1994 | Steps:  864 | Reward:   838.03
Total T:  164874 | Ep: 1995 | Steps:  155 | Reward:   314.61
Total T:  165038 | Ep: 1996 | Steps:  164 | Reward:   364.57
Total T:  165180 | Ep: 1997 | Steps:  142 | Reward:   307.65
Total T:  165345 | Ep: 1998 | Steps:  165 | Reward:   314.15
Total T:  165510 | Ep: 1999 | Steps:  165 | Reward:   360.91
Total T:  165779 | Ep: 2000 | Steps:  269 | Reward:   583.12
Total T:  166070 | Ep: 2001 | Steps:  291 | Reward:   667.66
Total T:  166231 | Ep: 2002 | Steps:  161 | Reward:   281.78
Total T:  166442 | Ep: 2003 | Steps:  211 | Reward:   481.05
Total T:  166677 | Ep: 2004 | Steps:  235 | Reward:   562.73
Total T:  167109 | Ep: 2005 | Steps:  432 | Reward:   349.88
Total T:  167334 | Ep: 2006 | Steps:  225 | Reward:   440.06
Total T:  167522 | Ep: 2007 | Steps:  188 | Reward:   379.56
Total T:  168161 | Ep: 2008 | Steps:  639 | Reward:   991.11
Total T:  168305 | Ep: 2009 | Steps:  144 | Reward:   303.46
Total T:  168518 | Ep: 2010 | Steps:  213 | Reward:   478.13
Total T:  168769 | Ep: 2011 | Steps:  251 | Reward:   478.71
Total T:  168903 | Ep: 2012 | Steps:  134 | Reward:   274.52
Total T:  169146 | Ep: 2013 | Steps:  243 | Reward:   523.88
Total T:  169497 | Ep: 2014 | Steps:  351 | Reward:   566.14
Total T:  169784 | Ep: 2015 | Steps:  287 | Reward:   689.15
Total T:  169992 | Ep: 2016 | Steps:  208 | Reward:   471.50
---------------------------------------
Evaluation over 10 episodes: 382.829
---------------------------------------
Total T:  170466 | Ep: 2017 | Steps:  474 | Reward:   836.84
Total T:  170721 | Ep: 2018 | Steps:  255 | Reward:   628.59
Total T:  170929 | Ep: 2019 | Steps:  208 | Reward:   445.53
Total T:  171390 | Ep: 2020 | Steps:  461 | Reward:   881.90
Total T:  171531 | Ep: 2021 | Steps:  141 | Reward:   278.81
Total T:  171691 | Ep: 2022 | Steps:  160 | Reward:   304.19
Total T:  171862 | Ep: 2023 | Steps:  171 | Reward:   324.73
Total T:  172125 | Ep: 2024 | Steps:  263 | Reward:   632.77
Total T:  172280 | Ep: 2025 | Steps:  155 | Reward:   362.97
Total T:  172452 | Ep: 2026 | Steps:  172 | Reward:   412.76
Total T:  172697 | Ep: 2027 | Steps:  245 | Reward:   561.48
Total T:  172918 | Ep: 2028 | Steps:  221 | Reward:   570.02
Total T:  173154 | Ep: 2029 | Steps:  236 | Reward:   499.09
Total T:  173336 | Ep: 2030 | Steps:  182 | Reward:   463.20
Total T:  173484 | Ep: 2031 | Steps:  148 | Reward:   286.85
Total T:  173653 | Ep: 2032 | Steps:  169 | Reward:   437.25
Total T:  173816 | Ep: 2033 | Steps:  163 | Reward:   373.58
Total T:  174099 | Ep: 2034 | Steps:  283 | Reward:   660.02
Total T:  174268 | Ep: 2035 | Steps:  169 | Reward:   419.03
Total T:  174445 | Ep: 2036 | Steps:  177 | Reward:   324.50
Total T:  174650 | Ep: 2037 | Steps:  205 | Reward:   463.81
Total T:  174986 | Ep: 2038 | Steps:  336 | Reward:   795.19
Total T:  175224 | Ep: 2039 | Steps:  238 | Reward:   439.15
Total T:  175462 | Ep: 2040 | Steps:  238 | Reward:   585.64
Total T:  175619 | Ep: 2041 | Steps:  157 | Reward:   394.35
Total T:  175809 | Ep: 2042 | Steps:  190 | Reward:   428.07
Total T:  175987 | Ep: 2043 | Steps:  178 | Reward:   376.26
Total T:  176172 | Ep: 2044 | Steps:  185 | Reward:   123.92
Total T:  176429 | Ep: 2045 | Steps:  257 | Reward:   619.21
Total T:  176608 | Ep: 2046 | Steps:  179 | Reward:   352.56
Total T:  176808 | Ep: 2047 | Steps:  200 | Reward:   414.61
Total T:  177009 | Ep: 2048 | Steps:  201 | Reward:   444.94
Total T:  177133 | Ep: 2049 | Steps:  124 | Reward:   258.74
Total T:  177452 | Ep: 2050 | Steps:  319 | Reward:   732.85
Total T:  177598 | Ep: 2051 | Steps:  146 | Reward:   390.48
Total T:  177799 | Ep: 2052 | Steps:  201 | Reward:   396.75
Total T:  178000 | Ep: 2053 | Steps:  201 | Reward:   497.64
Total T:  178235 | Ep: 2054 | Steps:  235 | Reward:   553.71
Total T:  178482 | Ep: 2055 | Steps:  247 | Reward:   554.80
Total T:  178684 | Ep: 2056 | Steps:  202 | Reward:   459.13
Total T:  178882 | Ep: 2057 | Steps:  198 | Reward:   402.95
Total T:  179047 | Ep: 2058 | Steps:  165 | Reward:   318.61
Total T:  179245 | Ep: 2059 | Steps:  198 | Reward:   483.06
Total T:  179493 | Ep: 2060 | Steps:  248 | Reward:   507.41
Total T:  179701 | Ep: 2061 | Steps:  208 | Reward:   510.56
Total T:  179967 | Ep: 2062 | Steps:  266 | Reward:   590.40
---------------------------------------
Evaluation over 10 episodes: 606.603
---------------------------------------
Total T:  180100 | Ep: 2063 | Steps:  133 | Reward:   254.90
Total T:  180341 | Ep: 2064 | Steps:  241 | Reward:   578.69
Total T:  180504 | Ep: 2065 | Steps:  163 | Reward:   415.33
Total T:  180709 | Ep: 2066 | Steps:  205 | Reward:   538.25
Total T:  181029 | Ep: 2067 | Steps:  320 | Reward:   820.03
Total T:  181197 | Ep: 2068 | Steps:  168 | Reward:   383.42
Total T:  181365 | Ep: 2069 | Steps:  168 | Reward:   337.01
Total T:  181515 | Ep: 2070 | Steps:  150 | Reward:   304.67
Total T:  181717 | Ep: 2071 | Steps:  202 | Reward:   443.97
Total T:  181905 | Ep: 2072 | Steps:  188 | Reward:   429.32
Total T:  182172 | Ep: 2073 | Steps:  267 | Reward:   511.76
Total T:  182318 | Ep: 2074 | Steps:  146 | Reward:   357.09
Total T:  182559 | Ep: 2075 | Steps:  241 | Reward:   657.42
Total T:  182717 | Ep: 2076 | Steps:  158 | Reward:   323.56
Total T:  183150 | Ep: 2077 | Steps:  433 | Reward:   982.83
Total T:  183381 | Ep: 2078 | Steps:  231 | Reward:   514.49
Total T:  183648 | Ep: 2079 | Steps:  267 | Reward:   667.49
Total T:  183868 | Ep: 2080 | Steps:  220 | Reward:   531.03
Total T:  184337 | Ep: 2081 | Steps:  469 | Reward:  1021.78
Total T:  184539 | Ep: 2082 | Steps:  202 | Reward:   351.80
Total T:  184794 | Ep: 2083 | Steps:  255 | Reward:   663.61
Total T:  185266 | Ep: 2084 | Steps:  472 | Reward:  1180.33
Total T:  185506 | Ep: 2085 | Steps:  240 | Reward:   580.32
Total T:  185692 | Ep: 2086 | Steps:  186 | Reward:   387.11
Total T:  185882 | Ep: 2087 | Steps:  190 | Reward:   489.72
Total T:  186044 | Ep: 2088 | Steps:  162 | Reward:   356.19
Total T:  186259 | Ep: 2089 | Steps:  215 | Reward:   501.02
Total T:  186483 | Ep: 2090 | Steps:  224 | Reward:   354.27
Total T:  186718 | Ep: 2091 | Steps:  235 | Reward:   488.61
Total T:  187107 | Ep: 2092 | Steps:  389 | Reward:   952.42
Total T:  187346 | Ep: 2093 | Steps:  239 | Reward:   602.93
Total T:  187637 | Ep: 2094 | Steps:  291 | Reward:   695.52
Total T:  187755 | Ep: 2095 | Steps:  118 | Reward:    73.99
Total T:  188119 | Ep: 2096 | Steps:  364 | Reward:   890.78
Total T:  188409 | Ep: 2097 | Steps:  290 | Reward:   697.57
Total T:  188622 | Ep: 2098 | Steps:  213 | Reward:   430.53
Total T:  188858 | Ep: 2099 | Steps:  236 | Reward:   566.26
Total T:  189175 | Ep: 2100 | Steps:  317 | Reward:   700.89
Total T:  189449 | Ep: 2101 | Steps:  274 | Reward:   702.81
Total T:  189770 | Ep: 2102 | Steps:  321 | Reward:   760.99
---------------------------------------
Evaluation over 10 episodes: 500.145
---------------------------------------
Total T:  190105 | Ep: 2103 | Steps:  335 | Reward:   793.17
Total T:  190395 | Ep: 2104 | Steps:  290 | Reward:   574.46
Total T:  190575 | Ep: 2105 | Steps:  180 | Reward:   346.52
Total T:  190771 | Ep: 2106 | Steps:  196 | Reward:   309.46
Total T:  191091 | Ep: 2107 | Steps:  320 | Reward:   817.89
Total T:  191399 | Ep: 2108 | Steps:  308 | Reward:   833.86
Total T:  191604 | Ep: 2109 | Steps:  205 | Reward:   559.68
Total T:  191900 | Ep: 2110 | Steps:  296 | Reward:   761.01
Total T:  192273 | Ep: 2111 | Steps:  373 | Reward:  1054.79
Total T:  192494 | Ep: 2112 | Steps:  221 | Reward:   468.51
Total T:  192697 | Ep: 2113 | Steps:  203 | Reward:   493.31
Total T:  192785 | Ep: 2114 | Steps:   88 | Reward:    84.40
Total T:  193129 | Ep: 2115 | Steps:  344 | Reward:   831.51
Total T:  193408 | Ep: 2116 | Steps:  279 | Reward:   688.24
Total T:  193646 | Ep: 2117 | Steps:  238 | Reward:   534.50
Total T:  193921 | Ep: 2118 | Steps:  275 | Reward:   695.92
Total T:  194707 | Ep: 2119 | Steps:  786 | Reward:  1436.86
Total T:  195143 | Ep: 2120 | Steps:  436 | Reward:   808.68
Total T:  195355 | Ep: 2121 | Steps:  212 | Reward:   542.76
Total T:  195710 | Ep: 2122 | Steps:  355 | Reward:   984.82
Total T:  196103 | Ep: 2123 | Steps:  393 | Reward:   942.90
Total T:  197014 | Ep: 2124 | Steps:  911 | Reward:  1608.52
Total T:  197565 | Ep: 2125 | Steps:  551 | Reward:   963.53
Total T:  197769 | Ep: 2126 | Steps:  204 | Reward:   525.33
Total T:  198687 | Ep: 2127 | Steps:  918 | Reward:  1074.60
Total T:  198974 | Ep: 2128 | Steps:  287 | Reward:   751.40
Total T:  199289 | Ep: 2129 | Steps:  315 | Reward:   737.54
Total T:  199762 | Ep: 2130 | Steps:  473 | Reward:   962.66
---------------------------------------
Evaluation over 10 episodes: 629.068
---------------------------------------
Total T:  200090 | Ep: 2131 | Steps:  328 | Reward:   940.59
Total T:  200388 | Ep: 2132 | Steps:  298 | Reward:   735.02
Total T:  200654 | Ep: 2133 | Steps:  266 | Reward:   578.28
Total T:  201002 | Ep: 2134 | Steps:  348 | Reward:   866.56
Total T:  201431 | Ep: 2135 | Steps:  429 | Reward:  1207.68
Total T:  201708 | Ep: 2136 | Steps:  277 | Reward:   541.82
Total T:  202083 | Ep: 2137 | Steps:  375 | Reward:   963.29
Total T:  202329 | Ep: 2138 | Steps:  246 | Reward:   600.08
Total T:  202701 | Ep: 2139 | Steps:  372 | Reward:   882.22
Total T:  202888 | Ep: 2140 | Steps:  187 | Reward:   445.99
Total T:  203272 | Ep: 2141 | Steps:  384 | Reward:   705.08
Total T:  203593 | Ep: 2142 | Steps:  321 | Reward:   748.59
Total T:  203827 | Ep: 2143 | Steps:  234 | Reward:   583.09
Total T:  204103 | Ep: 2144 | Steps:  276 | Reward:   752.81
Total T:  204347 | Ep: 2145 | Steps:  244 | Reward:   637.20
Total T:  204552 | Ep: 2146 | Steps:  205 | Reward:   480.69
Total T:  204648 | Ep: 2147 | Steps:   96 | Reward:   193.48
Total T:  205013 | Ep: 2148 | Steps:  365 | Reward:   999.65
Total T:  205578 | Ep: 2149 | Steps:  565 | Reward:  1688.71
Total T:  205789 | Ep: 2150 | Steps:  211 | Reward:   581.58
Total T:  206216 | Ep: 2151 | Steps:  427 | Reward:   794.04
Total T:  206621 | Ep: 2152 | Steps:  405 | Reward:   998.70
Total T:  207020 | Ep: 2153 | Steps:  399 | Reward:  1178.99
Total T:  207369 | Ep: 2154 | Steps:  349 | Reward:   895.54
Total T:  207728 | Ep: 2155 | Steps:  359 | Reward:   783.18
Total T:  208512 | Ep: 2156 | Steps:  784 | Reward:  2195.07
Total T:  208870 | Ep: 2157 | Steps:  358 | Reward:   925.93
Total T:  209094 | Ep: 2158 | Steps:  224 | Reward:   550.45
Total T:  209352 | Ep: 2159 | Steps:  258 | Reward:   584.40
Total T:  209626 | Ep: 2160 | Steps:  274 | Reward:   542.04
---------------------------------------
Evaluation over 10 episodes: 716.198
---------------------------------------
Total T:  210004 | Ep: 2161 | Steps:  378 | Reward:   811.03
Total T:  210393 | Ep: 2162 | Steps:  389 | Reward:   876.60
Total T:  210675 | Ep: 2163 | Steps:  282 | Reward:   723.37
Total T:  211412 | Ep: 2164 | Steps:  737 | Reward:  1110.41
Total T:  211627 | Ep: 2165 | Steps:  215 | Reward:   601.32
Total T:  211910 | Ep: 2166 | Steps:  283 | Reward:   544.90
Total T:  212243 | Ep: 2167 | Steps:  333 | Reward:   929.20
Total T:  212569 | Ep: 2168 | Steps:  326 | Reward:   900.13
Total T:  212846 | Ep: 2169 | Steps:  277 | Reward:   581.61
Total T:  213017 | Ep: 2170 | Steps:  171 | Reward:   421.32
Total T:  213306 | Ep: 2171 | Steps:  289 | Reward:   646.04
Total T:  213636 | Ep: 2172 | Steps:  330 | Reward:   778.24
Total T:  213957 | Ep: 2173 | Steps:  321 | Reward:   950.43
Total T:  214251 | Ep: 2174 | Steps:  294 | Reward:   757.72
Total T:  214545 | Ep: 2175 | Steps:  294 | Reward:   767.17
Total T:  214895 | Ep: 2176 | Steps:  350 | Reward:  1002.26
Total T:  215198 | Ep: 2177 | Steps:  303 | Reward:   619.40
Total T:  215483 | Ep: 2178 | Steps:  285 | Reward:   716.67
Total T:  215820 | Ep: 2179 | Steps:  337 | Reward:   752.85
Total T:  216478 | Ep: 2180 | Steps:  658 | Reward:  1577.04
Total T:  216879 | Ep: 2181 | Steps:  401 | Reward:  1126.53
Total T:  217176 | Ep: 2182 | Steps:  297 | Reward:   811.16
Total T:  217500 | Ep: 2183 | Steps:  324 | Reward:   954.30
Total T:  218072 | Ep: 2184 | Steps:  572 | Reward:  1422.57
Total T:  218663 | Ep: 2185 | Steps:  591 | Reward:  1704.43
Total T:  219063 | Ep: 2186 | Steps:  400 | Reward:  1194.21
Total T:  219374 | Ep: 2187 | Steps:  311 | Reward:   887.35
Total T:  219616 | Ep: 2188 | Steps:  242 | Reward:   674.10
Total T:  219893 | Ep: 2189 | Steps:  277 | Reward:   753.93
---------------------------------------
Evaluation over 10 episodes: 785.853
---------------------------------------
Total T:  220206 | Ep: 2190 | Steps:  313 | Reward:   854.98
Total T:  220538 | Ep: 2191 | Steps:  332 | Reward:   860.17
Total T:  220839 | Ep: 2192 | Steps:  301 | Reward:   871.73
Total T:  221372 | Ep: 2193 | Steps:  533 | Reward:  1244.22
Total T:  221588 | Ep: 2194 | Steps:  216 | Reward:   560.37
Total T:  221940 | Ep: 2195 | Steps:  352 | Reward:   973.54
Total T:  222206 | Ep: 2196 | Steps:  266 | Reward:   787.44
Total T:  222562 | Ep: 2197 | Steps:  356 | Reward:   939.88
Total T:  222756 | Ep: 2198 | Steps:  194 | Reward:   535.66
Total T:  223001 | Ep: 2199 | Steps:  245 | Reward:   710.18
Total T:  223327 | Ep: 2200 | Steps:  326 | Reward:   776.39
Total T:  223555 | Ep: 2201 | Steps:  228 | Reward:   579.87
Total T:  223710 | Ep: 2202 | Steps:  155 | Reward:   271.29
Total T:  223965 | Ep: 2203 | Steps:  255 | Reward:   647.04
Total T:  224234 | Ep: 2204 | Steps:  269 | Reward:   697.67
Total T:  224492 | Ep: 2205 | Steps:  258 | Reward:   676.64
Total T:  224759 | Ep: 2206 | Steps:  267 | Reward:   633.63
Total T:  225117 | Ep: 2207 | Steps:  358 | Reward:  1063.94
Total T:  225511 | Ep: 2208 | Steps:  394 | Reward:   918.76
Total T:  225857 | Ep: 2209 | Steps:  346 | Reward:   974.57
Total T:  226242 | Ep: 2210 | Steps:  385 | Reward:  1128.36
Total T:  226630 | Ep: 2211 | Steps:  388 | Reward:  1104.79
Total T:  226952 | Ep: 2212 | Steps:  322 | Reward:   873.01
Total T:  227258 | Ep: 2213 | Steps:  306 | Reward:   936.95
Total T:  227560 | Ep: 2214 | Steps:  302 | Reward:   693.54
Total T:  227821 | Ep: 2215 | Steps:  261 | Reward:   730.95
Total T:  228105 | Ep: 2216 | Steps:  284 | Reward:   697.97
Total T:  228482 | Ep: 2217 | Steps:  377 | Reward:  1185.39
Total T:  228837 | Ep: 2218 | Steps:  355 | Reward:  1112.90
Total T:  229183 | Ep: 2219 | Steps:  346 | Reward:   861.98
Total T:  229429 | Ep: 2220 | Steps:  246 | Reward:   617.50
Total T:  229779 | Ep: 2221 | Steps:  350 | Reward:  1017.91
---------------------------------------
Evaluation over 10 episodes: 957.649
---------------------------------------
Total T:  230059 | Ep: 2222 | Steps:  280 | Reward:   838.17
Total T:  230305 | Ep: 2223 | Steps:  246 | Reward:   476.10
Total T:  230620 | Ep: 2224 | Steps:  315 | Reward:   939.51
Total T:  230802 | Ep: 2225 | Steps:  182 | Reward:   412.84
Total T:  231145 | Ep: 2226 | Steps:  343 | Reward:  1033.80
Total T:  231382 | Ep: 2227 | Steps:  237 | Reward:   572.99
Total T:  231599 | Ep: 2228 | Steps:  217 | Reward:   553.07
Total T:  231939 | Ep: 2229 | Steps:  340 | Reward:   952.84
Total T:  232217 | Ep: 2230 | Steps:  278 | Reward:   860.91
Total T:  232537 | Ep: 2231 | Steps:  320 | Reward:   874.34
Total T:  232837 | Ep: 2232 | Steps:  300 | Reward:   856.00
Total T:  233165 | Ep: 2233 | Steps:  328 | Reward:   726.87
Total T:  233507 | Ep: 2234 | Steps:  342 | Reward:   917.99
Total T:  233881 | Ep: 2235 | Steps:  374 | Reward:  1068.29
Total T:  234012 | Ep: 2236 | Steps:  131 | Reward:   279.62
Total T:  234363 | Ep: 2237 | Steps:  351 | Reward:   969.97
Total T:  234658 | Ep: 2238 | Steps:  295 | Reward:   846.87
Total T:  235006 | Ep: 2239 | Steps:  348 | Reward:  1066.84
Total T:  235277 | Ep: 2240 | Steps:  271 | Reward:   765.92
Total T:  235720 | Ep: 2241 | Steps:  443 | Reward:  1231.51
Total T:  236088 | Ep: 2242 | Steps:  368 | Reward:  1161.55
Total T:  236532 | Ep: 2243 | Steps:  444 | Reward:  1249.86
Total T:  237126 | Ep: 2244 | Steps:  594 | Reward:  1442.55
Total T:  237350 | Ep: 2245 | Steps:  224 | Reward:   497.24
Total T:  237767 | Ep: 2246 | Steps:  417 | Reward:   992.04
Total T:  238039 | Ep: 2247 | Steps:  272 | Reward:   819.94
Total T:  238412 | Ep: 2248 | Steps:  373 | Reward:  1058.45
Total T:  238733 | Ep: 2249 | Steps:  321 | Reward:   922.99
Total T:  239072 | Ep: 2250 | Steps:  339 | Reward:   952.84
Total T:  239415 | Ep: 2251 | Steps:  343 | Reward:   879.98
Total T:  239790 | Ep: 2252 | Steps:  375 | Reward:   920.45
---------------------------------------
Evaluation over 10 episodes: 746.790
---------------------------------------
Total T:  240072 | Ep: 2253 | Steps:  282 | Reward:   665.77
Total T:  240350 | Ep: 2254 | Steps:  278 | Reward:   817.83
Total T:  240574 | Ep: 2255 | Steps:  224 | Reward:   556.12
Total T:  240905 | Ep: 2256 | Steps:  331 | Reward:   921.86
Total T:  241287 | Ep: 2257 | Steps:  382 | Reward:   704.74
Total T:  241607 | Ep: 2258 | Steps:  320 | Reward:   923.40
Total T:  241895 | Ep: 2259 | Steps:  288 | Reward:   867.09
Total T:  242199 | Ep: 2260 | Steps:  304 | Reward:   737.53
Total T:  242556 | Ep: 2261 | Steps:  357 | Reward:   917.37
Total T:  242947 | Ep: 2262 | Steps:  391 | Reward:   960.01
Total T:  243255 | Ep: 2263 | Steps:  308 | Reward:   839.00
Total T:  243646 | Ep: 2264 | Steps:  391 | Reward:  1054.45
Total T:  244092 | Ep: 2265 | Steps:  446 | Reward:  1186.60
Total T:  244317 | Ep: 2266 | Steps:  225 | Reward:   501.36
Total T:  244737 | Ep: 2267 | Steps:  420 | Reward:   947.25
Total T:  245078 | Ep: 2268 | Steps:  341 | Reward:  1013.91
Total T:  245480 | Ep: 2269 | Steps:  402 | Reward:   975.86
Total T:  245888 | Ep: 2270 | Steps:  408 | Reward:  1275.97
Total T:  246124 | Ep: 2271 | Steps:  236 | Reward:   670.67
Total T:  246430 | Ep: 2272 | Steps:  306 | Reward:   853.82
Total T:  246765 | Ep: 2273 | Steps:  335 | Reward:   879.14
Total T:  247133 | Ep: 2274 | Steps:  368 | Reward:  1076.19
Total T:  247479 | Ep: 2275 | Steps:  346 | Reward:   923.47
Total T:  247577 | Ep: 2276 | Steps:   98 | Reward:    23.29
Total T:  248098 | Ep: 2277 | Steps:  521 | Reward:  1370.72
Total T:  248449 | Ep: 2278 | Steps:  351 | Reward:   906.73
Total T:  248532 | Ep: 2279 | Steps:   83 | Reward:    19.43
Total T:  248958 | Ep: 2280 | Steps:  426 | Reward:  1171.82
Total T:  249615 | Ep: 2281 | Steps:  657 | Reward:  2199.79
Total T:  249886 | Ep: 2282 | Steps:  271 | Reward:   620.51
---------------------------------------
Evaluation over 10 episodes: 1346.976
---------------------------------------
Total T:  250163 | Ep: 2283 | Steps:  277 | Reward:   639.19
Total T:  250235 | Ep: 2284 | Steps:   72 | Reward:    27.57
Total T:  250808 | Ep: 2285 | Steps:  573 | Reward:  1708.72
Total T:  251120 | Ep: 2286 | Steps:  312 | Reward:   968.39
Total T:  251471 | Ep: 2287 | Steps:  351 | Reward:  1005.83
Total T:  251838 | Ep: 2288 | Steps:  367 | Reward:  1150.04
Total T:  252268 | Ep: 2289 | Steps:  430 | Reward:  1303.36
Total T:  252666 | Ep: 2290 | Steps:  398 | Reward:  1131.75
Total T:  252970 | Ep: 2291 | Steps:  304 | Reward:   720.47
Total T:  253273 | Ep: 2292 | Steps:  303 | Reward:   887.89
Total T:  253756 | Ep: 2293 | Steps:  483 | Reward:  1405.68
Total T:  254030 | Ep: 2294 | Steps:  274 | Reward:   781.84
Total T:  254402 | Ep: 2295 | Steps:  372 | Reward:  1136.06
Total T:  254825 | Ep: 2296 | Steps:  423 | Reward:  1460.76
Total T:  255189 | Ep: 2297 | Steps:  364 | Reward:  1076.14
Total T:  255559 | Ep: 2298 | Steps:  370 | Reward:  1081.09
Total T:  255935 | Ep: 2299 | Steps:  376 | Reward:  1200.36
Total T:  256248 | Ep: 2300 | Steps:  313 | Reward:   774.51
Total T:  256542 | Ep: 2301 | Steps:  294 | Reward:   764.34
Total T:  256908 | Ep: 2302 | Steps:  366 | Reward:  1105.98
Total T:  257390 | Ep: 2303 | Steps:  482 | Reward:  1505.88
Total T:  257660 | Ep: 2304 | Steps:  270 | Reward:   832.99
Total T:  257931 | Ep: 2305 | Steps:  271 | Reward:   735.87
Total T:  258274 | Ep: 2306 | Steps:  343 | Reward:   982.94
Total T:  258560 | Ep: 2307 | Steps:  286 | Reward:   638.22
Total T:  258899 | Ep: 2308 | Steps:  339 | Reward:   999.72
Total T:  259295 | Ep: 2309 | Steps:  396 | Reward:  1081.45
Total T:  259661 | Ep: 2310 | Steps:  366 | Reward:  1220.17
Total T:  259990 | Ep: 2311 | Steps:  329 | Reward:   922.75
---------------------------------------
Evaluation over 10 episodes: 1183.675
---------------------------------------
Total T:  260334 | Ep: 2312 | Steps:  344 | Reward:   949.81
Total T:  260775 | Ep: 2313 | Steps:  441 | Reward:  1417.01
Total T:  261128 | Ep: 2314 | Steps:  353 | Reward:   925.96
Total T:  261472 | Ep: 2315 | Steps:  344 | Reward:  1016.00
Total T:  261797 | Ep: 2316 | Steps:  325 | Reward:   904.83
Total T:  262161 | Ep: 2317 | Steps:  364 | Reward:  1057.86
Total T:  262584 | Ep: 2318 | Steps:  423 | Reward:  1341.47
Total T:  263162 | Ep: 2319 | Steps:  578 | Reward:  1650.83
Total T:  263491 | Ep: 2320 | Steps:  329 | Reward:   934.29
Total T:  263856 | Ep: 2321 | Steps:  365 | Reward:  1125.64
Total T:  264188 | Ep: 2322 | Steps:  332 | Reward:   922.45
Total T:  264532 | Ep: 2323 | Steps:  344 | Reward:   976.32
Total T:  264731 | Ep: 2324 | Steps:  199 | Reward:   382.98
Total T:  265103 | Ep: 2325 | Steps:  372 | Reward:  1141.87
Total T:  265436 | Ep: 2326 | Steps:  333 | Reward:   980.23
Total T:  265727 | Ep: 2327 | Steps:  291 | Reward:   828.91
Total T:  266053 | Ep: 2328 | Steps:  326 | Reward:  1010.24
Total T:  266399 | Ep: 2329 | Steps:  346 | Reward:   915.28
Total T:  266582 | Ep: 2330 | Steps:  183 | Reward:   459.58
Total T:  267132 | Ep: 2331 | Steps:  550 | Reward:  1552.56
Total T:  267387 | Ep: 2332 | Steps:  255 | Reward:   660.11
Total T:  267885 | Ep: 2333 | Steps:  498 | Reward:  1415.44
Total T:  268243 | Ep: 2334 | Steps:  358 | Reward:  1018.32
Total T:  268623 | Ep: 2335 | Steps:  380 | Reward:   940.94
Total T:  269061 | Ep: 2336 | Steps:  438 | Reward:  1388.73
Total T:  269591 | Ep: 2337 | Steps:  530 | Reward:  1303.59
---------------------------------------
Evaluation over 10 episodes: 913.105
---------------------------------------
Total T:  270098 | Ep: 2338 | Steps:  507 | Reward:  1615.20
Total T:  270467 | Ep: 2339 | Steps:  369 | Reward:   963.71
Total T:  270796 | Ep: 2340 | Steps:  329 | Reward:   802.94
Total T:  271122 | Ep: 2341 | Steps:  326 | Reward:   910.30
Total T:  271378 | Ep: 2342 | Steps:  256 | Reward:   588.43
Total T:  271674 | Ep: 2343 | Steps:  296 | Reward:   789.50
Total T:  271945 | Ep: 2344 | Steps:  271 | Reward:   820.19
Total T:  272264 | Ep: 2345 | Steps:  319 | Reward:   796.58
Total T:  272550 | Ep: 2346 | Steps:  286 | Reward:   721.17
Total T:  272921 | Ep: 2347 | Steps:  371 | Reward:  1036.76
Total T:  273187 | Ep: 2348 | Steps:  266 | Reward:   686.79
Total T:  273512 | Ep: 2349 | Steps:  325 | Reward:   793.65
Total T:  273876 | Ep: 2350 | Steps:  364 | Reward:  1105.55
Total T:  274128 | Ep: 2351 | Steps:  252 | Reward:   583.38
Total T:  274524 | Ep: 2352 | Steps:  396 | Reward:  1112.84
Total T:  274861 | Ep: 2353 | Steps:  337 | Reward:  1018.66
Total T:  275181 | Ep: 2354 | Steps:  320 | Reward:   894.95
Total T:  275421 | Ep: 2355 | Steps:  240 | Reward:   511.12
Total T:  275560 | Ep: 2356 | Steps:  139 | Reward:   344.34
Total T:  275850 | Ep: 2357 | Steps:  290 | Reward:   808.28
Total T:  276156 | Ep: 2358 | Steps:  306 | Reward:   818.19
Total T:  276432 | Ep: 2359 | Steps:  276 | Reward:   846.62
Total T:  276749 | Ep: 2360 | Steps:  317 | Reward:   880.17
Total T:  277230 | Ep: 2361 | Steps:  481 | Reward:  1471.67
Total T:  277546 | Ep: 2362 | Steps:  316 | Reward:   883.24
Total T:  277963 | Ep: 2363 | Steps:  417 | Reward:  1140.02
Total T:  278174 | Ep: 2364 | Steps:  211 | Reward:   632.51
Total T:  278552 | Ep: 2365 | Steps:  378 | Reward:  1120.30
Total T:  278858 | Ep: 2366 | Steps:  306 | Reward:   794.05
Total T:  279372 | Ep: 2367 | Steps:  514 | Reward:  1453.32
Total T:  279632 | Ep: 2368 | Steps:  260 | Reward:   800.73
---------------------------------------
Evaluation over 10 episodes: 855.351
---------------------------------------
Total T:  280029 | Ep: 2369 | Steps:  397 | Reward:  1117.92
Total T:  280352 | Ep: 2370 | Steps:  323 | Reward:   891.43
Total T:  280638 | Ep: 2371 | Steps:  286 | Reward:   833.73
Total T:  281053 | Ep: 2372 | Steps:  415 | Reward:  1202.42
Total T:  281384 | Ep: 2373 | Steps:  331 | Reward:   987.20
Total T:  281865 | Ep: 2374 | Steps:  481 | Reward:  1720.00
Total T:  282185 | Ep: 2375 | Steps:  320 | Reward:   982.51
Total T:  282463 | Ep: 2376 | Steps:  278 | Reward:   843.76
Total T:  282770 | Ep: 2377 | Steps:  307 | Reward:   863.91
Total T:  282976 | Ep: 2378 | Steps:  206 | Reward:   440.12
Total T:  283308 | Ep: 2379 | Steps:  332 | Reward:  1062.24
Total T:  283694 | Ep: 2380 | Steps:  386 | Reward:  1130.29
Total T:  283853 | Ep: 2381 | Steps:  159 | Reward:   365.66
Total T:  284227 | Ep: 2382 | Steps:  374 | Reward:  1025.40
Total T:  284750 | Ep: 2383 | Steps:  523 | Reward:  1474.12
Total T:  285313 | Ep: 2384 | Steps:  563 | Reward:  1668.89
Total T:  285590 | Ep: 2385 | Steps:  277 | Reward:   834.67
Total T:  285812 | Ep: 2386 | Steps:  222 | Reward:   501.44
Total T:  286106 | Ep: 2387 | Steps:  294 | Reward:   746.22
Total T:  286734 | Ep: 2388 | Steps:  628 | Reward:  1615.77
Total T:  286875 | Ep: 2389 | Steps:  141 | Reward:   362.31
Total T:  287273 | Ep: 2390 | Steps:  398 | Reward:  1401.39
Total T:  287506 | Ep: 2391 | Steps:  233 | Reward:   637.90
Total T:  287930 | Ep: 2392 | Steps:  424 | Reward:  1427.54
Total T:  288174 | Ep: 2393 | Steps:  244 | Reward:   715.62
Total T:  288365 | Ep: 2394 | Steps:  191 | Reward:   548.07
Total T:  288517 | Ep: 2395 | Steps:  152 | Reward:   346.95
Total T:  289133 | Ep: 2396 | Steps:  616 | Reward:  1736.07
Total T:  289318 | Ep: 2397 | Steps:  185 | Reward:   525.09
Total T:  289677 | Ep: 2398 | Steps:  359 | Reward:  1233.25
---------------------------------------
Evaluation over 10 episodes: 797.944
---------------------------------------
Total T:  290020 | Ep: 2399 | Steps:  343 | Reward:  1110.26
Total T:  290536 | Ep: 2400 | Steps:  516 | Reward:  1500.10
Total T:  290760 | Ep: 2401 | Steps:  224 | Reward:   681.45
Total T:  291202 | Ep: 2402 | Steps:  442 | Reward:  1494.56
Total T:  291433 | Ep: 2403 | Steps:  231 | Reward:   748.23
Total T:  291648 | Ep: 2404 | Steps:  215 | Reward:   584.45
Total T:  291931 | Ep: 2405 | Steps:  283 | Reward:   883.63
Total T:  292195 | Ep: 2406 | Steps:  264 | Reward:   884.01
Total T:  292429 | Ep: 2407 | Steps:  234 | Reward:   678.28
Total T:  292639 | Ep: 2408 | Steps:  210 | Reward:   598.66
Total T:  292961 | Ep: 2409 | Steps:  322 | Reward:  1061.62
Total T:  293216 | Ep: 2410 | Steps:  255 | Reward:   778.39
Total T:  293593 | Ep: 2411 | Steps:  377 | Reward:  1366.25
Total T:  293920 | Ep: 2412 | Steps:  327 | Reward:   897.69
Total T:  294193 | Ep: 2413 | Steps:  273 | Reward:   769.78
Total T:  294465 | Ep: 2414 | Steps:  272 | Reward:   859.98
Total T:  294676 | Ep: 2415 | Steps:  211 | Reward:   657.00
Total T:  294913 | Ep: 2416 | Steps:  237 | Reward:   643.78
Total T:  295104 | Ep: 2417 | Steps:  191 | Reward:   481.40
Total T:  295418 | Ep: 2418 | Steps:  314 | Reward:   916.11
Total T:  295899 | Ep: 2419 | Steps:  481 | Reward:  1692.90
Total T:  296180 | Ep: 2420 | Steps:  281 | Reward:   990.33
Total T:  296448 | Ep: 2421 | Steps:  268 | Reward:   811.41
Total T:  296740 | Ep: 2422 | Steps:  292 | Reward:   933.79
Total T:  297026 | Ep: 2423 | Steps:  286 | Reward:   874.05
Total T:  297245 | Ep: 2424 | Steps:  219 | Reward:   669.32
Total T:  297511 | Ep: 2425 | Steps:  266 | Reward:   787.87
Total T:  297798 | Ep: 2426 | Steps:  287 | Reward:   774.08
Total T:  298017 | Ep: 2427 | Steps:  219 | Reward:   711.66
Total T:  298180 | Ep: 2428 | Steps:  163 | Reward:   432.59
Total T:  298550 | Ep: 2429 | Steps:  370 | Reward:  1250.60
Total T:  298783 | Ep: 2430 | Steps:  233 | Reward:   693.39
Total T:  299084 | Ep: 2431 | Steps:  301 | Reward:   905.69
Total T:  299368 | Ep: 2432 | Steps:  284 | Reward:   888.10
Total T:  299604 | Ep: 2433 | Steps:  236 | Reward:   775.01
Total T:  299850 | Ep: 2434 | Steps:  246 | Reward:   749.07
---------------------------------------
Evaluation over 10 episodes: 677.146
---------------------------------------
Total T:  300001 | Ep: 2435 | Steps:  151 | Reward:   390.37
Total T:  300255 | Ep: 2436 | Steps:  254 | Reward:   858.25
Total T:  300487 | Ep: 2437 | Steps:  232 | Reward:   780.94
Total T:  300770 | Ep: 2438 | Steps:  283 | Reward:  1000.16
Total T:  301092 | Ep: 2439 | Steps:  322 | Reward:   994.00
Total T:  301417 | Ep: 2440 | Steps:  325 | Reward:  1145.52
Total T:  301697 | Ep: 2441 | Steps:  280 | Reward:   926.77
Total T:  302179 | Ep: 2442 | Steps:  482 | Reward:  1657.39
Total T:  302490 | Ep: 2443 | Steps:  311 | Reward:   912.97
Total T:  302971 | Ep: 2444 | Steps:  481 | Reward:  1677.41
Total T:  303359 | Ep: 2445 | Steps:  388 | Reward:  1349.42
Total T:  303665 | Ep: 2446 | Steps:  306 | Reward:   944.57
Total T:  303926 | Ep: 2447 | Steps:  261 | Reward:   677.98
Total T:  304308 | Ep: 2448 | Steps:  382 | Reward:  1310.55
Total T:  304518 | Ep: 2449 | Steps:  210 | Reward:   621.43
Total T:  304808 | Ep: 2450 | Steps:  290 | Reward:   959.54
Total T:  305142 | Ep: 2451 | Steps:  334 | Reward:   888.15
Total T:  305497 | Ep: 2452 | Steps:  355 | Reward:  1153.28
Total T:  305765 | Ep: 2453 | Steps:  268 | Reward:   734.43
Total T:  306169 | Ep: 2454 | Steps:  404 | Reward:  1346.29
Total T:  306431 | Ep: 2455 | Steps:  262 | Reward:   820.49
Total T:  306716 | Ep: 2456 | Steps:  285 | Reward:   959.74
Total T:  307170 | Ep: 2457 | Steps:  454 | Reward:  1596.54
Total T:  307393 | Ep: 2458 | Steps:  223 | Reward:   648.67
Total T:  307652 | Ep: 2459 | Steps:  259 | Reward:   828.98
Total T:  308019 | Ep: 2460 | Steps:  367 | Reward:  1289.64
Total T:  308279 | Ep: 2461 | Steps:  260 | Reward:   878.06
Total T:  308693 | Ep: 2462 | Steps:  414 | Reward:  1390.27
Total T:  309276 | Ep: 2463 | Steps:  583 | Reward:  1830.02
Total T:  309704 | Ep: 2464 | Steps:  428 | Reward:  1443.01
---------------------------------------
Evaluation over 10 episodes: 893.570
---------------------------------------
Total T:  310008 | Ep: 2465 | Steps:  304 | Reward:   803.51
Total T:  310378 | Ep: 2466 | Steps:  370 | Reward:  1151.06
Total T:  310524 | Ep: 2467 | Steps:  146 | Reward:   223.20
Total T:  310676 | Ep: 2468 | Steps:  152 | Reward:    57.87
Total T:  311227 | Ep: 2469 | Steps:  551 | Reward:  1574.86
Total T:  311566 | Ep: 2470 | Steps:  339 | Reward:  1063.31
Total T:  311863 | Ep: 2471 | Steps:  297 | Reward:   896.56
Total T:  312102 | Ep: 2472 | Steps:  239 | Reward:   698.29
Total T:  312641 | Ep: 2473 | Steps:  539 | Reward:  1757.84
Total T:  313292 | Ep: 2474 | Steps:  651 | Reward:  2112.73
Total T:  313548 | Ep: 2475 | Steps:  256 | Reward:   559.85
Total T:  314108 | Ep: 2476 | Steps:  560 | Reward:  2117.22
Total T:  314324 | Ep: 2477 | Steps:  216 | Reward:   638.19
Total T:  314613 | Ep: 2478 | Steps:  289 | Reward:   953.60
Total T:  315003 | Ep: 2479 | Steps:  390 | Reward:  1323.80
Total T:  315538 | Ep: 2480 | Steps:  535 | Reward:  1594.49
Total T:  315922 | Ep: 2481 | Steps:  384 | Reward:  1228.85
Total T:  316438 | Ep: 2482 | Steps:  516 | Reward:  1840.35
Total T:  317438 | Ep: 2483 | Steps: 1000 | Reward:  3136.00
Total T:  317506 | Ep: 2484 | Steps:   68 | Reward:    94.48
Total T:  317814 | Ep: 2485 | Steps:  308 | Reward:   811.83
Total T:  318051 | Ep: 2486 | Steps:  237 | Reward:   654.36
Total T:  319051 | Ep: 2487 | Steps: 1000 | Reward:  2923.66
---------------------------------------
Evaluation over 10 episodes: 1299.371
---------------------------------------
Total T:  320051 | Ep: 2488 | Steps: 1000 | Reward:  2843.78
Total T:  320176 | Ep: 2489 | Steps:  125 | Reward:   308.08
Total T:  320714 | Ep: 2490 | Steps:  538 | Reward:  1534.90
Total T:  320784 | Ep: 2491 | Steps:   70 | Reward:   104.12
Total T:  321270 | Ep: 2492 | Steps:  486 | Reward:  1663.94
Total T:  321695 | Ep: 2493 | Steps:  425 | Reward:  1152.31
Total T:  322056 | Ep: 2494 | Steps:  361 | Reward:  1066.01
Total T:  322526 | Ep: 2495 | Steps:  470 | Reward:  1600.69
Total T:  322716 | Ep: 2496 | Steps:  190 | Reward:   453.58
Total T:  323393 | Ep: 2497 | Steps:  677 | Reward:  2112.69
Total T:  323829 | Ep: 2498 | Steps:  436 | Reward:  1604.66
Total T:  324194 | Ep: 2499 | Steps:  365 | Reward:   986.04
Total T:  325110 | Ep: 2500 | Steps:  916 | Reward:  2833.29
Total T:  325571 | Ep: 2501 | Steps:  461 | Reward:  1545.12
Total T:  326089 | Ep: 2502 | Steps:  518 | Reward:  1814.13
Total T:  326680 | Ep: 2503 | Steps:  591 | Reward:  1929.72
Total T:  327063 | Ep: 2504 | Steps:  383 | Reward:  1186.55
Total T:  327607 | Ep: 2505 | Steps:  544 | Reward:  1790.92
Total T:  328324 | Ep: 2506 | Steps:  717 | Reward:  2312.98
Total T:  328743 | Ep: 2507 | Steps:  419 | Reward:  1088.74
Total T:  329330 | Ep: 2508 | Steps:  587 | Reward:  1881.12
Total T:  329730 | Ep: 2509 | Steps:  400 | Reward:  1236.14
---------------------------------------
Evaluation over 10 episodes: 1602.125
---------------------------------------
Total T:  330714 | Ep: 2510 | Steps:  984 | Reward:  3126.03
Total T:  331714 | Ep: 2511 | Steps: 1000 | Reward:  3249.05
Total T:  332323 | Ep: 2512 | Steps:  609 | Reward:  2021.39
Total T:  333136 | Ep: 2513 | Steps:  813 | Reward:  2965.47
Total T:  334136 | Ep: 2514 | Steps: 1000 | Reward:  3524.36
Total T:  335054 | Ep: 2515 | Steps:  918 | Reward:  3344.77
Total T:  335908 | Ep: 2516 | Steps:  854 | Reward:  2715.38
Total T:  336320 | Ep: 2517 | Steps:  412 | Reward:  1331.20
Total T:  337208 | Ep: 2518 | Steps:  888 | Reward:  2907.49
Total T:  338208 | Ep: 2519 | Steps: 1000 | Reward:  3372.12
Total T:  339026 | Ep: 2520 | Steps:  818 | Reward:  2802.31
---------------------------------------
Evaluation over 10 episodes: 2945.247
---------------------------------------
Total T:  340026 | Ep: 2521 | Steps: 1000 | Reward:  3437.21
Total T:  340526 | Ep: 2522 | Steps:  500 | Reward:  1674.78
Total T:  340992 | Ep: 2523 | Steps:  466 | Reward:  1569.89
Total T:  341420 | Ep: 2524 | Steps:  428 | Reward:  1171.28
Total T:  342420 | Ep: 2525 | Steps: 1000 | Reward:  3498.39
Total T:  343125 | Ep: 2526 | Steps:  705 | Reward:  2304.33
Total T:  344125 | Ep: 2527 | Steps: 1000 | Reward:  3320.10
Total T:  345125 | Ep: 2528 | Steps: 1000 | Reward:  3140.81
Total T:  345677 | Ep: 2529 | Steps:  552 | Reward:  1633.53
Total T:  346677 | Ep: 2530 | Steps: 1000 | Reward:  3041.00
Total T:  346923 | Ep: 2531 | Steps:  246 | Reward:   713.86
Total T:  347363 | Ep: 2532 | Steps:  440 | Reward:  1199.33
Total T:  348212 | Ep: 2533 | Steps:  849 | Reward:  2684.62
Total T:  348890 | Ep: 2534 | Steps:  678 | Reward:  2395.86
Total T:  349890 | Ep: 2535 | Steps: 1000 | Reward:  3211.41
---------------------------------------
Evaluation over 10 episodes: 2326.129
---------------------------------------
Total T:  350605 | Ep: 2536 | Steps:  715 | Reward:  2187.60
Total T:  350879 | Ep: 2537 | Steps:  274 | Reward:   785.76
Total T:  351149 | Ep: 2538 | Steps:  270 | Reward:   759.41
Total T:  351779 | Ep: 2539 | Steps:  630 | Reward:  2098.62
Total T:  352779 | Ep: 2540 | Steps: 1000 | Reward:  3473.66
Total T:  353285 | Ep: 2541 | Steps:  506 | Reward:  1404.16
Total T:  353631 | Ep: 2542 | Steps:  346 | Reward:   207.05
Total T:  354396 | Ep: 2543 | Steps:  765 | Reward:  2594.87
Total T:  354862 | Ep: 2544 | Steps:  466 | Reward:  1277.87
Total T:  355676 | Ep: 2545 | Steps:  814 | Reward:  2858.89
Total T:  356048 | Ep: 2546 | Steps:  372 | Reward:  1261.09
Total T:  356498 | Ep: 2547 | Steps:  450 | Reward:  1539.71
Total T:  357122 | Ep: 2548 | Steps:  624 | Reward:  2094.15
Total T:  357366 | Ep: 2549 | Steps:  244 | Reward:   693.28
Total T:  358039 | Ep: 2550 | Steps:  673 | Reward:  2108.46
Total T:  358510 | Ep: 2551 | Steps:  471 | Reward:  1668.87
Total T:  359260 | Ep: 2552 | Steps:  750 | Reward:  2439.44
Total T:  359523 | Ep: 2553 | Steps:  263 | Reward:   663.68
---------------------------------------
Evaluation over 10 episodes: 1858.158
---------------------------------------
Total T:  360092 | Ep: 2554 | Steps:  569 | Reward:  1906.98
Total T:  361092 | Ep: 2555 | Steps: 1000 | Reward:  3225.13
Total T:  361361 | Ep: 2556 | Steps:  269 | Reward:   830.65
Total T:  361721 | Ep: 2557 | Steps:  360 | Reward:  1236.72
Total T:  362656 | Ep: 2558 | Steps:  935 | Reward:  3637.67
Total T:  363656 | Ep: 2559 | Steps: 1000 | Reward:  3656.03
Total T:  363973 | Ep: 2560 | Steps:  317 | Reward:  1063.11
Total T:  364451 | Ep: 2561 | Steps:  478 | Reward:  1639.40
Total T:  364664 | Ep: 2562 | Steps:  213 | Reward:   289.28
Total T:  365443 | Ep: 2563 | Steps:  779 | Reward:  2727.80
Total T:  366328 | Ep: 2564 | Steps:  885 | Reward:  2964.25
Total T:  367328 | Ep: 2565 | Steps: 1000 | Reward:  2816.07
Total T:  368244 | Ep: 2566 | Steps:  916 | Reward:  3419.83
Total T:  369193 | Ep: 2567 | Steps:  949 | Reward:  3396.68
Total T:  369777 | Ep: 2568 | Steps:  584 | Reward:  1861.35
---------------------------------------
Evaluation over 10 episodes: 2503.414
---------------------------------------
Total T:  370457 | Ep: 2569 | Steps:  680 | Reward:  2468.87
Total T:  371457 | Ep: 2570 | Steps: 1000 | Reward:  3531.97
Total T:  371755 | Ep: 2571 | Steps:  298 | Reward:   914.77
Total T:  372165 | Ep: 2572 | Steps:  410 | Reward:  1099.19
Total T:  373165 | Ep: 2573 | Steps: 1000 | Reward:  3255.25
Total T:  373839 | Ep: 2574 | Steps:  674 | Reward:  2356.40
Total T:  373944 | Ep: 2575 | Steps:  105 | Reward:   242.35
Total T:  374602 | Ep: 2576 | Steps:  658 | Reward:  2493.20
Total T:  375602 | Ep: 2577 | Steps: 1000 | Reward:  3653.19
Total T:  375762 | Ep: 2578 | Steps:  160 | Reward:   274.37
Total T:  376005 | Ep: 2579 | Steps:  243 | Reward:   807.11
Total T:  376069 | Ep: 2580 | Steps:   64 | Reward:    87.06
Total T:  376967 | Ep: 2581 | Steps:  898 | Reward:  2822.55
Total T:  377533 | Ep: 2582 | Steps:  566 | Reward:  1590.60
Total T:  377852 | Ep: 2583 | Steps:  319 | Reward:   838.96
Total T:  378502 | Ep: 2584 | Steps:  650 | Reward:  2345.45
Total T:  378984 | Ep: 2585 | Steps:  482 | Reward:  1804.47
Total T:  379708 | Ep: 2586 | Steps:  724 | Reward:  2301.53
Total T:  379990 | Ep: 2587 | Steps:  282 | Reward:   780.21
---------------------------------------
Evaluation over 10 episodes: 787.028
---------------------------------------
Total T:  380990 | Ep: 2588 | Steps: 1000 | Reward:  3285.53
Total T:  381277 | Ep: 2589 | Steps:  287 | Reward:   912.28
Total T:  381476 | Ep: 2590 | Steps:  199 | Reward:   614.29
Total T:  382456 | Ep: 2591 | Steps:  980 | Reward:  3110.31
Total T:  383456 | Ep: 2592 | Steps: 1000 | Reward:  3505.49
Total T:  383853 | Ep: 2593 | Steps:  397 | Reward:  1416.59
Total T:  384343 | Ep: 2594 | Steps:  490 | Reward:  1578.82
Total T:  384784 | Ep: 2595 | Steps:  441 | Reward:  1268.47
Total T:  385784 | Ep: 2596 | Steps: 1000 | Reward:  3234.48
Total T:  386784 | Ep: 2597 | Steps: 1000 | Reward:  3388.46
Total T:  387067 | Ep: 2598 | Steps:  283 | Reward:   780.59
Total T:  387226 | Ep: 2599 | Steps:  159 | Reward:   216.68
Total T:  387680 | Ep: 2600 | Steps:  454 | Reward:  1343.50
Total T:  388680 | Ep: 2601 | Steps: 1000 | Reward:  3121.54
Total T:  389000 | Ep: 2602 | Steps:  320 | Reward:   936.66
Total T:  389554 | Ep: 2603 | Steps:  554 | Reward:  1739.40
---------------------------------------
Evaluation over 10 episodes: 1342.695
---------------------------------------
Total T:  390521 | Ep: 2604 | Steps:  967 | Reward:  3292.13
Total T:  391521 | Ep: 2605 | Steps: 1000 | Reward:  3736.08
Total T:  392217 | Ep: 2606 | Steps:  696 | Reward:  2633.73
Total T:  393217 | Ep: 2607 | Steps: 1000 | Reward:  3358.94
Total T:  394217 | Ep: 2608 | Steps: 1000 | Reward:  3030.66
Total T:  394542 | Ep: 2609 | Steps:  325 | Reward:   940.61
Total T:  395485 | Ep: 2610 | Steps:  943 | Reward:  3344.80
Total T:  396485 | Ep: 2611 | Steps: 1000 | Reward:  3693.23
Total T:  397079 | Ep: 2612 | Steps:  594 | Reward:  2050.99
Total T:  397925 | Ep: 2613 | Steps:  846 | Reward:  3070.26
Total T:  398925 | Ep: 2614 | Steps: 1000 | Reward:  3951.30
Total T:  398994 | Ep: 2615 | Steps:   69 | Reward:   116.39
Total T:  399527 | Ep: 2616 | Steps:  533 | Reward:  1776.99
---------------------------------------
Evaluation over 10 episodes: 2664.423
---------------------------------------
Total T:  400527 | Ep: 2617 | Steps: 1000 | Reward:  3947.18
Total T:  400749 | Ep: 2618 | Steps:  222 | Reward:   738.06
Total T:  401749 | Ep: 2619 | Steps: 1000 | Reward:  3569.02
Total T:  402642 | Ep: 2620 | Steps:  893 | Reward:  3027.57
Total T:  402805 | Ep: 2621 | Steps:  163 | Reward:   365.92
Total T:  403425 | Ep: 2622 | Steps:  620 | Reward:  2320.36
Total T:  404295 | Ep: 2623 | Steps:  870 | Reward:  3243.53
Total T:  405295 | Ep: 2624 | Steps: 1000 | Reward:  3292.25
Total T:  405540 | Ep: 2625 | Steps:  245 | Reward:   651.43
Total T:  406540 | Ep: 2626 | Steps: 1000 | Reward:  3785.70
Total T:  406638 | Ep: 2627 | Steps:   98 | Reward:   188.83
Total T:  407638 | Ep: 2628 | Steps: 1000 | Reward:  3701.44
Total T:  408323 | Ep: 2629 | Steps:  685 | Reward:  2514.71
Total T:  408794 | Ep: 2630 | Steps:  471 | Reward:  1654.35
Total T:  409481 | Ep: 2631 | Steps:  687 | Reward:  2303.36
Total T:  409618 | Ep: 2632 | Steps:  137 | Reward:   199.55
---------------------------------------
Evaluation over 10 episodes: 2080.652
---------------------------------------
Total T:  410618 | Ep: 2633 | Steps: 1000 | Reward:  3978.51
Total T:  411618 | Ep: 2634 | Steps: 1000 | Reward:  3834.23
Total T:  412564 | Ep: 2635 | Steps:  946 | Reward:  3280.25
Total T:  413564 | Ep: 2636 | Steps: 1000 | Reward:  3914.20
Total T:  414564 | Ep: 2637 | Steps: 1000 | Reward:  3768.56
Total T:  415564 | Ep: 2638 | Steps: 1000 | Reward:  3605.11
Total T:  416554 | Ep: 2639 | Steps:  990 | Reward:  3664.12
Total T:  417554 | Ep: 2640 | Steps: 1000 | Reward:  3804.42
Total T:  417920 | Ep: 2641 | Steps:  366 | Reward:  1124.67
Total T:  418920 | Ep: 2642 | Steps: 1000 | Reward:  3569.20
Total T:  419920 | Ep: 2643 | Steps: 1000 | Reward:  3580.46
---------------------------------------
Evaluation over 10 episodes: 3342.592
---------------------------------------
Total T:  420030 | Ep: 2644 | Steps:  110 | Reward:   187.20
Total T:  421030 | Ep: 2645 | Steps: 1000 | Reward:  3585.52
Total T:  422030 | Ep: 2646 | Steps: 1000 | Reward:  3479.04
Total T:  423030 | Ep: 2647 | Steps: 1000 | Reward:  3715.35
Total T:  424030 | Ep: 2648 | Steps: 1000 | Reward:  3803.85
Total T:  424109 | Ep: 2649 | Steps:   79 | Reward:   147.53
Total T:  425109 | Ep: 2650 | Steps: 1000 | Reward:  3544.74
Total T:  426109 | Ep: 2651 | Steps: 1000 | Reward:  3779.30
Total T:  426579 | Ep: 2652 | Steps:  470 | Reward:   996.64
Total T:  427579 | Ep: 2653 | Steps: 1000 | Reward:  3745.84
Total T:  427664 | Ep: 2654 | Steps:   85 | Reward:   141.64
Total T:  428664 | Ep: 2655 | Steps: 1000 | Reward:  3755.10
Total T:  429646 | Ep: 2656 | Steps:  982 | Reward:  3695.21
---------------------------------------
Evaluation over 10 episodes: 2688.423
---------------------------------------
Total T:  430646 | Ep: 2657 | Steps: 1000 | Reward:  3824.41
Total T:  431646 | Ep: 2658 | Steps: 1000 | Reward:  3583.58
Total T:  432646 | Ep: 2659 | Steps: 1000 | Reward:  3743.67
Total T:  433646 | Ep: 2660 | Steps: 1000 | Reward:  3808.92
Total T:  434646 | Ep: 2661 | Steps: 1000 | Reward:  3851.16
Total T:  435646 | Ep: 2662 | Steps: 1000 | Reward:  3550.06
Total T:  435804 | Ep: 2663 | Steps:  158 | Reward:   413.25
Total T:  436201 | Ep: 2664 | Steps:  397 | Reward:  1216.76
Total T:  437201 | Ep: 2665 | Steps: 1000 | Reward:  3757.00
Total T:  438201 | Ep: 2666 | Steps: 1000 | Reward:  3609.33
Total T:  438390 | Ep: 2667 | Steps:  189 | Reward:   533.51
Total T:  439390 | Ep: 2668 | Steps: 1000 | Reward:  3765.98
---------------------------------------
Evaluation over 10 episodes: 3683.047
---------------------------------------
Total T:  440083 | Ep: 2669 | Steps:  693 | Reward:  2577.90
Total T:  440531 | Ep: 2670 | Steps:  448 | Reward:  1686.79
Total T:  440991 | Ep: 2671 | Steps:  460 | Reward:  1504.07
Total T:  441991 | Ep: 2672 | Steps: 1000 | Reward:  3777.23
Total T:  442991 | Ep: 2673 | Steps: 1000 | Reward:  3860.07
Total T:  443991 | Ep: 2674 | Steps: 1000 | Reward:  3819.09
Total T:  444991 | Ep: 2675 | Steps: 1000 | Reward:  3865.02
Total T:  445991 | Ep: 2676 | Steps: 1000 | Reward:  3977.97
Total T:  446991 | Ep: 2677 | Steps: 1000 | Reward:  3810.90
Total T:  447917 | Ep: 2678 | Steps:  926 | Reward:  3499.50
Total T:  448917 | Ep: 2679 | Steps: 1000 | Reward:  3937.75
Total T:  449917 | Ep: 2680 | Steps: 1000 | Reward:  3782.43
---------------------------------------
Evaluation over 10 episodes: 3050.559
---------------------------------------
Total T:  450350 | Ep: 2681 | Steps:  433 | Reward:  1458.34
Total T:  450413 | Ep: 2682 | Steps:   63 | Reward:   101.31
Total T:  451413 | Ep: 2683 | Steps: 1000 | Reward:  3717.68
Total T:  452117 | Ep: 2684 | Steps:  704 | Reward:  2627.20
Total T:  452348 | Ep: 2685 | Steps:  231 | Reward:   723.19
Total T:  453343 | Ep: 2686 | Steps:  995 | Reward:  3777.38
Total T:  454343 | Ep: 2687 | Steps: 1000 | Reward:  3938.55
Total T:  454802 | Ep: 2688 | Steps:  459 | Reward:  1550.64
Total T:  455466 | Ep: 2689 | Steps:  664 | Reward:  2487.10
Total T:  455665 | Ep: 2690 | Steps:  199 | Reward:   550.58
Total T:  456356 | Ep: 2691 | Steps:  691 | Reward:  2638.10
Total T:  456779 | Ep: 2692 | Steps:  423 | Reward:  1559.38
Total T:  456996 | Ep: 2693 | Steps:  217 | Reward:   585.55
Total T:  457996 | Ep: 2694 | Steps: 1000 | Reward:  3829.80
Total T:  458073 | Ep: 2695 | Steps:   77 | Reward:   114.43
Total T:  458771 | Ep: 2696 | Steps:  698 | Reward:  2600.95
Total T:  458991 | Ep: 2697 | Steps:  220 | Reward:   650.63
Total T:  459991 | Ep: 2698 | Steps: 1000 | Reward:  3784.57
---------------------------------------
Evaluation over 10 episodes: 1806.760
---------------------------------------
Total T:  460057 | Ep: 2699 | Steps:   66 | Reward:    97.44
Total T:  461057 | Ep: 2700 | Steps: 1000 | Reward:  4042.34
Total T:  462057 | Ep: 2701 | Steps: 1000 | Reward:  3688.07
Total T:  463057 | Ep: 2702 | Steps: 1000 | Reward:  4024.13
Total T:  464057 | Ep: 2703 | Steps: 1000 | Reward:  4077.62
Total T:  464455 | Ep: 2704 | Steps:  398 | Reward:  1418.51
Total T:  464953 | Ep: 2705 | Steps:  498 | Reward:  1810.91
Total T:  465948 | Ep: 2706 | Steps:  995 | Reward:  3835.30
Total T:  466948 | Ep: 2707 | Steps: 1000 | Reward:  3983.01
Total T:  467779 | Ep: 2708 | Steps:  831 | Reward:  3264.33
Total T:  468516 | Ep: 2709 | Steps:  737 | Reward:  2773.67
Total T:  468742 | Ep: 2710 | Steps:  226 | Reward:   556.70
Total T:  468927 | Ep: 2711 | Steps:  185 | Reward:   497.13
Total T:  469343 | Ep: 2712 | Steps:  416 | Reward:  1373.73
Total T:  469405 | Ep: 2713 | Steps:   62 | Reward:   100.02
---------------------------------------
Evaluation over 10 episodes: 2456.111
---------------------------------------
Total T:  470405 | Ep: 2714 | Steps: 1000 | Reward:  4043.05
Total T:  470793 | Ep: 2715 | Steps:  388 | Reward:  1335.42
Total T:  471511 | Ep: 2716 | Steps:  718 | Reward:  2752.57
Total T:  471853 | Ep: 2717 | Steps:  342 | Reward:  1041.44
Total T:  472268 | Ep: 2718 | Steps:  415 | Reward:  1428.75
Total T:  472756 | Ep: 2719 | Steps:  488 | Reward:  1626.23
Total T:  473756 | Ep: 2720 | Steps: 1000 | Reward:  3802.27
Total T:  474756 | Ep: 2721 | Steps: 1000 | Reward:  3744.08
Total T:  475756 | Ep: 2722 | Steps: 1000 | Reward:  3928.87
Total T:  476537 | Ep: 2723 | Steps:  781 | Reward:  3017.05
Total T:  477537 | Ep: 2724 | Steps: 1000 | Reward:  3924.17
Total T:  478537 | Ep: 2725 | Steps: 1000 | Reward:  3969.61
Total T:  479537 | Ep: 2726 | Steps: 1000 | Reward:  3911.19
---------------------------------------
Evaluation over 10 episodes: 1801.082
---------------------------------------
Total T:  480537 | Ep: 2727 | Steps: 1000 | Reward:  3690.70
Total T:  481537 | Ep: 2728 | Steps: 1000 | Reward:  3864.51
Total T:  482537 | Ep: 2729 | Steps: 1000 | Reward:  3714.35
Total T:  483537 | Ep: 2730 | Steps: 1000 | Reward:  3897.46
Total T:  484537 | Ep: 2731 | Steps: 1000 | Reward:  3842.35
Total T:  484803 | Ep: 2732 | Steps:  266 | Reward:   767.26
Total T:  485803 | Ep: 2733 | Steps: 1000 | Reward:  3848.96
Total T:  486290 | Ep: 2734 | Steps:  487 | Reward:  1643.21
Total T:  486546 | Ep: 2735 | Steps:  256 | Reward:   754.10
Total T:  487144 | Ep: 2736 | Steps:  598 | Reward:  2225.10
Total T:  487503 | Ep: 2737 | Steps:  359 | Reward:  1202.36
Total T:  488503 | Ep: 2738 | Steps: 1000 | Reward:  3375.63
Total T:  489503 | Ep: 2739 | Steps: 1000 | Reward:  3999.14
Total T:  489752 | Ep: 2740 | Steps:  249 | Reward:   669.07
---------------------------------------
Evaluation over 10 episodes: 2355.464
---------------------------------------
Total T:  490752 | Ep: 2741 | Steps: 1000 | Reward:  3978.93
Total T:  490815 | Ep: 2742 | Steps:   63 | Reward:    83.14
Total T:  491086 | Ep: 2743 | Steps:  271 | Reward:   872.02
Total T:  491152 | Ep: 2744 | Steps:   66 | Reward:   110.16
Total T:  491689 | Ep: 2745 | Steps:  537 | Reward:  1866.22
Total T:  492253 | Ep: 2746 | Steps:  564 | Reward:  1889.07
Total T:  492659 | Ep: 2747 | Steps:  406 | Reward:  1417.21
Total T:  493659 | Ep: 2748 | Steps: 1000 | Reward:  3905.01
Total T:  493714 | Ep: 2749 | Steps:   55 | Reward:    85.03
Total T:  494328 | Ep: 2750 | Steps:  614 | Reward:  2281.59
Total T:  494394 | Ep: 2751 | Steps:   66 | Reward:    95.57
Total T:  495394 | Ep: 2752 | Steps: 1000 | Reward:  3977.43
Total T:  495450 | Ep: 2753 | Steps:   56 | Reward:    90.59
Total T:  495515 | Ep: 2754 | Steps:   65 | Reward:    95.70
Total T:  496515 | Ep: 2755 | Steps: 1000 | Reward:  3933.75
Total T:  496563 | Ep: 2756 | Steps:   48 | Reward:    81.57
Total T:  497408 | Ep: 2757 | Steps:  845 | Reward:  3247.90
Total T:  498408 | Ep: 2758 | Steps: 1000 | Reward:  4035.01
Total T:  498458 | Ep: 2759 | Steps:   50 | Reward:    89.38
Total T:  498514 | Ep: 2760 | Steps:   56 | Reward:    93.04
Total T:  498579 | Ep: 2761 | Steps:   65 | Reward:    96.09
Total T:  498642 | Ep: 2762 | Steps:   63 | Reward:   101.62
Total T:  499389 | Ep: 2763 | Steps:  747 | Reward:  2867.40
Total T:  499444 | Ep: 2764 | Steps:   55 | Reward:    90.35
---------------------------------------
Evaluation over 10 episodes: 91.504
---------------------------------------
Total T:  500444 | Ep: 2765 | Steps: 1000 | Reward:  3924.42
Total T:  500496 | Ep: 2766 | Steps:   52 | Reward:    85.32
Total T:  500547 | Ep: 2767 | Steps:   51 | Reward:    89.36
Total T:  500600 | Ep: 2768 | Steps:   53 | Reward:    85.46
Total T:  501306 | Ep: 2769 | Steps:  706 | Reward:  2700.41
Total T:  502306 | Ep: 2770 | Steps: 1000 | Reward:  3841.36
Total T:  502752 | Ep: 2771 | Steps:  446 | Reward:  1518.06
Total T:  502802 | Ep: 2772 | Steps:   50 | Reward:    85.37
Total T:  502852 | Ep: 2773 | Steps:   50 | Reward:    84.65
Total T:  502898 | Ep: 2774 | Steps:   46 | Reward:    80.41
Total T:  502956 | Ep: 2775 | Steps:   58 | Reward:    91.25
Total T:  503016 | Ep: 2776 | Steps:   60 | Reward:    80.58
Total T:  503079 | Ep: 2777 | Steps:   63 | Reward:   103.26
Total T:  504079 | Ep: 2778 | Steps: 1000 | Reward:  3854.86
Total T:  504142 | Ep: 2779 | Steps:   63 | Reward:   104.61
Total T:  504205 | Ep: 2780 | Steps:   63 | Reward:    92.33
Total T:  504267 | Ep: 2781 | Steps:   62 | Reward:    95.80
Total T:  504319 | Ep: 2782 | Steps:   52 | Reward:    87.92
Total T:  505319 | Ep: 2783 | Steps: 1000 | Reward:  4068.69
Total T:  506319 | Ep: 2784 | Steps: 1000 | Reward:  3989.52
Total T:  507319 | Ep: 2785 | Steps: 1000 | Reward:  3847.72
Total T:  507387 | Ep: 2786 | Steps:   68 | Reward:    90.49
Total T:  507433 | Ep: 2787 | Steps:   46 | Reward:    81.04
Total T:  507484 | Ep: 2788 | Steps:   51 | Reward:    87.15
Total T:  507551 | Ep: 2789 | Steps:   67 | Reward:   110.12
Total T:  507626 | Ep: 2790 | Steps:   75 | Reward:   117.27
Total T:  507698 | Ep: 2791 | Steps:   72 | Reward:   105.21
Total T:  508698 | Ep: 2792 | Steps: 1000 | Reward:  3939.13
Total T:  508764 | Ep: 2793 | Steps:   66 | Reward:   106.32
Total T:  508827 | Ep: 2794 | Steps:   63 | Reward:   108.63
Total T:  508888 | Ep: 2795 | Steps:   61 | Reward:   100.12
Total T:  508948 | Ep: 2796 | Steps:   60 | Reward:    98.06
Total T:  509948 | Ep: 2797 | Steps: 1000 | Reward:  3808.40
---------------------------------------
Evaluation over 10 episodes: 2012.232
---------------------------------------
Total T:  510012 | Ep: 2798 | Steps:   64 | Reward:    98.06
Total T:  510074 | Ep: 2799 | Steps:   62 | Reward:    73.68
Total T:  510879 | Ep: 2800 | Steps:  805 | Reward:  3198.58
Total T:  511879 | Ep: 2801 | Steps: 1000 | Reward:  3889.71
Total T:  512879 | Ep: 2802 | Steps: 1000 | Reward:  3982.20
Total T:  513879 | Ep: 2803 | Steps: 1000 | Reward:  3809.13
Total T:  514879 | Ep: 2804 | Steps: 1000 | Reward:  3683.15
Total T:  515879 | Ep: 2805 | Steps: 1000 | Reward:  3792.88
Total T:  516879 | Ep: 2806 | Steps: 1000 | Reward:  3949.82
Total T:  517879 | Ep: 2807 | Steps: 1000 | Reward:  3756.37
Total T:  518879 | Ep: 2808 | Steps: 1000 | Reward:  3577.18
Total T:  519879 | Ep: 2809 | Steps: 1000 | Reward:  3655.88
---------------------------------------
Evaluation over 10 episodes: 3733.460
---------------------------------------
Total T:  520879 | Ep: 2810 | Steps: 1000 | Reward:  3943.33
Total T:  521879 | Ep: 2811 | Steps: 1000 | Reward:  3829.78
Total T:  522879 | Ep: 2812 | Steps: 1000 | Reward:  3729.60
Total T:  523879 | Ep: 2813 | Steps: 1000 | Reward:  3901.54
Total T:  524879 | Ep: 2814 | Steps: 1000 | Reward:  3736.95
Total T:  525198 | Ep: 2815 | Steps:  319 | Reward:  1045.75
Total T:  526198 | Ep: 2816 | Steps: 1000 | Reward:  3954.73
Total T:  527198 | Ep: 2817 | Steps: 1000 | Reward:  3960.36
Total T:  528198 | Ep: 2818 | Steps: 1000 | Reward:  3829.32
Total T:  529198 | Ep: 2819 | Steps: 1000 | Reward:  3665.91
---------------------------------------
Evaluation over 10 episodes: 2676.341
---------------------------------------
Total T:  530198 | Ep: 2820 | Steps: 1000 | Reward:  3809.32
Total T:  531198 | Ep: 2821 | Steps: 1000 | Reward:  3913.27
Total T:  532143 | Ep: 2822 | Steps:  945 | Reward:  3577.79
Total T:  533143 | Ep: 2823 | Steps: 1000 | Reward:  3897.93
Total T:  533219 | Ep: 2824 | Steps:   76 | Reward:    93.42
Total T:  534219 | Ep: 2825 | Steps: 1000 | Reward:  3945.32
Total T:  535219 | Ep: 2826 | Steps: 1000 | Reward:  3993.59
Total T:  536219 | Ep: 2827 | Steps: 1000 | Reward:  3798.20
Total T:  537219 | Ep: 2828 | Steps: 1000 | Reward:  3742.90
Total T:  538219 | Ep: 2829 | Steps: 1000 | Reward:  3859.46
Total T:  539219 | Ep: 2830 | Steps: 1000 | Reward:  3879.18
---------------------------------------
Evaluation over 10 episodes: 2602.133
---------------------------------------
Total T:  540219 | Ep: 2831 | Steps: 1000 | Reward:  4021.94
Total T:  541219 | Ep: 2832 | Steps: 1000 | Reward:  4053.78
Total T:  542219 | Ep: 2833 | Steps: 1000 | Reward:  3856.82
Total T:  543219 | Ep: 2834 | Steps: 1000 | Reward:  3835.54
Total T:  543284 | Ep: 2835 | Steps:   65 | Reward:    76.14
Total T:  544284 | Ep: 2836 | Steps: 1000 | Reward:  3937.10
Total T:  545284 | Ep: 2837 | Steps: 1000 | Reward:  3843.99
Total T:  546284 | Ep: 2838 | Steps: 1000 | Reward:  3934.83
Total T:  547153 | Ep: 2839 | Steps:  869 | Reward:  3392.49
Total T:  548153 | Ep: 2840 | Steps: 1000 | Reward:  3855.03
Total T:  549153 | Ep: 2841 | Steps: 1000 | Reward:  4034.04
---------------------------------------
Evaluation over 10 episodes: 3474.133
---------------------------------------
Total T:  550153 | Ep: 2842 | Steps: 1000 | Reward:  3989.48
Total T:  550358 | Ep: 2843 | Steps:  205 | Reward:   496.33
Total T:  551358 | Ep: 2844 | Steps: 1000 | Reward:  4027.26
Total T:  552358 | Ep: 2845 | Steps: 1000 | Reward:  3784.14
Total T:  552827 | Ep: 2846 | Steps:  469 | Reward:  1557.33
Total T:  553827 | Ep: 2847 | Steps: 1000 | Reward:  3839.75
Total T:  553894 | Ep: 2848 | Steps:   67 | Reward:   106.82
Total T:  553957 | Ep: 2849 | Steps:   63 | Reward:   103.44
Total T:  554957 | Ep: 2850 | Steps: 1000 | Reward:  3930.56
Total T:  555957 | Ep: 2851 | Steps: 1000 | Reward:  3891.14
Total T:  556957 | Ep: 2852 | Steps: 1000 | Reward:  3858.52
Total T:  557957 | Ep: 2853 | Steps: 1000 | Reward:  3985.61
Total T:  558957 | Ep: 2854 | Steps: 1000 | Reward:  3873.65
Total T:  559957 | Ep: 2855 | Steps: 1000 | Reward:  3895.21
---------------------------------------
Evaluation over 10 episodes: 2738.269
---------------------------------------
Total T:  560024 | Ep: 2856 | Steps:   67 | Reward:    72.12
Total T:  561024 | Ep: 2857 | Steps: 1000 | Reward:  3852.01
Total T:  562024 | Ep: 2858 | Steps: 1000 | Reward:  3874.71
Total T:  563024 | Ep: 2859 | Steps: 1000 | Reward:  3913.04
Total T:  564024 | Ep: 2860 | Steps: 1000 | Reward:  3970.35
Total T:  565024 | Ep: 2861 | Steps: 1000 | Reward:  4023.78
Total T:  566024 | Ep: 2862 | Steps: 1000 | Reward:  4020.67
Total T:  567024 | Ep: 2863 | Steps: 1000 | Reward:  4081.29
Total T:  568024 | Ep: 2864 | Steps: 1000 | Reward:  3913.47
Total T:  568229 | Ep: 2865 | Steps:  205 | Reward:   616.73
Total T:  568737 | Ep: 2866 | Steps:  508 | Reward:  1918.60
Total T:  569737 | Ep: 2867 | Steps: 1000 | Reward:  3912.68
---------------------------------------
Evaluation over 10 episodes: 3927.157
---------------------------------------
Total T:  570737 | Ep: 2868 | Steps: 1000 | Reward:  3861.43
Total T:  571737 | Ep: 2869 | Steps: 1000 | Reward:  3894.60
Total T:  572061 | Ep: 2870 | Steps:  324 | Reward:  1170.71
Total T:  573061 | Ep: 2871 | Steps: 1000 | Reward:  4032.43
Total T:  574061 | Ep: 2872 | Steps: 1000 | Reward:  3947.50
Total T:  575061 | Ep: 2873 | Steps: 1000 | Reward:  3971.88
Total T:  576061 | Ep: 2874 | Steps: 1000 | Reward:  4035.84
Total T:  576127 | Ep: 2875 | Steps:   66 | Reward:    69.36
Total T:  577127 | Ep: 2876 | Steps: 1000 | Reward:  3966.17
Total T:  578127 | Ep: 2877 | Steps: 1000 | Reward:  3917.34
Total T:  579127 | Ep: 2878 | Steps: 1000 | Reward:  3976.97
---------------------------------------
Evaluation over 10 episodes: 3531.320
---------------------------------------
Total T:  580127 | Ep: 2879 | Steps: 1000 | Reward:  3901.55
Total T:  581127 | Ep: 2880 | Steps: 1000 | Reward:  3920.14
Total T:  582127 | Ep: 2881 | Steps: 1000 | Reward:  3850.65
Total T:  583127 | Ep: 2882 | Steps: 1000 | Reward:  3758.61
Total T:  584127 | Ep: 2883 | Steps: 1000 | Reward:  3806.61
Total T:  585127 | Ep: 2884 | Steps: 1000 | Reward:  3953.09
Total T:  586127 | Ep: 2885 | Steps: 1000 | Reward:  3829.27
Total T:  587127 | Ep: 2886 | Steps: 1000 | Reward:  3944.25
Total T:  588127 | Ep: 2887 | Steps: 1000 | Reward:  3848.69
Total T:  589127 | Ep: 2888 | Steps: 1000 | Reward:  3916.00
---------------------------------------
Evaluation over 10 episodes: 3921.751
---------------------------------------
Total T:  590127 | Ep: 2889 | Steps: 1000 | Reward:  3962.34
Total T:  591127 | Ep: 2890 | Steps: 1000 | Reward:  4024.85
Total T:  592127 | Ep: 2891 | Steps: 1000 | Reward:  3878.59
Total T:  593127 | Ep: 2892 | Steps: 1000 | Reward:  3788.86
Total T:  594127 | Ep: 2893 | Steps: 1000 | Reward:  3707.47
Total T:  595127 | Ep: 2894 | Steps: 1000 | Reward:  4078.05
Total T:  595216 | Ep: 2895 | Steps:   89 | Reward:   137.66
Total T:  596216 | Ep: 2896 | Steps: 1000 | Reward:  3897.90
Total T:  597216 | Ep: 2897 | Steps: 1000 | Reward:  3977.97
Total T:  597296 | Ep: 2898 | Steps:   80 | Reward:   123.17
Total T:  597893 | Ep: 2899 | Steps:  597 | Reward:  2373.83
Total T:  598893 | Ep: 2900 | Steps: 1000 | Reward:  4167.71
Total T:  599893 | Ep: 2901 | Steps: 1000 | Reward:  3868.21
---------------------------------------
Evaluation over 10 episodes: 4014.068
---------------------------------------
Total T:  600893 | Ep: 2902 | Steps: 1000 | Reward:  3987.93
Total T:  601893 | Ep: 2903 | Steps: 1000 | Reward:  4033.79
Total T:  602893 | Ep: 2904 | Steps: 1000 | Reward:  4037.03
Total T:  603893 | Ep: 2905 | Steps: 1000 | Reward:  4038.69
Total T:  604893 | Ep: 2906 | Steps: 1000 | Reward:  4086.50
Total T:  605893 | Ep: 2907 | Steps: 1000 | Reward:  3999.46
Total T:  606893 | Ep: 2908 | Steps: 1000 | Reward:  4190.54
Total T:  607893 | Ep: 2909 | Steps: 1000 | Reward:  3964.52
Total T:  608893 | Ep: 2910 | Steps: 1000 | Reward:  3993.79
Total T:  609893 | Ep: 2911 | Steps: 1000 | Reward:  3879.63
---------------------------------------
Evaluation over 10 episodes: 4039.131
---------------------------------------
Total T:  610893 | Ep: 2912 | Steps: 1000 | Reward:  4079.14
Total T:  611893 | Ep: 2913 | Steps: 1000 | Reward:  4068.08
Total T:  612893 | Ep: 2914 | Steps: 1000 | Reward:  3888.20
Total T:  613893 | Ep: 2915 | Steps: 1000 | Reward:  3787.58
Total T:  614893 | Ep: 2916 | Steps: 1000 | Reward:  3999.23
Total T:  615893 | Ep: 2917 | Steps: 1000 | Reward:  4173.13
Total T:  616893 | Ep: 2918 | Steps: 1000 | Reward:  4024.52
Total T:  617893 | Ep: 2919 | Steps: 1000 | Reward:  3943.97
Total T:  618893 | Ep: 2920 | Steps: 1000 | Reward:  3822.19
Total T:  619893 | Ep: 2921 | Steps: 1000 | Reward:  3887.82
---------------------------------------
Evaluation over 10 episodes: 4004.660
---------------------------------------
Total T:  620893 | Ep: 2922 | Steps: 1000 | Reward:  4123.69
Total T:  621893 | Ep: 2923 | Steps: 1000 | Reward:  3930.29
Total T:  622893 | Ep: 2924 | Steps: 1000 | Reward:  4032.19
Total T:  623893 | Ep: 2925 | Steps: 1000 | Reward:  3970.17
Total T:  624893 | Ep: 2926 | Steps: 1000 | Reward:  4087.37
Total T:  625893 | Ep: 2927 | Steps: 1000 | Reward:  4052.40
Total T:  626893 | Ep: 2928 | Steps: 1000 | Reward:  4014.72
Total T:  627893 | Ep: 2929 | Steps: 1000 | Reward:  3933.78
Total T:  628893 | Ep: 2930 | Steps: 1000 | Reward:  3997.98
Total T:  629893 | Ep: 2931 | Steps: 1000 | Reward:  3972.44
---------------------------------------
Evaluation over 10 episodes: 3346.070
---------------------------------------
Total T:  630893 | Ep: 2932 | Steps: 1000 | Reward:  4008.46
Total T:  631893 | Ep: 2933 | Steps: 1000 | Reward:  3886.05
Total T:  632893 | Ep: 2934 | Steps: 1000 | Reward:  4133.67
Total T:  633893 | Ep: 2935 | Steps: 1000 | Reward:  4049.46
Total T:  634893 | Ep: 2936 | Steps: 1000 | Reward:  4116.63
Total T:  635407 | Ep: 2937 | Steps:  514 | Reward:  1839.22
Total T:  636407 | Ep: 2938 | Steps: 1000 | Reward:  4212.04
Total T:  637407 | Ep: 2939 | Steps: 1000 | Reward:  4123.86
Total T:  638407 | Ep: 2940 | Steps: 1000 | Reward:  4012.02
Total T:  639407 | Ep: 2941 | Steps: 1000 | Reward:  3895.53
---------------------------------------
Evaluation over 10 episodes: 4004.409
---------------------------------------
Total T:  640407 | Ep: 2942 | Steps: 1000 | Reward:  3955.77
Total T:  641407 | Ep: 2943 | Steps: 1000 | Reward:  4040.70
Total T:  642004 | Ep: 2944 | Steps:  597 | Reward:  2235.02
Total T:  643004 | Ep: 2945 | Steps: 1000 | Reward:  4149.35
Total T:  644004 | Ep: 2946 | Steps: 1000 | Reward:  3974.90
Total T:  645004 | Ep: 2947 | Steps: 1000 | Reward:  3970.98
Total T:  646004 | Ep: 2948 | Steps: 1000 | Reward:  4165.50
Total T:  647004 | Ep: 2949 | Steps: 1000 | Reward:  4157.87
Total T:  648004 | Ep: 2950 | Steps: 1000 | Reward:  3915.53
Total T:  649004 | Ep: 2951 | Steps: 1000 | Reward:  4086.68
---------------------------------------
Evaluation over 10 episodes: 3333.424
---------------------------------------
Total T:  650004 | Ep: 2952 | Steps: 1000 | Reward:  3910.44
Total T:  651004 | Ep: 2953 | Steps: 1000 | Reward:  3952.77
Total T:  652004 | Ep: 2954 | Steps: 1000 | Reward:  3934.62
Total T:  653004 | Ep: 2955 | Steps: 1000 | Reward:  4149.66
Total T:  654004 | Ep: 2956 | Steps: 1000 | Reward:  4083.46
Total T:  655004 | Ep: 2957 | Steps: 1000 | Reward:  4165.78
Total T:  656004 | Ep: 2958 | Steps: 1000 | Reward:  4077.14
Total T:  657004 | Ep: 2959 | Steps: 1000 | Reward:  3918.64
Total T:  658004 | Ep: 2960 | Steps: 1000 | Reward:  4041.72
Total T:  659004 | Ep: 2961 | Steps: 1000 | Reward:  4082.62
Total T:  659062 | Ep: 2962 | Steps:   58 | Reward:    78.64
---------------------------------------
Evaluation over 10 episodes: 4043.173
---------------------------------------
Total T:  660062 | Ep: 2963 | Steps: 1000 | Reward:  4032.75
Total T:  661062 | Ep: 2964 | Steps: 1000 | Reward:  4072.08
Total T:  662062 | Ep: 2965 | Steps: 1000 | Reward:  4105.11
Total T:  663062 | Ep: 2966 | Steps: 1000 | Reward:  3802.47
Total T:  664062 | Ep: 2967 | Steps: 1000 | Reward:  4135.02
Total T:  665062 | Ep: 2968 | Steps: 1000 | Reward:  4110.20
Total T:  666062 | Ep: 2969 | Steps: 1000 | Reward:  3925.40
Total T:  667062 | Ep: 2970 | Steps: 1000 | Reward:  4149.00
Total T:  668062 | Ep: 2971 | Steps: 1000 | Reward:  3985.55
Total T:  669062 | Ep: 2972 | Steps: 1000 | Reward:  4132.61
---------------------------------------
Evaluation over 10 episodes: 2904.586
---------------------------------------
Total T:  670062 | Ep: 2973 | Steps: 1000 | Reward:  4270.30
Total T:  671062 | Ep: 2974 | Steps: 1000 | Reward:  4200.95
Total T:  672062 | Ep: 2975 | Steps: 1000 | Reward:  3981.33
Total T:  672126 | Ep: 2976 | Steps:   64 | Reward:    89.16
Total T:  673126 | Ep: 2977 | Steps: 1000 | Reward:  4085.86
Total T:  674126 | Ep: 2978 | Steps: 1000 | Reward:  3904.97
Total T:  675126 | Ep: 2979 | Steps: 1000 | Reward:  4278.30
Total T:  676126 | Ep: 2980 | Steps: 1000 | Reward:  4048.04
Total T:  677126 | Ep: 2981 | Steps: 1000 | Reward:  4166.66
Total T:  677188 | Ep: 2982 | Steps:   62 | Reward:    98.74
Total T:  678188 | Ep: 2983 | Steps: 1000 | Reward:  4088.85
Total T:  679188 | Ep: 2984 | Steps: 1000 | Reward:  4016.99
---------------------------------------
Evaluation over 10 episodes: 4140.248
---------------------------------------
Total T:  680188 | Ep: 2985 | Steps: 1000 | Reward:  4025.63
Total T:  680254 | Ep: 2986 | Steps:   66 | Reward:   105.46
Total T:  681254 | Ep: 2987 | Steps: 1000 | Reward:  3992.64
Total T:  682254 | Ep: 2988 | Steps: 1000 | Reward:  3965.80
Total T:  683254 | Ep: 2989 | Steps: 1000 | Reward:  4107.53
Total T:  684254 | Ep: 2990 | Steps: 1000 | Reward:  4135.13
Total T:  685254 | Ep: 2991 | Steps: 1000 | Reward:  4064.71
Total T:  686254 | Ep: 2992 | Steps: 1000 | Reward:  4216.79
Total T:  687254 | Ep: 2993 | Steps: 1000 | Reward:  4064.98
Total T:  688254 | Ep: 2994 | Steps: 1000 | Reward:  4148.84
Total T:  689254 | Ep: 2995 | Steps: 1000 | Reward:  4242.36
---------------------------------------
Evaluation over 10 episodes: 2585.358
---------------------------------------
Total T:  690254 | Ep: 2996 | Steps: 1000 | Reward:  4202.20
Total T:  691254 | Ep: 2997 | Steps: 1000 | Reward:  4065.01
Total T:  692254 | Ep: 2998 | Steps: 1000 | Reward:  4339.11
Total T:  693254 | Ep: 2999 | Steps: 1000 | Reward:  4272.33
Total T:  693318 | Ep: 3000 | Steps:   64 | Reward:    92.22
Total T:  694318 | Ep: 3001 | Steps: 1000 | Reward:  4069.70
Total T:  694393 | Ep: 3002 | Steps:   75 | Reward:   120.19
Total T:  695393 | Ep: 3003 | Steps: 1000 | Reward:  4068.69
Total T:  696393 | Ep: 3004 | Steps: 1000 | Reward:  4035.15
Total T:  697393 | Ep: 3005 | Steps: 1000 | Reward:  4123.71
Total T:  698393 | Ep: 3006 | Steps: 1000 | Reward:  4072.80
Total T:  699393 | Ep: 3007 | Steps: 1000 | Reward:  4190.49
---------------------------------------
Evaluation over 10 episodes: 4196.017
---------------------------------------
Total T:  700393 | Ep: 3008 | Steps: 1000 | Reward:  4120.15
Total T:  701393 | Ep: 3009 | Steps: 1000 | Reward:  4074.49
Total T:  702393 | Ep: 3010 | Steps: 1000 | Reward:  4276.57
Total T:  703393 | Ep: 3011 | Steps: 1000 | Reward:  4194.87
Total T:  704393 | Ep: 3012 | Steps: 1000 | Reward:  4129.54
Total T:  705393 | Ep: 3013 | Steps: 1000 | Reward:  4145.32
Total T:  706393 | Ep: 3014 | Steps: 1000 | Reward:  4213.90
Total T:  707393 | Ep: 3015 | Steps: 1000 | Reward:  4191.34
Total T:  708393 | Ep: 3016 | Steps: 1000 | Reward:  4240.65
Total T:  709393 | Ep: 3017 | Steps: 1000 | Reward:  4085.69
---------------------------------------
Evaluation over 10 episodes: 4162.764
---------------------------------------
Total T:  710393 | Ep: 3018 | Steps: 1000 | Reward:  4116.61
Total T:  711393 | Ep: 3019 | Steps: 1000 | Reward:  4054.93
Total T:  712393 | Ep: 3020 | Steps: 1000 | Reward:  4110.10
Total T:  713393 | Ep: 3021 | Steps: 1000 | Reward:  4115.68
Total T:  714393 | Ep: 3022 | Steps: 1000 | Reward:  3967.10
Total T:  715393 | Ep: 3023 | Steps: 1000 | Reward:  4214.44
Total T:  716393 | Ep: 3024 | Steps: 1000 | Reward:  4137.93
Total T:  717393 | Ep: 3025 | Steps: 1000 | Reward:  3994.96
Total T:  718393 | Ep: 3026 | Steps: 1000 | Reward:  3964.17
Total T:  719393 | Ep: 3027 | Steps: 1000 | Reward:  4069.72
---------------------------------------
Evaluation over 10 episodes: 4114.074
---------------------------------------
Total T:  720393 | Ep: 3028 | Steps: 1000 | Reward:  4040.22
Total T:  721393 | Ep: 3029 | Steps: 1000 | Reward:  3908.59
Total T:  722393 | Ep: 3030 | Steps: 1000 | Reward:  4196.12
Total T:  722457 | Ep: 3031 | Steps:   64 | Reward:    92.59
Total T:  723457 | Ep: 3032 | Steps: 1000 | Reward:  4053.14
Total T:  724457 | Ep: 3033 | Steps: 1000 | Reward:  4036.62
Total T:  725457 | Ep: 3034 | Steps: 1000 | Reward:  4148.03
Total T:  726457 | Ep: 3035 | Steps: 1000 | Reward:  3946.23
Total T:  727457 | Ep: 3036 | Steps: 1000 | Reward:  4083.13
Total T:  728457 | Ep: 3037 | Steps: 1000 | Reward:  4050.62
Total T:  728519 | Ep: 3038 | Steps:   62 | Reward:    94.56
Total T:  729519 | Ep: 3039 | Steps: 1000 | Reward:  4047.94
Total T:  729588 | Ep: 3040 | Steps:   69 | Reward:   118.67
Total T:  729655 | Ep: 3041 | Steps:   67 | Reward:    86.09
Total T:  729723 | Ep: 3042 | Steps:   68 | Reward:    79.01
---------------------------------------
Evaluation over 10 episodes: 3699.647
---------------------------------------
Total T:  730723 | Ep: 3043 | Steps: 1000 | Reward:  4032.63
Total T:  731723 | Ep: 3044 | Steps: 1000 | Reward:  4073.36
Total T:  731784 | Ep: 3045 | Steps:   61 | Reward:    64.19
Total T:  732784 | Ep: 3046 | Steps: 1000 | Reward:  3954.43
Total T:  732848 | Ep: 3047 | Steps:   64 | Reward:    77.87
Total T:  733848 | Ep: 3048 | Steps: 1000 | Reward:  4046.58
Total T:  734848 | Ep: 3049 | Steps: 1000 | Reward:  3905.50
Total T:  735848 | Ep: 3050 | Steps: 1000 | Reward:  3911.98
Total T:  736848 | Ep: 3051 | Steps: 1000 | Reward:  3997.77
Total T:  737848 | Ep: 3052 | Steps: 1000 | Reward:  3955.22
Total T:  738848 | Ep: 3053 | Steps: 1000 | Reward:  4190.43
Total T:  739848 | Ep: 3054 | Steps: 1000 | Reward:  3989.02
---------------------------------------
Evaluation over 10 episodes: 3779.339
---------------------------------------
Total T:  740848 | Ep: 3055 | Steps: 1000 | Reward:  4212.48
Total T:  740927 | Ep: 3056 | Steps:   79 | Reward:   136.63
Total T:  741927 | Ep: 3057 | Steps: 1000 | Reward:  4068.46
Total T:  742927 | Ep: 3058 | Steps: 1000 | Reward:  3996.15
Total T:  743927 | Ep: 3059 | Steps: 1000 | Reward:  3574.79
Total T:  744927 | Ep: 3060 | Steps: 1000 | Reward:  4142.42
Total T:  745927 | Ep: 3061 | Steps: 1000 | Reward:  4007.06
Total T:  746839 | Ep: 3062 | Steps:  912 | Reward:  3759.05
Total T:  747839 | Ep: 3063 | Steps: 1000 | Reward:  3938.76
Total T:  748839 | Ep: 3064 | Steps: 1000 | Reward:  4006.78
Total T:  749839 | Ep: 3065 | Steps: 1000 | Reward:  4113.15
---------------------------------------
Evaluation over 10 episodes: 3776.802
---------------------------------------
Total T:  750839 | Ep: 3066 | Steps: 1000 | Reward:  4094.30
Total T:  751839 | Ep: 3067 | Steps: 1000 | Reward:  4141.23
Total T:  752839 | Ep: 3068 | Steps: 1000 | Reward:  3851.33
Total T:  753839 | Ep: 3069 | Steps: 1000 | Reward:  4004.36
Total T:  754839 | Ep: 3070 | Steps: 1000 | Reward:  4074.63
Total T:  755839 | Ep: 3071 | Steps: 1000 | Reward:  4099.24
Total T:  756839 | Ep: 3072 | Steps: 1000 | Reward:  4057.06
Total T:  757839 | Ep: 3073 | Steps: 1000 | Reward:  3891.96
Total T:  758839 | Ep: 3074 | Steps: 1000 | Reward:  4115.20
Total T:  759839 | Ep: 3075 | Steps: 1000 | Reward:  4170.49
---------------------------------------
Evaluation over 10 episodes: 4098.606
---------------------------------------
Total T:  760839 | Ep: 3076 | Steps: 1000 | Reward:  4105.55
Total T:  761190 | Ep: 3077 | Steps:  351 | Reward:  1162.47
Total T:  762190 | Ep: 3078 | Steps: 1000 | Reward:  4036.92
Total T:  763190 | Ep: 3079 | Steps: 1000 | Reward:  4165.21
Total T:  764190 | Ep: 3080 | Steps: 1000 | Reward:  4188.64
Total T:  765190 | Ep: 3081 | Steps: 1000 | Reward:  4129.86
Total T:  766190 | Ep: 3082 | Steps: 1000 | Reward:  4109.14
Total T:  767190 | Ep: 3083 | Steps: 1000 | Reward:  3998.20
Total T:  768190 | Ep: 3084 | Steps: 1000 | Reward:  4159.56
Total T:  769190 | Ep: 3085 | Steps: 1000 | Reward:  3922.74
---------------------------------------
Evaluation over 10 episodes: 3674.381
---------------------------------------
Total T:  770190 | Ep: 3086 | Steps: 1000 | Reward:  3969.55
Total T:  771190 | Ep: 3087 | Steps: 1000 | Reward:  4090.61
Total T:  772190 | Ep: 3088 | Steps: 1000 | Reward:  4247.10
Total T:  772322 | Ep: 3089 | Steps:  132 | Reward:   204.78
Total T:  773322 | Ep: 3090 | Steps: 1000 | Reward:  3969.47
Total T:  774322 | Ep: 3091 | Steps: 1000 | Reward:  4068.41
Total T:  775322 | Ep: 3092 | Steps: 1000 | Reward:  4134.70
Total T:  776322 | Ep: 3093 | Steps: 1000 | Reward:  4147.54
Total T:  777322 | Ep: 3094 | Steps: 1000 | Reward:  4023.27
Total T:  778322 | Ep: 3095 | Steps: 1000 | Reward:  3857.32
Total T:  779322 | Ep: 3096 | Steps: 1000 | Reward:  3853.31
---------------------------------------
Evaluation over 10 episodes: 4000.581
---------------------------------------
Total T:  780322 | Ep: 3097 | Steps: 1000 | Reward:  4062.49
Total T:  781322 | Ep: 3098 | Steps: 1000 | Reward:  4026.35
Total T:  782322 | Ep: 3099 | Steps: 1000 | Reward:  4071.87
Total T:  783322 | Ep: 3100 | Steps: 1000 | Reward:  4092.82
Total T:  784322 | Ep: 3101 | Steps: 1000 | Reward:  4089.56
Total T:  785322 | Ep: 3102 | Steps: 1000 | Reward:  4085.11
Total T:  786322 | Ep: 3103 | Steps: 1000 | Reward:  4034.51
Total T:  787322 | Ep: 3104 | Steps: 1000 | Reward:  4159.12
Total T:  788322 | Ep: 3105 | Steps: 1000 | Reward:  4106.05
Total T:  789322 | Ep: 3106 | Steps: 1000 | Reward:  3837.68
---------------------------------------
Evaluation over 10 episodes: 4129.047
---------------------------------------
Total T:  790322 | Ep: 3107 | Steps: 1000 | Reward:  4080.10
Total T:  791322 | Ep: 3108 | Steps: 1000 | Reward:  4031.31
Total T:  792322 | Ep: 3109 | Steps: 1000 | Reward:  4069.87
Total T:  793322 | Ep: 3110 | Steps: 1000 | Reward:  3920.35
Total T:  794322 | Ep: 3111 | Steps: 1000 | Reward:  3986.82
Total T:  795322 | Ep: 3112 | Steps: 1000 | Reward:  4221.56
Total T:  796322 | Ep: 3113 | Steps: 1000 | Reward:  4105.25
Total T:  797322 | Ep: 3114 | Steps: 1000 | Reward:  4007.64
Total T:  798322 | Ep: 3115 | Steps: 1000 | Reward:  3961.75
Total T:  799322 | Ep: 3116 | Steps: 1000 | Reward:  3838.12
---------------------------------------
Evaluation over 10 episodes: 3831.496
---------------------------------------
Total T:  800322 | Ep: 3117 | Steps: 1000 | Reward:  3956.01
Total T:  801322 | Ep: 3118 | Steps: 1000 | Reward:  4031.81
Total T:  801747 | Ep: 3119 | Steps:  425 | Reward:  1348.69
Total T:  802747 | Ep: 3120 | Steps: 1000 | Reward:  3928.61
Total T:  803747 | Ep: 3121 | Steps: 1000 | Reward:  3960.61
Total T:  804747 | Ep: 3122 | Steps: 1000 | Reward:  4138.53
Total T:  805747 | Ep: 3123 | Steps: 1000 | Reward:  3700.63
Total T:  806747 | Ep: 3124 | Steps: 1000 | Reward:  4095.92
Total T:  807747 | Ep: 3125 | Steps: 1000 | Reward:  4165.99
Total T:  808747 | Ep: 3126 | Steps: 1000 | Reward:  4148.63
Total T:  809747 | Ep: 3127 | Steps: 1000 | Reward:  4203.50
---------------------------------------
Evaluation over 10 episodes: 4200.980
---------------------------------------
Total T:  810747 | Ep: 3128 | Steps: 1000 | Reward:  4164.29
Total T:  811747 | Ep: 3129 | Steps: 1000 | Reward:  4171.92
Total T:  812747 | Ep: 3130 | Steps: 1000 | Reward:  4193.08
Total T:  813747 | Ep: 3131 | Steps: 1000 | Reward:  4146.07
Total T:  814747 | Ep: 3132 | Steps: 1000 | Reward:  4175.61
Total T:  815747 | Ep: 3133 | Steps: 1000 | Reward:  4172.23
Total T:  816747 | Ep: 3134 | Steps: 1000 | Reward:  4143.93
Total T:  817747 | Ep: 3135 | Steps: 1000 | Reward:  4237.76
Total T:  818747 | Ep: 3136 | Steps: 1000 | Reward:  4110.45
Total T:  819347 | Ep: 3137 | Steps:  600 | Reward:  2361.54
---------------------------------------
Evaluation over 10 episodes: 3232.244
---------------------------------------
Total T:  820347 | Ep: 3138 | Steps: 1000 | Reward:  4138.51
Total T:  821347 | Ep: 3139 | Steps: 1000 | Reward:  4123.23
Total T:  822347 | Ep: 3140 | Steps: 1000 | Reward:  4270.86
Total T:  823347 | Ep: 3141 | Steps: 1000 | Reward:  4330.45
Total T:  824347 | Ep: 3142 | Steps: 1000 | Reward:  4283.89
Total T:  825347 | Ep: 3143 | Steps: 1000 | Reward:  4218.75
Total T:  826347 | Ep: 3144 | Steps: 1000 | Reward:  4278.33
Total T:  827347 | Ep: 3145 | Steps: 1000 | Reward:  4105.94
Total T:  828347 | Ep: 3146 | Steps: 1000 | Reward:  4255.11
Total T:  829347 | Ep: 3147 | Steps: 1000 | Reward:  4111.32
---------------------------------------
Evaluation over 10 episodes: 4239.890
---------------------------------------
Total T:  830347 | Ep: 3148 | Steps: 1000 | Reward:  4178.28
Total T:  831347 | Ep: 3149 | Steps: 1000 | Reward:  4194.66
Total T:  832347 | Ep: 3150 | Steps: 1000 | Reward:  4299.75
Total T:  833347 | Ep: 3151 | Steps: 1000 | Reward:  4211.25
Total T:  833421 | Ep: 3152 | Steps:   74 | Reward:    97.78
Total T:  834421 | Ep: 3153 | Steps: 1000 | Reward:  4301.75
Total T:  835421 | Ep: 3154 | Steps: 1000 | Reward:  4274.08
Total T:  836421 | Ep: 3155 | Steps: 1000 | Reward:  4244.39
Total T:  837421 | Ep: 3156 | Steps: 1000 | Reward:  4244.54
Total T:  838421 | Ep: 3157 | Steps: 1000 | Reward:  4131.91
Total T:  839421 | Ep: 3158 | Steps: 1000 | Reward:  4227.42
---------------------------------------
Evaluation over 10 episodes: 4144.512
---------------------------------------
Total T:  840421 | Ep: 3159 | Steps: 1000 | Reward:  4120.41
Total T:  841421 | Ep: 3160 | Steps: 1000 | Reward:  4294.21
Total T:  842421 | Ep: 3161 | Steps: 1000 | Reward:  4209.95
Total T:  843421 | Ep: 3162 | Steps: 1000 | Reward:  4214.87
Total T:  844421 | Ep: 3163 | Steps: 1000 | Reward:  4260.91
Total T:  845421 | Ep: 3164 | Steps: 1000 | Reward:  4321.33
Total T:  846421 | Ep: 3165 | Steps: 1000 | Reward:  4271.74
Total T:  847421 | Ep: 3166 | Steps: 1000 | Reward:  4276.70
Total T:  848421 | Ep: 3167 | Steps: 1000 | Reward:  4092.13
Total T:  849421 | Ep: 3168 | Steps: 1000 | Reward:  4236.39
---------------------------------------
Evaluation over 10 episodes: 4202.985
---------------------------------------
Total T:  850421 | Ep: 3169 | Steps: 1000 | Reward:  4302.43
Total T:  851421 | Ep: 3170 | Steps: 1000 | Reward:  4218.51
Total T:  852421 | Ep: 3171 | Steps: 1000 | Reward:  4210.77
Total T:  853421 | Ep: 3172 | Steps: 1000 | Reward:  4215.55
Total T:  854421 | Ep: 3173 | Steps: 1000 | Reward:  4175.66
Total T:  855421 | Ep: 3174 | Steps: 1000 | Reward:  4365.16
Total T:  856421 | Ep: 3175 | Steps: 1000 | Reward:  4250.87
Total T:  857421 | Ep: 3176 | Steps: 1000 | Reward:  4255.22
Total T:  858421 | Ep: 3177 | Steps: 1000 | Reward:  4291.28
Total T:  859421 | Ep: 3178 | Steps: 1000 | Reward:  4346.54
---------------------------------------
Evaluation over 10 episodes: 4302.281
---------------------------------------
Total T:  860421 | Ep: 3179 | Steps: 1000 | Reward:  4173.89
Total T:  861421 | Ep: 3180 | Steps: 1000 | Reward:  4118.32
Total T:  862421 | Ep: 3181 | Steps: 1000 | Reward:  4264.82
Total T:  863421 | Ep: 3182 | Steps: 1000 | Reward:  4191.68
Total T:  864421 | Ep: 3183 | Steps: 1000 | Reward:  4122.90
Total T:  865421 | Ep: 3184 | Steps: 1000 | Reward:  4327.51
Total T:  866153 | Ep: 3185 | Steps:  732 | Reward:  3018.28
Total T:  867153 | Ep: 3186 | Steps: 1000 | Reward:  4298.14
Total T:  868153 | Ep: 3187 | Steps: 1000 | Reward:  4088.36
Total T:  868322 | Ep: 3188 | Steps:  169 | Reward:   456.72
Total T:  869322 | Ep: 3189 | Steps: 1000 | Reward:  4224.07
---------------------------------------
Evaluation over 10 episodes: 4219.425
---------------------------------------
Total T:  870322 | Ep: 3190 | Steps: 1000 | Reward:  4184.31
Total T:  871322 | Ep: 3191 | Steps: 1000 | Reward:  4070.84
Total T:  872322 | Ep: 3192 | Steps: 1000 | Reward:  4294.62
Total T:  873322 | Ep: 3193 | Steps: 1000 | Reward:  4078.90
Total T:  874322 | Ep: 3194 | Steps: 1000 | Reward:  4156.29
Total T:  875322 | Ep: 3195 | Steps: 1000 | Reward:  4205.32
Total T:  876322 | Ep: 3196 | Steps: 1000 | Reward:  4181.99
Total T:  877322 | Ep: 3197 | Steps: 1000 | Reward:  4285.59
Total T:  878322 | Ep: 3198 | Steps: 1000 | Reward:  4226.83
Total T:  879322 | Ep: 3199 | Steps: 1000 | Reward:  4242.91
---------------------------------------
Evaluation over 10 episodes: 4185.004
---------------------------------------
Total T:  880322 | Ep: 3200 | Steps: 1000 | Reward:  4283.17
Total T:  881322 | Ep: 3201 | Steps: 1000 | Reward:  4202.46
Total T:  882322 | Ep: 3202 | Steps: 1000 | Reward:  4182.29
Total T:  883322 | Ep: 3203 | Steps: 1000 | Reward:  4238.96
Total T:  884322 | Ep: 3204 | Steps: 1000 | Reward:  4151.07
Total T:  885322 | Ep: 3205 | Steps: 1000 | Reward:  4200.72
Total T:  886322 | Ep: 3206 | Steps: 1000 | Reward:  4189.15
Total T:  887322 | Ep: 3207 | Steps: 1000 | Reward:  4150.71
Total T:  888322 | Ep: 3208 | Steps: 1000 | Reward:  4074.93
Total T:  889322 | Ep: 3209 | Steps: 1000 | Reward:  4152.99
---------------------------------------
Evaluation over 10 episodes: 4080.990
---------------------------------------
Total T:  890322 | Ep: 3210 | Steps: 1000 | Reward:  4211.83
Total T:  891322 | Ep: 3211 | Steps: 1000 | Reward:  4233.22
Total T:  892322 | Ep: 3212 | Steps: 1000 | Reward:  4182.52
Total T:  893322 | Ep: 3213 | Steps: 1000 | Reward:  4298.86
Total T:  894322 | Ep: 3214 | Steps: 1000 | Reward:  4234.83
Total T:  895322 | Ep: 3215 | Steps: 1000 | Reward:  4367.68
Total T:  896322 | Ep: 3216 | Steps: 1000 | Reward:  4282.48
Total T:  897322 | Ep: 3217 | Steps: 1000 | Reward:  4291.17
Total T:  898322 | Ep: 3218 | Steps: 1000 | Reward:  3975.01
Total T:  899322 | Ep: 3219 | Steps: 1000 | Reward:  3833.51
---------------------------------------
Evaluation over 10 episodes: 4345.814
---------------------------------------
Total T:  900322 | Ep: 3220 | Steps: 1000 | Reward:  4416.89
Total T:  901322 | Ep: 3221 | Steps: 1000 | Reward:  4193.77
Total T:  902322 | Ep: 3222 | Steps: 1000 | Reward:  4154.02
Total T:  903322 | Ep: 3223 | Steps: 1000 | Reward:  4356.49
Total T:  904322 | Ep: 3224 | Steps: 1000 | Reward:  4102.61
Total T:  904669 | Ep: 3225 | Steps:  347 | Reward:  1138.98
Total T:  905669 | Ep: 3226 | Steps: 1000 | Reward:  4225.12
Total T:  906669 | Ep: 3227 | Steps: 1000 | Reward:  4208.12
Total T:  907669 | Ep: 3228 | Steps: 1000 | Reward:  4368.87
Total T:  908669 | Ep: 3229 | Steps: 1000 | Reward:  4273.90
Total T:  909669 | Ep: 3230 | Steps: 1000 | Reward:  4306.54
---------------------------------------
Evaluation over 10 episodes: 4351.424
---------------------------------------
Total T:  910669 | Ep: 3231 | Steps: 1000 | Reward:  4221.39
Total T:  911669 | Ep: 3232 | Steps: 1000 | Reward:  4273.79
Total T:  912669 | Ep: 3233 | Steps: 1000 | Reward:  4247.68
Total T:  913669 | Ep: 3234 | Steps: 1000 | Reward:  4263.91
Total T:  914669 | Ep: 3235 | Steps: 1000 | Reward:  4224.02
Total T:  915669 | Ep: 3236 | Steps: 1000 | Reward:  4254.26
Total T:  916669 | Ep: 3237 | Steps: 1000 | Reward:  4156.78
Total T:  917669 | Ep: 3238 | Steps: 1000 | Reward:  4318.75
Total T:  918669 | Ep: 3239 | Steps: 1000 | Reward:  4328.00
Total T:  919669 | Ep: 3240 | Steps: 1000 | Reward:  4152.33
---------------------------------------
Evaluation over 10 episodes: 4265.801
---------------------------------------
Total T:  920669 | Ep: 3241 | Steps: 1000 | Reward:  4293.05
Total T:  921669 | Ep: 3242 | Steps: 1000 | Reward:  4257.98
Total T:  922669 | Ep: 3243 | Steps: 1000 | Reward:  4389.73
Total T:  923669 | Ep: 3244 | Steps: 1000 | Reward:  4289.25
Total T:  924669 | Ep: 3245 | Steps: 1000 | Reward:  4312.60
Total T:  925669 | Ep: 3246 | Steps: 1000 | Reward:  4210.17
Total T:  926669 | Ep: 3247 | Steps: 1000 | Reward:  4288.51
Total T:  927669 | Ep: 3248 | Steps: 1000 | Reward:  4242.40
Total T:  928669 | Ep: 3249 | Steps: 1000 | Reward:  4222.40
Total T:  929669 | Ep: 3250 | Steps: 1000 | Reward:  4073.60
---------------------------------------
Evaluation over 10 episodes: 4300.171
---------------------------------------
Total T:  930669 | Ep: 3251 | Steps: 1000 | Reward:  4227.74
Total T:  931669 | Ep: 3252 | Steps: 1000 | Reward:  4239.27
Total T:  932669 | Ep: 3253 | Steps: 1000 | Reward:  4400.53
Total T:  933669 | Ep: 3254 | Steps: 1000 | Reward:  4286.17
Total T:  934669 | Ep: 3255 | Steps: 1000 | Reward:  4210.18
Total T:  935669 | Ep: 3256 | Steps: 1000 | Reward:  4270.63
Total T:  936669 | Ep: 3257 | Steps: 1000 | Reward:  4266.84
Total T:  937483 | Ep: 3258 | Steps:  814 | Reward:  3548.45
Total T:  938483 | Ep: 3259 | Steps: 1000 | Reward:  4298.62
Total T:  939483 | Ep: 3260 | Steps: 1000 | Reward:  4336.79
---------------------------------------
Evaluation over 10 episodes: 4084.175
---------------------------------------
Total T:  940483 | Ep: 3261 | Steps: 1000 | Reward:  4404.36
Total T:  941483 | Ep: 3262 | Steps: 1000 | Reward:  4282.88
Total T:  942483 | Ep: 3263 | Steps: 1000 | Reward:  4352.69
Total T:  943483 | Ep: 3264 | Steps: 1000 | Reward:  4240.00
Total T:  944483 | Ep: 3265 | Steps: 1000 | Reward:  4155.42
Total T:  945483 | Ep: 3266 | Steps: 1000 | Reward:  4176.39
Total T:  945831 | Ep: 3267 | Steps:  348 | Reward:  1255.37
Total T:  946831 | Ep: 3268 | Steps: 1000 | Reward:  4275.83
Total T:  947831 | Ep: 3269 | Steps: 1000 | Reward:  4335.17
Total T:  948831 | Ep: 3270 | Steps: 1000 | Reward:  4346.95
Total T:  949831 | Ep: 3271 | Steps: 1000 | Reward:  4375.52
---------------------------------------
Evaluation over 10 episodes: 4239.927
---------------------------------------
Total T:  950831 | Ep: 3272 | Steps: 1000 | Reward:  4336.98
Total T:  951831 | Ep: 3273 | Steps: 1000 | Reward:  4189.46
Total T:  952831 | Ep: 3274 | Steps: 1000 | Reward:  4270.04
Total T:  953315 | Ep: 3275 | Steps:  484 | Reward:  1852.66
Total T:  954315 | Ep: 3276 | Steps: 1000 | Reward:  4282.95
Total T:  955315 | Ep: 3277 | Steps: 1000 | Reward:  4177.42
Total T:  956315 | Ep: 3278 | Steps: 1000 | Reward:  4391.46
Total T:  957315 | Ep: 3279 | Steps: 1000 | Reward:  4206.08
Total T:  958315 | Ep: 3280 | Steps: 1000 | Reward:  4204.66
Total T:  958832 | Ep: 3281 | Steps:  517 | Reward:  1857.46
Total T:  959832 | Ep: 3282 | Steps: 1000 | Reward:  4161.96
---------------------------------------
Evaluation over 10 episodes: 4121.695
---------------------------------------
Total T:  960832 | Ep: 3283 | Steps: 1000 | Reward:  4131.01
Total T:  961832 | Ep: 3284 | Steps: 1000 | Reward:  4190.79
Total T:  962832 | Ep: 3285 | Steps: 1000 | Reward:  4135.99
Total T:  963832 | Ep: 3286 | Steps: 1000 | Reward:  4245.74
Total T:  964832 | Ep: 3287 | Steps: 1000 | Reward:  4146.29
Total T:  965832 | Ep: 3288 | Steps: 1000 | Reward:  4236.85
Total T:  966655 | Ep: 3289 | Steps:  823 | Reward:  3399.50
Total T:  967655 | Ep: 3290 | Steps: 1000 | Reward:  4230.53
Total T:  968655 | Ep: 3291 | Steps: 1000 | Reward:  4168.51
Total T:  969655 | Ep: 3292 | Steps: 1000 | Reward:  4027.88
---------------------------------------
Evaluation over 10 episodes: 3956.224
---------------------------------------
Total T:  970655 | Ep: 3293 | Steps: 1000 | Reward:  4221.11
Total T:  971655 | Ep: 3294 | Steps: 1000 | Reward:  4153.01
Total T:  972655 | Ep: 3295 | Steps: 1000 | Reward:  4026.44
Total T:  973655 | Ep: 3296 | Steps: 1000 | Reward:  4193.03
Total T:  974655 | Ep: 3297 | Steps: 1000 | Reward:  4178.35
Total T:  975655 | Ep: 3298 | Steps: 1000 | Reward:  4271.35
Total T:  976655 | Ep: 3299 | Steps: 1000 | Reward:  4077.38
Total T:  977655 | Ep: 3300 | Steps: 1000 | Reward:  4250.70
Total T:  978655 | Ep: 3301 | Steps: 1000 | Reward:  4305.70
Total T:  979655 | Ep: 3302 | Steps: 1000 | Reward:  4296.16
---------------------------------------
Evaluation over 10 episodes: 3700.269
---------------------------------------
Total T:  980655 | Ep: 3303 | Steps: 1000 | Reward:  4166.76
Total T:  981655 | Ep: 3304 | Steps: 1000 | Reward:  4150.34
Total T:  982655 | Ep: 3305 | Steps: 1000 | Reward:  4370.77
Total T:  983655 | Ep: 3306 | Steps: 1000 | Reward:  4263.18
Total T:  984655 | Ep: 3307 | Steps: 1000 | Reward:  4081.39
Total T:  985655 | Ep: 3308 | Steps: 1000 | Reward:  4272.66
Total T:  986517 | Ep: 3309 | Steps:  862 | Reward:  3579.95
Total T:  987517 | Ep: 3310 | Steps: 1000 | Reward:  4096.44
Total T:  988046 | Ep: 3311 | Steps:  529 | Reward:  2007.95
Total T:  989046 | Ep: 3312 | Steps: 1000 | Reward:  4225.00
---------------------------------------
Evaluation over 10 episodes: 4170.824
---------------------------------------
Total T:  990046 | Ep: 3313 | Steps: 1000 | Reward:  4197.28
Total T:  991046 | Ep: 3314 | Steps: 1000 | Reward:  4200.88
Total T:  992046 | Ep: 3315 | Steps: 1000 | Reward:  4319.78
Total T:  993046 | Ep: 3316 | Steps: 1000 | Reward:  4125.77
Total T:  994046 | Ep: 3317 | Steps: 1000 | Reward:  4308.46
Total T:  995046 | Ep: 3318 | Steps: 1000 | Reward:  4230.06
Total T:  996046 | Ep: 3319 | Steps: 1000 | Reward:  4229.08
Total T:  997046 | Ep: 3320 | Steps: 1000 | Reward:  4194.54
Total T:  998046 | Ep: 3321 | Steps: 1000 | Reward:  4387.29
Total T:  999046 | Ep: 3322 | Steps: 1000 | Reward:  4344.99
---------------------------------------
Evaluation over 10 episodes: 3813.777
---------------------------------------

[main] Model saved:
        actor  -> C:\Users\mohamedosama\Downloads\CS515-Deep-RL\TD3_algorithm\runs\td3_sweep_walker2d-v4_seed4_Walker2d-v4_11-05-2026_14-07-05\model_actor
        critic -> C:\Users\mohamedosama\Downloads\CS515-Deep-RL\TD3_algorithm\runs\td3_sweep_walker2d-v4_seed4_Walker2d-v4_11-05-2026_14-07-05\model_critic
[main] Training history -> C:\Users\mohamedosama\Downloads\CS515-Deep-RL\TD3_algorithm\runs\td3_sweep_walker2d-v4_seed4_Walker2d-v4_11-05-2026_14-07-05\episode_rewards.csv
[main] Eval history     -> C:\Users\mohamedosama\Downloads\CS515-Deep-RL\TD3_algorithm\runs\td3_sweep_walker2d-v4_seed4_Walker2d-v4_11-05-2026_14-07-05\eval_rewards.csv
[main] Summary          -> C:\Users\mohamedosama\Downloads\CS515-Deep-RL\TD3_algorithm\runs\td3_sweep_walker2d-v4_seed4_Walker2d-v4_11-05-2026_14-07-05\summary.json
[main] Unified eval -> C:\Users\mohamedosama\Downloads\CS515-Deep-RL\results\continuous\td3\walker2d-v4\seed_4.npy
[main] Wallclock    -> C:\Users\mohamedosama\Downloads\CS515-Deep-RL\results\wallclock\continuous\td3\walker2d-v4\seed_4.npy
OMP: Error #15: Initializing libiomp5md.dll, but found libiomp5md.dll already initialized.
OMP: Hint This means that multiple copies of the OpenMP runtime have been linked into the program. That is dangerous, since it can degrade performance or cause incorrect results. The best thing to do is to ensure that only a single OpenMP runtime is linked into the process, e.g. by avoiding static linking of the OpenMP runtime in any library. As an unsafe, unsupported, undocumented workaround you can set the environment variable KMP_DUPLICATE_LIB_OK=TRUE to allow the program to continue to execute, but that may cause crashes or silently produce incorrect results. For more information, please see http://www.intel.com/software/products/support/.
